companyname,companywebsite,companyemaildomain,linkedincompanypageurl,stocksymbol,industry,city,state,companycountry,zipcode
A Plus Security LLC,aplussecurity.com,aplussecurity.com,,,,Anchorage,Alaska,US,99507
Action Video Productions,actvid1.com,actvid1.com,,,,Anchorage,Alaska,US,99503
Alaskan Network Security,alaskansecurity.com,alaskansecurity.com,https://www.linkedin.com/company/alaskan-network-security-llc,,,Anchorage,Alaska,US,99503
Anchorage Remote Start and Sound,akremotestart.com,akremotestart.com,,,,Anchorage,Alaska,US,99501
"Applied Microsystems, Inc.",amicro.com,amicro.com,,,,Anchorage,Alaska,US,99503
"Cardoso Integrated Security, LLC",cisalaska.com,cisalaska.com,,,,Anchorage,Alaska,US,99501
Creative Lighting & Sound,clsalaska.com,clsalaska.com,,,,Anchorage,Alaska,US,99508
Door Systems of Alaska,doorsystemsak.com,doorsystemsak.com,https://www.linkedin.com/company/4529857,,,Anchorage,Alaska,US,99567
Frontier Precision,frontierprecision.com,frontierprecision.com,https://www.linkedin.com/company/frontier-precision-inc.,,,Anchorage,Alaska,US,99518
IMIG Audio/Video,imigav.com,imigav.com,https://www.linkedin.com/company/imig-audio-video,,,Anchorage,Alaska,US,99503
Integrated Communication Designs Inc.,icdalaska.com,icdalaska.com,,,,Anchorage,Alaska,US,99518
"Light'n Up, Inc.",lightnupinc.com,lightnupinc.com,,,,Anchorage,Alaska,US,99501
Meridian Systems Inc.,msicontrols.com,msicontrols.com,https://www.linkedin.com/company/meridian-systems-inc-,,,Anchorage,Alaska,US,99518
"Northern Lights, Sound & Video",northernlsv.com,northernlsv.com,,,,Anchorage,Alaska,US,99518
Northern Security and Surveillance,northernsecurityandsurveillance.com,northernsecurityandsurveillance.com,,,,Anchorage,Alaska,US,99501
"Northern Technology Solutions, LLC",ntsalaska.com,ntsalaska.com,,,,Anchorage,Alaska,US,99503
Perfectionist Auto Sound,perfectionistautosound.com,perfectionistautosound.com,,,,Anchorage,Alaska,US,99518
Safe & Sound,safeandsoundalaska.com,safeandsoundalaska.com,,,,Anchorage,Alaska,US,99518
"The Chariot Group, Inc",chariotgroup.com,chariotgroup.com,,,,Anchorage,Alaska,US,99503
Visionary Electronics LLC,visionaryelectronics-llc.ueniweb.com,visionaryelectronics-llc.ueniweb.com,,,,Anchorage,Alaska,US,99501
Sound Decisions,sounddecisionspro.com,sounddecisionspro.com,,,,Palmer,Alaska,US,99645
Elite Smart Homes,eliteavsak.com,eliteavsak.com,,,,Wasilla,Alaska,US,99654
Auburn Home Technologies,auburnhometech.com,auburnhometech.com,,,,Auburn,Alabama,US,36830
Alabama Controls,albireoenergy.com,albireoenergy.com,https://www.linkedin.com/company/albireo-energy,,,Birmingham,Alabama,US,35233
Alexis Audio Video Services LLC,alexisav.com,alexisav.com,,,,Birmingham,Alabama,US,35244
Armstrong Electrical Contractors,armstrongelectricalco.com,armstrongelectricalco.com,,,,Birmingham,Alabama,US,35222
Audio & Video Service Company Inc.,avscinc.com,avscinc.com,,,,Birmingham,Alabama,US,35209
Automation Services,automationservicesinc.com,automationservicesinc.com,,,,Birmingham,Alabama,US,35242
Automation Solutions Inc.,automationsolinc.com,automationsolinc.com,https://www.linkedin.com/company/automation-solutions-inc-,,,Birmingham,Alabama,US,35211
Holt AV,holtav.com,holtav.com,,,,Birmingham,Alabama,US,35233
Iron City A/V,ironcityav.com,ironcityav.com,,,,Birmingham,Alabama,US,35243
LED Solutions,ledsolutions.net,ledsolutions.net,,,,Birmingham,Alabama,US,35244
M G Automation & Controls,mgautocon.com,mgautocon.com,,,,Birmingham,Alabama,US,35233
NRTC Automation,nrtcautomation.com,nrtcautomation.com,https://www.linkedin.com/company/nrtc-automation,,,Birmingham,Alabama,US,35215
"Next AV, LLC",nextavsolutions.com,nextavsolutions.com,,,,Birmingham,Alabama,US,35210
Reliable Automation & Conveyor Systems Inc.,reliableautomation.com,reliableautomation.com,,,,Birmingham,Alabama,US,35222
Reliant Media LLC,reliantmediallc.com,reliantmediallc.com,https://www.linkedin.com/company/reliantmedia,,,Birmingham,Alabama,US,35211
SimpleHome,simplehomellc.com,simplehomellc.com,,,,Birmingham,Alabama,US,35244
Sphere Audio Video,sphereav.com,sphereav.com,https://www.linkedin.com/company/sphere-home-technologies-inc,,,Birmingham,Alabama,US,35242
The Connect Company,theconnectcompany.com,theconnectcompany.com,,,,Birmingham,Alabama,US,35233
Custom Thunder Audio Video Inc.,customthunderav.com,customthunderav.com,,,,Decatur,Alabama,US,35601
SecureAgent Solutions,sagentusa.com,sagentusa.com,,,,Decatur,Alabama,US,35603
"Automation Systems, Inc.",autosystemsinc.com,autosystemsinc.com,https://www.linkedin.com/company/71736148,,,Falkville,Alabama,US,35622
Mathes of Alabama,mathesgroup.com,mathesgroup.com,,,,Foley,Alabama,US,36535
Valdez Audio Video,valdezaudiovideo.com,valdezaudiovideo.com,,,,Harvest,Alabama,US,35749
"Audio Video Excellence, Inc. (AVX)",avxinc.com,avxinc.com,https://www.linkedin.com/company/avxinc,,,Homewood,Alabama,US,35209
SWITCH AV & Security,switchaudiovideo.com,switchaudiovideo.com,https://www.linkedin.com/company/switchav,,,Homewood,Alabama,US,35209
JT's Surveillance and Media,jts-surveillance.com,jts-surveillance.com,,,,Hoover,Alabama,US,35226
We Mount TVs,wemounttvs.com,wemounttvs.com,,,,Hoover,Alabama,US,35244
65AV - Home Theater and TV Mounting,sixty5av.com,sixty5av.com,,,,Huntsville,Alabama,US,35802
A V Enthusiast,av-enthusiast.com,av-enthusiast.com,,,,Huntsville,Alabama,US,35801
"AV Integration / Huntsville Hi-Fi, LLC",huntsvillehifi.com,huntsvillehifi.com,,,,Huntsville,Alabama,US,35801
AVIQ Huntsville,aviqhsv.com,aviqhsv.com,https://www.linkedin.com/company/aviqhsv,,,Huntsville,Alabama,US,35801
AVO Multimedia Services,avocrew.com,avocrew.com,,,,Huntsville,Alabama,US,35816
Aleta Technologies,aletatechnologies.com,aletatechnologies.com,https://www.linkedin.com/company/aleta-technologies-inc.,,,Huntsville,Alabama,US,35806
All-Phase Electric Supply,apehuntsville.portalced.com,apehuntsville.portalced.com,,,,Huntsville,Alabama,US,35824
"BBC Systems, Inc.",bbcmadison.com,bbcmadison.com,,,,Huntsville,Alabama,US,35801
BLT Inc Home Improvement,blt-home-improvements.com,blt-home-improvements.com,,,,Huntsville,Alabama,US,35816
Blake Brothers Services Corporation,blakebrothers.com,blakebrothers.com,https://www.linkedin.com/company/blake-brothers-service-corporation,,,Huntsville,Alabama,US,35810
Bluewood Productions,bluewoodproductions.com,bluewoodproductions.com,https://www.linkedin.com/company/bluewood-productions,,,Huntsville,Alabama,US,35801
Comfort Group of Alabama Inc,thecomfortgroup.com,thecomfortgroup.com,,,,Huntsville,Alabama,US,35801
Conditioned Air Solutions,conditionedairsolutions.com,conditionedairsolutions.com,https://www.linkedin.com/company/conditioned-air-solutions,,,Huntsville,Alabama,US,35806
"Dynamic Air Climate Solutions, LLC",dynamicairclimatesolutions.com,dynamicairclimatesolutions.com,,,,Huntsville,Alabama,US,35810
Glass House Technologies LLC,ght.network,ght.network,,,,Huntsville,Alabama,US,35801
Halo Security,protectedbyhalo.com,protectedbyhalo.com,,,,Huntsville,Alabama,US,35816
Home Theater Pros,hometheaterpros.com,hometheaterpros.com,,,,Huntsville,Alabama,US,35806
Huntsville AI & Automation Group,huntsvilleaigroup.com,huntsvilleaigroup.com,,,,Huntsville,Alabama,US,35801
Huntsville Electrician Now,huntsvilleelectriciannow.com,huntsvilleelectriciannow.com,,,,Huntsville,Alabama,US,35811
Inline Electric Supply Co. - Huntsville,inlineelectric.com,inlineelectric.com,https://www.linkedin.com/company/1876895,,,Huntsville,Alabama,US,35805
Matthews Integration,matthewsintegration.com,matthewsintegration.com,https://www.linkedin.com/company/wix-com,,,Huntsville,Alabama,US,35805
Mr. Electric of Huntsville,mrelectric.com,mrelectric.com,https://www.linkedin.com/company/mr--electric,,,Huntsville,Alabama,US,35806
Pinnix Group,pinnixgroup.com,pinnixgroup.com,,,,Huntsville,Alabama,US,35811
Quantum Technologies Inc,qtiav.com,qtiav.com,,,,Huntsville,Alabama,US,35806
Red Custom Home and Business Solutions,redcustom.com,redcustom.com,,,,Huntsville,Alabama,US,35806
Redstone Electric Supply,redstoneelectricsupply.com,redstoneelectricsupply.com,https://www.linkedin.com/company/redstone-electric-supply,,,Huntsville,Alabama,US,35811
Richards Lighting,richardslighting.com,richardslighting.com,,,,Huntsville,Alabama,US,35801
Siemens PLM Software,usa.siemens.com,usa.siemens.com,,,,Huntsville,Alabama,US,35806
Smart Alarm Solutions LLC,smartalarmllc.com,smartalarmllc.com,,,,Huntsville,Alabama,US,35763
Smart Security,smart-security-al.com,smart-security-al.com,,,,Huntsville,Alabama,US,35811
SmartFlow HQ,smartflowhq.com,smartflowhq.com,,,,Huntsville,Alabama,US,35801
Sound Source Productions,soundsourceproductions.com,soundsourceproductions.com,,,,Huntsville,Alabama,US,35824
Streamline Automation LLC,streamlineautomation.com,streamlineautomation.com,,,,Huntsville,Alabama,US,35805
Sweet Home TV and Home Theater LLC,sweethome-tv.com,sweethome-tv.com,,,,Huntsville,Alabama,US,35810
"Tactyne Systems International, Inc.",tactynesystems.com,tactynesystems.com,,,,Huntsville,Alabama,US,35802
Verta Technologies,verta.tech,verta.tech,https://www.linkedin.com/company/verta-tech,,,Huntsville,Alabama,US,35806
"nou Systems, Inc",nou-systems.com,nou-systems.com,https://www.linkedin.com/company/nou-systems-inc,,,Huntsville,Alabama,US,35806
Fiber Integrity LLC,fiberintegrity.com,fiberintegrity.com,,,,Leeds,Alabama,US,35094
4D Communications,4dcommunications.net,4dcommunications.net,,,,Madison,Alabama,US,35758
Lee Company,leecompany.com,leecompany.com,https://www.linkedin.com/company/leecompany,,,Madison,Alabama,US,35756
Mozaic Smart Technology Design,mozaicav.com,mozaicav.com,,,,Madison,Alabama,US,35758
Shaffer Security Co,shaffersecurity.net,shaffersecurity.net,,,,Madison,Alabama,US,35757
Your Electrician,yourelectricianhsv.com,yourelectricianhsv.com,,,,Madison,Alabama,US,35758
TSI Alarms & Audio,tsialarmsandaudio.com,tsialarmsandaudio.com,,,,Mobile,Alabama,US,36609
"Audio Video Security Pro, LLC",avspro.net,avspro.net,,,,Montgomery,Alabama,US,36116
Superior Service Electric,superiorservice247.com,superiorservice247.com,,,,Mt Olive,Alabama,US,35117
ENG AV - Engineered Audio Video,engav.com,engav.com,,,,Pelham,Alabama,US,35124
Lighting & Lamp,lightingandlamp.com,lightingandlamp.com,,,,Pelham,Alabama,US,35124
"AV Pro Communications, LLC",teamavpro.com,teamavpro.com,,,,Pell City,Alabama,US,35128
Premier South AV LLC,premiersouthav.com,premiersouthav.com,,,,Pinson,Alabama,US,35126
Smart Home Security,smarthomesecuritypros.net,smarthomesecuritypros.net,,,,Spanish Fort,Alabama,US,36527
Home Integrated Solutions,homeintsolutions.com,homeintsolutions.com,,,,Tallassee,Alabama,US,36078
Icon Automation,iconautomation.com,iconautomation.com,https://www.linkedin.com/company/iconautomationllc,,,Tanner,Alabama,US,35671
Tech Hourly,techhourly.com,techhourly.com,https://www.linkedin.com/company/tech-hourly-com,,,Vestavia Hills,Alabama,US,35243
GW Lighting,gwlightingandhome.com,gwlightingandhome.com,,,,Benton,Arkansas,US,72015
Home Theater Concepts & Solutions,nwahtcs.com,nwahtcs.com,,,,Bentonville,Arkansas,US,72712
DeBoard Electronics,deboards.com,deboards.com,,,,Conway,Arkansas,US,72034
Hometronix,myhometronix.com,myhometronix.com,https://www.linkedin.com/company/hometronix,,,Jonesboro,Arkansas,US,72404
A/V Arkansas Inc,avarkansas.com,avarkansas.com,,,,Little Rock,Arkansas,US,72201
Arkansas Car Stereo,arkansascarstereo.com,arkansascarstereo.com,,,,Little Rock,Arkansas,US,72209
Auto Audio & Video,autoaudioxtreme.com,autoaudioxtreme.com,,,,Little Rock,Arkansas,US,72211
B&K Technology Solutions,bk-techsolutions.com,bk-techsolutions.com,,,,Little Rock,Arkansas,US,72206
Central One Service,centraloneservice.com,centraloneservice.com,,,,Little Rock,Arkansas,US,72205
"Complete Security Solutions, Inc./Encore Technology Solutions",completesecurityar.com,completesecurityar.com,,,,Little Rock,Arkansas,US,72209
Core ID,coreidhome.com,coreidhome.com,,,,Little Rock,Arkansas,US,72202
Curtis Stout,chstout.com,chstout.com,,,,Little Rock,Arkansas,US,72202
DES-Little Rock,des3s.com,des3s.com,,,,Little Rock,Arkansas,US,72223
Eleven Hi-Fi,elevenhifi.com,elevenhifi.com,,,,Little Rock,Arkansas,US,72211
"FX Pros, LLC | Smart Homes",thefxpros.com,thefxpros.com,,,,Little Rock,Arkansas,US,72210
"Genesis Datacom, LLC",genesisdatacom.com,genesisdatacom.com,https://www.linkedin.com/company/genesis-datacom,,,Little Rock,Arkansas,US,72210
Hi-Def Solutions of Arkansas,hi-def-solutions.com,hi-def-solutions.com,,,,Little Rock,Arkansas,US,72212
Hollywood Audio Video,hollywoodaudiovideo.com,hollywoodaudiovideo.com,,,,Little Rock,Arkansas,US,72227
Hossley Lighting & Power Solutions Inc,hossleylps.com,hossleylps.com,,,,Little Rock,Arkansas,US,72201
"IES - Industrial Electronic Supply, Inc.",goies.com,goies.com,https://www.linkedin.com/company/industrial-electronic-supply-inc,,,Little Rock,Arkansas,US,72209
Install My Shades,installmyshades.com,installmyshades.com,,,,Little Rock,Arkansas,US,72204
InstallAV,installav.com,installav.com,,,,Little Rock,Arkansas,US,72204
Keep Out Services,keepout.cc,keepout.cc,,,,Little Rock,Arkansas,US,72205
Made in the Shade Little Rock,madeintheshadelr.com,madeintheshadelr.com,,,,Little Rock,Arkansas,US,72223
"Nino's Trading - Discount Appliances & TVs, Little Rock Warehouse",ninostrading.com,ninostrading.com,,,,Little Rock,Arkansas,US,72209
Omni Tech Solutions,omnitechpros.com,omnitechpros.com,,,,Little Rock,Arkansas,US,72205
Providence Design,providenceltddesign.com,providenceltddesign.com,,,,Little Rock,Arkansas,US,72202
Staley Electric,staleyelectric.com,staleyelectric.com,https://www.linkedin.com/company/staley-electric-ar,,,Little Rock,Arkansas,US,72209
Staley Technologies,staleytechnologies.com,staleytechnologies.com,https://www.linkedin.com/company/staleytechnologies,,,Little Rock,Arkansas,US,72204
TV Mounting Pro,thetvmountingpro.com,thetvmountingpro.com,,,,Little Rock,Arkansas,US,72202
Triple S Alarm Co Inc,triplesalarm.com,triplesalarm.com,,,,Little Rock,Arkansas,US,72202
XPEL Little Rock,xpellittlerock.com,xpellittlerock.com,,,,Little Rock,Arkansas,US,72204
7 Smart Technologies,7smart.tech,7smart.tech,,,,North Little Rock,Arkansas,US,72116
Chapman Services,chapmanserviceinc.net,chapmanserviceinc.net,,,,North Little Rock,Arkansas,US,72114
Interactive Security Solutions - Residential and Commercial Security Systems,interactivesecuritysolutions.com,interactivesecuritysolutions.com,,,,North Little Rock,Arkansas,US,72118
Jay Stanley and Associates,jaystanley.com,jaystanley.com,,,,North Little Rock,Arkansas,US,72116
"Lakeview Security, Fire, & Communications - Lakeview Alarms",lakeviewalarms.com,lakeviewalarms.com,,,,North Little Rock,Arkansas,US,72113
Low Voltage Systems Inc,lowvoltagesystems.com,lowvoltagesystems.com,,,,North Little Rock,Arkansas,US,72117
"Martin & Company AV, LLC",martincompanyav.com,martincompanyav.com,,,,North Little Rock,Arkansas,US,72118
North Little Rock Home Security HQ,littlerockhomesecurityhq.com,littlerockhomesecurityhq.com,,,,North Little Rock,Arkansas,US,72190
Online Technologies,onltech.com,onltech.com,,,,North Little Rock,Arkansas,US,72113
Sound Concepts - Little Rock Location,mysoundconcepts.com,mysoundconcepts.com,,,,North Little Rock,Arkansas,US,72113
Stage Audio Electronics,stageaudioelectronics.info,stageaudioelectronics.info,,,,North Little Rock,Arkansas,US,72114
TEC Electric,tecelectric.com,tecelectric.com,,,,North Little Rock,Arkansas,US,72113
Smart Home Consultant,mysmarthomeconsultant.com,mysmarthomeconsultant.com,,,,Pottsville,Arkansas,US,72858
"Complete Plumbing, Electric & Air",completehomesolutionsar.com,completehomesolutionsar.com,,,,Sherwood,Arkansas,US,72120
Stagemasters Sound & Lighting,arsmsav.com,arsmsav.com,,,,Sherwood,Arkansas,US,72120
AV Design Consultants Inc,avdci.com,avdci.com,https://www.linkedin.com/company/av-design-consultants,,,Springdale,Arkansas,US,72762
SynergyOne Smarthome,synergyone-az.com,synergyone-az.com,,,,Avondale,Arizona,US,85323
JS Home Theater,jshometheater.com,jshometheater.com,,,,Casa Grande,Arizona,US,85122
Modern Smart Home,modernsmarthomeaz.com,modernsmarthomeaz.com,,,,Chandler,Arizona,US,85226
Planet Geek,planetgeekllc.com,planetgeekllc.com,https://www.linkedin.com/company/planet-geek,,,Chandler,Arizona,US,85225
Sedona Technology LLC,sedonatec.com,sedonatec.com,https://www.linkedin.com/company/sedona-technology-llc,,,Chandler,Arizona,US,85286
Tech Integrated Inc.,techintegrated.com,techintegrated.com,,,,Cottonwood,Arizona,US,86326
Wired-Up Protection Systems LLC,24-hour-security.com,24-hour-security.com,,,,Cottonwood,Arizona,US,86326
Integrated Automation,integratedautomationllc.com,integratedautomationllc.com,,,,Fountain Hills,Arizona,US,85268
Prestige Smart Homes,prestigesmarthomesaz.com,prestigesmarthomesaz.com,,,,Gilbert,Arizona,US,85234
Amp AV,amp-av.com,amp-av.com,https://www.linkedin.com/company/amp-av,,,Mesa,Arizona,US,85202
Audio EnVision LLC,audioenvision.com,audioenvision.com,,,,Mesa,Arizona,US,85201
Automated Environments,aearizona.com,aearizona.com,,,,Mesa,Arizona,US,85204
Dynamic Audio Video Solutions,dynamicavsolutions.com,dynamicavsolutions.com,,,,Mesa,Arizona,US,85212
Level 3 Audiovisual,level3av.com,level3av.com,,,,Mesa,Arizona,US,85209
Stabley Home Theater,stabley.net,stabley.net,https://www.linkedin.com/company/stabley-home-entertainment,,,Mesa,Arizona,US,85206
Summit Automation,summitautomation.com,summitautomation.com,https://www.linkedin.com/company/summit-automationusa,,,Mesa,Arizona,US,85210
Audio Video by Design,avbydesign.com,avbydesign.com,,,,Peoria,Arizona,US,85383
Intelligent Casa,intelligentcasa.com,intelligentcasa.com,,,,Peoria,Arizona,US,85382
ADI Global Distribution - Phoenix,adiglobaldistribution.us,adiglobaldistribution.us,,,,Phoenix,Arizona,US,85034
Adobe Home Systems,adobealarm.com,adobealarm.com,,,,Phoenix,Arizona,US,85027
Arizona Audio- Video Electronics,azvideoelectronics.com,azvideoelectronics.com,,,,Phoenix,Arizona,US,85028
"Arizona Hi-Fi, LLC",tubeaudio.com,tubeaudio.com,,,,Phoenix,Arizona,US,85013
Audio Integrators,audiointegrators.com,audiointegrators.com,,,,Phoenix,Arizona,US,85085
Audio Visual Experts,aveaz.com,aveaz.com,,,,Phoenix,Arizona,US,85018
"BKW, Inc.",bkwinc.net,bkwinc.net,,,,Phoenix,Arizona,US,85040
Camelback Smart Homes,camelbacksmarthomes.com,camelbacksmarthomes.com,,,,Phoenix,Arizona,US,85016
Casa Tech Systems,cts-us.com,cts-us.com,https://www.linkedin.com/company/casa-technology-systems,,,Phoenix,Arizona,US,85027
Cinematic Home A/V,cinematichomeav.com,cinematichomeav.com,https://www.linkedin.com/company/cinematichomeav,,,Phoenix,Arizona,US,85028
Clearwing,clearwing.com,clearwing.com,https://www.linkedin.com/company/clearwing,,,Phoenix,Arizona,US,85009
Complete Sound & Video,completesoundandvideo.com,completesoundandvideo.com,,,,Phoenix,Arizona,US,85053
Connected Home Solutions LLC,azchs.com,azchs.com,,,,Phoenix,Arizona,US,85027
Custom Automated Solutions,customautomatedsolutions.net,customautomatedsolutions.net,,,,Phoenix,Arizona,US,85020
Custom Systems Integration,customsystemsav.com,customsystemsav.com,,,,Phoenix,Arizona,US,85050
Desert Home Theater,deserthometheater.com,deserthometheater.com,,,,Phoenix,Arizona,US,85048
Desert Sound & Security,desertsound.com,desertsound.com,,,,Phoenix,Arizona,US,85050
Elite Integration Inc,azeliteintegration.com,azeliteintegration.com,https://www.linkedin.com/company/az-elite-integration,,,Phoenix,Arizona,US,85027
Evolve Automation,azevolve.com,azevolve.com,,,,Phoenix,Arizona,US,85021
Ideal Automation,myidealav.com,myidealav.com,https://www.linkedin.com/company/ideal-automation-llc,,,Phoenix,Arizona,US,85028
Imagine Audio Video,iavaz.com,iavaz.com,,,,Phoenix,Arizona,US,85050
James Electronics,jameselectronics.com,jameselectronics.com,,,,Phoenix,Arizona,US,85013
Kinetic Automation,kinetic.auto,kinetic.auto,https://www.linkedin.com/company/kinetic-automati0n,,,Phoenix,Arizona,US,85027
Next Level,nextlevelus.com,nextlevelus.com,https://www.linkedin.com/company/next-level-home-audio-and-video,,,Phoenix,Arizona,US,85027
ON Services - Phoenix,onservices.com,onservices.com,https://www.linkedin.com/company/onservicesav,,,Phoenix,Arizona,US,85008
OrangeWire,orangewireav.com,orangewireav.com,,,,Phoenix,Arizona,US,85028
"PIVIUM, Inc",pivium.com,pivium.com,,,,Phoenix,Arizona,US,85027
Performance Audio Video,performanceaudioaz.com,performanceaudioaz.com,,,,Phoenix,Arizona,US,85027
Premier Security and Home Services Inc,premiersecurityandhomeservices.com,premiersecurityandhomeservices.com,,,,Phoenix,Arizona,US,85027
"Procomm Technologies, Inc.",procommtechnologies.com,procommtechnologies.com,,,,Phoenix,Arizona,US,85085
Red Mountain Integration,rmintegration.com,rmintegration.com,,,,Phoenix,Arizona,US,85085
The Sound Guy,stereorepairguy.com,stereorepairguy.com,,,,Phoenix,Arizona,US,85032
The Valley Connect,thevalleyconnect.com,thevalleyconnect.com,,,,Phoenix,Arizona,US,85017
Victory Electronics,victoryelectronics.com,victoryelectronics.com,,,,Phoenix,Arizona,US,85009
West Shore Home,westshorehome.com,westshorehome.com,https://www.linkedin.com/company/westshorehome,,,Phoenix,Arizona,US,85040
"Components Electronic Systems, LLC",componentsaz.com,componentsaz.com,,,,Queen Creek,Arizona,US,85142
My Home Solutions AZ LLC,mhsaz.com,mhsaz.com,,,,Queen Creek,Arizona,US,85142
Artisan Systems,artisanaz.com,artisanaz.com,https://www.linkedin.com/company/artisan-systems,,,Scottsdale,Arizona,US,85260
Audio Video Excellence,audiovideoexcellence.com,audiovideoexcellence.com,https://www.linkedin.com/company/audio-video-excellence-az,,,Scottsdale,Arizona,US,85255
Bang & Olufsen Scottsdale,stores.bang-olufsen.com,stores.bang-olufsen.com,,,,Scottsdale,Arizona,US,85260
Beyond Audio,beyondaudio.com,beyondaudio.com,,,,Scottsdale,Arizona,US,85260
Cashwood Innovations,cashwoodinnovations.com,cashwoodinnovations.com,,,,Scottsdale,Arizona,US,85260
Creative Sound & Integration,creativesound.info,creativesound.info,https://www.linkedin.com/company/creative-sound-and-integration,,,Scottsdale,Arizona,US,85257
Immedia,immedia-tech.com,immedia-tech.com,https://www.linkedin.com/company/immedia-llc,,,Scottsdale,Arizona,US,85255
Insight Automation International,insightai.com,insightai.com,https://www.linkedin.com/company/insight-automation-international,,,Scottsdale,Arizona,US,85260
Integration Design Group,integrationdg.com,integrationdg.com,,,,Scottsdale,Arizona,US,85260
LMC Home Entertainment Ltd,lmche.com,lmche.com,https://www.linkedin.com/company/lmc-home-entertainment,,,Scottsdale,Arizona,US,85254
Leverage Technology Group,ltgaz.com,ltgaz.com,https://www.linkedin.com/company/leverage-technology-group,,,Scottsdale,Arizona,US,85260
Media Innovation Technologies,mit-usa.com,mit-usa.com,,,,Scottsdale,Arizona,US,85260
Monarch AV,mavphx.com,mavphx.com,,,,Scottsdale,Arizona,US,85260
"Mythic Sound, Lighting, and Shade",mythicsls.com,mythicsls.com,,,,Scottsdale,Arizona,US,85260
No Hassle Audio Video,nohassleav.com,nohassleav.com,,,,Scottsdale,Arizona,US,85251
Oasis Luxury Smart Homes,oasissmarthomes.com,oasissmarthomes.com,,,,Scottsdale,Arizona,US,85255
Optimum AV Systems,optimumavsystems.com,optimumavsystems.com,,,,Scottsdale,Arizona,US,85258
Peak Systems,peaksystems.tech,peaksystems.tech,,,,Scottsdale,Arizona,US,85251
RevampIT Audio Video,revampitav.com,revampitav.com,,,,Scottsdale,Arizona,US,85260
Systems Integration Plus Inc,vme.com,vme.com,,,,Scottsdale,Arizona,US,85260
Varner Sight & Sound,varnerss.com,varnerss.com,https://www.linkedin.com/company/varner-sight-and-sound-llc,,,Scottsdale,Arizona,US,85260
VizTech TV Mounting,viztechmounting.com,viztechmounting.com,,,,Scottsdale,Arizona,US,85257
Watt Integration Home Theater and Automation,wattintegration.com,wattintegration.com,,,,Scottsdale,Arizona,US,85260
iWired,iwired.com,iwired.com,,,,Scottsdale,Arizona,US,85260
Cosmic Sol Sedona - Galactic Energy Healing,cosmicsolsedona.com,cosmicsolsedona.com,,,,Sedona,Arizona,US,86336
AAA Smart Home Security,mwg.aaa.com,mwg.aaa.com,https://www.linkedin.com/company/aaamountainwestgroup,,,Tempe,Arizona,US,85284
Arizona Audio Visual,arizonaav.com,arizonaav.com,https://www.linkedin.com/company/3672874,,,Tempe,Arizona,US,85288
E1 Audiovisual Technologies (ExhibitOne Corporation),e1avtech.com,e1avtech.com,https://www.linkedin.com/company/e1avtech,,,Tempe,Arizona,US,85284
EAR Professional Audio Video,ear.net,ear.net,,,,Tempe,Arizona,US,85281
Epic Systems,epicavaz.com,epicavaz.com,,,,Tempe,Arizona,US,85281
Phoenix Technology Audio Visual,phoenixtechav.com,phoenixtechav.com,https://www.linkedin.com/company/phoenix-technology-audio-visual-llc,,,Tempe,Arizona,US,85282
Walts TV & Appliance,walts.com,walts.com,,,,Tempe,Arizona,US,85284
iDesign Home Solutions,idesignhs.com,idesignhs.com,https://www.linkedin.com/company/idesign-home-solutions,,,Tempe,Arizona,US,85288
ACCURA SYSTEMS of Tucson,tucsonaccura.com,tucsonaccura.com,,,,Tucson,Arizona,US,85715
"AV Innovations, Inc.",avinnovations.com,avinnovations.com,https://www.linkedin.com/company/av-innovations-inc.,,,Tucson,Arizona,US,85712
AV and Automation Specialists LLC - Audio Video Installation & Home Security,av-as.com,av-as.com,,,,Tucson,Arizona,US,85714
AV and Automation Specialists LLC - Audio Video Installation & Home Security,hometheatertucsonaz.com,hometheatertucsonaz.com,,,,Tucson,Arizona,US,85745
Adobe Audio Visual,adobeav.com,adobeav.com,,,,Tucson,Arizona,US,85705
Advanced Controls Corporation,advancedcontrols.net,advancedcontrols.net,https://www.linkedin.com/company/advanced-controls-corporation,,,Tucson,Arizona,US,85705
Area 51 Audio Visual Engineering,area51audio.com,area51audio.com,,,,Tucson,Arizona,US,85705
Arizona Cine Equipment,azcine.com,azcine.com,,,,Tucson,Arizona,US,85719
Arizona Pro Sound Inc,arizonaprosound.com,arizonaprosound.com,,,,Tucson,Arizona,US,85719
Audio Visual Productions,goavp.com,goavp.com,,,,Tucson,Arizona,US,85752
"AudioEye, Inc.",audioeye.com,audioeye.com,https://www.linkedin.com/company/audioeye-inc,,,Tucson,Arizona,US,85711
Automation EZ LLC,automationez.com,automationez.com,,,,Tucson,Arizona,US,85741
B3 controls,b3controls.com,b3controls.com,,,,Tucson,Arizona,US,85745
Cabling Solutions Group,cablingsolutionsgroup.com,cablingsolutionsgroup.com,https://www.linkedin.com/company/cabling-solutions-group,,,Tucson,Arizona,US,85705
Connect Security,connectsecurity.com,connectsecurity.com,https://www.linkedin.com/company/capital-connect-inc,,,Tucson,Arizona,US,85715
Gadget Geeks Pro,gadgetgeeks.us,gadgetgeeks.us,,,,Tucson,Arizona,US,85710
Hi-Fi Workshop (Heavy Rotation HiFi & Records),hifiworkshop.com,hifiworkshop.com,,,,Tucson,Arizona,US,85716
Illuminations,illuminationstucson.com,illuminationstucson.com,,,,Tucson,Arizona,US,85716
Integra Custom Systems,integracustomsystems.com,integracustomsystems.com,,,,Tucson,Arizona,US,85710
Integrated Audio Video Solutions,iavsaz.com,iavsaz.com,,,,Tucson,Arizona,US,85741
Protech Security Systems,protechalarm.com,protechalarm.com,,,,Tucson,Arizona,US,85711
Roh's Commercial Audio and Video,rohscav.com,rohscav.com,,,,Tucson,Arizona,US,85710
Solutions i3,solutionsi3.com,solutionsi3.com,https://www.linkedin.com/company/solutions-i3-llc,,,Tucson,Arizona,US,85713
SoundFX Car Audio Installation,tucsoncarstereoinstallation.com,tucsoncarstereoinstallation.com,,,,Tucson,Arizona,US,85705
Speedway Audio & Tint,speedwayaudioandtint.com,speedwayaudioandtint.com,,,,Tucson,Arizona,US,85716
Sun Lighting,sunlightingbroadway.com,sunlightingbroadway.com,,,,Tucson,Arizona,US,85711
Technology Specialists,specialistshometheater.com,specialistshometheater.com,,,,Tucson,Arizona,US,85712
Titan Alarm Inc.,titanalarm.net,titanalarm.net,,,,Tucson,Arizona,US,85714
Tucson Tech Guy,tucsontechguy.com,tucsontechguy.com,,,,Tucson,Arizona,US,85716
"Whole Hearted Pro AV, LLC",wholeheartedpro.com,wholeheartedpro.com,https://www.linkedin.com/company/whproav,,,Tucson,Arizona,US,85713
Wiseguys Custom Home Theater,wiseguyshometheater.com,wiseguyshometheater.com,,,,Tucson,Arizona,US,85745
Evolution Audio Video,eavht.com,eavht.com,,,,Agoura Hills,California,US,91301
"AV Spaces, Inc.",avspaces.com,avspaces.com,,,,Alameda,California,US,94502
Hidden Connections Inc,hiddenconnections.net,hiddenconnections.net,,,,Alameda,California,US,94501
RGB Spectrum,rgb.com,rgb.com,https://www.linkedin.com/company/rgb-spectrum,,,Alameda,California,US,94501
Connect and Protect - Smart Home Showrrom,smarthomesecuritycontrol.com,smarthomesecuritycontrol.com,https://www.linkedin.com/company/shsc-energy-management,,,Alamo,California,US,94507
"Ace January Productions, LLC",acejanuaryproductions.com,acejanuaryproductions.com,https://www.linkedin.com/company/ace-january-productions,,,Alhambra,California,US,91803
AVI Systems,avisystems.com,avisystems.com,,,,Aliso Viejo,California,US,92656
Audio Video Live,audiovideo.live,audiovideo.live,,,,Anaheim,California,US,92808
Diamond Case Home Theater,diamondcase.com,diamondcase.com,,,,Anaheim,California,US,92806
Simple Tech,simpletechinstalls.com,simpletechinstalls.com,,,,Anaheim,California,US,92807
Surreal Systems Audio/Video & Automation,surrealsystems.com,surrealsystems.com,,,,Anaheim,California,US,92807
"Rock & Sons, Inc.",rockandsons.com,rockandsons.com,,,,Angwin,California,US,94508
Liberty Bell Smart Home,lbsmarthome.com,lbsmarthome.com,,,,Auburn,California,US,95603
AA1 CCTV,aa1cctv.com,aa1cctv.com,,,,Bakersfield,California,US,93309
AVsmart Technologies,avsmart.com,avsmart.com,,,,Bakersfield,California,US,93309
Adaptive Networks,adaptive-net.com,adaptive-net.com,https://www.linkedin.com/company/adaptive-networks,,,Bakersfield,California,US,93309
"Alpha Technologies & Alarm Systems, Inc.",alphatechas.com,alphatechas.com,,,,Bakersfield,California,US,93308
Automated Controls & Equipment,acecontrol.biz,acecontrol.biz,,,,Bakersfield,California,US,93308
B.I.S. Technologies and Communications Inc.,bistec.net,bistec.net,https://www.linkedin.com/company/b.i.s.-technologies,,,Bakersfield,California,US,93313
Bakersfield Car Audio and Stereo,bakersfieldcaraudioandstereo.com,bakersfieldcaraudioandstereo.com,,,,Bakersfield,California,US,93308
Bakersfield Lighting,bakersfield-lighting.com,bakersfield-lighting.com,,,,Bakersfield,California,US,93305
Controlled Motion Solutions,comoso.com,comoso.com,https://www.linkedin.com/company/mfcp,,,Bakersfield,California,US,93307
ESSI Mood - Environmental Sound Solutions Inc.,essiav.com,essiav.com,,,,Bakersfield,California,US,93301
Electrical ASAP,electricalasap.com,electricalasap.com,,,,Bakersfield,California,US,93308
Elite Automation & Electrical Services Inc.,eaaes.com,eaaes.com,,,,Bakersfield,California,US,93308
Heredia Cabling Solutions,herediacablingsolutions.com,herediacablingsolutions.com,,,,Bakersfield,California,US,93313
Industrial Automation Professionals,iapengineering.com,iapengineering.com,https://www.linkedin.com/company/industrial-automation-professionals-inc,,,Bakersfield,California,US,93301
Kalieb Designs,kaliebdesigns.com,kaliebdesigns.com,https://www.linkedin.com/company/kalieb-designs,,,Bakersfield,California,US,93311
MSI Security,msisecurity.com,msisecurity.com,,,,Bakersfield,California,US,93301
P S Audio Video Solutions,psaudiovideosolutions.com,psaudiovideosolutions.com,,,,Bakersfield,California,US,93309
"PLCs Plus International, Inc.",bkppi.com,bkppi.com,https://www.linkedin.com/company/plcs-plus-international,,,Bakersfield,California,US,93312
Pac West Systems,pacwestsystemsca.com,pacwestsystemsca.com,,,,Bakersfield,California,US,93313
Pacific West Sound,pacificwestsound.com,pacificwestsound.com,https://www.linkedin.com/company/pacific-west-sound,,,Bakersfield,California,US,93305
Premier Lighting,premierlightingca.com,premierlightingca.com,,,,Bakersfield,California,US,93313
Royal Industrial Solutions,royalbakersfield.com,royalbakersfield.com,https://www.linkedin.com/company/royal-industrial-solutions,,,Bakersfield,California,US,93308
SSD Alarm,ssdalarm.com,ssdalarm.com,,,,Bakersfield,California,US,93308
Secure Systems,mysecuresystems.com,mysecuresystems.com,https://www.linkedin.com/company/secure-systems-alarm-company,,,Bakersfield,California,US,93301
SmarterHome.ai - Spectrum Authorized Retailer,smarterhome.ai,smarterhome.ai,,,,Bakersfield,California,US,93306
TRIS Technology Solutions,trisbak.com,trisbak.com,,,,Bakersfield,California,US,93312
Tel-Tec Security Systems Inc,tel-tec.com,tel-tec.com,,,,Bakersfield,California,US,93313
VISTA CCTV TECHNOLOGY,vistacctv.net,vistacctv.net,,,,Bakersfield,California,US,93313
Wise Electric & Communications Inc.,wiseelectric.biz,wiseelectric.biz,,,,Bakersfield,California,US,93308
low voltage innovation,lowvoltageinnovations.com,lowvoltageinnovations.com,,,,Bakersfield,California,US,93304
Automation Solutions Inc,asi-technician.com,asi-technician.com,,,,Baldwin Park,California,US,91706
Spectrum Systems,spectrumsystemssf.net,spectrumsystemssf.net,https://www.linkedin.com/company/spectrum-systems-sf,,,Belmont,California,US,94002
Signal Solutions Corporation,signalsolutions.com,signalsolutions.com,,,,Benicia,California,US,94510
Meyer Sound,meyersound.com,meyersound.com,https://www.linkedin.com/company/meyer-sound,,,Berkeley,California,US,94702
Advanced Technologies Audio,4atav.com,4atav.com,,,,Bermuda Dunes,California,US,92203
Audio Visions · LaRussa Design Group,larussadesigngroup.com,larussadesigngroup.com,,,,Beverly Hills,California,US,90210
Audio Visual Architects - AV Installers,audiovisualarchitects.com,audiovisualarchitects.com,,,,Beverly Hills,California,US,90211
Beverly Hills SMART Homes,bhsmarthomes.com,bhsmarthomes.com,,,,Beverly Hills,California,US,90212
EZ Audio Video Data Solutions,ezavd.com,ezavd.com,,,,Beverly Hills,California,US,90211
Home Theater Builders,home-theater-builders.com,home-theater-builders.com,,,,Beverly Hills,California,US,90212
Electrosonic,electrosonic.com,electrosonic.com,https://www.linkedin.com/company/electrosonic,,,Burbank,California,US,91506
Ficrest Integration Inc Smart Home Automation,ficrest.com,ficrest.com,https://www.linkedin.com/company/ficrest-inc,,,Burbank,California,US,91501
Key Code Media,keycodemedia.com,keycodemedia.com,https://www.linkedin.com/company/key-code-media,,,Burbank,California,US,91502
"Matrix Audio Visual Designs, Inc.",matrixav.com,matrixav.com,,,,Burbank,California,US,91505
"Vizual Symphony, Inc",vizualsymphony.com,vizualsymphony.com,https://www.linkedin.com/company/vizual-symphony-inc,,,Burbank,California,US,91505
AA Customs,aacustoms.pro,aacustoms.pro,,,,Burlingame,California,US,94010
GM Tech Solutions inc.,gmtechsolutionspro.com,gmtechsolutionspro.com,,,,Calabasas,California,US,91302
Inland AV Solutions,inlandavsolutions.com,inlandavsolutions.com,https://www.linkedin.com/company/inland-av-solutions,,,Calimesa,California,US,92320
iTech Surveillance Inc.,itechsurveillance.com,itechsurveillance.com,,,,Camarillo,California,US,93012
Audio Video Evolution,audiovideoevolution.net,audiovideoevolution.net,,,,Campbell,California,US,95008
"Automatic Gate Installations, Inc.",automaticgateinstallations.com,automaticgateinstallations.com,,,,Campbell,California,US,95008
Infinite Audiovisual,infinitenetworksinc.com,infinitenetworksinc.com,,,,Campbell,California,US,95008
Jewell's Quality Home Systems,jewellsqhs.com,jewellsqhs.com,,,,Campbell,California,US,95008
The Alarm Company,thealarmcompany.com,thealarmcompany.com,,,,Campbell,California,US,95008
The Integrated Lifestyle,theintegratedlifestyle.com,theintegratedlifestyle.com,,,,Campbell,California,US,95008
True Sound,tsound.com,tsound.com,,,,Campbell,California,US,95008
Ultimate HD,ultimatehd.com,ultimatehd.com,,,,Campbell,California,US,95008
Woodland Home Theater,woodlandhometheater.com,woodlandhometheater.com,,,,Campbell,California,US,95008
Audio Video San Diego - AVSD Inc.,audiovideosandiego.com,audiovideosandiego.com,,,,Carlsbad,California,US,92008
Bulldog Audio and Video,bulldog-av.com,bulldog-av.com,,,,Carlsbad,California,US,92011
Cal Coast Audio Video,calcoastav.com,calcoastav.com,,,,Carlsbad,California,US,92008
Kiwi Audio Visual,kiwiav.com,kiwiav.com,,,,Carlsbad,California,US,92008
1st Light Media,1stlightmedia.com,1stlightmedia.com,,,,Carmel,California,US,93923
Carmel Audio Video,carmelav.com,carmelav.com,,,,Carmel,California,US,93923
Cypress AV,cypressav.com,cypressav.com,,,,Carmel,California,US,93923
AV Solutions inc.,avsolutionsinc.com,avsolutionsinc.com,,,,Carmel Valley,California,US,93924
House of 8 Media,houseof8media.com,houseof8media.com,https://www.linkedin.com/company/house-of-8-media,,,Carmel Valley,California,US,93924
Digital Home Convergence Designs,dihoco.com,dihoco.com,,,,Carmel-By-The-Sea,California,US,93921
RTV ELECTRONICS,rtvelectronics.com,rtvelectronics.com,,,,Carmichael,California,US,95608
Central Coast Audio Visual,centralcoastav.com,centralcoastav.com,,,,Carpinteria,California,US,93013
Ventura Smart Home,venturasmarthome.com,venturasmarthome.com,,,,Carpinteria,California,US,93013
Audio MotorSports,audiomotorsports.com,audiomotorsports.com,,,,Carson,California,US,90745
Palm Springs Grip and Lighting,palmspringsgripandlighting.com,palmspringsgripandlighting.com,,,,Cathedral City,California,US,92234
Galaxy Custom Audio Video,galaxychico.com,galaxychico.com,,,,Chico,California,US,95926
Capture Technologies a Division of IdentiSys,capturet.com,capturet.com,https://www.linkedin.com/company/capture-technologies,,,Citrus Heights,California,US,95610
4 LIVE TV videography,4livetv.com,4livetv.com,,,,Clovis,California,US,93612
Beyond Tech Solutions Inc.,beyondtechsolutions.com,beyondtechsolutions.com,https://www.linkedin.com/company/beyond-tech-solutions-inc,,,Clovis,California,US,93612
Complete Home Security and Services- Authorized ADT Dealer,chssmarthome.com,chssmarthome.com,,,,Clovis,California,US,93612
Digital Attic,digitalattic.com,digitalattic.com,,,,Clovis,California,US,93612
Digital Attic Studio,digitalatticstudio.com,digitalatticstudio.com,,,,Clovis,California,US,93612
Fresno I.T. Inc.,fresnoit.com,fresnoit.com,https://www.linkedin.com/company/real-time-information-services,,,Clovis,California,US,93619
FutureHome Systems & Design Inc.,future-home.net,future-home.net,,,,Clovis,California,US,93612
Hi-Tech Home,hitechhome.net,hitechhome.net,https://www.linkedin.com/company/hi-tech-home,,,Clovis,California,US,93611
Industrial Control and Design (ICAD Automation),icadautomation.com,icadautomation.com,https://www.linkedin.com/company/icadautomation,,,Clovis,California,US,93611
Mobile 12v Solutions,mobile12vsolutions.com,mobile12vsolutions.com,,,,Clovis,California,US,93612
AV Structural,avstructural.com,avstructural.com,,,,Concord,California,US,94520
CME Lighting Supply Co.,cmelightingsupply.com,cmelightingsupply.com,,,,Concord,California,US,94518
"Creation Networks, Inc.",creationnetworks.net,creationnetworks.net,https://www.linkedin.com/company/creation-networks,,,Concord,California,US,94518
Full Spectrum Technology Group,fullspectrumtg.com,fullspectrumtg.com,,,,Concord,California,US,94518
JCVTEK,jcvtek.com,jcvtek.com,,,,Corona,California,US,92879
LVE Electrical services,lveservice.com,lveservice.com,,,,Corona,California,US,92883
e4 Control Systems,e4control.com,e4control.com,https://www.linkedin.com/company/e4-control-systems,,,Corona,California,US,92878
Home Theater,coronadohometheater.com,coronadohometheater.com,,,,Coronado,California,US,92178
"Svitla Systems, Inc.",svitla.com,svitla.com,https://www.linkedin.com/company/svitla-systems-inc-,,,Corte Madera,California,US,94925
Atlantic Home Entertainment and Stereo,atlanticstereo.com,atlanticstereo.com,,,,Costa Mesa,California,US,92627
Cantara,cantaradesign.com,cantaradesign.com,,,,Costa Mesa,California,US,92626
GTS (Glabman Technology Solutions),glabman.com,glabman.com,https://www.linkedin.com/company/glabman-technology-solutions,,,Costa Mesa,California,US,92627
Integrated Media Systems,imsav.com,imsav.com,,,,Costa Mesa,California,US,92626
NXT AV,nxtav.com,nxtav.com,https://www.linkedin.com/company/nxtav,,,Costa Mesa,California,US,92627
Newport Sound,newportsoundca.com,newportsoundca.com,,,,Costa Mesa,California,US,92627
Silver Star Sound & Electric,silverstarsoundandelectric.com,silverstarsoundandelectric.com,,,,Costa Mesa,California,US,92627
Simplicity 1 Home Technology Integration,simplicity1.com,simplicity1.com,,,,Costa Mesa,California,US,92626
Smartology,smartlgy.com,smartlgy.com,,,,Costa Mesa,California,US,92626
Sound Advice AV Inc.,soundadvicecalifornia.com,soundadvicecalifornia.com,,,,Costa Mesa,California,US,92627
King Of Sounds,kingofsounds.com,kingofsounds.com,,,,Covina,California,US,91722
LIV Technical Audio Visual Production,livtechnical.com,livtechnical.com,,,,Culver City,California,US,90232
Infinite Audio & Video,infiniteaudioandvideo.com,infiniteaudioandvideo.com,,,,Cupertino,California,US,95014
HM Security - ADT Authorized Dealer,hmsecurityinc.com,hmsecurityinc.com,,,,Downey,California,US,90241
Skyline Security,skylinesecurity.com,skylinesecurity.com,,,,Downey,California,US,90241
All Video Media Solutions,allvideomedia.com,allvideomedia.com,,,,Dublin,California,US,94568
"Valley Home Theater & Automation, Inc.",valleyhometheater.com,valleyhometheater.com,,,,Dublin,California,US,94568
Andrus Smart Technologies,andrussmarttech.com,andrussmarttech.com,,,,El Cajon,California,US,92020
California Electric Supply,ceselcajon.com,ceselcajon.com,,,,El Cajon,California,US,92020
Corporate Production Group Audio Visual CPGAV,cpgav.com,cpgav.com,,,,El Cajon,California,US,92020
House of Automation,houseofautomation.com,houseofautomation.com,,,,El Cajon,California,US,92020
One Touch Home Theater Inc,onetouchhometheater.com,onetouchhometheater.com,,,,El Cajon,California,US,92020
"Signals Audio/Video, Inc. (El Segundo)",signalsav.com,signalsav.com,,,,El Segundo,California,US,90245
WestCoast Car Audio & Tint of Elk Grove,westcoastaudiotintsac.com,westcoastaudiotintsac.com,,,,Elk Grove,California,US,95624
Advanced Systems Group,asgllc.com,asgllc.com,https://www.linkedin.com/company/943713,,,Emeryville,California,US,94608
Encinitas Television,encinitastv.com,encinitastv.com,,,,Encinitas,California,US,92024
Rancho Santa Fe Security Systems,rsfsecurity.com,rsfsecurity.com,,,,Encinitas,California,US,92024
Smart Home LA,smarthomela.com,smarthomela.com,,,,Encino,California,US,91316
OnTech Smart Services,ontechsmartservices.com,ontechsmartservices.com,,,,Englewood,California,US,80112
AAV Integration,aavintegration.com,aavintegration.com,,,,Escondido,California,US,92029
Advanced Digital Homes,advanceddigitalhomes.com,advanceddigitalhomes.com,,,,Escondido,California,US,92029
Shultz Audio Video,shultzav.com,shultzav.com,,,,Escondido,California,US,92029
Miller AV & Automation,millerava.com,millerava.com,,,,Fair Oaks,California,US,95628
Defender solution CCTV - Alarm Systems,defendersolution.tech,defendersolution.tech,,,,Fountain Valley,California,US,92708
Avidex Northern California,hubs.li,hubs.li,https://www.linkedin.com/company/avidex,,,Fremont,California,US,94538
Rocca Audiovisual,roccaaudiovisual.com,roccaaudiovisual.com,,,,Fremont,California,US,94538
ADvine,advineagency.com,advineagency.com,https://www.linkedin.com/company/advineagency,,,Fresno,California,US,93710
Aplos,aplos.com,aplos.com,https://www.linkedin.com/company/aplos-software-llc,,,Fresno,California,US,93720
Audio Innovations of Fresno,aifresno.com,aifresno.com,,,,Fresno,California,US,93726
BWE Home Theater,bwehometheater.com,bwehometheater.com,,,,Fresno,California,US,93726
Blare Media,blaremedia.net,blaremedia.net,,,,Fresno,California,US,93721
CBC Lighting,cbclighting.net,cbclighting.net,,,,Fresno,California,US,93727
DPS Telecom,dpstele.com,dpstele.com,https://www.linkedin.com/company/dps-telecom,,,Fresno,California,US,93727
E Tech Group,etechgroup.com,etechgroup.com,https://www.linkedin.com/company/e-technologies-group,,,Fresno,California,US,93720
"EKC Enterprises, Inc.",ekccorp.com,ekccorp.com,https://www.linkedin.com/company/1972982,,,Fresno,California,US,93727
Electrical Power Source,electricalpowersourceinc.com,electricalpowersourceinc.com,https://www.linkedin.com/company/electrical-power-source,,,Fresno,California,US,93706
Equity Home Solutions LLC,thefresnohomebuyers.com,thefresnohomebuyers.com,https://www.linkedin.com/company/equity-home-solutions-california,,,Fresno,California,US,93721
Expo Audio Visual,exporentals.com,exporentals.com,,,,Fresno,California,US,93722
Ferguson Home,fergusonhome.com,fergusonhome.com,,,,Fresno,California,US,93727
GTE Event Group,gteeventgroup.com,gteeventgroup.com,,,,Fresno,California,US,93704
Helios,helios-tfb.com,helios-tfb.com,,,,Fresno,California,US,93727
Hoffman Electronic Systems,hoffmansecurity.com,hoffmansecurity.com,,,,Fresno,California,US,93710
Home | My Site,affordableservice559.com,affordableservice559.com,,,,Fresno,California,US,93722
HomeSmart PV & Associates,homesmart.com,homesmart.com,https://www.linkedin.com/company/homesmart-realestate,,,Fresno,California,US,93711
IT Management Corporation dba. ITM.CX,itm.cx,itm.cx,https://www.linkedin.com/company/itmc-net,,,Fresno,California,US,93721
Infinity Home Services Inc.,ihsfresno.com,ihsfresno.com,,,,Fresno,California,US,93730
Integrated Electronics,iefresno.com,iefresno.com,https://www.linkedin.com/company/integrated-electronics,,,Fresno,California,US,93727
JTI Electric Inc,jtielectric.net,jtielectric.net,https://www.linkedin.com/company/jti-electrical-ul-panel-shop,,,Fresno,California,US,93722
James & Co. Lighting,jamesandcompanylighting.com,jamesandcompanylighting.com,,,,Fresno,California,US,93711
James Ashjian Lighting Co,jalighting.com,jalighting.com,,,,Fresno,California,US,93650
Just Air Heating & Cooling,justairfresno.com,justairfresno.com,,,,Fresno,California,US,93727
LPC,lpcautomation.com,lpcautomation.com,,,,Fresno,California,US,93727
"LinkUs Enterprises, LLC",mylinkus.com,mylinkus.com,,,,Fresno,California,US,93722
M-Tek Telecom,mtektelecom.com,mtektelecom.com,,,,Fresno,California,US,93722
MS Production Services,mspslive.net,mspslive.net,,,,Fresno,California,US,93727
Maximus Media Inc,maximusmedia.net,maximusmedia.net,https://www.linkedin.com/company/maximus-media-inc,,,Fresno,California,US,93727
Media Solutions Inc,msieventproductions.com,msieventproductions.com,https://www.linkedin.com/company/msi-media-solutions-inc,,,Fresno,California,US,93727
Ortiz LED Solutions,ortizledsolutions.com,ortizledsolutions.com,,,,Fresno,California,US,93722
Outlier Automation,outlierautomation.com,outlierautomation.com,https://www.linkedin.com/company/outlierautomation,,,Fresno,California,US,93711
Parker Solutions,tabariparker.com,tabariparker.com,,,,Fresno,California,US,93721
Professional Car Audio,professionalcaraudio.net,professionalcaraudio.net,,,,Fresno,California,US,93710
Quality Home Services,qualityhomeservices.com,qualityhomeservices.com,https://www.linkedin.com/company/qhslife,,,Fresno,California,US,93726
"Real Time Information Services, Inc - Fresno Managed IT Service & Support For Business",realtimeca.com,realtimeca.com,https://www.linkedin.com/company/real-time-information-services,,,Fresno,California,US,93704
Reliant Electrical and Automation Inc.,reliant.services,reliant.services,,,,Fresno,California,US,93704
Rex Moore Electrical & Systems Contractors & Engineers,rexmoore.com,rexmoore.com,https://www.linkedin.com/company/rex-moore-electrical-contractors-&-engineers,,,Fresno,California,US,93727
Sebastian | Internet | Electrical | Security,sebastiancorp.com,sebastiancorp.com,,,,Fresno,California,US,93711
Shoots.Video - Video Production Company,shoots.video,shoots.video,,,,Fresno,California,US,93711
"Signature EquipoVision, LLC",academia.equipovision.com,academia.equipovision.com,,,,Fresno,California,US,93722
Skills Construction Fresno,skills-construction.com,skills-construction.com,,,,Fresno,California,US,93722
Skylink Sound Co,skylinksound.com,skylinksound.com,,,,Fresno,California,US,93729
Smart Home Improvements,smarthomeimprove.com,smarthomeimprove.com,,,,Fresno,California,US,93727
Smart Home Innovations,smarthomeinnovations.net,smarthomeinnovations.net,,,,Fresno,California,US,93726
Sound Contracting,soundcontracting.net,soundcontracting.net,,,,Fresno,California,US,93727
Stereo 1 Wherehouse & Window Tinting,stereo1wherehouse.com,stereo1wherehouse.com,,,,Fresno,California,US,93702
Surveillance Integration,survint.com,survint.com,,,,Fresno,California,US,93703
The Audio Outlet,theaudiooutletfresno.com,theaudiooutletfresno.com,,,,Fresno,California,US,93703
Vincent Communications Inc,vincentcom.com,vincentcom.com,,,,Fresno,California,US,93727
Westcom Systems Inc.,westcomsystems.com,westcomsystems.com,,,,Fresno,California,US,93722
WiseConn,wiseconn.com,wiseconn.com,https://www.linkedin.com/company/wiseconn-usa,,,Fresno,California,US,93722
Worldlight Media,worldlightmedia.com,worldlightmedia.com,https://www.linkedin.com/company/worldlight-media,,,Fresno,California,US,93711
CCS - Authorized Control4 Dealer,ccs-is.com,ccs-is.com,,,,Fullerton,California,US,92835
Executive Audio/Video,executiveaudiovideo.com,executiveaudiovideo.com,,,,Garden Grove,California,US,92841
Greater Cue Integrations,greatercue.com,greatercue.com,,,,Garden Grove,California,US,92840
ByDesign Vision & Sound Marketing,bydesignvsm.com,bydesignvsm.com,,,,Gardena,California,US,90248
Design Sound,designsound.com,designsound.com,,,,Gardena,California,US,90248
Active Integration,activeint.com,activeint.com,,,,Gilroy,California,US,95020
Galaxy Home Theatres,galaxyhometheatres.com,galaxyhometheatres.com,,,,Glendale,California,US,91205
Pro Audio L.A.,proaudiola.com,proaudiola.com,,,,Glendale,California,US,91204
SPARK Commercial AV,sparkcommercialav.com,sparkcommercialav.com,,,,Goleta,California,US,93117
"Audiomobile - Overlanding Accessories, Android Auto & Apple Play Car Services in Hayward",audiomobilehayward.com,audiomobilehayward.com,,,,Hayward,California,US,94544
Bay Alarm Company,bayalarm.com,bayalarm.com,https://www.linkedin.com/company/bay-alarm-company,,,Hayward,California,US,94545
GMS Audio Visual,gmsav.com,gmsav.com,,,,Hayward,California,US,94545
Sound Image,sound-image.com,sound-image.com,https://www.linkedin.com/company/southern-california-sound-image,,,Hayward,California,US,94545
Stereo Base,stereobase.com,stereobase.com,,,,Hayward,California,US,94544
Style Home Theaters,stylehometheaters.com,stylehometheaters.com,,,,Hermosa Beach,California,US,90254
Apex Audio,apexaudio.com,apexaudio.com,,,,Huntington Beach,California,US,92647
"Galaxy Audio Visual, Inc",galaxyaudiovisual.com,galaxyaudiovisual.com,,,,Huntington Beach,California,US,92647
"Ultimate Installz, Inc.",ultimateinstallz.com,ultimateinstallz.com,,,,Huntington Beach,California,US,92649
Vertex AV,vertexav.com,vertexav.com,,,,Huntington Beach,California,US,92647
New Wave Home Audio and Video,newwaveaudioandvideo.com,newwaveaudioandvideo.com,,,,Indio,California,US,92203
Just One Touch - Smart Home Automation,justonetouch.com,justonetouch.com,,,,Inglewood,California,US,90302
NITIDO AUDIO VIDEO,nitidoav.com,nitidoav.com,,,,Inglewood,California,US,90304
"AB Controls, Inc.",machinelogix.com,machinelogix.com,,,,Irvine,California,US,92618
AUDIOVISIONS,audiovisions.com,audiovisions.com,https://www.linkedin.com/company/audiovisions,,,Irvine,California,US,92618
Audio Images,audioimages.tv,audioimages.tv,,,,Irvine,California,US,92614
AudioQuest,audioquest.com,audioquest.com,https://www.linkedin.com/company/audioquest,,,Irvine,California,US,92614
BCS Consultants | AV Contractor | Security Surveillance Contractor | Cabling Contractor | C7 Low Voltage | Video Conferencing,bcsconsultants.com,bcsconsultants.com,https://www.linkedin.com/company/business-communications-solutions,,,Irvine,California,US,92618
"Control My AV, LLC",controlmyav.com,controlmyav.com,,,,Irvine,California,US,92618
"ETAP / Operation Technology, Inc.",etap.com,etap.com,https://www.linkedin.com/company/operation-technology-inc-,,,Irvine,California,US,92618
Eagle Communications,two-wayradio.com,two-wayradio.com,https://www.linkedin.com/company/eagle-communications-irvine-ca,,,Irvine,California,US,92618
FixaCal Electrician,fixacal.com,fixacal.com,https://www.linkedin.com/company/fixacal,,,Irvine,California,US,92619
Fuzion3,fuzion3lv.com,fuzion3lv.com,https://www.linkedin.com/company/fuzion-3,,,Irvine,California,US,92618
Golden State Audio Video,goldenstateav.com,goldenstateav.com,https://www.linkedin.com/company/golden-state-audio-video,,,Irvine,California,US,92614
Kubus Construction,kubuska.com,kubuska.com,,,,Irvine,California,US,92618
Launch Systems,launchav.com,launchav.com,,,,Irvine,California,US,92614
MiMedia - Audio Visual Productions,mmpav.com,mmpav.com,https://www.linkedin.com/company/mmpav,,,Irvine,California,US,92618
NIBAV LIFTS INC,nibavlifts.us,nibavlifts.us,https://www.linkedin.com/company/nibav-home-elevators-usa,,,Irvine,California,US,92618
OC Tech Innovations,octech.com,octech.com,https://www.linkedin.com/company/oc-tech-innovations,,,Irvine,California,US,92618
PMC Speakers USA,pmc-speakers.com,pmc-speakers.com,,,,Irvine,California,US,92614
"Professional Audio Video Communications, INC.",proavcomm.com,proavcomm.com,https://www.linkedin.com/company/professional-audio-video-communications-inc,,,Irvine,California,US,92618
Rock On Audio Video,rockonav.com,rockonav.com,,,,Irvine,California,US,92618
Shape Software,setshape.com,setshape.com,https://www.linkedin.com/company/shape-software,,,Irvine,California,US,92618
SkyBell Technologies Inc.,skybell.com,skybell.com,,,,Irvine,California,US,92618
Smart Systems Technologies,sstsun.com,sstsun.com,,,,Irvine,California,US,92618
Smartenit,smartenit.com,smartenit.com,,,,Irvine,California,US,92618
Sorena Car Audio,sorenacaraudio.com,sorenacaraudio.com,,,,Irvine,California,US,92614
"The Integration Works, LLC",integrationworks.com,integrationworks.com,,,,Irvine,California,US,92614
Wachter Regional Technology Office Irvine,wachter.com,wachter.com,https://www.linkedin.com/company/38222,,,Irvine,California,US,92618
moviTHERM,movitherm.com,movitherm.com,https://www.linkedin.com/company/movitherm,,,Irvine,California,US,92618
"Criterion Automation, Inc.",criterionautomation.com,criterionautomation.com,,,,Jurupa Valley,California,US,92509
Stellar Technology & Automation,s-tekk.com,s-tekk.com,https://www.linkedin.com/company/stellar-technology-automation,,,Jurupa Valley,California,US,92509
Sound Decision,sounddecisionav.com,sounddecisionav.com,,,,La Cañada Flintridge,California,US,91011
"Authorized Audio-Video, Inc",authorizedav.com,authorizedav.com,,,,La Habra,California,US,90631
Rhew Contracting,rhewcontracting.com,rhewcontracting.com,,,,La Jolla,California,US,92037
Winn Enterprises,winnenterprises.com,winnenterprises.com,,,,La Mesa,California,US,91942
AVS - Audio Video Services,avslq.com,avslq.com,,,,La Quinta,California,US,92253
Grindhouse Audio / Video,grindhouseav.com,grindhouseav.com,,,,La Quinta,California,US,92253
Integration Techs,integrationtechs.com,integrationtechs.com,,,,La Quinta,California,US,92253
Intelligent Technology Solutions,intelltechsolutions.com,intelltechsolutions.com,,,,La Quinta,California,US,92253
"Pro Circuit A.V.,Inc.",procircuitav.com,procircuitav.com,,,,La Quinta,California,US,92253
SMG Audio Video,smgaudiovideo.com,smgaudiovideo.com,,,,La Quinta,California,US,92253
WyreDreams,wyredreams.com,wyredreams.com,,,,La Verne,California,US,91750
O C Audio Visual Solutions,ocavs.com,ocavs.com,,,,Laguna Hills,California,US,92653
Orange Coast Audio/Video,ocav.com,ocav.com,,,,Laguna Niguel,California,US,92677
Technical Comfort,technicalcomfort.com,technicalcomfort.com,https://www.linkedin.com/company/technical-comfort,,,Laguna Niguel,California,US,92677
Central Electronics,hdtvcare.com,hdtvcare.com,,,,Lake Forest,California,US,92630
Clarity Experiences,clarityexperiences.com,clarityexperiences.com,,,,Lake Forest,California,US,92630
MikeTech Smart Homes & Home Theaters,miketechinc.com,miketechinc.com,,,,Lake Forest,California,US,92630
Production Access Group,productionaccessgroup.com,productionaccessgroup.com,,,,Lake Forest,California,US,92630
VCI Events,vcievents.com,vcievents.com,https://www.linkedin.com/company/vcievents,,,Lake Forest,California,US,92630
"Evolution Home Theatre, Inc.",evoht.com,evoht.com,,,,Lakeside,California,US,92040
JEC Integration Systems,jecintegration.com,jecintegration.com,,,,Lakewood,California,US,90712
Paramount Protechs,paramountprotechsllc.com,paramountprotechsllc.com,,,,Lakewood,California,US,90712
"Tech2 Systems, Inc.",tech2systems.com,tech2systems.com,,,,Lakewood,California,US,90712
Dream Home Entertainment,dreamhomeentertainment.net,dreamhomeentertainment.net,,,,Lincoln,California,US,95648
"CRISP Audio and Video, Inc.",crispav.com,crispav.com,,,,Lomita,California,US,90717
ASG Security,asg-security.com,asg-security.com,,,,Long Beach,California,US,90802
Al Rey Systems,alreysytems.com,alreysytems.com,,,,Long Beach,California,US,90805
As Builts - Precision Property Measurements,asbuiltdrawings.com,asbuiltdrawings.com,https://www.linkedin.com/company/2810269,,,Long Beach,California,US,90804
Astra Production Group Inc,astraproductions.com,astraproductions.com,,,,Long Beach,California,US,90804
Belmont Productions,belmontproductions.com,belmontproductions.com,,,,Long Beach,California,US,90814
"Blue Network, Inc. | IT Experts | Managed IT Services | IT Support",bluenetworkinc.com,bluenetworkinc.com,https://www.linkedin.com/company/blue-network-inc,,,Long Beach,California,US,90802
Coastline TV Installs,coastlinetvinstalls.com,coastlinetvinstalls.com,,,,Long Beach,California,US,90815
Collective Visions Productions,cvrecordings.com,cvrecordings.com,,,,Long Beach,California,US,90805
Digital Installers Inc,digitalinstallers.com,digitalinstallers.com,,,,Long Beach,California,US,90807
GM Automation & Controls,gmautomationandcontrols.com,gmautomationandcontrols.com,,,,Long Beach,California,US,90805
GM Electric Tech,gmelectrictech.com,gmelectrictech.com,,,,Long Beach,California,US,90805
Itech Low Voltage,itechlowvoltage.com,itechlowvoltage.com,,,,Long Beach,California,US,90804
Karmic Electrical,karmicelectrical.com,karmicelectrical.com,,,,Long Beach,California,US,90814
Local Trusted Electricians,localtrustedelectricians.com,localtrustedelectricians.com,,,,Long Beach,California,US,90813
Long Beach Audio Shop,longbeachaudioshopca.hibuwebsites.com,longbeachaudioshopca.hibuwebsites.com,,,,Long Beach,California,US,90806
Mario Castillo Electric,mariocastilloelectric.com,mariocastilloelectric.com,,,,Long Beach,California,US,90802
"PCH Custom Audio - Long Beach, CA",onlinecarstereo.com,onlinecarstereo.com,,,,Long Beach,California,US,90806
Pacific Blue Engineering,pacificblueengineering.com,pacificblueengineering.com,https://www.linkedin.com/company/pacific-blue-engineering,,,Long Beach,California,US,90755
Pacific Coast Studio,pacificcoaststudio.com,pacificcoaststudio.com,,,,Long Beach,California,US,90808
Smart Homes Remodeling & foundation,smartshomesremodelinginc.com,smartshomesremodelinginc.com,,,,Long Beach,California,US,90807
Specialty Doors & Automation,specialtydoorsofca.com,specialtydoorsofca.com,,,,Long Beach,California,US,90805
"V3, INC.",gotov3.com,gotov3.com,,,,Long Beach,California,US,90806
Audio Video Systems,avsone.com,avsone.com,,,,Loomis,California,US,95650
Carter Industrial Automation,carterautomation.com,carterautomation.com,,,,Los Alamitos,California,US,90720
IGI - Audio Visual Solutions,werigi.com,werigi.com,https://www.linkedin.com/company/igi---advanced-visualization-systems,,,Los Alamitos,California,US,90720
Industrial Automation Solution || Robot Integrator,industrial-automation-solution.com,industrial-automation-solution.com,,,,Los Alamitos,California,US,90720
Purpose Video Services,purposevideoservices.com,purposevideoservices.com,,,,Los Alamitos,California,US,90720
TechArts,techarts.net,techarts.net,,,,Los Alamitos,California,US,90720
CSIAV,csiav.com,csiav.com,,,,Los Altos,California,US,94024
AD Audio Pro LLC,adaudiopro.com,adaudiopro.com,,,,Los Angeles,California,US,91324
ALFRED'S TV MOUNTING LLC,alfredstvmounting.square.site,alfredstvmounting.square.site,,,,Los Angeles,California,US,90063
APD Smart Homes & Wiring,audioprodirect.com,audioprodirect.com,,,,Los Angeles,California,US,91303
AV Planners,avplanners.com,avplanners.com,https://www.linkedin.com/company/avplanners,,,Los Angeles,California,US,90036
Accurate Communication Services,accuratecommunicationservices.com,accuratecommunicationservices.com,https://www.linkedin.com/company/accurate-communication-services-inc,,,Los Angeles,California,US,90027
Ahead Stereo,aheadstereo.com,aheadstereo.com,,,,Los Angeles,California,US,90036
All American Audio Visual Event Solutions Los Angeles,aaaveventsolutions.com,aaaveventsolutions.com,,,,Los Angeles,California,US,90034
All American Audio Visual Los Angeles,allamericanav.com,allamericanav.com,,,,Los Angeles,California,US,90034
"Armtech Satellites, Inc",armtechservices.com,armtechservices.com,https://www.linkedin.com/company/armtech-satellites-inc,,,Los Angeles,California,US,90027
Audio Intervisual Design (AID Inc.),aidinc.com,aidinc.com,,,,Los Angeles,California,US,90034
Audio Perception,audioperception.com,audioperception.com,,,,Los Angeles,California,US,90014
Audio Video Automation System Design Exports,daveshometheater.com,daveshometheater.com,,,,Los Angeles,California,US,91307
"Audio Video Illusions, Inc",avillusions.com,avillusions.com,,,,Los Angeles,California,US,91602
"Audio Video West, Inc.",audiovideowest.com,audiovideowest.com,,,,Los Angeles,California,US,90025
Audiovideoking - TV Installation & Home Theater,audiovideoking.com,audiovideoking.com,,,,Los Angeles,California,US,90046
BAVI Home Tech,bavihometech.com,bavihometech.com,,,,Los Angeles,California,US,90049
BB One Technologies,bbone.tech,bbone.tech,https://www.linkedin.com/company/bbone-tech,,,Los Angeles,California,US,90068
Common Wave HiFi,commonwave.net,commonwave.net,,,,Los Angeles,California,US,90033
Empire Lakes Productions,empirelakes.co,empirelakes.co,https://www.linkedin.com/company/empire-lakes-productions,,,Los Angeles,California,US,90032
"Evolve Sound & Vision, Inc.",evolvesv.com,evolvesv.com,,,,Los Angeles,California,US,90069
FixItNow TV Mounting,tvmountnow.onhercules.app,tvmountnow.onhercules.app,,,,Los Angeles,California,US,90012
"ForTech Solutions, Inc.",fortechsolutions.com,fortechsolutions.com,https://www.linkedin.com/company/fortech-solutions-inc-,,,Los Angeles,California,US,91605
Future Home,fhtla.com,fhtla.com,,,,Los Angeles,California,US,90016
Gizmo,gizmo-la.com,gizmo-la.com,,,,Los Angeles,California,US,90025
Grindlex LLC,grindlex.com,grindlex.com,,,,Los Angeles,California,US,90012
HOME TECH INC,lahometech.com,lahometech.com,,,,Los Angeles,California,US,90035
Home Theater System & Gazebo: Los Angeles Getaway!,g.rentalsunited.com,g.rentalsunited.com,,,,Los Angeles,California,US,91340
Homi Home Automation,homihomeautomation.com,homihomeautomation.com,,,,Los Angeles,California,US,91423
Installation King,installationking.com,installationking.com,,,,Los Angeles,California,US,90066
IntellihomeAV & Smart Home Automation,intellihomeav.com,intellihomeav.com,,,,Los Angeles,California,US,90064
LA Techs,latechs.com,latechs.com,,,,Los Angeles,California,US,91411
Lumina Special Event Lighting & LED Video Wall Rentals,luminaeventlighting.com,luminaeventlighting.com,https://www.linkedin.com/company/luminala,,,Los Angeles,California,US,90021
Lutron’s LA Design Studio,experience.lutron.com,experience.lutron.com,,,,Los Angeles,California,US,90071
MIR Audio Video,miraudiovideo.com,miraudiovideo.com,https://www.linkedin.com/company/mir-audio-video,,,Los Angeles,California,US,90025
Montrose Audio Visual,montroseinc.com,montroseinc.com,,,,Los Angeles,California,US,90293
My Smarty Home,mysmartyhome.com,mysmartyhome.com,,,,Los Angeles,California,US,90038
Nirvana Home Entertainment,nirvanahomeentertainment.com,nirvanahomeentertainment.com,https://www.linkedin.com/company/nirvana-home-entertainment-inc,,,Los Angeles,California,US,90065
Optimum Surveillance,optimumsurveillance.com,optimumsurveillance.com,,,,Los Angeles,California,US,90032
Powerfull Systems,powerfullsystems.com,powerfullsystems.com,https://www.linkedin.com/company/powerfull-systems,,,Los Angeles,California,US,90019
Providence Sound And Vision,provsv.com,provsv.com,,,,Los Angeles,California,US,90039
Quick Tv Mounting and Installation,quicktvmounting.online,quicktvmounting.online,,,,Los Angeles,California,US,90017
Robert's Home Audio & Video,robertshomeav.com,robertshomeav.com,,,,Los Angeles,California,US,90035
SOS Electronics,sosusa.net,sosusa.net,,,,Los Angeles,California,US,90021
Secure Zone,securezonela.com,securezonela.com,,,,Los Angeles,California,US,90035
SimTech Electric & Automation Corp,simtechelectric.com,simtechelectric.com,,,,Los Angeles,California,US,90744
SmartSource,thesmartsource.com,thesmartsource.com,,,,Los Angeles,California,US,90061
Sonido Live,sonidolive.com,sonidolive.com,,,,Los Angeles,California,US,90021
SuperVision Audio+Video,supervisionav.com,supervisionav.com,,,,Los Angeles,California,US,90034
TSV Sound & Vision,tsvla.com,tsvla.com,,,,Los Angeles,California,US,91405
TV mount LAX,tvmountlax.com,tvmountlax.com,,,,Los Angeles,California,US,90005
Tech In Control,techincontrol.com,techincontrol.com,,,,Los Angeles,California,US,91411
Tech Smart Solutions,tss-techsmartsolutions.com,tss-techsmartsolutions.com,,,,Los Angeles,California,US,91352
The Hunter Group,control4.com,control4.com,https://www.linkedin.com/company/control4,,,Los Angeles,California,US,90045
The Wires Zone,thewireszone.com,thewireszone.com,,,,Los Angeles,California,US,90021
UrbanOrbits,urban-orbits.com,urban-orbits.com,,,,Los Angeles,California,US,90026
Video & Audio Center - Century City,videoandaudiocenter.com,videoandaudiocenter.com,,,,Los Angeles,California,US,90067
WOVA Event Technology Production and LED Video Wall,wova.com,wova.com,https://www.linkedin.com/company/wova---world-of-video-&-audio,,,Los Angeles,California,US,90016
"Automation & Entertainment, Inc",automationandentertainmentinc.com,automationandentertainmentinc.com,,,,Los Gatos,California,US,95033
Haven & Wire,havenandwire.com,havenandwire.com,,,,Los Gatos,California,US,95032
Design Technologies Automatic Gate Systems,affordableautomaticgates.com,affordableautomaticgates.com,,,,Madera,California,US,93636
LA Home Contractor Inc.,lahomecontractor.com,lahomecontractor.com,,,,Malibu,California,US,90265
LionTech Malibu,liontechla.com,liontechla.com,,,,Malibu,California,US,90265
Smart HVAC System,smarthvacsystem.com,smarthvacsystem.com,,,,Malibu,California,US,90265
Tri Star Electric & Automation,tristarelectricca.com,tristarelectricca.com,,,,Malibu,California,US,90265
Zoom Electricians,zoomelectricians.com,zoomelectricians.com,,,,Malibu,California,US,90265
PROJECT: automate,projectautomate.com,projectautomate.com,,,,Manhattan Beach,California,US,90266
Blue Lake Home Theater,bluelakehometheater.com,bluelakehometheater.com,,,,Markleeville,California,US,96120
Beard & Belt Handyman LLC,beardandbelt.com,beardandbelt.com,,,,Menlo Park,California,US,94025
Equiptek Labs Inc.,equiptek.com,equiptek.com,,,,Menlo Park,California,US,94025
Go Brilliant Electric,electricianmenlopark.com,electricianmenlopark.com,,,,Menlo Park,California,US,94025
"Techloop Electronics Repair and Sales ( iPhone, iPad, Mac, PC Repair and Sales)",techloop.repair,techloop.repair,,,,Menlo Park,California,US,94025
The Guild Theatre,guildtheatre.com,guildtheatre.com,,,,Menlo Park,California,US,94025
Spectrum Audio Visual,spectrumavmarin.com,spectrumavmarin.com,https://www.linkedin.com/company/spectrum-av-llc,,,Mill Valley,California,US,94941
Positive Electric,positive-electric.net,positive-electric.net,,,,Millbrae,California,US,94030
Audio Video Design Inc,avdinc.com,avdinc.com,,,,Mission Viejo,California,US,92691
Decret Design,decretdesign.com,decretdesign.com,,,,Montecito,California,US,93108
Axiom Home Tech,axiomhometech.com,axiomhometech.com,,,,Monterey,California,US,93940
Visions Audio Video,visionsav.com,visionsav.com,https://www.linkedin.com/company/visions-audio-video-inc-,,,Moorpark,California,US,93021
R & D Automation - A Vibratory Feeding Systems Company,randdautomation.com,randdautomation.com,,,,Moreno Valley,California,US,92553
Custom Innovations,custom-innovations.com,custom-innovations.com,,,,Morgan Hill,California,US,95037
QOVO Solutions Inc.,qovoinc.com,qovoinc.com,,,,Morgan Hill,California,US,95037
54 Electric Inc,54electric.com,54electric.com,,,,Mountain View,California,US,94041
Advanced Home Automation,advancedha.com,advancedha.com,,,,Mountain View,California,US,94041
Audio High,audiohigh.com,audiohigh.com,,,,Mountain View,California,US,94043
Evergreen Home Systems Inc | Lutron Smart Home | Ketra,evergreenhomesystems.com,evergreenhomesystems.com,,,,Mountain View,California,US,94040
"Inland Empire Audio Video Rentals, LLC",ieavr.com,ieavr.com,,,,Murrieta,California,US,92562
Aperture Media + Design,aperture.media,aperture.media,,,,Napa,California,US,94559
"Audio House Napa - Window Tinting, Car Audio, Paint Protection Film",audiohousenapa.com,audiohousenapa.com,,,,Napa,California,US,94559
Digital Connections,digital-connections.net,digital-connections.net,,,,Napa,California,US,94558
DigitalWeavers,digitalweavers.com,digitalweavers.com,,,,Napa,California,US,94559
Hyatt Electric Co,hyattelectric.com,hyattelectric.com,,,,Napa,California,US,94559
INDIGO LIVE | Napa Audio Visual,napa.indigolive.com,napa.indigolive.com,https://www.linkedin.com/company/3793674,,,Napa,California,US,94559
Inventive Films,inventivefilming.com,inventivefilming.com,,,,Napa,California,US,94558
"JD's Home Renovations, Inc.",jdshomerenovations.com,jdshomerenovations.com,,,,Napa,California,US,94558
Multitudes Agency,multitudes.agency,multitudes.agency,,,,Napa,California,US,94559
"Myles Davis Electric, Inc.",mylesdaviselectric.com,mylesdaviselectric.com,,,,Napa,California,US,94558
Napa Electric,napaelectric.com,napaelectric.com,,,,Napa,California,US,94558
Napa Valley Media,napavalleymedia.com,napavalleymedia.com,,,,Napa,California,US,94558
Napa Valley Outdoors,napavalleyoutdoors.com,napavalleyoutdoors.com,,,,Napa,California,US,94558
Northern California Audio Video,norcalav.net,norcalav.net,,,,Napa,California,US,94559
Pinnacle Live - Audio Visual Productions,pinnaclelive.com,pinnaclelive.com,https://www.linkedin.com/company/pinnacle-live,,,Napa,California,US,94558
Safety Training Seminars,safetytrainingseminars.com,safetytrainingseminars.com,https://www.linkedin.com/company/safety-training-seminars,,,Napa,California,US,94558
Vino Design Build,vinodesignbuild.com,vinodesignbuild.com,,,,Napa,California,US,94558
drapinski TV & Audio Inc,drapinskitv.com,drapinskitv.com,,,,Napa,California,US,94559
The Installer Shop,tishops.com,tishops.com,,,,National City,California,US,91950
Premier Automation Contractors,premierac.com,premierac.com,,,,Newark,California,US,94560
Automated Now,automatednow.com,automatednow.com,https://www.linkedin.com/company/automatednow,,,Newport Beach,California,US,92660
"EEI Systems - Quality Audio, Video, Lighting, Electrical, And Control Systems",eeisystems.com,eeisystems.com,,,,Newport Beach,California,US,92660
Excel Audio,excelaudio.us,excelaudio.us,,,,Newport Beach,California,US,92660
Pacific Coast Audio-Video,pacificcoastav.com,pacificcoastav.com,,,,Newport Beach,California,US,92625
Smart Home Window Treatments,site-wfwpqlbg2.godaddysites.com,site-wfwpqlbg2.godaddysites.com,,,,Newport Beach,California,US,92660
So Cal Audio Solutions,socalaudiosolutions.com,socalaudiosolutions.com,,,,Newport Beach,California,US,92660
Selective Security Systems Inc.,selectivesecuritysystems.com,selectivesecuritysystems.com,,,,Nipomo,California,US,93444
GitsTel - Sacramento Managed IT Services Company,gitstel.com,gitstel.com,https://www.linkedin.com/company/gitstel,,,North Highlands,California,US,95660
Skyline Design Build Inc,skylinebuildinc.com,skylinebuildinc.com,,,,North Highlands,California,US,95660
"AC-DC AUTOMATION INC: HOME AUTOMATION, AUDIO, VIDEO, THEATER, LIGHTING, SECURITY, CAMERAS",acdcautomation.com,acdcautomation.com,,,,North Hollywood,California,US,91606
ION AVT Inc.,ionavt.com,ionavt.com,https://www.linkedin.com/company/ionavt,,,North Hollywood,California,US,91605
AMR Productions Audio Video & Film Transfers,amrproductionsinc.com,amrproductionsinc.com,,,,Novato,California,US,94949
Core Audio Designs,coreaudiodesign.com,coreaudiodesign.com,,,,Novato,California,US,94945
Home Cinema Marin -,homecinemamarin.com,homecinemamarin.com,,,,Novato,California,US,94949
Jacopi Designs smart home audio & video installations,jacopidesigns.com,jacopidesigns.com,,,,Novato,California,US,94949
Performance Media Industries (PMI),pmiltd.com,pmiltd.com,,,,Novato,California,US,94949
Proava Tech - Expert Home & Commercial Automation,proavatech.com,proavatech.com,,,,Novato,California,US,94949
SoundVision,svsf.com,svsf.com,,,,Novato,California,US,94949
Alan Cash Video,alancashvideo.com,alancashvideo.com,,,,Oakland,California,US,94611
Analog to Digital,analog-to-digital.net,analog-to-digital.net,,,,Oakland,California,US,94610
Associated Lighting Reps Inc,alrinc.com,alrinc.com,,,,Oakland,California,US,94621
Audio Visual Consultants,avconsultants.com,avconsultants.com,https://www.linkedin.com/company/audio-visual-consultants,,,Oakland,California,US,94610
CA&C Video Productions,cacvideo.com,cacvideo.com,https://www.linkedin.com/company/cacvideo,,,Oakland,California,US,94612
EV Electrical,temtechla.com,temtechla.com,,,,Oakland,California,US,94601
GUTA TECH,gutatech.com,gutatech.com,,,,Oakland,California,US,94609
Home Smart Improvements-Oakland,homesmartimprovements.com,homesmartimprovements.com,,,,Oakland,California,US,94607
Know Audio,knowaudio.com,knowaudio.com,,,,Oakland,California,US,94607
Momentum Electrical Contractors,momentum-electric.com,momentum-electric.com,,,,Oakland,California,US,94608
"Montage Videos, Inc.",getmontage.co,getmontage.co,,,,Oakland,California,US,94618
Oakland Hi-Fi,oaklandhifi.com,oaklandhifi.com,,,,Oakland,California,US,94606
Safe and Sound Security,getsafeandsound.com,getsafeandsound.com,https://www.linkedin.com/company/safe-and-sound-security,,,Oakland,California,US,94612
Same Day Installations,samedayinstallations.com,samedayinstallations.com,,,,Oakland,California,US,94607
Sonic Satellites Recording,sonicsatellites.com,sonicsatellites.com,,,,Oakland,California,US,94601
"SoundWare, Inc",soundware.io,soundware.io,,,,Oakland,California,US,94612
"Total DVR, USMI",totaldvr.com,totaldvr.com,,,,Oakland,California,US,94612
VIsual Life Music Group,visuallifemusicgroup.com,visuallifemusicgroup.com,,,,Oakland,California,US,94601
"Waveworks AV, Inc.",waveworksav.com,waveworksav.com,,,,Oakland,California,US,94607
XK Estates,xk-estates.com,xk-estates.com,https://www.linkedin.com/company/104832227,,,Oakland,California,US,94607
Commercial Audio Video Installation Orange County,commercialaudiovideoinstallationorangecounty.com,commercialaudiovideoinstallationorangecounty.com,,,,Orange,California,US,92866
"Experience Audio Video, Inc.",experienceaudiovideo.com,experienceaudiovideo.com,,,,Orange,California,US,92867
Home Media Solutions,hmsav.com,hmsav.com,,,,Orange,California,US,92867
Home Theater Installation Orange County,hometheaterinstallationorangecounty.com,hometheaterinstallationorangecounty.com,,,,Orange,California,US,92866
Dan's TV Mounting,danstvmounting.com,danstvmounting.com,,,,Orangevale,California,US,95662
24inControl Security & Automation,24incontrol.com,24incontrol.com,,,,Orinda,California,US,94563
AHC Alarms - Coachella Valley Security System & Alarm,ahcalarms.com,ahcalarms.com,,,,Palm Desert,California,US,92211
AV Pro Support,avprosupport.com,avprosupport.com,,,,Palm Desert,California,US,92211
"AVIR, Inc.",avir.com,avir.com,,,,Palm Desert,California,US,92211
Audio Video Concepts,audiovideoconceptsusa.com,audiovideoconceptsusa.com,,,,Palm Desert,California,US,92260
Audio Video Systems Solutions,desertavss.com,desertavss.com,,,,Palm Desert,California,US,92211
Automation Pride,automationpride.com,automationpride.com,,,,Palm Desert,California,US,92211
"Black Sheep Electric, Inc.",sheepelectric.net,sheepelectric.net,,,,Palm Desert,California,US,92211
Desert Alarm inc,desertalarm.com,desertalarm.com,,,,Palm Desert,California,US,92260
Digital Integration,diavht.com,diavht.com,,,,Palm Desert,California,US,92211
Expert Alarm,expertalarm.com,expertalarm.com,,,,Palm Desert,California,US,92260
First Call Security and Sound,firstcallpd.com,firstcallpd.com,,,,Palm Desert,California,US,92260
Palmer Electric,palmerelectricco.com,palmerelectricco.com,,,,Palm Desert,California,US,92260
Premier Satellite Communications Inc,pscsatellite.com,pscsatellite.com,,,,Palm Desert,California,US,92260
STV Audio Video,stvav.com,stvav.com,,,,Palm Desert,California,US,92211
Smart Tech Protect,smarttechprotect.com,smarttechprotect.com,,,,Palm Desert,California,US,92211
Elite Iron & Electric,eliteironps.com,eliteironps.com,,,,Palm Springs,California,US,92262
Encore,encoreglobal.com,encoreglobal.com,,,,Palm Springs,California,US,92262
High Voltage Electrical,highvoltage-electrical.com,highvoltage-electrical.com,,,,Palm Springs,California,US,92262
Homepixels,homepixels.com,homepixels.com,,,,Palm Springs,California,US,92262
PS212 HOME,ps212home.com,ps212home.com,,,,Palm Springs,California,US,92262
Palm Springs Recording Studios,palmspringsrecordingstudios.com,palmspringsrecordingstudios.com,,,,Palm Springs,California,US,92264
Recording Connection Audio Institute,recordingconnection.com,recordingconnection.com,,,,Palm Springs,California,US,92262
Revolution Stage Company,revolutionstagecompany.com,revolutionstagecompany.com,,,,Palm Springs,California,US,92264
Voiceovers By Jen,voiceoversbyjen.com,voiceoversbyjen.com,,,,Palm Springs,California,US,92262
soundengineer,111psyouarehear.gov,111psyouarehear.gov,,,,Palm Springs,California,US,92264
Apple Palo Alto,apple.com,apple.com,,,,Palo Alto,California,US,94301
Hometech Construction & Design,hometechdesignstudio.com,hometechdesignstudio.com,,,,Palo Alto,California,US,94301
Immersive Experiences - Home Theater Design & Installation,immexperiences.com,immexperiences.com,,,,Palo Alto,California,US,94301
LumElec LLC,lumelec.net,lumelec.net,,,,Palo Alto,California,US,94303
Palo Alto Players,paplayers.org,paplayers.org,,,,Palo Alto,California,US,94301
Smart4Smart,smartforsmart.com,smartforsmart.com,,,,Palo Alto,California,US,94306
Stanford Theatre,stanfordtheatre.org,stanfordtheatre.org,,,,Palo Alto,California,US,94301
Viking Systems Inc,vikingsys.com,vikingsys.com,,,,Palo Alto,California,US,94306
Advanced Home Cinema & Sound,advancedhomecinema.com,advancedhomecinema.com,,,,Palo Cedro,California,US,96073
ALTA Video Productions,altavp.com,altavp.com,,,,Pasadena,California,US,91106
"Alcala Consulting, Inc.",alcalaconsulting.com,alcalaconsulting.com,https://www.linkedin.com/company/alcala-consulting-inc,,,Pasadena,California,US,91101
AllSafe IT,allsafeit.com,allsafeit.com,,,,Pasadena,California,US,91101
Audio Crafters,audiocrafters.net,audiocrafters.net,,,,Pasadena,California,US,91107
Audio Element,audio-element.com,audio-element.com,,,,Pasadena,California,US,91103
"Foothill Integrated Systems, Inc.",foothillav.com,foothillav.com,,,,Pasadena,California,US,91107
HCI Systems Inc.,hcisystems.net,hcisystems.net,https://www.linkedin.com/company/hci-systems-inc,,,Pasadena,California,US,91101
J D Audio Visual,jdav.com,jdav.com,,,,Pasadena,California,US,91107
MIA Design Group,miadesigngroup.com,miadesigngroup.com,,,,Pasadena,California,US,91104
MONACO Audio Video Pasadena,monacoav.com,monacoav.com,,,,Pasadena,California,US,91101
Mobile Motorsports Inc,mobile-motorsports.com,mobile-motorsports.com,,,,Pasadena,California,US,91107
Pasadena Playhouse,pasadenaplayhouse.org,pasadenaplayhouse.org,,,,Pasadena,California,US,91101
Pasadena Repair Pro,pasadenarepairpro.com,pasadenarepairpro.com,,,,Pasadena,California,US,91101
Sonido & Electronica,cableinternetinmyarea.com,cableinternetinmyarea.com,,,,Pasadena,California,US,91104
Sound & Shades,soundandshades.com,soundandshades.com,https://www.linkedin.com/company/soundandshades,,,Pasadena,California,US,91101
Sunrise Integration,sunriseintegration.com,sunriseintegration.com,,,,Pasadena,California,US,91103
Three Factor Security Cameras Installation Pasadena,threefactorsecurity.com,threefactorsecurity.com,,,,Pasadena,California,US,91103
Woody's Home,woodyshome.com,woodyshome.com,,,,Pasadena,California,US,91101
Paso Integrated,pasointergrated.com,pasointergrated.com,,,,Paso Robles,California,US,93446
ELAN HOME SYSTEMS,elanu.com,elanu.com,https://www.linkedin.com/company/nice-spa,,,Petaluma,California,US,94954
Avista Audio Visual Rentals,avistarentals.com,avistarentals.com,,,,Pleasant Hill,California,US,94523
Camber Integration,camberintegration.com,camberintegration.com,,,,Pleasant Hill,California,US,94523
Visual Sound Solutions,visualsoundsolutions.net,visualsoundsolutions.net,,,,Pleasant Hill,California,US,94523
World of Sound & Vision,wosv.com,wosv.com,https://www.linkedin.com/company/world-of-sound-vision,,,Pleasant Hill,California,US,94523
VIP Audio Visual Company,vipav.com,vipav.com,https://www.linkedin.com/company/vip-audio-visual-company,,,Pleasanton,California,US,94588
Environmental Lights,environmentallights.com,environmentallights.com,,,,Poway,California,US,92064
VG-TECH Automated Gates,desertautomatedgates.com,desertautomatedgates.com,,,,Rancho Mirage,California,US,92270
Brett DeMaria Consulting,brettdemaria.com,brettdemaria.com,,,,Rancho Santa Fe,California,US,92091
Rancho Santa Fe Audio Video,ranchosantafeaudiovideo.com,ranchosantafeaudiovideo.com,,,,Rancho Santa Fe,California,US,92091
SoLV Audio Video,solvsd.com,solvsd.com,https://www.linkedin.com/company/solv-sd,,,Rancho Santa Fe,California,US,92067
Reaction Audio Visual,reactionav.com,reactionav.com,,,,Rancho Santa Margarita,California,US,92688
Future Automation & Design,futureautomationdesign.com,futureautomationdesign.com,,,,Redondo Beach,California,US,90277
Home Theater Doctor,home-theater-doctor.poi.place,home-theater-doctor.poi.place,,,,Redondo Beach,California,US,90278
Image & Sound,imageandsound.me,imageandsound.me,,,,Redondo Beach,California,US,90277
Ace Handyman Services Hassett,acehandymanservices.com,acehandymanservices.com,,,,Redwood City,California,US,94061
Audio Video Workshop,av-workshop.com,av-workshop.com,,,,Redwood City,California,US,94061
Automatic Gate Guys,automaticgatesservices.com,automaticgatesservices.com,,,,Redwood City,California,US,94063
CM Handyman Services,cmhandymanredwoodcity.com,cmhandymanredwoodcity.com,,,,Redwood City,California,US,94063
MRK Electricians Redwood,mrk-electricians-redwood.ueniweb.com,mrk-electricians-redwood.ueniweb.com,,,,Redwood City,California,US,94063
Mint Construction,mintconstruction.pro,mintconstruction.pro,,,,Redwood City,California,US,94061
"STEIGER DYNAMICS - Quiet Rackmount PCs, Workstations, Gaming PCs, Servers, HTPCs",steigerdynamics.com,steigerdynamics.com,,,,Redwood City,California,US,94063
AMAZING HOME BUILDERS,amazinghomebuilders.com,amazinghomebuilders.com,,,,Rescue,California,US,95672
David Carroll Associates,davidcarroll.com,davidcarroll.com,,,,Richmond,California,US,94804
"Electronic Innovations, Inc.",electronicinnovations.com,electronicinnovations.com,,,,Richmond,California,US,94801
AVS Security Camera & Alarm,shopavs.com,shopavs.com,,,,Riverside,California,US,92503
Advanced Car Stereo Riverside(10555 Magnolia Ave Riverside 92505),advancedcarstereo.com,advancedcarstereo.com,,,,Riverside,California,US,92505
"Alarmax Distributors, Riverside CA",alarmax.com,alarmax.com,https://www.linkedin.com/company/alarmaxusa,,,Riverside,California,US,92507
Auto Stereo of Riverside,autostereoriverside.com,autostereoriverside.com,,,,Riverside,California,US,92506
Emergency Response Systems Inc,ersi.pro,ersi.pro,,,,Riverside,California,US,92507
Emerson Automation Solutions,emerson.com,emerson.com,,,,Riverside,California,US,92507
Empire Technologies Group Inc.,empiretechs.com,empiretechs.com,https://www.linkedin.com/company/empire-technologies-group-inc-,,,Riverside,California,US,92503
"Haven Controls and Electric, Inc.",havencontrols-electric.com,havencontrols-electric.com,,,,Riverside,California,US,92508
IE Alarm Systems,iealarm.com,iealarm.com,https://www.linkedin.com/company/ie-alarm-systems,,,Riverside,California,US,92507
"Immersive Sound, LLC",immersivesoundllc.com,immersivesoundllc.com,,,,Riverside,California,US,92504
Inland Lighting Supplies,inlandlightingsupplies.com,inlandlightingsupplies.com,,,,Riverside,California,US,92507
Inside Technologies,insidetechnologies.net,insidetechnologies.net,,,,Riverside,California,US,92507
KME (Formerly Active IT Solutions) - Riverside Managed IT Services,kmesystems.com,kmesystems.com,https://www.linkedin.com/company/kme-systems,,,Riverside,California,US,92507
KPS Alarms,kpsalarms.com,kpsalarms.com,https://www.linkedin.com/company/kps-alarms-inc.-d-b-a-kps-powerhome-%26-kps-fire-sprinklers-inc.,,,Riverside,California,US,92505
Linkswell,linkswellinc.com,linkswellinc.com,,,,Riverside,California,US,92507
Magnolia Heating and Cooling,maghvac.com,maghvac.com,,,,Riverside,California,US,92504
Powerlan,powerlanlv.com,powerlanlv.com,,,,Riverside,California,US,92503
Prime System Industrial Automation,psia.biz,psia.biz,,,,Riverside,California,US,92507
ProAudio 103,proaudio103.myshopify.com,proaudio103.myshopify.com,,,,Riverside,California,US,92503
SoCal Gates and Doors,socalgatesanddoors.com,socalgatesanddoors.com,,,,Riverside,California,US,92508
Systems Electronics,systemselectronicsinc.com,systemselectronicsinc.com,,,,Riverside,California,US,92507
TDG Audio - The Davinci Group,tdgaudio.com,tdgaudio.com,,,,Riverside,California,US,92507
e-con Systems® Inc - Riverside,e-consystems.com,e-consystems.com,,,,Riverside,California,US,92505
Audio Video Link,audiovideolink.com,audiovideolink.com,,,,Rocklin,California,US,95765
Hood Branco Innovations Inc,hb-innovations.com,hb-innovations.com,https://www.linkedin.com/company/263018,,,Rocklin,California,US,95677
Bright Home Services,brighthomeusa.com,brighthomeusa.com,,,,Roseville,California,US,95746
Theater Xtreme,theaterxtreme.tv,theaterxtreme.tv,,,,Roseville,California,US,95678
AV8 Technologies,av8tech.com,av8tech.com,,,,SF,California,US,94102
Bug I'd,bugid.com,bugid.com,https://www.linkedin.com/company/bug-id-inc,,,SF,California,US,94133
IQvideo - San Francisco Video Production,iqvideo.net,iqvideo.net,,,,SF,California,US,94104
"Pro Audio Repairs at Pro AV Resource, Inc.",proavresource.com,proavresource.com,,,,SF,California,US,94110
Projection Presentation Tech,projection.com,projection.com,,,,SF,California,US,94103
San Francisco AV Rentals,sanfranciscoavrentals.com,sanfranciscoavrentals.com,,,,SF,California,US,94107
San Francisco Corporate Photo and Video,sfphotovideo.com,sfphotovideo.com,,,,SF,California,US,94118
SmartHome Appliances & HVAC,smarthome-appliance.com,smarthome-appliance.com,,,,SF,California,US,94107
The Audio Visual Rental,theaudiovisualrental.com,theaudiovisualrental.com,,,,SF,California,US,94103
Westwave AV,westwaveav.com,westwaveav.com,,,,SF,California,US,94103
World of Stereo,worldofstereo.com,worldofstereo.com,,,,SF,California,US,94103
"A&E Digital Productions, LLC",aedigitalproductions.com,aedigitalproductions.com,,,,Sacramento,California,US,95824
AAA Electrical Services,aaaes.com,aaaes.com,,,,Sacramento,California,US,95815
ADT Security Services,adt.com,adt.com,,,,Sacramento,California,US,95834
AVProSupply,avprosupply.com,avprosupply.com,,,,Sacramento,California,US,95834
Advance Sound & Electronics,4ase.com,4ase.com,,,,Sacramento,California,US,95841
Alive Media,aliveav.com,aliveav.com,,,,Sacramento,California,US,95838
Andrew Conn Audio Post Production,andrewconnaudio.com,andrewconnaudio.com,,,,Sacramento,California,US,95828
Arden Audio,ardenwayaudio.com,ardenwayaudio.com,,,,Sacramento,California,US,95825
Associated Sound,associatedsound.com,associatedsound.com,,,,Sacramento,California,US,95815
Astro Security Monitoring,astrosecuritymonitoring.com,astrosecuritymonitoring.com,,,,Sacramento,California,US,95822
Audio Performance Soundworx,youreventlists.com,youreventlists.com,,,,Sacramento,California,US,95822
Audio Visual Direct,audio-visual-direct.com,audio-visual-direct.com,,,,Sacramento,California,US,95834
BZBGEAR,bzbgear.com,bzbgear.com,,,,Sacramento,California,US,95834
CTM Sound - Event production. Audio Visual Installation.,ctmsound.com,ctmsound.com,,,,Sacramento,California,US,95826
CitySound,citysoundsoundbyte.com,citysoundsoundbyte.com,,,,Sacramento,California,US,95818
EverLights,myeverlights.com,myeverlights.com,,,,Sacramento,California,US,95821
Fathom Sound,fathomsound.com,fathomsound.com,,,,Sacramento,California,US,95815
Gates & Controls,gatesandcontrols.com,gatesandcontrols.com,,,,Sacramento,California,US,95842
Golden Stage Media,goldenstagemedia.com,goldenstagemedia.com,,,,Sacramento,California,US,95833
Hi-Line Electric Co,hilineelectric.com,hilineelectric.com,,,,Sacramento,California,US,95811
Home Security Experts,thehomesecurityexperts.com,thehomesecurityexperts.com,,,,Sacramento,California,US,95834
Home Theater Company,hometheatercompany.com,hometheatercompany.com,,,,Sacramento,California,US,95815
Kline Music,klinemusic.com,klinemusic.com,,,,Sacramento,California,US,95822
Lofings Lighting,lofingslighting.com,lofingslighting.com,,,,Sacramento,California,US,95816
MSM Home Solutions Inc,msmhomesolutions.com,msmhomesolutions.com,,,,Sacramento,California,US,95841
Metro Audio Visual Productions,metroaudiovisual.com,metroaudiovisual.com,,,,Sacramento,California,US,95834
MetroMedia Productions,metromedia-productions.com,metromedia-productions.com,,,,Sacramento,California,US,95834
Mr. Security Camera - Live Video Monitoring,mrsecuritycamera.com,mrsecuritycamera.com,,,,Sacramento,California,US,95834
Networksound,networksound.com,networksound.com,,,,Sacramento,California,US,95825
OldTown Electric Inc.,oldtownelectricinc.com,oldtownelectricinc.com,,,,Sacramento,California,US,95814
"Pacific Music Group | Pro Audio, Lighting and Stage Rental",pacific-music-group.com,pacific-music-group.com,,,,Sacramento,California,US,95834
Paradyme for Home | Outdoor,paradyme.com,paradyme.com,,,,Sacramento,California,US,95825
Phat Phlavas Ent LLC,phatphlavasent.com,phatphlavasent.com,,,,Sacramento,California,US,95842
Republic Elite Integration,republiceliteintegration.com,republiceliteintegration.com,https://www.linkedin.com/company/republic-elite-integration-inc-,,,Sacramento,California,US,95827
Right Choice Pro Audio & Lighting,rcproaudio.com,rcproaudio.com,,,,Sacramento,California,US,95821
SYNC AVN,syncavn.com,syncavn.com,https://www.linkedin.com/company/wix-com,,,Sacramento,California,US,95834
Sight & Sound Audio Visual,ssaudiovisual.com,ssaudiovisual.com,,,,Sacramento,California,US,95826
Skip's Music - Sacramento,skipsmusic.com,skipsmusic.com,,,,Sacramento,California,US,95841
"Specialized Audio & Video, Inc.",specializedav.com,specializedav.com,,,,Sacramento,California,US,95814
"TLC Tech | Managed IT Services Company in Sacramento, CA",tlctech.com,tlctech.com,,,,Sacramento,California,US,95864
Technology Integration Group,tig.com,tig.com,,,,Sacramento,California,US,95814
"Telenet Solutions - Voip & Phone Services in Sacramento, CA",telenetsolutions.com,telenetsolutions.com,,,,Sacramento,California,US,95814
"The Sofia, Home of B Street Theatre",bstreettheatre.org,bstreettheatre.org,,,,Sacramento,California,US,95816
Turntables Unlimited,emergenthome.com,emergenthome.com,,,,Sacramento,California,US,95825
XXXX Audio Systems,4xaudio.com,4xaudio.com,,,,Sacramento,California,US,95811
Zions Security Alarms,zionssecurity.com,zionssecurity.com,,,,Sacramento,California,US,95833
Media Systems Group,baymedia.net,baymedia.net,,,,Salinas,California,US,93908
ATI- Affordable Technology Inc,atipro.net,atipro.net,https://www.linkedin.com/company/affordable-technology-inc,,,San Bernardino,California,US,92408
Levines Lights,levineslights.com,levineslights.com,https://www.linkedin.com/company/levine-s-lights,,,San Carlos,California,US,94070
"Regent5 - Smart Home Automation, Savant, Control4, Ketra, and Lutron Dealer",regent5.com,regent5.com,,,,San Carlos,California,US,94070
zettacomm Automated Lifestyle,zettacomm.com,zettacomm.com,,,,San Carlos,California,US,94070
Montrose Audio Visual,montroseav.com,montroseav.com,,,,San Clemente,California,US,92673
5 North Media,5northmedia.com,5northmedia.com,,,,San Diego,California,US,92121
Acoustic Evolution,acousticevolution.com,acousticevolution.com,https://www.linkedin.com/company/acoustic-evolution-llc,,,San Diego,California,US,92128
Aire Theater Designs,airetheaterdesigns.com,airetheaterdesigns.com,,,,San Diego,California,US,92123
Alma Music & Audio,almaaudio.com,almaaudio.com,,,,San Diego,California,US,92111
American Home Automation,aha-av.com,aha-av.com,,,,San Diego,California,US,92107
Ameritechs,ameritechs.co,ameritechs.co,https://www.linkedin.com/company/ameritechs,,,San Diego,California,US,92111
"Audio Impact, Inc",audioimpact.com,audioimpact.com,,,,San Diego,California,US,92121
Audio Video Supply Inc.,avsupply.com,avsupply.com,,,,San Diego,California,US,92111
Breakout Audio Visual,breakoutaudiovisual.com,breakoutaudiovisual.com,,,,San Diego,California,US,92111
Digital Home Lifestyles,digitalhomesd.com,digitalhomesd.com,,,,San Diego,California,US,92117
"Emerald Audio Visual, LLC",emeraldaudiovisual.com,emeraldaudiovisual.com,,,,San Diego,California,US,92109
Enviro-Tech Industries - San Diego,envirotechsd.com,envirotechsd.com,https://www.linkedin.com/company/envirotechsd,,,San Diego,California,US,92126
EventAVision Audio Visual,eventavision.com,eventavision.com,,,,San Diego,California,US,92117
Fuse Integration,fuseintegration.com,fuseintegration.com,https://www.linkedin.com/company/fuse-integration,,,San Diego,California,US,92111
Golden State CCTV Inc.,goldenstatecctv.com,goldenstatecctv.com,,,,San Diego,California,US,92110
HD Hookups,hdhookups.com,hdhookups.com,,,,San Diego,California,US,92111
Halcyon Security Solutions,halcyonmss.com,halcyonmss.com,,,,San Diego,California,US,92117
Home Controls,homecontrols.com,homecontrols.com,https://www.linkedin.com/company/home-controls-inc,,,San Diego,California,US,92126
INFINITY SHIELD,infinity-shield.com,infinity-shield.com,,,,San Diego,California,US,92127
Innovation Technologies,myinnovationtech.com,myinnovationtech.com,,,,San Diego,California,US,92108
Integrated Technologies Group,integratedtg.com,integratedtg.com,,,,San Diego,California,US,92123
Intelligent Audio Visual,intelligentaudiovisual.com,intelligentaudiovisual.com,,,,San Diego,California,US,92131
Kaminskiy Care and Repair,careandrepair.com,careandrepair.com,,,,San Diego,California,US,92128
LIGHTWORKS,sdlightworks.com,sdlightworks.com,https://www.linkedin.com/company/sdlightworks,,,San Diego,California,US,92126
La Jolla Audio,lajollaaudio.com,lajollaaudio.com,,,,San Diego,California,US,92109
La Jolla Security Systems,lajollasecurity.com,lajollasecurity.com,,,,San Diego,California,US,92109
Lightstyle Automated Systems,lightstyle-inc.com,lightstyle-inc.com,,,,San Diego,California,US,92123
MOONLIGHT AUDIO VISUAL PRO,moonlightavpro.com,moonlightavpro.com,,,,San Diego,California,US,92101
Masters Mount,mastersmount.com,mastersmount.com,,,,San Diego,California,US,92122
Modern Home Systems,modernhomesystems.com,modernhomesystems.com,https://www.linkedin.com/company/modern-home-systems,,,San Diego,California,US,92121
Modern Mounters,modernmounters.com,modernmounters.com,,,,San Diego,California,US,92110
One Touch Living,1touchliving.com,1touchliving.com,,,,San Diego,California,US,92127
Performance Automation Solutions,pascontrols.com,pascontrols.com,,,,San Diego,California,US,92121
"Plug N Play, Inc. - Technology Integrator",plugnplaytv.com,plugnplaytv.com,,,,San Diego,California,US,92117
Premier Sound Technology,premiersoundtechnology.com,premiersoundtechnology.com,,,,San Diego,California,US,92115
"Real Home Security, LLC- Authorized ADT Dealer",realhomesecurityllc.com,realhomesecurityllc.com,,,,San Diego,California,US,92123
San Diego Audio Video,sdav.com,sdav.com,,,,San Diego,California,US,92111
SmarTek Home,smartek-home.com,smartek-home.com,,,,San Diego,California,US,92123
Smart Shield Systems Commercial & Residential Security,smartshieldsystems.com,smartshieldsystems.com,https://www.linkedin.com/company/smart-shield-systems,,,San Diego,California,US,92123
Snap One Partner Store,snaponepartnerstore.com,snaponepartnerstore.com,,,,San Diego,California,US,92123
Sound Automation Inc,soundautomation.net,soundautomation.net,,,,San Diego,California,US,92120
Sound Ideas AV,soundideas-av.com,soundideas-av.com,,,,San Diego,California,US,92126
Stereo Unlimited,stereounlimitedsd.com,stereounlimitedsd.com,,,,San Diego,California,US,92110
Tape Heads Audio LLC,tapeheadsaudio.com,tapeheadsaudio.com,,,,San Diego,California,US,92105
Tazz Lighting Inc,tazzlighting.com,tazzlighting.com,https://www.linkedin.com/company/wix-com,,,San Diego,California,US,92121
Tv Mount Master San Diego,tvmountsmaster.com,tvmountsmaster.com,,,,San Diego,California,US,92122
"Velocity Audio Visual, Inc.",velocityavs.com,velocityavs.com,,,,San Diego,California,US,92120
Video to DVD,videotoodvd.com,videotoodvd.com,,,,San Diego,California,US,92108
Voice and Video,voiceandvideosales.com,voiceandvideosales.com,,,,San Diego,California,US,92123
Voice and Video Rentals,voiceandvideo.com,voiceandvideo.com,,,,San Diego,California,US,92111
Wired Low Voltage Inc,wiredsd.com,wiredsd.com,,,,San Diego,California,US,92120
AVS,avsnext.com,avsnext.com,https://www.linkedin.com/company/avsnext,,,San Francisco,California,US,94110
Audio Vision San Francisco,audiovisionsf.com,audiovisionsf.com,,,,San Francisco,California,US,94109
Aurora Solar Inc.,aurorasolar.com,aurorasolar.com,,,,San Francisco,California,US,94104
Avenue Code,avenuecode.com,avenuecode.com,https://www.linkedin.com/company/airevolutioncompany,,,San Francisco,California,US,94108
Best Buy,stores.bestbuy.com,stores.bestbuy.com,,,,San Francisco,California,US,94103
Canary Technologies,canarytechnologies.com,canarytechnologies.com,https://www.linkedin.com/company/canarytech,,,San Francisco,California,US,94111
Commuataive Home Safety Services | San Francisco,business.google.com,business.google.com,,,,San Francisco,California,US,94133
DoItForMe.Solutions,doitforme.solutions,doitforme.solutions,,,,San Francisco,California,US,94103
Everything Audio Visual,everythingav.com,everythingav.com,,,,San Francisco,California,US,94124
Fieldwire by Hilti,fieldwire.com,fieldwire.com,https://www.linkedin.com/company/fieldwirebyhilti,,,San Francisco,California,US,94105
First Tech Networks,securitycamerainstallationsf.com,securitycamerainstallationsf.com,,,,San Francisco,California,US,94118
Fog City Audio Visual,fogcityaudiovisual.com,fogcityaudiovisual.com,,,,San Francisco,California,US,94109
Hermary's LLC,hermarys.com,hermarys.com,,,,San Francisco,California,US,94103
IPSOFACTO IT Services,now.ipsofacto.net,now.ipsofacto.net,https://www.linkedin.com/company/ipsofacto,,,San Francisco,California,US,94114
Immersive Installs,immersiveinstalls.com,immersiveinstalls.com,,,,San Francisco,California,US,94103
Intelligent Technical Solutions | ITS,itsasap.com,itsasap.com,,,,San Francisco,California,US,94104
Invisible Technologies,invisibletech.ai,invisibletech.ai,,,,San Francisco,California,US,94104
Jones IT,itjones.com,itjones.com,https://www.linkedin.com/company/jonesitsf,,,San Francisco,California,US,94103
Lightstep,lightstep.com,lightstep.com,,,,San Francisco,California,US,94111
ManageCasa HOA and Rental Property Management Software,managecasa.com,managecasa.com,https://www.linkedin.com/company/managecasa,,,San Francisco,California,US,94111
Mapbox,mapbox.com,mapbox.com,https://www.linkedin.com/company/mapbox,,,San Francisco,California,US,94111
Megahertz Audio Visual Productions & Rental,mhzav.com,mhzav.com,,,,San Francisco,California,US,94107
Music Lovers Audio & Video,musicloversaudio.com,musicloversaudio.com,,,,San Francisco,California,US,94115
Neetek Systems Integration,neetek.com,neetek.com,https://www.linkedin.com/company/neetek-systems-integration,,,San Francisco,California,US,94111
New Conservatory Theatre Center,nctcsf.org,nctcsf.org,,,,San Francisco,California,US,94102
POWR,powr.io,powr.io,,,,San Francisco,California,US,94105
Performance Audio,performance-audio.com,performance-audio.com,,,,San Francisco,California,US,94115
Rollout AI - San Francisco Managed IT Services Company,rollout.ai,rollout.ai,https://www.linkedin.com/company/rollout-ai,,,San Francisco,California,US,94105
Simplifi,simplifihometech.com,simplifihometech.com,,,,San Francisco,California,US,94116
Swiftlane,swiftlane.com,swiftlane.com,,,,San Francisco,California,US,94103
"TechInSF Consulting | IT Solutions, Computer Repair, Web Design, Digital Marketing & E-Commerce in San Francisco Bay Area",techinsf.com,techinsf.com,https://www.linkedin.com/company/techinsf,,,San Francisco,California,US,94107
TekRevol - Mobile App Development Company in San Francisco,tekrevol.com,tekrevol.com,https://www.linkedin.com/company/tekrevol,,,San Francisco,California,US,94105
Tone of Music Audio,toneofmusic.com,toneofmusic.com,,,,San Francisco,California,US,94114
Varsity Technologies | Managed IT Services & IT Consulting,varsitytech.com,varsitytech.com,,,,San Francisco,California,US,94102
Visual Comfort & Co.,visualcomfort.com,visualcomfort.com,,,,San Francisco,California,US,94103
West Coast Sound Solutions,westcoastsoundsolutions.com,westcoastsoundsolutions.com,,,,San Francisco,California,US,94116
iTZ Networks,itznetworks.com,itznetworks.com,,,,San Francisco,California,US,94110
Professional Home Automation & Security,phasecurity.com,phasecurity.com,,,,San Gabriel,California,US,91778
AIO App Inc,aioapp.com,aioapp.com,,,,San Jose,California,US,95120
AV Land,av.land,av.land,https://www.linkedin.com/company/19154065,,,San Jose,California,US,95126
"AVS Technology, Inc.",avstech.com,avstech.com,,,,San Jose,California,US,95131
"Alkira, Inc.",alkira.com,alkira.com,,,,San Jose,California,US,95110
Automated Building Control Solutions,automatedbldgs.com,automatedbldgs.com,,,,San Jose,California,US,95112
Automated Solutions Group,asgbms.com,asgbms.com,https://www.linkedin.com/company/asgbms,,,San Jose,California,US,95131
Automation Anywhere,automationanywhere.com,automationanywhere.com,https://www.linkedin.com/company/automation-anywhere,,,San Jose,California,US,95134
Aviz Networks (HQ),aviznetworks.com,aviznetworks.com,https://www.linkedin.com/company/aviz-networks,,,San Jose,California,US,95131
BLogic Systems,blogicsystems.com,blogicsystems.com,,,,San Jose,California,US,95134
Blossom Hill TV,blossomhilltelevision.com,blossomhilltelevision.com,,,,San Jose,California,US,95128
"Borges Security Systems, Inc.",borgessecurity.com,borgessecurity.com,,,,San Jose,California,US,95127
CCIntegration,ccintegration.com,ccintegration.com,https://www.linkedin.com/company/ccintegration-inc.,,,San Jose,California,US,95131
"CRATUS Technology, Inc.",cratustech.com,cratustech.com,https://www.linkedin.com/company/cratustechnology,,,San Jose,California,US,95125
Cadence Design Systems,cadence.com,cadence.com,https://www.linkedin.com/company/Cadence,,,San Jose,California,US,95134
California Theatre,sanjosetheaters.org,sanjosetheaters.org,https://www.linkedin.com/company/visitsanjose,,,San Jose,California,US,95113
"Cisco Systems, Inc.",cisco.com,cisco.com,,,,San Jose,California,US,95134
City Lights Theater Company of San Jose,cltc.org,cltc.org,,,,San Jose,California,US,95112
D & V Sound Co,dvsound.com,dvsound.com,,,,San Jose,California,US,95133
DCatalog,dcatalog.com,dcatalog.com,,,,San Jose,California,US,95134
Diffco,diffco.us,diffco.us,https://www.linkedin.com/company/diffco,,,San Jose,California,US,95110
Drummond Electric,drummondelectric.com,drummondelectric.com,,,,San Jose,California,US,95120
Dynamic Sound & Lighting,dynamic-sounds.com,dynamic-sounds.com,,,,San Jose,California,US,95112
"ENE Smarthome, Inc.",ene-smarthome.com,ene-smarthome.com,,,,San Jose,California,US,95129
Golden Pacific Systems,gpsinteractive.com,gpsinteractive.com,,,,San Jose,California,US,95124
Guru Electronics Car Audio,caraudioguru.com,caraudioguru.com,,,,San Jose,California,US,95112
HBK Electric,hbkelectric.com,hbkelectric.com,,,,San Jose,California,US,95123
Hammer Theatre Center,hammertheatre.com,hammertheatre.com,,,,San Jose,California,US,95113
Hi-Tech AV,hi-techav.com,hi-techav.com,,,,San Jose,California,US,95125
Hitron International Corporation,cahitron.com,cahitron.com,,,,San Jose,California,US,95133
"Home Networks, Electric & Solar, Inc. (CA)",homenes.com,homenes.com,https://www.linkedin.com/company/home-networks-&-electrical,,,San Jose,California,US,95131
ICS Integrated Communication Systems,ics-integration.com,ics-integration.com,https://www.linkedin.com/company/ics---integrated-communication-systems,,,San Jose,California,US,95119
INFINITI SOLUTIONS,infinitisolutions.com,infinitisolutions.com,,,,San Jose,California,US,95134
IT Construction,itconstructionpros.com,itconstructionpros.com,,,,San Jose,California,US,95123
Insync,insyncai.com,insyncai.com,,,,San Jose,California,US,95113
Intelligence Security LLC,intelligencesecurity.net,intelligencesecurity.net,https://www.linkedin.com/company/intelligence-security4,,,San Jose,California,US,95128
InterVision Systems Technologies Inc.,intervision.com,intervision.com,,,,San Jose,California,US,95131
Jade Global,jadeglobal.com,jadeglobal.com,,,,San Jose,California,US,95110
Kinetic Audio Technology Inc.,kineticaudiotechnology.com,kineticaudiotechnology.com,,,,San Jose,California,US,95131
LUXE AV,luxeav.com,luxeav.com,,,,San Jose,California,US,95112
Lemon Remodeling & Services INC,lemonremodeling.com,lemonremodeling.com,,,,San Jose,California,US,95110
LevelUp MSP - Managed IT Services San Jose,levelupmsp.com,levelupmsp.com,https://www.linkedin.com/company/jt-solutions-inc-,,,San Jose,California,US,95131
MP Security Cameras,mpscameras.com,mpscameras.com,,,,San Jose,California,US,95117
NextLevel Production Services,nextlevelproductionservices.com,nextlevelproductionservices.com,,,,San Jose,California,US,95112
Pacific Coast Home Services,pc-homeservices.com,pc-homeservices.com,,,,San Jose,California,US,95131
"Platform9 Systems, Inc.",platform9.com,platform9.com,https://www.linkedin.com/company/platform9-systems,,,San Jose,California,US,95113
Precision Communications Systems,precisioncommsystems.com,precisioncommsystems.com,https://www.linkedin.com/company/precision-communications-systems,,,San Jose,California,US,95131
Pro Electric Solution,proelectricsolution.com,proelectricsolution.com,,,,San Jose,California,US,95117
Quality Low Voltage Systems,qualitylowvoltage.com,qualitylowvoltage.com,,,,San Jose,California,US,95134
"Roboteon, Inc.",roboteon.com,roboteon.com,https://www.linkedin.com/company/roboteon,,,San Jose,California,US,95110
San Jose AV Rentals,sanjoseavrentals.com,sanjoseavrentals.com,,,,San Jose,California,US,95112
San Jose TV Install,sanjosetvinstall.com,sanjosetvinstall.com,,,,San Jose,California,US,95127
Smart Monitor,smart-monitor.com,smart-monitor.com,https://www.linkedin.com/company/smart-monitor,,,San Jose,California,US,95119
Sound Systems Plus,soundsystemsaplus.com,soundsystemsaplus.com,,,,San Jose,California,US,95127
South Bay Audio Visual Event Services,southbayaudiovisual.com,southbayaudiovisual.com,,,,San Jose,California,US,95112
Teletron,teletronusa.com,teletronusa.com,,,,San Jose,California,US,95122
The Tech Interactive,thetech.org,thetech.org,https://www.linkedin.com/company/the-tech-interactive,,,San Jose,California,US,95113
Thor Audio Solutions,thoraudio.com,thoraudio.com,,,,San Jose,California,US,95133
TransfHome,transfhome.com,transfhome.com,,,,San Jose,California,US,95113
Trout Electric,troutelectricusa.com,troutelectricusa.com,,,,San Jose,California,US,95136
TruAdvantage,truadvantage.com,truadvantage.com,https://www.linkedin.com/company/truadvantage,,,San Jose,California,US,95128
Wallpaper Hanging Mayfair,wall-vision-atelier-mayfair.online,wall-vision-atelier-mayfair.online,,,,San Jose,California,US,95116
Wired Integrations Inc,wiredint.com,wiredint.com,https://www.linkedin.com/company/wired-integrations-inc,,,San Jose,California,US,95110
ZAG Technical Services,zagtech.com,zagtech.com,https://www.linkedin.com/company/harbor-msp,,,San Jose,California,US,95134
Zamar Media Solutions,zamarmedia.com,zamarmedia.com,,,,San Jose,California,US,95119
Zoom Video Communications,zoom.us,zoom.us,,,,San Jose,California,US,95113
Zscaler,zscaler.com,zscaler.com,,,,San Jose,California,US,95134
cg wiring and integrators inc,cgwiring.com,cgwiring.com,,,,San Jose,California,US,95110
offthegridit,offthegridit.com,offthegridit.com,,,,San Jose,California,US,95110
Oakland Audio-Visual Services Inc.,oaklandaudiovisualservice.com,oaklandaudiovisualservice.com,,,,San Leandro,California,US,94577
On Point Audio Visual,onpointaudiovisual.com,onpointaudiovisual.com,https://www.linkedin.com/company/on-point-audio-visual,,,San Leandro,California,US,94577
Above Grade Automation,abovegradeautomation.com,abovegradeautomation.com,https://www.linkedin.com/company/above-grade-automation,,,San Luis Obispo,California,US,93401
"GotUWired- A/V, Security & Cabling",gotuwired.com,gotuwired.com,,,,San Marcos,California,US,92078
Home AV TV & Design,homeavtv.com,homeavtv.com,,,,San Marcos,California,US,92078
Brilliant NextGen,brilliant.tech,brilliant.tech,https://www.linkedin.com/company/brillianthome,,,San Mateo,California,US,94401
Ecohome Automation,ecohomeautomations.com,ecohomeautomations.com,,,,San Mateo,California,US,94402
Security 101 - San Mateo,security101.com,security101.com,https://www.linkedin.com/company/security-101,,,San Mateo,California,US,94401
Acoustic Frontiers LLC,acousticfrontiers.com,acousticfrontiers.com,,,,San Rafael,California,US,94901
Audio Video Integration,avimarin.com,avimarin.com,,,,San Rafael,California,US,94901
Gridwise Electric,gridwiseelectric.com,gridwiseelectric.com,,,,San Rafael,California,US,94901
High Definition Home,mobiussystems.com,mobiussystems.com,,,,San Rafael,California,US,94903
Layline Automation,laylineautomation.com,laylineautomation.com,,,,San Rafael,California,US,94903
AVT Home Systems,avtinfo.com,avtinfo.com,,,,San Ramon,California,US,94583
Sightpro Solutions,sightpro-solutions.com,sightpro-solutions.com,,,,San Ramon,California,US,94583
Cali Automation Corp - Irvine,caliautomation.com,caliautomation.com,,,,Santa Ana,California,US,92705
A Royal Suite Home Furnishings,aroyalsuite.com,aroyalsuite.com,,,,Santa Barbara,California,US,93101
AnyTech CA,anytechca.com,anytechca.com,https://www.linkedin.com/company/anytechca,,,Santa Barbara,California,US,93101
CalSmart,calsmart.com,calsmart.com,,,,Santa Barbara,California,US,93101
Consolidated Overhead Door & Gate,consolidatedoverheaddoor.com,consolidatedoverheaddoor.com,https://www.linkedin.com/company/consolidated-overhead-door-gate,,,Santa Barbara,California,US,93103
Creative Stereo & Video,creativestereohd.com,creativestereohd.com,,,,Santa Barbara,California,US,93108
"Crowson Technology, LLC",crowsontech.com,crowsontech.com,,,,Santa Barbara,California,US,93103
Firebird Audio Video,firebirdav.com,firebirdav.com,,,,Santa Barbara,California,US,93103
Grant House Sewing and Fabric Store,havefunsewing.com,havefunsewing.com,,,,Santa Barbara,California,US,93101
HiFi Club,hificlub.net,hificlub.net,,,,Santa Barbara,California,US,93101
Home Planet Productions,homeplanetproductions.com,homeplanetproductions.com,,,,Santa Barbara,California,US,93101
KEYT-TV,keyt.com,keyt.com,,,,Santa Barbara,California,US,93109
Lobero Theatre,lobero.org,lobero.org,,,,Santa Barbara,California,US,93101
McCoy Electric Corporation,mccoyelectric.net,mccoyelectric.net,,,,Santa Barbara,California,US,93101
Mission Audio Video,missionaudiovideo.com,missionaudiovideo.com,https://www.linkedin.com/company/mission-audio-video,,,Santa Barbara,California,US,93101
Montecito Electric,montecitoelectric.com,montecitoelectric.com,,,,Santa Barbara,California,US,93108
Riviera AV,rivieraav.com,rivieraav.com,,,,Santa Barbara,California,US,93101
Santa Barbara Audio Video,sb-av.com,sb-av.com,,,,Santa Barbara,California,US,93105
Santa Barbara IT Solutions Low Voltage Cable Contractor,sbitsolutions.us,sbitsolutions.us,,,,Santa Barbara,California,US,93101
"SecurePRO, Inc. - Santa Barbara",secureproinc.com,secureproinc.com,,,,Santa Barbara,California,US,93103
Sonos Inc.,sonos.com,sonos.com,,,,Santa Barbara,California,US,93101
The Granada Theatre,granadasb.org,granadasb.org,,,,Santa Barbara,California,US,93101
The New Vic / Ensemble Theatre Company,etcsb.org,etcsb.org,,,,Santa Barbara,California,US,93101
Utopia,installutopia.com,installutopia.com,,,,Santa Barbara,California,US,93101
Visionary Solutions,visionary-av.com,visionary-av.com,,,,Santa Barbara,California,US,93103
CCS Electric,ccselectric.com,ccselectric.com,,,,Santa Clara,California,US,95050
Corporate AV Productions,corpav.net,corpav.net,,,,Santa Clara,California,US,95054
Intelligent Automation Technology,cygia.com,cygia.com,,,,Santa Clara,California,US,95050
Moona Smart Inc.,moonasmart.com,moonasmart.com,https://www.linkedin.com/company/37230168,,,Santa Clara,California,US,95054
Premier AV Tech Inc.,pavtechnology.com,pavtechnology.com,https://www.linkedin.com/company/premier-av-tech,,,Santa Clara,California,US,95050
QuickGenie,quickgenie.store,quickgenie.store,,,,Santa Clara,California,US,95050
RNA Automatic Gates,rnaautomaticgates.com,rnaautomaticgates.com,,,,Santa Clara,California,US,95050
Smart Safe Homes,smartsafehomes.com,smartsafehomes.com,,,,Santa Clarita,California,US,91355
Alpha Omega Electric,alphaomegaelectric.org,alphaomegaelectric.org,,,,Santa Cruz,California,US,95062
Beyond Home Theater,beyondhometheater.com,beyondhometheater.com,https://www.linkedin.com/company/beyond-home-theater,,,Santa Monica,California,US,90405
Optimal Enchantment,optimalenchantment.com,optimalenchantment.com,,,,Santa Monica,California,US,90401
ATL Events/Academy Theatrical Lighting Inc.,atlevents.com,atlevents.com,https://www.linkedin.com/company/atl-events,,,Santa Rosa,California,US,95407
Air Monitor Corporation,airmonitor.com,airmonitor.com,https://www.linkedin.com/company/air-monitor-corporation,,,Santa Rosa,California,US,95403
Clear Telecommunications,cleartelecommunications.com,cleartelecommunications.com,https://www.linkedin.com/company/clear-telecommunications,,,Santa Rosa,California,US,95403
Corday Lighting Inc.,corday-lighting.com,corday-lighting.com,,,,Santa Rosa,California,US,95401
Energy Plus Wholesale Lighting,energypluslighting.com,energypluslighting.com,,,,Santa Rosa,California,US,95403
Esquared Electric Inc,esquaredelectric.net,esquaredelectric.net,,,,Santa Rosa,California,US,95403
Hifi Innovations - By Appointment Only,sites.google.com,sites.google.com,,,,Santa Rosa,California,US,95401
Interim HealthCare of Sonoma-Marin,interimhealthcare.com,interimhealthcare.com,,,,Santa Rosa,California,US,95409
J F Lighting & Design,jflighting.com,jflighting.com,,,,Santa Rosa,California,US,95403
Lavish HiFi - Showroom,lavishautomation.com,lavishautomation.com,,,,Santa Rosa,California,US,95404
OneSource Distributors,1sourcedist.com,1sourcedist.com,,,,Santa Rosa,California,US,95401
PCD Audio Video Integrators,pcdinc.net,pcdinc.net,,,,Santa Rosa,California,US,95401
Rinkor Technology Solutions,rinkortech.com,rinkortech.com,https://www.linkedin.com/company/rinkor-technology-solutions,,,Santa Rosa,California,US,95403
Santa Rosa Stereo,santa-rosa-stereo.com,santa-rosa-stereo.com,,,,Santa Rosa,California,US,95405
Sonoma County - Home Smart Advantage Real Estate,discoverwinecountryre.com,discoverwinecountryre.com,,,,Santa Rosa,California,US,95409
Sonoma Sun Electric,sonomasunelectric.com,sonomasunelectric.com,,,,Santa Rosa,California,US,95401
Summit Technology Group,summit-e.com,summit-e.com,https://www.linkedin.com/company/summit-technology-group-inc.,,,Santa Rosa,California,US,95403
Sync Systems,syncsystemsav.com,syncsystemsav.com,https://www.linkedin.com/company/sync-systems-av,,,Santa Rosa,California,US,95403
Tech Savvy Inc.,techsavvyav.com,techsavvyav.com,,,,Santa Rosa,California,US,95401
Tech4U,tech4u.solutions,tech4u.solutions,,,,Santa Rosa,California,US,95404
Techtonic Events LLC,techtonicevents.com,techtonicevents.com,,,,Santa Rosa,California,US,95405
Valhalla Hi-Fi,valhallahifi.com,valhallahifi.com,,,,Santa Rosa,California,US,95404
Audio Visual San Diego,audiovisualsandiego.com,audiovisualsandiego.com,,,,Santee,California,US,92071
Custom Home Technology Inc..,cht.life,cht.life,,,,Santee,California,US,92071
Basil Audio San Francisco Bay Area,basilaudio.com,basilaudio.com,,,,Saratoga,California,US,95070
Smart Wires LLC,smartwireselectric.com,smartwireselectric.com,https://www.linkedin.com/company/smart-wires-llc,,,Saratoga,California,US,95070
Audio Symphony,audiosymphony.com,audiosymphony.com,,,,Sausalito,California,US,94965
Automation Racks,automationracks.com,automationracks.com,,,,Sausalito,California,US,94965
"Modern Wiring - Home Theatre Installation, Low-voltage contractor",modernwiring.com,modernwiring.com,,,,Scotts Valley,California,US,95066
MONTEREY INNOVATIONS,montereyinnovations.com,montereyinnovations.com,,,,Seaside,California,US,93955
San Joaquin Security Technologies,sanjoaquintechnologies.com,sanjoaquintechnologies.com,,,,Shafter,California,US,93263
BH Theater Audio & Video & Security / Home Theater Installation Service,bhtheater.com,bhtheater.com,,,,Sherman Oaks,California,US,91403
Iron Lion A.V.,ironlionav.com,ironlionav.com,,,,Sherman Oaks,California,US,91423
Next Tech Systems Inc,nexttechsystems.com,nexttechsystems.com,,,,Sherman Oaks,California,US,91411
Above the Line,aboveav.com,aboveav.com,,,,Signal Hill,California,US,90755
"IVA Solutions, Inc.",ivasolutions.com,ivasolutions.com,,,,Signal Hill,California,US,90755
RJB Electrical Contractor LLC,rjbelectricalcontractor.com,rjbelectricalcontractor.com,,,,Signal Hill,California,US,90755
Digital Media Installations,digitalmediainstallations.com,digitalmediainstallations.com,,,,Simi Valley,California,US,93063
Functional Smart Home,functionalsmarthome.com,functionalsmarthome.com,,,,Simi Valley,California,US,93063
Get Wired Tec Inc.,getwiredtec.com,getwiredtec.com,https://www.linkedin.com/company/get-wired-tec.-inc,,,Simi Valley,California,US,93065
Custom Home Audio Video Integration,customhomeavintegration.com,customhomeavintegration.com,,,,Solana Beach,California,US,92075
Digital Living Inc.,digitalliving.com,digitalliving.com,https://www.linkedin.com/company/digital-living-inc.,,,Sonoma,California,US,95476
"Granko, Inc",granko.com,granko.com,,,,Sonoma,California,US,95476
Sierra @ Home,sierraathome.com,sierraathome.com,https://www.linkedin.com/company/sierraathome,,,Sonoma,California,US,95476
Accurate Audio Video,accurateaudiovideo.com,accurateaudiovideo.com,,,,South Lake Tahoe,California,US,96150
Alco Alert Ignition Interlock,alcoalertinterlock.com,alcoalertinterlock.com,,,,South Lake Tahoe,California,US,96150
All Seasons Home Inspector L.L.C.,allseasonshomeinspector.com,allseasonshomeinspector.com,,,,South Lake Tahoe,California,US,96150
Alpenglow Electric,alpenglowelectric.com,alpenglowelectric.com,,,,South Lake Tahoe,California,US,96150
Armaz Electric,armazelectric.com,armazelectric.com,,,,South Lake Tahoe,California,US,96150
"Blue Sky Electrical Solutions, Inc.",blueskyelectricalsolutions.com,blueskyelectricalsolutions.com,,,,South Lake Tahoe,California,US,96150
ClearView Electric,clearviewelectrician.com,clearviewelectrician.com,,,,South Lake Tahoe,California,US,96150
Frank's TV & Electronics,frankstv.com,frankstv.com,,,,South Lake Tahoe,California,US,96150
Hatch Electric Inc,hatchelectric.com,hatchelectric.com,,,,South Lake Tahoe,California,US,96150
Healthy Home Consultants,healthyhomeco.com,healthyhomeco.com,,,,South Lake Tahoe,California,US,96150
Low Cost Ignition Interlock,lowcostinterlock.com,lowcostinterlock.com,https://www.linkedin.com/company/low-cost-interlock-inc,,,South Lake Tahoe,California,US,96150
Tahoe Advantage Home Inspections,tahoeadvantage.com,tahoeadvantage.com,,,,South Lake Tahoe,California,US,96158
Tahoe Production House,tahoeproductionhouse.com,tahoeproductionhouse.com,,,,South Lake Tahoe,California,US,96150
Winters Electric,winterstahoe.com,winterstahoe.com,,,,South Lake Tahoe,California,US,96150
AVSuperfly,avsuperfly.com,avsuperfly.com,,,,South San Francisco,California,US,94080
Argus HD,argushd.com,argushd.com,,,,South San Francisco,California,US,94080
Barker Tech,onetapconnect.com,onetapconnect.com,,,,South San Francisco,California,US,94080
Future Sound Audio/Video Design Group,futuresoundav.com,futuresoundav.com,,,,South San Francisco,California,US,94080
"McCune Audio,Video,Lighting",mccune.com,mccune.com,,,,South San Francisco,California,US,94080
"R&S Erection of San Mateo, Inc.",rsdoorandgate.com,rsdoorandgate.com,,,,South San Francisco,California,US,94080
CallTech,calltech.pro,calltech.pro,,,,Sunnyvale,California,US,94087
Leo's Electric Automation,leoselectricautomation.com,leoselectricautomation.com,,,,Tahoe City,California,US,96145
"RAC Advanced Control, Inc",racav.com,racav.com,,,,Tahoe City,California,US,96145
Security Lock & Alarm Inc,securitylockandalarm.com,securitylockandalarm.com,,,,Tahoe City,California,US,96145
Tull Comm,tullcomm.com,tullcomm.com,,,,Tahoe City,California,US,96145
Foremost Automation,foremostautomation.com,foremostautomation.com,,,,Tarzana,California,US,91335
AT&T Store,att.com,att.com,,,,Thousand Oaks,California,US,91360
"AVC The Audio Visual Company, Inc.",avcinc.biz,avcinc.biz,,,,Thousand Oaks,California,US,91320
Defined A/V,definedav.com,definedav.com,https://www.linkedin.com/company/defined-entertainment-design,,,Thousand Oaks,California,US,91320
Kungpow Production,kungpowpro.com,kungpowpro.com,,,,Thousand Oaks,California,US,91320
"Newman Audio, Inc.",newmanaudio.com,newmanaudio.com,,,,Thousand Oaks,California,US,91360
Phantom Electronics,autoelectricalservicethousandoaksca.com,autoelectricalservicethousandoaksca.com,,,,Thousand Oaks,California,US,91362
Ready Wholesale Electric Supply,readyelectricsupply.com,readyelectricsupply.com,,,,Thousand Oaks,California,US,91360
Rm Controls & Automation,rmcontrols.com,rmcontrols.com,,,,Thousand Oaks,California,US,91320
TV INSTALLATION TECH,tvinstallationthousandoaks.com,tvinstallationthousandoaks.com,,,,Thousand Oaks,California,US,91362
The Device Lab,devicelabrepairs.com,devicelabrepairs.com,,,,Thousand Oaks,California,US,91362
U.S. Film Productions | Outdoor Movie & LED Screens,usfilmproduction.com,usfilmproduction.com,,,,Thousand Oaks,California,US,91360
"VidTech, Inc.",vidtech.com,vidtech.com,,,,Thousand Oaks,California,US,91362
Zen Cinema,zencinema.com,zencinema.com,,,,Thousand Oaks,California,US,91360
General Air Conditioning & Plumbing,callthegeneral.com,callthegeneral.com,,,,Thousand Palms,California,US,92276
Home Team Electric,hometeamelectric.com,hometeamelectric.com,,,,Thousand Palms,California,US,92276
Topanga HiFi,cobaltaudio.com,cobaltaudio.com,,,,Topanga,California,US,90290
Clever Home LA,cleverhomela.com,cleverhomela.com,,,,Torrance,California,US,90502
The Source AV Design Group,thesourceav.com,thesourceav.com,,,,Torrance,California,US,90505
Alpine Technical Services Inc,alpinetechnicalservices.com,alpinetechnicalservices.com,,,,Truckee,California,US,96161
Carlson's Electronics,carlsonselectronics.com,carlsonselectronics.com,,,,Truckee,California,US,96161
Definitive Technical,dtechtahoe.com,dtechtahoe.com,,,,Truckee,California,US,96161
Delgadillo Construction,delgadilloconstruction1.com,delgadilloconstruction1.com,,,,Truckee,California,US,96161
Epic Smart Homes,epicsmarthomes.com,epicsmarthomes.com,https://www.linkedin.com/company/epic-tech-designs,,,Truckee,California,US,96161
InMotion Mechanical,inmotionheating.com,inmotionheating.com,,,,Truckee,California,US,96161
Independent Technologies,independenttechnologies.net,independenttechnologies.net,,,,Truckee,California,US,96161
Modular System Controls,modularsystemcontrols.com,modularsystemcontrols.com,,,,Truckee,California,US,96161
Mountain Hardware & Sports,mountainhardwareandsports.com,mountainhardwareandsports.com,,,,Truckee,California,US,96161
NM Electric,nm-electric.com,nm-electric.com,,,,Truckee,California,US,96161
Cinema Systems,cinema-systems.com,cinema-systems.com,,,,Tujunga,California,US,91042
AudioVision Production Services,audiovisionps.com,audiovisionps.com,,,,Tustin,California,US,92780
"Crown Jewell Entertainment Systems, Inc.",crown-jewell.com,crown-jewell.com,,,,Tustin,California,US,92782
Select Multimedia Corp.,selectmultimedia.com,selectmultimedia.com,,,,Tustin,California,US,92780
Synergy Audio Video,synergy.tv,synergy.tv,,,,Tustin,California,US,92780
Unavi USA Inc,unavi-usa.com,unavi-usa.com,,,,Tustin,California,US,92780
"Visual i Solutions, Inc.",visualisolutions.com,visualisolutions.com,,,,Tustin,California,US,92780
BCG Concepts,bcgconcepts.com,bcgconcepts.com,,,,Van Nuys,California,US,91406
DSI Luxury Technology,dsilt.com,dsilt.com,,,,Van Nuys,California,US,91406
HTS Systems,htssystems.com,htssystems.com,,,,Van Nuys,California,US,91406
Smart Homes Innovations,shisystems.com,shisystems.com,,,,Van Nuys,California,US,91406
Grant Sound & Lighting,grantsound.com,grantsound.com,,,,Ventura,California,US,93003
iTech Smart Home Inc.,itechsmarthome.com,itechsmarthome.com,,,,Ventura,California,US,93004
"Experience AVL LLC - Audio, Video, & Lighting",experienceavl.com,experienceavl.com,,,,Visalia,California,US,93292
North County Audio Video & Security,northcountyaudiovideosecurity.com,northcountyaudiovideosecurity.com,,,,Vista,California,US,92084
A3 Smart Home Security,a3smarthome.com,a3smarthome.com,,,,Walnut Creek,California,US,94597
Denalect Alarm Co,denalect.com,denalect.com,,,,Walnut Creek,California,US,94596
InVision Home Theater,invisionhometheater.com,invisionhometheater.com,,,,Walnut Creek,California,US,94596
Smart Home Security Control,shscenergymanagement.com,shscenergymanagement.com,,,,Walnut Creek,California,US,94596
Sound and Video Rentals,soundandvideorentals.com,soundandvideorentals.com,,,,Walnut Creek,California,US,94598
Walnut Creek Lighting Co,walnutcreeklighting.com,walnutcreeklighting.com,,,,Walnut Creek,California,US,94596
Citrom Home Automation,citrom.com,citrom.com,https://www.linkedin.com/company/citrom.com,,,West Hills,California,US,91304
Malibu Wired,malibuwired.com,malibuwired.com,,,,West Hollywood,California,US,90046
California Audio Technology,calaudiotech.com,calaudiotech.com,,,,West Sacramento,California,US,95691
Jetson Home - Sacramento,jetsonhome.com,jetsonhome.com,https://www.linkedin.com/company/jetsonhome,,,West Sacramento,California,US,95691
AUDIOVISIONS,audioivisions.com,audioivisions.com,,,,Westlake Village,California,US,91362
AV Masters,avmasters.com,avmasters.com,,,,Westlake Village,California,US,91361
"Bliss Home Theaters & Automation, Inc.",blisshta.com,blisshta.com,,,,Westlake Village,California,US,91362
"Futronix AV, Inc",futronixav.com,futronixav.com,,,,Westlake Village,California,US,91361
Infinity Smart Home Solutions,infinitysmarthomesolutions.com,infinitysmarthomesolutions.com,,,,Westlake Village,California,US,91362
Me Top Audio Inc,metopaudio.com,metopaudio.com,,,,Westlake Village,California,US,91362
VUE Audiotechnik LLC,vue-audiotechnik.com,vue-audiotechnik.com,,,,Westlake Village,California,US,91361
Wilshire Media Systems,wilshirehe.com,wilshirehe.com,https://www.linkedin.com/company/wilshire-home-entertainment,,,Westlake Village,California,US,91361
Marin SF AV,marinsfav.com,marinsfav.com,,,,Woodacre,California,US,94973
Cinegration LLC,cinegration.com,cinegration.com,https://www.linkedin.com/company/cinegration,,,Arvada,Colorado,US,80002
Denver Audio Visual Rentals Denver A/V Rentals & Production | Visionwork Group Denver,visionworkgroupdenver.com,visionworkgroupdenver.com,,,,Arvada,Colorado,US,80002
DriverCentral LLC,drivercentral.io,drivercentral.io,,,,Arvada,Colorado,US,80002
Equalized Productions,equalizedproductions.com,equalizedproductions.com,,,,Arvada,Colorado,US,80002
Home Tech Experts LLC,hometechnologyexperts.com,hometechnologyexperts.com,,,,Arvada,Colorado,US,80007
"Jennings AV, LLC",jenningsav.com,jenningsav.com,,,,Arvada,Colorado,US,80002
"King Systems LLC - Denver, CO",kingsystemsllc.com,kingsystemsllc.com,https://www.linkedin.com/company/king-systems-llc,,,Arvada,Colorado,US,80002
Alpha Security,alphasecuritynow.com,alphasecuritynow.com,,,,Aspen,Colorado,US,81611
Alpine Custom Electronics,ace-aspen.com,ace-aspen.com,,,,Aspen,Colorado,US,81611
Amatis Controls,amatiscontrols.com,amatiscontrols.com,,,,Aspen,Colorado,US,81611
Belly Up Aspen,bellyupaspen.com,bellyupaspen.com,,,,Aspen,Colorado,US,81611
Conundrum Technologies,conundrumtechnologies.com,conundrumtechnologies.com,,,,Aspen,Colorado,US,81611
Decypher Technologies,decyphertech.com,decyphertech.com,https://www.linkedin.com/company/decypher-technologies-inc-,,,Aspen,Colorado,US,81611
"Elite Aspen Home | Perfect for Families w / Game Room, Theater, Firepit Hot Tub",bluepillow.com,bluepillow.com,,,,Aspen,Colorado,US,81611
Eppilus,eppilus.com,eppilus.com,,,,Aspen,Colorado,US,81611
Leax Controls Inc,leaxcontrols.com,leaxcontrols.com,,,,Aspen,Colorado,US,81611
Paragon Systems Integration,paragon.io,paragon.io,,,,Aspen,Colorado,US,81611
"Popish Electric, Inc.",popishelectric.com,popishelectric.com,,,,Aspen,Colorado,US,81611
Theatre Aspen (Offices),theatreaspen.org,theatreaspen.org,,,,Aspen,Colorado,US,81611
Visual Home Solutions,visualhomesolutions.com,visualhomesolutions.com,,,,Aspen,Colorado,US,81611
Vital Films,vitalfilms.com,vitalfilms.com,,,,Aspen,Colorado,US,81611
Alpenglow Integration,alpenglowintegration.com,alpenglowintegration.com,,,,Avon,Colorado,US,81620
Vail Electronics,vailelectronics.net,vailelectronics.net,https://www.linkedin.com/company/vail-electronics,,,Avon,Colorado,US,81620
Artistic Sound & Vision LLC,artisticsound.net,artisticsound.net,,,,Basalt,Colorado,US,81621
"Epic Home Integration, LLC",epichome.net,epichome.net,,,,Basalt,Colorado,US,81621
SOPRIS AV,soprisav.com,soprisav.com,https://www.linkedin.com/company/soprisav,,,Basalt,Colorado,US,81621
"AVCRAFTERS, INC",avcrafters.com,avcrafters.com,,,,Boulder,Colorado,US,80301
Absolutely Creative Customs,absolutelycreativecustoms.com,absolutelycreativecustoms.com,,,,Boulder,Colorado,US,80301
AudioJay,audiojay.com,audiojay.com,,,,Boulder,Colorado,US,80304
Crescendo Fine Audio,crescendoaudio.net,crescendoaudio.net,,,,Boulder,Colorado,US,80302
Daylight Productions & Rentals,daylightav.com,daylightav.com,,,,Boulder,Colorado,US,80301
Gage Home,gagehome.com,gagehome.com,,,,Boulder,Colorado,US,80302
Mr. Electric of Boulder,mrelectricboulder.com,mrelectricboulder.com,,,,Boulder,Colorado,US,80302
Oxtrabot Systems,oxtrabot.com,oxtrabot.com,,,,Boulder,Colorado,US,80302
PS Audio Inc,psaudio.com,psaudio.com,,,,Boulder,Colorado,US,80301
Prometheus Electric,prometheuselectric.com,prometheuselectric.com,,,,Boulder,Colorado,US,80304
RemoteToHome Consulting,remotetohome.io,remotetohome.io,,,,Boulder,Colorado,US,80301
The Boulder Home Theater Company,boulderhometheater.com,boulderhometheater.com,,,,Boulder,Colorado,US,80302
"Audio-Video Solutions, Inc.",avscolorado.com,avscolorado.com,,,,Breckenridge,Colorado,US,80424
Nexia Smart Home,nexiahome.com,nexiahome.com,,,,Broomfield,Colorado,US,80021
"Terracom Systems, Inc.",terracomtheatre.com,terracomtheatre.com,https://www.linkedin.com/company/2529408,,,Broomfield,Colorado,US,80020
Analytics by Design,abdaspen.net,abdaspen.net,,,,Carbondale,Colorado,US,81623
Avanti Productions | Audio Visual,avantiprod.com,avantiprod.com,,,,Carbondale,Colorado,US,81623
Performance Electronics Built by Design,aspensmarthome.com,aspensmarthome.com,,,,Carbondale,Colorado,US,81623
Denver Sight and Sound,denversightandsound.com,denversightandsound.com,https://www.linkedin.com/company/denver-sight-and-sound,,,Castle Pines,Colorado,US,80108
Colorado Audio Video,coloradoaudiovideo.com,coloradoaudiovideo.com,,,,Centennial,Colorado,US,80112
Denver Audio Designs,denveraudiodesigns.com,denveraudiodesigns.com,,,,Centennial,Colorado,US,80111
Digital Media Innovations,digitalmediainnovations.com,digitalmediainnovations.com,https://www.linkedin.com/company/digital-media-innovations,,,Centennial,Colorado,US,80112
GoQAV Experience Center,qualityaudiovideo.com,qualityaudiovideo.com,https://www.linkedin.com/company/goqav,,,Centennial,Colorado,US,80112
"Xcite Audiovisuals, LLC",xciteav.com,xciteav.com,,,,Centennial,Colorado,US,80112
"Access Media Group, Inc.",amgtv.com,amgtv.com,https://www.linkedin.com/company/access-media-group,,,Colorado Springs,Colorado,US,80919
Applied Global Technologies (AGT),appliedglobal.com,appliedglobal.com,,,,Colorado Springs,Colorado,US,80909
Balance AV Systems,blncav.com,blncav.com,,,,Colorado Springs,Colorado,US,80904
Boyd Lighting Co,boydlighting.com,boydlighting.com,,,,Colorado Springs,Colorado,US,80916
Budget Blinds of Greater Colorado Springs,budgetblinds.com,budgetblinds.com,,,,Colorado Springs,Colorado,US,80918
Colorado Complete Security,coloradocompletesecurity.com,coloradocompletesecurity.com,,,,Colorado Springs,Colorado,US,80907
Colorado Springs Video LLC,coloradospringsvideo.com,coloradospringsvideo.com,,,,Colorado Springs,Colorado,US,80919
DR Electric,drelectricllc.com,drelectricllc.com,,,,Colorado Springs,Colorado,US,80915
Eddy Sound LLC,eddysound.com,eddysound.com,,,,Colorado Springs,Colorado,US,80907
Garden of the Gods Lighting,ggl.lighting,ggl.lighting,,,,Colorado Springs,Colorado,US,80907
Global Technology Group,globalco.tech,globalco.tech,,,,Colorado Springs,Colorado,US,80917
H D Connections,hdconnections.co,hdconnections.co,,,,Colorado Springs,Colorado,US,80917
"HomeRun Electronics, Inc.",hrenow.com,hrenow.com,,,,Colorado Springs,Colorado,US,80919
Houlton Audio/Video Applications,houlton-audio-video.com,houlton-audio-video.com,,,,Colorado Springs,Colorado,US,80906
Integrated Systems & Design,isd-avs.com,isd-avs.com,,,,Colorado Springs,Colorado,US,80903
LAV Rentals,lavrentals.com,lavrentals.com,,,,Colorado Springs,Colorado,US,80919
LVW Electronics,lvw.com,lvw.com,https://www.linkedin.com/company/lvw-electronics,,,Colorado Springs,Colorado,US,80906
Liberty AV Solutions,secure.libertycable.com,secure.libertycable.com,,,,Colorado Springs,Colorado,US,80921
Mount It Up TV's,mountituptvs.com,mountituptvs.com,,,,Colorado Springs,Colorado,US,80916
Narrow Gauge Audio Visual Rental,narrowgaugesound.com,narrowgaugesound.com,,,,Colorado Springs,Colorado,US,80918
PalmVID Video Cameras,palmvid.com,palmvid.com,,,,Colorado Springs,Colorado,US,80909
Salt Creek Integrated Systems,saltcreekintegrated.com,saltcreekintegrated.com,https://www.linkedin.com/company/saltcreekintegrated,,,Colorado Springs,Colorado,US,80907
"Set Security, LLC-Home Security-Commercial Security",sethomesecurity.com,sethomesecurity.com,,,,Colorado Springs,Colorado,US,80907
Sight Sound & Security,sightsoundandsecurity.com,sightsoundandsecurity.com,,,,Colorado Springs,Colorado,US,80903
Sight and Sound Technologies,sightsoundtech.com,sightsoundtech.com,,,,Colorado Springs,Colorado,US,80917
Smart Gate Systems,smartgatesystems.com,smartgatesystems.com,,,,Colorado Springs,Colorado,US,80905
System Links,systemlinkscolorado.com,systemlinkscolorado.com,,,,Colorado Springs,Colorado,US,80917
The Screening Room Home Theater / Audio Video,thescreeningroomav.com,thescreeningroomav.com,,,,Colorado Springs,Colorado,US,80921
The Sound Shop,the-sound-shop.com,the-sound-shop.com,,,,Colorado Springs,Colorado,US,80904
WinTech,wintech360.com,wintech360.com,,,,Colorado Springs,Colorado,US,80907
Amp Champ Pro AV,ampchamp.com,ampchamp.com,,,,Denver,Colorado,US,80207
Ashcraft Tech,ashcrafttech.com,ashcrafttech.com,,,,Denver,Colorado,US,80222
Aural HiFi,auralhifi.com,auralhifi.com,,,,Denver,Colorado,US,80210
Aurum Home Technology,aurumhometech.com,aurumhometech.com,https://www.linkedin.com/company/aurum-home-tech,,,Denver,Colorado,US,80223
CCS Presentation Systems Inc,co.ccsprojects.com,co.ccsprojects.com,,,,Denver,Colorado,US,80223
Colorado Security Company,coloradosecuritycompany.com,coloradosecuritycompany.com,,,,Denver,Colorado,US,80210
Consolidated Electrical Distributors,cednorthdenver.portalced.com,cednorthdenver.portalced.com,,,,Denver,Colorado,US,80216
"Controlling Systems Heating, AC, and Electrical Repair",controllingsystemsco.com,controllingsystemsco.com,,,,Denver,Colorado,US,80221
Denver Secure LLC,denversecure.com,denversecure.com,,,,Denver,Colorado,US,80222
Electronic Integration,eiexperts.com,eiexperts.com,https://www.linkedin.com/company/electronic-integration,,,Denver,Colorado,US,80223
Electronic Sales and Production,electronicsalesandproduction.com,electronicsalesandproduction.com,,,,Denver,Colorado,US,80216
Envision Automation,envision10.com,envision10.com,https://www.linkedin.com/company/wix-com,,,Denver,Colorado,US,80206
Image Audiovisuals,imageav.com,imageav.com,,,,Denver,Colorado,US,80222
Inspire Solutions,inspiresolutions.com,inspiresolutions.com,,,,Denver,Colorado,US,80223
"Lennox-Gentle Automation, Inc.",lgautomation.com,lgautomation.com,,,,Denver,Colorado,US,80239
ListenUp®,listenup.com,listenup.com,https://www.linkedin.com/company/listenup,,,Denver,Colorado,US,80209
MediaVine Pro Audio/Video,mediavineproav.com,mediavineproav.com,,,,Denver,Colorado,US,80216
NOVA Automation,novaautomation.com,novaautomation.com,,,,Denver,Colorado,US,80219
PHT,phtav.com,phtav.com,,,,Denver,Colorado,US,80210
Paramount Audio Video Corp.,paramountav.com,paramountav.com,,,,Denver,Colorado,US,80219
Reliable Home Technology,reliablehometechnology.com,reliablehometechnology.com,https://www.linkedin.com/company/reliable-home-security,,,Denver,Colorado,US,80214
Spectrum Audio Visual,spectrumav.com,spectrumav.com,,,,Denver,Colorado,US,80216
Switch Automation,switchautomation.com,switchautomation.com,https://www.linkedin.com/company/switch-automation,,,Denver,Colorado,US,80202
System Dynamics,sysdy.com,sysdy.com,,,,Denver,Colorado,US,80203
TEC Integration,tecintegration.com,tecintegration.com,,,,Denver,Colorado,US,80223
TV Solutions LLC,mountingmytv.com,mountingmytv.com,,,,Denver,Colorado,US,80202
Ultra Design Center,ultradesigncenter.com,ultradesigncenter.com,,,,Denver,Colorado,US,80204
VanZandt Controls / Eagle Automation,vzcontrols.com,vzcontrols.com,,,,Denver,Colorado,US,80202
Xssentials,xssentials.com,xssentials.com,https://www.linkedin.com/company/xssentials,,,Denver,Colorado,US,80204
Altitude audio visual,altitudeavco.com,altitudeavco.com,,,,Eagle,Colorado,US,81631
Vail Valley Entertainment,vailvalleyentertainment.com,vailvalleyentertainment.com,,,,Eagle,Colorado,US,81631
High Mountain Home Technology LLC,vailhometheater.com,vailhometheater.com,,,,Edwards,Colorado,US,81632
InVision Communications,invisionvail.com,invisionvail.com,,,,Edwards,Colorado,US,81632
Synergy Systems CO,synergysystemsco.com,synergysystemsco.com,,,,Edwards,Colorado,US,81632
AIM,aimyourhome.com,aimyourhome.com,,,,Englewood,Colorado,US,80111
AVL Solutions Group,avlsg.com,avlsg.com,,,,Englewood,Colorado,US,80110
Gold Sound,goldsound.net,goldsound.net,,,,Englewood,Colorado,US,80113
Mile High Audio Video,milehighaudiovideo.com,milehighaudiovideo.com,,,,Englewood,Colorado,US,80112
Multimedia Audio Visual,multimediaav.com,multimediaav.com,,,,Englewood,Colorado,US,80110
Security Central Inc.,securitycentralinc.com,securitycentralinc.com,,,,Englewood,Colorado,US,80112
Soundscape Stereo + Theater Design,soundscapestereo.com,soundscapestereo.com,,,,Evergreen,Colorado,US,80439
Audio Alternative Ltd,audioalternative.com,audioalternative.com,,,,Fort Collins,Colorado,US,80526
BluGuard Security,getbluguard.com,getbluguard.com,,,,Fort Collins,Colorado,US,80525
Colorado Controls,colorado-controls.com,colorado-controls.com,https://www.linkedin.com/company/coloradocontrols,,,Fort Collins,Colorado,US,80524
Commercial Audio Video Front Range,cavfrontrange.com,cavfrontrange.com,,,,Fort Collins,Colorado,US,80524
Doms TV Mounting Colorado,domstvmountingcolorado.com,domstvmountingcolorado.com,,,,Fort Collins,Colorado,US,80524
Entertainment Audio Video,entertainmentav.com,entertainmentav.com,,,,Fort Collins,Colorado,US,80524
Event Tech AV,eventtechav.com,eventtechav.com,,,,Fort Collins,Colorado,US,80524
Fort Collins Audio Video,fortcollinsaudiovideo.com,fortcollinsaudiovideo.com,,,,Fort Collins,Colorado,US,80524
Harmonic Series Inc,harmonicseries.com,harmonicseries.com,,,,Fort Collins,Colorado,US,80526
"MFCP - Motion & Flow Control Products, Inc. Fort Collins, CO - ParkerStore",mfcp.com,mfcp.com,,,,Fort Collins,Colorado,US,80524
PH Electric LLC,phelectricco.com,phelectricco.com,,,,Fort Collins,Colorado,US,80525
Rockfan AVL Production & Integration,rockfan.rocks,rockfan.rocks,https://www.linkedin.com/company/rockfan-entertainment,,,Fort Collins,Colorado,US,80524
Rocky Mountain Custom Home Entertainment,rmcustomhomeentertainment.com,rmcustomhomeentertainment.com,,,,Fort Collins,Colorado,US,80525
"Rocky Mountain Install - Audio, Video, Data & Security",rockymtninstall.com,rockymtninstall.com,,,,Fort Collins,Colorado,US,80526
The Light Center,lightcenterinc.com,lightcenterinc.com,,,,Fort Collins,Colorado,US,80525
Xtreme Theatre & Sound,thxit.com,thxit.com,,,,Fort Collins,Colorado,US,80524
Zulani Modern LLC,zulanimodernlowvoltage.com,zulanimodernlowvoltage.com,,,,Fort Collins,Colorado,US,80521
The Wire Wizards,wiredbywizards.org,wiredbywizards.org,,,,Fountain,Colorado,US,80817
Av by Design LLC,avbydesignllc.com,avbydesignllc.com,,,,Glenwood Springs,Colorado,US,81601
"Xen Technology Group, LLC",xenaspen.com,xenaspen.com,,,,Glenwood Springs,Colorado,US,81601
Handy Andy TV Mounting,ihandyandy.com,ihandyandy.com,,,,Golden,Colorado,US,80401
Kaleidoscope Productions,kaleidoscope-co.com,kaleidoscope-co.com,,,,Golden,Colorado,US,80401
"Press Play Integration, LLC",pressplaydenver.com,pressplaydenver.com,,,,Golden,Colorado,US,80403
IQ Home and Office,iqhomeandoffice.com,iqhomeandoffice.com,,,,Grand Junction,Colorado,US,81503
Sound Investments,soundinvestmentsco.com,soundinvestmentsco.com,https://www.linkedin.com/company/sound-investments-home-theater-installation,,,Greeley,Colorado,US,80634
Soundings Fine Audio Video,soundingshifi.com,soundingshifi.com,,,,Greenwood Village,Colorado,US,80112
Colorado Home Services,cohomeservice.com,cohomeservice.com,,,,Lakewood,Colorado,US,80214
Electronic Services & Concierge,escdenver.com,escdenver.com,,,,Lakewood,Colorado,US,80215
"Harrison Home Systems, Inc.",harrisonhomesystems.com,harrisonhomesystems.com,https://www.linkedin.com/company/harrison-home-systems,,,Lakewood,Colorado,US,80214
"High Country Low Voltage, LLC",highcountryllc.com,highcountryllc.com,,,,Lakewood,Colorado,US,80401
Streamline Communications,hdtvdenver.com,hdtvdenver.com,,,,Lakewood,Colorado,US,80226
CTL Companies,ctlcompanies.com,ctlcompanies.com,,,,Littleton,Colorado,US,80128
Innovative Home Systems,innovativehomesys.com,innovativehomesys.com,,,,Littleton,Colorado,US,80120
Logic Integration,logicav.net,logicav.net,https://www.linkedin.com/company/667289,,,Lone Tree,Colorado,US,80124
Digital Home Colorado,digitalhomecolorado.com,digitalhomecolorado.com,,,,Longmont,Colorado,US,80503
"Next Step Communications, LLC",nextsteponline.net,nextsteponline.net,,,,Longmont,Colorado,US,80504
Summit Integrated Systems,summitavl.com,summitavl.com,,,,Louisville,Colorado,US,80027
Integral Home Systems,integralhomesystems.com,integralhomesystems.com,https://www.linkedin.com/company/integral-home-systems,,,Loveland,Colorado,US,80537
Titus Electrical Services,tituselectricians.com,tituselectricians.com,,,,Mead,Colorado,US,80542
E Z Home Systems,ezhomesystem.com,ezhomesystem.com,,,,Montrose,Colorado,US,81403
Lambda Audio Visual Inc.,lambdaav.io,lambdaav.io,,,,Monument,Colorado,US,80132
Think Smart Tech,thinksmarttech.com,thinksmarttech.com,,,,Monument,Colorado,US,80132
Digitiqe Western Slope,digitiqe.com,digitiqe.com,,,,Paonia,Colorado,US,81428
Afterburner Home Solutions LLC,afterburnerhs.com,afterburnerhs.com,,,,Parker,Colorado,US,80134
Curt's Audio Video,curtsaudiovideo.com,curtsaudiovideo.com,,,,Parker,Colorado,US,80134
Jays Audio Video Installation,jaysavinstall.com,jaysavinstall.com,,,,Parker,Colorado,US,80134
Monarchy Entertainment,monarchyentertainment.com,monarchyentertainment.com,,,,Parker,Colorado,US,80134
Integrity AV & IT Solutions LLC,integrityavits.com,integrityavits.com,,,,Peyton,Colorado,US,80831
Precision Media Solutions,pmav.co,pmav.co,https://www.linkedin.com/company/precision-media-solutions,,,Sheridan,Colorado,US,80110
Smart Systems – Home Automation | Lighting & AV,cosmartsystems.com,cosmartsystems.com,,,,Sheridan,Colorado,US,80110
AVA Rocky Mountains,avarockymountains.net,avarockymountains.net,,,,Silverthorne,Colorado,US,80498
Pro Spectrum Systems,prospectrumsystems.com,prospectrumsystems.com,,,,Silverthorne,Colorado,US,80498
Checkmate Property Services,checkmatepropertyservices.com,checkmatepropertyservices.com,,,,Steamboat Springs,Colorado,US,80487
Cloud 9 Integrated Systems,teamc9.com,teamc9.com,https://www.linkedin.com/company/cloud-9-integrated-systems,,,Steamboat Springs,Colorado,US,80487
"Control Designer, Inc.",controldesigner.com,controldesigner.com,https://www.linkedin.com/company/control-designer-inc-,,,Steamboat Springs,Colorado,US,80487
ElektraFi,elektrafi.com,elektrafi.com,,,,Steamboat Springs,Colorado,US,80487
PAVS Smart Home Tech,pavs.tech,pavs.tech,,,,Steamboat Springs,Colorado,US,80477
Sensor Solutions (A Standex Electronics Company),sensorso.com,sensorso.com,https://www.linkedin.com/company/sensor-solutions,,,Steamboat Springs,Colorado,US,80487
SmartPads,smartpads.co,smartpads.co,,,,Steamboat Springs,Colorado,US,80487
Stagecoach Electric Inc,stagecoachelectricinc.com,stagecoachelectricinc.com,,,,Steamboat Springs,Colorado,US,80487
Steamboat Gate Systems LLC,steamboatgatesystems.com,steamboatgatesystems.com,,,,Steamboat Springs,Colorado,US,80487
Advanced Hydronics LLC,advancedhydronicsllc.com,advancedhydronicsllc.com,,,,Telluride,Colorado,US,81435
Artistic Systems CO,artisticsystems.net,artisticsystems.net,,,,Telluride,Colorado,US,81435
Bivy Group,bivygroup.com,bivygroup.com,,,,Telluride,Colorado,US,81435
Digital 1 Audio Visual,digital1av.com,digital1av.com,,,,Telluride,Colorado,US,81435
JMK Custom Building,jmkcustombuilding.com,jmkcustombuilding.com,,,,Telluride,Colorado,US,81435
Mind Blown Telluride,mindblowntelluride.com,mindblowntelluride.com,,,,Telluride,Colorado,US,81435
Power Logic Electrical,colorado-electrician.com,colorado-electrician.com,,,,Telluride,Colorado,US,81435
San Juan Sound And Vision,telluridesound.com,telluridesound.com,,,,Telluride,Colorado,US,81435
Sectair AI Automation Solutions,sectair.com,sectair.com,,,,Telluride,Colorado,US,81435
Studio Frank,studiofrank.com,studiofrank.com,,,,Telluride,Colorado,US,81435
T R i B E Interior Design,tribeinteriordesign.com,tribeinteriordesign.com,,,,Telluride,Colorado,US,81435
Telecam Partnership II Ltd,telecampartners.com,telecampartners.com,,,,Telluride,Colorado,US,81435
Telluride Music Company,telluridemusiccompany.com,telluridemusiccompany.com,,,,Telluride,Colorado,US,81435
Telluride Tech,telluridetech.com,telluridetech.com,,,,Telluride,Colorado,US,81320
Tiny Empire Media,tinyempire.tv,tinyempire.tv,,,,Telluride,Colorado,US,81435
Ultra Builders,ultrabuildersllc.com,ultrabuildersllc.com,,,,Telluride,Colorado,US,81435
Vyanet Security,telluride.vyanet.com,telluride.vyanet.com,,,,Telluride,Colorado,US,81435
YX Tech,yxtech.co,yxtech.co,,,,Telluride,Colorado,US,81435
Sound Media,soundmediaonline.com,soundmediaonline.com,,,,Thornton,Colorado,US,80602
"DK Automation - Colorado, LLC",dkautomation.com,dkautomation.com,,,,Timnath,Colorado,US,80547
Kustom Theater Kreations,kustomtheater.com,kustomtheater.com,,,,Timnath,Colorado,US,80547
Aquarian Uprising,aquarianuprising.com,aquarianuprising.com,,,,Vail,Colorado,US,81657
Buddisystems,buddisystems.com,buddisystems.com,,,,Vail,Colorado,US,81657
Gravity Haus Vail,gravityhaus.com,gravityhaus.com,,,,Vail,Colorado,US,81657
Handyman Enterprises LLC,handyman-enterprises.com,handyman-enterprises.com,,,,Vail,Colorado,US,81657
InvitedHome Vail,invitedhome.com,invitedhome.com,https://www.linkedin.com/company/invitedhome,,,Vail,Colorado,US,81657
"KH Webb Architects, PC",khwebb.com,khwebb.com,,,,Vail,Colorado,US,81657
The Sebastian - Vail,thesebastianvail.com,thesebastianvail.com,,,,Vail,Colorado,US,81657
Utkin&Co. Handyman,utkinhome.solutions,utkinhome.solutions,,,,Vail,Colorado,US,81657
Vail Comedy Show,vailcomedyshow.com,vailcomedyshow.com,,,,Vail,Colorado,US,81657
Wishes Toys,wisheskidsstore.com,wisheskidsstore.com,,,,Vail,Colorado,US,81657
Evermore Integration,evermoreint.com,evermoreint.com,,,,Westminster,Colorado,US,80031
Secure Communications Group,securecomm.us,securecomm.us,https://www.linkedin.com/company/76887970,,,Westminster,Colorado,US,80003
Imagine More Automation Showroom & Distribution Center,shopimaginemore.com,shopimaginemore.com,https://www.linkedin.com/company/imaginemorestores,,,Windsor,Colorado,US,80550
Security and Sound Design,securityandsound.com,securityandsound.com,,,,Windsor,Colorado,US,80550
Audio Experience,audioexperience.net,audioexperience.net,,,,Ansonia,Connecticut,US,06401
Valley Lighting & Home Decor,valleyhomelighting.com,valleyhomelighting.com,,,,Ansonia,Connecticut,US,06401
Keylin Audio Video,keylinaudiovideo.com,keylinaudiovideo.com,,,,Avon,Connecticut,US,06001
DJB Installations LLC,djbinstallations.com,djbinstallations.com,,,,Berlin,Connecticut,US,06037
Hadden Home Services,thorogoodelectric.com,thorogoodelectric.com,,,,Bloomfield,Connecticut,US,06002
"DirectLine Media, LLC",directlinemediaproductions.com,directlinemediaproductions.com,,,,Branford,Connecticut,US,06405
Nationwide Security Corporation,nationwidesecuritycorp.com,nationwidesecuritycorp.com,,,,Branford,Connecticut,US,06405
OGS Technology,ogstechnology.com,ogstechnology.com,,,,Branford,Connecticut,US,06405
A/V DAVEY AUDIOVISUALS,avdavey.com,avdavey.com,,,,Bridgeport,Connecticut,US,06606
Insight Plus Technology,insightplustech.com,insightplustech.com,,,,Bristol,Connecticut,US,06010
Video Production CT,mackmediagroup.com,mackmediagroup.com,https://www.linkedin.com/company/mack-media-group,,,Brookfield,Connecticut,US,06804
"NETV LLC, Audio Video Integrator",netvservice.com,netvservice.com,,,,Canton,Connecticut,US,06019
Perfect Vision & Sound,perfectvisionsound.com,perfectvisionsound.com,,,,Canton,Connecticut,US,06019
CT Home Automation LLC,cthomeautomation.com,cthomeautomation.com,,,,Cheshire,Connecticut,US,06410
Harrington Home Systems,harringtonavs.com,harringtonavs.com,,,,Cheshire,Connecticut,US,06410
Powerstation Events,powerstationevents.com,powerstationevents.com,,,,Cheshire,Connecticut,US,06410
Automation Associates,autoassoc.com,autoassoc.com,,,,Darien,Connecticut,US,06820
Vista Group International Inc,vistagroupinternational.com,vistagroupinternational.com,,,,Darien,Connecticut,US,06820
Hometronics Lifestyles,hometronicslifestyles.com,hometronicslifestyles.com,,,,Durham,Connecticut,US,06422
4AVNow,4avnow.com,4avnow.com,,,,East Hartford,Connecticut,US,06108
Associated Security Corporation,associatedsecuritycorporation.com,associatedsecuritycorporation.com,,,,East Hartford,Connecticut,US,06108
Eastern Video Service,easternvideoservice.com,easternvideoservice.com,,,,East Hartford,Connecticut,US,06108
Electrical Unlimited LLC,electricalunlimited-llc.com,electricalunlimited-llc.com,,,,East Hartford,Connecticut,US,06118
Next Generation Alarms,nextgenerationalarms.com,nextgenerationalarms.com,,,,East Hartford,Connecticut,US,06108
Spaces LLC,buildyourspaces.com,buildyourspaces.com,,,,East Hartford,Connecticut,US,06108
West Electric,westelectric.energy,westelectric.energy,,,,East Hartford,Connecticut,US,06108
ESPOSITO ELECTRICAL & SECURITY,rjesposito.com,rjesposito.com,,,,East Haven,Connecticut,US,06512
Wired 4 Entertainment,wired4entertainment.com,wired4entertainment.com,,,,East Haven,Connecticut,US,06512
Beacon Electronics,beacon-electronics.com,beacon-electronics.com,,,,Fairfield,Connecticut,US,06824
GORDON TECH LLC,gordontechnical.com,gordontechnical.com,,,,Fairfield,Connecticut,US,06824
I Design,idesigntheaters.com,idesigntheaters.com,,,,Fairfield,Connecticut,US,06824
Phoenix Audio Video & Systems Integration,phoenixaudiovideo.com,phoenixaudiovideo.com,https://www.linkedin.com/company/phoenix-audio-video-llc,,,Fairfield,Connecticut,US,06825
Residential Systems & Design,rs-d.com,rs-d.com,,,,Fairfield,Connecticut,US,06825
Westfair TV Audio,westfairtv.com,westfairtv.com,,,,Fairfield,Connecticut,US,06824
Bentley Electronic Systems,bentleysystems.us,bentleysystems.us,,,,Glastonbury,Connecticut,US,06073
SmartCon Solutions,smartconsolutions.com,smartconsolutions.com,,,,Glastonbury,Connecticut,US,06033
Video Production Company,videoproduction-company.com,videoproduction-company.com,,,,Glastonbury,Connecticut,US,06033
Bri-Tech Inc,bri-tech.com,bri-tech.com,https://www.linkedin.com/company/bri-tech-inc.,,,Greenwich,Connecticut,US,06830
Broken Silence Custom Car Audio,brokensilencecaraudio.com,brokensilencecaraudio.com,,,,Greenwich,Connecticut,US,06830
Control Digital LLC,control-digital.net,control-digital.net,,,,Greenwich,Connecticut,US,06830
Cos Cob TV & Audio,coscobtv.com,coscobtv.com,,,,Greenwich,Connecticut,US,06807
Fairfield Integrated Systems,fairfieldis.io,fairfieldis.io,,,,Greenwich,Connecticut,US,06878
Greenwich Home Theater,greenwichhometheater.com,greenwichhometheater.com,,,,Greenwich,Connecticut,US,06830
Rolo Electronics Cameras Security Systems Security Audio Video Installation Sales Services,roloelectronics.com,roloelectronics.com,https://www.linkedin.com/company/rolo-electronics,,,Greenwich,Connecticut,US,06831
Visual Solutions LLC,visualsolutionsllc.com,visualsolutionsllc.com,,,,Greenwich,Connecticut,US,06830
Remote Solutions Inc,rsavus.com,rsavus.com,,,,Groton,Connecticut,US,06355
ATP Alarms,atpalarms.com,atpalarms.com,,,,Hamden,Connecticut,US,06514
Bovin's Video Production,bovinsvideoproduction.com,bovinsvideoproduction.com,,,,Hamden,Connecticut,US,06518
Custom Security of Connecticut,customsecurityct.com,customsecurityct.com,,,,Hamden,Connecticut,US,06514
Guymark Studios Inc,guymarkstudios.com,guymarkstudios.com,,,,Hamden,Connecticut,US,06518
A1 Door Repair & Installation – Hartford,a1doorservices.com,a1doorservices.com,,,,Hartford,Connecticut,US,06105
ACB Enterprise LLC,acbenterprise.alibidealer.com,acbenterprise.alibidealer.com,,,,Hartford,Connecticut,US,06112
AMZ Automations,getamzautomation.com,getamzautomation.com,,,,Hartford,Connecticut,US,06120
Action Audio Store LLC,actionaudiostorellc.com,actionaudiostorellc.com,,,,Hartford,Connecticut,US,06120
"Bright Solutions, LLC",brightsolutionct.com,brightsolutionct.com,,,,Hartford,Connecticut,US,06106
Connecticut Lighting Centers,ctlighting.com,ctlighting.com,,,,Hartford,Connecticut,US,06114
Hartford Stage,hartfordstage.org,hartfordstage.org,,,,Hartford,Connecticut,US,06103
HomeDecor,homedecorct.com,homedecorct.com,,,,Hartford,Connecticut,US,06120
Infinity Music Hall - Hartford,infinityhall.com,infinityhall.com,,,,Hartford,Connecticut,US,06103
L.A.S.R Home Improvement LLC,lasr-salme.net,lasr-salme.net,,,,Hartford,Connecticut,US,06106
Lifeway Mobility,lifewaymobility.com,lifewaymobility.com,,,,Hartford,Connecticut,US,06120
Real Art Ways,realartways.org,realartways.org,https://www.linkedin.com/company/real-art-ways,,,Hartford,Connecticut,US,06106
Restoration Lighting Gallery,myrlg.com,myrlg.com,,,,Hartford,Connecticut,US,06114
Sound Guyz Event Solutions Inc.,sgzpro.com,sgzpro.com,https://www.linkedin.com/company/soundguyz,,,Hartford,Connecticut,US,06103
The Bushnell Performing Arts Center,bushnell.org,bushnell.org,,,,Hartford,Connecticut,US,06106
The Meadows Music Theatre,meadowsmusictheatre.com,meadowsmusictheatre.com,,,,Hartford,Connecticut,US,06120
The Stereo Shop,thestereoshop.com,thestereoshop.com,,,,Hartford,Connecticut,US,06105
The Webster,thewebsterct.com,thewebsterct.com,,,,Hartford,Connecticut,US,06114
TheaterWorks Hartford,twhartford.org,twhartford.org,,,,Hartford,Connecticut,US,06103
Litchfield Stereo Design,litchfieldstereo.com,litchfieldstereo.com,,,,Kent,Connecticut,US,06757
Approved Audio Service Inc,approvedaudioservice.com,approvedaudioservice.com,,,,Litchfield,Connecticut,US,06750
Level Up Automation New York Metro,levelupautomation.com,levelupautomation.com,,,,Litchfield,Connecticut,US,06759
AV Theater Designs,avtheaterdesigns.com,avtheaterdesigns.com,,,,Madison,Connecticut,US,06443
"Intel Street Monitoring, LLC",intelstreetmonitoring.com,intelstreetmonitoring.com,,,,Manchester,Connecticut,US,06040
Smart Connections LLC,smartconnectionsllc.com,smartconnectionsllc.com,,,,Mansfield,Connecticut,US,06268
Safe Home Security,safehomesecurityinc.com,safehomesecurityinc.com,,,,Middletown,Connecticut,US,06457
QTL,qtl.lighting,qtl.lighting,,,,Milford,Connecticut,US,06460
Sierra Audio Video Designs,sierraavdesigns.com,sierraavdesigns.com,,,,Monroe,Connecticut,US,06468
Home Theater Electrician,a-plus-electrical.com,a-plus-electrical.com,,,,Naugatuck,Connecticut,US,06770
ROBERT ALLEN MULTIMEDIA,ramultimedia-ctny.com.us.specifiweb.com,ramultimedia-ctny.com.us.specifiweb.com,,,,New Canaan,Connecticut,US,06840
Hull Alarms LLC,hullalarmsllc.com,hullalarmsllc.com,,,,New Hartford,Connecticut,US,06057
Advanced CCTV Alarm Systems,advancedcctvalarm.com,advancedcctvalarm.com,,,,New Haven,Connecticut,US,06513
CMC Studios,cmcstudios.com,cmcstudios.com,,,,New Haven,Connecticut,US,06512
Electrical Wholesalers Inc.,ew-ct.com,ew-ct.com,,,,New Haven,Connecticut,US,06511
Mammoth Security Inc. New Haven,mammothsecurity.com,mammothsecurity.com,,,,New Haven,Connecticut,US,06515
"Solvis Media | Digital Marketing Company | Video, SEO, CRO, Web Design",solvismedia.com,solvismedia.com,,,,New Haven,Connecticut,US,06510
Square 9 Softworks,square-9.com,square-9.com,https://www.linkedin.com/company/square-9-softworks_2,,,New Haven,Connecticut,US,06510
Story Real Studios Video Production Company CT & Corporate Business Commercials,storyreal.co,storyreal.co,,,,New Haven,Connecticut,US,06510
Technolutions,technolutions.com,technolutions.com,,,,New Haven,Connecticut,US,06510
Videos Con Ivanice,youtu.be,youtu.be,,,,New Haven,Connecticut,US,06511
envision! Film and Video,envisionfilmvideo.com,envisionfilmvideo.com,,,,New Haven,Connecticut,US,06513
The Audio Store,theaudiostore.com,theaudiostore.com,,,,Newington,Connecticut,US,06111
Flexible Automation Systems,flexibleautomationsystemstechnology.com,flexibleautomationsystemstechnology.com,,,,Newtown,Connecticut,US,06482
Safe and Sound Systems,safeandsoundct.com,safeandsoundct.com,,,,North Branford,Connecticut,US,06471
Absolute Video,absolutevideoandphoto.com,absolutevideoandphoto.com,,,,North Haven,Connecticut,US,06473
Access Audio-Visual Systems,accessaudiovisual.com,accessaudiovisual.com,,,,North Haven,Connecticut,US,06473
Advanced Alarms Security Systems Inc.,advancedalarms.com,advancedalarms.com,,,,North Haven,Connecticut,US,06473
Network Electric & Security,network355.xyz,network355.xyz,,,,North Haven,Connecticut,US,06473
New England Sound Light Video Services,nesound.com,nesound.com,,,,North Haven,Connecticut,US,06473
Now Security Systems Inc,nowsecurityct.com,nowsecurityct.com,,,,North Haven,Connecticut,US,06473
Opus Audio Video Control Inc.,opusavc.com,opusavc.com,https://www.linkedin.com/company/opus-audio-video-control-inc,,,North Haven,Connecticut,US,06473
Pro Tek Security LLC,protekct.com,protekct.com,,,,North Haven,Connecticut,US,06473
Sound Stage Systems,soundstagesystems.com,soundstagesystems.com,,,,North Haven,Connecticut,US,06473
a&j pro audio ct,ajproaudio.com,ajproaudio.com,,,,North Haven,Connecticut,US,06473
Advanced Electronic Systems,aesalarm.com,aesalarm.com,,,,Norwalk,Connecticut,US,06851
Apex Technology Services,apextechservices.com,apextechservices.com,,,,Norwalk,Connecticut,US,06854
Cabling Technologies Corp.,ctcable.com,ctcable.com,https://www.linkedin.com/company/wix-com,,,Norwalk,Connecticut,US,06854
DiMar Technology LLC,dimartechnology.com,dimartechnology.com,,,,Norwalk,Connecticut,US,06851
Focal TV & Audio,focalav.com,focalav.com,,,,Norwalk,Connecticut,US,06854
Just Audio Visual,justaudiovisual.com,justaudiovisual.com,https://www.linkedin.com/company/just-av-llc,,,Norwalk,Connecticut,US,06851
Roof smart home improvement & construction,roofsmarthi.com,roofsmarthi.com,,,,Norwalk,Connecticut,US,06854
Sound Control Technologies Inc,soundcontrol.net,soundcontrol.net,,,,Norwalk,Connecticut,US,06855
Stratatech Group,stratatech.net,stratatech.net,https://www.linkedin.com/company/stratatech-group-llc,,,Norwalk,Connecticut,US,06850
Welte Electronic Systems LLC,welteelectronicsystems.com,welteelectronicsystems.com,,,,Norwalk,Connecticut,US,06851
AIMNET Smart Building Systems,mysmartbuilding.com,mysmartbuilding.com,,,,Orange,Connecticut,US,06477
Intense Audio and Video,intenseaudioandvideo.com,intenseaudioandvideo.com,,,,Plainville,Connecticut,US,06062
Automation Development Inc,automationdevelopment.com,automationdevelopment.com,,,,Plymouth,Connecticut,US,06786
C9 Audio Visual,c9audiovisual.com,c9audiovisual.com,,,,Plymouth,Connecticut,US,06786
Opticom Inc,opticom-ct.com,opticom-ct.com,,,,Portland,Connecticut,US,06480
Home Media Designs,homemediadesigns.com,homemediadesigns.com,https://www.linkedin.com/company/home-media-designs,,,Ridgefield,Connecticut,US,06877
"Intelligent Systems Consulting, LLC",intelligentsystemsconsulting.com,intelligentsystemsconsulting.com,,,,Rocky Hill,Connecticut,US,06067
Cagenio Home Technology,cagenio.com,cagenio.com,,,,Roxbury,Connecticut,US,06783
Grand Light,grandlight.com,grandlight.com,https://www.linkedin.com/company/grand-light,,,Seymour,Connecticut,US,06483
A Plus Audio Visual,aplusaudiovisual.com,aplusaudiovisual.com,,,,Shelton,Connecticut,US,06484
BBR Audio & Video,bbraudiovideo.com,bbraudiovideo.com,,,,Shelton,Connecticut,US,06484
Custom Automations,customautomations.com,customautomations.com,,,,Shelton,Connecticut,US,06484
"Solution Innovators, LLC",solutioninnovators.com,solutioninnovators.com,https://www.linkedin.com/company/solution-innovators,,,South Windsor,Connecticut,US,06074
Lynx Systems LLC,lynxsystems.net,lynxsystems.net,,,,Southington,Connecticut,US,06489
North American Theatrix,natheatrix.com,natheatrix.com,,,,Southington,Connecticut,US,06489
Ursa Security & Control,callursa.com,callursa.com,,,,Southington,Connecticut,US,06479
Adel Technology Audio Visual Systems,adelavs.com,adelavs.com,,,,Stamford,Connecticut,US,06901
Affordable Handyman of Greenwich,ahofgreenwich.com,ahofgreenwich.com,,,,Stamford,Connecticut,US,06902
"Air Solutions, Inc.",airsolutions.tv,airsolutions.tv,,,,Stamford,Connecticut,US,06902
Allied Universal,aus.com,aus.com,https://www.linkedin.com/company/allied-universal,,,Stamford,Connecticut,US,06902
Avery & Dash,averydash.com,averydash.com,,,,Stamford,Connecticut,US,06902
BD Builders General Construction LLC,bdbuildersgeneralconstruction.com,bdbuildersgeneralconstruction.com,,,,Stamford,Connecticut,US,06902
CAYIVISIONS Productions Studio,cayivisions.com,cayivisions.com,,,,Stamford,Connecticut,US,06901
Camsan Inc. Electrical Contractors,camsaninc.com,camsaninc.com,,,,Stamford,Connecticut,US,06902
Canaan Distributors Corporation,canaandistributors.com,canaandistributors.com,,,,Stamford,Connecticut,US,06907
Compco USA - Authorized Repair Center for Apple and PC Devices,compcousa.com,compcousa.com,,,,Stamford,Connecticut,US,06901
County TV & Appliance,countytv.com,countytv.com,,,,Stamford,Connecticut,US,06905
Curtain Call Inc,curtaincallinc.com,curtaincallinc.com,,,,Stamford,Connecticut,US,06905
DONE RIGHT HANDYMAN SERVICES LLC,handymanservice914.com,handymanservice914.com,,,,Stamford,Connecticut,US,06902
"Davenport Contracting, Inc",davenportcontracting.com,davenportcontracting.com,,,,Stamford,Connecticut,US,06902
Focus Vision Worldwide Inc,focusvision.com,focusvision.com,https://www.linkedin.com/company/forstainfo,,,Stamford,Connecticut,US,06902
Freedom Fusion System,freedomfusionsystem.com,freedomfusionsystem.com,,,,Stamford,Connecticut,US,06902
Hello Tokyo,innogood.shop,innogood.shop,,,,Stamford,Connecticut,US,06901
HomeTech Services LLC,cthometech.com,cthometech.com,,,,Stamford,Connecticut,US,06905
InterTech Media LLC,intertechmedia.com,intertechmedia.com,https://www.linkedin.com/company/intertech-media,,,Stamford,Connecticut,US,06906
Keystone Pictures Inc.,keystonepictures.tv,keystonepictures.tv,,,,Stamford,Connecticut,US,06905
Litehouse Associates,litehouseav.com,litehouseav.com,,,,Stamford,Connecticut,US,06902
"LocalLive Networks, Inc.",locallive.tv,locallive.tv,,,,Stamford,Connecticut,US,06901
Lucky 8 TV,lucky8.tv,lucky8.tv,,,,Stamford,Connecticut,US,06902
M Communications,mcommunications.com,mcommunications.com,,,,Stamford,Connecticut,US,06906
MediaCOM Inc - Digital Media Production Services,mediacominc.com,mediacominc.com,,,,Stamford,Connecticut,US,06903
N.Z. Home Improvement,nzhomeimprovement.com,nzhomeimprovement.com,,,,Stamford,Connecticut,US,06905
Planet TV & Appliances,planettv.com,planettv.com,,,,Stamford,Connecticut,US,06905
Renewal by Andersen,renewalbyandersen.com,renewalbyandersen.com,,,,Stamford,Connecticut,US,06910
Rich AV Design,richavdesign.com,richavdesign.com,,,,Stamford,Connecticut,US,06902
Safavieh Home Furnishings,safavieh.com,safavieh.com,,,,Stamford,Connecticut,US,06901
Safe and Sound Electric,safeandsoundelectric.com,safeandsoundelectric.com,,,,Stamford,Connecticut,US,06901
Smart Kids Home Daycare,smartkiddaycare.net,smartkiddaycare.net,,,,Stamford,Connecticut,US,06906
Stage To Show Llc,stagetoshow.com,stagetoshow.com,,,,Stamford,Connecticut,US,06907
Stamford Palace Theatre,palacestamford.org,palacestamford.org,,,,Stamford,Connecticut,US,06901
Stamford Studios,stamfordstudios.com,stamfordstudios.com,,,,Stamford,Connecticut,US,06901
"Systems and Services, LLC",systemsandservicesllc.com,systemsandservicesllc.com,,,,Stamford,Connecticut,US,06903
The Jerry Springer Show,jerryspringertv.com,jerryspringertv.com,,,,Stamford,Connecticut,US,06901
United Home & Patio,unitedhomeandpatio.com,unitedhomeandpatio.com,,,,Stamford,Connecticut,US,06901
Venture Home,venturehome.com,venturehome.com,https://www.linkedin.com/company/venture-home-solar,,,Stamford,Connecticut,US,06902
iMastercopy | Digital Marketing | App Development | Radio Airplay,imastercopy.net,imastercopy.net,,,,Stamford,Connecticut,US,06901
JHR Installations,jhrinstallations.com,jhrinstallations.com,,,,Stratford,Connecticut,US,06614
LiveWire Sound and Image,livewiresi.com,livewiresi.com,,,,Stratford,Connecticut,US,06615
Star Quality Video,starqualityvideo.com,starqualityvideo.com,,,,Stratford,Connecticut,US,06614
JMD AV LLC,jmdav.com,jmdav.com,https://www.linkedin.com/company/jmdavllc,,,Thompson,Connecticut,US,06255
Soundworks & Security,soundworksandsecurity.com,soundworksandsecurity.com,,,,Torrington,Connecticut,US,06790
Property Protection Consulting LLC,ppcalarms.com,ppcalarms.com,https://www.linkedin.com/company/property-protection-consulting-llc,,,Trumbull,Connecticut,US,06611
ACT Audio LLC,actaudio.net,actaudio.net,,,,Vernon,Connecticut,US,06066
C&T Systems,candtsystems.com,candtsystems.com,https://www.linkedin.com/company/c&t-systems,,,Vernon,Connecticut,US,06066
Level Up Automation of Connecticut,levelupautomationct.com,levelupautomationct.com,,,,Vernon,Connecticut,US,06066
Off The Ground Sound LLC,otgsound.com,otgsound.com,,,,Vernon,Connecticut,US,06066
"Aiello Home Services- Plumbing, Heating, AC, Electrical & Drain Cleaning",aiellohomeservices.com,aiellohomeservices.com,https://www.linkedin.com/company/aiello-home-services,,,Wallingford,Connecticut,US,06492
Audio Visual Networks,audiovisualnetworks.com,audiovisualnetworks.com,,,,Wallingford,Connecticut,US,06492
"Systems Integration, Inc. - IT Services and Support",sys-int.com,sys-int.com,,,,Wallingford,Connecticut,US,06492
LCD PLASMA INSTALLATION,lcdplasmainstallations.com,lcdplasmainstallations.com,,,,Waterbury,Connecticut,US,06705
Roberts Audio Video,robertsav.com,robertsav.com,,,,Waterford,Connecticut,US,06385
Automation Inc,automationincct.com,automationincct.com,,,,West Hartford,Connecticut,US,06110
CT Video Agency,splinternetmarketing.com,splinternetmarketing.com,,,,West Haven,Connecticut,US,06516
Horizon Recording Studio,horizonmusicgroup.com,horizonmusicgroup.com,,,,West Haven,Connecticut,US,06516
Obryser llc.,obryserllc.com,obryserllc.com,,,,West Haven,Connecticut,US,06516
PowerPlus Electric & Communications LLC,powerplusct.com,powerplusct.com,,,,West Haven,Connecticut,US,06516
Your Lighting Source,yourlightingsource.com,yourlightingsource.com,,,,West Haven,Connecticut,US,06516
PMC Technologies,pmctechnologies.net,pmctechnologies.net,,,,Weston,Connecticut,US,06883
TZ Home Integration,tzhomeintegration.com,tzhomeintegration.com,,,,Weston,Connecticut,US,06883
"AV Coding: Human-Centered, Audiovisual Success",avcoding.com,avcoding.com,,,,Westport,Connecticut,US,06880
Lifetronic Systems,lifetronic.net,lifetronic.net,,,,Westport,Connecticut,US,06880
Synergy Corporate Technologies,synergyonline.com,synergyonline.com,,,,Westport,Connecticut,US,06880
TecKnow Smart Living Ecosystems,tecknowhomes.com,tecknowhomes.com,https://www.linkedin.com/company/11179583,,,Westport,Connecticut,US,06880
Pro A.V. llc,proavllcdmv.com,proavllcdmv.com,,,,Accokeek,District of Columbia,US,20607
Advanced Security Systems Inc.,advancedsecuritysystemsinc.com,advancedsecuritysystemsinc.com,,,,Alexandria,District of Columbia,US,22302
Luxury Movie Theater Home 10 mins to Washington DC,us.despegar.com,us.despegar.com,,,,Alexandria,District of Columbia,US,22304
Revelation AV + Automation,revelationav.com,revelationav.com,,,,Alexandria,District of Columbia,US,22314
DC Home Addition Contractor,dchomeadditioncontractor.com,dchomeadditioncontractor.com,,,,Arlington,District of Columbia,US,22207
Enhanced Homes,enhanced-homes.com,enhanced-homes.com,,,,Arlington,District of Columbia,US,22206
TSA Systems Integration Facility,tsa.gov,tsa.gov,https://www.linkedin.com/company/2994,,,Arlington,District of Columbia,US,22202
Integrated Media Systems,imsva.com,imsva.com,,,,Ashburn,District of Columbia,US,20147
Level Up Installs,levelupinstalls.com,levelupinstalls.com,,,,Capitol Heights,District of Columbia,US,20743
"Trinity Wiring Solutions, LLC",trinitywiringsolutions.com,trinitywiringsolutions.com,,,,Chantilly,District of Columbia,US,20151
"Sight & Sound Systems, Inc.",sightandsoundsystems.com,sightandsoundsystems.com,https://www.linkedin.com/company/sightandsoundsystems,,,Dulles,District of Columbia,US,20166
Command Performance,commandav.com,commandav.com,,,,Falls Church,District of Columbia,US,22046
"Splaine Security Systems, Inc.",splainesystems.com,splainesystems.com,,,,Kensington,District of Columbia,US,20895
Evolution Audio Video,evolutionav.com,evolutionav.com,,,,McLean,District of Columbia,US,22102
POWERHOUSE,dcpowerhouse.com,dcpowerhouse.com,,,,Silver Spring,District of Columbia,US,20910
Vultron llc- TV Mounting/Speaker Installation/ Security Camera Installation/Network Cabling,vultroninstallers.com,vultroninstallers.com,,,,Springfield,District of Columbia,US,22150
"INI, Inc.",iniav.com,iniav.com,,,,Sterling,District of Columbia,US,20164
AV.IT&TV,avittv.com,avittv.com,,,,Washington,District of Columbia,US,20009
AVDC,avdcav.com,avdcav.com,,,,Washington,District of Columbia,US,20036
"AVR Expos - Washington, DC",avrexpos.com,avrexpos.com,https://www.linkedin.com/company/avr-expos,,,Washington,District of Columbia,US,20002
Adlumin Inc.,adlumin.com,adlumin.com,,,,Washington,District of Columbia,US,20002
Anant Corporation,anant.us,anant.us,,,,Washington,District of Columbia,US,20037
Artisitic Audio Video,artisticav.com,artisticav.com,,,,Washington,District of Columbia,US,20001
Asurity Technologies,asurity.com,asurity.com,,,,Washington,District of Columbia,US,20036
Audio Studios at Feature Story News,monitorstudios.mysite.com,monitorstudios.mysite.com,,,,Washington,District of Columbia,US,20006
Audio Visual Architects LLC,avarchs.com,avarchs.com,,,,Washington,District of Columbia,US,20036
Audio Visual Systems,avsshows.com,avsshows.com,,,,Washington,District of Columbia,US,20004
Autonomi,getautonomi.com,getautonomi.com,,,,Washington,District of Columbia,US,20002
"BasementRemodeling.com - DC - Finishing, Lowering And Underpinning",basementremodeling.com,basementremodeling.com,,,,Washington,District of Columbia,US,20009
Build Design Center Kitchen & Bath,builddesigncenter.com,builddesigncenter.com,https://www.linkedin.com/company/build-design-center-kitchen-bath,,,Washington,District of Columbia,US,20007
Bytesncables LLC,bytesncables.com,bytesncables.com,,,,Washington,District of Columbia,US,20006
CGH Technologies Inc,cghtech.com,cghtech.com,,,,Washington,District of Columbia,US,20024
CoreView,coreview.com,coreview.com,,,,Washington,District of Columbia,US,20005
"Corporate Systems Resources, Inc.",csr2000.com,csr2000.com,,,,Washington,District of Columbia,US,20005
Custom TV Solutions,customtvsolutions.com,customtvsolutions.com,,,,Washington,District of Columbia,US,20007
DP Solutions,dpsolutions.com,dpsolutions.com,,,,Washington,District of Columbia,US,20005
"E-Logic, Inc.",e-logic.us,e-logic.us,,,,Washington,District of Columbia,US,20036
Event Technology Solutions,etsaudiovisual.com,etsaudiovisual.com,,,,Washington,District of Columbia,US,20006
Extended ERP,extendederp.com,extendederp.com,https://www.linkedin.com/company/extended-erp,,,Washington,District of Columbia,US,20009
"FWG Solutions, Inc.",fwgsolutions.com,fwgsolutions.com,https://www.linkedin.com/company/fwg-solutions,,,Washington,District of Columbia,US,20004
GlobalinkIT,globalinkit.com,globalinkit.com,https://www.linkedin.com/company/globalinkit,,,Washington,District of Columbia,US,20001
Graffiti Audio Video,graffitiaudiovideo.com,graffitiaudiovideo.com,,,,Washington,District of Columbia,US,20016
Hatha Systems Llc,hathasystems.com,hathasystems.com,https://www.linkedin.com/company/hatha-systems,,,Washington,District of Columbia,US,20004
Hostme,hostmeapp.com,hostmeapp.com,https://www.linkedin.com/company/hostme,,,Washington,District of Columbia,US,20007
ITAdOn IT Solutions,itadon.com,itadon.com,,,,Washington,District of Columbia,US,20006
ITeck Solutions LLC,itecksolutions.com,itecksolutions.com,,,,Washington,District of Columbia,US,20036
"Information Systems Solutions, Inc.",issits.com,issits.com,,,,Washington,District of Columbia,US,20009
"Iron Vine Security, LLC",ivsec.com,ivsec.com,,,,Washington,District of Columbia,US,20005
"Johnson Electric Company, Inc.",jecoinc.com,jecoinc.com,,,,Washington,District of Columbia,US,20011
LC Systems,lcsystems.com,lcsystems.com,,,,Washington,District of Columbia,US,20008
Landmark's Atlantic Plumbing Cinema,landmarktheatres.com,landmarktheatres.com,,,,Washington,District of Columbia,US,20001
Layermark,layermark.com,layermark.com,,,,Washington,District of Columbia,US,20036
Mariebelle Homes,mariebellehomes.llc,mariebellehomes.llc,,,,Washington,District of Columbia,US,20006
Matrix MSP LLC,matrixmspllc.com,matrixmspllc.com,https://www.linkedin.com/company/matrix-msp-llc,,,Washington,District of Columbia,US,20006
Miles IT,milesit.com,milesit.com,,,,Washington,District of Columbia,US,20003
Neighborhood Garage Door Repair Of Washington DC,neighborhood-gds.com,neighborhood-gds.com,,,,Washington,District of Columbia,US,20001
Nortec Communications - Washington Managed IT Services Company,nortec.com,nortec.com,,,,Washington,District of Columbia,US,20006
"Northeast DC 2BR with Projector, Smart TV and Renovated Kitchen",vrbo.com,vrbo.com,,,,Washington,District of Columbia,US,20019
Nysys Audio,nysysaudio.com,nysysaudio.com,,,,Washington,District of Columbia,US,20002
"O.S. Solutions - Technology Consulting - Washington, DC",osyssolutions.com,osyssolutions.com,,,,Washington,District of Columbia,US,20002
Obverse Inc.,obverseinc.com,obverseinc.com,https://www.linkedin.com/company/15535326,,,Washington,District of Columbia,US,20012
Pinkney Services,pinkneyservices.com,pinkneyservices.com,,,,Washington,District of Columbia,US,20001
PolyUno,polyuno.com,polyuno.com,,,,Washington,District of Columbia,US,20006
Precise Building Services,precisebuildingservices.com,precisebuildingservices.com,,,,Washington,District of Columbia,US,20002
Pro A/V D.C.,proavdc.com,proavdc.com,,,,Washington,District of Columbia,US,20008
SMERFEvents AV & Lighting Rental,smerfevents.com,smerfevents.com,,,,Washington,District of Columbia,US,20004
Security Cam﻿era Installation Service & IT Service DMV,securitycamerasinstallationdmv.com,securitycamerasinstallationdmv.com,,,,Washington,District of Columbia,US,20001
Shipshape IT - Washington DC IT Support Location,shipshapeit.com,shipshapeit.com,,,,Washington,District of Columbia,US,20005
"Softek Services, Inc.",softekdc.com,softekdc.com,https://www.linkedin.com/company/softek-services-inc-,,,Washington,District of Columbia,US,20005
Studio Theatre,studiotheatre.org,studiotheatre.org,,,,Washington,District of Columbia,US,20005
TechCon LLC.,techconllc.com,techconllc.com,,,,Washington,District of Columbia,US,20001
ThinkNimble,thinknimble.com,thinknimble.com,,,,Washington,District of Columbia,US,20036
Vision Security Solutions LLC,vision-security.com,vision-security.com,,,,Washington,District of Columbia,US,20018
"k_Street Consulting | Cybersecurity & IT Support Services in Washington, D.C.",kstreetllc.com,kstreetllc.com,,,,Washington,District of Columbia,US,20005
Delaware Audio Visual,delawareav.com,delawareav.com,,,,New Castle,Delaware,US,19720
Integrated Home,ihomellc.com,ihomellc.com,,,,Wilmington,Delaware,US,19805
LightingandSupplies.com,lightingandsupplies.com,lightingandsupplies.com,,,,Wilmington,Delaware,US,19801
North Central Florida Air Conditioning,ncfac.com,ncfac.com,,,,Alachua,Florida,US,32615
Strada Services,stradaservices.com,stradaservices.com,https://www.linkedin.com/company/strada-services,,,Alachua,Florida,US,32615
"APAV Solutions, Inc.",apavsolutions.com,apavsolutions.com,,,,Altamonte Springs,Florida,US,32714
Link Outdoor Lighting (Orlando),linkoutdoorlighting.com,linkoutdoorlighting.com,,,,Altamonte Springs,Florida,US,32701
RelianceAV,relianceav.com,relianceav.com,https://www.linkedin.com/company/relianceav,,,Altamonte Springs,Florida,US,32714
EC Ultimate tech,ecultimatetech.com,ecultimatetech.com,,,,Apopka,Florida,US,32703
AudioTec Designs,audiotecdesigns.com,audiotecdesigns.com,,,,Boca Raton,Florida,US,33431
Automated Intelligence,automatedintelligence.ai,automatedintelligence.ai,,,,Boca Raton,Florida,US,33499
"BONJOUR GEEKS, We proudly serve homes & businesses across South Florida.",bonjourgeeks.com,bonjourgeeks.com,,,,Boca Raton,Florida,US,33432
Blue Hawk Technologies,bluehawktech.com,bluehawktech.com,,,,Boca Raton,Florida,US,33432
Boca Tech and Automation,bocatech.com,bocatech.com,https://www.linkedin.com/company/boca-tech-and-automation,,,Boca Raton,Florida,US,33434
Elite Smart Group - Boca Raton,elitesmartgroup.com,elitesmartgroup.com,https://www.linkedin.com/company/elite-smart-group-smart-home-integration-automation,,,Boca Raton,Florida,US,33431
Elitech Design - Lifestyle Meets Technology,elitech.design,elitech.design,,,,Boca Raton,Florida,US,33487
First Fiber,fiberop.com,fiberop.com,,,,Boca Raton,Florida,US,33487
Good Sounds Home Theater,goodsoundshometheater.com,goodsoundshometheater.com,,,,Boca Raton,Florida,US,33487
JZ Home Audio & Video,jzhomeaudiovideo.com,jzhomeaudiovideo.com,,,,Boca Raton,Florida,US,33432
Lifestyle Technologies,lifestyletd.com,lifestyletd.com,,,,Boca Raton,Florida,US,33431
MiLux AV,miluxav.com,miluxav.com,,,,Boca Raton,Florida,US,33498
Premiere Multimedia Group,premieremulti.com,premieremulti.com,,,,Boca Raton,Florida,US,33487
Sentry Audio Video,sentryaudiovideo.com,sentryaudiovideo.com,,,,Boca Raton,Florida,US,33432
Simpli-Fi AV,simpli-fiav.com,simpli-fiav.com,,,,Boca Raton,Florida,US,33431
Smart IT,smartitfl.com,smartitfl.com,,,,Boca Raton,Florida,US,33432
Tech Squad AV & Automation,tsav.net,tsav.net,https://www.linkedin.com/company/ts-av-automation-tech-squad,,,Boca Raton,Florida,US,33487
"Techpro Security Products, LLC",techprosecurity.com,techprosecurity.com,https://www.linkedin.com/company/techpro-security,,,Boca Raton,Florida,US,33432
Timeline Automation,timelineautomation.com,timelineautomation.com,,,,Boca Raton,Florida,US,33432
Zen Life Home Automation & Security,gozen.life,gozen.life,,,,Boca Raton,Florida,US,33431
iHangTVPro TV Wall Mounting & Installation Services,ihangtvpro.com,ihangtvpro.com,,,,Boca Raton,Florida,US,33433
Quantum AV,quantum-av.com,quantum-av.com,,,,Bonita Springs,Florida,US,34135
Tech Savvy of SWFL LLC,techsavvynaples.com,techsavvynaples.com,,,,Bonita Springs,Florida,US,34135
Your Tech,yourtechfl.com,yourtechfl.com,,,,Bonita Springs,Florida,US,34135
Blue Sky Automation,blueskyautomationllc.com,blueskyautomationllc.com,https://www.linkedin.com/company/blueskyautomation,,,Boynton Beach,Florida,US,33426
SouthTech Automation,southtechfl.com,southtechfl.com,https://www.linkedin.com/company/107996903,,,Boynton Beach,Florida,US,33435
Vivid AV Design and Integration,vividavdesignandintegration.com,vividavdesignandintegration.com,,,,Bradenton,Florida,US,34203
AC3 Solutions,ac3solutions.org,ac3solutions.org,,,,Brandon,Florida,US,33511
Amplified Off Road,amplifiedoffroad.com,amplifiedoffroad.com,,,,Bunnell,Florida,US,32110
Custom Control Solutions,ccsinc-florida.com,ccsinc-florida.com,,,,Cantonment,Florida,US,32533
"A&E Control Solutions, LLC",aecontrolsolutions.com,aecontrolsolutions.com,,,,Cape Coral,Florida,US,33914
Acuity Technologies LLC,acuitytechnologiesusa.com,acuitytechnologiesusa.com,,,,Cape Coral,Florida,US,33990
Beyond Audio Visual,beyondaudiovisual.com,beyondaudiovisual.com,,,,Cape Coral,Florida,US,33991
CounterStrike Security & Sound,counterstrikess.com,counterstrikess.com,,,,Cape Coral,Florida,US,33991
Creative Sound & Lighting Solutions,creativesoundsolution.com,creativesoundsolution.com,,,,Cape Coral,Florida,US,33909
"Innerlink Security & Sound, LLC",innerlinkss.com,innerlinkss.com,,,,Cape Coral,Florida,US,33991
YDLC Luxury Home Experience Corp,ydlcluxuryhomeexperience.com,ydlcluxuryhomeexperience.com,,,,Cape Coral,Florida,US,33990
Next Level Audio and Video Solutions,nextlevelavs.com,nextlevelavs.com,,,,Chipley,Florida,US,32428
AV Specialists Inc,avspecialistsfl.com,avspecialistsfl.com,,,,Clearwater,Florida,US,33765
Audio Visual Connection Inc,audiovisualconnection.com,audiovisualconnection.com,,,,Clearwater,Florida,US,33762
Easy Living with Technology,easyliving.net,easyliving.net,,,,Clearwater,Florida,US,33760
Entertainment Pros Inc,entertainment-pros.com,entertainment-pros.com,,,,Clearwater,Florida,US,33761
Integral Home Technology,integralfl.com,integralfl.com,https://www.linkedin.com/company/integral-home-technology,,,Clearwater,Florida,US,33765
Deltron Electric FL,deltronelectricfl.com,deltronelectricfl.com,https://www.linkedin.com/company/deltron-electric-florida,,,Cocoa,Florida,US,32926
Cinema Sound Unlimited,cinemasoundunlimited.com,cinemasoundunlimited.com,,,,Coral Springs,Florida,US,33065
HWA Home Automation & Security Systems,hwautomation.com,hwautomation.com,https://www.linkedin.com/company/hw-automation-inc.,,,Dania Beach,Florida,US,33004
AV INTEGRATORS HOME AUTOMATION,avintegrators.net,avintegrators.net,,,,Davie,Florida,US,33328
Acoustic Visual Innovations,acousticvisual.com,acousticvisual.com,,,,Davie,Florida,US,33317
Front Row Theater,frontrowtheater.com,frontrowtheater.com,,,,Davie,Florida,US,33324
LP Custom Solutions,lpcustomsolutions.com,lpcustomsolutions.com,,,,Davie,Florida,US,33312
"100,000 ARTS Studios",100000arts.com,100000arts.com,,,,Daytona Beach,Florida,US,32114
Consolidated Electrical Distributors,ceddaytona.portalced.com,ceddaytona.portalced.com,,,,Daytona Beach,Florida,US,32114
Dan's Fan City,dansfancity.com,dansfancity.com,,,,Daytona Beach,Florida,US,32114
Daytona Playhouse,daytonaplayhouse.org,daytonaplayhouse.org,,,,Daytona Beach,Florida,US,32118
Del Mar Fans & Lighting,delmarfans.com,delmarfans.com,,,,Daytona Beach,Florida,US,32117
Eltec Instruments,eltecinstruments.com,eltecinstruments.com,,,,Daytona Beach,Florida,US,32114
Galaxy Lighting,galaxylightingfl.com,galaxylightingfl.com,,,,Daytona Beach,Florida,US,32114
Higher Standard Group MDAV Coastal,gohigherstandard.com,gohigherstandard.com,,,,Daytona Beach,Florida,US,32114
IMIJ Productions,imijproductions.com,imijproductions.com,,,,Daytona Beach,Florida,US,32114
Infinite AV Systems,goinfiniteav.com,goinfiniteav.com,,,,Daytona Beach,Florida,US,32114
L S Enterprises LLC,l-senterprises.com,l-senterprises.com,https://www.linkedin.com/company/l&s-enterprises-llc,,,Daytona Beach,Florida,US,32114
Local TV Mounting of Daytona Beach,localtvmounting.com,localtvmounting.com,,,,Daytona Beach,Florida,US,32117
Lynch Electric & Design,lynchelectricdesign.com,lynchelectricdesign.com,,,,Daytona Beach,Florida,US,32114
Metra Electronics,metraonline.com,metraonline.com,,,,Daytona Beach,Florida,US,32117
Precise Audio Inc.,preciseaudiofl.com,preciseaudiofl.com,,,,Daytona Beach,Florida,US,32114
Smart Technologies of Florida,smarttechfl.com,smarttechfl.com,,,,Daytona Beach,Florida,US,32114
Southeastern Lighting Solutions & Signs Florida,selightingsolutions.com,selightingsolutions.com,https://www.linkedin.com/company/southeastern-lighting-solutions,,,Daytona Beach,Florida,US,32117
Stereotypes,stereotypes.us,stereotypes.us,,,,Daytona Beach,Florida,US,32114
Wholesale Lighting Inc,wholesalelightingdaytona.com,wholesalelightingdaytona.com,,,,Daytona Beach,Florida,US,32119
New Vision Videos LLC,newvisionvideos.com,newvisionvideos.com,,,,Daytona Beach Shores,Florida,US,32118
"One Touch Technologies, Inc.",onetouchtechnology.com,onetouchtechnology.com,,,,Deerfield Beach,Florida,US,33442
"HT-Install, Inc.",htinstall.com,htinstall.com,https://www.linkedin.com/company/ht-install-inc.,,,Delray Beach,Florida,US,33444
"OnPoint Audio Video, Automation, Security & Electric",simplyonpoint.com,simplyonpoint.com,https://www.linkedin.com/company/onpoint-tech-systems,,,Delray Beach,Florida,US,33444
A to Z Security & Sound (Destin),atozsecurityandsound.com,atozsecurityandsound.com,,,,Destin,Florida,US,32541
ANTENNA & SATELLITE STORE,dishdave.com,dishdave.com,,,,Destin,Florida,US,32541
Advanced Protective Technologies,aptfireandsecurity.com,aptfireandsecurity.com,,,,Destin,Florida,US,32541
CTS Electronics Repair and Soldering,microelectronicrepairs.com,microelectronicrepairs.com,,,,Destin,Florida,US,32541
Car Volt,carstereoinstallationdestin.com,carstereoinstallationdestin.com,,,,Destin,Florida,US,32541
Emerald Coast Customs & 3M Window Tinting,emeraldcoastcustoms.com,emeraldcoastcustoms.com,,,,Destin,Florida,US,32541
Gulf Coast Electric,gcedestin.com,gcedestin.com,,,,Destin,Florida,US,32541
IN2IT PROPERTY SOLUTIONS,in2itpros.com,in2itpros.com,,,,Destin,Florida,US,32541
Palm Audio Video Inc,palmaudiovideo.com,palmaudiovideo.com,,,,Destin,Florida,US,32550
Premier Media Technologies,premiermediatechnologies.com,premiermediatechnologies.com,,,,Destin,Florida,US,32541
ProTeriors Complete Property Maintenance,proteriorscpm.com,proteriorscpm.com,,,,Destin,Florida,US,32541
RightWire Entertainment Inc.,rightwireinc.com,rightwireinc.com,,,,Destin,Florida,US,32541
Tecaba Tech,tecabatech.com,tecabatech.com,,,,Destin,Florida,US,32541
AVL Solutions,avlsolutions.com,avlsolutions.com,,,,Doral,Florida,US,33172
Bose Store / Audio & Video Solutions,av-solutions.com,av-solutions.com,,,,Doral,Florida,US,33172
LES Lighting Electrical Supply Doral,lesmiami.com,lesmiami.com,,,,Doral,Florida,US,33166
Linear Lighting and Control,linearlightingmiami.com,linearlightingmiami.com,,,,Doral,Florida,US,33166
Melody,melodyav.com,melodyav.com,https://www.linkedin.com/company/melody-av-mood-media-of-south-florida,,,Doral,Florida,US,33166
Smart Tech Pro LLC,smarttechpro.net,smarttechpro.net,,,,Doral,Florida,US,33172
Ultimate Sound & Vision,ultimatesv.com,ultimatesv.com,,,,Doral,Florida,US,33178
inhoome,inhoome.com,inhoome.com,,,,Doral,Florida,US,33172
ioty,iotypro.com,iotypro.com,,,,Doral,Florida,US,33122
Elite Sound and Vision,elitesoundandvision.com,elitesoundandvision.com,,,,Edgewater,Florida,US,32132
Gulf Coast Installations,gulfcoastinstallations.com,gulfcoastinstallations.com,,,,Estero,Florida,US,33928
Social Design Technologies | Network Cabling | Structured Cabling | TV Wall Mounting,socialdesigntech.com,socialdesigntech.com,,,,Estero,Florida,US,33928
Tison Inc.,tisoninc.com,tisoninc.com,,,,Fleming Island,Florida,US,32003
AVER Productions and Audiovisual Fort Lauderdale,averproductions.com,averproductions.com,,,,Fort Lauderdale,Florida,US,33305
AVTC Production Group,avtcpg.com,avtcpg.com,,,,Fort Lauderdale,Florida,US,33309
Advanced Technology Solutions,advtechs.com,advtechs.com,,,,Fort Lauderdale,Florida,US,33301
Aspire Audio Visual,aspireav.com,aspireav.com,,,,Fort Lauderdale,Florida,US,33312
Audio Video Advisors,avafl.com,avafl.com,,,,Fort Lauderdale,Florida,US,33312
Audio Video Works,audiovideoworks.net,audiovideoworks.net,,,,Fort Lauderdale,Florida,US,33309
Automated Luxury Lifestyles,automatedluxury.ai,automatedluxury.ai,,,,Fort Lauderdale,Florida,US,33301
Champion Control Inc,championcontrols.com,championcontrols.com,,,,Fort Lauderdale,Florida,US,33309
Concord Marine Electronics,shop.concordelectronics.com,shop.concordelectronics.com,,,,Fort Lauderdale,Florida,US,33315
DNB Wireless LLC,dnbwireless.com,dnbwireless.com,,,,Fort Lauderdale,Florida,US,33301
Digital Pro Automation INC,digitalproam.com,digitalproam.com,,,,Fort Lauderdale,Florida,US,33308
Francis Audio,francisaudio.com,francisaudio.com,,,,Fort Lauderdale,Florida,US,33309
Genesis Automation Inc,genesisautomationinc.com,genesisautomationinc.com,,,,Fort Lauderdale,Florida,US,33312
High Green Technologies,highgreentechnologies.com,highgreentechnologies.com,,,,Fort Lauderdale,Florida,US,33312
Illusive Automation,illusiveautomation.com,illusiveautomation.com,,,,Fort Lauderdale,Florida,US,33311
Jappel Tech & Resale,jappeltech.com,jappeltech.com,,,,Fort Lauderdale,Florida,US,33394
Kilian Smart Homes LLC,kiliansmarthomes.com,kiliansmarthomes.com,,,,Fort Lauderdale,Florida,US,33311
Level 5 Security Group,level5securitygroup.com,level5securitygroup.com,,,,Fort Lauderdale,Florida,US,33309
Premium Audio And Video,premiumaudiovideo.com,premiumaudiovideo.com,,,,Fort Lauderdale,Florida,US,33301
Premium Home Systems,premiumhomesystems.com,premiumhomesystems.com,,,,Fort Lauderdale,Florida,US,33304
Pure Audio Video,pureaudiovideo.com,pureaudiovideo.com,,,,Fort Lauderdale,Florida,US,33312
Soflo Systems - Miami AV Company & Conference Room Installations,soflosystems.com,soflosystems.com,,,,Fort Lauderdale,Florida,US,33311
Sound Specialist of South Florida,soundspecialist.net,soundspecialist.net,,,,Fort Lauderdale,Florida,US,33309
SoundWhere Media Furniture,soundwhereusa.com,soundwhereusa.com,https://www.linkedin.com/company/soundwhere-media-furniture-llc,,,Fort Lauderdale,Florida,US,33314
Top Notch Security Systems,topsecuritysystemservices.com,topsecuritysystemservices.com,,,,Fort Lauderdale,Florida,US,33304
Ultra Technologies,ultratechdirect.com,ultratechdirect.com,,,,Fort Lauderdale,Florida,US,33305
Ynvents Media Group,ynvents.com,ynvents.com,,,,Fort Lauderdale,Florida,US,33301
AVision Technology,startedwithavision.com,startedwithavision.com,,,,Fort Myers,Florida,US,33912
Access Control Plus LLC,accesscontrolplus.com,accesscontrolplus.com,,,,Fort Myers,Florida,US,33901
Access Electronics LLC,access-electronics.com,access-electronics.com,,,,Fort Myers,Florida,US,33912
Advanced Sound and Image LLC,advancedsoundandimage.com,advancedsoundandimage.com,,,,Fort Myers,Florida,US,33919
"All Access Multimedia, Inc.",allaccessmultimedia.com,allaccessmultimedia.com,,,,Fort Myers,Florida,US,33912
"All American Alarm, Inc",allamericanalarm.com,allamericanalarm.com,https://www.linkedin.com/company/all-american-alarm,,,Fort Myers,Florida,US,33901
All Phase Electric Service,allphase-electric.com,allphase-electric.com,https://www.linkedin.com/company/all-phase-electric-service-of-florida-inc.,,,Fort Myers,Florida,US,33912
Alternative Audio Solutions,alternativeaudiosolutions.com,alternativeaudiosolutions.com,,,,Fort Myers,Florida,US,33966
Anixter Power Solutions,anixterpowersolutions.com,anixterpowersolutions.com,,,,Fort Myers,Florida,US,33966
Audio Connection,audioconnectionfla.com,audioconnectionfla.com,,,,Fort Myers,Florida,US,33907
Avss Inc.,avss.com,avss.com,,,,Fort Myers,Florida,US,33966
Axis Connected Technologies (formerly Axis Satellite & Home Theatre),axisconnectedtech.com,axisconnectedtech.com,,,,Fort Myers,Florida,US,33905
BCI Technologies,bcitech.com,bcitech.com,https://www.linkedin.com/company/bcitech,,,Fort Myers,Florida,US,33913
Best Home Services,getbest.com,getbest.com,,,,Fort Myers,Florida,US,33908
Brothers Lighting and Fan Gallery,brotherslighting.net,brotherslighting.net,,,,Fort Myers,Florida,US,33966
CED Fort Myers,cedfortmyers.com,cedfortmyers.com,,,,Fort Myers,Florida,US,33966
City Electric Supply Fort Myers,cityelectricsupply.com,cityelectricsupply.com,,,,Fort Myers,Florida,US,33966
Commercial Electrical Systems,ces-co.com,ces-co.com,,,,Fort Myers,Florida,US,33966
Completely Connected LLC,completelyconnected.net,completelyconnected.net,https://www.linkedin.com/company/completely-connected-llc,,,Fort Myers,Florida,US,33967
Diamond Security & Sound,dssav.com,dssav.com,,,,Fort Myers,Florida,US,33913
Dynamic Electric,dynamicelectricfl.com,dynamicelectricfl.com,,,,Fort Myers,Florida,US,33901
Electrical Wholesale Supply,ewsfla.com,ewsfla.com,,,,Fort Myers,Florida,US,33913
Fort Myers Video Production - Vibrant Media Productions,vibrantmediaproductions.com,vibrantmediaproductions.com,,,,Fort Myers,Florida,US,33907
Future Controls Inc,future-controls.com,future-controls.com,,,,Fort Myers,Florida,US,33905
Global Solutions Electronics Company,globalsolutionselectronics.com,globalsolutionselectronics.com,,,,Fort Myers,Florida,US,33912
Graybar,graybar.com,graybar.com,,,,Fort Myers,Florida,US,33901
Greenwire Technology Solutions,greenwireit.com,greenwireit.com,,,,Fort Myers,Florida,US,33966
Harmon's Audio Visual,harmonsav.com,harmonsav.com,,,,Fort Myers,Florida,US,33966
Hidden Technology Inc,hiddentechnologyinc.com,hiddentechnologyinc.com,,,,Fort Myers,Florida,US,33913
Home Audio & Security Design Inc.,homeaudioanddesign.com,homeaudioanddesign.com,,,,Fort Myers,Florida,US,33913
Hothouse AV,hothousemusicandproductions.com,hothousemusicandproductions.com,,,,Fort Myers,Florida,US,33912
LED Airport Lighting,ledairportlighting.com,ledairportlighting.com,,,,Fort Myers,Florida,US,33967
"Lit Electric Inc - Affordable Electrician in Fort Myers, FL",litelectricinc.com,litelectricinc.com,,,,Fort Myers,Florida,US,33966
"Mabry Brothers, Inc",mabrybrothers.com,mabrybrothers.com,,,,Fort Myers,Florida,US,33912
Magical Home Theaters,magicalhometheaters.com,magicalhometheaters.com,,,,Fort Myers,Florida,US,33913
Miami-Dade Electric and A/C Supply,miami-dade-electric-and-ac-supply.odoo.com,miami-dade-electric-and-ac-supply.odoo.com,,,,Fort Myers,Florida,US,33901
Micro Controls Systems,mcscontrols.com,mcscontrols.com,https://www.linkedin.com/company/micro-control-systems,,,Fort Myers,Florida,US,33905
Mls Installations INC,mlshometheaters.com,mlshometheaters.com,,,,Fort Myers,Florida,US,33913
Mock Engineering Technologies,mockengineering.com,mockengineering.com,,,,Fort Myers,Florida,US,33912
Modern Tek Solutions,moderntek.com,moderntek.com,,,,Fort Myers,Florida,US,33912
Monitored Alarm Services,monitoredalarm.com,monitoredalarm.com,,,,Fort Myers,Florida,US,33919
Peninsular Electric Distributors,peninsular.secondphaselive.net,peninsular.secondphaselive.net,https://www.linkedin.com/company/peninsular-electric-distributors,,,Fort Myers,Florida,US,33967
Phoenix Electric N Lighting,phoenixelectricnlighting.com,phoenixelectricnlighting.com,,,,Fort Myers,Florida,US,33907
Powell AV,powellav.com,powellav.com,,,,Fort Myers,Florida,US,33966
RPM Audio & Video,rpm-audio-video.ueniweb.com,rpm-audio-video.ueniweb.com,,,,Fort Myers,Florida,US,33917
Ron & Sons Inc,ronandsons.com,ronandsons.com,,,,Fort Myers,Florida,US,33919
Schultz Low Voltage Systems,schultzlowvoltage.com,schultzlowvoltage.com,,,,Fort Myers,Florida,US,33966
Silmar Electronics Inc,silmarelectronics.com,silmarelectronics.com,,,,Fort Myers,Florida,US,33912
Southwest Florida Custom Electronics Inc,swfce.com,swfce.com,,,,Fort Myers,Florida,US,33912
Southwest Florida Electric Inc.,swflelectric.com,swflelectric.com,,,,Fort Myers,Florida,US,33901
Starlite Electric LLC,starliteelectricflorida.com,starliteelectricflorida.com,,,,Fort Myers,Florida,US,33912
SureSound Home Systems,suresoundhome.com,suresoundhome.com,,,,Fort Myers,Florida,US,33907
TV Center Electronics and Appliances,tvcenterinc.com,tvcenterinc.com,,,,Fort Myers,Florida,US,33916
TVC Auto Sounds,tvcautosounds.com,tvcautosounds.com,,,,Fort Myers,Florida,US,33916
Tech-Tronics,tech-tronicsinc.com,tech-tronicsinc.com,,,,Fort Myers,Florida,US,33901
Total Home Entertainment,total-home-entertainment.com,total-home-entertainment.com,,,,Fort Myers,Florida,US,33901
Unity Gain Recording Studio,unitygain.com,unitygain.com,,,,Fort Myers,Florida,US,33901
Uxari Smart Home - Home Security,uxari.com,uxari.com,,,,Fort Myers,Florida,US,33913
Vitex Smart Home - Home Security,vitexsystems.com,vitexsystems.com,,,,Fort Myers,Florida,US,33913
World Electric,worldelectricsupply.com,worldelectricsupply.com,https://www.linkedin.com/company/world-electric-supply,,,Fort Myers,Florida,US,33916
dB GAIN,db-gain.com,db-gain.com,,,,Fort Myers,Florida,US,33912
Airtronics,airtronics.biz,airtronics.biz,,,,Fort Pierce,Florida,US,34946
Alford's Affordable Services,alfordservice.com,alfordservice.com,,,,Gainesville,Florida,US,32609
"Altamus, Inc.",altamusinc.com,altamusinc.com,,,,Gainesville,Florida,US,32609
Betterme Productions,bettermeproductions.com,bettermeproductions.com,,,,Gainesville,Florida,US,32601
"Complete Network Solution, Inc",cnetsolution.com,cnetsolution.com,,,,Gainesville,Florida,US,32653
"ConnectSmart Systems, LLC",connectsmartsystems.com,connectsmartsystems.com,,,,Gainesville,Florida,US,32605
Connections Car Audio and Electronics,connections352.com,connections352.com,,,,Gainesville,Florida,US,32606
Crime Prevention Security Systems,cpss.net,cpss.net,,,,Gainesville,Florida,US,32608
"Del Sol Electric, LLC",delsolelectricgnv.com,delsolelectricgnv.com,,,,Gainesville,Florida,US,32608
Dynasty Solutions - Video Production & Live Streaming Service,dynastysolutions.net,dynastysolutions.net,,,,Gainesville,Florida,US,32607
Electronics World,electronicsworldfl.com,electronicsworldfl.com,,,,Gainesville,Florida,US,32606
Epic IT Solutions,epic-it.com,epic-it.com,,,,Gainesville,Florida,US,32605
Florida Leisure Pool & Spa,floridapoolspa.com,floridapoolspa.com,,,,Gainesville,Florida,US,32606
Florida Pest Control,flapest.com,flapest.com,,,,Gainesville,Florida,US,32601
Gainesville Lighting,gainesvillelighting.com,gainesvillelighting.com,,,,Gainesville,Florida,US,32609
Gator sound and lighting,gatorsound.com,gatorsound.com,,,,Gainesville,Florida,US,32608
GatorTec,gatortec.com,gatortec.com,,,,Gainesville,Florida,US,32601
Gnosys Networks,gnosys.net,gnosys.net,,,,Gainesville,Florida,US,32607
North Central Automation LLC,northcentralautomation.com,northcentralautomation.com,,,,Gainesville,Florida,US,32608
Premier Security Designs,premiersecuritydesigns.com,premiersecuritydesigns.com,,,,Gainesville,Florida,US,32653
Radiant Air Conditioning and Comfort Solutions Inc.,radianthvacsolutions.com,radianthvacsolutions.com,,,,Gainesville,Florida,US,32609
Remodeling,gainesvillerestoration.com,gainesvillerestoration.com,,,,Gainesville,Florida,US,32609
Sound Depot & Performance Tinting,sounddepotandperformance.com,sounddepotandperformance.com,,,,Gainesville,Florida,US,32609
Sound Ideas,soundideasstereo.com,soundideasstereo.com,,,,Gainesville,Florida,US,32609
TBGoods,tbgoods.com,tbgoods.com,,,,Gainesville,Florida,US,32609
Think Technologies Group LLC,thinktechnologiesgroup.com,thinktechnologiesgroup.com,https://www.linkedin.com/company/thinktechfl,,,Gainesville,Florida,US,32607
Twinkle Nights,twinklenights.com,twinklenights.com,https://www.linkedin.com/company/twinklenights,,,Gainesville,Florida,US,32609
"Vintage Electric, Inc.",vintageelectric.net,vintageelectric.net,,,,Gainesville,Florida,US,32653
Visionary Systems,vs-av.com,vs-av.com,,,,Gainesville,Florida,US,32608
Vivid Sky Productions,vividskypro.com,vividskypro.com,,,,Gainesville,Florida,US,32609
Z Systems,z-sys.com,z-sys.com,,,,Gainesville,Florida,US,32609
Precision TV Mounting & Smart Home,precisionsmarthome.com,precisionsmarthome.com,,,,Gibsonton,Florida,US,33534
Gateway Lighting,gatewaylighting.com,gatewaylighting.com,,,,Gonzalez,Florida,US,32533
Hangman Audio Video,hangmanaudiovideo.com,hangmanaudiovideo.com,https://www.linkedin.com/company/wix.com,,,Greenacres,Florida,US,33467
Integrated Surroundings,integratedsurroundings.com,integratedsurroundings.com,,,,Gulf Breeze,Florida,US,32563
ST Controls LLC,stcontrols.biz,stcontrols.biz,,,,Gulf Breeze,Florida,US,32563
Donovan Smart Home Technology,donovansmarthome.com,donovansmarthome.com,,,,Hallandale Beach,Florida,US,33009
Brite LED Lighting,briteledlighting.com,briteledlighting.com,https://www.linkedin.com/company/brite-led-lighting,,,Hialeah,Florida,US,33012
Miami Dade Electrical Supply,mdesfl.com,mdesfl.com,,,,Hialeah,Florida,US,33014
Smart Technologies Integration LLC,smartechintegration.com,smartechintegration.com,,,,Hialeah,Florida,US,33015
Intelligent Design,id-fl.com,id-fl.com,,,,Hollywood,Florida,US,33020
SAV Technology llc,savmiami.com,savmiami.com,,,,Hollywood,Florida,US,33024
Phoenix Automation Systems & Services LLC,phoenix-automation-systems-services-llc.odoo.com,phoenix-automation-systems-services-llc.odoo.com,,,,Homestead,Florida,US,33034
Projector Service Miami,projector-repair-and-rental-miami.com,projector-repair-and-rental-miami.com,,,,Homestead,Florida,US,33033
1Touch Designs,1touchdesigns.com,1touchdesigns.com,,,,Jacksonville,Florida,US,32207
AV and Events,avandevents.com,avandevents.com,,,,Jacksonville,Florida,US,32217
AVL Productions,avlproductions.com,avlproductions.com,https://www.linkedin.com/company/avl-productions,,,Jacksonville,Florida,US,32219
AWV Production LLC,awvproduction.com,awvproduction.com,,,,Jacksonville,Florida,US,32257
American Electrical Contracting Inc.,american-electrical.com,american-electrical.com,,,,Jacksonville,Florida,US,32256
AnuVision Technologies,anuvisiontech.com,anuvisiontech.com,,,,Jacksonville,Florida,US,32246
Atlantic Security,smarthome.biz,smarthome.biz,,,,Jacksonville,Florida,US,32211
Audio Designs & Custom Graphics,audiodesignscg.com,audiodesignscg.com,,,,Jacksonville,Florida,US,32225
Behrens Audio-Video,behrensav.com,behrensav.com,,,,Jacksonville,Florida,US,32256
"Communications Solutions, Inc.",csijax.com,csijax.com,,,,Jacksonville,Florida,US,32244
Control Southern,controlsouthern.com,controlsouthern.com,,,,Jacksonville,Florida,US,32218
"Custom Sight & Sounds, LLC",customsightandsounds.com,customsightandsounds.com,,,,Jacksonville,Florida,US,32257
Elite Tech Solutions,elite-tech-solutions.com,elite-tech-solutions.com,https://www.linkedin.com/company/elite-tech-solutions,,,Jacksonville,Florida,US,32256
Entry Automation Inc.,entryautomation.com,entryautomation.com,,,,Jacksonville,Florida,US,32254
FDC - Florida Door Control,jacksonville.fdc.com,jacksonville.fdc.com,https://www.linkedin.com/company/florida-door-control-of-orlando-inc-,,,Jacksonville,Florida,US,32202
Facility Automation Solutions,facilityautomationsolutions.com,facilityautomationsolutions.com,,,,Jacksonville,Florida,US,32256
Five Smooth Stones Audio - Video - Smart Home,fivesmoothstonesav.com,fivesmoothstonesav.com,https://www.linkedin.com/company/atlantic-home-technologies,,,Jacksonville,Florida,US,32257
"Florida Sound Engineering Co., Inc.",floridasound.com,floridasound.com,,,,Jacksonville,Florida,US,32257
"Fultech Solutions, Inc",fultechsolutions.com,fultechsolutions.com,https://www.linkedin.com/company/fultech-solutions-inc,,,Jacksonville,Florida,US,32256
Goode Audio Video Automation,goodeava.com,goodeava.com,,,,Jacksonville,Florida,US,32216
Home Video Studio Jax,homevideostudio.com,homevideostudio.com,,,,Jacksonville,Florida,US,32250
House of Stereo,houseofstereo.com,houseofstereo.com,,,,Jacksonville,Florida,US,32207
Integrated Access Solutions,integratedaccesssolutions.com,integratedaccesssolutions.com,,,,Jacksonville,Florida,US,32216
JCR Systems,jcrsystems.com,jcrsystems.com,,,,Jacksonville,Florida,US,32216
Kentronix Security Systems,kentronixsecurity.com,kentronixsecurity.com,,,,Jacksonville,Florida,US,32256
Lux Electric Corp,luxelecorp.com,luxelecorp.com,,,,Jacksonville,Florida,US,32216
Phase Integration,phaseintegration.com,phaseintegration.com,,,,Jacksonville,Florida,US,32256
RF-SMART,rfsmart.com,rfsmart.com,,,,Jacksonville,Florida,US,32207
SafeTouch Security,safetouch.com,safetouch.com,,,,Jacksonville,Florida,US,32257
San Jose Television Inc.,sanjosetelevision.com,sanjosetelevision.com,,,,Jacksonville,Florida,US,32257
Security Center USA,securitycenterusa.com,securitycenterusa.com,,,,Jacksonville,Florida,US,32207
Sight & Sound Productions,ssav.net,ssav.net,,,,Jacksonville,Florida,US,32224
Sound Innovations of North Florida,soundinnovationsnfl.com,soundinnovationsnfl.com,https://www.linkedin.com/company/2198508,,,Jacksonville,Florida,US,32223
Sound Installation & Design,soundinstalldesign.com,soundinstalldesign.com,,,,Jacksonville,Florida,US,32256
Stewart Lighting,stewartlighting.com,stewartlighting.com,,,,Jacksonville,Florida,US,32223
"TDG Smarter AV - Audio, Video, Smart Home Technology, Lighting and Shades Design and Integration",smarterav.com,smarterav.com,,,,Jacksonville,Florida,US,32217
Tenax Electrical Company,tenaxelectrical.com,tenaxelectrical.com,,,,Jacksonville,Florida,US,32224
Visual Visitor,visualvisitor.com,visualvisitor.com,,,,Jacksonville,Florida,US,32256
WebWatchdogs - Jacksonville Video Surveillance Security Cameras,webwatchdogs.net,webwatchdogs.net,,,,Jacksonville,Florida,US,32207
Hoyt Stereo,hoytstereo.com,hoytstereo.com,,,,Jacksonville Beach,Florida,US,32250
Post Innovation,postinnovation.app,postinnovation.app,,,,Jacksonville Beach,Florida,US,32250
"Wolf Security Systems, LLC",wolfsecuritys.com,wolfsecuritys.com,,,,Jonesville,Florida,US,32669
Access Sound,accesssound.com,accesssound.com,,,,Jupiter,Florida,US,33478
"Advance Automated Systems, Inc",aascustoms.com,aascustoms.com,,,,Jupiter,Florida,US,33477
"Atlantic Audio Video Solutions, Inc.",atlanticaudiovideosolutions.com,atlanticaudiovideosolutions.com,,,,Jupiter,Florida,US,33458
Atlantic Smart Technologies,atlanticsmart.com,atlanticsmart.com,,,,Jupiter,Florida,US,33458
Bradford Electrical Services,bradfordes.net,bradfordes.net,,,,Jupiter,Florida,US,33458
Definitive Electronics,definitiveelectronics.com,definitiveelectronics.com,https://www.linkedin.com/company/definitive-electronics-fl,,,Jupiter,Florida,US,33458
Egret Electronics,egretelectronics.com,egretelectronics.com,,,,Jupiter,Florida,US,33458
Electrical Solutions Group,electricalsolutionsgroup.net,electricalsolutionsgroup.net,,,,Jupiter,Florida,US,33458
"First Alert Hurricane Shutters, Windows & Wholesale",firstalerthurricaneshutters.com,firstalerthurricaneshutters.com,,,,Jupiter,Florida,US,33458
Intelli-Tec Security,intelli-tec.net,intelli-tec.net,,,,Jupiter,Florida,US,33458
Meola Technology,meolatechnology.com,meolatechnology.com,,,,Jupiter,Florida,US,33458
Momentum Security Camera Installation,momentumsecuritysystems.com,momentumsecuritysystems.com,,,,Jupiter,Florida,US,33477
Passerini Design | Interior Designer,passerini.design,passerini.design,https://www.linkedin.com/company/passerini-casa-interior-design-consulting,,,Jupiter,Florida,US,33458
Peerson Audio Incorporated,peersonaudio.com,peersonaudio.com,,,,Jupiter,Florida,US,33458
RG Technology Solutions,rgteksolutions.com,rgteksolutions.com,,,,Jupiter,Florida,US,33458
Seagull Electronics,seagullelectronics.com,seagullelectronics.com,,,,Jupiter,Florida,US,33458
Stephen K. Denny,stephenkdenny.com,stephenkdenny.com,https://www.linkedin.com/company/stephen-k-denny,,,Jupiter,Florida,US,33458
SurfNet IT & Networking Solutions,surfnetit.com,surfnetit.com,,,,Jupiter,Florida,US,33469
Teel Electric Company LLC,teelelectricco.com,teelelectricco.com,https://www.linkedin.com/company/wix-com,,,Jupiter,Florida,US,33458
The DVR Group,thedvrgroup.com,thedvrgroup.com,,,,Jupiter,Florida,US,33458
Trapasso Electric,trapassoelectric.com,trapassoelectric.com,,,,Jupiter,Florida,US,33469
Vortex 1 Security,vortexsecurityfl.com,vortexsecurityfl.com,https://www.linkedin.com/company/guardianprotection,,,Jupiter,Florida,US,33477
ALs WiFi & ELECTRONiCS,alswifi.com,alswifi.com,,,,Key Largo,Florida,US,33037
Degree of Comfort LLC,degcomfort.com,degcomfort.com,,,,Key Largo,Florida,US,33037
Innovative Technology Solutions,itssimplified.com,itssimplified.com,,,,Key Largo,Florida,US,33037
Protech e2,proteche2.com,proteche2.com,,,,Key Largo,Florida,US,33037
Wire Nuts Electric,wirenutselect.com,wirenutselect.com,,,,Key Largo,Florida,US,33037
"eXtream Solutions, LLC",extreamsolutions.com,extreamsolutions.com,,,,Kissimmee,Florida,US,34747
Orlando Home Automation,orlandohomeautomation.com,orlandohomeautomation.com,,,,Lady Lake,Florida,US,32159
Crowne Audio,crowneaudio.com,crowneaudio.com,,,,Lake Mary,Florida,US,32746
DELtech Automation,thedeltech.com,thedeltech.com,,,,Lake Worth Beach,Florida,US,33461
Integrity Sound,integritysound.com,integritysound.com,,,,Lakewood Ranch,Florida,US,34202
Secure Home Services,securehomeserv.com,securehomeserv.com,,,,Lauderdale-By-The-Sea,Florida,US,33308
Visual Concept Multimedia Inc,vcmzone.com,vcmzone.com,,,,Lauderhill,Florida,US,33351
Smart Building Integrators,sbiconnects.us,sbiconnects.us,,,,Longwood,Florida,US,32750
AMP Lighting,amplighting.com,amplighting.com,https://www.linkedin.com/company/amp-lighting,,,Lutz,Florida,US,33549
American Home Cinemas,americanhomecinemas.com,americanhomecinemas.com,,,,Lutz,Florida,US,33549
Liv Security & AV llc,livsecurity.com,livsecurity.com,,,,Lutz,Florida,US,33559
Prime Protection - CCTV Security Camera Installer,primeprotectionllc.com,primeprotectionllc.com,,,,Lutz,Florida,US,33549
Audio Video Export LLC,av-export.com,av-export.com,,,,Medley,Florida,US,33178
A V TRENDS,avtrends.tv,avtrends.tv,,,,Miami,Florida,US,33142
A1A Automation,a1a.tech,a1a.tech,,,,Miami,Florida,US,33172
ATG - Custom AV and Automation,atgamerica.com,atgamerica.com,https://www.linkedin.com/company/atgamerica,,,Miami,Florida,US,33186
AVA Solutions,avasolutions.net,avasolutions.net,,,,Miami,Florida,US,33132
AVX the Audio Video Experts,avxmiami.com,avxmiami.com,,,,Miami,Florida,US,33155
"Alternative Productions | Audio/Visual, LED Walls, Laser Projector screens, Lighting, Broadcasting, Stage, Media Crew",altmediaproductions.com,altmediaproductions.com,,,,Miami,Florida,US,33134
Antony Tech,antonytech.com,antonytech.com,,,,Miami,Florida,US,33132
Audio Advice,soundcomponents.com,soundcomponents.com,,,,Miami,Florida,US,33155
Audio Video Solutions of South Florida Inc.,audiovideosolutions.com,audiovideosolutions.com,,,,Miami,Florida,US,33186
Audio Visual Services,audiovisualsvc.com,audiovisualsvc.com,,,,Miami,Florida,US,33166
Audiovideo Technical Services Inc,audiovideomiami.com,audiovideomiami.com,,,,Miami,Florida,US,33186
Bardan International,bardaninternational.com,bardaninternational.com,https://www.linkedin.com/company/bardandigital,,,Miami,Florida,US,33131
"CSS TECH - Security Cameras/Access Control Installations Miami, FL",csstech.net,csstech.net,,,,Miami,Florida,US,33177
CasaHiFi,casahifi.com,casahifi.com,,,,Miami,Florida,US,33133
Creative AV Inc.,creativeavinc.com,creativeavinc.com,,,,Miami,Florida,US,33186
"Elite Audio Design, Inc.",eliteaudiodesigninc.com,eliteaudiodesigninc.com,,,,Miami,Florida,US,33125
Elite Automation And Technology,rymap.org,rymap.org,,,,Miami,Florida,US,33187
Elite Home Theaters and Automation,elitehta.com,elitehta.com,,,,Miami,Florida,US,33155
Geeks of Technology,geeksfl.com,geeksfl.com,https://www.linkedin.com/company/geeks-of-technology,,,Miami,Florida,US,33131
Greenhome Automations,greenhomeautomations.com,greenhomeautomations.com,,,,Miami,Florida,US,33155
IQ Automation,iqautomation.tech,iqautomation.tech,,,,Miami,Florida,US,33131
Infinite Systems,goinfinite.com,goinfinite.com,,,,Miami,Florida,US,33125
Innovative Connect LLC,innovativeconnect.net,innovativeconnect.net,,,,Miami,Florida,US,33155
"Intech : Lutron Shades, Lights and Automation",intech.co,intech.co,,,,Miami,Florida,US,33132
International Electrical Sales Corporation,iescomia.com,iescomia.com,,,,Miami,Florida,US,33166
LUC electric LLC,lucelectric.com,lucelectric.com,https://www.linkedin.com/company/lucelectric-com,,,Miami,Florida,US,33138
Lighting Reps,lightingreps.net,lightingreps.net,https://www.linkedin.com/company/lighting-reps,,,Miami,Florida,US,33125
Limitless Production Services,limitlessproductionservices.com,limitlessproductionservices.com,,,,Miami,Florida,US,33122
Living on Technology,livingontechnology.com,livingontechnology.com,,,,Miami,Florida,US,33138
MAXICON - Experience Intelligent Living | Home Automation | Home Theater | Smart Living | South Florida,maxiconusa.com,maxiconusa.com,https://www.linkedin.com/company/maxicon-llc,,,Miami,Florida,US,33179
MIAMI SOUND LOUNGE / AVN SYSTEMS,avnsys.com,avnsys.com,,,,Miami,Florida,US,33181
Martec Technologies,gomartec.com,gomartec.com,,,,Miami,Florida,US,33162
Miami ADT Authorized Office Home and Business Security Pros,miamipremiumsecurity.com,miamipremiumsecurity.com,,,,Miami,Florida,US,33173
Miami AV Company,miamiavcompany.com,miamiavcompany.com,,,,Miami,Florida,US,33131
Miami Landscape Lighting Inc.,miamilandscapelighting.com,miamilandscapelighting.com,,,,Miami,Florida,US,33133
Midtown Audio Visual Rental and Production,midtownav.com,midtownav.com,,,,Miami,Florida,US,33127
Midtown Video,midtownvideo.com,midtownvideo.com,https://www.linkedin.com/company/midtown-video,,,Miami,Florida,US,33155
ONSMARTECH,onsmartech.com,onsmartech.com,,,,Miami,Florida,US,33185
Pro Audio Nerds,proaudionerds.com,proaudionerds.com,,,,Miami,Florida,US,33127
Pro Audio Visual Works,proaudiovisual.works,proaudiovisual.works,,,,Miami,Florida,US,33145
Professional Audio & Video Systems,proavsys.com,proavsys.com,,,,Miami,Florida,US,33155
SMART-TEK AUTOMATION SOLUTIONS,smart-tek.org,smart-tek.org,,,,Miami,Florida,US,33131
Signature Home Theaters,signaturehometheaters.net,signaturehometheaters.net,,,,Miami,Florida,US,33186
Smart Home & Solutions,smarths.us,smarths.us,,,,Miami,Florida,US,33122
Smart Home Studio,smarthomestudio.co,smarthomestudio.co,,,,Miami,Florida,US,33145
Smart Solutions Network LLC,smartsolutionsnetwork.net,smartsolutionsnetwork.net,,,,Miami,Florida,US,33122
Smart Spaces and Surveillance Systems Solutions LLC,smartspacesus.com,smartspacesus.com,,,,Miami,Florida,US,33166
Soundlux Audio,soundluxaudio.com,soundluxaudio.com,,,,Miami,Florida,US,33142
Specialized Home Electronics,shealarms.com,shealarms.com,,,,Miami,Florida,US,33186
Stage Digital Advisors,stagedigitaladvisors.com,stagedigitaladvisors.com,,,,Miami,Florida,US,33166
Stay Safe Home Security | Security Cameras Installer and Repair in Miami,infostaysafehs.wixsite.com,infostaysafehs.wixsite.com,,,,Miami,Florida,US,33186
Support305,support305.com,support305.com,,,,Miami,Florida,US,33133
TV Mount Squad – Professional TV Installation,tvmountsquad.com,tvmountsquad.com,,,,Miami,Florida,US,33128
TV Mounts & Mounting Service- Miami,tvmountsandmounting.com,tvmountsandmounting.com,,,,Miami,Florida,US,33131
Tech Digital Home,techdigitalhome.com,techdigitalhome.com,,,,Miami,Florida,US,33186
Trade Audio Corporation,tradeaudio.com,tradeaudio.com,,,,Miami,Florida,US,33155
USA TV Installations – miami TV Mounting & Home Theater,usatvinstallations.com,usatvinstallations.com,,,,Miami,Florida,US,33132
Visual Acoustics,visualacoustics.net,visualacoustics.net,,,,Miami,Florida,US,33127
"Xtreme Audio Video, Corp.",xtremeavfl.com,xtremeavfl.com,,,,Miami,Florida,US,33166
dmg Martinez Group,dmg-mg.com,dmg-mg.com,,,,Miami,Florida,US,33137
Electronic Designs,electronicdesigns.net,electronicdesigns.net,,,,Miami Beach,Florida,US,33139
INFOCUS AUDIO VISUAL,infocusaudiovisual.com,infocusaudiovisual.com,,,,Miami Beach,Florida,US,33141
Home Theaters of South Florida,hometheatersofsouthflorida.com,hometheatersofsouthflorida.com,,,,Miami Gardens,Florida,US,33015
Georgia-Florida Security & Fire,gafl-alarms.com,gafl-alarms.com,,,,Midway,Florida,US,32343
RM Integrations,rmintegrations.com,rmintegrations.com,,,,Milton,Florida,US,32583
Summit AV Solutions,summitavexperts.com,summitavexperts.com,,,,Milton,Florida,US,32583
CTech LLC,ctechfl.net,ctechfl.net,,,,Miramar Beach,Florida,US,32550
Emerald Coast Alarms Inc,emeraldcoastalarms.com,emeraldcoastalarms.com,,,,Miramar Beach,Florida,US,32550
AHT Global,ahtglobal.com,ahtglobal.com,https://www.linkedin.com/company/advanced-home-theater,,,Naples,Florida,US,34109
AMS Sound & Vision,amssoundandvision.com,amssoundandvision.com,,,,Naples,Florida,US,34109
"AVL Pro, Inc.",avlpro.com,avlpro.com,,,,Naples,Florida,US,34110
"All In One Technology, Inc.",allinonetechnology.com,allinonetechnology.com,,,,Naples,Florida,US,34110
Analog & Digital Systems,analogdigitalsystems.com,analogdigitalsystems.com,,,,Naples,Florida,US,34113
Apexx Access & Automation,apexx-aa.com,apexx-aa.com,,,,Naples,Florida,US,34120
Arrow Electric Inc,1aei.com,1aei.com,https://www.linkedin.com/company/arrow-electric-inc-,,,Naples,Florida,US,34110
Automated Shading,automatedshading.com,automatedshading.com,,,,Naples,Florida,US,34110
BluRoo Automation & Lighting,blurooav.com,blurooav.com,https://www.linkedin.com/company/blue-kangaroo-llc,,,Naples,Florida,US,34109
CITE Solutions,cite-solutions.com,cite-solutions.com,https://www.linkedin.com/company/citesolutions,,,Naples,Florida,US,34110
Classic Audio & Video,classicaudiovideo.com,classicaudiovideo.com,,,,Naples,Florida,US,34117
Criteria of Naples,criteriaofnaples.com,criteriaofnaples.com,,,,Naples,Florida,US,34109
Elxai Smart Home - Voice Control,elxai.com,elxai.com,,,,Naples,Florida,US,34104
Epic Audio Video,epicaudiovideo.com,epicaudiovideo.com,,,,Naples,Florida,US,34103
"Executive Electronics of Southwest Florida, Inc",eesecurity.net,eesecurity.net,,,,Naples,Florida,US,34103
"Freedom Technologies,llc",freedomnaples.com,freedomnaples.com,,,,Naples,Florida,US,34109
Gamma Tech Services,gammatechservices.com,gammatechservices.com,https://www.linkedin.com/company/gamma-tech-services,,,Naples,Florida,US,34104
HomeTronics,hometronicsfl.com,hometronicsfl.com,,,,Naples,Florida,US,34109
Integrity AV,customintegrityav.com,customintegrityav.com,,,,Naples,Florida,US,34109
J C Productions,jcproductions-us.com,jcproductions-us.com,,,,Naples,Florida,US,34117
Naples Lighting & Fan Depot,fandepot.com,fandepot.com,,,,Naples,Florida,US,34103
"Naples Security, LLC",naplessecurity.net,naplessecurity.net,,,,Naples,Florida,US,34104
Naples Smart Home Watch,naplessmarthomewatch.com,naplessmarthomewatch.com,,,,Naples,Florida,US,34120
Naples Top Tech LLC,naplestop.tech,naplestop.tech,,,,Naples,Florida,US,34103
Smart Home Specialists,smarthomespecialists.com,smarthomespecialists.com,,,,Naples,Florida,US,34110
SpecTech AV Corp,spectechav.com,spectechav.com,,,,Naples,Florida,US,34119
Stereo Types of Florida,stereotypes.tech,stereotypes.tech,,,,Naples,Florida,US,34102
The Vident Company,thevidentcompany.com,thevidentcompany.com,,,,Nocatee,Florida,US,32081
Florida AV Systems,floridaavsystems.com,floridaavsystems.com,,,,Nokomis,Florida,US,34275
In Control Smart Homes,icsmarthomes.com,icsmarthomes.com,,,,North Bay Village,Florida,US,33141
Imperium Automation llc,iautomationllc.com,iautomationllc.com,,,,North Fort Myers,Florida,US,33917
KBA Security Technology Inc.,kbatechnologyinc.com,kbatechnologyinc.com,,,,North Lauderdale,Florida,US,33068
Audio Video Lighting Innovations (AVLI),avlinnovations.com,avlinnovations.com,,,,North Miami,Florida,US,33168
Audio Vision Studios,audiovisionstudios.com,audiovisionstudios.com,,,,North Miami,Florida,US,33161
Automation Pro,aprogrammers.com,aprogrammers.com,,,,North Miami,Florida,US,33181
System 64,securityinstall.us,securityinstall.us,https://www.linkedin.com/company/system64llc,,,North Miami,Florida,US,33161
Lutron Installation,lutronpro.com,lutronpro.com,,,,North Miami Beach,Florida,US,33160
CCJ Tech Solutions,ccjtechsolutions.com,ccjtechsolutions.com,,,,North Palm Beach,Florida,US,33408
Pro Audio Services: A Liaison Technology Group Company,proaudioservices.com,proaudioservices.com,,,,North Port,Florida,US,34289
Skyline Smart Homes,skylinesmarthomes.us,skylinesmarthomes.us,,,,North Port,Florida,US,34286
Future Home Integration,futurehomeintegration.com,futurehomeintegration.com,,,,Oakland,Florida,US,34787
Lighting Digital Systems,lightingdigital.com,lightingdigital.com,,,,Oakland Park,Florida,US,33334
One Touch Media Designs,onetouchmediadesigns.com,onetouchmediadesigns.com,,,,Oakland Park,Florida,US,33334
"Unified Automation, Smart Homes",unifiedautomation.net,unifiedautomation.net,,,,Ocala,Florida,US,34471
HomeView Pro,homeviewpro.com,homeviewpro.com,,,,Ochlockonee Bay,Florida,US,32346
Home Theater and Audio Video Services by Frequencies,frequenciesusa.com,frequenciesusa.com,https://www.linkedin.com/company/frequencies-usa,,,Odessa,Florida,US,33556
Rob the Brit Home Theaters Inc,rob-the-brit-home-theaters-inc.business.site,rob-the-brit-home-theaters-inc.business.site,,,,Odessa,Florida,US,33556
AV-Waves,av-waves.com,av-waves.com,,,,Oldsmar,Florida,US,34677
OTS Home Theater,otsmobileaudio.com,otsmobileaudio.com,,,,Oldsmar,Florida,US,34677
Trinity Audio Video Lighting,trinityavl.com,trinityavl.com,,,,Orange Park,Florida,US,32065
"1 Stop Total Solutions- AI Security, Smart Home & Electric Contractor",1stoptotalsolutions.com,1stoptotalsolutions.com,,,,Orlando,Florida,US,32809
AV Integration Company,avintegrationcompany.xyz,avintegrationcompany.xyz,,,,Orlando,Florida,US,32801
AV-AMERICA,av-america.com,av-america.com,,,,Orlando,Florida,US,32809
AVFX - Orlando,avfx.com,avfx.com,,,,Orlando,Florida,US,32809
AVS Audio Visual Services,avservs.com,avservs.com,,,,Orlando,Florida,US,32809
AVmedia Inc.,avmediainc.com,avmediainc.com,,,,Orlando,Florida,US,32819
Altitude Fidelity,altitudefidelity.com,altitudefidelity.com,,,,Orlando,Florida,US,32829
American Audio Visual Inc,americanaudiovisual.com,americanaudiovisual.com,,,,Orlando,Florida,US,32837
Audio Excellence,audioexcellencecfl.com,audioexcellencecfl.com,,,,Orlando,Florida,US,32807
Crunchy Tech,crunchytech.com,crunchytech.com,https://www.linkedin.com/company/crunchy-tech,,,Orlando,Florida,US,32806
"DTV MOUNTING, LLC",dtvmountingflorida.com,dtvmountingflorida.com,,,,Orlando,Florida,US,32801
ECCAM CORP - Low Voltage & Automation,eccamcorp.com,eccamcorp.com,https://www.linkedin.com/company/eccamcorp,,,Orlando,Florida,US,32828
Electronic Pros,electronicpros.net,electronicpros.net,,,,Orlando,Florida,US,32829
Eminence AV,eminenceav.com,eminenceav.com,https://www.linkedin.com/company/eminence-av,,,Orlando,Florida,US,32801
"Entertainment Arts, Inc",eartsinc.com,eartsinc.com,,,,Orlando,Florida,US,32808
Evolution AV,evo-av.com,evo-av.com,https://www.linkedin.com/company/evoavfl,,,Orlando,Florida,US,32811
Fam Tech Media,famtechmedia.com,famtechmedia.com,,,,Orlando,Florida,US,32828
Florida Home Theaters llc,floridahometheaters.com,floridahometheaters.com,,,,Orlando,Florida,US,32809
"GSE Audiovisual, Inc.",gseav.com,gseav.com,https://www.linkedin.com/company/gse-audiovisual-inc.,,,Orlando,Florida,US,32819
"GetConnected AV, Inc.",getconnectedav.com,getconnectedav.com,,,,Orlando,Florida,US,32806
HSS Custom AV,hsscustomav.com,hsscustomav.com,,,,Orlando,Florida,US,32811
HomeFirst-A Home Automation Company,homefirst.io,homefirst.io,,,,Orlando,Florida,US,32835
Honest AV,honestavpros.com,honestavpros.com,,,,Orlando,Florida,US,32809
"Immense Audio Visual, Inc.",immenseav.com,immenseav.com,,,,Orlando,Florida,US,32808
Impact Sound System LLC.,impactsoundsystem.com,impactsoundsystem.com,,,,Orlando,Florida,US,32824
Impact lighting Inc,impactlightinginc.com,impactlightinginc.com,,,,Orlando,Florida,US,32808
Innovation Systems,innovationsystemsfl.com,innovationsystemsfl.com,,,,Orlando,Florida,US,32808
LED OUTLET,ledoutletusa.com,ledoutletusa.com,,,,Orlando,Florida,US,32811
LRAV,lrav.com,lrav.com,,,,Orlando,Florida,US,32837
Level Up Automation Florida,levelupautomationfl.com,levelupautomationfl.com,https://www.linkedin.com/company/level-up-automation-florida,,,Orlando,Florida,US,32828
Lightstyle Florida,lightstylefl.com,lightstylefl.com,,,,Orlando,Florida,US,32804
Orlando Home Theater Installation,ihtflorida.com,ihtflorida.com,,,,Orlando,Florida,US,32804
Pro Audio Visual Inc,proaudiovisualinc.com,proaudiovisualinc.com,,,,Orlando,Florida,US,32809
Px Solutions,rymaps.org,rymaps.org,,,,Orlando,Florida,US,32801
SMPL Systems,smplsystems.com,smplsystems.com,,,,Orlando,Florida,US,32822
Satellite City Inc,satellitecityinc.com,satellitecityinc.com,,,,Orlando,Florida,US,32822
Sound Design LLC,sounddesign.us,sounddesign.us,,,,Orlando,Florida,US,32808
TVPRO mounting,tvpromounting.com,tvpromounting.com,,,,Orlando,Florida,US,32835
Technology Wiring | Security Camera Installation Near Orlando | CCTV camera Installation | International Drive Area,orlandocamerasinstallation.com,orlandocamerasinstallation.com,,,,Orlando,Florida,US,32819
Teer Audio Visual,teeraudiovisual.com,teeraudiovisual.com,,,,Orlando,Florida,US,32805
VideoGo Event & Staging Solutions,videogoinc.com,videogoinc.com,,,,Orlando,Florida,US,32819
Wave Media Systems LLC,wavemediasystems.com,wavemediasystems.com,,,,Orlando,Florida,US,32808
Analog Matters,analogmatters.com,analogmatters.com,,,,Ormond Beach,Florida,US,32174
Crafton Electric Inc.,craftonelectric.com,craftonelectric.com,,,,Ormond Beach,Florida,US,32174
Habitech Systems,habitechsystems.com,habitechsystems.com,,,,Ormond Beach,Florida,US,32174
Control4 Smart Home Installers,omwavehome.com,omwavehome.com,https://www.linkedin.com/company/79956243,,,Palm Beach,Florida,US,33480
domotech,domotech.us,domotech.us,,,,Palm Beach,Florida,US,33480
Praetas Technologies,praetas.com,praetas.com,,,,Palm Beach Gardens,Florida,US,33410
"Visions Innovative Electronic Environments, Inc",visionsusa.com,visionsusa.com,,,,Palm Beach Gardens,Florida,US,33410
Sterling Home Theater,sterlinghometheater.com,sterlinghometheater.com,,,,Palm City,Florida,US,34990
Tru-Tech AV,trutechav.com,trutechav.com,,,,Palm Coast,Florida,US,32137
Attic Rat Inc Custom Cabling,atticratusa.com,atticratusa.com,,,,Palm Harbor,Florida,US,34683
Music and Cinema,musicandcinema.com,musicandcinema.com,,,,Palm Harbor,Florida,US,34684
First Coast Alarm,fcarocks.com,fcarocks.com,,,,Palm Valley,Florida,US,32082
Automation Networks LLC,automationnetworks.net,automationnetworks.net,,,,Palmetto Bay,Florida,US,33176
Smart Home Technologies,smarthometechpc.com,smarthometechpc.com,https://www.linkedin.com/company/wix-com,,,Panama City,Florida,US,32401
i-Install Technology,i-installtech.com,i-installtech.com,,,,Pembroke Pines,Florida,US,33027
AMC Bayou 15,amctheatres.com,amctheatres.com,,,,Pensacola,Florida,US,32503
Advantage Audio Visual Inc,advantageav.net,advantageav.net,,,,Pensacola,Florida,US,32504
Alarm Direct,adialarms.com,adialarms.com,,,,Pensacola,Florida,US,32526
"All-Tech Systems, Pensacola, Inc.",alltechsystemspensacola.com,alltechsystemspensacola.com,,,,Pensacola,Florida,US,32526
Alston Electric Supply a CED Company,alstoncedpensacola.portalced.com,alstoncedpensacola.portalced.com,,,,Pensacola,Florida,US,32505
Audio Visual By Lon,avbylon.com,avbylon.com,,,,Pensacola,Florida,US,32504
"Automation Control Service, LLC",autoconserv.com,autoconserv.com,,,,Pensacola,Florida,US,32505
Bergan Marine Systems,berganmarinesystems.com,berganmarinesystems.com,,,,Pensacola,Florida,US,32501
Blab TV - WPAN,blabtv.com,blabtv.com,,,,Pensacola,Florida,US,32501
Comfort System Usa,comfortsystemsusa.com,comfortsystemsusa.com,https://www.linkedin.com/company/comfort-systems-usa,,,Pensacola,Florida,US,32503
Cretin Townsend Homes,mybuildercares.com,mybuildercares.com,,,,Pensacola,Florida,US,32501
Current Luxury,currentluxury.com,currentluxury.com,https://www.linkedin.com/company/currentluxury,,,Pensacola,Florida,US,32505
Duh for Garden & Home,duhpensacola.com,duhpensacola.com,,,,Pensacola,Florida,US,32501
Electronic Supply Co,electsupply.com,electsupply.com,,,,Pensacola,Florida,US,32505
"FOSTER""S APPLIANCE AND TV REPAIR",fosterstvrepair.com,fosterstvrepair.com,,,,Pensacola,Florida,US,32505
Fort HVAC & Airduct cleaning Pensacola,hvachelp.info,hvachelp.info,,,,Pensacola,Florida,US,32504
Gentry Farmhouse,gentryfarmhousellc.com,gentryfarmhousellc.com,,,,Pensacola,Florida,US,32504
Gulf States Automation,gulfstatesautomation.com,gulfstatesautomation.com,https://www.linkedin.com/company/gulf-states-automation-dot-com,,,Pensacola,Florida,US,32505
HandyChief,handychief.com,handychief.com,,,,Pensacola,Florida,US,32503
Haus of Hue,hausofhue.com,hausofhue.com,,,,Pensacola,Florida,US,32503
In Detail Interiors,indetailinteriors.com,indetailinteriors.com,,,,Pensacola,Florida,US,32503
Ingram Signalization,ingramcorp.com,ingramcorp.com,,,,Pensacola,Florida,US,32503
JAMES E. SIMMONS ELECTRIC CO. INC.,rewirepensacola.com,rewirepensacola.com,,,,Pensacola,Florida,US,32505
"Low Voltage Integrators, LLC",lvi-llc.com,lvi-llc.com,,,,Pensacola,Florida,US,32514
"MainStage Theatrical Supply, Inc.",mainstage.com,mainstage.com,,,,Pensacola,Florida,US,32514
MediaTech Direct Inc.,videobrochuresdirect.com,videobrochuresdirect.com,,,,Pensacola,Florida,US,32501
Outlaws Car Stereo,outlawscarstereo.com,outlawscarstereo.com,,,,Pensacola,Florida,US,32505
Palafox Computers,palafoxcomputers.com,palafoxcomputers.com,,,,Pensacola,Florida,US,32502
Panhandle Alarm & Telephone,panhandlesystems.com,panhandlesystems.com,,,,Pensacola,Florida,US,32503
Parks & Long Healthcare Construction & Compliance,parksandlong.com,parksandlong.com,https://www.linkedin.com/company/parksandlong,,,Pensacola,Florida,US,32505
Preventia Security,preventiasecurity.com,preventiasecurity.com,,,,Pensacola,Florida,US,32505
QCS Marine Electronics,qcsmarine.com,qcsmarine.com,,,,Pensacola,Florida,US,32507
Quality Alarm Systems,qualityalarmsystems.com,qualityalarmsystems.com,,,,Pensacola,Florida,US,32506
Quality Car Stereo,qualitycarstereo.com,qualitycarstereo.com,,,,Pensacola,Florida,US,32504
Rooms To Go,roomstogo.com,roomstogo.com,,,,Pensacola,Florida,US,32503
Saenger Theatre Pensacola,pensacolasaenger.com,pensacolasaenger.com,,,,Pensacola,Florida,US,32502
Security 1st Solutions,security1stsolutions.com,security1stsolutions.com,,,,Pensacola,Florida,US,32514
Sentient Systems LLC,sent-tech.com,sent-tech.com,,,,Pensacola,Florida,US,32503
Sound Audio LLC,soundaudio.net,soundaudio.net,https://www.linkedin.com/company/epidemic-sound,,,Pensacola,Florida,US,32501
"TOTAL CONNECT SOLUTIONS, LLC",totalconnectsolutions.com,totalconnectsolutions.com,,,,Pensacola,Florida,US,32514
TeamLogic IT,teamlogicit.com,teamlogicit.com,,,,Pensacola,Florida,US,32504
Total Connect Technology,totalconnecttechnology.com,totalconnecttechnology.com,,,,Pensacola,Florida,US,32514
Trane Commercial Sales Office,trane.com,trane.com,https://www.linkedin.com/company/trane,,,Pensacola,Florida,US,32504
Universal Media Services Inc,ums.media,ums.media,,,,Pensacola,Florida,US,32503
Musitec,musiteconline.com,musiteconline.com,,,,Pinellas Park,Florida,US,33781
Acoustic Media Solutions LLC,acousticmediasolutions.com,acousticmediasolutions.com,,,,Plantation,Florida,US,33324
Sound N Space,soundnspace.com,soundnspace.com,,,,Plantation,Florida,US,33324
Daisy,daisyco.com,daisyco.com,https://www.linkedin.com/company/daisyco,,,Pompano Beach,Florida,US,33069
Jam Lighting Distributors Inc,jamlighting.com,jamlighting.com,,,,Pompano Beach,Florida,US,33064
South Florida Automation,southfloridaautomation.com,southfloridaautomation.com,,,,Pompano Beach,Florida,US,33064
"T&T Audio Visual, Inc.",tandtaudiovisual.com,tandtaudiovisual.com,,,,Pompano Beach,Florida,US,33069
Zebedee Productions,zbd.us,zbd.us,,,,Pompano Beach,Florida,US,33060
"Front Row Audio Visual Services, Inc.",frontrowaudiovisual.com,frontrowaudiovisual.com,,,,Port St. Lucie,Florida,US,34984
SmartHome Technologies Consulting,gregtalkstech.com,gregtalkstech.com,,,,Port St. Lucie,Florida,US,34986
Audio Innovators,audioinnovators.com,audioinnovators.com,,,,Riverview,Florida,US,33578
Audio Plus - Car audio and Window Tint,officialaudioplus.net,officialaudioplus.net,,,,Riverview,Florida,US,33578
The Smarter Handyman,smarterhandyman.org,smarterhandyman.org,,,,Riverview,Florida,US,33579
Smart Security Specialist,smartsecurityspecialist.com,smartsecurityspecialist.com,,,,Riviera Beach,Florida,US,33404
"Pro Audio Video, Inc.",proavi.com,proavi.com,,,,Rockledge,Florida,US,32955
"SpaceCoast AV Consultants, LLC",scavcom.com,scavcom.com,,,,Rockledge,Florida,US,32955
Certified Security Systems,certifiedsecuritysystems.org,certifiedsecuritysystems.org,,,,Royal Palm Beach,Florida,US,33411
Incon Lighting,inconlighting.com,inconlighting.com,https://www.linkedin.com/company/incon-lighting,,,Sanford,Florida,US,32773
850 Security Services,850securityservices.com,850securityservices.com,,,,Santa Rosa Beach,Florida,US,32459
Coastal Protection Inc.,coastalprotect.com,coastalprotect.com,,,,Santa Rosa Beach,Florida,US,32459
Doberman AV,dobermanav.com,dobermanav.com,https://www.linkedin.com/company/wix-com,,,Santa Rosa Beach,Florida,US,32459
Innovative Sight & Sound - Santa Rosa Beach,beinnovative.com,beinnovative.com,,,,Santa Rosa Beach,Florida,US,32459
ALL TECHNOLOGY SECURITY,alltechnologysecurity.com,alltechnologysecurity.com,,,,Sarasota,Florida,US,34231
Advanced ESI - Smart Home - Automation,advanced-esi.net,advanced-esi.net,,,,Sarasota,Florida,US,34231
Audio Video Partners (AVP),avpfl.com,avpfl.com,,,,Sarasota,Florida,US,34240
BBD Lifestyle,bbdlifestyle.com,bbdlifestyle.com,https://www.linkedin.com/company/bbd-lifestyle,,,Sarasota,Florida,US,34236
Best Vision Security Systems Installation,bestvision24.com,bestvision24.com,,,,Sarasota,Florida,US,34237
CCAV Event Production and Rentals,ccavinc.com,ccavinc.com,,,,Sarasota,Florida,US,34240
Castle Protection & Automation,castle-protect.com,castle-protect.com,,,,Sarasota,Florida,US,34240
Dehart Alarm Systems,dehartsystems.com,dehartsystems.com,,,,Sarasota,Florida,US,34243
Easy Livin' Solutions,easylivin.us,easylivin.us,,,,Sarasota,Florida,US,34237
Focused Technology,focusedtechnology.com,focusedtechnology.com,,,,Sarasota,Florida,US,34240
Green Room Automation LLC,greenroomautomation.com,greenroomautomation.com,,,,Sarasota,Florida,US,34236
Infinity Automation,infinityautomation.net,infinityautomation.net,,,,Sarasota,Florida,US,34240
PC Systems,securedbypc.com,securedbypc.com,,,,Sarasota,Florida,US,34243
Prime Audio Video,primeav.net,primeav.net,,,,Sarasota,Florida,US,34242
Sarasota Audio Video,sarasotaaudiovideo.com,sarasotaaudiovideo.com,,,,Sarasota,Florida,US,34233
Sarasota Security Alarm Corporation,securityalarmcorp.com,securityalarmcorp.com,https://www.linkedin.com/company/security-alarm-corporation,,,Sarasota,Florida,US,34239
Sarasota Smart Homes,sarasotasmarthomes.com,sarasotasmarthomes.com,https://www.linkedin.com/company/wix-com,,,Sarasota,Florida,US,34238
Sights and Sounds Av Inc,sightsandsoundsav.com,sightsandsoundsav.com,,,,Sarasota,Florida,US,34239
Smart Space by Ace,srqsmart.com,srqsmart.com,,,,Sarasota,Florida,US,34234
SmartHouse Integration,smarthouseintegration.com,smarthouseintegration.com,https://www.linkedin.com/company/smarthouse-integration,,,Sarasota,Florida,US,34236
"SmartShield Homes, LLC",smartshieldhomes.com,smartshieldhomes.com,,,,Sarasota,Florida,US,34240
Suncoast Audio,suncoastaudio.com,suncoastaudio.com,,,,Sarasota,Florida,US,34240
Sunshine Automation and Tooling,sunshine-automation.com,sunshine-automation.com,,,,Sarasota,Florida,US,34243
TTL Automation Corporation,torr71.wordpress.com,torr71.wordpress.com,,,,Sarasota,Florida,US,34240
The Kind System Co.,garagedoorsuppliers.us,garagedoorsuppliers.us,,,,Sarasota,Florida,US,34237
Upfront Technologies,uftflorida.com,uftflorida.com,,,,Sarasota,Florida,US,34240
Virtual Home Control,virtualhomecontrol.com,virtualhomecontrol.com,,,,Sarasota,Florida,US,34236
Wicked Smart Homes,wickedsmarthomes.com,wickedsmarthomes.com,https://www.linkedin.com/company/wicked-smart-homes,,,Sarasota,Florida,US,34236
"Giles Electric Company, Inc.",gileselectriccompany.com,gileselectriccompany.com,,,,South Daytona,Florida,US,32119
Infinity Home Technologies,infinityhometech.com,infinityhometech.com,,,,South Daytona,Florida,US,32119
Soundcrafters PERFORMANCE - STYLE - SOUND,soundcraftersdb.com,soundcraftersdb.com,,,,South Daytona,Florida,US,32119
Prater Integration LLC,praterintegration.com,praterintegration.com,,,,Stuart,Florida,US,34997
The Experts,theexperts.biz,theexperts.biz,,,,Stuart,Florida,US,34997
Bob's TV Audio and Video,hometheaterbybobstv.com,hometheaterbybobstv.com,,,,Summerfield,Florida,US,34491
Cornerstone Audio Video Integration & Home Theater,cornerstoneavi.com,cornerstoneavi.com,,,,Summerfield,Florida,US,34491
Audio Visual System Integrators,avsysi.com,avsysi.com,,,,Sunrise,Florida,US,33351
Hey Smart Tech | Ring Doorbell Installer | Ring Alarm Installer | Ring Camera,heysmarttech.com,heysmarttech.com,,,,Sunrise,Florida,US,33351
High End Audio Visual Inc,highend-audiovisual.com,highend-audiovisual.com,,,,Sunrise,Florida,US,33325
Intelligent Audio/Video Inc,intelligentav.com,intelligentav.com,https://www.linkedin.com/company/wix-com,,,Sunrise,Florida,US,33351
Media Stage,mediastage.com,mediastage.com,https://www.linkedin.com/company/media-stage,,,Sunrise,Florida,US,33325
The Audio Visual Group,theavgroup.com,theavgroup.com,,,,Sunrise,Florida,US,33351
A V Electronics,avelectronicsinc.com,avelectronicsinc.com,,,,Tallahassee,Florida,US,32301
A+ Electrical Contractors LLC,aplusec.com,aplusec.com,,,,Tallahassee,Florida,US,32304
Alarm Fire Surveillance,alarmfiretally.com,alarmfiretally.com,,,,Tallahassee,Florida,US,32303
"Auto Audiophiles - Audio, Brakes, Tires, & Lift Kits",autoaudiophiles.com,autoaudiophiles.com,,,,Tallahassee,Florida,US,32303
Automated Health Systems Inc,automated-health.com,automated-health.com,,,,Tallahassee,Florida,US,32301
B's Home and Auto Improvements,bjfimproves.com,bjfimproves.com,,,,Tallahassee,Florida,US,32303
Big Bend Design LLC,bigbenddesign.info,bigbenddesign.info,,,,Tallahassee,Florida,US,32312
Brooks Building Solutions,brookssolutions.net,brookssolutions.net,https://www.linkedin.com/company/brooks-air-systems,,,Tallahassee,Florida,US,32301
Business Automation Pros,businessautomationpros.com,businessautomationpros.com,,,,Tallahassee,Florida,US,32312
Cap City Video Lounge,capcityvideo.com,capcityvideo.com,,,,Tallahassee,Florida,US,32304
Com-Tech,com-tech.com,com-tech.com,,,,Tallahassee,Florida,US,32308
Corbin Systems,corbinsystems.com,corbinsystems.com,,,,Tallahassee,Florida,US,32301
Creek Enterprise Inc,creekenterprise.com,creekenterprise.com,,,,Tallahassee,Florida,US,32304
Debo Pro Sounds & Stereo Installations,dbosounds.com,dbosounds.com,,,,Tallahassee,Florida,US,32303
Eminent Technology Inc,eminent-tech.com,eminent-tech.com,,,,Tallahassee,Florida,US,32301
Everite Time & Equipment,everitetime.com,everitetime.com,,,,Tallahassee,Florida,US,32304
Florida Electric Inc,floridaelectricinc.com,floridaelectricinc.com,,,,Tallahassee,Florida,US,32303
GT Electric,gtelectricfl.com,gtelectricfl.com,,,,Tallahassee,Florida,US,32308
Ghost Controls,ghostcontrols.com,ghostcontrols.com,,,,Tallahassee,Florida,US,32303
"Guardian Home Inspections & Repairs, Inc.",ghirusa.com,ghirusa.com,,,,Tallahassee,Florida,US,32301
"Hi-Tech System Associates, Inc.",hitechflorida.com,hitechflorida.com,https://www.linkedin.com/company/hi-tech-system-associates-inc-,,,Tallahassee,Florida,US,32308
"Inspired Technologies, Inc",inspired-tech.net,inspired-tech.net,,,,Tallahassee,Florida,US,32301
JPC Entertainment,jpcentertainment.com,jpcentertainment.com,,,,Tallahassee,Florida,US,32303
JSC Systems Tallahassee,jscsystems.net,jscsystems.net,,,,Tallahassee,Florida,US,32303
Lawson Alarm,lawsonalarm.com,lawsonalarm.com,,,,Tallahassee,Florida,US,32303
Level Up Digital Media,levelup.media,levelup.media,,,,Tallahassee,Florida,US,32301
MCCi,mccinnovations.com,mccinnovations.com,,,,Tallahassee,Florida,US,32311
Megafauna Filmworks,megafaunafilms.com,megafaunafilms.com,,,,Tallahassee,Florida,US,32301
MusicMasters,musicm.com,musicm.com,,,,Tallahassee,Florida,US,32303
"NRG Industries, Inc.",nrgindustries.com,nrgindustries.com,,,,Tallahassee,Florida,US,32301
Noble Air Solutions,nobleairsolutions.com,nobleairsolutions.com,,,,Tallahassee,Florida,US,32303
Redwire Security,redwire.com,redwire.com,https://www.linkedin.com/company/1319609,,,Tallahassee,Florida,US,32303
Retrofit Records,retrofitrecs.com,retrofitrecs.com,,,,Tallahassee,Florida,US,32301
Security Force Southeast LLC,securityforcesoutheast.com,securityforcesoutheast.com,,,,Tallahassee,Florida,US,32303
Seminole Sound And Lighting,seminolesoundandlighting.com,seminolesoundandlighting.com,,,,Tallahassee,Florida,US,32304
Sonitrol of Tallahassee,sonitrolfl.com,sonitrolfl.com,,,,Tallahassee,Florida,US,32303
Stereo Sales,stereosales.com,stereosales.com,,,,Tallahassee,Florida,US,32303
Superior Fence & Rail of Tallahassee,superiorfenceandrail.com,superiorfenceandrail.com,https://www.linkedin.com/company/superior-fence-and-rail,,,Tallahassee,Florida,US,32304
TV Mounting Masters Florida,tvmountingmastersflorida.com,tvmountingmastersflorida.com,,,,Tallahassee,Florida,US,32301
Tallahassee Lighting & Decor,tallylighting.com,tallylighting.com,,,,Tallahassee,Florida,US,32301
The Sights and Sounds Company,getitwired.net,getitwired.net,,,,Tallahassee,Florida,US,32310
Theatre Tallahassee,theatretallahassee.org,theatretallahassee.org,https://www.linkedin.com/company/tallahassee-little-theatre,,,Tallahassee,Florida,US,32303
Truevolt Electrical Services Inc,truevoltelectric.com,truevoltelectric.com,,,,Tallahassee,Florida,US,32303
"Ultimate Sound and Light, Inc (Event Services, Rentals and Installations)",ultimatesoundandlight.com,ultimatesoundandlight.com,,,,Tallahassee,Florida,US,32301
University Technicians,universitytechnicians.com,universitytechnicians.com,,,,Tallahassee,Florida,US,32301
VEZ Productions,vezproductions.com,vezproductions.com,,,,Tallahassee,Florida,US,32310
Verge Technology,goverge.com,goverge.com,,,,Tallahassee,Florida,US,32302
"Weston Trawick, Inc.",westontrawick.com,westontrawick.com,,,,Tallahassee,Florida,US,32303
Wisdom Lighting,wisdom.lighting,wisdom.lighting,,,,Tallahassee,Florida,US,32301
AVC Technologies,avc-technologies.com,avc-technologies.com,,,,Tampa,Florida,US,33624
AVI-SPL,avispl.com,avispl.com,https://www.linkedin.com/company/avi-spl,,,Tampa,Florida,US,33634
"AVIT, LLC",avitpartners.com,avitpartners.com,https://www.linkedin.com/company/avit,,,Tampa,Florida,US,33634
AVN Installations,avninstallations.com,avninstallations.com,,,,Tampa,Florida,US,33610
"Advanced Cable Connection, Inc. (ACCI Technology Solutions)",acci-tech.com,acci-tech.com,,,,Tampa,Florida,US,33612
Artisan Technologies,artisantechnologies.com,artisantechnologies.com,,,,Tampa,Florida,US,33629
Audi Productions,audiproductions.com,audiproductions.com,,,,Tampa,Florida,US,33635
"Audio Visual Support Service, Inc.",avssinctampa.com,avssinctampa.com,,,,Tampa,Florida,US,33634
Automated Controls of Tampa,automatedcontrols.us,automatedcontrols.us,,,,Tampa,Florida,US,33619
"Automated Systems Consulting, Inc",ascnet.net,ascnet.net,,,,Tampa,Florida,US,33647
Automation Personnel Services - Tampa,apstemps.com,apstemps.com,https://www.linkedin.com/company/automation-personnel-services-inc-,,,Tampa,Florida,US,33614
COMPLETE LIGHTING OF TAMPA,completeltg.com,completeltg.com,,,,Tampa,Florida,US,33607
Coresential,coresential.com,coresential.com,,,,Tampa,Florida,US,33619
DV Home Theater,dvht.com,dvht.com,,,,Tampa,Florida,US,33606
Digital Xperience Group,dxg.agency,dxg.agency,,,,Tampa,Florida,US,33626
Encore Broadcast Solutions - Tampa,encorebroadcast.com,encorebroadcast.com,,,,Tampa,Florida,US,33606
Expert Technology Integration,eti-fl.com,eti-fl.com,,,,Tampa,Florida,US,33607
FLYMOTION,flymotionus.com,flymotionus.com,,,,Tampa,Florida,US,33619
"Flash Security Integrators Tampa, FL",flashsecurity.com,flashsecurity.com,https://www.linkedin.com/company/82286646,,,Tampa,Florida,US,33609
Fowado Unmanned Systems,fowadous.com,fowadous.com,,,,Tampa,Florida,US,33619
GULF COAST SYSTEMS,gcsav.com,gcsav.com,,,,Tampa,Florida,US,33602
"Guardian Protection - Tampa, FL",guardianprotection.com,guardianprotection.com,https://www.linkedin.com/company/guardianprotection,,,Tampa,Florida,US,33634
Halo Smart Home,halosmarthome.com,halosmarthome.com,,,,Tampa,Florida,US,33602
Hive Design Center,hivestyle.com,hivestyle.com,https://www.linkedin.com/company/hiveintegration,,,Tampa,Florida,US,33607
Hive Integration,hiveintegration.com,hiveintegration.com,https://www.linkedin.com/company/hiveintegration,,,Tampa,Florida,US,33606
Hoppen Home Systems: Smart Home Automation & Integration,hoppenhomesystems.com,hoppenhomesystems.com,https://www.linkedin.com/company/hoppen-smart-home-automation,,,Tampa,Florida,US,33619
ION,iontechnology.net,iontechnology.net,https://www.linkedin.com/company/ion-technology-integrators,,,Tampa,Florida,US,33611
Insignia Sound and Production,insigniasp.com,insigniasp.com,,,,Tampa,Florida,US,33619
Lights & More,lightsandmore.com,lightsandmore.com,,,,Tampa,Florida,US,33614
MHD,mhdit.com,mhdit.com,,,,Tampa,Florida,US,33610
MJI Media,mjimedia.com,mjimedia.com,,,,Tampa,Florida,US,33602
Maximum Audio Video,maximumav.com,maximumav.com,,,,Tampa,Florida,US,33614
Omni Controls Inc,omnicontrols.com,omnicontrols.com,,,,Tampa,Florida,US,33647
"Paradise Systems, LLC",feelslikeparadise.com,feelslikeparadise.com,,,,Tampa,Florida,US,33607
Pinnacle Audio Visual,pinnacleav.net,pinnacleav.net,https://www.linkedin.com/company/pinnacle-installations-and-services-inc,,,Tampa,Florida,US,33619
SRI Systems,sritampabay.com,sritampabay.com,,,,Tampa,Florida,US,33634
SYNCT,synctfl.com,synctfl.com,https://www.linkedin.com/company/synctfl,,,Tampa,Florida,US,33647
"Sonos Speaker Tech, Inc.",speakertechinc.com,speakertechinc.com,,,,Tampa,Florida,US,33629
Sound Interiors,sitampa.com,sitampa.com,,,,Tampa,Florida,US,33634
Sunset Lighting Design,sunsetlightingdesign.com,sunsetlightingdesign.com,,,,Tampa,Florida,US,33624
Synergy Florida,synergyfl.com,synergyfl.com,,,,Tampa,Florida,US,33619
TBES Systems,tampasmarthome.com,tampasmarthome.com,,,,Tampa,Florida,US,33624
Technology Wiring | Security Camera Installation Near Tampa | CCTV camera Installation,tampacamerasinstallation.com,tampacamerasinstallation.com,,,,Tampa,Florida,US,33602
Techoll (Innovating Technology Solutions),techoll.com,techoll.com,,,,Tampa,Florida,US,33615
The Audio Itch of Tampa Bay,audioitch.com,audioitch.com,,,,Tampa,Florida,US,33629
The ProMedia Group,thepromediagroup.com,thepromediagroup.com,https://www.linkedin.com/company/the-promedia-group,,,Tampa,Florida,US,33634
Custom Electric,keyscustomelectric.com,keyscustomelectric.com,,,,Tavernier,Florida,US,33070
Quality Comfort Experts,myqce.com,myqce.com,,,,Tavernier,Florida,US,33070
Rocket Cooling,rocketcooling.com,rocketcooling.com,,,,Tavernier,Florida,US,33070
Prime Audio Video Security,primeavs.com,primeavs.com,,,,University,Florida,US,33613
All Technology Solutions LLC,atsvero.com,atsvero.com,,,,Vero Beach,Florida,US,32960
All-In-One Installations IRC,tinyurl.com,tinyurl.com,,,,Vero Beach,Florida,US,32967
Arman Electric,armanelectric.com,armanelectric.com,,,,Vero Beach,Florida,US,32960
Be Safe Security Alarms Inc,besafevb.wixsite.com,besafevb.wixsite.com,,,,Vero Beach,Florida,US,32960
Bill's TV & Audio Video Innovations,billstv.com,billstv.com,https://www.linkedin.com/company/etcsimplify,,,Vero Beach,Florida,US,32960
Coastal Security Systems,coastalsecurity.us,coastalsecurity.us,,,,Vero Beach,Florida,US,32960
Computer Repair Vero Beach,computerrepairverobeach.com,computerrepairverobeach.com,,,,Vero Beach,Florida,US,32960
Deviate Sound Solutions,dv8shop.com,dv8shop.com,,,,Vero Beach,Florida,US,32962
Happy Home Electric,localelectriciansfl.com,localelectriciansfl.com,,,,Vero Beach,Florida,US,32967
IslandAV,islandav.net,islandav.net,,,,Vero Beach,Florida,US,32960
Omega Technology Solutions,omegatechs.co,omegatechs.co,https://www.linkedin.com/company/28145451,,,Vero Beach,Florida,US,32960
"Soundtech Security, Inc.",soundtechsecurity.com,soundtechsecurity.com,,,,Vero Beach,Florida,US,32962
Soundtech Systems inc,soundtechsystems.com,soundtechsystems.com,,,,Vero Beach,Florida,US,32960
The Audiohouse,theaudiohouse.com,theaudiohouse.com,,,,Vero Beach,Florida,US,32960
Wolf Media and Technology,wolfmediatechnology.com,wolfmediatechnology.com,,,,Vero Beach,Florida,US,32960
Palm Beach Sounds and Cinema,soundsandcinema.com,soundsandcinema.com,,,,Wellington,Florida,US,33414
Petrone Technology Group,petronetechnologygroup.com,petronetechnologygroup.com,,,,Wellington,Florida,US,33414
"Event Resource Group, Inc",erg247.com,erg247.com,https://www.linkedin.com/company/erg247,,,Wesley Chapel,Florida,US,33544
Home Boss AV LLC,homebossav.com,homebossav.com,,,,Wesley Chapel,Florida,US,33545
A Home Theater and Media Solutions,ahometheaterfl.com,ahometheaterfl.com,,,,West Palm Beach,Florida,US,33412
ATI,atifl.net,atifl.net,,,,West Palm Beach,Florida,US,33411
AV-WORX,av-worx.com,av-worx.com,,,,West Palm Beach,Florida,US,33409
"AVS - Audio Video Systems, Inc.",securitybyavs.com,securitybyavs.com,,,,West Palm Beach,Florida,US,33409
Ask the Advisors,asktheadvisors.com,asktheadvisors.com,,,,West Palm Beach,Florida,US,33409
Audio Advisors,audioadvisors.com,audioadvisors.com,,,,West Palm Beach,Florida,US,33409
"Audio Visual Automation, Inc.",avapb.com,avapb.com,,,,West Palm Beach,Florida,US,33409
C C Control,cccontrolcorp.com,cccontrolcorp.com,,,,West Palm Beach,Florida,US,33407
Cat5 Security Services,cat5security.com,cat5security.com,,,,West Palm Beach,Florida,US,33409
Comet Electric & Automation,cometelectricinc.com,cometelectricinc.com,,,,West Palm Beach,Florida,US,33413
"Command One Solutions, LLC",command-one.com,command-one.com,,,,West Palm Beach,Florida,US,33404
ETC Florida,etc-florida.com,etc-florida.com,https://www.linkedin.com/company/etcsimplify,,,West Palm Beach,Florida,US,33409
"Electro Arts Enterprises, Inc.",eaeinfo.com,eaeinfo.com,https://www.linkedin.com/company/electro-arts-enterprises-inc-,,,West Palm Beach,Florida,US,33404
Extreme Audio Video,extremeaudiovideo.com,extremeaudiovideo.com,,,,West Palm Beach,Florida,US,33412
ForceAV,forceav.com,forceav.com,,,,West Palm Beach,Florida,US,33411
Fusion AV Solutions,fusionavsolutions.com,fusionavsolutions.com,,,,West Palm Beach,Florida,US,33411
Integrated Home Technologies FL,ihtfl.com,ihtfl.com,,,,West Palm Beach,Florida,US,33407
MAXTECH AUDIO,maxtechaudio.com,maxtechaudio.com,,,,West Palm Beach,Florida,US,33401
Orion Integrated Systems,orionintegrated.com,orionintegrated.com,https://www.linkedin.com/company/orion-integrated-systems,,,West Palm Beach,Florida,US,33411
Palm Beach Audio Video,palmbeachaudiovideo.com,palmbeachaudiovideo.com,,,,West Palm Beach,Florida,US,33411
Palm Beach Audio Visions,pbavsmarthomes.com,pbavsmarthomes.com,https://www.linkedin.com/company/palm-beach-audio-visions,,,West Palm Beach,Florida,US,33411
Palm Beach Custom A/V - Smart Home Automation / Home Theaters Installations,palmbeachcustomav.com,palmbeachcustomav.com,https://www.linkedin.com/company/palm-beach-custom-a-v,,,West Palm Beach,Florida,US,33412
Palm Beach Electronics,pbeellc.com,pbeellc.com,,,,West Palm Beach,Florida,US,33404
Palm Beach Mounting Co.,titanmounting.com,titanmounting.com,,,,West Palm Beach,Florida,US,33407
Prestige Home Automation,phastav.com,phastav.com,https://www.linkedin.com/company/prestige-home-automation,,,West Palm Beach,Florida,US,33414
TechnoLiving,technoliving.com,technoliving.com,,,,West Palm Beach,Florida,US,33411
Sound Media,soundmediaone.com,soundmediaone.com,,,,West Park,Florida,US,33023
Designer Digital Systems Audio Visual Equipment Supplier,designerdigitalsystems.com,designerdigitalsystems.com,,,,Weston,Florida,US,33327
TecDivine Business Solutions LLC,tecdivine.com,tecdivine.com,,,,Wimauma,Florida,US,33598
Above & Beyond A/V,aboveandbeyondav.com,aboveandbeyondav.com,,,,Winter Garden,Florida,US,34787
Axiom Integration,axiomintegration.com,axiomintegration.com,,,,Winter Garden,Florida,US,34787
Central Florida Automation,cflautomation.com,cflautomation.com,,,,Winter Garden,Florida,US,34787
Florida Smart Homes,floridasmarthomes.org,floridasmarthomes.org,https://www.linkedin.com/company/florida-smart-homes,,,Winter Garden,Florida,US,34787
Storch Entertainment Systems,storchentertainment.com,storchentertainment.com,,,,Winter Park,Florida,US,32789
"Aftermath General Services, Inc.",aftermathgeneralservices.solutions,aftermathgeneralservices.solutions,,,,Yulee,Florida,US,32097
Gary's Audio & Video Installations,garysav.com,garysav.com,,,,Yulee,Florida,US,32097
"ASD (Automated Systems Design, Inc.)",asd-usa.com,asd-usa.com,,,,Alpharetta,Georgia,US,30005
AVLI Global,avliglobal.com,avliglobal.com,,,,Alpharetta,Georgia,US,30004
Acoustic Innovations,acousticinnovations.biz,acousticinnovations.biz,,,,Alpharetta,Georgia,US,30004
Advanced Home Audio Video,advancedinstallation.com,advancedinstallation.com,,,,Alpharetta,Georgia,US,30004
Atlanta Technology Contractors,atlantatechnologycontractors.com,atlantatechnologycontractors.com,,,,Alpharetta,Georgia,US,30004
"Automated Interiors, LLC",automatedinteriors.io,automatedinteriors.io,,,,Alpharetta,Georgia,US,30009
Beckhoff Automation LLC,beckhoff.com,beckhoff.com,,,,Alpharetta,Georgia,US,30009
Boutique Pro Audio International LLC,boutiqueproaudio.com,boutiqueproaudio.com,,,,Alpharetta,Georgia,US,30009
Bray Electrical Alpharetta,brayelectrical.com,brayelectrical.com,,,,Alpharetta,Georgia,US,30004
"Callaway Home Theater- Home Theater Alpharetta, Home Automation Alpharetta",callawayhometheater.com,callawayhometheater.com,,,,Alpharetta,Georgia,US,30004
Callaway Security & Sound,callawaysecurity.com,callawaysecurity.com,https://www.linkedin.com/company/callaway-security-&-sound,,,Alpharetta,Georgia,US,30004
Clark,clark.is,clark.is,,,,Alpharetta,Georgia,US,30005
"Custom Media Solutions, Inc.",custommediaonline.com,custommediaonline.com,,,,Alpharetta,Georgia,US,30004
GM Voices,gmvoices.com,gmvoices.com,,,,Alpharetta,Georgia,US,30005
"H2K Infosys,LLC",h2kinfosys.com,h2kinfosys.com,https://www.linkedin.com/company/h2kinfosys,,,Alpharetta,Georgia,US,30005
Handy Mount Pros,install-tv.com,install-tv.com,,,,Alpharetta,Georgia,US,30009
Home TheaterWorks,htwatlanta.com,htwatlanta.com,,,,Alpharetta,Georgia,US,30022
"IPTE, LLC",ipte.com,ipte.com,https://www.linkedin.com/company/31173,,,Alpharetta,Georgia,US,30005
Logic Speak,logicspeak.com,logicspeak.com,,,,Alpharetta,Georgia,US,30009
MTechProMedia,mtechpromedia.com,mtechpromedia.com,,,,Alpharetta,Georgia,US,30004
Optimum Productions,optimumproductions.com,optimumproductions.com,,,,Alpharetta,Georgia,US,30005
Phoenix Systems,phoenixsystems.tv,phoenixsystems.tv,https://www.linkedin.com/company/phoenixsystems,,,Alpharetta,Georgia,US,30005
Premier Automation LLC,premierautomation.com,premierautomation.com,,,,Alpharetta,Georgia,US,30004
"Private Theaters, Inc.",privatetheaters.com,privatetheaters.com,,,,Alpharetta,Georgia,US,30009
Sensible Automation Solutions LLC,sensibleautomationsolutions.com,sensibleautomationsolutions.com,,,,Alpharetta,Georgia,US,30004
"Strong Systems International, Inc.",strongsystems.com,strongsystems.com,https://www.linkedin.com/company/strong-systems-international,,,Alpharetta,Georgia,US,30005
SystemsOne Security,systemsonesecurity.com,systemsonesecurity.com,,,,Alpharetta,Georgia,US,30009
"Z-Signature Homes, Inc.",zsignaturehomes.com,zsignaturehomes.com,,,,Alpharetta,Georgia,US,30004
i CONTROL Audio Video,icontrolav.net,icontrolav.net,,,,Alpharetta,Georgia,US,30005
3Cs Audio-Visual,3csaudiovisual.com,3csaudiovisual.com,,,,Atlanta,Georgia,US,30339
ALTHAR Automate LLC,altharautomate.io,altharautomate.io,,,,Atlanta,Georgia,US,30308
AVI - Audio Video Interiors,audiovideointeriors.tv,audiovideointeriors.tv,,,,Atlanta,Georgia,US,30346
AVI Group,goavigroup.com,goavigroup.com,,,,Atlanta,Georgia,US,30326
"Aardvark Electric, Inc.",aardvark-electric.com,aardvark-electric.com,,,,Atlanta,Georgia,US,30340
Atlanta Audio & Automation,atlantaaudio.com,atlantaaudio.com,https://www.linkedin.com/company/atlanta-audio-&-automation,,,Atlanta,Georgia,US,30324
Atlanta Audio Visual,atlanta-audiovisual.com,atlanta-audiovisual.com,,,,Atlanta,Georgia,US,30336
Atlanta Decorative Arts Center,adacatlanta.com,adacatlanta.com,,,,Atlanta,Georgia,US,30305
Atlanta Noland Co.,atlantanoland.com,atlantanoland.com,,,,Atlanta,Georgia,US,30340
Atlanta Pro AV,atlantaproav.com,atlantaproav.com,,,,Atlanta,Georgia,US,30318
Atlanta Smart Systems,atlantasmartsystems.com,atlantasmartsystems.com,,,,Atlanta,Georgia,US,30309
Atlanta Sound and Lighting,atlantasoundandlight.com,atlantasoundandlight.com,,,,Atlanta,Georgia,US,30341
Atlanta TV Mounting,atlantatvmountingcompany.com,atlantatvmountingcompany.com,,,,Atlanta,Georgia,US,30318
Audio & Video Connections,avconnectinc.com,avconnectinc.com,,,,Atlanta,Georgia,US,30331
Audio Visual Genius,audiovisualgenius.com,audiovisualgenius.com,,,,Atlanta,Georgia,US,30336
Clear Sound Atlanta,clearsoundatlanta.com,clearsoundatlanta.com,https://www.linkedin.com/company/clear-sound-atlanta,,,Atlanta,Georgia,US,30326
Commercial Audio Systems Inc,commercialaudio.com,commercialaudio.com,,,,Atlanta,Georgia,US,30309
"Electronic Home, Inc.",hometheaterdesigns.com,hometheaterdesigns.com,,,,Atlanta,Georgia,US,30305
Envision Media AV LLC,envisionmediaav.com,envisionmediaav.com,,,,Atlanta,Georgia,US,30309
Evolution Home Theater,evolutionht.com,evolutionht.com,,,,Atlanta,Georgia,US,30305
HiFi Buys,hifibuys.com,hifibuys.com,,,,Atlanta,Georgia,US,30305
House of Music Productions,houseofmusicproductions.com,houseofmusicproductions.com,,,,Atlanta,Georgia,US,30340
"INEX Systems and Designs, inc.",inexsystemsdesigns.com,inexsystemsdesigns.com,https://www.linkedin.com/company/inexsystems,,,Atlanta,Georgia,US,30313
Living Visions Audio Visual,visions-av.com,visions-av.com,,,,Atlanta,Georgia,US,30336
MHS Systems,mhssinc.com,mhssinc.com,,,,Atlanta,Georgia,US,30331
Modus AV Listening Lounge,modusav.com,modusav.com,https://www.linkedin.com/company/modus-av,,,Atlanta,Georgia,US,30341
Motion Shading,motionshading.com,motionshading.com,,,,Atlanta,Georgia,US,30324
Pinnacle Tv Installation,pinnacletvinstall.com,pinnacletvinstall.com,,,,Atlanta,Georgia,US,31107
Pro Tech Multimedia Solutions LLC,protechmultimedia.com,protechmultimedia.com,,,,Atlanta,Georgia,US,30303
ProAudio Georgia,proaudiogeorgia.com,proaudiogeorgia.com,,,,Atlanta,Georgia,US,30305
Roy E Wilson Co dba Georgia Control Center,georgiacontrol.com,georgiacontrol.com,,,,Atlanta,Georgia,US,30354
Shade Tree AV,shadetreeav.com,shadetreeav.com,,,,Atlanta,Georgia,US,30310
Shepard AV,shepardav.com,shepardav.com,,,,Atlanta,Georgia,US,30318
Smart Homes Atlanta,consciousiot.com,consciousiot.com,,,,Atlanta,Georgia,US,30328
Smart Integrators 4 U,smarti4u.com,smarti4u.com,https://www.linkedin.com/company/smart-integrators-4-u-llc,,,Atlanta,Georgia,US,30349
Smart TV Installation,smarttvinstallation.com,smarttvinstallation.com,,,,Atlanta,Georgia,US,30342
"Solutionz, Inc.",solutionzinc.com,solutionzinc.com,,,,Atlanta,Georgia,US,30339
Sound Associates Inc,soundassociates.com,soundassociates.com,https://www.linkedin.com/company/sound-associates,,,Atlanta,Georgia,US,30306
Sunbelt Technology,sunbelttechnology.com,sunbelttechnology.com,https://www.linkedin.com/company/sunbelt-technologies-inc,,,Atlanta,Georgia,US,30342
TRuth Automations,truthautomations.com,truthautomations.com,,,,Atlanta,Georgia,US,30326
Twice As Nice Tech Solutions,tantechsolutions.net,tantechsolutions.net,,,,Atlanta,Georgia,US,30318
2nd & Charles,2ndandcharles.com,2ndandcharles.com,,,,Augusta,Georgia,US,30909
A W Electric LLC,awelectricllc.com,awelectricllc.com,,,,Augusta,Georgia,US,30904
Atomic Tech,atomictech.net,atomictech.net,,,,Augusta,Georgia,US,30909
Carolina Burglar & Fire Alarm,carolinaburglaralarm.com,carolinaburglaralarm.com,https://www.linkedin.com/company/carolina-burglar-&-fire-alarm-company,,,Augusta,Georgia,US,30904
Carolina Georgia Sound,cgsvideo.com,cgsvideo.com,,,,Augusta,Georgia,US,30909
Control Plus Inc,controlplus.com,controlplus.com,,,,Augusta,Georgia,US,30909
Crawl Space Ninja of Augusta,crawlspaceninja.com,crawlspaceninja.com,,,,Augusta,Georgia,US,30907
Georgia Carolina Security,georgiacarolinasecurity.com,georgiacarolinasecurity.com,,,,Augusta,Georgia,US,30907
IntelliSystems,intellisystems.com,intellisystems.com,,,,Augusta,Georgia,US,30909
Security Specialist Inc,securityspecialistinc.net,securityspecialistinc.net,,,,Augusta,Georgia,US,30909
"Dynamic Audio Visual Systems, LLC",dynamicavsystems.com,dynamicavsystems.com,,,,Canton,Georgia,US,30114
DPC Technology,dpctechnology.com,dpctechnology.com,,,,Chamblee,Georgia,US,30341
Interactive Automation,interactiveautomation.com,interactiveautomation.com,,,,Chamblee,Georgia,US,30341
Factory Automation Systems,factoryautomation.com,factoryautomation.com,https://www.linkedin.com/company/factory-automation-systems,,,College Park,Georgia,US,30349
AV Excellence - Home Theater & Low Voltage Solutions,myavx.com,myavx.com,https://www.linkedin.com/company/myavx,,,Cumming,Georgia,US,30040
AV Solutions Atlanta,avsolutionsatlanta.com,avsolutionsatlanta.com,https://www.linkedin.com/company/av-solutions-inc.,,,Cumming,Georgia,US,30041
Southern Cinema,southerncinema.com,southerncinema.com,,,,Cumming,Georgia,US,30040
Interior Technology LLC,itsmarthomes.com,itsmarthomes.com,,,,Dacula,Georgia,US,30019
Tribute Technology,tributetechinc.com,tributetechinc.com,,,,Dacula,Georgia,US,30019
Loud Media Group,loudmediagroup.us,loudmediagroup.us,,,,Dalton,Georgia,US,30722
Tech One Audio Visual Rentals - TOAV,tech1av.com,tech1av.com,,,,Decatur,Georgia,US,30033
"Atlanta Home Technologies, LLC",atlantahometechnologies.com,atlantahometechnologies.com,,,,Doraville,Georgia,US,30360
"Installation Guy, LLC.",installationguy.us,installationguy.us,,,,Duluth,Georgia,US,30096
A-1 Audio Visual,a1audiovisual.com,a1audiovisual.com,,,,East Point,Georgia,US,30344
Automation Systems & Controls Inc.,plcsolutions.com,plcsolutions.com,,,,Ellabell,Georgia,US,31308
Mac Electronics,macelec.com,macelec.com,,,,Evans,Georgia,US,30809
Miller Video Solutions,millervideo.org,millervideo.org,,,,Evans,Georgia,US,30809
Turning Point AV,turningpointav.com,turningpointav.com,,,,Garden City,Georgia,US,31408
Aaron's Home Tech,aaronshometech.com,aaronshometech.com,https://www.linkedin.com/company/aaronshometech,,,Greensboro,Georgia,US,30642
52 Creative,52creative.net,52creative.net,,,,Grovetown,Georgia,US,30813
Augusta Low Voltage,augustalowvoltage.com,augustalowvoltage.com,,,,Grovetown,Georgia,US,30813
"Everything Install, LLC.",everythinginstall.com,everythinginstall.com,,,,Grovetown,Georgia,US,30813
"RPM AV Services, Inc.",rpmavs.com,rpmavs.com,,,,Holly Springs,Georgia,US,30115
SK Customs Car Audio & Home Theater,skcaraudio.com,skcaraudio.com,,,,Johns Creek,Georgia,US,30022
AV Pro Design LLC,avprodesign.com,avprodesign.com,https://www.linkedin.com/company/av-pro-design-llc,,,Kennesaw,Georgia,US,30152
Pro Audio Georgia,proaudioga.com,proaudioga.com,,,,LaGrange,Georgia,US,30241
SAV Systems,savsystems.com,savsystems.com,,,,Lawrenceville,Georgia,US,30046
Sound Enterprises,sound-enterprises.com,sound-enterprises.com,,,,Lawrenceville,Georgia,US,30043
Smart Home Connections and Home Improvement,smarthomeconnections.net,smarthomeconnections.net,,,,Loganville,Georgia,US,30052
GHT Group,ghtgroup.com,ghtgroup.com,https://www.linkedin.com/company/ght-group-atl,,,Marietta,Georgia,US,30060
LV Pros (Low Voltage Pros),lv-pros.com,lv-pros.com,,,,Marietta,Georgia,US,30060
Performance Audio & Video,pavatlanta.com,pavatlanta.com,https://www.linkedin.com/company/pavatlanta,,,Marietta,Georgia,US,30067
RMS Installs,rmsinstalls.com,rmsinstalls.com,,,,Marietta,Georgia,US,30060
Active Integration,activeintegration.tech,activeintegration.tech,,,,Martinez,Georgia,US,30907
Aiken Augusta Electric & Security,aikenaugustaelectricsecurity.com,aikenaugustaelectricsecurity.com,,,,Martinez,Georgia,US,30907
"American Audio Visual Services, Inc.",americanaudiovisualservices.com,americanaudiovisualservices.com,,,,Martinez,Georgia,US,30907
Diversified,onediversified.com,onediversified.com,https://www.linkedin.com/company/diversified-,,,Peachtree Corners,Georgia,US,30071
Allegiance Technology Solutions,allegiancetech.io,allegiancetech.io,https://www.linkedin.com/company/allegiance-technology-solutions,,,Pembroke,Georgia,US,31321
Imperial Audio Services,imperialaudioservices.com,imperialaudioservices.com,,,,Pooler,Georgia,US,31322
In Home Xperts,in-home-xperts.ueniweb.com,in-home-xperts.ueniweb.com,,,,Powder Springs,Georgia,US,30127
Southern Alarm Inc,southernalarminc.com,southernalarminc.com,,,,Richmond Hill,Georgia,US,31324
GOL Security/ Vector Security Authorized Dealer,golsecurity.com,golsecurity.com,,,,Rincon,Georgia,US,31326
AV Simplified Solutions,avsimplifiedsolutions.com,avsimplifiedsolutions.com,,,,Ringgold,Georgia,US,30736
"Nelson Jones Electric, Inc.",nelsonjoneselectric.com,nelsonjoneselectric.com,,,,Ringgold,Georgia,US,30736
Chattanooga Electronic Services,chatronix.com,chatronix.com,,,,Rossville,Georgia,US,30741
AV-Tech Media Solutions,avtechmedia.com,avtechmedia.com,https://www.linkedin.com/company/avtech-services-inc,,,Roswell,Georgia,US,30076
Atlanta Home Theater,atlantahometheater.com,atlantahometheater.com,,,,Roswell,Georgia,US,30075
Benscoter Home Theater,benscoterhometheater.com,benscoterhometheater.com,,,,Roswell,Georgia,US,30075
BlueVision,bluevisionhome.com,bluevisionhome.com,,,,Roswell,Georgia,US,30076
Digital Car Audio,digitalcaraudio.com,digitalcaraudio.com,,,,Roswell,Georgia,US,30076
Quality Recording Solutions,qrsworld.com,qrsworld.com,,,,Roswell,Georgia,US,30075
Safeguard Security,safeguardsecuritygeorgia.com,safeguardsecuritygeorgia.com,,,,Roswell,Georgia,US,30076
Sound Image,soundimageatl.com,soundimageatl.com,,,,Roswell,Georgia,US,30075
"3M Coastal Installations, Inc.",coastalinstallationsinc.com,coastalinstallationsinc.com,,,,Savannah,Georgia,US,31401
Advanced A/V Rentals,advancedav.rentals,advancedav.rentals,,,,Savannah,Georgia,US,31404
Audio Visual Repairs Sales,avrsavannah.com,avrsavannah.com,,,,Savannah,Georgia,US,31401
Bell Integrated Home Solutions,bellihs.com,bellihs.com,,,,Savannah,Georgia,US,31405
Capital A Productions,capitalaproductions.com,capitalaproductions.com,,,,Savannah,Georgia,US,31405
"Covenant Security Surveillance, LLC",trustcss.com,trustcss.com,,,,Savannah,Georgia,US,31405
Entre Solutions,entresolutions.com,entresolutions.com,,,,Savannah,Georgia,US,31406
Extreme Audio,extremeaudio-sav.com,extremeaudio-sav.com,,,,Savannah,Georgia,US,31406
Integrated Network Solutions,phonesav.com,phonesav.com,,,,Savannah,Georgia,US,31408
Kimball's Mobile Electronics,kimballsmobileelectronics.com,kimballsmobileelectronics.com,,,,Savannah,Georgia,US,31401
Low Country Lighting,lclightingga.com,lclightingga.com,,,,Savannah,Georgia,US,31405
Mcknight Electronics,mcknightelectronics.net,mcknightelectronics.net,,,,Savannah,Georgia,US,31419
"NetPlanner Systems, Inc.",netplanner.com,netplanner.com,https://www.linkedin.com/company/netplanner-systems-inc-,,,Savannah,Georgia,US,31405
Pace Lighting & Home,pacelighting.com,pacelighting.com,,,,Savannah,Georgia,US,31405
Pop Vault,popvaultstore.com,popvaultstore.com,,,,Savannah,Georgia,US,31401
Remote Technology Security Services LLC,remotetechnology.net,remotetechnology.net,,,,Savannah,Georgia,US,31408
Rody's Audio Warehouse,rodysaudiowarehouse.com,rodysaudiowarehouse.com,,,,Savannah,Georgia,US,31406
SPEROS,speros.com,speros.com,,,,Savannah,Georgia,US,31408
Sight & Sound Technologies,sightandsoundtechnologies.com,sightandsoundtechnologies.com,,,,Savannah,Georgia,US,31406
"Sight and Sound Integration, Inc.",sightandsoundintegration.com,sightandsoundintegration.com,,,,Savannah,Georgia,US,31406
"Specialty Controls of Savannah, LLC",specialtycontrolsgeorgia.com,specialtycontrolsgeorgia.com,,,,Savannah,Georgia,US,31419
Stage Front,sfps.net,sfps.net,,,,Savannah,Georgia,US,31405
Stud'd Mounts llc,studdmounts.square.site,studdmounts.square.site,,,,Savannah,Georgia,US,31419
TVC Appliance & Bedding,tvcentersavannah.com,tvcentersavannah.com,,,,Savannah,Georgia,US,31405
scDataCom,scdatacom.net,scdatacom.net,,,,Savannah,Georgia,US,31404
SB Comm Inc,sbcatl.com,sbcatl.com,,,,Snellville,Georgia,US,30078
Golden Isles Welcome Center - St. Simons Island,goldenisles.com,goldenisles.com,,,,St Simons Island,Georgia,US,31522
Link Your House Inc,linkyourhouse.com,linkyourhouse.com,,,,Suwanee,Georgia,US,30024
Starlightatl,starlightatlanta.com,starlightatlanta.com,,,,Suwanee,Georgia,US,30024
S&L Integrated Systems,slintegrated.com,slintegrated.com,,,,Thomasville,Georgia,US,31757
"Huber Automation, LLC",wedoautomation.com,wedoautomation.com,,,,Tucker,Georgia,US,30084
Orchestrated Audiovisual & Production Service,oavatlanta.com,oavatlanta.com,,,,Tucker,Georgia,US,30084
Intuitive AV,intuav.com,intuav.com,,,,Woodstock,Georgia,US,30188
Aloha Alarm LLC,alohaalarm.com,alohaalarm.com,,,,Aiea,Hawaii,US,96701
Hawaii Media Inc,hawaiimedia.com,hawaiimedia.com,,,,Aiea,Hawaii,US,96701
Modtech Solutions,modtechsolutions.com,modtechsolutions.com,https://www.linkedin.com/company/10696589,,,Aiea,Hawaii,US,96701
The Audio Visual Company,theavco.com,theavco.com,https://www.linkedin.com/company/theavco,,,Aiea,Hawaii,US,96701
Behind The Sound Audio Visual Rentals,behindthesoundav.com,behindthesoundav.com,,,,Haleiwa,Hawaii,US,96712
Aloha Laser Vision,alohalaservision.com,alohalaservision.com,,,,Honolulu,Hawaii,US,96814
Audio Bytes Corporation,audiobyteshawaii.com,audiobyteshawaii.com,,,,Honolulu,Hawaii,US,96813
Audio Lab Hawaii,audiolabhawaii.com,audiolabhawaii.com,,,,Honolulu,Hawaii,US,96814
Audissey,audissey.net,audissey.net,,,,Honolulu,Hawaii,US,96814
Automated Lifestyles Hawaii,alshawaii.com,alshawaii.com,,,,Honolulu,Hawaii,US,96821
Beyond Builders,bb-hi.com,bb-hi.com,,,,Honolulu,Hawaii,US,96813
Blue Shield Security Oahu LLC,bssalarmhi.com,bssalarmhi.com,,,,Honolulu,Hawaii,US,96819
Bright Light Digital LLC,brightlight.biz,brightlight.biz,https://www.linkedin.com/company/bright-light-digital,,,Honolulu,Hawaii,US,96813
Cowabunga! Computers,smartcows.com,smartcows.com,,,,Honolulu,Hawaii,US,96826
Dial Electric Supply Co,dialelectricsupply.com,dialelectricsupply.com,,,,Honolulu,Hawaii,US,96819
Elegant Lighting,elegantlightinghawaii.com,elegantlightinghawaii.com,,,,Honolulu,Hawaii,US,96816
HI Home REsolutions Inc,hbe.ehawaii.gov,hbe.ehawaii.gov,,,,Honolulu,Hawaii,US,96816
Hawaii Pacific Neuroscience,hawaiineuroscience.com,hawaiineuroscience.com,,,,Honolulu,Hawaii,US,96817
Hawaii Video Pro,hawaiivideopro.com,hawaiivideopro.com,,,,Honolulu,Hawaii,US,96828
High Performance Systems Inc,hpsi.net,hpsi.net,,,,Honolulu,Hawaii,US,96813
"Home Smart International, LLC.",joinhomesmarthawaii.com,joinhomesmarthawaii.com,,,,Honolulu,Hawaii,US,96815
Home Theater Solutions,htshawaii.com,htshawaii.com,,,,Honolulu,Hawaii,US,96822
Illuminage Group,illuminagehawaii.com,illuminagehawaii.com,,,,Honolulu,Hawaii,US,96819
"Industrial Electronics, Inc.",iehawaii.com,iehawaii.com,,,,Honolulu,Hawaii,US,96817
Intech Pacific | Cybersecurity & Managed IT Services,intech-pacific.com,intech-pacific.com,https://www.linkedin.com/company/intech-hawaii,,,Honolulu,Hawaii,US,96813
Jives Media,jivesmedia.com,jivesmedia.com,,,,Honolulu,Hawaii,US,96814
John Guild Communications,johnguildcommunications.com,johnguildcommunications.com,,,,Honolulu,Hawaii,US,96817
Lighting Concepts,lightinghawaii.com,lightinghawaii.com,,,,Honolulu,Hawaii,US,96826
Luxury Row,shopluxuryrow.com,shopluxuryrow.com,,,,Honolulu,Hawaii,US,96815
Media Solutions Inc,mediasolutionshawaii.com,mediasolutionshawaii.com,,,,Honolulu,Hawaii,US,96813
Mobile Audio and Security,mobileaudiosecurityhi.com,mobileaudiosecurityhi.com,,,,Honolulu,Hawaii,US,96819
Music & Video Hawaii,hawaiiav.com,hawaiiav.com,,,,Honolulu,Hawaii,US,96816
Ohana Control Systems Inc,ohanacontrols.com,ohanacontrols.com,https://www.linkedin.com/company/ohana-control-systems-inc.,,,Honolulu,Hawaii,US,96819
Pacific Audio & Communications Oahu,pachawaii.com,pachawaii.com,https://www.linkedin.com/company/pacific-audio-communications-inc,,,Honolulu,Hawaii,US,96819
Revision Audio,revision-audio.square.site,revision-audio.square.site,,,,Honolulu,Hawaii,US,96819
Sight & Sound Productions,sightandsoundhawaii.com,sightandsoundhawaii.com,,,,Honolulu,Hawaii,US,96819
Smart Assets of Hawaii,specialneedshawaii.com,specialneedshawaii.com,,,,Honolulu,Hawaii,US,96814
Smart Source,smartsourcellc.com,smartsourcellc.com,,,,Honolulu,Hawaii,US,96813
Starcomm Wireless Inc.,starcommwireless.com,starcommwireless.com,,,,Honolulu,Hawaii,US,96819
"Systems Integration Group, Inc.",systemsintegrationgroup.com,systemsintegrationgroup.com,,,,Honolulu,Hawaii,US,96813
Systems Integrations of Hawaii,honolulusystems.com,honolulusystems.com,,,,Honolulu,Hawaii,US,96822
Top Level Construction,toplevel.construction,toplevel.construction,,,,Honolulu,Hawaii,US,96825
University of Hawaiʻi System,hawaii.edu,hawaii.edu,,,,Honolulu,Hawaii,US,96822
ZMANA Residential and Commercial Security Systems,zmana.com,zmana.com,https://www.linkedin.com/company/zmana,,,Honolulu,Hawaii,US,96814
Control Freaks Hawaii Inc.,controlfreakshawaii.com,controlfreakshawaii.com,,,,Kahului,Hawaii,US,96732
Hawai’i Audio Video Lighting Solutions,hiavls.com,hiavls.com,,,,Kailua,Hawaii,US,96734
"Steadfast Audio Visual, LLC",steadfastav.com,steadfastav.com,,,,Kapolei,Hawaii,US,96707
Twilight Audio dba Low Voltage Contractors of Hawaii,twilightaudio.com,twilightaudio.com,,,,Kapolei,Hawaii,US,96707
AVS Audio Visual Services Hawaii,audiovisualhawaii.com,audiovisualhawaii.com,,,,Wailuku,Hawaii,US,96793
Hawaii Pro Sound & Visual Rental,hawaiiprosoundvr.com,hawaiiprosoundvr.com,,,,Waipahu,Hawaii,US,96797
Home Automation Hawaii LLC,homeautomationhawaii.com,homeautomationhawaii.com,,,,Waipahu,Hawaii,US,96797
Integrated Security Technologies,istechs.net,istechs.net,,,,Waipahu,Hawaii,US,96797
Integrated Technology Solutions | ITS Hawaii,itshawaii.com,itshawaii.com,https://www.linkedin.com/company/itshawaii,,,Waipahu,Hawaii,US,96797
Security Cameras Oahu,securitycamerasoahu.com,securitycamerasoahu.com,,,,Waipahu,Hawaii,US,96797
Theatrix Hawaii - Audio Visual Company - Oahu,theatrixhawaii.com,theatrixhawaii.com,,,,Waipahu,Hawaii,US,96797
On Time Professionals,myontimepro.com,myontimepro.com,,,,Altoona,Iowa,US,50009
AVS Concepts,teamavsconcepts.com,teamavsconcepts.com,,,,Ankeny,Iowa,US,50021
Astra Security,astrasecurity.com,astrasecurity.com,,,,Ankeny,Iowa,US,50023
"Knight Integration, LLC",knight-integration.com,knight-integration.com,,,,Ankeny,Iowa,US,50021
Berg Audio & Video,bergav.com,bergav.com,,,,Carlisle,Iowa,US,50047
Custom Electrical Services,customelectricalservices.com,customelectricalservices.com,,,,Clive,Iowa,US,50325
Iowa Audio Video,iowaaudiovideo.com,iowaaudiovideo.com,https://www.linkedin.com/company/iowaaudiovideo,,,Clive,Iowa,US,50325
Put It On Video,putitonvideo.net,putitonvideo.net,,,,Clive,Iowa,US,50325
Wired Solutions,wiredsolutionsia.com,wiredsolutionsia.com,,,,Clive,Iowa,US,50325
Reference Smart Systems,referencesmart.com,referencesmart.com,https://www.linkedin.com/company/reference-audio-video-security,,,Davenport,Iowa,US,52807
AON Studios,aonstudiosllc.com,aonstudiosllc.com,,,,Des Moines,Iowa,US,50316
Advanced Automation,advanced-automationinc.com,advanced-automationinc.com,,,,Des Moines,Iowa,US,50309
American Alarms,american-alarms.com,american-alarms.com,,,,Des Moines,Iowa,US,50313
Arona Home Essentials Des Moines,aronarents.com,aronarents.com,,,,Des Moines,Iowa,US,50320
Automation and Robotics Solutions,jhfoster.com,jhfoster.com,,,,Des Moines,Iowa,US,50316
B & L Electric LLC,bandlelectriciowa.com,bandlelectriciowa.com,,,,Des Moines,Iowa,US,50316
Burgin Drapery Workroom,burgindrapery.com,burgindrapery.com,,,,Des Moines,Iowa,US,50316
CLE Productions,cleproductions.com,cleproductions.com,https://www.linkedin.com/company/2997622,,,Des Moines,Iowa,US,50321
Des Moines Community Playhouse,dmplayhouse.com,dmplayhouse.com,,,,Des Moines,Iowa,US,50312
Electronic Engineering Co.,eengineering.com,eengineering.com,https://www.linkedin.com/company/electronic-engineering,,,Des Moines,Iowa,US,50309
Human–Robot Integration,hubotik.com,hubotik.com,,,,Des Moines,Iowa,US,50309
Iowa Stage Theatre Company,iowastage.org,iowastage.org,,,,Des Moines,Iowa,US,50309
Mid-State Distributing Co,midstatedistributing.com,midstatedistributing.com,,,,Des Moines,Iowa,US,50321
TH MEDIA,thmediacreates.com,thmediacreates.com,,,,Des Moines,Iowa,US,50311
Technical Solutions Inc,ts-usa.com,ts-usa.com,,,,Des Moines,Iowa,US,50315
The Waldinger Corporation,waldinger.com,waldinger.com,https://www.linkedin.com/company/the-waldinger-corporation,,,Des Moines,Iowa,US,50321
"Triad Productions, Inc.",triadav.com,triadav.com,,,,Des Moines,Iowa,US,50321
"West Audio, LLC",westaudiollc.com,westaudiollc.com,,,,Des Moines,Iowa,US,50310
Wirecore,wirecoretech.com,wirecoretech.com,,,,Des Moines,Iowa,US,50313
A+ Communications & Security,onlineaplus.com,onlineaplus.com,https://www.linkedin.com/company/a-communication-security-home-solutions,,,Grimes,Iowa,US,50111
Commercial Automation Systems,usmapir.org,usmapir.org,,,,Grimes,Iowa,US,50111
Integra Electrical Residential Electrician,integraelectrical.co,integraelectrical.co,,,,Indianola,Iowa,US,50125
AVI audio video integrators,professionalavi.com,professionalavi.com,,,,Iowa City,Iowa,US,52240
AIWM Global Audio Systems & Solutions LLC,aiwmglobal.com,aiwmglobal.com,,,,Johnston,Iowa,US,50131
Iowa Smart Home,iowasmarthome.com,iowasmarthome.com,https://www.linkedin.com/company/partner-communications-cooperative,,,Kellogg,Iowa,US,50135
Electrical Automation LLC,electricalautomationlemars.com,electricalautomationlemars.com,,,,Le Mars,Iowa,US,51031
Midwest Technologies,midwesttechia.com,midwesttechia.com,,,,Madrid,Iowa,US,50156
Triple A Home Services,tripleahomeservices.com,tripleahomeservices.com,,,,Norwalk,Iowa,US,50211
Communication Innovators Inc,gotoci.com,gotoci.com,,,,Pleasant Hill,Iowa,US,50327
"Controlled Access of the Midwest, LLC",controlmidwest.com,controlmidwest.com,,,,Pleasant Hill,Iowa,US,50327
WIREONE Electric - Des Moines,wireoneelectric.com,wireoneelectric.com,,,,Pleasant Hill,Iowa,US,50327
Archive Iowa,archiveiowa.com,archiveiowa.com,,,,Urbandale,Iowa,US,50322
Atech,atechels.com,atechels.com,,,,Urbandale,Iowa,US,50322
Control Systems Software LLC,controlsystemssoftware.com,controlsystemssoftware.com,,,,Urbandale,Iowa,US,50322
Lux Electric,luxdsm.com,luxdsm.com,,,,Urbandale,Iowa,US,50322
Midwest Alarm Services,midwestalarmservices.com,midwestalarmservices.com,https://www.linkedin.com/company/midwest-alarm-services,,,Urbandale,Iowa,US,50322
Power/mation,powermation.com,powermation.com,,,,Urbandale,Iowa,US,50323
Radio Garage Productions!,radiogarage.com,radiogarage.com,,,,Urbandale,Iowa,US,50322
Reference Smart Systems,referenceavs.com,referenceavs.com,https://www.linkedin.com/company/reference-audio-video-security,,,Urbandale,Iowa,US,50322
Team UltraVue Satellite & Security,teamultravue.com,teamultravue.com,https://www.linkedin.com/company/custom-install-solutions-team-ultravue-satellite,,,Urbandale,Iowa,US,50322
Technology By Design,technologybydesign.com,technologybydesign.com,,,,Urbandale,Iowa,US,50323
Red Noise 6,rednoise6.com,rednoise6.com,https://www.linkedin.com/company/red-noise-6,,,Waukee,Iowa,US,50263
Audio Labs,audiolabs.com,audiolabs.com,,,,West Des Moines,Iowa,US,50265
Electronic Office,electronicbiz.com,electronicbiz.com,https://www.linkedin.com/company/electronicoffice,,,West Des Moines,Iowa,US,50265
Embark,embarkit.com,embarkit.com,https://www.linkedin.com/company/embarkit-inc.,,,West Des Moines,Iowa,US,50265
Skylabs Audio,skylabsaudio.com,skylabsaudio.com,,,,West Des Moines,Iowa,US,50265
Smart Vision LLC,true-fresh.com,true-fresh.com,,,,West Des Moines,Iowa,US,50266
AVsuperstore,avsuperstore.com,avsuperstore.com,,,,Boise,Idaho,US,83709
"Aatronics, LLC",aatronics.com,aatronics.com,,,,Boise,Idaho,US,83704
Access Integration Inc,accessintegrationinc.com,accessintegrationinc.com,,,,Boise,Idaho,US,83709
All About Lights Inc,allaboutlightsboise.com,allaboutlightsboise.com,,,,Boise,Idaho,US,83713
All Electronics Boise,allelectronicsboise.biz,allelectronicsboise.biz,,,,Boise,Idaho,US,83703
Alloway Lighting,allowaylighting.com,allowaylighting.com,,,,Boise,Idaho,US,83702
Amplified Production Group,amplifiedpg.com,amplifiedpg.com,,,,Boise,Idaho,US,83716
Aspen Sound,aspensound.com,aspensound.com,,,,Boise,Idaho,US,83704
Better Homes Electric Inc dba Energy Smart Wiring,energysmartwiring.com,energysmartwiring.com,,,,Boise,Idaho,US,83713
Boise Blinds,boiseblinds.com,boiseblinds.com,,,,Boise,Idaho,US,83702
Builders Lighting,builderslightingboise.com,builderslightingboise.com,,,,Boise,Idaho,US,83704
Cadence AV,cadenceav.com,cadenceav.com,,,,Boise,Idaho,US,83704
Clearwater Audio Video,clearwateraudiovideo.com,clearwateraudiovideo.com,,,,Boise,Idaho,US,83704
DRC Software,drcsoftware.com,drcsoftware.com,,,,Boise,Idaho,US,83714
FishDawg Productions,fishdawgproductions.com,fishdawgproductions.com,,,,Boise,Idaho,US,83704
Garrett Integrated Systems,garrettsystems.net,garrettsystems.net,https://www.linkedin.com/company/garrett-integrated-systems,,,Boise,Idaho,US,83713
Idaho Sound,idahosound.com,idahosound.com,,,,Boise,Idaho,US,83705
IronSite,ironsite.com,ironsite.com,,,,Boise,Idaho,US,83709
John Connor Media,johnconnormedia.com,johnconnormedia.com,,,,Boise,Idaho,US,83702
M2 Automation,m2automation.com,m2automation.com,,,,Boise,Idaho,US,83704
MEDIA 7/LAYERED LIGHTING DESIGN,esprosystems.com,esprosystems.com,https://www.linkedin.com/company/media7inc,,,Boise,Idaho,US,83703
Magnum Opus Security,magnumopussecurity.com,magnumopussecurity.com,,,,Boise,Idaho,US,83702
Moment Smart Home LLC,momentsmarthome.com,momentsmarthome.com,,,,Boise,Idaho,US,83706
Orion Integration Group,oi-group.com,oi-group.com,,,,Boise,Idaho,US,83709
"Quality Electric, Inc.",qeidaho.com,qeidaho.com,,,,Boise,Idaho,US,83706
Ridgeline Media Marketing,ridgelinemm.com,ridgelinemm.com,,,,Boise,Idaho,US,83702
Same Day Electric,samedayelectric.net,samedayelectric.net,,,,Boise,Idaho,US,83709
Spire Visuals,spirevisuals.com,spirevisuals.com,,,,Boise,Idaho,US,83704
System Tech,systemtech.us,systemtech.us,,,,Boise,Idaho,US,83709
The Stereo Shoppe,thestereoshoppe.com,thestereoshoppe.com,https://www.linkedin.com/company/the-stereo-shoppe,,,Boise,Idaho,US,83709
VCI Audio Entertainment,vciaudio.com,vciaudio.com,,,,Boise,Idaho,US,83704
Valiant Integrations,valiantintegrations.com,valiantintegrations.com,,,,Boise,Idaho,US,83713
Valiant Productions,valiantprod.com,valiantprod.com,,,,Boise,Idaho,US,83713
Voltz Audio Video,voltzaudiovideo.wix.com,voltzaudiovideo.wix.com,,,,Boise,Idaho,US,83714
Wide Eye Productions,wideeye.tv,wideeye.tv,,,,Boise,Idaho,US,83702
Tech Driven Theater and Automation,techdriven.com,techdriven.com,,,,Eagle,Idaho,US,83616
Confetti Productions/CP Audio,confettiproduction.com,confettiproduction.com,,,,Garden City,Idaho,US,83714
Elite Auto Sound,boiseaudio.com,boiseaudio.com,,,,Garden City,Idaho,US,83714
Intelligent Design - Heating & Cooling,idshvac.com,idshvac.com,,,,Garden City,Idaho,US,83714
Luminaire Smart Homes,boisesmarthomes.com,boisesmarthomes.com,,,,Garden City,Idaho,US,83714
Production Services International (PSI) Boise,psiiusa.com,psiiusa.com,https://www.linkedin.com/company/production-services-international,,,Garden City,Idaho,US,83714
"Rocky Mountain Audio Visual, Inc.",rmav.com,rmav.com,,,,Garden City,Idaho,US,83714
Audio Innovations & TJ's Electric,audioi.org,audioi.org,,,,Hailey,Idaho,US,83333
Integrated Electronic Solutions,iessunvalley.com,iessunvalley.com,,,,Hailey,Idaho,US,83333
Media Controlled Home Cinema Installation,mediacontrolled.com,mediacontrolled.com,,,,Hayden,Idaho,US,83835
TechTen Integrations,techten.com,techten.com,,,,Idaho Falls,Idaho,US,83401
dBTronix,dbtronix.com,dbtronix.com,,,,Idaho Falls,Idaho,US,83402
"Advanced Data & Electric, Inc.",adesv.com,adesv.com,,,,Ketchum,Idaho,US,83340
Argyros Performing Arts Center,theargyros.org,theargyros.org,,,,Ketchum,Idaho,US,83340
Home Media Solutions,homemedia.net,homemedia.net,,,,Ketchum,Idaho,US,83340
Open Room Furniture,openroomfurniture.com,openroomfurniture.com,,,,Ketchum,Idaho,US,83340
Soundwave Inc.,soundwaveinc.com,soundwaveinc.com,,,,Ketchum,Idaho,US,83340
Syncopainted Audio LLC,syncopainted.com,syncopainted.com,,,,Kuna,Idaho,US,83634
Steiner Audio Video,steinerav.com,steinerav.com,,,,Lewiston,Idaho,US,83501
AMPLIFIED Boise – Smart Home & AV Integration,amplifiedboise.com,amplifiedboise.com,,,,Meridian,Idaho,US,83646
Home Hacks,homehackshq.com,homehackshq.com,,,,Meridian,Idaho,US,83642
HomeiQ,smartavpros.com,smartavpros.com,,,,Meridian,Idaho,US,83642
Idaho Lighting Solutions,idaholightingsolutions.com,idaholightingsolutions.com,,,,Meridian,Idaho,US,83642
Infinite Home Technologies,infiniteht.com,infiniteht.com,,,,Meridian,Idaho,US,83642
Innotech Integration Group Home Theater Boise,hometheaterboise.com,hometheaterboise.com,,,,Meridian,Idaho,US,83646
Sight & Sound by design,sightandsoundbydesign.com,sightandsoundbydesign.com,,,,Meridian,Idaho,US,83642
The Audio Doctor,boiseaudiodoctor.com,boiseaudiodoctor.com,,,,Meridian,Idaho,US,83642
Committed Events,committedevents.com,committedevents.com,,,,Nampa,Idaho,US,83651
CDA-AVI,cda-avi.com,cda-avi.com,,,,Post Falls,Idaho,US,83854
"USA Alarm Service, Inc.",usaalarmservice.com,usaalarmservice.com,,,,Post Falls,Idaho,US,83854
Man Cave Innovations,mancaveinnovations.net,mancaveinnovations.net,,,,Rigby,Idaho,US,83442
Audio Plus,audioplusidaho.com,audioplusidaho.com,,,,Sandpoint,Idaho,US,83864
iHome Wiring Solutions,smarthomesboise.com,smarthomesboise.com,,,,Star,Idaho,US,83669
Merlin’s Magic Lantern,merlinsmagiclantern.com,merlinsmagiclantern.com,,,,Sun Valley,Idaho,US,83353
Valoso,valoso.com,valoso.com,,,,Sun Valley,Idaho,US,83353
"Alternative Building Solutions, LLC",alternativebuildingsolutions.com,alternativebuildingsolutions.com,,,,Victor,Idaho,US,83455
COMPLETE SMART HOME SOLUTIONS INC,completesmarthomesolutions.com,completesmarthomesolutions.com,,,,Addison,Illinois,US,60101
Davidson Home Technology,davidsonhometech.com,davidsonhometech.com,,,,Alsip,Illinois,US,60803
Total Automation Concepts Inc,ta-concepts.com,ta-concepts.com,https://www.linkedin.com/company/total-automation-concepts,,,Alsip,Illinois,US,60803
Output Unlimited,outputunlimited.com,outputunlimited.com,,,,Alton,Illinois,US,62002
"Midwest Screens, LLC",midwestscreens.com,midwestscreens.com,https://www.linkedin.com/company/midwestscreens,,,Antioch,Illinois,US,60002
Sync Audio Video,syncaudiovideo.com,syncaudiovideo.com,,,,Antioch,Illinois,US,60002
"EVT Solutions, LLC",evt-solutions.com,evt-solutions.com,,,,Arlington Heights,Illinois,US,60004
Home Time Pro Inc.,hometimepro.com,hometimepro.com,,,,Arlington Heights,Illinois,US,60005
IDS Automations,idsautomations.com,idsautomations.com,,,,Arlington Heights,Illinois,US,60005
Alarm Detection Systems,adsalarm.com,adsalarm.com,https://www.linkedin.com/company/138738,,,Aurora,Illinois,US,60505
Aurora Audio Visual Services,auroraav.com,auroraav.com,,,,Aurora,Illinois,US,60502
Completehome Techonology,completehometechnology.com,completehometechnology.com,,,,Aurora,Illinois,US,60502
Creative Digital Masters,creativedigitalmasters.com,creativedigitalmasters.com,,,,Aurora,Illinois,US,60504
Digital Alliance Productions,digitalalliancemedia.com,digitalalliancemedia.com,,,,Aurora,Illinois,US,60506
MediaEyes,mediaeyes.tv,mediaeyes.tv,,,,Aurora,Illinois,US,60503
Barrington Electric,barringtonelectric.co,barringtonelectric.co,https://www.linkedin.com/company/barringtonelectric,,,Barrington,Illinois,US,60010
Brilliant Home Services,callbrilliant.com,callbrilliant.com,,,,Barrington,Illinois,US,60010
"Four Seasons Heating, Air Conditioning, Plumbing, Sewer & Electric",fourseasonsheatingcooling.com,fourseasonsheatingcooling.com,,,,Barrington,Illinois,US,60010
Justin Smart Homes,justinfranzke.kw.com,justinfranzke.kw.com,,,,Barrington,Illinois,US,60010
Midwest Audio Group,midwestaudiogroup.com,midwestaudiogroup.com,,,,Barrington,Illinois,US,60010
Samuel Home Sound System Company,hometheaterbarrington.com,hometheaterbarrington.com,,,,Barrington,Illinois,US,60010
SmartTek Success,smartteksuccess.com,smartteksuccess.com,,,,Barrington,Illinois,US,60010
Sound Living,soundliving.com,soundliving.com,https://www.linkedin.com/company/sound-living,,,Barrington,Illinois,US,60010
"Swiss Automation, Inc.",swissautomation.com,swissautomation.com,,,,Barrington,Illinois,US,60010
AVCS Chicago - Audio Visual Events & Rentals,avcschicago.com,avcschicago.com,,,,Bensenville,Illinois,US,60106
Home Theatre Designs,hometheatredesigns.net,hometheatredesigns.net,,,,Bloomington,Illinois,US,61704
Home Comfort Systems,homecomfortsystems.com,homecomfortsystems.com,,,,Bolingbrook,Illinois,US,60440
ISmile Technologies,ismiletechnologies.com,ismiletechnologies.com,,,,Bolingbrook,Illinois,US,60490
"Audio Visual Productions, Inc.",avproductions.com,avproductions.com,,,,Bridgeview,Illinois,US,60455
Security Solutions - Smart Home Security,chicagohomesecurityalarm.com,chicagohomesecurityalarm.com,,,,Broadview,Illinois,US,60155
Etronics of Illinois,etronicsonline.net,etronicsonline.net,,,,Buffalo Grove,Illinois,US,60089
Hooked Up Installs,hookedupinstalls.com,hookedupinstalls.com,,,,Buffalo Grove,Illinois,US,60089
ISAVE - AUDIO VIDEO PRODUCTION,isave.io,isave.io,,,,Burr Ridge,Illinois,US,60527
Sound & Vision Technology Solutions,soundandvision.net,soundandvision.net,,,,Burr Ridge,Illinois,US,60527
Novatoo Inc,novatoo.com,novatoo.com,,,,Carol Stream,Illinois,US,60188
AVDG,avdg.com,avdg.com,https://www.linkedin.com/company/avdg-gcpro,,,Chicago,Illinois,US,60622
AVMaxx,avmaxx.com,avmaxx.com,,,,Chicago,Illinois,US,60641
Art's Wired Electronics LLC,telecominstallations.com,telecominstallations.com,,,,Chicago,Illinois,US,60641
Artisan Electronics Group,artisantheaterseating.com,artisantheaterseating.com,https://www.linkedin.com/company/artisan-electronics-group,,,Chicago,Illinois,US,60654
"Audible Sound Productions, inc",audiblesound.com,audiblesound.com,,,,Chicago,Illinois,US,60660
Audio Equipment Rental |Pro Audio & Event Gear Rentals in Chicago | Audioxtrasound,audioxtrasound.com,audioxtrasound.com,,,,Chicago,Illinois,US,60630
Audio Visual Systems Inc,audiovisualsystems.com,audiovisualsystems.com,,,,Chicago,Illinois,US,60632
Automation Gallery,automationgallery.com,automationgallery.com,,,,Chicago,Illinois,US,60611
Chicago TV Installer,chicagotvinstaller.com,chicagotvinstaller.com,,,,Chicago,Illinois,US,60626
Chicago TV Mounting,chicagotvmounting.com,chicagotvmounting.com,,,,Chicago,Illinois,US,60601
Choice Home Protection,choicehomeprotection.com,choicehomeprotection.com,,,,Chicago,Illinois,US,60614
Concert Sound Systems,concertsound.com,concertsound.com,,,,Chicago,Illinois,US,60639
Davis Audio & Video,davisaudio.com,davisaudio.com,,,,Chicago,Illinois,US,60630
Digital Rendition,digitalrend.com,digitalrend.com,,,,Chicago,Illinois,US,60612
Digital Systems & Integration,digitalsystemsav.com,digitalsystemsav.com,https://www.linkedin.com/company/digital-systems-and-integration,,,Chicago,Illinois,US,60647
EMT Home Automation,emt-home.com,emt-home.com,,,,Chicago,Illinois,US,60607
Excel Technology Integration,excelcustom.com,excelcustom.com,,,,Chicago,Illinois,US,60641
"Exclusive Audio & Security, LLC",exclusivegt.com,exclusivegt.com,,,,Chicago,Illinois,US,60630
Home Tech Computer Solutions,thehometechs.com,thehometechs.com,https://www.linkedin.com/company/hometech-computer-soliutions,,,Chicago,Illinois,US,60626
"Hookup Solutions, Inc.",hookupsolutions.com,hookupsolutions.com,,,,Chicago,Illinois,US,60618
LCD Plasma TV Installation Home Theaters Projectors,hdforever.com,hdforever.com,,,,Chicago,Illinois,US,60622
LD Audio,ldaudio.com,ldaudio.com,,,,Chicago,Illinois,US,60616
Low Voltage Communications,lowvoltagetek.com,lowvoltagetek.com,,,,Chicago,Illinois,US,60609
Meeting Tomorrow,meetingtomorrow.com,meetingtomorrow.com,,,,Chicago,Illinois,US,60630
Midnight Audio,midnightaudio.co,midnightaudio.co,,,,Chicago,Illinois,US,60647
Midwest AV,midwestav.com,midwestav.com,,,,Chicago,Illinois,US,60609
Ph.d Electronics Inc.,phdelectronics.com,phdelectronics.com,,,,Chicago,Illinois,US,60623
Pineapple Audio,pineappleaudio.com,pineappleaudio.com,https://www.linkedin.com/company/pineappleaudio,,,Chicago,Illinois,US,60641
Piston Home Automation,pistonhome.com,pistonhome.com,,,,Chicago,Illinois,US,60661
Precision Audio & Video,pavchicago.com,pavchicago.com,,,,Chicago,Illinois,US,60640
Premiere Systems,premieresystems.com,premieresystems.com,https://www.linkedin.com/company/premiere-systems,,,Chicago,Illinois,US,60618
Pro Musica Audio - Chicago's Premiere Audio Specialists since 1983!,promusicaaudio.com,promusicaaudio.com,,,,Chicago,Illinois,US,60614
"Quality Connections Audio & Video Design, LLC",quality-connect.com,quality-connect.com,,,,Chicago,Illinois,US,60618
R&R TV MOUNTING,tvmountingus.com,tvmountingus.com,,,,Chicago,Illinois,US,60640
ReelTime Media Productions,reeltimemediaproductions.com,reeltimemediaproductions.com,,,,Chicago,Illinois,US,60611
Royal Home Entertainment - TV Mounting Chicago,royalhomeentertainment.com,royalhomeentertainment.com,,,,Chicago,Illinois,US,60657
SAGR Low Voltage Wiring,prewiringchicago.com,prewiringchicago.com,,,,Chicago,Illinois,US,60610
SG Security Camera Installation,elitesecuritycameras.com,elitesecuritycameras.com,,,,Chicago,Illinois,US,60654
SMART Home Theater Installation,smarthometheaterchicago.com,smarthometheaterchicago.com,,,,Chicago,Illinois,US,60657
Sam's Home Theater Installation Company,hometheaterchicagocompany.com,hometheaterchicagocompany.com,,,,Chicago,Illinois,US,60610
Sapient Home,sapienthome.co,sapienthome.co,https://www.linkedin.com/company/sapienthome,,,Chicago,Illinois,US,60612
Saturday Audio Exchange,live-saturdayaudio.pantheonsite.io,live-saturdayaudio.pantheonsite.io,,,,Chicago,Illinois,US,60657
Showtime Audio,showtimeaudiochicago.com,showtimeaudiochicago.com,,,,Chicago,Illinois,US,60630
SilverGate Technology,silvergtech.com,silvergtech.com,,,,Chicago,Illinois,US,60613
Sound Investment Chicago,soundinvestmentav.com,soundinvestmentav.com,https://www.linkedin.com/company/sound-investment-a-v,,,Chicago,Illinois,US,60642
Sound Specialists Inc,soundspecialists.com,soundspecialists.com,https://www.linkedin.com/company/sound-specialists,,,Chicago,Illinois,US,60642
Stereo Rehab,stereorehab.com,stereorehab.com,,,,Chicago,Illinois,US,60659
Tech SMART Electronics Solutions,techsmartfla.com,techsmartfla.com,,,,Chicago,Illinois,US,60640
Upinstalls TV Mounting Services,upinstalls.com,upinstalls.com,,,,Chicago,Illinois,US,60612
WatchIT Security Camera Installation,securitycameraschicagoland.com,securitycameraschicagoland.com,,,,Chicago,Illinois,US,60657
"Williams Home Theater Design and Installation-TV Mounting, Audio/Video",williamshtd.wixsite.com,williamshtd.wixsite.com,,,,Chicago,Illinois,US,60630
deciBel Audio Inc,decibelaudio.com,decibelaudio.com,,,,Chicago,Illinois,US,60622
County Line Audio Video,countylineav.com,countylineav.com,,,,Clarendon Hills,Illinois,US,60514
AVSC,avsc.net,avsc.net,,,,Columbia,Illinois,US,62236
TGEP LLC,tgep.net,tgep.net,,,,Crest Hill,Illinois,US,60403
Liaison Technology Group,liaisontechgroup.com,liaisontechgroup.com,https://www.linkedin.com/company/liaison-technology-group,,,Decatur,Illinois,US,62523
AV WORKS,avworks.co,avworks.co,,,,Deerfield,Illinois,US,60015
"Digital Acoustics, LLC",digitalacoustics.com,digitalacoustics.com,,,,Des Plaines,Illinois,US,60018
"Global Service Technicians, Inc.",gstav.com,gstav.com,,,,Des Plaines,Illinois,US,60018
"Goldy Locks, Inc.",goldylocksinc.com,goldylocksinc.com,https://www.linkedin.com/company/goldy-locks-inc,,,Downers Grove,Illinois,US,60515
Audio Video Specialists,audiovideospecialists.net,audiovideospecialists.net,https://www.linkedin.com/company/audio-video-specialists-llc,,,Elgin,Illinois,US,60124
Encompass Connect,encompassconnect.com,encompassconnect.com,https://www.linkedin.com/company/encompassconnect,,,Elk Grove Village,Illinois,US,60007
"Frequency Audio Visual Services, Inc.",frequencyav.com,frequencyav.com,https://www.linkedin.com/company/frequency-audio-chicago,,,Elk Grove Village,Illinois,US,60007
Trifecto Audio Video LLC,trifectoavp.com,trifectoavp.com,,,,Elk Grove Village,Illinois,US,60007
VIP Home Theaters,viphometheaters.com,viphometheaters.com,,,,Elk Grove Village,Illinois,US,60007
Enline Technologies,enlinetech.com,enlinetech.com,https://www.linkedin.com/company/enlinetech,,,Elmhurst,Illinois,US,60126
Innovative AV Systems,iavschicago.com,iavschicago.com,,,,Elmhurst,Illinois,US,60126
Abt,abt.com,abt.com,,,,Glenview,Illinois,US,60025
"Home Systems, Inc.",homesystems4u.com,homesystems4u.com,,,,Glenview,Illinois,US,60026
AV Integration Group,avintegrationgroup.com,avintegrationgroup.com,,,,Highland Park,Illinois,US,60035
ETS Home Theater Installation & Setup,hometheaterhighlandpark.com,hometheaterhighlandpark.com,,,,Highland Park,Illinois,US,60035
Sound-System Home Theater Installation,hometheaterhinsdale.com,hometheaterhinsdale.com,,,,Hinsdale,Illinois,US,60521
Abvolt Automation,abvoltautomation.com,abvoltautomation.com,,,,Lake Bluff,Illinois,US,60044
"Imagine Media, LLC",imaginemediallc.com,imaginemediallc.com,,,,Lake Bluff,Illinois,US,60044
Modern Media Tech,modernmediatech.com,modernmediatech.com,,,,Lake Bluff,Illinois,US,60044
Graves Home Sound System Installation,hometheaterlakeforest.com,hometheaterlakeforest.com,,,,Lake Forest,Illinois,US,60045
WIRED on Bank Lane,wiredonbanklane.com,wiredonbanklane.com,,,,Lake Forest,Illinois,US,60045
Home Sweet Home Theatre,homesweethometheatre.com,homesweethometheatre.com,,,,Lake Villa,Illinois,US,60046
GS Home Theater Installation,hometheaterinstallationlakezurich.com,hometheaterinstallationlakezurich.com,,,,Lake Zurich,Illinois,US,60047
Smart Home Electric,shelectric.us,shelectric.us,,,,Libertyville,Illinois,US,60048
EOC Audio,eocaudio.com,eocaudio.com,,,,Lisle,Illinois,US,60532
EOC Secure | Electronic Options Corporation,eocsecure.com,eocsecure.com,,,,Lisle,Illinois,US,60532
Vidtech Audio Visual,vidtechav.com,vidtechav.com,,,,Lisle,Illinois,US,60532
Barrett's Technology Solutions,barretts.tech,barretts.tech,https://www.linkedin.com/company/221859,,,Lombard,Illinois,US,60148
ShowREADY.,showready.co,showready.co,,,,Maywood,Illinois,US,60153
Summit Digital,summitdigitalservices.com,summitdigitalservices.com,,,,Mokena,Illinois,US,60448
Tech-Sync Solutions,tech-syncsolutions.com,tech-syncsolutions.com,,,,Montgomery,Illinois,US,60538
Home Theatre Concepts,4htc.com,4htc.com,,,,Morton,Illinois,US,61550
Denali Tech - Home Automation & Custom AV Solutions in Chicago,denalitechs.com,denalitechs.com,https://www.linkedin.com/company/denalitechs,,,Mt Prospect,Illinois,US,60056
ECO Automated Designs,ecoautomateddesigns.com,ecoautomateddesigns.com,,,,Mundelein,Illinois,US,60060
A-Plus Electric,apluselectrician.net,apluselectrician.net,,,,Naperville,Illinois,US,60540
AUDIO VIDEO MAX,audiovideomax.com,audiovideomax.com,,,,Naperville,Illinois,US,60564
Aperture Videography LLC,aperturevideography.com,aperturevideography.com,,,,Naperville,Illinois,US,60563
Applied Home Pros,appliedhomepros.com,appliedhomepros.com,,,,Naperville,Illinois,US,60563
Architectural Audio & Video Inc.,aavinc.com,aavinc.com,,,,Naperville,Illinois,US,60563
"Assembly and Repair, Inc",assemblyandrepair.com,assemblyandrepair.com,,,,Naperville,Illinois,US,60540
Automatic Control Services,acs.swschmitz.com,acs.swschmitz.com,,,,Naperville,Illinois,US,60565
Ben Wiersum Sound Technology,bwst.net,bwst.net,,,,Naperville,Illinois,US,60565
Blueram Technology,blueramtech.com,blueramtech.com,,,,Naperville,Illinois,US,60563
CodeAutomation,codeautomation.ai,codeautomation.ai,https://www.linkedin.com/company/codeautomationai,,,Naperville,Illinois,US,60540
Commercial Technology Services,commercialtechnologyservices.com,commercialtechnologyservices.com,,,,Naperville,Illinois,US,60563
DV Productions,dv-productions.com,dv-productions.com,,,,Naperville,Illinois,US,60563
Door Systems | ASSA ABLOY,doorsystems.com,doorsystems.com,,,,Naperville,Illinois,US,60563
Dream Studio Solutions,dreamstudiosolutions.com,dreamstudiosolutions.com,,,,Naperville,Illinois,US,60565
Enorman Security Systems Inc,enormansecurity.com,enormansecurity.com,,,,Naperville,Illinois,US,60563
"First Security Systems, Inc",first-sec.com,first-sec.com,https://www.linkedin.com/company/infiplex,,,Naperville,Illinois,US,60540
Five-Star Audio Visual,five-starav.com,five-starav.com,https://www.linkedin.com/company/five-staraudiovisual,,,Naperville,Illinois,US,60540
Flux Controls,flux-controls.com,flux-controls.com,,,,Naperville,Illinois,US,60563
Grand Appliance and Tv,grandappliance.com,grandappliance.com,,,,Naperville,Illinois,US,60563
Hang It Up TVs,hangituptvs.com,hangituptvs.com,,,,Naperville,Illinois,US,60564
Integrated Technical Solutions (ITS),teamits.com,teamits.com,,,,Naperville,Illinois,US,60563
Invi Solutions,invisolutions.net,invisolutions.net,,,,Naperville,Illinois,US,60563
JD Electrician,jdelectriciannaperville.com,jdelectriciannaperville.com,,,,Naperville,Illinois,US,60565
LLT Group - Chicago Website Design,llt-group.com,llt-group.com,,,,Naperville,Illinois,US,60540
Lumi Minds Inc,lumimindsinc.com,lumimindsinc.com,https://www.linkedin.com/company/lumimindsinc,,,Naperville,Illinois,US,60540
MY GUYS KNOW HOW,myguysknowhow.com,myguysknowhow.com,https://www.linkedin.com/company/my-guys-know-how,,,Naperville,Illinois,US,60564
Meta App Designs,metaappdesigns.com,metaappdesigns.com,,,,Naperville,Illinois,US,60540
Motion Detectors Inc D/B/A Naperville Alarm,napervillealarm.com,napervillealarm.com,,,,Naperville,Illinois,US,60563
Naperville Community Television (NCTV17),nctv17.org,nctv17.org,,,,Naperville,Illinois,US,60540
Oncourse Home Solutions,oncourse.com,oncourse.com,,,,Naperville,Illinois,US,60563
PayGen Accounts Receivable Automation Software,newgennow.com,newgennow.com,,,,Naperville,Illinois,US,60540
Pentegra Systems LLC,pentegrasystems.com,pentegrasystems.com,,,,Naperville,Illinois,US,60563
SRK Systems Inc,srksystems.com,srksystems.com,,,,Naperville,Illinois,US,60563
Securitas Technology Corporate Office,securitastechnology.com,securitastechnology.com,,,,Naperville,Illinois,US,60563
Select Electrical Services,selectelectricalservices.net,selectelectricalservices.net,,,,Naperville,Illinois,US,60565
Smart Deck Solutions Inc,smartdecksol.com,smartdecksol.com,,,,Naperville,Illinois,US,60540
Smart Mortgage Centers,smartmortgagecenters.com,smartmortgagecenters.com,,,,Naperville,Illinois,US,60564
Smith Audio Video,smithav.com,smithav.com,,,,Naperville,Illinois,US,60564
Sonji Johnson Real Estate,sonjijohnson.com,sonjijohnson.com,,,,Naperville,Illinois,US,60563
Sound Incorporated,soundinc.com,soundinc.com,,,,Naperville,Illinois,US,60563
Soundz Plus,soundzplus.com,soundzplus.com,,,,Naperville,Illinois,US,60563
Synergy Systems Inc,synsysinc.com,synsysinc.com,https://www.linkedin.com/company/-synergy-systems-inc,,,Naperville,Illinois,US,60540
Umbrella Security Systems,umbrellasecurity.com,umbrellasecurity.com,,,,Naperville,Illinois,US,60563
VIP Electrical Services Inc.,vip-electric.com,vip-electric.com,,,,Naperville,Illinois,US,60540
ViDazzle Video Productions,vidazzle.com,vidazzle.com,,,,Naperville,Illinois,US,60563
Your Naperville Electrician,yournapervilleelectrician.com,yournapervilleelectrician.com,,,,Naperville,Illinois,US,60540
Low Voltex Home Theater Installation & Home Automation,lowvoltex.com,lowvoltex.com,,,,Niles,Illinois,US,60714
"Avidia Inc. - Home Theater Design, Wi-Fi Installation, Control4 Dealer, Savant Dealer, Crestron Dealer, Lutron Shades",avidiaonline.com,avidiaonline.com,,,,Northbrook,Illinois,US,60062
Dijis Technology Solutions,dijis.com,dijis.com,,,,Northbrook,Illinois,US,60062
Dynaudio,dynaudio.com,dynaudio.com,,,,Northbrook,Illinois,US,60062
SPL,splchicago.com,splchicago.com,,,,Northbrook,Illinois,US,60062
U-Smart Home System Theater Installation,usmarthometheater.com,usmarthometheater.com,,,,Northbrook,Illinois,US,60062
Video & Sound Service Inc,videosoundinc.com,videosoundinc.com,https://www.linkedin.com/company/video-and-sound-service,,,Northlake,Illinois,US,60164
E-Style Home Systems,estylehomesystems.com,estylehomesystems.com,,,,Oak Brook,Illinois,US,60523
Digital Living,digliving.com,digliving.com,,,,Oak Park,Illinois,US,60302
Voltra Home Sound System Installation,voltrasoundsystem.com,voltrasoundsystem.com,,,,Oak Park,Illinois,US,60301
Luxury AV Professionals,luxuryavpros.com,luxuryavpros.com,https://www.linkedin.com/company/luxury-av-professionals-inc,,,Oakbrook Terrace,Illinois,US,60181
AI Home Solutions,aihomesolutions.com,aihomesolutions.com,,,,Oswego,Illinois,US,60543
Bright AAM,brightaam.com,brightaam.com,,,,Palatine,Illinois,US,60074
Digital Home Technologies,adigitalhome.com,adigitalhome.com,,,,Palatine,Illinois,US,60067
Hunter Home Automation,hunterhomeautomation.com,hunterhomeautomation.com,,,,Palatine,Illinois,US,60074
LuxeHome Theater,luxehometheater.com,luxehometheater.com,,,,Plainfield,Illinois,US,60585
Media House Audio and Video Solution,mediahouseavsolution.com,mediahouseavsolution.com,,,,Plainfield,Illinois,US,60585
Remote Audio/Video/Lighting,remote-av.com,remote-av.com,,,,Plainfield,Illinois,US,60585
Sound Design Inc.,sounddesigninc.com,sounddesigninc.com,https://www.linkedin.com/company/soundesign-inc,,,Plainfield,Illinois,US,60585
TechPoint1 Inc,techpoint1.com,techpoint1.com,,,,Plainfield,Illinois,US,60585
Illinois Audio Productions,ilaudio.com,ilaudio.com,,,,Plano,Illinois,US,60545
Ultra Smart Home,ultrasmarthome.com,ultrasmarthome.com,https://www.linkedin.com/company/ultra-smarthome-inc.,,,Prospect Heights,Illinois,US,60070
"Custom Residential Systems, Inc",customresidential.com,customresidential.com,https://www.linkedin.com/company/custom-residential-systems-inc-,,,Rolling Meadows,Illinois,US,60008
Qorvantis,qorvantis.com,qorvantis.com,https://www.linkedin.com/company/qorvantis,,,Rosemont,Illinois,US,60018
Chicago AV Rentals,achicagoavrentals.com,achicagoavrentals.com,,,,Schaumburg,Illinois,US,60193
Audio Visual One LLC,audiovisualone.com,audiovisualone.com,,,,Schiller Park,Illinois,US,60176
Mills Technologies,mills-technologies.com,mills-technologies.com,https://www.linkedin.com/company/millstechnologies,,,Skokie,Illinois,US,60076
Mediatech Intelligent Home Systems,mediatechliving.com,mediatechliving.com,,,,St. Charles,Illinois,US,60174
Barcom Security,barcomsecurity.com,barcomsecurity.com,,,,Swansea,Illinois,US,62226
That 1 Audio Guy,that1audioguy.com,that1audioguy.com,,,,Villa Park,Illinois,US,60181
"Applied Controls, LLC",acichicago.com,acichicago.com,,,,Warrenville,Illinois,US,60555
Integrity Home Watch,integrityhomewatchil.com,integrityhomewatchil.com,,,,Warrenville,Illinois,US,60555
Chicago Audio & Video Design,chicagoav.net,chicagoav.net,,,,Wauconda,Illinois,US,60084
Great Lakes Audio & Video Inc,greatlakesaudiovideo.com,greatlakesaudiovideo.com,,,,Wheeling,Illinois,US,60090
Chicago Sound Audio and Video,chicagosoundaudioandvideo.com,chicagosoundaudioandvideo.com,,,,Willowbrook,Illinois,US,60527
"Wave Home Technologies, Inc.",waveht.com,waveht.com,,,,Winfield,Illinois,US,60190
LV Home Theater Installation,hometheaterwinnetka.com,hometheaterwinnetka.com,,,,Winnetka,Illinois,US,60093
Corsiga Audio-Visual Service,corsigaav.com,corsigaav.com,https://www.linkedin.com/company/corsiga-audio-visual-service,,,Woodridge,Illinois,US,60517
Holm Audio,holmaudio.com,holmaudio.com,,,,Woodridge,Illinois,US,60517
Abbott's Audio Visual Design Install,avdiusa.com,avdiusa.com,,,,Auburn,Indiana,US,46706
Intense Fire & Burglar Alarms,intensealarms.com,intensealarms.com,https://www.linkedin.com/company/intensealarms,,,Brownsburg,Indiana,US,46112
Castlewall Security & Video,castlewallsecurity.com,castlewallsecurity.com,,,,Carmel,Indiana,US,46032
Conzer Security Inc.,conzer.com,conzer.com,,,,Carmel,Indiana,US,46032
Ovation Audio Video,ovationav.com,ovationav.com,https://www.linkedin.com/company/477613,,,Carmel,Indiana,US,46032
Robison Digital Solutions,rdsindy.com,rdsindy.com,,,,Carmel,Indiana,US,46033
"Smart Life, llc",smartlifellc.com,smartlifellc.com,,,,Carmel,Indiana,US,46032
The Premier Group - Luxury Electronic Lifestyles,premier-group.com,premier-group.com,https://www.linkedin.com/company/the-premier-group_2,,,Carmel,Indiana,US,46032
Maxim Automation Inc.,maximautomation.com,maximautomation.com,,,,Danville,Indiana,US,46122
DTW Smart Homes & Networking,dtwsmarthomes.com,dtwsmarthomes.com,https://www.linkedin.com/company/wix-com,,,De Motte,Indiana,US,46310
Innovative Concepts Audio,icav.us,icav.us,,,,Decatur,Indiana,US,46733
Digital Sight & Sound,dssindy.com,dssindy.com,,,,Fishers,Indiana,US,46038
Matrix Custom AV & Automation,matrixcustomav.com,matrixcustomav.com,,,,Fishers,Indiana,US,46037
Seven Points Technology Integrators,sevenpointstg.com,sevenpointstg.com,,,,Fishers,Indiana,US,46038
Ultimate Technologies Group,ultimatetechnologiesgroup.com,ultimatetechnologiesgroup.com,,,,Fishers,Indiana,US,46038
A.D. Does It All LLC,ad-doesitall.com,ad-doesitall.com,,,,Fort Wayne,Indiana,US,46808
ABC Warehouse,abcwarehouse.com,abcwarehouse.com,https://www.linkedin.com/company/abc-warehouse,,,Fort Wayne,Indiana,US,46805
AVI Event Services LLC,teamavi.com,teamavi.com,,,,Fort Wayne,Indiana,US,46808
Accent Consulting,accentconsulting.com,accentconsulting.com,https://www.linkedin.com/company/accent-consulting-services,,,Fort Wayne,Indiana,US,46845
AdapTek Systems,adapteksystems.com,adapteksystems.com,,,,Fort Wayne,Indiana,US,46818
Advanced Media Integration LLC,amifw.com,amifw.com,,,,Fort Wayne,Indiana,US,46803
Advanced Systems Group,advsysgrp.com,advsysgrp.com,,,,Fort Wayne,Indiana,US,46825
All-Phase Electric Supply,allphaseftwayne.portalced.com,allphaseftwayne.portalced.com,,,,Fort Wayne,Indiana,US,46825
Alpha IT Solutions,alphaitfw.com,alphaitfw.com,,,,Fort Wayne,Indiana,US,46825
Applied Technology Group,atgfw.com,atgfw.com,https://www.linkedin.com/company/3064845,,,Fort Wayne,Indiana,US,46818
Arena Theatre Inc,arenadinnertheatre.org,arenadinnertheatre.org,,,,Fort Wayne,Indiana,US,46802
Atom Integration,atomintegration.com,atomintegration.com,,,,Fort Wayne,Indiana,US,46804
Audio Video Lifestyles,avlifestyles.com,avlifestyles.com,https://www.linkedin.com/company/3596395,,,Fort Wayne,Indiana,US,46804
Avid IT Solutions LLC,aviditsolutions.com,aviditsolutions.com,,,,Fort Wayne,Indiana,US,46805
Building Temperature Solutions,buildingtemperaturesolutions.com,buildingtemperaturesolutions.com,,,,Fort Wayne,Indiana,US,46809
CIM Audio Visual,cimav.com,cimav.com,,,,Fort Wayne,Indiana,US,46804
Cinema Center,cinemacenter.org,cinemacenter.org,,,,Fort Wayne,Indiana,US,46802
Classic Stereo,classicstereo.tv,classicstereo.tv,,,,Fort Wayne,Indiana,US,46805
Complete Controls Inc.,completecontrolsinc.com,completecontrolsinc.com,,,,Fort Wayne,Indiana,US,46818
Connolly's Do it Best Hardware & Rental,doitbest.com,doitbest.com,,,,Fort Wayne,Indiana,US,46814
"Cregger Company, Inc.",creggercompany.com,creggercompany.com,https://www.linkedin.com/company/cregger-company-inc.,,,Fort Wayne,Indiana,US,46825
DWD Technology Group,dwdtechgroup.com,dwdtechgroup.com,,,,Fort Wayne,Indiana,US,46825
Digital Mind Studio NO WALK INS,digitalmindaudiomast.wixsite.com,digitalmindaudiomast.wixsite.com,,,,Fort Wayne,Indiana,US,46806
Doctor Audio,doctoraudio.com,doctoraudio.com,,,,Fort Wayne,Indiana,US,46806
Electric Works,fortwayneelectricworks.com,fortwayneelectricworks.com,https://www.linkedin.com/company/fort-wayne-electric-works,,,Fort Wayne,Indiana,US,46802
Elite Home Assembly,elitehomeassembly.com,elitehomeassembly.com,,,,Fort Wayne,Indiana,US,46845
Embassy Theatre,fwembassytheatre.org,fwembassytheatre.org,,,,Fort Wayne,Indiana,US,46802
FDC Event Technology,fdcav.com,fdcav.com,https://www.linkedin.com/company/fdcav,,,Fort Wayne,Indiana,US,46808
Fort Wayne Civic Theatre,fwcivic.org,fwcivic.org,,,,Fort Wayne,Indiana,US,46802
Fort Wayne Game Show,fortwaynegameshow.com,fortwaynegameshow.com,,,,Fort Wayne,Indiana,US,46802
Forward Creative,forwardcreative.tv,forwardcreative.tv,,,,Fort Wayne,Indiana,US,46805
"Freedom Technologies Group, LLC",ftgimaging.com,ftgimaging.com,,,,Fort Wayne,Indiana,US,46818
GT Automation Group,gtautomation.com,gtautomation.com,,,,Fort Wayne,Indiana,US,46809
Hi-Tech Electric Company,hi-techelectric.net,hi-techelectric.net,,,,Fort Wayne,Indiana,US,46808
High Speed Fiber 5G,frontier.com,frontier.com,,,,Fort Wayne,Indiana,US,46825
Home Electric,homeelectric.online,homeelectric.online,,,,Fort Wayne,Indiana,US,46803
Home Reserve,homereserve.com,homereserve.com,,,,Fort Wayne,Indiana,US,46808
Hopscotch House,hopscotchhousefw.com,hopscotchhousefw.com,,,,Fort Wayne,Indiana,US,46802
Innovative Control Systems Llc,innovativecontrolsys.com,innovativecontrolsys.com,,,,Fort Wayne,Indiana,US,46825
JJ Smith Audio,jjsmithaudio.com,jjsmithaudio.com,,,,Fort Wayne,Indiana,US,46815
L-A Electric & Premier Communications,l-aelectric.com,l-aelectric.com,,,,Fort Wayne,Indiana,US,46825
Miracle Contracting Inc.,miraclecontracting.net,miraclecontracting.net,,,,Fort Wayne,Indiana,US,46805
Professional Systems Installations,psiofficedesign.com,psiofficedesign.com,,,,Fort Wayne,Indiana,US,46809
Q-SYS,qsc.com,qsc.com,,,,Fort Wayne,Indiana,US,46802
Redfli Electronics,redfli.com,redfli.com,,,,Fort Wayne,Indiana,US,46815
Regal Coldwater Crossing,regmovies.com,regmovies.com,,,,Fort Wayne,Indiana,US,46825
Remodel Fort Wayne,remodelfortwayne.com,remodelfortwayne.com,,,,Fort Wayne,Indiana,US,46802
Secure24 Alarm Systems,securehomefortwayne.com,securehomefortwayne.com,,,,Fort Wayne,Indiana,US,46815
September Audio,septaudio.com,septaudio.com,,,,Fort Wayne,Indiana,US,46807
Shaffer Multimedia,shaffermultimedia.com,shaffermultimedia.com,,,,Fort Wayne,Indiana,US,46835
"Shambaugh & Son, L.P.",shambaugh.com,shambaugh.com,,,,Fort Wayne,Indiana,US,46825
Simplx Security LLC,simplxsecurity.com,simplxsecurity.com,,,,Fort Wayne,Indiana,US,46825
Smart Building & Design,smartbld.com,smartbld.com,,,,Fort Wayne,Indiana,US,46802
Sonitrol of Fort Wayne IN,sonitrol.com,sonitrol.com,,,,Fort Wayne,Indiana,US,46805
Speaker World Inc,speaker-world.net,speaker-world.net,,,,Fort Wayne,Indiana,US,46807
Sweet Dreams Music,sweetdreamsmusic.com,sweetdreamsmusic.com,,,,Fort Wayne,Indiana,US,46805
Sweet Dreams Solutions,sweetdreams.us,sweetdreams.us,,,,Fort Wayne,Indiana,US,46805
Sweetwater,sweetwater.com,sweetwater.com,,,,Fort Wayne,Indiana,US,46818
Sweetwater Integration,sweetwaterintegration.com,sweetwaterintegration.com,,,,Fort Wayne,Indiana,US,46802
TN Solutions LLC,tn-solutions.net,tn-solutions.net,,,,Fort Wayne,Indiana,US,46818
Tec-Hackett Inc,tec-hackett.com,tec-hackett.com,,,,Fort Wayne,Indiana,US,46808
"TechSolutions, Corporation",tsolcorp.com,tsolcorp.com,,,,Fort Wayne,Indiana,US,46804
The Speaker Workshop,recone.com,recone.com,,,,Fort Wayne,Indiana,US,46808
Total Control Systems,tcsmeters.com,tcsmeters.com,,,,Fort Wayne,Indiana,US,46808
True Glow Lighting,trueglowlighting.com,trueglowlighting.com,,,,Fort Wayne,Indiana,US,46825
Upper Valley Film Co.,up-vl.com,up-vl.com,https://www.linkedin.com/company/upper-valley-film-co,,,Fort Wayne,Indiana,US,46802
WANE 15,wane.com,wane.com,,,,Fort Wayne,Indiana,US,46808
WELCOME BACK RECORDS,welcomebackrecords.com,welcomebackrecords.com,,,,Fort Wayne,Indiana,US,46802
Williams Electronics - Security & Communication,williamselectronics.com,williamselectronics.com,,,,Fort Wayne,Indiana,US,46808
Safe and Sound Inc. (formerly Audio Video Integrations),a-v-pros.com,a-v-pros.com,,,,Frankfort,Indiana,US,46041
Force Tech,force.tech,force.tech,,,,Greenfield,Indiana,US,46140
Catalist Technology & Security,catalisttechnology.com,catalisttechnology.com,,,,Greenwood,Indiana,US,46143
Galaxy Home Theater,galaxyhometheater.com,galaxyhometheater.com,,,,Greenwood,Indiana,US,46142
Mia's Home Security & Automation,miassecurity.com,miassecurity.com,,,,Greenwood,Indiana,US,46142
Chicagoland Home Theatre Inc,chicagolandht.com,chicagolandht.com,https://www.linkedin.com/company/chicagolandht,,,Hammond,Indiana,US,46324
A-V-A Productions,avavideoproductions.com,avavideoproductions.com,,,,Indianapolis,Indiana,US,46220
AV Designers and Technology,avdesigners.com,avdesigners.com,,,,Indianapolis,Indiana,US,46226
Allied Automation Inc,allied-automation.com,allied-automation.com,https://www.linkedin.com/company/2304804,,,Indianapolis,Indiana,US,46220
American Sound,americansound.cc,americansound.cc,,,,Indianapolis,Indiana,US,46278
Audio Electronics,audioelectronicsindy.com,audioelectronicsindy.com,,,,Indianapolis,Indiana,US,46220
Audio Solutions,theaudiosolutions.com,theaudiosolutions.com,,,,Indianapolis,Indiana,US,46220
Audio Vision,audiovisionindy.com,audiovisionindy.com,,,,Indianapolis,Indiana,US,46219
CAM Security Surveillance LLC,camsecuritysurveillance.com,camsecuritysurveillance.com,,,,Indianapolis,Indiana,US,46239
Cinos Inc,cinos.net,cinos.net,,,,Indianapolis,Indiana,US,46204
Circle City Security Systems Inc.,circlecityalarm.com,circlecityalarm.com,,,,Indianapolis,Indiana,US,46220
Design 27,design27.com,design27.com,https://www.linkedin.com/company/2569957,,,Indianapolis,Indiana,US,46205
Digital Home Design,digitalhomeindy.com,digitalhomeindy.com,,,,Indianapolis,Indiana,US,46240
EDGE Media Studios,edgemedia.studio,edgemedia.studio,,,,Indianapolis,Indiana,US,46202
EVANS AUDIO-VISUAL,evansav.com,evansav.com,,,,Indianapolis,Indiana,US,46203
"Fairchild Communication Systems, Inc.",fairchildcommunications.com,fairchildcommunications.com,https://www.linkedin.com/company/fairchild-communication-systems,,,Indianapolis,Indiana,US,46226
Finch Automation Inc,finchautomation.com,finchautomation.com,,,,Indianapolis,Indiana,US,46268
Hoosier Security,hoosiersecurity.com,hoosiersecurity.com,,,,Indianapolis,Indiana,US,46256
ISE Controls,isecontrols.com,isecontrols.com,,,,Indianapolis,Indiana,US,46220
Indiana Alarm,in-alarm.com,in-alarm.com,,,,Indianapolis,Indiana,US,46268
"Indy Audio Labs, LLC",indyaudiolabs.com,indyaudiolabs.com,,,,Indianapolis,Indiana,US,46268
Indy Smart House,indysmarthouse.com,indysmarthouse.com,,,,Indianapolis,Indiana,US,46202
Lee Infinite Solutions | Structured Cabling Indianapolis,leecomp.net,leecomp.net,,,,Indianapolis,Indiana,US,46235
Light Source of Indiana Inc,lightsourceindiana.com,lightsourceindiana.com,,,,Indianapolis,Indiana,US,46256
"MIS Solutions, LLC",mis.tech,mis.tech,https://www.linkedin.com/company/mis-solutions-llc-ohio-,,,Indianapolis,Indiana,US,46227
Mechanical Electrical Systems Inc.,variablefrequencydrive.com,variablefrequencydrive.com,,,,Indianapolis,Indiana,US,46256
Nelson Alarm Indianapolis,nelsonalarm.com,nelsonalarm.com,,,,Indianapolis,Indiana,US,46220
Noble Home Professionals,thenoblehomepros.com,thenoblehomepros.com,,,,Indianapolis,Indiana,US,46228
Onit home security solutions,onithomeservice.com,onithomeservice.com,,,,Indianapolis,Indiana,US,46204
"Outbound Technologies Indiana, Inc.",outboundtech.com,outboundtech.com,https://www.linkedin.com/company/actemiumusa,,,Indianapolis,Indiana,US,46278
Premium Audio Co.,pacaudio.cn,pacaudio.cn,,,,Indianapolis,Indiana,US,46268
Pro Security And Automation,prosecurityandautomation.com,prosecurityandautomation.com,,,,Indianapolis,Indiana,US,46250
ProTECHt Home Security,protechthome.com,protechthome.com,,,,Indianapolis,Indiana,US,46256
Security Automation Systems,securityautomationsystems.com,securityautomationsystems.com,https://www.linkedin.com/company/security-automation-systems-inc,,,Indianapolis,Indiana,US,46256
Security Force,securityforcenow.com,securityforcenow.com,https://www.linkedin.com/company/securityforce,,,Indianapolis,Indiana,US,46239
Selective Systems Inc.,selectivesystemsinc.net,selectivesystemsinc.net,,,,Indianapolis,Indiana,US,46227
Shoemaker Motion Picture Co,shoemakerav.com,shoemakerav.com,,,,Indianapolis,Indiana,US,46278
Smart Home Solutions by Airtron,smarthomesolutions.airtron.com,smarthomesolutions.airtron.com,,,,Indianapolis,Indiana,US,46239
THG Automation,thgautomation.com,thgautomation.com,,,,Indianapolis,Indiana,US,46205
Technology Interiors,technologyinteriors.com,technologyinteriors.com,https://www.linkedin.com/company/technology-interiors,,,Indianapolis,Indiana,US,46250
Tri Tech Automation,tritechamerica.com,tritechamerica.com,https://www.linkedin.com/company/tri-tech-automation,,,Indianapolis,Indiana,US,46268
Turnkey Instrument Solutions,turnkeyinstrumentsolutions.com,turnkeyinstrumentsolutions.com,https://www.linkedin.com/company/allied-instrumentation-1,,,Indianapolis,Indiana,US,46202
United Sound and Vision LLC.,unitedsoundvision.com,unitedsoundvision.com,,,,Indianapolis,Indiana,US,46218
Vanguard Media and Entertainment,vanguardmedia.tv,vanguardmedia.tv,,,,Indianapolis,Indiana,US,46278
Zaahi Studios : Video Production Company,zaahistudios.com,zaahistudios.com,,,,Indianapolis,Indiana,US,46218
Acoustical Audio Designs,acousticalaudio.com,acousticalaudio.com,,,,Jeff,Indiana,US,47130
Hawkeye Security and Electronics,hawkeyesecurity.us,hawkeyesecurity.us,,,,Jeff,Indiana,US,47130
SystemMax AVL,systemmaxavl.com,systemmaxavl.com,,,,Jeff,Indiana,US,47130
CSD Group LLC,csdus.com,csdus.com,,,,New Haven,Indiana,US,46774
ClearVision AV,clearvision-av.com,clearvision-av.com,https://www.linkedin.com/company/clearvision-av,,,Noblesville,Indiana,US,46060
Noble Audio & Video,noble-av.com,noble-av.com,,,,Noblesville,Indiana,US,46062
Smart Home Support LLC,smarthomesupportllc.com,smarthomesupportllc.com,,,,Pittsboro,Indiana,US,46167
NexGen Digital Solutions,nexgendigital.solutions,nexgendigital.solutions,,,,Plymouth,Indiana,US,46563
ECHO Technologies,echotechnologiesav.com,echotechnologiesav.com,,,,Spencerville,Indiana,US,46788
Lifestyle Integrations Inc,lifestyleintegrations.com,lifestyleintegrations.com,,,,Westfield,Indiana,US,46074
Millennium Sounds,millenniumsounds.com,millenniumsounds.com,https://www.linkedin.com/company/millennium-sounds-inc,,,Westfield,Indiana,US,46074
One-Touch Automation,one-touchautomation.com,one-touchautomation.com,,,,Westfield,Indiana,US,46074
SYNC Technology Integration,syncti.com,syncti.com,,,,Westfield,Indiana,US,46074
Indiana Audio Video,indianaaudiovideo.com,indianaaudiovideo.com,,,,Zionsville,Indiana,US,46077
Intelligent Living Solutions,intelligentlivingindy.com,intelligentlivingindy.com,https://www.linkedin.com/company/64634801,,,Zionsville,Indiana,US,46077
TRIPhase Technologies,triphase-tech.com,triphase-tech.com,https://www.linkedin.com/company/1550193,,,Zionsville,Indiana,US,46077
Sound Advice Home Theater Company,soundadvicehtc.com,soundadvicehtc.com,,,,Buhler,Kansas,US,67522
5by5,5by5ks.com,5by5ks.com,,,,Derby,Kansas,US,67037
Lights On Kansas City Inc,lightson.com,lightson.com,,,,Kansas City,Kansas,US,66106
Network Solutions,networksolutionsks.com,networksolutionsks.com,,,,Kansas City,Kansas,US,66103
TW Automation,tw-automation.com,tw-automation.com,https://www.linkedin.com/company/tw-automation,,,Kansas City,Kansas,US,66106
Will Will Do It | TV Mounting & Home Installation Kansas City,willwilldoit.com,willwilldoit.com,,,,Kansas City,Kansas,US,66106
AVDOXA AVL Design Experience Group,avdoxa.com,avdoxa.com,https://www.linkedin.com/company/avdoxa,,,Lenexa,Kansas,US,66214
Atronic Alarms,atronicalarms.com,atronicalarms.com,https://www.linkedin.com/company/atronic-alarms-inc.,,,Lenexa,Kansas,US,66214
Fits Security and Technology Solutions,fitssecurity.com,fitssecurity.com,https://www.linkedin.com/company/fits-security-gate,,,Lenexa,Kansas,US,66219
Mission Electronics Inc,missionelectronics.com,missionelectronics.com,,,,Lenexa,Kansas,US,66214
Modern Power & Control,modernpac.com,modernpac.com,,,,Lenexa,Kansas,US,66215
Professional Video Supply Inc,professionalvideosupply.com,professionalvideosupply.com,,,,Lenexa,Kansas,US,66215
Smart Pro Technologies,smartprokc.com,smartprokc.com,,,,Lenexa,Kansas,US,66219
Smart Squad Security,mysmartsquad.com,mysmartsquad.com,,,,Lenexa,Kansas,US,66215
Teague Security,teaguesecurity.com,teaguesecurity.com,,,,Lenexa,Kansas,US,66215
Teague iCtrl,teagueictrl.com,teagueictrl.com,https://www.linkedin.com/company/teagueictrl,,,Lenexa,Kansas,US,66215
Audio Rent KC,audiorentkc.com,audiorentkc.com,,,,Mission,Kansas,US,66202
"MVP Air Conditioning, Heating, Plumbing & Electric",themvpkc.com,themvpkc.com,,,,Mission,Kansas,US,66202
Ascend Audio Video,ascendav.net,ascendav.net,,,,Olathe,Kansas,US,66062
"DSS, INC",dsskc.com,dsskc.com,,,,Olathe,Kansas,US,66061
Easy Audio Rental & Video Walls,easyaudiorental.com,easyaudiorental.com,,,,Olathe,Kansas,US,66062
Longwire,longwirekc.com,longwirekc.com,,,,Olathe,Kansas,US,66061
ProVolume Inc.,provolumeinc.com,provolumeinc.com,,,,Olathe,Kansas,US,66061
Elevated Electronics,elevatedelectronics.com,elevatedelectronics.com,,,,Overland Park,Kansas,US,66212
Elite Automation,eliteautomate.com,eliteautomate.com,https://www.linkedin.com/company/eliteautomate,,,Overland Park,Kansas,US,66212
IntegrateIT LLC,integrateit.tech,integrateit.tech,https://www.linkedin.com/company/integrateit1,,,Overland Park,Kansas,US,66223
Kinkade,kinkadehome.com,kinkadehome.com,https://www.linkedin.com/company/kinkadehometheater,,,Overland Park,Kansas,US,66214
Naturally Wired,naturallywiredkc.com,naturallywiredkc.com,https://www.linkedin.com/company/naturallywired,,,Overland Park,Kansas,US,66085
"Real Media & Video Production Company, Kansas City",realmediakc.com,realmediakc.com,https://www.linkedin.com/company/real-media-llc,,,Overland Park,Kansas,US,66214
Shield Security Systems,shieldkansascity.com,shieldkansascity.com,,,,Overland Park,Kansas,US,66212
Simplicity KC,simplicitykc.com,simplicitykc.com,,,,Overland Park,Kansas,US,66213
Wilson Lighting - Overland Park,wilsonlighting.com,wilsonlighting.com,,,,Overland Park,Kansas,US,66212
Homedia Solutions,homediasolutions.com,homediasolutions.com,https://www.linkedin.com/company/homedia-solutions,,,Shawnee,Kansas,US,66218
MAVi,mavi-systems.com,mavi-systems.com,,,,Shawnee,Kansas,US,66227
Applause Custom Sight & Sound,applausetheater.com,applausetheater.com,https://www.linkedin.com/company/applause-custom-sight-&-sound,,,Stilwell,Kansas,US,66085
316 CUSTOMS,316customs.com,316customs.com,,,,Wichita,Kansas,US,67212
Accent Lighting Inc.,accentlightinginc.com,accentlightinginc.com,,,,Wichita,Kansas,US,67206
Adams Brown Technology Specialists,adamsbrowntech.com,adamsbrowntech.com,https://www.linkedin.com/company/adams-brown-technology-specialists,,,Wichita,Kansas,US,67209
Advanced Tech Services,smartboxpros.com,smartboxpros.com,,,,Wichita,Kansas,US,67206
Audio Video Innovations,aviks.com,aviks.com,,,,Wichita,Kansas,US,67205
"Automation-Plus, Inc.",automationplus.net,automationplus.net,,,,Wichita,Kansas,US,67213
Custom Integration Specialists,cis316.com,cis316.com,,,,Wichita,Kansas,US,67203
ECC,eccoinc.com,eccoinc.com,https://www.linkedin.com/company/ecc-integrator,,,Wichita,Kansas,US,67207
Edison Lighting Supply & Distribution LLC,edisonlightingsupply.com,edisonlightingsupply.com,,,,Wichita,Kansas,US,67213
Elec-Tron,northparkgroup.com,northparkgroup.com,,,,Wichita,Kansas,US,67216
Enegren Security,enegrensecurity.com,enegrensecurity.com,,,,Wichita,Kansas,US,67215
FE MORAN SECURITY SOLUTIONS,femoransecurity.com,femoransecurity.com,,,,Wichita,Kansas,US,67226
Famhost,famhost.com,famhost.com,,,,Wichita,Kansas,US,67202
Graf Electric,grafelectric.com,grafelectric.com,,,,Wichita,Kansas,US,67210
Hephner TV & Electronics Inc,hephnertv.com,hephnertv.com,,,,Wichita,Kansas,US,67211
Home Accessibility Solutions,homeaccessibilitysolutions.com,homeaccessibilitysolutions.com,,,,Wichita,Kansas,US,67203
ICT Home Pros,icthomepros.com,icthomepros.com,,,,Wichita,Kansas,US,67213
Integra Technologies,integra-tech.com,integra-tech.com,https://www.linkedin.com/company/integratechinc,,,Wichita,Kansas,US,67226
Integrated Solutions Inc,ehssolutions.com,ehssolutions.com,,,,Wichita,Kansas,US,67211
Integris,integrisit.com,integrisit.com,,,,Wichita,Kansas,US,67202
Kansas Lighting - (East),kansaslighting.com,kansaslighting.com,,,,Wichita,Kansas,US,67208
Locke Supply Co - #130 - Plumbing Supply,lockesupply.com,lockesupply.com,https://www.linkedin.com/company/locke-supply-co,,,Wichita,Kansas,US,67213
"Maximum Multimedia, LLC",mmwichita.com,mmwichita.com,,,,Wichita,Kansas,US,67230
McClelland Inc,macsound.com,macsound.com,https://www.linkedin.com/company/mcclelland-sound-inc.,,,Wichita,Kansas,US,67214
Midwest Intense Audio,midwestintenseaudio.com,midwestintenseaudio.com,,,,Wichita,Kansas,US,67213
Relevant Audio + Visual,relevantaudiovisual.com,relevantaudiovisual.com,https://www.linkedin.com/company/relevant-audio-visual,,,Wichita,Kansas,US,67212
Senior Protection USA | formerly HTS,seniorprotection.us,seniorprotection.us,https://www.linkedin.com/company/senior-protection,,,Wichita,Kansas,US,67209
Sharp Homes,sharphomesks.com,sharphomesks.com,,,,Wichita,Kansas,US,67205
Smart Security Inc,ssi-security.com,ssi-security.com,,,,Wichita,Kansas,US,67205
Smart Start Ignition Interlock,smartstartinc.com,smartstartinc.com,https://www.linkedin.com/company/smart-start-inc-,,,Wichita,Kansas,US,67203
"Stanion Wholesale Electric Co., Inc.",stanion.com,stanion.com,,,,Wichita,Kansas,US,67209
TEC Systems Group,tecsystemsgroup.com,tecsystemsgroup.com,https://www.linkedin.com/company/tec-systems-group,,,Wichita,Kansas,US,67202
Wescon Controls,wesconproducts.com,wesconproducts.com,https://www.linkedin.com/company/wescon-controls,,,Wichita,Kansas,US,67217
Wichita Home Works LLC,wichitahomeworks.com,wichitahomeworks.com,https://www.linkedin.com/company/wichitahomeworks,,,Wichita,Kansas,US,67211
Platinum Audio/Visual,theplatinumaudio.com,theplatinumaudio.com,,,,Berea,Kentucky,US,40403
American Sound,asei.com,asei.com,,,,Covington,Kentucky,US,41014
"MAC Productions, Inc. - Audio Visual",mac-av.com,mac-av.com,https://www.linkedin.com/company/mac-productions,,,Covington,Kentucky,US,41011
Haven Smart Services,havensmartservices.com,havensmartservices.com,,,,Erlanger,Kentucky,US,41018
A Total Solution llc,atotalsolutionllc.com,atotalsolutionllc.com,https://www.linkedin.com/company/a-total-solution-llc,,,Fisherville,Kentucky,US,40023
Access Audio & Video,accessaudioandvideo.com,accessaudioandvideo.com,,,,Fort Mitchell,Kentucky,US,41017
Video Solutions Inc,videosolutionsinc.com,videosolutionsinc.com,,,,Goshen,Kentucky,US,40026
Reliable Connect Custom Audio & Video LLC Formerly Rich's Contracting & Custom Audio/Video LLC,rccav.com,rccav.com,,,,Grand Rivers,Kentucky,US,42045
"Intellect Controls Group, Inc.",intellectcontrols.com,intellectcontrols.com,,,,Jeffersontown,Kentucky,US,40299
Super Home Systems,superhomesystems.com,superhomesystems.com,,,,Jeffersontown,Kentucky,US,40299
46Solutions,46solutions.com,46solutions.com,https://www.linkedin.com/company/46solutions,,,Lexington,Kentucky,US,40509
"ALLIED COMMUNICATIONS, INC.",alliedlex.com,alliedlex.com,,,,Lexington,Kentucky,US,40504
Advanced Video Services,advancedvideoserviceslexky.com,advancedvideoserviceslexky.com,,,,Lexington,Kentucky,US,40505
"Air Control Heating and Air Conditioning of Lexington, Inc",aircontrolco.com,aircontrolco.com,,,,Lexington,Kentucky,US,40505
Anagram Sound,anagramsound.com,anagramsound.com,,,,Lexington,Kentucky,US,40503
Audio Authority Corp.,audioauthority.com,audioauthority.com,https://www.linkedin.com/company/208951,,,Lexington,Kentucky,US,40511
Audio Visual Techniques,avtav.com,avtav.com,,,,Lexington,Kentucky,US,40511
BT Digital Marketing Agency,btwebgroup.com,btwebgroup.com,,,,Lexington,Kentucky,US,40517
BT Media Productions,btmediaproductions.com,btmediaproductions.com,,,,Lexington,Kentucky,US,40517
Barney Miller's,barneymillers.com,barneymillers.com,https://www.linkedin.com/company/barney-miller's-inc.,,,Lexington,Kentucky,US,40507
Blue Grass Home Entertainment,bghe.com,bghe.com,,,,Lexington,Kentucky,US,40505
Brecher's Lighting,brecherslighting.com,brecherslighting.com,,,,Lexington,Kentucky,US,40503
"Commonwealth Connected - Audio/Video Integration, Design & Installation in Lexington KY",commonwealthconnec9.wixsite.com,commonwealthconnec9.wixsite.com,,,,Lexington,Kentucky,US,40514
Comtronics Inc Cobalt Audio Video,cobaltav.com,cobaltav.com,https://www.linkedin.com/company/what-we-offer-,,,Lexington,Kentucky,US,40509
Control & Automation,conauto.com,conauto.com,,,,Lexington,Kentucky,US,40505
CornerStone Protection,cornerstoneprotection.com,cornerstoneprotection.com,,,,Lexington,Kentucky,US,40502
Courage Media,courage-media.com,courage-media.com,,,,Lexington,Kentucky,US,40503
Dynamix Productions Inc,dxaudio.com,dxaudio.com,,,,Lexington,Kentucky,US,40502
Engineered Heating and Air,engineeredheatingandair.com,engineeredheatingandair.com,,,,Lexington,Kentucky,US,40511
"Global Information Systems, LLC",globalinformationsystems.com,globalinformationsystems.com,https://www.linkedin.com/company/1613265,,,Lexington,Kentucky,US,40509
"Hammond Communications Group, Inc.",hammondcg.com,hammondcg.com,https://www.linkedin.com/company/hammond-communications-group,,,Lexington,Kentucky,US,40511
HomeAid,homeaidlex.com,homeaidlex.com,,,,Lexington,Kentucky,US,40509
Integrated Protection Services (IPS),integratedprotection.com,integratedprotection.com,https://www.linkedin.com/company/integrated-protection-services,,,Lexington,Kentucky,US,40511
Integration Unlimited,iwanthd.tv,iwanthd.tv,,,,Lexington,Kentucky,US,40509
Intelligent IT,intelligentky.com,intelligentky.com,,,,Lexington,Kentucky,US,40509
JADE Jameson Automated Design Environments,jadeav.net,jadeav.net,,,,Lexington,Kentucky,US,40508
Kinemetrix,kinemetrix.com,kinemetrix.com,,,,Lexington,Kentucky,US,40510
"L&W Supply - Lexington, KY",lwsupply.com,lwsupply.com,,,,Lexington,Kentucky,US,40511
LAVA,wantlava.com,wantlava.com,https://www.linkedin.com/company/lava-systems,,,Lexington,Kentucky,US,40505
Lennox Stores (Parts Plus),lennoxpros.com,lennoxpros.com,,,,Lexington,Kentucky,US,40505
Lexington AI Solutions,ai-lexington.com,ai-lexington.com,,,,Lexington,Kentucky,US,40503
Lexington Outdoor Lighting,lexingtonoutdoorlighting.com,lexingtonoutdoorlighting.com,,,,Lexington,Kentucky,US,40502
LoVo Systems,lovosystems.com,lovosystems.com,,,,Lexington,Kentucky,US,40509
Media Collaboratory (Video Editing Services Inc),mediacollaboratory.com,mediacollaboratory.com,,,,Lexington,Kentucky,US,40507
New Image Multi-Media,newimagemultimedia.net,newimagemultimedia.net,,,,Lexington,Kentucky,US,40502
Newtech Systems,newtech-sys.com,newtech-sys.com,,,,Lexington,Kentucky,US,40510
Next Century Technologies,nextcenturytechnologies.com,nextcenturytechnologies.com,,,,Lexington,Kentucky,US,40509
Prosper Media Group Inc Video Production Service,prospermediagroup.com,prospermediagroup.com,,,,Lexington,Kentucky,US,40507
Rely Technology,relytechnology.com,relytechnology.com,https://www.linkedin.com/company/rely-technology,,,Lexington,Kentucky,US,40503
Rockstar Home Systems,rockstarhs.com,rockstarhs.com,,,,Lexington,Kentucky,US,40505
"Shannon Lamp Service, Inc.",shannonlamp.com,shannonlamp.com,,,,Lexington,Kentucky,US,40505
Silent Guard,silentguard.net,silentguard.net,,,,Lexington,Kentucky,US,40509
Studio46 Media,studio46media.com,studio46media.com,https://www.linkedin.com/company/studio46media,,,Lexington,Kentucky,US,40509
TDO Home Entertainment,tdohe.com,tdohe.com,,,,Lexington,Kentucky,US,40503
The AME Group,theamegroup.com,theamegroup.com,,,,Lexington,Kentucky,US,40503
The Blinds Man,theblindsman.net,theblindsman.net,,,,Lexington,Kentucky,US,40503
The Smart Shade Company,smartshadecompany.com,smartshadecompany.com,,,,Lexington,Kentucky,US,40503
Transitions Lift + Elevator,transitionsmobility.com,transitionsmobility.com,,,,Lexington,Kentucky,US,40502
"Trible's, Inc.",tribles.com,tribles.com,,,,Lexington,Kentucky,US,40509
Triple Crown Electric,tces-ced.portalced.com,tces-ced.portalced.com,,,,Lexington,Kentucky,US,40511
Versa Tech Automation LLC,versatechautomation.com,versatechautomation.com,,,,Lexington,Kentucky,US,40504
Video Lab,videolablex.com,videolablex.com,,,,Lexington,Kentucky,US,40511
Wiseway Lighting & Plumbing Showroom,store.wisewaysupply.com,store.wisewaysupply.com,,,,Lexington,Kentucky,US,40505
Wrigley Media Group,wrigleymediagroup.com,wrigleymediagroup.com,,,,Lexington,Kentucky,US,40511
Your SMARTOFFICE Solution,yoursmartofficesolution.com,yoursmartofficesolution.com,,,,Lexington,Kentucky,US,40502
AC Productions & Film,acprofilms.com,acprofilms.com,,,,Louisville,Kentucky,US,40228
ATS Integrated Solutions,atsintegrators.com,atsintegrators.com,https://www.linkedin.com/company/10149843,,,Louisville,Kentucky,US,40217
"Alarm Grid, Inc",alarmgrid.com,alarmgrid.com,,,,Louisville,Kentucky,US,40229
Alcott & Bentley,alcottgallery.com,alcottgallery.com,,,,Louisville,Kentucky,US,40205
Alpha Geek,alphageekhelp.com,alphageekhelp.com,,,,Louisville,Kentucky,US,40241
Applied Audio Video,appliedaudiovideo.com,appliedaudiovideo.com,,,,Louisville,Kentucky,US,40299
Applied Digital Solutions,adsrecorders.com,adsrecorders.com,https://www.linkedin.com/company/applied-digital-solutions,,,Louisville,Kentucky,US,40243
Autodemo,autodemo.com,autodemo.com,,,,Louisville,Kentucky,US,40204
Automated Lifestyles,automatedlifestyles.com,automatedlifestyles.com,,,,Louisville,Kentucky,US,40223
"Automated Living, LLC",automatedlivingllc.com,automatedlivingllc.com,https://www.linkedin.com/company/automatedliving,,,Louisville,Kentucky,US,40203
Axxis Inc,axxisinc.com,axxisinc.com,,,,Louisville,Kentucky,US,40203
Bonnycastle Appliance & TV,bonnycastleappliance.com,bonnycastleappliance.com,,,,Louisville,Kentucky,US,40205
"C & H Audio Visual Services, Inc.",chavs.net,chavs.net,,,,Louisville,Kentucky,US,40209
CRG Automation,crgautomation.com,crgautomation.com,,,,Louisville,Kentucky,US,40299
Century Entertainment & Furnishings,centuryliving.com,centuryliving.com,,,,Louisville,Kentucky,US,40207
"CisCom Solutions, LLC",ciscom.com,ciscom.com,https://www.linkedin.com/company/ciscom-solutions-llc,,,Louisville,Kentucky,US,40222
Communications Electronic Design,ced.bz,ced.bz,,,,Louisville,Kentucky,US,40204
ControlTouch Systems,controltouch.com,controltouch.com,https://www.linkedin.com/company/controltouch,,,Louisville,Kentucky,US,40218
Crawford Entertainment Systems,crawfordentertainment.com,crawfordentertainment.com,,,,Louisville,Kentucky,US,40299
Crunchtime – Louisville,crunchtime.com,crunchtime.com,,,,Louisville,Kentucky,US,40206
Deco A/V,decoav.com,decoav.com,,,,Louisville,Kentucky,US,40204
Derby City Security Service,derbycitysecurity.com,derbycitysecurity.com,,,,Louisville,Kentucky,US,40272
Diversified Automation - a Leadec Group Company,diversified-automation.com,diversified-automation.com,,,,Louisville,Kentucky,US,40223
Engineered Lighting Sales Inc,engltg.com,engltg.com,,,,Louisville,Kentucky,US,40218
FlyLock Security Solutions,flylock.com,flylock.com,,,,Louisville,Kentucky,US,40222
Forma AVL,formaavl.com,formaavl.com,,,,Louisville,Kentucky,US,40241
Fortress Security,fortresssecurityky.com,fortresssecurityky.com,,,,Louisville,Kentucky,US,40241
Justice AV Solutions,javs.com,javs.com,,,,Louisville,Kentucky,US,40223
Knight Audio,knightaudio.com,knightaudio.com,,,,Louisville,Kentucky,US,40118
Laswell Electric & Security,laswellco.com,laswellco.com,https://www.linkedin.com/company/laswellelectric,,,Louisville,Kentucky,US,40219
Lhi Lighting Sales Inc,lhilightingsales.com,lhilightingsales.com,,,,Louisville,Kentucky,US,40218
"Louisville AV, LLC",louisvilleav.com,louisvilleav.com,,,,Louisville,Kentucky,US,40223
Louisville Low Voltage,louisvillelowvoltage.com,louisvillelowvoltage.com,,,,Louisville,Kentucky,US,40299
"MAPS Security, LLC",mooreaps.com,mooreaps.com,,,,Louisville,Kentucky,US,40202
Magnetic Tape Recorder Inc. & Stereo Center,magnetictaperecorder.com,magnetictaperecorder.com,,,,Louisville,Kentucky,US,40213
Medley & Sons Security and Automation,medleyandsons.com,medleyandsons.com,,,,Louisville,Kentucky,US,40204
"Mister Wireless, LLC",mr-wireless.net,mr-wireless.net,,,,Louisville,Kentucky,US,40223
Moltted - Security Solutions,moltted.com,moltted.com,,,,Louisville,Kentucky,US,40218
Pcsolutions Kentucky LLC,pcsolutionskentucky.com,pcsolutionskentucky.com,,,,Louisville,Kentucky,US,40214
"Perfect Install, LLC",perfect-install.com,perfect-install.com,,,,Louisville,Kentucky,US,40223
Radio Sound Inc.,radiosound.com,radiosound.com,,,,Louisville,Kentucky,US,40299
Rockwell Automation,rockwellautomation.com,rockwellautomation.com,,,,Louisville,Kentucky,US,40223
Smart Building Equipment,smartbuildingequipment.com,smartbuildingequipment.com,,,,Louisville,Kentucky,US,40299
"Sonitrol Security of Louisville, A Pye-Barker Fire & Safety Company",pyebarkerfs.com,pyebarkerfs.com,,,,Louisville,Kentucky,US,40223
Spectrum Sight & Sound,spectrumsightsound.com,spectrumsightsound.com,,,,Louisville,Kentucky,US,40241
Strategic Communications,yourstrategic.com,yourstrategic.com,,,,Louisville,Kentucky,US,40243
Test & Controls International,testcontrols.com,testcontrols.com,,,,Louisville,Kentucky,US,40299
The Sound Factory,soundfactory.net,soundfactory.net,,,,Louisville,Kentucky,US,40202
"Tocor, Inc",tocor.com,tocor.com,,,,Louisville,Kentucky,US,40218
Trinity Dynamics,trinitydynamics.net,trinitydynamics.net,,,,Louisville,Kentucky,US,40299
VEI Communications,veicomm.com,veicomm.com,,,,Louisville,Kentucky,US,40219
Video Kitchen,videokitchen.net,videokitchen.net,,,,Louisville,Kentucky,US,40204
Video Wizard,videowizard.com,videowizard.com,,,,Louisville,Kentucky,US,40222
"Videobred, Inc.",videobred.com,videobred.com,,,,Louisville,Kentucky,US,40204
Vivid Sight & Sound,vividsightsound.com,vividsightsound.com,,,,Louisville,Kentucky,US,40299
Wen Lighting,wenlighting.com,wenlighting.com,,,,Louisville,Kentucky,US,40213
"Pro Video Audio Productions, Inc",provideoaudio.com,provideoaudio.com,,,,Monticello,Kentucky,US,42633
All-In-One Security,all-in-one-security.com,all-in-one-security.com,,,,Mt Washington,Kentucky,US,40047
Drive Media House,drivemediahouse.com,drivemediahouse.com,,,,Newport,Kentucky,US,41071
Soundlink Studio,soundlinkstudio.com,soundlinkstudio.com,,,,Newport,Kentucky,US,41076
"Integrated Security Solutions, LLC (ISS-KY)",iss-ky.com,iss-ky.com,,,,Nicholasville,Kentucky,US,40356
Miller's Window Works,millerblinds.com,millerblinds.com,,,,Nicholasville,Kentucky,US,40356
Pro Sound Inc,prosoundky.com,prosoundky.com,,,,Nicholasville,Kentucky,US,40356
Security Essentials of Lexington,security-essentials.com,security-essentials.com,,,,Nicholasville,Kentucky,US,40356
Kentucky Outdoor Lighting,kentuckyoutdoorlighting.com,kentuckyoutdoorlighting.com,,,,Richmond,Kentucky,US,40475
Masterpiece Audio Video,masterpieceaudio.com,masterpieceaudio.com,,,,Southgate,Kentucky,US,41071
Security Systems Inc,securitysystemsinc.com,securitysystemsinc.com,,,,Vine Grove,Kentucky,US,40175
ASI LLC,asi.us.com,asi.us.com,,,,Baton Rouge,Louisiana,US,70816
AV Solutions,avsolutions.com,avsolutions.com,https://www.linkedin.com/company/avsolutionsbr,,,Baton Rouge,Louisiana,US,70816
AVSS - Audio Video Security Solutions,avssla.com,avssla.com,,,,Baton Rouge,Louisiana,US,70816
Abat Jour,abatjourllc.com,abatjourllc.com,,,,Baton Rouge,Louisiana,US,70806
Acadian Home Theater & Automation,aciexperts.com,aciexperts.com,https://www.linkedin.com/company/acadian-home-theater-and-automation,,,Baton Rouge,Louisiana,US,70810
Acadian Total Security,acadiantotalsecurity.com,acadiantotalsecurity.com,,,,Baton Rouge,Louisiana,US,70809
Advanced Video,advancedvideobr.com,advancedvideobr.com,,,,Baton Rouge,Louisiana,US,70816
"Alarm Center Security Systems, Inc.",alarm.net,alarm.net,,,,Baton Rouge,Louisiana,US,70816
American Audio Visual LLC,aavbr.com,aavbr.com,,,,Baton Rouge,Louisiana,US,70809
Automation Control Co Inc,accbr.com,accbr.com,,,,Baton Rouge,Louisiana,US,70809
BIG Family Electrical Services & Home Automation,callbigfamily.com,callbigfamily.com,,,,Baton Rouge,Louisiana,US,70806
Baton Rouge Video Production,randywheeler.com,randywheeler.com,,,,Baton Rouge,Louisiana,US,70808
Cajun Electric & Lighting,cajunlighting.com,cajunlighting.com,,,,Baton Rouge,Louisiana,US,70802
"Cajun Electric, LLC",cajunelectricbr.com,cajunelectricbr.com,,,,Baton Rouge,Louisiana,US,70802
Capital City Lighting,shopcapitalcitylighting.com,shopcapitalcitylighting.com,,,,Baton Rouge,Louisiana,US,70809
Champion Technology Services,champtechnology.com,champtechnology.com,,,,Baton Rouge,Louisiana,US,70816
Complete Wiring and Security,cwstech.com,cwstech.com,,,,Baton Rouge,Louisiana,US,70810
Creative Video Productions,creativevideo.tv,creativevideo.tv,,,,Baton Rouge,Louisiana,US,70809
Crescendo Automation Audio Video,crescendoaav.com,crescendoaav.com,,,,Baton Rouge,Louisiana,US,70817
"Custom Security Systems, Inc.",customsecuritysystems.com,customsecuritysystems.com,,,,Baton Rouge,Louisiana,US,70815
David's Car Stereo,m.facebook.com,m.facebook.com,,,,Baton Rouge,Louisiana,US,70806
Digital FX,digitalfx.tv,digitalfx.tv,,,,Baton Rouge,Louisiana,US,70808
Experience Audio Video,experienceinstallsit.com,experienceinstallsit.com,,,,Baton Rouge,Louisiana,US,70809
"Facility Automation, Inc.",facilityautomation.com,facilityautomation.com,,,,Baton Rouge,Louisiana,US,70816
Fusion Media,fmedia.tv,fmedia.tv,,,,Baton Rouge,Louisiana,US,70809
GM Cable Contractors Inc,gmcable.com,gmcable.com,,,,Baton Rouge,Louisiana,US,70818
GSE Integrated,gseintegrated.com,gseintegrated.com,,,,Baton Rouge,Louisiana,US,70817
General Informatics,geninf.com,geninf.com,https://www.linkedin.com/company/general-informatics,,,Baton Rouge,Louisiana,US,70810
Impact Audio Video,impactavbr.com,impactavbr.com,,,,Baton Rouge,Louisiana,US,70816
Innovative Systems & Services,innovativess.com,innovativess.com,,,,Baton Rouge,Louisiana,US,70809
LA Post Inc,lapostdigital.com,lapostdigital.com,,,,Baton Rouge,Louisiana,US,70809
Launch Media,launchmedia.tv,launchmedia.tv,,,,Baton Rouge,Louisiana,US,70802
"Link Integration Group, LLC",ligllc.com,ligllc.com,,,,Baton Rouge,Louisiana,US,70809
Louisiana Controls Inc,louisianacontrols.com,louisianacontrols.com,,,,Baton Rouge,Louisiana,US,70815
MBD Automation,mbdautomation.com,mbdautomation.com,,,,Baton Rouge,Louisiana,US,70815
Masterco RFM,mastercorfm.com,mastercorfm.com,,,,Baton Rouge,Louisiana,US,70802
Mike's Audio,mikesaudio.com,mikesaudio.com,,,,Baton Rouge,Louisiana,US,70816
Motion Lite | Baton Rouge Technology Solutions,motion-lite.com,motion-lite.com,,,,Baton Rouge,Louisiana,US,70816
Mounts On Time,mountsontime.com,mountsontime.com,,,,Baton Rouge,Louisiana,US,70816
Movee Media LLC,moveemedia.com,moveemedia.com,,,,Baton Rouge,Louisiana,US,70809
"Notoco Industries, LLC",notocoind.com,notocoind.com,,,,Baton Rouge,Louisiana,US,70816
PSS Sound - Premier Production & Sound Services,psssound.com,psssound.com,,,,Baton Rouge,Louisiana,US,70817
PreSonus Audio Electronics,presonus.com,presonus.com,,,,Baton Rouge,Louisiana,US,70809
Precision Security & Low Voltage Supply,esentia.com,esentia.com,,,,Baton Rouge,Louisiana,US,70809
Pro-Fit Solutions,pro-fitsolutions.net,pro-fitsolutions.net,,,,Baton Rouge,Louisiana,US,70809
Reulet Electric Supplies,reulet-electric.com,reulet-electric.com,,,,Baton Rouge,Louisiana,US,70816
"Southern Controls, inc.",southerncontrols.com,southerncontrols.com,,,,Baton Rouge,Louisiana,US,70809
Southwest Automated Security,southwestautomated.com,southwestautomated.com,,,,Baton Rouge,Louisiana,US,70809
Sunbelt Lighting - Baton Rouge,sunbeltlighting.net,sunbeltlighting.net,,,,Baton Rouge,Louisiana,US,70816
"Synergy Productions, Inc.",synergy-productions.com,synergy-productions.com,,,,Baton Rouge,Louisiana,US,70809
"Technical Services Group, Inc.",tsgcom.com,tsgcom.com,https://www.linkedin.com/company/technical-services-group-inc-,,,Baton Rouge,Louisiana,US,70809
Triad Electric & Controls,thenewtrongroup.com,thenewtrongroup.com,,,,Baton Rouge,Louisiana,US,70815
"Venture SSC, LLC",geauxventure.com,geauxventure.com,,,,Baton Rouge,Louisiana,US,70810
X-Pert Productions,xpertproductions.com,xpertproductions.com,,,,Baton Rouge,Louisiana,US,70809
ideliver Technologies llc,idelivertechnologies.square.site,idelivertechnologies.square.site,,,,Baton Rouge,Louisiana,US,70802
"PEMBA Lighting, Sound, Electrical & Automation",pembalighting.com,pembalighting.com,,,,Belle Chasse,Louisiana,US,70037
Home Audio Innovations,homeaudioinnovations.com,homeaudioinnovations.com,,,,Bossier City,Louisiana,US,71112
Advanced Audio & Stage Lighting,advancedaudiobr.com,advancedaudiobr.com,,,,Denham Springs,Louisiana,US,70706
Certified Alarm Systems,certifiedalarms.com,certifiedalarms.com,,,,Denham Springs,Louisiana,US,70726
Soltek LA Security Camera Systems,securitycamerasystemsbysoltekla.com,securitycamerasystemsbysoltekla.com,,,,Denham Springs,Louisiana,US,70726
Light Bulb Depot New Orleans,lightbulbdepot.com,lightbulbdepot.com,,,,Elmwood,Louisiana,US,70123
Baton Rouge Cameras,batonrougecameras.com,batonrougecameras.com,,,,Gonzales,Louisiana,US,70737
Integrity Audio Visual,integrity-av.com,integrity-av.com,,,,Gonzales,Louisiana,US,70737
AVSNO/Audio Visual Solutions New Orleans,avsno.net,avsno.net,,,,Gretna,Louisiana,US,70053
Hitech Smart Homes and Security,hitechsmarthomes.com,hitechsmarthomes.com,,,,Gretna,Louisiana,US,70053
New Orleans Audio Video,noav.com,noav.com,,,,Harahan,Louisiana,US,70123
Nola Sound Solutions,nolasoundsolutions.com,nolasoundsolutions.com,,,,Harahan,Louisiana,US,70123
Nu-Lite Electrical Wholesalers,nulite.com,nulite.com,,,,Harahan,Louisiana,US,70123
NOLA LED,neworleanslighting.com,neworleanslighting.com,,,,Harvey,Louisiana,US,70058
@ Your Service Audio Visual Productions,aysts.com,aysts.com,,,,Jefferson,Louisiana,US,70121
Home Solutions Program,sellyourhouse.realestate,sellyourhouse.realestate,,,,Jefferson,Louisiana,US,70121
Toca Alarm,tocaalarm.com,tocaalarm.com,,,,Kenner,Louisiana,US,70062
Top Notch Customs,topnotchaudiovideo.com,topnotchaudiovideo.com,,,,Kenner,Louisiana,US,70065
Go Media LLC,gomediallc.com,gomediallc.com,,,,Lafayette,Louisiana,US,70508
Smart Homes of Louisiana,smarthomesla.com,smarthomesla.com,,,,Lafayette,Louisiana,US,70508
PRO AUDIO VIDEO & SECURITY LLC,proavsite.com,proavsite.com,,,,Laplace,Louisiana,US,70068
Quantum Home Technologies,quantumhometechnologies.com,quantumhometechnologies.com,,,,Madisonville,Louisiana,US,70447
Assurance A/V Solutions,assuranceavsolutions.com,assuranceavsolutions.com,https://www.linkedin.com/company/assurance-av-solutions-llc,,,Mandeville,Louisiana,US,70471
ABC Computer and Audio Visual Rental,abccomputerrental.com,abccomputerrental.com,,,,Metairie,Louisiana,US,70002
Alterman Audio,altermanaudio.com,altermanaudio.com,,,,Metairie,Louisiana,US,70002
Crescent Multimedia Solutions,crescentmms.com,crescentmms.com,,,,Metairie,Louisiana,US,70001
Elan Studio Lighting,elanstudiolighting.com,elanstudiolighting.com,,,,Metairie,Louisiana,US,70002
Mitey AV,miteyav.com,miteyav.com,,,,Metairie,Louisiana,US,70002
Off the Wall Audio Video,offthewallav.com,offthewallav.com,,,,Metairie,Louisiana,US,70003
Tone Production | New Orleans Video Production Company,toneproduction.net,toneproduction.net,https://www.linkedin.com/company/104807638,,,Metairie,Louisiana,US,70001
Access Gate Systems,agsaccess.com,agsaccess.com,,,,New Orleans,Louisiana,US,70126
Armstrong's Lighting,armstrongslighting.com,armstrongslighting.com,,,,New Orleans,Louisiana,US,70119
Armstrong's Supply Co Inc,armstrongssupply.com,armstrongssupply.com,,,,New Orleans,Louisiana,US,70119
Ashé Powerhouse Theater,ashenola.org,ashenola.org,,,,New Orleans,Louisiana,US,70113
Bevolo Gas & Electric Lights,bevolo.com,bevolo.com,,,,New Orleans,Louisiana,US,70130
Bruno's Audio & Video,brunoav.com,brunoav.com,,,,New Orleans,Louisiana,US,70122
Corporate Lighting & Audio,corplighting.com,corplighting.com,https://www.linkedin.com/company/corporate-lighting-and-audio,,,New Orleans,Louisiana,US,70123
"DYNAMIC AUDIO VIDEO, LLC",dynamicaudiovideo.com,dynamicaudiovideo.com,,,,New Orleans,Louisiana,US,70123
Fischer-Gambino,lightingneworleans.com,lightingneworleans.com,,,,New Orleans,Louisiana,US,70130
Home Resolution LLC,homeresolutionllc.com,homeresolutionllc.com,https://www.linkedin.com/company/home-resolution-llc,,,New Orleans,Louisiana,US,70130
Hung Forever,hungforever.com,hungforever.com,,,,New Orleans,Louisiana,US,70119
Miracle Machines Audio Video,miraclemachines.com,miraclemachines.com,,,,New Orleans,Louisiana,US,70124
Nola Acoustics Services,neworleansacoustics.com,neworleansacoustics.com,,,,New Orleans,Louisiana,US,70116
"RZI Lighting | Lighting, Staging and Rigging Equipment Rentals",rzilighting.com,rzilighting.com,,,,New Orleans,Louisiana,US,70125
Southern Electronics,southernele.com,southernele.com,,,,New Orleans,Louisiana,US,70119
"Start Smart, LLC",startsmartllc.com,startsmartllc.com,,,,New Orleans,Louisiana,US,70127
Tec Lynx,teclynx.com,teclynx.com,,,,New Orleans,Louisiana,US,70122
iDigital,idigitalusa.com,idigitalusa.com,,,,New Orleans,Louisiana,US,70130
Audio Visions,audiovisionsbr.com,audiovisionsbr.com,,,,Port Allen,Louisiana,US,70767
"Home Protection Systems, LLC",homeprotectionsystems.net,homeprotectionsystems.net,,,,Prairieville,Louisiana,US,70769
AVL Installations,avlinstallations.com,avlinstallations.com,,,,Slidell,Louisiana,US,70460
The Installation Experts,the-installation-experts.com,the-installation-experts.com,,,,Slidell,Louisiana,US,70458
Smart Home-ie,pkrceoking1982.wixsite.com,pkrceoking1982.wixsite.com,,,,Terrytown,Louisiana,US,70056
"Connected Solutions, LLC",connectedsolutionsla.com,connectedsolutionsla.com,,,,Youngsville,Louisiana,US,70592
Audio and Video Systems,audioandvideosystems.com,audioandvideosystems.com,,,,Barnstable,Massachusetts,US,02630
Extreme Audio,extremeaudiocapecod.com,extremeaudiocapecod.com,,,,Barnstable,Massachusetts,US,02601
Nantucket Sound,nantucketsound.com,nantucketsound.com,,,,Barnstable,Massachusetts,US,02601
Savant,savant.com,savant.com,,,,Barnstable,Massachusetts,US,02601
X Building Automation,xbuildingautomation.com,xbuildingautomation.com,,,,Barnstable,Massachusetts,US,02601
InstaSmart Homes,instasmarthomes.tiiny.site,instasmarthomes.tiiny.site,,,,Belmont,Massachusetts,US,02478
Smart Home Solutions LLC,techswhoconnect.com,techswhoconnect.com,,,,Beverly,Massachusetts,US,01915
McCann Systems,mccannsystems.com,mccannsystems.com,https://www.linkedin.com/company/mccann-systems,,,Billerica,Massachusetts,US,01862
ABMS Media Solutions,abmsmedia.com,abmsmedia.com,,,,Boston,Massachusetts,US,02199
APC Integrated - Managed IT Services Company in Boston,apcintegrated.com,apcintegrated.com,,,,Boston,Massachusetts,US,02122
Alarm New England Boston,alarmnewengland.com,alarmnewengland.com,,,,Boston,Massachusetts,US,02116
"Audio Chemists, Inc",audiochemists.net,audiochemists.net,,,,Boston,Massachusetts,US,02129
Audio and Lighting Unlimited,audioandlightingunlimited.com,audioandlightingunlimited.com,,,,Boston,Massachusetts,US,02119
Boomer Boston,boomerboston.com,boomerboston.com,,,,Boston,Massachusetts,US,02125
Boston AV,bostonav.com,bostonav.com,,,,Boston,Massachusetts,US,02135
Boston AV Productions,bostonavpro.com,bostonavpro.com,,,,Boston,Massachusetts,US,02199
"Boston Security Integration, LLC | Access Control Systems | Security Camera Installation",bsi-boston.com,bsi-boston.com,https://www.linkedin.com/company/bostonsecurityintegrationllc,,,Boston,Massachusetts,US,02116
Boston TV Mounting PROs,bostontvmounting.net,bostontvmounting.net,,,,Boston,Massachusetts,US,02134
ELITECH Inc.,elitechit.com,elitechit.com,,,,Boston,Massachusetts,US,02128
Elite Security & Access Control Solutions,elitesecurityandaccess.com,elitesecurityandaccess.com,,,,Boston,Massachusetts,US,02116
ITHomeDesign,ithomedesign.com,ithomedesign.com,https://www.linkedin.com/company/ithomedesign,,,Boston,Massachusetts,US,02127
ITS Audio Visual Services,itsaudiovisual.com,itsaudiovisual.com,,,,Boston,Massachusetts,US,02116
IUS Shades,iusshades.com,iusshades.com,,,,Boston,Massachusetts,US,02127
Ilias Bintas Licensed Electrician,ibeboston.com,ibeboston.com,,,,Boston,Massachusetts,US,02111
Masters of Automation,themasters.ai,themasters.ai,https://www.linkedin.com/company/mastersofautomation,,,Boston,Massachusetts,US,02116
NRP Installations,nrpinstallations.jobbersites.com,nrpinstallations.jobbersites.com,,,,Boston,Massachusetts,US,02119
New England Audio Rental,newenglandaudiorental.com,newenglandaudiorental.com,,,,Boston,Massachusetts,US,02118
Sound Experience,sxpboston.com,sxpboston.com,,,,Boston,Massachusetts,US,02127
Source1AV,source1av.com,source1av.com,,,,Boston,Massachusetts,US,02116
System 7 Experience Center,systemseven.com,systemseven.com,,,,Boston,Massachusetts,US,02210
"TCG Network Services - Boston IT Support, Managed IT Services & IT Consulting",tcgns.com,tcgns.com,https://www.linkedin.com/company/magna5,,,Boston,Massachusetts,US,02110
TSP Smart Spaces,tsp.space,tsp.space,https://www.linkedin.com/company/tsp-smart-spaces,,,Boston,Massachusetts,US,02118
"Tech Superpowers, An IT Solutions Company",tsp.me,tsp.me,,,,Boston,Massachusetts,US,02118
The Soundtrack Group,soundtrackboston.com,soundtrackboston.com,,,,Boston,Massachusetts,US,02116
ZenjMedia,zenjmedia.com,zenjmedia.com,,,,Boston,Massachusetts,US,02119
East West Associates,eastwestassociatesllc.com,eastwestassociatesllc.com,,,,Bourne,Massachusetts,US,02532
Ron Snell Audio Video,rsavs.com,rsavs.com,,,,Bourne,Massachusetts,US,02534
Soundwaves Corporation,soundwavescorp.com,soundwavescorp.com,,,,Bourne,Massachusetts,US,02532
TOAD - Technical Operations And Development,toadbuilds.com,toadbuilds.com,,,,Bourne,Massachusetts,US,02559
Home Theaters by Sean,hometheatersbysean.com,hometheatersbysean.com,,,,Bridgewater,Massachusetts,US,02324
Video Transfer,vtiboston.com,vtiboston.com,,,,Brookline,Massachusetts,US,02446
Q Audio,qaudio.com,qaudio.com,,,,Cambridge,Massachusetts,US,02139
Automation Solutions Inc,automationsolutionsinc.com,automationsolutionsinc.com,,,,Charlestown,Massachusetts,US,02129
Pro AV Systems,proavsi.com,proavsi.com,,,,Chelmsford,Massachusetts,US,01824
PSAV Boston,psav.com,psav.com,,,,Dedham,Massachusetts,US,02026
Mobile Electronics Studio,mobileelectronicsstudio.com,mobileelectronicsstudio.com,,,,Dennis,Massachusetts,US,02660
Soby One Home Services,sobyone.com,sobyone.com,,,,Dennis,Massachusetts,US,02660
Audio Video Intelligence Inc,av-intel.com,av-intel.com,,,,Easton,Massachusetts,US,02356
Vineyard Home,vineyardhome.com,vineyardhome.com,,,,Falmouth,Massachusetts,US,02540
Khan Design,khandesign.net,khandesign.net,,,,Framingham,Massachusetts,US,01702
Home Theatre Associates,hometheatreassociates.com,hometheatreassociates.com,,,,Hamilton,Massachusetts,US,01982
Prime Time Home Theater,primetimehometheater.com,primetimehometheater.com,,,,Hanover,Massachusetts,US,02339
Running Solutions Audio Video,runsol.com,runsol.com,https://www.linkedin.com/company/running-solutions,,,Hanover,Massachusetts,US,02339
Times of Your Life DVDs & Video,timesofyourlifedvds.com,timesofyourlifedvds.com,,,,Harwich,Massachusetts,US,02646
"CloudMIS, LLC",cloudmis.net,cloudmis.net,https://www.linkedin.com/company/cloud-mis-llc,,,Holliston,Massachusetts,US,01746
J&S Audio Video Solutions,jandsav.com,jandsav.com,,,,Leicester,Massachusetts,US,01524
Boston Audio Visual Rental,bostonavrental.com,bostonavrental.com,,,,Lynnfield,Massachusetts,US,01940
Boston AV Services,bostonavservices.com,bostonavservices.com,,,,Medford,Massachusetts,US,02155
Boston Intercom Group,bostonintercomgroup.com,bostonintercomgroup.com,,,,Medford,Massachusetts,US,02155
"Boston Security Integration, LLC | Access Control Systems NH | Security Camera Installation NH",bostonsecurityintegration.com,bostonsecurityintegration.com,https://www.linkedin.com/company/bostonsecurityintegrationllc,,,Methuen,Massachusetts,US,01844
Event Sound & Video,avrental.net,avrental.net,,,,Millis,Massachusetts,US,02054
Brian Potter Electric,bpotterelectric.com,bpotterelectric.com,,,,Nantucket,Massachusetts,US,02554
Elite Home Automation,elitehomeauto.com,elitehomeauto.com,,,,Nantucket,Massachusetts,US,02554
Jobe Systems,jobesystems.com,jobesystems.com,https://www.linkedin.com/company/jobe-systems,,,Nantucket,Massachusetts,US,02554
Morash Media LLC,morashmedia.com,morashmedia.com,,,,Nantucket,Massachusetts,US,02554
Nantucket Housefitters Inc.,housefitters.com,housefitters.com,,,,Nantucket,Massachusetts,US,02554
Nantucket Media Systems,nantucketmediasystems.com,nantucketmediasystems.com,,,,Nantucket,Massachusetts,US,02554
"Nantucket Networks, Inc",nantucketit.com,nantucketit.com,,,,Nantucket,Massachusetts,US,02554
Nantucket Sounds,nantucketsounds.com,nantucketsounds.com,,,,Nantucket,Massachusetts,US,02554
McMahon Media Services,mcmahonmedia.com,mcmahonmedia.com,https://www.linkedin.com/company/mcmahon-media-services,,,Natick,Massachusetts,US,01760
Able Control LLC,ablecontrol.com,ablecontrol.com,,,,Needham,Massachusetts,US,02494
Building36,building36.com,building36.com,,,,Needham,Massachusetts,US,02494
CMC Systems | TV Wall Mount | Home Theater Installation,cmcsystems.net,cmcsystems.net,,,,Needham,Massachusetts,US,02492
"Systems Design & Integration, Inc. (SDIBOSTON)",sdiboston.com,sdiboston.com,https://www.linkedin.com/company/systems-design-integration-inc,,,Needham,Massachusetts,US,02494
"Huntington Home Systems, Inc.",huntingtonhomesystems.com,huntingtonhomesystems.com,https://www.linkedin.com/company/huntington-home-systems,,,Newton,Massachusetts,US,02459
Heritage Smart Technologies,heritagesmart.com,heritagesmart.com,,,,Norfolk,Massachusetts,US,02056
Today's Smart Home,todayssmarthome.com,todayssmarthome.com,,,,North Andover,Massachusetts,US,01845
Audio Concepts,audioconceptsboston.com,audioconceptsboston.com,,,,North Attleborough,Massachusetts,US,02763
Boston Automations,bostonautomations.com,bostonautomations.com,https://www.linkedin.com/company/boston-automations,,,North Easton,Massachusetts,US,02356
EDGE Automation llc,edgeautomationsolutions.com,edgeautomationsolutions.com,,,,North Reading,Massachusetts,US,01864
Level Up Automation,levelupyourhome.com,levelupyourhome.com,,,,Northborough,Massachusetts,US,01532
Boston Audio Rentals,bostonaudiorentals.com,bostonaudiorentals.com,,,,Norwood,Massachusetts,US,02062
Advanced Audio & Video,advancedaav.com,advancedaav.com,,,,Orleans,Massachusetts,US,02653
Cape AV,capeav.com,capeav.com,,,,Orleans,Massachusetts,US,02653
Bluehome Custom Automation,getbluehome.com,getbluehome.com,,,,Quincy,Massachusetts,US,02171
Audio Spectrum Inc,audiospectrum.com,audiospectrum.com,,,,Randolph,Massachusetts,US,02368
Productive Media Inc,productivemedia.com,productivemedia.com,,,,Randolph,Massachusetts,US,02368
The Lifestyle Company,thelifestylecompany.co,thelifestylecompany.co,https://www.linkedin.com/company/the-lifestyle-company-tlc,,,Raynham,Massachusetts,US,02767
Sound and Vision Media,soundandvisionmedia.com,soundandvisionmedia.com,https://www.linkedin.com/company/sound-and-vision-media,,,Revere,Massachusetts,US,02151
Sandwich TV Home Entertainment,sandwichtvhomeentertainment.com,sandwichtvhomeentertainment.com,,,,Sandwich,Massachusetts,US,02563
Smarter Home inc.,smarterhomeinc.com,smarterhomeinc.com,,,,Sandwich,Massachusetts,US,02563
Mulholland AUDIO VIDEO,mulhollandaudiovideo.com,mulhollandaudiovideo.com,https://www.linkedin.com/company/mulholland-audio-video,,,Seekonk,Massachusetts,US,02771
Tech Install,techinstallinc.com,techinstallinc.com,,,,Somerville,Massachusetts,US,02143
Homelight Boston,homelightboston.com,homelightboston.com,,,,South Boston,Massachusetts,US,02127
Riordan Brothers Integration,riordanbrothers.com,riordanbrothers.com,https://www.linkedin.com/company/5710575,,,Stoughton,Massachusetts,US,02072
AudioArt,audioartne.com,audioartne.com,,,,Sudbury,Massachusetts,US,01776
Best Electricians Inc.,fittsbest.com,fittsbest.com,,,,Tisbury,Massachusetts,US,02568
Crane Appliance,craneappliance.com,craneappliance.com,,,,Tisbury,Massachusetts,US,02568
"Electronic Security Systems, LLC",essmv.com,essmv.com,,,,Tisbury,Massachusetts,US,02568
M V Tec Inc,mvtechinc.com,mvtechinc.com,,,,Tisbury,Massachusetts,US,02568
MV SOUND AND SECURITY,mvsoundweb.mvsoundandsecurity.com,mvsoundweb.mvsoundandsecurity.com,,,,Tisbury,Massachusetts,US,02568
MVIS,getmvis.com,getmvis.com,,,,Tisbury,Massachusetts,US,02568
Vineyard Sound Integration,vineyardsoundint.com,vineyardsoundint.com,https://www.linkedin.com/company/vineyard-sound-integration,,,Tisbury,Massachusetts,US,02568
iHome Systems,ihomesys.com,ihomesys.com,https://www.linkedin.com/company/2412151,,,Watertown,Massachusetts,US,02472
Elite Media Solutions,elitemediasolutions.com,elitemediasolutions.com,,,,Wellesley,Massachusetts,US,02481
SimpleHome,simplehome.net,simplehome.net,https://www.linkedin.com/company/SimpleHomene,,,Westwood,Massachusetts,US,02090
"Building Automation Systems, Inc.",building-automation.com,building-automation.com,https://www.linkedin.com/company/building-automation-systems-inc,,,Weymouth,Massachusetts,US,02189
Aztec Sound and Communications,aztecsound.com,aztecsound.com,https://www.linkedin.com/company/aztec-sound-and-communications-inc,,,Wilmington,Massachusetts,US,01887
General Network Inc,mygeneralnetwork.com,mygeneralnetwork.com,,,,Woburn,Massachusetts,US,01801
Kreative AV Inc.,kreativeav.com,kreativeav.com,,,,Woburn,Massachusetts,US,01801
Parsons Audio LLC,paudio.com,paudio.com,,,,Woburn,Massachusetts,US,01801
Professional Audio Associates,proaudioinc.com,proaudioinc.com,,,,Woburn,Massachusetts,US,01801
AV Integrators,avintegrators.co,avintegrators.co,,,,Worcester,Massachusetts,US,01608
Cape Cod Alarm,capecodalarm.com,capecodalarm.com,,,,Yarmouth,Massachusetts,US,02673
Osterville WiFi & Smart Home,ostervillewifiandsmarthome.com,ostervillewifiandsmarthome.com,,,,Yarmouth,Massachusetts,US,02675
Adrian Development LLC,adr-dev.com,adr-dev.com,,,,Annapolis,Maryland,US,21403
Advanced Green Home Solutions,advancedgreenhomesolutions.com,advancedgreenhomesolutions.com,,,,Annapolis,Maryland,US,21401
Atlantic Control Technologies,atlcontrol.com,atlcontrol.com,https://www.linkedin.com/company/atlantic-control-technologies,,,Annapolis,Maryland,US,21401
Baldinos Smart Home Center,besalarms.com,besalarms.com,,,,Annapolis,Maryland,US,21401
Chesapeake & Potomac Audio,chesapeakeav.com,chesapeakeav.com,,,,Annapolis,Maryland,US,21401
Chesapeake Electric,cheselectric.com,cheselectric.com,,,,Annapolis,Maryland,US,21401
Electronic Home Environments,ehenvironments.com,ehenvironments.com,,,,Annapolis,Maryland,US,21403
Great Home Construction LLC,greathomellc.com,greathomellc.com,,,,Annapolis,Maryland,US,21401
ICSI - International Computer Services Inc.,icsi.com,icsi.com,https://www.linkedin.com/company/international-computer-services-inc.,,,Annapolis,Maryland,US,21403
J Prime Electric,jprimeelectric.com,jprimeelectric.com,,,,Annapolis,Maryland,US,21401
Kemeski Systems,kemeskisystems.com,kemeskisystems.com,,,,Annapolis,Maryland,US,21401
Metropolitan Security & Surveillance,metropolitansecuritysurveillance.com,metropolitansecuritysurveillance.com,,,,Annapolis,Maryland,US,21403
Performance Home Automation,pha.systems,pha.systems,,,,Annapolis,Maryland,US,21401
ShoreStyle Home Solutions,shorestylemd.com,shorestylemd.com,,,,Annapolis,Maryland,US,21401
Smart Computing Solutions Inc,totallysmart.com,totallysmart.com,,,,Annapolis,Maryland,US,21401
"Smart Solutions, LLC",smartsolutions.dev,smartsolutions.dev,,,,Annapolis,Maryland,US,21401
SoftTouch POS & Payments,softtouchpos.com,softtouchpos.com,,,,Annapolis,Maryland,US,21401
Timberlake Homes,timberlakehomes.com,timberlakehomes.com,,,,Annapolis,Maryland,US,21401
Waypoint Networks LLC,waypointnetworks.com,waypointnetworks.com,,,,Annapolis,Maryland,US,21401
Weisman Electric Company,weismanelectric.com,weismanelectric.com,,,,Annapolis,Maryland,US,21401
Whitehall Building & Company,whitehallbuilding.com,whitehallbuilding.com,,,,Annapolis,Maryland,US,21401
"Chesapeake Systems Service, Inc.",shopcss.us,shopcss.us,,,,Annapolis Junction,Maryland,US,20701
Emergent Home Solutions,emergenths.com,emergenths.com,https://www.linkedin.com/company/bright-wire-solutions-llc,,,Annapolis Junction,Maryland,US,20701
Annapolis Bishop Electric,annapolisbishopelectric.com,annapolisbishopelectric.com,,,,Arnold,Maryland,US,21012
Brllnt Homes,brllnthomes.com,brllnthomes.com,,,,Arnold,Maryland,US,21012
"E.B. Lighting & Supplies, Inc",eblights.com,eblights.com,https://www.linkedin.com/company/e-b-lighting-supplies-inc-,,,Baltimore,Maryland,US,21202
Ellisson TV Mounting & Electrical Services,ellissontvmounting.com,ellissontvmounting.com,,,,Baltimore,Maryland,US,21207
Geller Lighting Supply,gellerlighting.com,gellerlighting.com,,,,Baltimore,Maryland,US,21227
Lighting Environments,lightingenvironments.com,lightingenvironments.com,,,,Baltimore,Maryland,US,21230
"Media Support Services, Inc.",mssav.com,mssav.com,,,,Baltimore,Maryland,US,21215
SOUNDSCAPE,soundscapemd.com,soundscapemd.com,,,,Baltimore,Maryland,US,21210
project iot,myprojectiot.com,myprojectiot.com,,,,Bel Air,Maryland,US,21014
"Innovative Security Systems, Inc - Access Control, CCTV and more",innovativesecurity.com,innovativesecurity.com,,,,Beltsville,Maryland,US,20705
RCI Systems,rcisystems.com,rcisystems.com,,,,Beltsville,Maryland,US,20705
"Accessible Home Solutions, LLC",accessiblehomesolutions.com,accessiblehomesolutions.com,,,,Bethesda,Maryland,US,20814
Bethesda Systems,bethesdasystems.com,bethesdasystems.com,,,,Bethesda,Maryland,US,20814
District-AV,district-av.com,district-av.com,,,,Bethesda,Maryland,US,20814
Dynamics Sync Solutions LLC,dynamicssync.com,dynamicssync.com,,,,Bethesda,Maryland,US,20817
Eisemann Theater,eisemann-theater.com,eisemann-theater.com,,,,Bethesda,Maryland,US,20814
Gaylord's Lamps & Shades,gaylordslampandshade.com,gaylordslampandshade.com,,,,Bethesda,Maryland,US,20814
JS Audio,jsaudio.com,jsaudio.com,,,,Bethesda,Maryland,US,20814
Maryland TV Mount,marylandtvmount.com,marylandtvmount.com,,,,Bethesda,Maryland,US,20814
Outdoor Illumination,outdoorillumination.com,outdoorillumination.com,,,,Bethesda,Maryland,US,20814
"Poseidon Systems, Inc",poseidonsystems.net,poseidonsystems.net,,,,Bethesda,Maryland,US,20816
Smart Building Technologies,smartbuildingtec.com,smartbuildingtec.com,https://www.linkedin.com/company/smart-bt,,,Bethesda,Maryland,US,20814
American Automation,american-automation.com,american-automation.com,,,,Bowie,Maryland,US,20715
Pull Up TV Mounting,pulluptvmounting.com,pulluptvmounting.com,,,,Bowie,Maryland,US,20716
Maryland Home Tech Consulting,mdhometech.com,mdhometech.com,,,,Catonsville,Maryland,US,21228
Unlimited Connect Installations,unlimitedconnect.com,unlimitedconnect.com,,,,Clinton,Maryland,US,20735
CCS Presentation Systems,ccsmidatlantic.com,ccsmidatlantic.com,,,,Columbia,Maryland,US,21045
Comm Link Inc,commlinkav.com,commlinkav.com,,,,Columbia,Maryland,US,21045
DZ Technology & Security LLC,dztechs.com,dztechs.com,,,,Columbia,Maryland,US,21045
"SCD Information Technology, LLC - MSP IT Support, Low Voltage Fiber Optic Data Cable, Access Control Company",scdit.com,scdit.com,https://www.linkedin.com/company/scd-information-technology,,,Columbia,Maryland,US,21046
SmartTouchUSA,smarttouchusa.com,smarttouchusa.com,https://www.linkedin.com/company/smarttouch---av,,,Columbia,Maryland,US,21045
System Automation,systemautomation.com,systemautomation.com,https://www.linkedin.com/company/system-automation-corporation,,,Columbia,Maryland,US,21046
"Vector Security - Columbia, MD",vectorsecurity.com,vectorsecurity.com,,,,Columbia,Maryland,US,21046
Signature Sound & Video,sigsv.com,sigsv.com,,,,Conshohocken,Maryland,US,19428
Petitbon Alarm Co.,petitbon.com,petitbon.com,,,,Crofton,Maryland,US,21114
Visual System Solutions & Integration (VSSI),vssi.llc,vssi.llc,,,,Crofton,Maryland,US,21114
"Home Tech Audio Video Concepts, Inc.",hometechav.com,hometechav.com,,,,Easton,Maryland,US,21601
SafeHouse LLC,thinksafehouse.com,thinksafehouse.com,,,,Easton,Maryland,US,21601
Shore Home Solutions,shorehomesolutions.com,shorehomesolutions.com,,,,Easton,Maryland,US,21601
Maddox Audio Video Design,maddoxav.com,maddoxav.com,,,,Edgewater,Maryland,US,21037
Best Integrated Systems,bestintegratedsystems.com,bestintegratedsystems.com,https://www.linkedin.com/company/best-integrated-systems,,,Elkridge,Maryland,US,21075
RTZ Audio Visual Associates Inc,rtzav.com,rtzav.com,,,,Elkridge,Maryland,US,21075
Limelight Audio Visual,limelightav.com,limelightav.com,,,,Ellicott City,Maryland,US,21043
THE WAY HOME PRODUCTIONS| Recording and Video Production in Ellicott City,thewayhomeproductions.com,thewayhomeproductions.com,,,,Ellicott City,Maryland,US,21043
Elite Home Entertainment,eheservices.com,eheservices.com,,,,Forest Hill,Maryland,US,21050
Ultimate Electronic Solutions,uesav.com,uesav.com,https://www.linkedin.com/company/ultimate-electronic-solutions,,,Fort Washington,Maryland,US,20744
Audio-Video Group,audiovideogroup.com,audiovideogroup.com,,,,Frederick,Maryland,US,21704
Gordon Systems-AVL Integration,gordon-systems.com,gordon-systems.com,,,,Gaithersburg,Maryland,US,20879
Innovative Developments LLC,innovativedevelopments.tech,innovativedevelopments.tech,,,,Gaithersburg,Maryland,US,20877
One Source Systems,onesourcesystems.com,onesourcesystems.com,https://www.linkedin.com/company/one-source-llc,,,Gaithersburg,Maryland,US,20879
SWAT AV,solutionsbyswat.com,solutionsbyswat.com,,,,Gaithersburg,Maryland,US,20878
Smart Automation Solutions,smartautomationsolutions.com,smartautomationsolutions.com,,,,Gaithersburg,Maryland,US,20877
Tech Hook-Up,tvmountinggermantown.com,tvmountinggermantown.com,,,,Germantown,Maryland,US,20876
Ultimate TV Mounting,ultimatetvmounting.com,ultimatetvmounting.com,,,,Glenn Dale,Maryland,US,20769
Hunt Audio Video,huntaudiovideo.com,huntaudiovideo.com,,,,Hagerstown,Maryland,US,21742
Global Audio Visual,globalaudiovisual.com,globalaudiovisual.com,,,,Hyattsville,Maryland,US,20781
"Casaplex, LLC",casaplex.com,casaplex.com,,,,Kensington,Maryland,US,20895
Total Audio Visual Systems,total-av.com,total-av.com,,,,Kensington,Maryland,US,20895
Level Up Automation Maryland,levelupautomationmd.com,levelupautomationmd.com,https://www.linkedin.com/company/level-up-your-home,,,Kingsville,Maryland,US,21087
Potomac Professional Audio Visual Solutions,potomacprofessionalav.com,potomacprofessionalav.com,,,,La Plata,Maryland,US,20646
Smart Automator | Washington DC Home Automation Electrician,smartautomator.com,smartautomator.com,,,,Lanham,Maryland,US,20706
Smarthost Design Technologies,smarthostdesign.com,smarthostdesign.com,https://www.linkedin.com/company/smarthosttech,,,Lanham,Maryland,US,20706
SMART automation,smart-iots.com,smart-iots.com,,,,Lansdowne,Maryland,US,20176
Metro Technical Services,metrotechnical.com,metrotechnical.com,https://www.linkedin.com/company/metro-technical-services-inc,,,Laurel,Maryland,US,20707
TomsBurg Surveillance,tomsburgsurveillance.com,tomsburgsurveillance.com,,,,Laurel,Maryland,US,20724
Just Audio,justaudiohifi.com,justaudiohifi.com,,,,Middle River,Maryland,US,21220
Elite Avid Group,eliteavidgroup.com,eliteavidgroup.com,,,,North Bethesda,Maryland,US,20852
Impact Home Technology LLC,impacthometechnology.com,impacthometechnology.com,,,,Ocean City,Maryland,US,21842
Ultimate Home Innovations,ultimatehomeinnovations.com,ultimatehomeinnovations.com,,,,Odenton,Maryland,US,21113
"Albrecht Properties & Home Improvements, Inc.",albrechthomeimprovements.com,albrechthomeimprovements.com,,,,Pasadena,Maryland,US,21122
Arundel Home Improvements Inc,arundelhomeimprovement.com,arundelhomeimprovement.com,,,,Pasadena,Maryland,US,21122
Building Automation Services Inc,bas-inc.net,bas-inc.net,,,,Pasadena,Maryland,US,21122
HS Technology Group,hstechgroup.com,hstechgroup.com,https://www.linkedin.com/company/hs-technology-group,,,Pikesville,Maryland,US,21208
Electronic Cinema Service,electroniccinemaservice.com,electroniccinemaservice.com,,,,Poolesville,Maryland,US,20837
"All About Sound and Video, Inc.",aasv.tv,aasv.tv,,,,Potomac,Maryland,US,20854
A.B.E. Networks,abenetworks.com,abenetworks.com,https://www.linkedin.com/company/abe-networks,,,Rockville,Maryland,US,20852
Chase Systems LLC,chasesystems.com,chasesystems.com,,,,Rockville,Maryland,US,20852
Home Technology Architects,htarchitects.com,htarchitects.com,https://www.linkedin.com/company/home-technology-architects,,,Rockville,Maryland,US,20852
National Technology Integrators,nti.llc,nti.llc,,,,Rockville,Maryland,US,20850
The Big Screen Store,thebigscreenstore.com,thebigscreenstore.com,,,,Rockville,Maryland,US,20852
Haas & Sons Electric - Electricians,haasandsons.com,haasandsons.com,,,,Severna Park,Maryland,US,21108
HiTech Upgrades,hitechupgrades.com,hitechupgrades.com,,,,Severna Park,Maryland,US,21146
A Backyard Movie Service JTB ENTERTAINMENT GROUP,jtbentertainmentgroup.com,jtbentertainmentgroup.com,,,,Silver Spring,Maryland,US,20902
AICyberHelp,aicyberhelp.com,aicyberhelp.com,,,,Silver Spring,Maryland,US,20901
Home Services LLC,home-services.us,home-services.us,,,,Silver Spring,Maryland,US,20906
Higgins & Spencer Inc,higginsandspencer.com,higginsandspencer.com,,,,St Michaels,Maryland,US,21663
Strategic Home Media,strategichomemedia.com,strategichomemedia.com,,,,Stevensville,Maryland,US,21666
Audio Description Associates LLC,audiodescribe.com,audiodescribe.com,,,,Takoma Park,Maryland,US,20912
Gramophone,gramophone.com,gramophone.com,,,,Timonium,Maryland,US,21093
Lit Live Videography & Marketing Solutions,litlivesolutions.com,litlivesolutions.com,,,,Upper Marlboro,Maryland,US,20772
"Innoface Systems, Inc",innofacesystems.com,innofacesystems.com,,,,Washington,Maryland,US,20036
Media Rooms Inc,mediaroomsinc.com,mediaroomsinc.com,,,,West Chester,Maryland,US,19382
WPS | Washington Professional Systems,wpsproav.com,wpsproav.com,,,,Wheaton-Glenmont,Maryland,US,20902
Huston & Company,hustonandcompany.com,hustonandcompany.com,,,,Arundel,Maine,US,04046
Connectivity Point Design & Installation,connectivitypoint.com,connectivitypoint.com,,,,Auburn,Maine,US,04210
Benchmark Multimedia,benchmarkmultimedia.com,benchmarkmultimedia.com,,,,Biddeford,Maine,US,04005
Av Systems of Maine L.L.C.,avsystemsofmaine.com,avsystemsofmaine.com,,,,Bowdoinham,Maine,US,04008
Atlantic AV,atlanticav.com,atlanticav.com,https://www.linkedin.com/company/atlantic-av,,,Brunswick,Maine,US,04011
Woofer Audio Video Elect Inc,wooferave.com,wooferave.com,,,,Cumberland,Maine,US,04021
Dutra Video Systems,videoengineering.com,videoengineering.com,,,,Eliot,Maine,US,03903
Power Sound of New England,powersoundne.com,powersoundne.com,,,,Eliot,Maine,US,03903
Xclusiv Audio,findmyremotestart.com,findmyremotestart.com,,,,Fairfield,Maine,US,04937
Cunningham Security Systems,cunninghamsecurity.com,cunninghamsecurity.com,,,,Falmouth,Maine,US,04105
McGuire Controls,mcguirecontrols.com,mcguirecontrols.com,,,,Falmouth,Maine,US,04105
Home Tech Solutions,hometechsolutions.org,hometechsolutions.org,,,,Freeport,Maine,US,04032
Maine Automation Inc,maineautomation.com,maineautomation.com,,,,Gorham,Maine,US,04038
Americana Workshop,awkshop.com,awkshop.com,,,,Kennebunk,Maine,US,04043
Appliance Advantage,theapplianceadvantage.com,theapplianceadvantage.com,,,,Kennebunk,Maine,US,04043
Aspire Home,aspirehomekennebunk.com,aspirehomekennebunk.com,,,,Kennebunk,Maine,US,04043
Ed's Alltronics,edsalltronics.com,edsalltronics.com,,,,Kennebunk,Maine,US,04043
Griffon Security Technologies,griffonsecurity.com,griffonsecurity.com,,,,Kennebunk,Maine,US,04043
Habitat For Humanity York County ReStore,habitatyorkcounty.org,habitatyorkcounty.org,,,,Kennebunk,Maine,US,04043
Saltwater Home,saltwater-home.com,saltwater-home.com,,,,Kennebunk,Maine,US,04043
"SmartHome Solutions, Inc",smarthomesolutionsinc.com,smarthomesolutionsinc.com,https://www.linkedin.com/company/smarthome-solutions-inc-,,,Kennebunk,Maine,US,04043
Video Creations,videocreations.tv,videocreations.tv,,,,Kennebunk,Maine,US,04043
"Alpine Building Co, LLC - RESChecks & Handyman",alpinebuildingconsultants.com,alpinebuildingconsultants.com,,,,Kennebunkport,Maine,US,04046
"Gary E Martin, Inc. Builders",garymartinbuilders.com,garymartinbuilders.com,,,,Kennebunkport,Maine,US,04046
Spang Builders,spangbuilders.com,spangbuilders.com,,,,Kennebunkport,Maine,US,04046
K Tronics Satellite Home Theater,ktronicsmaine.com,ktronicsmaine.com,,,,Madison,Maine,US,04950
360 Media Ventures,360mediaventures.com,360mediaventures.com,https://www.linkedin.com/company/360mediaventures,,,Portland,Maine,US,04101
A Tech Electric,atechelectricmaine.weebly.com,atechelectricmaine.weebly.com,,,,Portland,Maine,US,04103
Accent on Windows,accentonwindows.net,accentonwindows.net,,,,Portland,Maine,US,04102
Bell Electric,thebellelectric.com,thebellelectric.com,https://www.linkedin.com/company/bell-electric207,,,Portland,Maine,US,04103
Bulldog Automation,bulldogautomation.com,bulldogautomation.com,,,,Portland,Maine,US,04103
"Casco Bay Electric, LLC.",cascobayelectric.com,cascobayelectric.com,,,,Portland,Maine,US,04103
DC Home Systems-Maine,dchomesystems.com,dchomesystems.com,https://www.linkedin.com/company/daisyco,,,Portland,Maine,US,04102
Ekim IT Solutions,ekimit.com,ekimit.com,,,,Portland,Maine,US,04102
EverPresent,everpresent.com,everpresent.com,,,,Portland,Maine,US,04101
Fogg Lighting,fogglighting.com,fogglighting.com,,,,Portland,Maine,US,04101
Gilman Electrical Supply,gilmanportland.portalced.com,gilmanportland.portalced.com,,,,Portland,Maine,US,04102
Good Theater,goodtheater.com,goodtheater.com,,,,Portland,Maine,US,04103
Greater Portland Electric,greaterportlandelectric.com,greaterportlandelectric.com,,,,Portland,Maine,US,04103
Groff Video,groffvideo.com,groffvideo.com,,,,Portland,Maine,US,04101
Headlight Audio Visual Inc,headlightav.com,headlightav.com,https://www.linkedin.com/company/headlight-audio-visual,,,Portland,Maine,US,04103
Independent Audio,independentaudio.com,independentaudio.com,,,,Portland,Maine,US,04102
Industrial Automation Supply,iasinc.com,iasinc.com,https://www.linkedin.com/company/industrial-automation-supply,,,Portland,Maine,US,04103
Maine Hardware,mainehardware.com,mainehardware.com,,,,Portland,Maine,US,04102
Maine Video Marketing,mevideomarketing.com,mevideomarketing.com,,,,Portland,Maine,US,04103
Mr. Handyman of Greater Portland,mrhandyman.com,mrhandyman.com,,,,Portland,Maine,US,04103
Navadise Media,navadisemedia.com,navadisemedia.com,,,,Portland,Maine,US,04103
Ocean AVL,ocean-avl.com,ocean-avl.com,,,,Portland,Maine,US,04103
Port City Video,portcityvideo.com,portcityvideo.com,,,,Portland,Maine,US,04101
Portland House Of Music and Events (HOME),portlandhouseofmusic.com,portlandhouseofmusic.com,,,,Portland,Maine,US,04101
Portland Stage,portlandstage.org,portlandstage.org,,,,Portland,Maine,US,04101
Sonar Digital,sonardigital.co,sonardigital.co,,,,Portland,Maine,US,04101
Sonic Pictures,sonicpictures.com,sonicpictures.com,,,,Portland,Maine,US,04103
State Theatre,statetheatreportland.com,statetheatreportland.com,,,,Portland,Maine,US,04101
Studio Electric,studioelectric.tv,studioelectric.tv,,,,Portland,Maine,US,04101
The Apohadion Theater,apohadiontheater.org,apohadiontheater.org,,,,Portland,Maine,US,04101
The Audio Non-Visual Company,nonvisual.org,nonvisual.org,,,,Portland,Maine,US,04101
The Studio Portland,thestudioportland.com,thestudioportland.com,,,,Portland,Maine,US,04101
True Life Media,truelifemedia.com,truelifemedia.com,,,,Portland,Maine,US,04103
flyte new media,takeflyte.com,takeflyte.com,https://www.linkedin.com/company/flyte-new-media,,,Portland,Maine,US,04101
p3 creative,p3creative.co,p3creative.co,,,,Portland,Maine,US,04101
Launch Automation,launch-automation.com,launch-automation.com,,,,Raymond,Maine,US,04071
Fusion Audio Video,gofusionaudiovideo.com,gofusionaudiovideo.com,,,,Rockport,Maine,US,04856
Transparent Audio Inc.,transparentcable.com,transparentcable.com,,,,Saco,Maine,US,04072
"AV Technik, LLC",avtechnik.com,avtechnik.com,,,,Scarborough,Maine,US,04074
BCM Controls Corporation ( formerly Advance Technology Inc),bcmcontrols.com,bcmcontrols.com,https://www.linkedin.com/company/bcm-controls-corporation,,,Scarborough,Maine,US,04074
Canfield Systems Inc,canfieldsystems.com,canfieldsystems.com,,,,Scarborough,Maine,US,04074
Complete Mobile,completemobile.com,completemobile.com,,,,Scarborough,Maine,US,04074
Digital Sky,digitalsky.us.com,digitalsky.us.com,,,,Scarborough,Maine,US,04074
Tucker and Tucker Associates Audio and Video by Design,tuckerandtucker.com,tuckerandtucker.com,,,,Scarborough,Maine,US,04074
Agren,agrenappliance.com,agrenappliance.com,,,,South Portland,Maine,US,04106
Audio King Studio,audiokingstudio.com,audiokingstudio.com,,,,South Portland,Maine,US,04106
Entertainment Luxury Cinemas South Portland,entertainmentcinemas.com,entertainmentcinemas.com,,,,South Portland,Maine,US,04106
"Herman Mantis, Inc.",hermanmantis.com,hermanmantis.com,,,,South Portland,Maine,US,04106
NORTHEAST Technologies,northetech.com,northetech.com,,,,South Portland,Maine,US,04106
Norris Inc.,norrisinc.com,norrisinc.com,,,,South Portland,Maine,US,04106
Portland Media Group,portlandmediagrp.com,portlandmediagrp.com,,,,South Portland,Maine,US,04106
Maine Audio Visual,maineaudiovisual.com,maineaudiovisual.com,,,,Turner,Maine,US,04282
Katahdin Audio,katahdinaudio.com,katahdinaudio.com,,,,Waterboro,Maine,US,04030
"Flagship Premium Cinemas, Wells",wells.flagshipcinemas.com,wells.flagshipcinemas.com,,,,Wells,Maine,US,04090
HomeWiz,yourhomewiz.com,yourhomewiz.com,,,,Wells,Maine,US,04090
TC Hafford Basement Systems,tchafford.com,tchafford.com,,,,Wells,Maine,US,04090
Goodnow Electric,goodnowelectric.com,goodnowelectric.com,,,,Westbrook,Maine,US,04092
Downeast Audio Video,downeastaudiovideo.com,downeastaudiovideo.com,,,,Wiscasset,Maine,US,04578
Kyler's Tech Solutions,kylerstechsolutions.com,kylerstechsolutions.com,,,,Yarmouth,Maine,US,04096
Cliff House Maine,cliffhousemaine.com,cliffhousemaine.com,,,,York,Maine,US,03902
ADAMS ELECTRIC SHOP LLC,adamselectricshop.com,adamselectricshop.com,,,,Ann Arbor,Michigan,US,48108
AV Multimedia Solutions,avmultimediasolutionsmi.com,avmultimediasolutionsmi.com,,,,Ann Arbor,Michigan,US,48108
All Star Alarm LLC,allstaralarmllc.com,allstaralarmllc.com,,,,Ann Arbor,Michigan,US,48104
Altech Mechanical Service,altechmechanical.com,altechmechanical.com,,,,Ann Arbor,Michigan,US,48103
Ann Arbor Amplifier,annarboramplifier.com,annarboramplifier.com,,,,Ann Arbor,Michigan,US,48103
Architectural Media Systems,architecturalmediasystems.com,architecturalmediasystems.com,,,,Ann Arbor,Michigan,US,48103
Association for Advancing Automation,automate.org,automate.org,,,,Ann Arbor,Michigan,US,48108
Big George's Home Appliance Mart,big-georges.com,big-georges.com,,,,Ann Arbor,Michigan,US,48103
Comfort Mechanical Heating and Cooling,comfortmechanicalhvac.com,comfortmechanicalhvac.com,,,,Ann Arbor,Michigan,US,48108
Complete Production Systems,comprodsys.com,comprodsys.com,,,,Ann Arbor,Michigan,US,48103
Design Electrical Solutions Inc,designesinc.com,designesinc.com,,,,Ann Arbor,Michigan,US,48108
Ecotelligent Homes,ecotelligenthomes.com,ecotelligenthomes.com,,,,Ann Arbor,Michigan,US,48104
FAAC Incorporated,faac.com,faac.com,,,,Ann Arbor,Michigan,US,48108
Ferguson Plumbing Supply,ferguson.com,ferguson.com,,,,Ann Arbor,Michigan,US,48104
Gross Lighting & Home,grosslighting.com,grosslighting.com,,,,Ann Arbor,Michigan,US,48104
Handy Hometown Services,handyhometownservices.com,handyhometownservices.com,,,,Ann Arbor,Michigan,US,48103
"HistoSonics, Inc.",histosonics.com,histosonics.com,https://www.linkedin.com/company/histosonics-inc-,,,Ann Arbor,Michigan,US,48108
IVC Communications,ivccommunications.com,ivccommunications.com,,,,Ann Arbor,Michigan,US,48104
Intelisys Solutions,gointelisys.com,gointelisys.com,,,,Ann Arbor,Michigan,US,48103
Killer Electric,killerelectric.com,killerelectric.com,,,,Ann Arbor,Michigan,US,48104
Managed IT Services In Ann Arbor - CTS Companies,cts-companies.com,cts-companies.com,https://www.linkedin.com/company/cts-companies,,,Ann Arbor,Michigan,US,48108
Michigan Stadium,mgoblue.com,mgoblue.com,,,,Ann Arbor,Michigan,US,48104
Mr. Tunes,mrtunes.net,mrtunes.net,,,,Ann Arbor,Michigan,US,48104
Muse Audio,muse.audio,muse.audio,,,,Ann Arbor,Michigan,US,48103
NuLimit Electric,nulimitcontractors.com,nulimitcontractors.com,,,,Ann Arbor,Michigan,US,48103
Overture Audio,overture-audio.com,overture-audio.com,,,,Ann Arbor,Michigan,US,48103
Paragon Sight & Sound,paragonsns.com,paragonsns.com,,,,Ann Arbor,Michigan,US,48103
Premier Car Audio,premiercaraudio.net,premiercaraudio.net,,,,Ann Arbor,Michigan,US,48103
RealTruck,realtruck.com,realtruck.com,,,,Ann Arbor,Michigan,US,48108
Rosemark System,rosemarksystem.com,rosemarksystem.com,https://www.linkedin.com/company/shoshana-technologies-inc-,,,Ann Arbor,Michigan,US,48105
Rudolph Technology & Associates,rudolphtechnology.com,rudolphtechnology.com,,,,Ann Arbor,Michigan,US,48104
Solid Sound Recording Co.,solidsound.net,solidsound.net,,,,Ann Arbor,Michigan,US,48105
Stadium Hardware Inc.,stadiumhardware.net,stadiumhardware.net,,,,Ann Arbor,Michigan,US,48103
TEL Systems - Thalner Electronics,thalner.com,thalner.com,https://www.linkedin.com/company/tel-systems-thalner,,,Ann Arbor,Michigan,US,48103
THS Audio,thsaudio.com,thsaudio.com,,,,Ann Arbor,Michigan,US,48105
VMT Vision Systems Inc. Ann Arbor,vmt-vision-technology.com,vmt-vision-technology.com,,,,Ann Arbor,Michigan,US,48108
Wolverine Low Voltage,wolverinelowvoltage.com,wolverinelowvoltage.com,https://www.linkedin.com/company/wolverine-low-voltage,,,Ann Arbor,Michigan,US,48108
World Market,worldmarket.com,worldmarket.com,,,,Ann Arbor,Michigan,US,48104
Genesys,thegenesys.com,thegenesys.com,,,,Auburn Hills,Michigan,US,48326
Innovative Audio Video Sales,iavsales.com,iavsales.com,,,,Auburn Hills,Michigan,US,48326
J. Simon & Sons Electrical Contractors,jsimonelectric.com,jsimonelectric.com,,,,Berkley,Michigan,US,48072
The Modern Home Theater,themoderntheater.org,themoderntheater.org,,,,Birmingham,Michigan,US,48009
Gramophone Home Theater,gramophonehometheater.com,gramophonehometheater.com,,,,Bloomfield Hills,Michigan,US,48302
The Crystal View,thecrystalview.com,thecrystalview.com,,,,Caledonia,Michigan,US,49316
Absolute Automation,absoluteautomation.com,absoluteautomation.com,,,,Casco,Michigan,US,48064
Digital Interiors,digitalinteriorshd.com,digitalinteriorshd.com,,,,Clawson,Michigan,US,48017
Audio Imaging Specialists Inc.,audioimagingspecialists.com,audioimagingspecialists.com,,,,Clinton Township,Michigan,US,48035
"Jarbcom - Home Automation, Security, TV Mounting, Audio & Video",jarbcom.com,jarbcom.com,,,,Commerce Township,Michigan,US,48390
VerPlank Electric Inc.,verplankelectric.com,verplankelectric.com,,,,Comstock Park,Michigan,US,49321
The Home Security Guys,thehomesecurityguys.com,thehomesecurityguys.com,,,,Dearborn Heights,Michigan,US,48125
Audio Engineers of Detroit,aedetroit.com,aedetroit.com,https://www.linkedin.com/company/aedetroit,,,Detroit,Michigan,US,48201
Aurora Field - Wallpaper Installer in Michigan,aurora-field-design.space,aurora-field-design.space,,,,Detroit,Michigan,US,48201
Blake's Installation Service LLc,blakesinstallationservices.com,blakesinstallationservices.com,,,,Detroit,Michigan,US,48214
CITIZENS STATEWIDE HOME SECURITY DETROIT INC,securitycompaniesdetroitmi.com,securitycompaniesdetroitmi.com,,,,Detroit,Michigan,US,48243
Creative Audio Solutions,casdetroit.com,casdetroit.com,,,,Detroit,Michigan,US,48243
Detroit Field Techs,detroitfieldtechs.com,detroitfieldtechs.com,,,,Detroit,Michigan,US,48202
Detroit Integrated Electronics (DIE SYSTEMS),die.systems,die.systems,,,,Detroit,Michigan,US,48202
Detroit Opera House,detroitopera.org,detroitopera.org,,,,Detroit,Michigan,US,48226
Detroit Sound Station,soundstation.tech,soundstation.tech,,,,Detroit,Michigan,US,48210
Detroit handyman,detroithandyman.net,detroithandyman.net,,,,Detroit,Michigan,US,48226
Elevate Production Group,elevateproductiongroup.com,elevateproductiongroup.com,https://www.linkedin.com/company/corporate-production-services-group-llc,,,Detroit,Michigan,US,48226
Fox Theatre,313presents.com,313presents.com,,,,Detroit,Michigan,US,48201
Logical Owl,logicalowl.com,logicalowl.com,,,,Detroit,Michigan,US,48202
Motor City Electric Technologies,mceco.com,mceco.com,https://www.linkedin.com/company/mceco,,,Detroit,Michigan,US,48213
Murray Electrical Supply Co.,murraylighting.com,murraylighting.com,,,,Detroit,Michigan,US,48221
Museum of Illusions,moidetroit.com,moidetroit.com,,,,Detroit,Michigan,US,48226
Sound Board Theater,soundboarddetroit.com,soundboarddetroit.com,,,,Detroit,Michigan,US,48201
Vision Installation Group,vig369.com,vig369.com,,,,Detroit,Michigan,US,48226
Vista Solutions Inc.,vistasolutions.ca,vistasolutions.ca,https://www.linkedin.com/company/249527,,,Detroit,Michigan,US,48202
Wescomm Technologies Inc.,wescommtech.com,wescommtech.com,https://www.linkedin.com/company/wescomm-technologies-inc.,,,Detroit,Michigan,US,48243
Ambience Home Technology,ambiencehometech.com,ambiencehometech.com,https://www.linkedin.com/company/6330429,,,Douglas,Michigan,US,49406
Audio Visual Central LLC,audiovisualcentral.com,audiovisualcentral.com,,,,Farmington Hills,Michigan,US,48335
Paulson's Audio & Video Inc,paulsonsav.com,paulsonsav.com,https://www.linkedin.com/company/paulson%27s-audio-&-video,,,Farmington Hills,Michigan,US,48331
"Fuse Technology Group | IT Consulting and IT Services Provider Ferndale, MI",fusetg.com,fusetg.com,https://www.linkedin.com/company/fusetg,,,Ferndale,Michigan,US,48220
Lighting Supply,lightingsupply.com,lightingsupply.com,,,,Ferndale,Michigan,US,48220
TruMedia,trumediahome.com,trumediahome.com,,,,Forest Hills,Michigan,US,49301
The Sound Vision,thesoundvision.com,thesoundvision.com,https://www.linkedin.com/company/the-sound-vision,,,Franklin,Michigan,US,48025
Eisen AV,eisenav.com,eisenav.com,,,,Grand Haven,Michigan,US,49417
320 Automation LLC,320automation.com,320automation.com,,,,Grand Rapids,Michigan,US,49548
All-Phase Electric Supply,allphasegr.com,allphasegr.com,https://www.linkedin.com/company/all-phase-electric-supply-grand-rapids-mi,,,Grand Rapids,Michigan,US,49504
Audio Video Interiors Group,avigroup.biz,avigroup.biz,,,,Grand Rapids,Michigan,US,49525
Bring Back Analog,bringbackanalog.com,bringbackanalog.com,,,,Grand Rapids,Michigan,US,49508
Cochrane Supply & Engineering,cochranesupply.com,cochranesupply.com,https://www.linkedin.com/company/cochrane-supply-&-engineering,,,Grand Rapids,Michigan,US,49504
Control Electric,controlelectricinc.com,controlelectricinc.com,,,,Grand Rapids,Michigan,US,49546
Control Logic of Michigan,clomi.com,clomi.com,https://www.linkedin.com/company/control-logic-of-michigan,,,Grand Rapids,Michigan,US,49512
Created Control,createdcontrol.com,createdcontrol.com,,,,Grand Rapids,Michigan,US,49505
EPS Security,epssecurity.com,epssecurity.com,,,,Grand Rapids,Michigan,US,49504
Enertemp Inc,enertemp.com,enertemp.com,,,,Grand Rapids,Michigan,US,49508
Flotronics Automation,flotronicsautomation.com,flotronicsautomation.com,,,,Grand Rapids,Michigan,US,49503
Grand Rapids Lighting Center,grandrapidslighting.com,grandrapidslighting.com,,,,Grand Rapids,Michigan,US,49512
"Grand Rapids Tech (GR Tech) - Managed IT, Cyber Security, Security Cameras, Networks, and Marketing.",grandrapids.tech,grandrapids.tech,,,,Grand Rapids,Michigan,US,49525
Great Lakes Ace,greatlakesace.com,greatlakesace.com,,,,Grand Rapids,Michigan,US,49503
Great Lakes Automation Supply,glasupply.com,glasupply.com,https://www.linkedin.com/company/great-lakes-automation-supply,,,Grand Rapids,Michigan,US,49548
HS Inc. Automation,hsinc.us,hsinc.us,https://www.linkedin.com/company/h-s-die-engineering,,,Grand Rapids,Michigan,US,49544
Home Pro MI,homepromi.com,homepromi.com,,,,Grand Rapids,Michigan,US,49534
ITPartners+,itpartners.com,itpartners.com,,,,Grand Rapids,Michigan,US,49546
K Group Companies,kgroupcompanies.com,kgroupcompanies.com,https://www.linkedin.com/company/k-group-companies,,,Grand Rapids,Michigan,US,49504
KVO Communications Inc,kvoav.com,kvoav.com,,,,Grand Rapids,Michigan,US,49534
Light Bulb Co,thelightbulbco.com,thelightbulbco.com,https://www.linkedin.com/company/the-light-bulb-co,,,Grand Rapids,Michigan,US,49548
Linden Lighting Services,lindenlighting.net,lindenlighting.net,,,,Grand Rapids,Michigan,US,49548
LiveSpace,livespace.com,livespace.com,https://www.linkedin.com/company/livespaceavl,,,Grand Rapids,Michigan,US,49546
Misfitz Audio,misfitzaudio.com,misfitzaudio.com,,,,Grand Rapids,Michigan,US,49512
Oncore AV,oavpro.com,oavpro.com,,,,Grand Rapids,Michigan,US,49504
PanelBoy Controls LLC,panelboycontrols.com,panelboycontrols.com,,,,Grand Rapids,Michigan,US,49504
Pro AI LLC,proaigr.com,proaigr.com,,,,Grand Rapids,Michigan,US,49506
Progressive Companies,weareprogressive.com,weareprogressive.com,,,,Grand Rapids,Michigan,US,49525
SecurAlarm LLC,securalarm.com,securalarm.com,,,,Grand Rapids,Michigan,US,49509
Shaltz Automation,shaltzautomation.com,shaltzautomation.com,https://www.linkedin.com/company/shaltz-automation,,,Grand Rapids,Michigan,US,49548
TKS Security,gotks.com,gotks.com,,,,Grand Rapids,Michigan,US,49503
Tuff Automation,tuffautomation.com,tuffautomation.com,https://www.linkedin.com/company/tuff-automation,,,Grand Rapids,Michigan,US,49534
Vector Automation of America LLC,vectorautomation.com,vectorautomation.com,,,,Grand Rapids,Michigan,US,49503
Webb Electric of Grand Rapids Inc.,grand-rapids-electric.com,grand-rapids-electric.com,,,,Grand Rapids,Michigan,US,49503
"Grand Valley Automation, Inc.",gvainc.com,gvainc.com,,,,Grandville,Michigan,US,49418
HELM Automation LLC,helmautomation.com,helmautomation.com,,,,Grandville,Michigan,US,49418
The Lighting Corner,thelightingcorner.com,thelightingcorner.com,,,,Grandville,Michigan,US,49418
American Home Technology,ahtech.com,ahtech.com,,,,Harbor Springs,Michigan,US,49740
Grand Home Automation,grandhome.com,grandhome.com,https://www.linkedin.com/company/grand-home-automation,,,Hudsonville,Michigan,US,49426
Integrated Smart Technologies,istmi.com,istmi.com,,,,Jackson,Michigan,US,49202
A+ Lighting Solutions,apluslightingllc.com,apluslightingllc.com,,,,Jenison,Michigan,US,49428
Automation Design + Entertainment,automation-design.com,automation-design.com,https://www.linkedin.com/company/automationdesign,,,Kalamazoo,Michigan,US,49009
Gotcha Covered of Grand Rapids,gotchacovered.com,gotchacovered.com,,,,Kentwood,Michigan,US,49508
NEFF Automation,neffautomation.com,neffautomation.com,,,,Kentwood,Michigan,US,49512
Wire Wizards Electrical,wirewizardselectricalllc.com,wirewizardselectricalllc.com,,,,Kentwood,Michigan,US,49512
Building Electronics & Engineering LLC,buzzerguy.com,buzzerguy.com,,,,Livonia,Michigan,US,48150
In Tune Rentals LLC,intunerentals.com,intunerentals.com,,,,Livonia,Michigan,US,48150
Prudential Alarm,prudentialalarms.com,prudentialalarms.com,,,,Livonia,Michigan,US,48154
Tint World,tintworld.com,tintworld.com,https://www.linkedin.com/company/tint-world,,,Livonia,Michigan,US,48150
New Age Entertainment Inc.,newagehometheaters.com,newagehometheaters.com,,,,Macomb,Michigan,US,48042
Clarus Lighting & Controls,clarus-lighting.com,clarus-lighting.com,,,,Madison Heights,Michigan,US,48071
Galco,galco.com,galco.com,,,,Madison Heights,Michigan,US,48071
Interactive Lighting Supply,interactivelightingsupply.com,interactivelightingsupply.com,,,,Madison Heights,Michigan,US,48071
On Site Specialists,ossdetroit.com,ossdetroit.com,https://www.linkedin.com/company/on-site-specialists,,,Madison Heights,Michigan,US,48071
Universe Electric,universeelec.com,universeelec.com,,,,Madison Heights,Michigan,US,48071
Smart Offices and Smart Homes,smartofficesandsmarthomes.com,smartofficesandsmarthomes.com,https://www.linkedin.com/company/smart-homes-&-smart-offices,,,Mason,Michigan,US,48854
Eco Smart Home Pros,ecosmarthomepros.com,ecosmarthomepros.com,,,,Muskegon,Michigan,US,49445
Exotic Automation - Headquarters & ParkerStore,exoticautomation.com,exoticautomation.com,,,,New Hudson,Michigan,US,48165
SR Audio Inc.,sr-productions.com,sr-productions.com,,,,Oak Park,Michigan,US,48237
Creative Sound Solutions,css-audio.com,css-audio.com,,,,Plymouth,Michigan,US,48170
Premium Sound Solutions,premiumsoundsolutions.com,premiumsoundsolutions.com,,,,Plymouth,Michigan,US,48170
JBM Automation,jbmautomation.com,jbmautomation.com,https://www.linkedin.com/company/jbm-automation,,,Portage,Michigan,US,49002
Sound Planning Communications,soundplanningavl.com,soundplanningavl.com,,,,Redford Township,Michigan,US,48239
Wied Automation Inc.,wied-automation.com,wied-automation.com,,,,Redford Township,Michigan,US,48240
Syntronic Systems ~ Michigan Home Theater and Technology Experts,syntronicav.com,syntronicav.com,https://www.linkedin.com/company/syntronic-systems-llc,,,Rochester,Michigan,US,48309
Mark Electronics,markelectronics.net,markelectronics.net,,,,Rochester Hills,Michigan,US,48309
Almas Hi-Fi Stereo,getalmashifi.com,getalmashifi.com,,,,Royal Oak,Michigan,US,48073
Emagine Royal Oak,emagine-entertainment.com,emagine-entertainment.com,,,,Royal Oak,Michigan,US,48067
Metro Detroit Integrated Systems,mdisnow.com,mdisnow.com,,,,Royal Oak,Michigan,US,48073
Smart Home Innovations,smarthomeinno.com,smarthomeinno.com,,,,Saginaw,Michigan,US,48603
Audio Video System,audiovideosystem.com,audiovideosystem.com,,,,Shelby Township,Michigan,US,48315
FPAV Electronics,fpavelectronics.com,fpavelectronics.com,https://www.linkedin.com/company/feature-presentation-audio-&-video-llc.,,,Shelby Township,Michigan,US,48315
Telesis Electronics,telesiselectronics.com,telesiselectronics.com,,,,South Lyon,Michigan,US,48178
Guardian Alarm,guardianalarm.com,guardianalarm.com,,,,Southfield,Michigan,US,48033
SoundCheck,soundcheckllc.com,soundcheckllc.com,,,,Southfield,Michigan,US,48076
SE Solution,sesolution.us,sesolution.us,,,,Sterling Heights,Michigan,US,48312
Michigan Home Improvements,michiganhomeimprovements.com,michiganhomeimprovements.com,,,,Taylor,Michigan,US,48180
Production Management One Detroit,productionmanagementone.com,productionmanagementone.com,,,,Taylor,Michigan,US,48180
Creative Day Technologies,creativeday.com,creativeday.com,,,,Troy,Michigan,US,48083
IntelliTech Systems Inc.,intellitech-systems.com,intellitech-systems.com,https://www.linkedin.com/company/intellitech-systems,,,Troy,Michigan,US,48083
Spire Integrated Systems,spireintegrated.com,spireintegrated.com,https://www.linkedin.com/company/spire-integrated-systems,,,Troy,Michigan,US,48084
Tech Automation Inc.,tech-automation.com,tech-automation.com,https://www.linkedin.com/company/tech-automation-inc-,,,Troy,Michigan,US,48083
Axis Automation,axisco.com,axisco.com,,,,Walker,Michigan,US,49544
Thierica Automation & Equipment Co.,thiequip.com,thiequip.com,,,,Walker,Michigan,US,49534
"Sound Pictures, Inc.",soundpicturesonline.com,soundpicturesonline.com,,,,Westland,Michigan,US,48185
Harbert Home Systems,harberthomesystems.com,harberthomesystems.com,https://www.linkedin.com/company/harberthomesystems,,,Williamston,Michigan,US,48895
Bluewater,bluewatertech.com,bluewatertech.com,,,,Wixom,Michigan,US,48393
Omni Cabling & Technology Integration,omnicabling.com,omnicabling.com,https://www.linkedin.com/company/omni-cabling,,,Wixom,Michigan,US,48393
"Control Solutions, Inc",controlyourbuilding.com,controlyourbuilding.com,,,,Wyoming,Michigan,US,49509
Av Installation | Hm Audio Visual Services,hmavservices.com,hmavservices.com,,,,Ypsilanti,Michigan,US,48197
Motown Home Theater Services,motown-home-theater.webflow.io,motown-home-theater.webflow.io,,,,Ypsilanti,Michigan,US,48197
Industrial Control,industrialcontrol.com,industrialcontrol.com,,,,Zeeland,Michigan,US,49464
Custom Automation Inc.,customautomationinc.net,customautomationinc.net,https://www.linkedin.com/company/custom-automation-inc,,,Blaine,Minnesota,US,55449
MN Smart Homes,waterhail.com,waterhail.com,,,,Blaine,Minnesota,US,55449
Per Mar Security Services,permarsecurity.com,permarsecurity.com,https://www.linkedin.com/company/per-mar-security-services,,,Bloomington,Minnesota,US,55420
Phase Electric & Media,phase-electric.com,phase-electric.com,,,,Bloomington,Minnesota,US,55431
Aufderworld Corporation,aufderworld.com,aufderworld.com,,,,Brooklyn Center,Minnesota,US,55430
Excel AV Group,excelavgroup.com,excelavgroup.com,,,,Brooklyn Center,Minnesota,US,55430
Audio Video Electronics (AVE),audiovideoelectronics.com,audiovideoelectronics.com,,,,Brooklyn Park,Minnesota,US,55445
WNAV Audio Visual,wnav.tech,wnav.tech,,,,Brooklyn Park,Minnesota,US,55445
JB Media,j-bmedia.com,j-bmedia.com,,,,Burnsville,Minnesota,US,55337
Advanced Home,advancedhome.biz,advancedhome.biz,,,,Eagan,Minnesota,US,55121
ECSI System Integrators,ecsillc.com,ecsillc.com,https://www.linkedin.com/company/3330807,,,Eagan,Minnesota,US,55121
Alpha,alphax.us,alphax.us,,,,Eden Prairie,Minnesota,US,55344
Audio Enhancement Design,aedtheaters.com,aedtheaters.com,,,,Eden Prairie,Minnesota,US,55346
Audio Logic Systems,audiologicsystems.com,audiologicsystems.com,,,,Eden Prairie,Minnesota,US,55344
"Elite A/V & Automation, LLC MN",eliteava.com,eliteava.com,,,,Eden Prairie,Minnesota,US,55344
FORTÉ,ourforte.com,ourforte.com,https://www.linkedin.com/company/our-forte,,,Eden Prairie,Minnesota,US,55344
Nomad AV Systems,nomadavsystems.com,nomadavsystems.com,,,,Eden Prairie,Minnesota,US,55344
Outdoor Theater Systems,outdoortheatersystem.com,outdoortheatersystem.com,,,,Eden Prairie,Minnesota,US,55344
Wizard Installations L.L.C.,wizardinstallations.com,wizardinstallations.com,,,,Eden Prairie,Minnesota,US,55344
Admit One Home Systems,admitonesystems.com,admitonesystems.com,,,,Edina,Minnesota,US,55439
Minnesota Security - Home & Business Security Systems,minnesotasecurity.com,minnesotasecurity.com,,,,Edina,Minnesota,US,55439
Smart Homes Builders Inc,smarthomesbuilders.com,smarthomesbuilders.com,,,,Elk River,Minnesota,US,55330
Innovative Control Systems,icsminn.com,icsminn.com,https://www.linkedin.com/company/icsminn,,,Excelsior,Minnesota,US,55331
AV Events,aveventsmn.com,aveventsmn.com,,,,Golden Valley,Minnesota,US,55427
Halsten Systems Integration,hsintegration.com,hsintegration.com,https://www.linkedin.com/company/halsten-entertainment,,,Golden Valley,Minnesota,US,55426
LVC Companies,lvcinc.com,lvcinc.com,,,,Golden Valley,Minnesota,US,55416
Sound Masking Pros,soundmaskingpros.com,soundmaskingpros.com,,,,Golden Valley,Minnesota,US,55426
Seven Audio Video,sevenshometheater.com,sevenshometheater.com,,,,Ham Lake,Minnesota,US,55304
ACRT,acrtmn.com,acrtmn.com,,,,Hopkins,Minnesota,US,55343
Audio By Design,audiobydesign-mn.com,audiobydesign-mn.com,,,,Hopkins,Minnesota,US,55343
Luxury Lighting and Shades,luxurylightingandshades.com,luxurylightingandshades.com,,,,Lake Elmo,Minnesota,US,55042
Audio Research Corporation,audioresearch.com,audioresearch.com,,,,Maple Grove,Minnesota,US,55311
Minnesota Audio,minnesota.audio,minnesota.audio,,,,Maple Grove,Minnesota,US,55311
"AVP, Inc.",audiovideoplanners.com,audiovideoplanners.com,,,,Maplewood,Minnesota,US,55109
Western Systems,westernsystemsllc.com,westernsystemsllc.com,,,,Medina,Minnesota,US,55340
"Revolution Systems, Inc",revolutionsystemsinc.com,revolutionsystemsinc.com,https://www.linkedin.com/company/revolution-systems-inc,,,Mendota Heights,Minnesota,US,55120
SLH Home Systems / HYTE Technology,slhsystems.com,slhsystems.com,,,,Mendota Heights,Minnesota,US,55120
AVSI,avsi.com,avsi.com,,,,Minneapolis,Minnesota,US,55441
AVVR Inc.,avvr.com,avvr.com,,,,Minneapolis,Minnesota,US,55420
Audio Perfection,audioperfection.com,audioperfection.com,,,,Minneapolis,Minnesota,US,55423
"Automation, Inc.",automationinc.com,automationinc.com,,,,Minneapolis,Minnesota,US,55429
"Business Automation Specialists of MN, Inc.",bautomation.com,bautomation.com,,,,Minneapolis,Minnesota,US,55433
Control Assemblies,controlassemblies.com,controlassemblies.com,,,,Minneapolis,Minnesota,US,55447
"Curbside Productions, LLC",curbsideproductions.com,curbsideproductions.com,,,,Minneapolis,Minnesota,US,55418
"DC Tech AV, LLC",dctechav.com,dctechav.com,,,,Minneapolis,Minnesota,US,55441
El Rey Car Audio,elreycaraudiomn.com,elreycaraudiomn.com,,,,Minneapolis,Minnesota,US,55408
Electronic Design Company,edcsolutions.com,edcsolutions.com,,,,Minneapolis,Minnesota,US,55413
"Entertainment Designs, Inc.",entertainmentdesigns.tv,entertainmentdesigns.tv,https://www.linkedin.com/company/residential-technology-systems,,,Minneapolis,Minnesota,US,55405
Henley Audio,henleyaudio.com,henleyaudio.com,,,,Minneapolis,Minnesota,US,55418
HiFi Sound,hifi-sound.com,hifi-sound.com,,,,Minneapolis,Minnesota,US,55405
IMAV: Production Services,imav.pro,imav.pro,https://www.linkedin.com/company/imav-professional-audio-visual-services,,,Minneapolis,Minnesota,US,55418
Lavish Lighting and Illumination,lavishlightingandillumination.com,lavishlightingandillumination.com,,,,Minneapolis,Minnesota,US,55422
Legacy Security Technology Inc,legacysecurity.technology,legacysecurity.technology,https://www.linkedin.com/company/legacy-security-technology-inc,,,Minneapolis,Minnesota,US,55421
Magnolia Audio Video,magnoliaav.com,magnoliaav.com,,,,Minneapolis,Minnesota,US,55423
Mid-Co A/V Inc,midcoav.com,midcoav.com,,,,Minneapolis,Minnesota,US,55427
Minneapolis HiFi,minneapolishifi.com,minneapolishifi.com,,,,Minneapolis,Minnesota,US,55411
Nathan Lively - Pro Audio Software,sounddesignlive.com,sounddesignlive.com,,,,Minneapolis,Minnesota,US,55407
Networks Cinema and Sound,ncands.com,ncands.com,,,,Minneapolis,Minnesota,US,55404
Pillsbury House + Theatre,pillsburyhouseandtheatre.org,pillsburyhouseandtheatre.org,,,,Minneapolis,Minnesota,US,55407
RADIANT,radiantmpls.com,radiantmpls.com,,,,Minneapolis,Minnesota,US,55415
"Security One: Minneapolis, Minnesota Home Alarm Systems",securityoneonline.com,securityoneonline.com,,,,Minneapolis,Minnesota,US,55402
Spye,spye.co,spye.co,https://www.linkedin.com/company/spye,,,Minneapolis,Minnesota,US,55406
Stafford Home Service,staffordhomeservice.com,staffordhomeservice.com,,,,Minneapolis,Minnesota,US,55416
Stereoland Inc,stereoland.com,stereoland.com,,,,Minneapolis,Minnesota,US,55438
Tech Savvy,techsavvymn.com,techsavvymn.com,,,,Minneapolis,Minnesota,US,55407
Theater Latté Da,latteda.org,latteda.org,,,,Minneapolis,Minnesota,US,55413
"Timesavers, LLC. - Minneapolis",timesaversinc.com,timesaversinc.com,https://www.linkedin.com/company/timesavers-inc-,,,Minneapolis,Minnesota,US,55406
Visual Captive Video Production,visualcaptive.com,visualcaptive.com,,,,Minneapolis,Minnesota,US,55411
Wyatt Automated,wyattautomated.com,wyattautomated.com,,,,Minneapolis,Minnesota,US,55447
"Z Systems, Inc.",zsyst.com,zsyst.com,https://www.linkedin.com/company/z-systems-inc.,,,Minneapolis,Minnesota,US,55426
Bliss Hifi,blisshifi.com,blisshifi.com,,,,Minnetonka,Minnesota,US,55345
Cool Home Technology,coolhomeav.com,coolhomeav.com,,,,Minnetonka,Minnesota,US,55345
HI-TECH INSTALLATION/SECURITY LLC,hitechinstall.com,hitechinstall.com,,,,Minnetonka,Minnesota,US,55345
Lelch,golelch.com,golelch.com,https://www.linkedin.com/company/lelch-inc,,,Minnetonka,Minnesota,US,55345
Pro-Tec Design,pro-tecdesign.com,pro-tecdesign.com,https://www.linkedin.com/company/pro-tec-design,,,Minnetonka,Minnesota,US,55345
Production Automation Corporation,gotopac.com,gotopac.com,https://www.linkedin.com/company/production-automation-corporation,,,Minnetonka,Minnesota,US,55305
"Protection & Control Solutions, LLC",electricpcs.com,electricpcs.com,,,,Minnetonka,Minnesota,US,55343
Synergy Technology Solutions (formerly simple avs),synergy-ts.com,synergy-ts.com,,,,Minnetonka,Minnesota,US,55305
The Mounting Man - TV Mounting Service,themountingman.com,themountingman.com,,,,Minnetonka,Minnesota,US,55343
Vaddio,vaddio.com,vaddio.com,https://www.linkedin.com/company/28186909,,,Minnetonka,Minnesota,US,55305
Great River Automation LLC,greatriverautomation.com,greatriverautomation.com,https://www.linkedin.com/company/10245667,,,New Brighton,Minnesota,US,55112
Alex Audio Video and Computer Service,alexav.com,alexav.com,,,,New Hope,Minnesota,US,55428
AVEX Audio Visual,goavex.com,goavex.com,,,,Plymouth,Minnesota,US,55442
New Age Technology,newagetechnologymn.com,newagetechnologymn.com,,,,Plymouth,Minnesota,US,55447
ResTech Systems,restechsystems.com,restechsystems.com,https://www.linkedin.com/company/residential-technology-systems,,,Plymouth,Minnesota,US,55441
EMI Audio,emiaudio.com,emiaudio.com,,,,Robbinsdale,Minnesota,US,55422
Lucid Integrated Systems,lucidintegratedsystems.com,lucidintegratedsystems.com,,,,Robbinsdale,Minnesota,US,55422
Architechne,architechne.net,architechne.net,https://www.linkedin.com/company/architechne,,,Rochester,Minnesota,US,55906
"EPA Audio Visual, Inc.",epaaudio.com,epaaudio.com,,,,Rockford,Minnesota,US,55373
Twin Cities HiFi,twincitieshifi.com,twincitieshifi.com,,,,Roseville,Minnesota,US,55113
Acoustix Audio Video,acoustixav.com,acoustixav.com,,,,Savage,Minnesota,US,55378
Audio Video Extremes,audiovideoextremes.com,audiovideoextremes.com,https://www.linkedin.com/company/audio-video-extremes,,,St Joseph,Minnesota,US,56374
BMS Computer & AV Rentals,bmsrentals.com,bmsrentals.com,,,,St Louis Park,Minnesota,US,55426
E-Tronix,e-tronix.com,e-tronix.com,https://www.linkedin.com/company/e-tronix-a-stromberg-company,,,St Louis Park,Minnesota,US,55416
In-Focus Systems,infocussystems.com,infocussystems.com,https://www.linkedin.com/company/in-focus-systems,,,St Louis Park,Minnesota,US,55426
Micro Center,microcenter.com,microcenter.com,,,,St Louis Park,Minnesota,US,55416
Trimlight Minneapolis LLC,trimlightmn.com,trimlightmn.com,,,,St Louis Park,Minnesota,US,55426
"Westco Systems, Inc",yourwestco.com,yourwestco.com,,,,St Louis Park,Minnesota,US,55426
Bluum,bluum.com,bluum.com,,,,St Paul,Minnesota,US,55108
"Correct Cabling, LLC",correctcabling.com,correctcabling.com,,,,St Paul,Minnesota,US,55116
Northstar Home Technologies,northstarhometech.com,northstarhometech.com,,,,Stillwater,Minnesota,US,55082
Audio Visions of Minnesota,audio-visions.com,audio-visions.com,,,,Vadnais Heights,Minnesota,US,55110
Twin Cities Tech Services LLC,twincitiestechservices.com,twincitiestechservices.com,,,,Wayzata,Minnesota,US,55391
"RapidFire Safety & Security, St. Louis",rapidfiress.com,rapidfiress.com,https://www.linkedin.com/company/rapid-fire-safety-security,,,Affton,Missouri,US,63123
Video Assistance Company,glennwolk.com,glennwolk.com,,,,Arnold,Missouri,US,63010
Audio Video Experts,avexpertsstl.com,avexpertsstl.com,,,,Ballwin,Missouri,US,63011
Fusion Tech Companies,fusion-companies.com,fusion-companies.com,,,,Brentwood,Missouri,US,63144
HD Media Systems,hd-mediasystems.com,hd-mediasystems.com,https://www.linkedin.com/company/hd-media-systems,,,Cape Girardeau,Missouri,US,63701
Audio Advice,thesoundroom.com,thesoundroom.com,,,,Chesterfield,Missouri,US,63005
"Modern Home Technologies, LLC",eleganthometheatersystems.com,eleganthometheatersystems.com,,,,Chesterfield,Missouri,US,63017
Simply Smart,simplysmart.life,simplysmart.life,,,,Chesterfield,Missouri,US,63005
Westco Security & Technology Systems,westcosecurity.com,westcosecurity.com,https://www.linkedin.com/company/westcosecuritystl,,,Chesterfield,Missouri,US,63005
Encore,encoreav.co,encoreav.co,,,,Columbia,Missouri,US,65203
Automation Service,automationservice.com,automationservice.com,,,,Earth City,Missouri,US,63045
Secure24 Alarm Systems - ADT Authorized Dealer,s24alarms.com,s24alarms.com,,,,Earth City,Missouri,US,63045
Modern Communications,modcomm.com,modcomm.com,,,,Fenton,Missouri,US,63026
"Potts Electric, LLC",pottselectric.com,pottselectric.com,,,,Fenton,Missouri,US,63026
WireNuts Electrical Solutions,wirenutselectrical.solutions,wirenutselectrical.solutions,,,,Ferguson,Missouri,US,63135
Best Lighting & Accessories,bestlightingkc.com,bestlightingkc.com,,,,Gladstone,Missouri,US,64119
CaTia Integrated Systems,catiais.com,catiais.com,https://www.linkedin.com/company/catia-integrated-systems,,,Independence,Missouri,US,64055
Independence Audio-Video,indepaudio.com,indepaudio.com,,,,Independence,Missouri,US,64055
NerdTech Ai,nerdtech.ai,nerdtech.ai,,,,Independence,Missouri,US,64055
iControls Inc,icontrolskc.com,icontrolskc.com,,,,Independence,Missouri,US,64050
Advanced Sound & Communication,advancedsoundkc.com,advancedsoundkc.com,,,,KCMO,Missouri,US,64111
Evolution Audio,evolutionaudio.com,evolutionaudio.com,,,,KCMO,Missouri,US,64111
Harvest AV Solutions,avsolutionskc.com,avsolutionskc.com,,,,KCMO,Missouri,US,64106
Harvest Productions INC,harvestkc.com,harvestkc.com,,,,KCMO,Missouri,US,64106
Professional Sound Services,professionalsoundservices.net,professionalsoundservices.net,,,,KCMO,Missouri,US,64127
Weights and Measures Soundlab,wmsoundlab.com,wmsoundlab.com,,,,KCMO,Missouri,US,64127
Acvstica Audio,acvstica.com,acvstica.com,,,,Kansas City,Missouri,US,64101
Apex HomeTek,apexhometek.com,apexhometek.com,,,,Kansas City,Missouri,US,64108
Audio Innovations Inc.,audioinnovationsinc.com,audioinnovationsinc.com,,,,Kansas City,Missouri,US,64155
Automated Lifestyles,technologykc.com,technologykc.com,,,,Kansas City,Missouri,US,64119
Brickwall Solutions,brickwallkc.com,brickwallkc.com,https://www.linkedin.com/company/brickwall-solutions,,,Kansas City,Missouri,US,64112
Central States Security,kcsecuritycams.com,kcsecuritycams.com,,,,Kansas City,Missouri,US,64106
Current Solutions Electric,cse-kc.com,cse-kc.com,,,,Kansas City,Missouri,US,64131
GENESYS Systems Integrator,genesyscorp.net,genesyscorp.net,https://www.linkedin.com/company/genesys-systems-integrator,,,Kansas City,Missouri,US,64132
Healthcare Integrations,healthcareintegrations.com,healthcareintegrations.com,https://www.linkedin.com/company/healthcare-integrations,,,Kansas City,Missouri,US,64154
"Independent Home Solutions - Stairlifts, Ramps and Walk in Showers",kansascity.yourihs.com,kansascity.yourihs.com,,,,Kansas City,Missouri,US,64134
Jade Alarm Company,jadealarm.com,jadealarm.com,,,,Kansas City,Missouri,US,64131
"KC Tech Systems, LLC",kctechsystems.com,kctechsystems.com,,,,Kansas City,Missouri,US,64153
Kansas City Audio-Visual (KCAV),kcav.com,kcav.com,https://www.linkedin.com/company/KCAV,,,Kansas City,Missouri,US,64131
Kansas City Installers,kcofficeinstallers.com,kcofficeinstallers.com,,,,Kansas City,Missouri,US,64109
Level Up AV,levelupav.com,levelupav.com,,,,Kansas City,Missouri,US,64109
Rensenhouse Industrial Solutions,industrialsolutionsnetwork.com,industrialsolutionsnetwork.com,https://www.linkedin.com/company/rensenhouse,,,Kansas City,Missouri,US,64132
Tricension,tricension.com,tricension.com,https://www.linkedin.com/company/tricension,,,Kansas City,Missouri,US,64116
Turn Key Solution 3D,turnkeysolution3d.com,turnkeysolution3d.com,,,,Kansas City,Missouri,US,64111
Vivint Smart Home KC,vivintsmarthomekc.com,vivintsmarthomekc.com,,,,Kansas City,Missouri,US,64110
Xakia Technologies,xakiatech.com,xakiatech.com,https://www.linkedin.com/company/xakia-technologies,,,Kansas City,Missouri,US,64112
Life Media,lifemediallc.net,lifemediallc.net,,,,Kirkwood,Missouri,US,63122
Custom Connections LLC,customconnectionsav.com,customconnectionsav.com,,,,Lee's Summit,Missouri,US,64086
KCTV guyz LLC,kctvguyz.com,kctvguyz.com,,,,Lee's Summit,Missouri,US,64063
"Pavion (Formerly Short Circuit Electronics, Inc.)",pavion.com,pavion.com,https://www.linkedin.com/company/pavioncorp,,,Lee's Summit,Missouri,US,64064
Markey's - St Louis Regional Office,ironmansound.com,ironmansound.com,https://www.linkedin.com/company/markeys-experiences,,,Maplewood,Missouri,US,63143
Saint Louis Lighting Group,stlouislightinggroup.com,stlouislightinggroup.com,https://www.linkedin.com/company/st-louis-lighting-group,,,Maplewood,Missouri,US,63143
Bastian Solutions St. Louis,bastiansolutions.com,bastiansolutions.com,,,,Maryland Heights,Missouri,US,63043
Midwest Automation Inc.,midwestautomationinc.com,midwestautomationinc.com,,,,Maryland Heights,Missouri,US,63043
Walbrandt Electric & Technology,walbrandt.com,walbrandt.com,,,,Maryland Heights,Missouri,US,63043
Convergence Partners Inc.,convergerep.com,convergerep.com,,,,North Kansas City,Missouri,US,64116
"MDL Technology, LLC",mdltechnology.com,mdltechnology.com,,,,North Kansas City,Missouri,US,64116
Office Installation Company Inc.,officeinstallationcompany.com,officeinstallationcompany.com,,,,North Kansas City,Missouri,US,64116
Omnilife VR,omnilifevr.com,omnilifevr.com,,,,North Kansas City,Missouri,US,64116
Paradise Productions KC,paradiseproductionskc.com,paradiseproductionskc.com,,,,North Kansas City,Missouri,US,64116
Audio Visual Production Solutions,av-ps.com,av-ps.com,,,,O'Fallon,Missouri,US,63366
PASS Fire and Security,passfireandsecurity.com,passfireandsecurity.com,,,,Overland,Missouri,US,63114
C.M. Mose & Son,cmmoseandson.com,cmmoseandson.com,,,,Pleasant Valley,Missouri,US,64068
System Integration Group,systemig.com,systemig.com,,,,Pleasant Valley,Missouri,US,64068
Watchmen Security Services,watchmenkc.com,watchmenkc.com,,,,Raytown,Missouri,US,64133
Stand Strong Fencing of Parkville,standstrongfencing.com,standstrongfencing.com,,,,Riverside,Missouri,US,64150
St. Louis Corporate Video,stlouisvideo.com,stlouisvideo.com,,,,Sappington,Missouri,US,63126
"HomeTech 1,LLC | Greater St. Louis",hometech1.com,hometech1.com,,,,St Charles,Missouri,US,63304
"Loveland Home Solutions, LLC",lovelandhomesolutions.com,lovelandhomesolutions.com,,,,St Charles,Missouri,US,63301
SnapPro AV,snapproav.com,snapproav.com,,,,St Charles,Missouri,US,63301
TSI Global Companies,tsi-global.com,tsi-global.com,https://www.linkedin.com/company/149350,,,St Charles,Missouri,US,63301
Elite Technology Solutions,elite1988.com,elite1988.com,https://www.linkedin.com/company/elite1988,,,St Peters,Missouri,US,63376
SmartHome Technologies LLC,smarthome-stl.com,smarthome-stl.com,,,,St Peters,Missouri,US,63376
St Louis Alarm Co,stlalarmco.com,stlalarmco.com,,,,St Peters,Missouri,US,63376
A-Shade Company,ashadecompany.com,ashadecompany.com,,,,St. Louis,Missouri,US,63111
Agilix Solutions,goagilix.com,goagilix.com,https://www.linkedin.com/company/goagilix,,,St. Louis,Missouri,US,63146
Alarm Specialist & Electronics,alarmspecialist-stl.com,alarmspecialist-stl.com,,,,St. Louis,Missouri,US,63130
Alobar's Lighting and Sound,alobars.com,alobars.com,,,,St. Louis,Missouri,US,63144
Arch Audio Visual,archaudiovisual.com,archaudiovisual.com,,,,St. Louis,Missouri,US,63110
Arch City Audio Visual Services,archcityav.com,archcityav.com,,,,St. Louis,Missouri,US,63119
Beishir Audio Video & Home Automation,stlavtech.com,stlavtech.com,,,,St. Louis,Missouri,US,63123
Brody's,brodylamp.com,brodylamp.com,,,,St. Louis,Missouri,US,63143
CN Video,cn-video.com,cn-video.com,,,,St. Louis,Missouri,US,63116
Citywide Alarms,citywidealarms.com,citywidealarms.com,,,,St. Louis,Missouri,US,63105
ControlTech Automation,controltechautomation.com,controltechautomation.com,https://www.linkedin.com/company/controltech-automation---a-barry-wehmiller-company,,,St. Louis,Missouri,US,63146
Controlco Inc.,controlcostl.com,controlcostl.com,,,,St. Louis,Missouri,US,63103
Creative Audio Video and Automation,creativeavandautomation.com,creativeavandautomation.com,https://www.linkedin.com/company/2427564,,,St. Louis,Missouri,US,63127
Custom Sounds & Tint - South County,customsounds.com,customsounds.com,,,,St. Louis,Missouri,US,63129
DesigningSOUND,designingsound.net,designingsound.net,,,,St. Louis,Missouri,US,63103
DriveCentric,drivecentric.com,drivecentric.com,,,,St. Louis,Missouri,US,63127
Electrical Connection,electricalconnection.org,electricalconnection.org,,,,St. Louis,Missouri,US,63110
Electronic Solutions Inc,electronicsinc.com,electronicsinc.com,,,,St. Louis,Missouri,US,63132
Essential Audio Visual,essentialav.net,essentialav.net,,,,St. Louis,Missouri,US,63110
Frenchtown Audio,frenchtownrecords.com,frenchtownrecords.com,,,,St. Louis,Missouri,US,63116
Gateway Home Services,gatewayrealtyandhome.com,gatewayrealtyandhome.com,,,,St. Louis,Missouri,US,63123
HTE Technologies,htetechnologies.com,htetechnologies.com,,,,St. Louis,Missouri,US,63146
Imagine Multimedia Systems Inc,imaginemultimedia.co,imaginemultimedia.co,,,,St. Louis,Missouri,US,63117
Indoff,indoff.com,indoff.com,,,,St. Louis,Missouri,US,63146
Integration Controls,integrationcontrols.com,integrationcontrols.com,https://www.linkedin.com/company/integration-controls,,,St. Louis,Missouri,US,63127
John Henry Foster,jhf.com,jhf.com,https://www.linkedin.com/company/john-henry-foster_2,,,St. Louis,Missouri,US,63134
Kalb Lighting,kalblighting.com,kalblighting.com,,,,St. Louis,Missouri,US,63143
"Logic Systems Sound and Lighting, inc",logicsound.com,logicsound.com,,,,St. Louis,Missouri,US,63103
Marshall Electric Inc,marshallelectric.com,marshallelectric.com,,,,St. Louis,Missouri,US,63139
Momus LX,momuslx.com,momuslx.com,,,,St. Louis,Missouri,US,63103
Paramount Companies,paracompanies.com,paracompanies.com,,,,St. Louis,Missouri,US,63123
Primary Systems,primary-systems.com,primary-systems.com,,,,St. Louis,Missouri,US,63125
"Production Support Services, Inc.",productionsupportservices.com,productionsupportservices.com,,,,St. Louis,Missouri,US,63108
Quality Sight and Sound,qualitysightandsound.com,qualitysightandsound.com,,,,St. Louis,Missouri,US,63129
REEL IMPACT Audiovisual,reelimpact.com,reelimpact.com,,,,St. Louis,Missouri,US,63132
RJP Electric,rjpelectric.com,rjpelectric.com,,,,St. Louis,Missouri,US,63143
Reinhold Electric,reinholdelectric.com,reinholdelectric.com,,,,St. Louis,Missouri,US,63125
Rescue Audio,rescueaudio.shop,rescueaudio.shop,,,,St. Louis,Missouri,US,63146
SMART St. Louis.,smartstlouis.com,smartstlouis.com,,,,St. Louis,Missouri,US,63132
Schillers Audio Visual,schillersav.com,schillersav.com,,,,St. Louis,Missouri,US,63144
Schillers Camera,schillers.com,schillers.com,,,,St. Louis,Missouri,US,63144
SmartHouse,callsmarthouse.com,callsmarthouse.com,,,,St. Louis,Missouri,US,63130
St Louis Antique Lighting Co,slalco.com,slalco.com,,,,St. Louis,Missouri,US,63130
St. Louis Lighting Company,reinholdelectricsupply.com,reinholdelectricsupply.com,,,,St. Louis,Missouri,US,63125
St. Louis Video Production,stlouisvideoproduction.com,stlouisvideoproduction.com,,,,St. Louis,Missouri,US,63128
Streib Company,streibco.com,streibco.com,,,,St. Louis,Missouri,US,63126
TSV Sound & Vision,tsvsoundandvision.com,tsvsoundandvision.com,,,,St. Louis,Missouri,US,63139
Tech Electronics of St. Louis,techelectronics.com,techelectronics.com,,,,St. Louis,Missouri,US,63139
Tech2Call,tech2call.net,tech2call.net,,,,St. Louis,Missouri,US,63123
Vidzu Media,vidzu.com,vidzu.com,,,,St. Louis,Missouri,US,63102
iTrue Connect - Security,itruesecurity.com,itruesecurity.com,,,,St. Louis,Missouri,US,63134
"Advance Security & Technologies, LLC",aststl.com,aststl.com,,,,University City,Missouri,US,63130
A Sound and Video Company,asoundandvideo.com,asoundandvideo.com,,,,Valley Park,Missouri,US,63088
Music for Pleasure,musicforpleasure.com,musicforpleasure.com,,,,Webster Groves,Missouri,US,63119
The VHS Group,thevhsgroup.com,thevhsgroup.com,,,,Webster Groves,Missouri,US,63119
"St. Louis Smart Home, LLC",stlouissmarthome.com,stlouissmarthome.com,,,,Wildwood,Missouri,US,63038
Invisible Stereo,invisiblestereo.com,invisiblestereo.com,,,,Byhalia,Mississippi,US,38611
"Delta Electronics, Inc.",dedms.com,dedms.com,,,,Clinton,Mississippi,US,39056
Audio Solutions & Accessories,audiosolutionsms.com,audiosolutionsms.com,,,,Florence,Mississippi,US,39073
Audio Central,audiocentralms.com,audiocentralms.com,,,,Flowood,Mississippi,US,39232
Lighting & Power Solutions,lpsolutions-inc.com,lpsolutions-inc.com,,,,Flowood,Mississippi,US,39232
"Pennington & Trim Alarm Services, Inc.",penningtonandtrim.com,penningtonandtrim.com,,,,Flowood,Mississippi,US,39232
Upchurch Services LLC,upchurchservicesms.com,upchurchservicesms.com,,,,Flowood,Mississippi,US,39232
Audio Video Specialists,avsinc.ms,avsinc.ms,,,,Hattiesburg,Mississippi,US,39402
1Vision,1-vision.com,1-vision.com,,,,Jackson,Mississippi,US,39204
AED Security Services,aedsecurityservices.com,aedsecurityservices.com,,,,Jackson,Mississippi,US,39206
Beast Audio,beastaudio.net,beastaudio.net,,,,Jackson,Mississippi,US,39204
C&D TECH SOLUTIONS LLC,cdtechsolutionsllc.dev,cdtechsolutionsllc.dev,,,,Jackson,Mississippi,US,39213
Control Systems Inc,controlsysinc.com,controlsysinc.com,,,,Jackson,Mississippi,US,39202
Crawford Electric Supply,crawfordelectricsupply.com,crawfordelectricsupply.com,,,,Jackson,Mississippi,US,39201
Davaine,davaine.us,davaine.us,,,,Jackson,Mississippi,US,39201
Home Theater Solutions,hts601.com,hts601.com,,,,Jackson,Mississippi,US,39211
Industrial Control Solutions,goicsinc.net,goicsinc.net,,,,Jackson,Mississippi,US,39212
Light Bulb & Lighting Supplies,lightbulb.supplies,lightbulb.supplies,,,,Jackson,Mississippi,US,39213
TEC,tec.com,tec.com,,,,Jackson,Mississippi,US,39201
Two Wire Electric Supply Co,twowireelectric.com,twowireelectric.com,,,,Jackson,Mississippi,US,39201
Bowie Audio Visual,bowieav.com,bowieav.com,,,,Madison,Mississippi,US,39110
"Mississippi Sound And Video, LLC",mississippisoundandvideo.com,mississippisoundandvideo.com,,,,Pass Christian,Mississippi,US,39571
Jackson Communications Inc,jacksoncom.com,jacksoncom.com,,,,Pearl,Mississippi,US,39208
"Roberson Construction, LLC",robersonconstruct.com,robersonconstruct.com,,,,Pearl,Mississippi,US,39208
Sound & Communications LLC,soundcomav.com,soundcomav.com,,,,Pearl,Mississippi,US,39208
Total Electric,totalelectricms.com,totalelectricms.com,,,,Pearl,Mississippi,US,39208
Proctor and Chandler,proctorandchandler.com,proctorandchandler.com,,,,Raymond,Mississippi,US,39154
Pro Audio Center,proaudiocenter.com,proaudiocenter.com,,,,Richland,Mississippi,US,39218
Dk Digital Design Inc,dkddesign.com,dkddesign.com,,,,Ridgeland,Mississippi,US,39157
"Innovative Solutions and Communications, LLC",innovativesolutionsms.com,innovativesolutionsms.com,,,,Ridgeland,Mississippi,US,39157
Magnolia Lighting - Ridgeland,magnolialighting.com,magnolialighting.com,,,,Ridgeland,Mississippi,US,39157
Mississippi Smart Homes,mssmarthomes.com,mssmarthomes.com,https://www.linkedin.com/company/mississippi-smart-homes,,,Ridgeland,Mississippi,US,39157
Beck's Custom Audio & Video,beckscustomav.com,beckscustomav.com,,,,Tupelo,Mississippi,US,38804
Evolution AVA,evolutionava.com,evolutionava.com,,,,Belgrade,Montana,US,59714
Platinum Tech Services,platinumtechservices.net,platinumtechservices.net,,,,Belgrade,Montana,US,59714
Ace Hardware - Big Sky,acebigskytools.com,acebigskytools.com,,,,Big Sky,Montana,US,59716
Big Sky Home Management,bigskyhomemanagement.com,bigskyhomemanagement.com,https://www.linkedin.com/company/107565658,,,Big Sky,Montana,US,59716
Big Sky Luxury Vacations,bigskyluxuryvacations.com,bigskyluxuryvacations.com,https://www.linkedin.com/company/big-sky-luxury-vacations,,,Big Sky,Montana,US,59716
Big Sky Town Center,bigskytowncenter.com,bigskytowncenter.com,,,,Big Sky,Montana,US,59716
Montage Big Sky,montage.com,montage.com,,,,Big Sky,Montana,US,59716
Outlaw Partners,outlaw.partners,outlaw.partners,,,,Big Sky,Montana,US,59716
The Waypoint,thebigskywaypoint.com,thebigskywaypoint.com,,,,Big Sky,Montana,US,59716
Big Sky VCR Powered by Tallon Tech Solutions,bigskyvcr.com,bigskyvcr.com,,,,Billings,Montana,US,59101
CK Tech Security - Cabling - Integrations,cktechmt.com,cktechmt.com,,,,Billings,Montana,US,59101
Sunshine Productions Ltd,sunshinetheatrical.com,sunshinetheatrical.com,,,,Black Eagle,Montana,US,59414
Audio Artisans,theaudioartisans.com,theaudioartisans.com,,,,Bozeman,Montana,US,59718
Big Sky HiFi,bigskyhifi.org,bigskyhifi.org,,,,Bozeman,Montana,US,59718
Elevate Integrated Systems,elevateintegrated.com,elevateintegrated.com,https://www.linkedin.com/company/linkedin-elevate-integrated-systems,,,Bozeman,Montana,US,59718
High Mountain Technologies,highmtn.net,highmtn.net,,,,Bozeman,Montana,US,59718
Poindexter's,poindexters.com,poindexters.com,,,,Bozeman,Montana,US,59715
SAV Bozeman Showroom,savinc.net,savinc.net,https://www.linkedin.com/company/sav-digital-environments,,,Bozeman,Montana,US,59715
Smart Home Systems,shs-mt.com,shs-mt.com,,,,Bozeman,Montana,US,59718
Sound Pro,soundprobozeman.net,soundprobozeman.net,,,,Bozeman,Montana,US,59718
Turn It Up Technologies,turnituptech.com,turnituptech.com,,,,Bozeman,Montana,US,59718
Montana Pro Audio LLC,montanaproaudio.com,montanaproaudio.com,,,,Butte,Montana,US,59701
Northwestern Security Solutions LLC,northwesternsecuritysolutions.com,northwesternsecuritysolutions.com,,,,Butte,Montana,US,59701
Simple Tech,simpletechmt.com,simpletechmt.com,https://www.linkedin.com/company/simple-techmt,,,Columbia Falls,Montana,US,59912
Magnum Opus Audio Video,montanasmarthome.com,montanasmarthome.com,,,,Corvallis,Montana,US,59828
Montana Automation,montana-automation.com,montana-automation.com,,,,Cut Bank,Montana,US,59427
iFlyBigSky,iflybigsky.com,iflybigsky.com,,,,East Helena,Montana,US,59635
Audio Elation,audioelation.com,audioelation.com,,,,Florence,Montana,US,59833
Big Sky Tech Help,bigskytechhelp.com,bigskytechhelp.com,https://www.linkedin.com/company/leman-consulting-llc,,,Gallatin Gateway,Montana,US,59730
Friendly Handyman,milo-jaimes.com,milo-jaimes.com,,,,Gallatin Gateway,Montana,US,59730
Reference Audio Video,refav.com,refav.com,,,,Great Falls,Montana,US,59405
Big Sky Acoustics,bigskyacoustics.com,bigskyacoustics.com,,,,Helena,Montana,US,59601
Alpen Haus Technology,alpenhaustech.com,alpenhaustech.com,,,,Kalispell,Montana,US,59901
Ambient Electric,ambient-electric.com,ambient-electric.com,,,,Kalispell,Montana,US,59901
Aura Dynamic Systems,auradynamics.com,auradynamics.com,,,,Kalispell,Montana,US,59901
Eyehear Technology Group,eyehear.us,eyehear.us,,,,Kalispell,Montana,US,59901
Heaven's Peak Technologies,heavenspeakmt.com,heavenspeakmt.com,,,,Kalispell,Montana,US,59901
Home Pro - Smart Technology,homepro406.com,homepro406.com,,,,Kalispell,Montana,US,59901
Sounds.Easy Technology Solutions,soundseasy.us,soundseasy.us,,,,Kalispell,Montana,US,59901
Automated Living,automatedlivingmt.com,automatedlivingmt.com,,,,Missoula,Montana,US,59808
Big Sky Production Services,bigskyproductionservices.com,bigskyproductionservices.com,,,,Missoula,Montana,US,59804
Intelligent Controls,intelligentcontrols.io,intelligentcontrols.io,,,,Missoula,Montana,US,59808
Systems Northwest,snwmt.com,snwmt.com,,,,Missoula,Montana,US,59804
Real Audio Concepts,realaudioconcepts.com,realaudioconcepts.com,,,,Shepherd,Montana,US,59079
Alta Services Inc.,altaservices.net,altaservices.net,,,,Victor,Montana,US,59875
Big Sky Builders of Montana Inc,bigskybuilders.net,bigskybuilders.net,,,,Victor,Montana,US,59875
Bridgewater Innovative Builders,bridgewaterbuilds.com,bridgewaterbuilds.com,,,,Whitefish,Montana,US,59937
Digital Audio Technologies,digitalaudiotechnologies.com,digitalaudiotechnologies.com,,,,Whitefish,Montana,US,59937
Electric Montana,electricmontana.com,electricmontana.com,,,,Whitefish,Montana,US,59937
JMac Productions Media Marketing Company,jmacvideo.com,jmacvideo.com,,,,Whitefish,Montana,US,59937
"Whitefish Productions, LLC",whitefishproductions.com,whitefishproductions.com,,,,Whitefish,Montana,US,59937
Connesso,getconnesso.com,getconnesso.com,,,,Apex,North Carolina,US,27502
SECUR-TEK,mysecurtek.com,mysecurtek.com,,,,Apex,North Carolina,US,27502
Tronic Integration LLC,tronicintegration.com,tronicintegration.com,https://www.linkedin.com/company/tronic-integration,,,Apex,North Carolina,US,27502
"Jackson Electrical Contractors, Inc.",jacksonelect.com,jacksonelect.com,https://www.linkedin.com/company/jacksonelectnc,,,Arden,North Carolina,US,28704
SimplyHome Technology,simply-home.com,simply-home.com,,,,Arden,North Carolina,US,28704
Advanced Automated Solutions,aasmfg.com,aasmfg.com,,,,Asheville,North Carolina,US,28804
Asheville Security Systems,ashevillesecurity.com,ashevillesecurity.com,,,,Asheville,North Carolina,US,28806
Audio Inc.,audioinc.net,audioinc.net,,,,Asheville,North Carolina,US,28804
Edwards Equipment Company,edwardsequipmentinc.com,edwardsequipmentinc.com,,,,Asheville,North Carolina,US,28801
Harmony AVL+media,harmonyinteriors.com,harmonyinteriors.com,,,,Asheville,North Carolina,US,28805
Herrington Homes,herringtonhomesllc.com,herringtonhomesllc.com,,,,Asheville,North Carolina,US,28704
Hi-Tech Integrated Systems,hi-techsystems.com,hi-techsystems.com,,,,Asheville,North Carolina,US,28806
North Carolina Stage Company,ncstage.org,ncstage.org,,,,Asheville,North Carolina,US,28801
One Touch AVL,onetouchavl.com,onetouchavl.com,,,,Asheville,North Carolina,US,28801
Resolute Design Group,resolutedesigngroup.com,resolutedesigngroup.com,,,,Asheville,North Carolina,US,28704
Rexel,rexelusa.com,rexelusa.com,https://www.linkedin.com/company/rexelusa,,,Asheville,North Carolina,US,28801
SCW,getscw.com,getscw.com,,,,Asheville,North Carolina,US,28806
Silent Audio Co.,silentaudio.net,silentaudio.net,,,,Asheville,North Carolina,US,28801
StereoMan,ncstereoman.com,ncstereoman.com,,,,Asheville,North Carolina,US,28806
d&b audiotechnik Corporation,dbaudio.com,dbaudio.com,,,,Asheville,North Carolina,US,28803
Electrical Solutions USA,electricalsolutionusa.com,electricalsolutionusa.com,,,,Bolivia,North Carolina,US,28422
Triad Automation Inc.,triadautomation.com,triadautomation.com,,,,Browns Summit,North Carolina,US,27214
IT Automation LLC,itautomation.com,itautomation.com,https://www.linkedin.com/company/itautomation,,,Cary,North Carolina,US,27511
"MCR Integrated Technologies, Inc.",mcr-it.com,mcr-it.com,,,,Cary,North Carolina,US,27518
RDU TV Mounting & Audio Video,rduaudiovideo.com,rduaudiovideo.com,,,,Cary,North Carolina,US,27513
Technical Video Systems,techvid.tv,techvid.tv,,,,Cary,North Carolina,US,27511
Hoffey's Computers,hoffeys.com,hoffeys.com,,,,Cashiers,North Carolina,US,28717
Integrated ArchiTech,integratedarchitech.com,integratedarchitech.com,,,,Cashiers,North Carolina,US,28717
365 PRO AudioVideo,365proav.com,365proav.com,,,,Charlotte,North Carolina,US,28202
"A E Global Media, Inc.",aeglobalmedia.com,aeglobalmedia.com,,,,Charlotte,North Carolina,US,28214
AVgator Inc,avgator.com,avgator.com,https://www.linkedin.com/company/avgator,,,Charlotte,North Carolina,US,28210
AVwright Integration,avwright.com,avwright.com,https://www.linkedin.com/company/avwright,,,Charlotte,North Carolina,US,28277
Audio Video Specialties,avspecialties.net,avspecialties.net,,,,Charlotte,North Carolina,US,28217
Breiding Electronics,breidingelectronics.com,breidingelectronics.com,,,,Charlotte,North Carolina,US,28211
CATJACKS LLC,getcatjacks.com,getcatjacks.com,,,,Charlotte,North Carolina,US,28212
CPI Security Systems,cpisecurity.com,cpisecurity.com,,,,Charlotte,North Carolina,US,28273
Carolina Fixture Sales,carolinafixturesales.com,carolinafixturesales.com,,,,Charlotte,North Carolina,US,28203
Cenero,cenero.com,cenero.com,,,,Charlotte,North Carolina,US,28216
Charlotte Sound & Visual Systems,csvs.com,csvs.com,https://www.linkedin.com/company/charlotte-sound-&-visual-systems-inc-,,,Charlotte,North Carolina,US,28203
Clarity Incorporated --- AVL Experts,clarityincorporated.com,clarityincorporated.com,,,,Charlotte,North Carolina,US,28269
Clarity Sight Sound Design,clarityssd.com,clarityssd.com,,,,Charlotte,North Carolina,US,28205
ClarkPowell,clark-powell.com,clark-powell.com,,,,Charlotte,North Carolina,US,28208
Connextec,connextec.com,connextec.com,,,,Charlotte,North Carolina,US,28273
Custom House Home Entertainment,customhousetechnology.com,customhousetechnology.com,,,,Charlotte,North Carolina,US,28217
DKR AUDIO & VIDEO,dkraudio7.wixsite.com,dkraudio7.wixsite.com,,,,Charlotte,North Carolina,US,28211
Fairfield Pro AV INC.,fairfieldproav.com,fairfieldproav.com,,,,Charlotte,North Carolina,US,28206
"Hoffman Building Technologies, Inc.",hbtech.com,hbtech.com,https://www.linkedin.com/company/hoffman-building-technologies,,,Charlotte,North Carolina,US,28206
Home Technology Solutions,htscompanies.com,htscompanies.com,https://www.linkedin.com/company/home-technology-solutions,,,Charlotte,North Carolina,US,28270
Home Theater Solutions,htscarolinas.com,htscarolinas.com,,,,Charlotte,North Carolina,US,28206
INSIGHT AUTOMATION,insight-auto.com,insight-auto.com,https://www.linkedin.com/company/insightauto,,,Charlotte,North Carolina,US,28208
JSB Security Solutions Inc.,jsbsecuritysolutions.com,jsbsecuritysolutions.com,,,,Charlotte,North Carolina,US,28212
"LaVoie Audio/Video Integration, Installation and Design",lavoieav.net,lavoieav.net,,,,Charlotte,North Carolina,US,28269
Lantern & Scroll,lanternandscroll.com,lanternandscroll.com,,,,Charlotte,North Carolina,US,28205
Layer One Technologies,layeronetechnologies.com,layeronetechnologies.com,,,,Charlotte,North Carolina,US,28217
Lee Lighting Distribution Center (Not Open to Public),leelighting.com,leelighting.com,,,,Charlotte,North Carolina,US,28269
Level Up Tailored Window Coverings,levelupcharlotte.com,levelupcharlotte.com,,,,Charlotte,North Carolina,US,28277
Lighting & Bulbs Unlimited,lightingandbulbsunlimited.com,lightingandbulbsunlimited.com,,,,Charlotte,North Carolina,US,28205
Martin Taylor - Techliterati Smart Home & AV,techliterati.com,techliterati.com,,,,Charlotte,North Carolina,US,28273
Mounts That Count,mountsthatcount.com,mountsthatcount.com,,,,Charlotte,North Carolina,US,28216
New Age Lighting and Sound,newagelightingandsound.com,newagelightingandsound.com,,,,Charlotte,North Carolina,US,28217
Norman Sound & Productions,normansound.com,normansound.com,,,,Charlotte,North Carolina,US,28227
Phoenix Custom Systems,phoenixcustomsystems.com,phoenixcustomsystems.com,https://www.linkedin.com/company/phoenix-custom-systems,,,Charlotte,North Carolina,US,28204
Rovira Enterprise,roviraenterprise.com,roviraenterprise.com,,,,Charlotte,North Carolina,US,28262
Safe Home Security Charlotte,safehomesecuritycharlotte.com,safehomesecuritycharlotte.com,,,,Charlotte,North Carolina,US,28216
"Security Consult, Inc.",securityconsult411.com,securityconsult411.com,,,,Charlotte,North Carolina,US,28212
Smart Design Home Improvement,localproscharlottenc.com,localproscharlottenc.com,,,,Charlotte,North Carolina,US,28202
Smarter Systems,smartersys.com,smartersys.com,https://www.linkedin.com/company/smarter-systems,,,Charlotte,North Carolina,US,28273
Sound Advice,soundadvice.com,soundadvice.com,,,,Charlotte,North Carolina,US,28203
"State Line Lighting, Inc.",statelinelighting.com,statelinelighting.com,,,,Charlotte,North Carolina,US,28206
TV MOUNT TEAM LLC,tvmountteam.com,tvmountteam.com,,,,Charlotte,North Carolina,US,28203
The Integrated Home,theintegratedhome.net,theintegratedhome.net,https://www.linkedin.com/company/the-integrated-home,,,Charlotte,North Carolina,US,28273
Top Tier Security Solutions,toptier-securitysolutions.com,toptier-securitysolutions.com,,,,Charlotte,North Carolina,US,28217
Weave Automation,weave.technology,weave.technology,,,,Charlotte,North Carolina,US,28209
AbeGame Smart Home,abegame.com,abegame.com,,,,Concord,North Carolina,US,28027
Automation Technology Inc.,automationtechnologyinc.com,automationtechnologyinc.com,https://www.linkedin.com/company/gulf-controls-company,,,Concord,North Carolina,US,28025
Caliber Audio/Video,caliberav.com,caliberav.com,https://www.linkedin.com/company/caliber-audio-video,,,Concord,North Carolina,US,28027
Clean Installs,cleaninstalls.com,cleaninstalls.com,,,,Concord,North Carolina,US,28027
SES Integration,sesintegration.com,sesintegration.com,,,,Concord,North Carolina,US,28027
A\V Smarts LLC,audiovideosmarts.com,audiovideosmarts.com,,,,Cornelius,North Carolina,US,28031
"ElecTek, Inc.",electekinc.com,electekinc.com,,,,Cornelius,North Carolina,US,28031
KS Audio Video,ksaudiovideo.com,ksaudiovideo.com,,,,Cornelius,North Carolina,US,28031
Lake Norman Home Watch Services,lakenormanhomewatch.com,lakenormanhomewatch.com,,,,Cornelius,North Carolina,US,28031
Premiere Home Theater,hometheatercharlotte.com,hometheatercharlotte.com,,,,Cornelius,North Carolina,US,28031
Unique Audio Video Solutions llc,uavsllc.com,uavsllc.com,,,,Dallas,North Carolina,US,28034
RYGID AV,rygidav.com,rygidav.com,,,,Davidson,North Carolina,US,28036
HavenSmart Greater Charlotte,havensmart.com,havensmart.com,https://www.linkedin.com/company/havensmart,,,Denver,North Carolina,US,28037
Interactive Interiors,interactiveinteriors-av.com,interactiveinteriors-av.com,,,,Denver,North Carolina,US,28037
Lake Norman Electric,lakenormanelectric.com,lakenormanelectric.com,,,,Denver,North Carolina,US,28037
Safe N Sound Inc,safensoundinc.com,safensoundinc.com,,,,Denver,North Carolina,US,28037
"Analog Devices, Inc.",analog.com,analog.com,,,,Durham,North Carolina,US,27713
Auto Acoustics,autoacousticsnc.com,autoacousticsnc.com,,,,Durham,North Carolina,US,27707
Custom Light and Sound,customlightandsound.com,customlightandsound.com,,,,Durham,North Carolina,US,27705
Davenport Customs,davenportcustoms.com,davenportcustoms.com,,,,Durham,North Carolina,US,27705
Duke Smart Home,smarthome.duke.edu,smarthome.duke.edu,,,,Durham,North Carolina,US,27705
KONTEK Systems,kontek.com,kontek.com,,,,Durham,North Carolina,US,27701
No Regret Productions,noregretproductions.com,noregretproductions.com,,,,Durham,North Carolina,US,27713
Total Tech,totaltechwnc.com,totaltechwnc.com,,,,Etowah,North Carolina,US,28729
Smart Home Solutions,shsatrhudys.com,shsatrhudys.com,,,,Fayetteville,North Carolina,US,28301
"Optimal Tek, LLC",optimaltek.net,optimaltek.net,https://www.linkedin.com/company/25065341,,,Fletcher,North Carolina,US,28732
Pisgah Audio Video Lighting,pisgahavl.com,pisgahavl.com,,,,Fletcher,North Carolina,US,28732
Curtis TV-RadioShack Dealer,curtistvinc.com,curtistvinc.com,,,,Franklin,North Carolina,US,28734
Integrated Installations,integratedinst.com,integratedinst.com,,,,Franklin,North Carolina,US,28734
Southern Alarm & Security,southernalarm.com,southernalarm.com,,,,Franklin,North Carolina,US,28734
Automation Power and Controls,apandc.us,apandc.us,,,,Garner,North Carolina,US,27529
"E2 Technologies, Inc",e2ti.com,e2ti.com,,,,Garner,North Carolina,US,27529
"Just Push Play (JPP), Audio Visual",justpushplay.us,justpushplay.us,https://www.linkedin.com/company/74571130,,,Garner,North Carolina,US,27529
"ASAP Automation, Inc.",asapgeneratorsnc.com,asapgeneratorsnc.com,,,,Glenville,North Carolina,US,28736
ARS Automation Design Inc,arsautomationdesign.com,arsautomationdesign.com,,,,Greensboro,North Carolina,US,27410
"Advanced Tech Systems, Inc.",atstriad.com,atstriad.com,,,,Greensboro,North Carolina,US,27406
Alset Pro Systems,alsetpro.com,alsetpro.com,,,,Greensboro,North Carolina,US,27409
Amplified Electronic Design,ampedco.com,ampedco.com,,,,Greensboro,North Carolina,US,27409
Audio & Light Inc.,audio-light.com,audio-light.com,,,,Greensboro,North Carolina,US,27406
Automation Techniques Inc.,automationtechniques.com,automationtechniques.com,,,,Greensboro,North Carolina,US,27407
Business Improvement Technologies,bitnc.com,bitnc.com,,,,Greensboro,North Carolina,US,27407
CCAC Building Solutions,ccacbuildingsolutions.com,ccacbuildingsolutions.com,,,,Greensboro,North Carolina,US,27407
Carey Sound,careysoundavl.com,careysoundavl.com,,,,Greensboro,North Carolina,US,27409
Clarolux Landscape Lighting,clarolux.com,clarolux.com,,,,Greensboro,North Carolina,US,27406
D & A TV Master & Appliance Repair,dandatvmaster.com,dandatvmaster.com,,,,Greensboro,North Carolina,US,27405
Electric Supply and Equipment Co.,ese-co.com,ese-co.com,,,,Greensboro,North Carolina,US,27405
Home Service Pro,callhsp.com,callhsp.com,,,,Greensboro,North Carolina,US,27407
HomeSafe Lightning Protection LLC,homesafelp.com,homesafelp.com,,,,Greensboro,North Carolina,US,27406
Illuminating Technologies Inc,illuminatingtechnologies.com,illuminatingtechnologies.com,,,,Greensboro,North Carolina,US,27409
KEB Services,kebservicesinc.com,kebservicesinc.com,,,,Greensboro,North Carolina,US,27406
L&S Lighting Corporation.,ls-light.com,ls-light.com,,,,Greensboro,North Carolina,US,27410
"LegetteTech, LLC",legettetech.com,legettetech.com,,,,Greensboro,North Carolina,US,27408
SE Systems,sesystems.com,sesystems.com,,,,Greensboro,North Carolina,US,27406
Sightline Productions,sightline-productions.com,sightline-productions.com,,,,Greensboro,North Carolina,US,27407
Smart Home USA,mysmarthomeusa.com,mysmarthomeusa.com,,,,Greensboro,North Carolina,US,27410
Sound Solutions,ncsoundsolutions.com,ncsoundsolutions.com,,,,Greensboro,North Carolina,US,27407
Systems Contractors - A Fidelity Company,systemscontractors.com,systemscontractors.com,https://www.linkedin.com/company/systemscontractors,,,Greensboro,North Carolina,US,27407
TV mounting,tvmountgreensboro.com,tvmountgreensboro.com,,,,Greensboro,North Carolina,US,27407
Tiger Controls Inc LLC,tigercontrols.com,tigercontrols.com,,,,Greensboro,North Carolina,US,27409
"Triad Power and Controls, Inc.",triadpowerandcontrols.com,triadpowerandcontrols.com,,,,Greensboro,North Carolina,US,27406
Turn-Key Services,turn-keyservicesnc.hibuwebsites.com,turn-keyservicesnc.hibuwebsites.com,,,,Hickory,North Carolina,US,28601
Building Automation Services LLC,basllco.com,basllco.com,https://www.linkedin.com/company/building-automation-services-llc,,,High Point,North Carolina,US,27260
Butler Lighting Of High Point,butlerlightingusa.com,butlerlightingusa.com,,,,High Point,North Carolina,US,27265
200 Main,200main.com,200main.com,,,,Highlands,North Carolina,US,28741
Dollar General,dollargeneral.com,dollargeneral.com,,,,Highlands,North Carolina,US,28741
Glen Falls Luxury Cabin,glenfallscabin.com,glenfallscabin.com,,,,Highlands,North Carolina,US,28741
Half-Mile Farm,halfmilefarm.com,halfmilefarm.com,,,,Highlands,North Carolina,US,28741
Highlander Mountain House,highlandermountainhouse.com,highlandermountainhouse.com,,,,Highlands,North Carolina,US,28741
Highlands,highlandschamber.org,highlandschamber.org,,,,Highlands,North Carolina,US,28741
Highlands Inn,highlandsinn-nc.com,highlandsinn-nc.com,,,,Highlands,North Carolina,US,28741
Highlands Performing Arts Center,highlandsperformingarts.com,highlandsperformingarts.com,,,,Highlands,North Carolina,US,28741
Highlands Smokehouse,highlandssmokehouse.com,highlandssmokehouse.com,,,,Highlands,North Carolina,US,28741
Hotwire Communications Highlands,hotwirecommunications.com,hotwirecommunications.com,,,,Highlands,North Carolina,US,28741
Lunori | Highlands NC,lunorihighlands.com,lunorihighlands.com,,,,Highlands,North Carolina,US,28741
Mountain Findings,mountainfindings.org,mountainfindings.org,,,,Highlands,North Carolina,US,28741
Mountain Fresh Grocery,mfgro.com,mfgro.com,,,,Highlands,North Carolina,US,28741
Outpost Inn Highlands,outpostinnhighlands.com,outpostinnhighlands.com,,,,Highlands,North Carolina,US,28741
Reeves Hardware Co. Inc.,reevesacehardware.com,reevesacehardware.com,,,,Highlands,North Carolina,US,28741
Rent In Highlands,rentinhighlands.com,rentinhighlands.com,,,,Highlands,North Carolina,US,28741
Skyline Lodge,skyline-lodge.com,skyline-lodge.com,,,,Highlands,North Carolina,US,28741
The Park on Main,theparkonmain.com,theparkonmain.com,,,,Highlands,North Carolina,US,28741
Trailborn Highlands,trailborn.com,trailborn.com,,,,Highlands,North Carolina,US,28741
"Hillsborough IT Support Company and Managed IT Services in Durham, NC | Insight Tech Advisors",insighttechadv.com,insighttechadv.com,,,,Hillsborough,North Carolina,US,27278
Automated AV,automatedavnc.com,automatedavnc.com,,,,Huntersville,North Carolina,US,28078
"Automated Controls, LLC",automatedcontrolsnc.com,automatedcontrolsnc.com,,,,Huntersville,North Carolina,US,28078
A Plus Network,aplusnetwork.net,aplusnetwork.net,,,,Indian Trail,North Carolina,US,28079
AVA Technologies,ava-nc.com,ava-nc.com,,,,Indian Trail,North Carolina,US,28079
CO-DA,co-da.com,co-da.com,https://www.linkedin.com/company/co-da-lifestyle-technologies,,,Indian Trail,North Carolina,US,28079
National Audio Visual,national-av.com,national-av.com,,,,Indian Trail,North Carolina,US,28079
UTD Technology,utdtech.com,utdtech.com,,,,Indian Trail,North Carolina,US,28079
Champion Systems Inc,championsystemsinc.com,championsystemsinc.com,,,,Jamestown,North Carolina,US,27282
Easy Living Technologies,easylivingtechnologies.com,easylivingtechnologies.com,,,,Kannapolis,North Carolina,US,28081
ACE-HTI - Smart Security and Audio Video Solutions,ace-hti.com,ace-hti.com,,,,Kernersville,North Carolina,US,27284
AV Upgrades,avupgrades.com,avupgrades.com,,,,Kernersville,North Carolina,US,27284
AVE Integration,aveintegration.com,aveintegration.com,,,,Kernersville,North Carolina,US,27284
Caudill's,caudills.com,caudills.com,https://www.linkedin.com/company/caudill's,,,Kernersville,North Carolina,US,27284
Connected Home Inc.,connectedhomenc.com,connectedhomenc.com,,,,Leland,North Carolina,US,28451
Rytec Electric - Wilmington,rytecelectric.com,rytecelectric.com,https://www.linkedin.com/company/rytec-electric,,,Leland,North Carolina,US,28451
Convergence Technologies,convergenceusa.com,convergenceusa.com,https://www.linkedin.com/company/convergence-technologies---home-automation-&-home-theaters,,,Mebane,North Carolina,US,27302
Foothills Security & Technology,foothillsalarm.com,foothillsalarm.com,,,,Mill Spring,North Carolina,US,28756
Wave AVL,wave.us,wave.us,,,,Mint Hill,North Carolina,US,28227
AV Productions,avprosoundandvideo.com,avprosoundandvideo.com,,,,Monroe,North Carolina,US,28110
"David Alexander Electric, Inc",davidalexanderelectric.com,davidalexanderelectric.com,,,,Mooresville,North Carolina,US,28115
Harris Alarms,harrisalarms.com,harrisalarms.com,,,,Mooresville,North Carolina,US,28117
Lake Norman Tech Services,lkntechservices.com,lkntechservices.com,,,,Mooresville,North Carolina,US,28117
PoweredON Audio Visual,poweredonav.com,poweredonav.com,,,,Mooresville,North Carolina,US,28115
SoundVision LLC Audio Video Shades,svavnc.com,svavnc.com,https://www.linkedin.com/company/16151419,,,Mooresville,North Carolina,US,28117
Audio Video Enterprises,av-ent.com,av-ent.com,,,,Morganton,North Carolina,US,28655
Mountain Heritage Systems,mhstechnologies.com,mhstechnologies.com,,,,Newland,North Carolina,US,28657
B & R Audio LLC,bandraudio.com,bandraudio.com,,,,Penrose,North Carolina,US,28766
McGraw Electric of the Sandhills,mcgrawelectrical.com,mcgrawelectrical.com,,,,Pinebluff,North Carolina,US,28373
Masters Properties Custom Home Building & Remodeling,masterspropertiesinc.com,masterspropertiesinc.com,,,,Pinehurst,North Carolina,US,28374
"Persistent Systems, LLC",persistentsystems.com,persistentsystems.com,,,,Pinehurst,North Carolina,US,28374
"Tin Whistles Electric, LLC",tinwhistleselectric.com,tinwhistleselectric.com,,,,Pinehurst,North Carolina,US,28374
nuView Home Theaters & More,nuviewhometheaters.com,nuviewhometheaters.com,,,,Pinehurst,North Carolina,US,28374
AudioMasters,audiomastersnc.com,audiomastersnc.com,,,,Pineville,North Carolina,US,28134
Bright Audio Video,brightaudiovideo.com,brightaudiovideo.com,,,,Pineville,North Carolina,US,28134
Charlotte Audio Rentals LLC,charlotteaudiorentals.com,charlotteaudiorentals.com,,,,Pineville,North Carolina,US,28134
Sole Source AV Supply,solesourceav.com,solesourceav.com,https://www.linkedin.com/company/sole-source-av-supply,,,Pineville,North Carolina,US,28134
A V Metro Inc,avmetro.com,avmetro.com,,,,Raleigh,North Carolina,US,27607
A.Visual,pmc.works,pmc.works,,,,Raleigh,North Carolina,US,27607
AX Control Inc.,axcontrol.com,axcontrol.com,https://www.linkedin.com/company/ax-control-inc-,,,Raleigh,North Carolina,US,27603
Audio Advice,audioadvice.com,audioadvice.com,,,,Raleigh,North Carolina,US,27617
Audio Affects,audioaffects.org,audioaffects.org,,,,Raleigh,North Carolina,US,27615
Audio Exchange,audioexchangeofraleigh.com,audioexchangeofraleigh.com,,,,Raleigh,North Carolina,US,27606
Audio Video One,av1-ch.com,av1-ch.com,,,,Raleigh,North Carolina,US,27617
CMS Controls,cms-controls.com,cms-controls.com,,,,Raleigh,North Carolina,US,27606
Capital Installations,capital-installations.com,capital-installations.com,,,,Raleigh,North Carolina,US,27615
Chief Automation,chiefautomation.com,chiefautomation.com,,,,Raleigh,North Carolina,US,27603
Creative Acoustics,creativeacoustics6921.com,creativeacoustics6921.com,,,,Raleigh,North Carolina,US,27616
Creative Mind Technologies,creativemindllc.com,creativemindllc.com,,,,Raleigh,North Carolina,US,27606
DIST,dist.com,dist.com,,,,Raleigh,North Carolina,US,27606
DO Supply,dosupply.com,dosupply.com,,,,Raleigh,North Carolina,US,27603
DSI INNOVATIONS LLC,dsiinnovations.com,dsiinnovations.com,,,,Raleigh,North Carolina,US,27603
Edge Av Solutions,edgeav.solutions,edgeav.solutions,,,,Raleigh,North Carolina,US,27617
Element Integration,elementintegration.com,elementintegration.com,,,,Raleigh,North Carolina,US,27616
Elite Sight and Sound,elitesightandsoundnc.com,elitesightandsoundnc.com,https://www.linkedin.com/company/elite-sight-and-sound-inc,,,Raleigh,North Carolina,US,27603
"Imagenation Systems, Inc.",imagenationsystems.com,imagenationsystems.com,,,,Raleigh,North Carolina,US,27606
Industrial Automation Co.,industrialautomationco.com,industrialautomationco.com,,,,Raleigh,North Carolina,US,27606
Intelligent Electronics,intelligentelectronics.com,intelligentelectronics.com,https://www.linkedin.com/company/intelligent-electronics,,,Raleigh,North Carolina,US,27606
Iwatch Security,iwatchsecurity.com,iwatchsecurity.com,,,,Raleigh,North Carolina,US,27609
KITSCo Automation,kitscoautomation.com,kitscoautomation.com,,,,Raleigh,North Carolina,US,27603
Keyes AV & Integration,book.squareup.com,book.squareup.com,,,,Raleigh,North Carolina,US,27603
Myriad,myriad.video,myriad.video,,,,Raleigh,North Carolina,US,27604
Neuwave,neuwavesystems.com,neuwavesystems.com,https://www.linkedin.com/company/neuwave-systems,,,Raleigh,North Carolina,US,27604
Precision Audio,precisionaudio.com,precisionaudio.com,,,,Raleigh,North Carolina,US,27603
RDU TV Mounting & Audio Video,rdutvmounting.com,rdutvmounting.com,,,,Raleigh,North Carolina,US,27612
Raleigh Electric Company,raleighelectriccompany.com,raleighelectriccompany.com,,,,Raleigh,North Carolina,US,27606
"Royal Electric Services of Raleigh, NC",rduelectricians.com,rduelectricians.com,,,,Raleigh,North Carolina,US,27616
Security & Life Integrations,securitylifeinc.com,securitylifeinc.com,https://www.linkedin.com/company/securitylifeinc,,,Raleigh,North Carolina,US,27612
Security Force Inc,securityforceinc.com,securityforceinc.com,,,,Raleigh,North Carolina,US,27604
Security Force Inc. --- SFI Homes Department.,sfihomes.com,sfihomes.com,,,,Raleigh,North Carolina,US,27604
"Smart Home Security, LLC",smarthomesecuritync.com,smarthomesecuritync.com,,,,Raleigh,North Carolina,US,27615
Sound Advice,saenc.com,saenc.com,,,,Raleigh,North Carolina,US,27610
Sound Profiles Inc.,soundprofiles.com,soundprofiles.com,,,,Raleigh,North Carolina,US,27616
Sound Station and Security,soundstationsecurity.net,soundstationsecurity.net,,,,Raleigh,North Carolina,US,27612
Strategic Connections Inc,strategicconnections.net,strategicconnections.net,,,,Raleigh,North Carolina,US,27616
Synergy Integrated Systems,synergyintegratedsystems.com,synergyintegratedsystems.com,,,,Raleigh,North Carolina,US,27615
"TAMCO Technology Services, LLC",tamcotechraleigh.com,tamcotechraleigh.com,,,,Raleigh,North Carolina,US,27617
Wired South LLC,wiredsouth.com,wiredsouth.com,,,,Raleigh,North Carolina,US,27603
Unify NMS,trusolver.com,trusolver.com,,,,Research Triangle Park,North Carolina,US,27709
Set Up Home Theater,setuphometheater.com,setuphometheater.com,,,,Rocky Mount,North Carolina,US,27803
Smart Homes of Wilmington,smarthomesofwilmington.com,smarthomesofwilmington.com,,,,Rocky Point,North Carolina,US,28457
CAVSolution (Carolina Audio Video Solution),cav-solution.com,cav-solution.com,,,,Rolesville,North Carolina,US,27571
Immersive Home Technology,immersivehometech.com,immersivehometech.com,,,,Sherrills Ford,North Carolina,US,28673
@ Home PC Support,athomepcsupport.com,athomepcsupport.com,,,,Southern Pines,North Carolina,US,28387
Central Security Systems,centralsecuritync.com,centralsecuritync.com,,,,Southern Pines,North Carolina,US,28387
1TouchSolutions,1touchsolutions.tv,1touchsolutions.tv,,,,Stanley,North Carolina,US,28164
HIDR Electronics,hidrelectronics.com,hidrelectronics.com,,,,Stanley,North Carolina,US,28164
Sage Security Solutions LLC,sagesecuritysolutions.com,sagesecuritysolutions.com,,,,Troutman,North Carolina,US,28166
Today's Audio Video Warehouse,todaysaudiovideo.com,todaysaudiovideo.com,,,,Troutman,North Carolina,US,28166
Provision Audio Video Solutions,provisionavs.com,provisionavs.com,,,,Wake Forest,North Carolina,US,27587
Rackbuild Inc,rackbuild.com,rackbuild.com,https://www.linkedin.com/company/immersion-displays,,,Wake Forest,North Carolina,US,27587
SimplyAV,simplyavnc.com,simplyavnc.com,,,,Wake Forest,North Carolina,US,27587
Trident Residential Solutions,trident-residential.com,trident-residential.com,,,,Wake Forest,North Carolina,US,27587
CableNC,cablenc.com,cablenc.com,,,,Wendell,North Carolina,US,27591
Sandhills Home Security,sandhillshomesecurity.com,sandhillshomesecurity.com,,,,West End,North Carolina,US,27376
Sandhills Home Theater,sandhillshometheater.com,sandhillshometheater.com,https://www.linkedin.com/company/sandhills-home-theater,,,West End,North Carolina,US,27376
AValive,avalive.com,avalive.com,,,,Wilmington,North Carolina,US,28405
"AcoustiCreations, Inc.",acousticreations.com,acousticreations.com,,,,Wilmington,North Carolina,US,28405
Alpha Electric,alphaelectricwilmington.com,alphaelectricwilmington.com,,,,Wilmington,North Carolina,US,28403
Atmos AVL,atmosavl.com,atmosavl.com,,,,Wilmington,North Carolina,US,28405
Audio Visual Services Coastal,avscoastal.com,avscoastal.com,,,,Wilmington,North Carolina,US,28405
Bayside Electric Supply,baysidesupply.com,baysidesupply.com,,,,Wilmington,North Carolina,US,28403
CITSCORP,citscorp.com,citscorp.com,,,,Wilmington,North Carolina,US,28405
Cape Fear Automation,capefearautomation.com,capefearautomation.com,,,,Wilmington,North Carolina,US,28401
Cape Fear Group Homes Inc,capefeargh.org,capefeargh.org,,,,Wilmington,North Carolina,US,28403
Capital Electric,capitalelectricsupply.com,capitalelectricsupply.com,https://www.linkedin.com/company/capitalelectric,,,Wilmington,North Carolina,US,28403
Capital Electric Lighting Showroom,capitalelectriclighting.com,capitalelectriclighting.com,,,,Wilmington,North Carolina,US,28403
Coastal Comfort Electric,coastalcomfortelectricllc.com,coastalcomfortelectricllc.com,,,,Wilmington,North Carolina,US,28401
"Dowd Technology Group, LLC",dowd.io,dowd.io,,,,Wilmington,North Carolina,US,28401
Electronics2you,electronics2you.com,electronics2you.com,,,,Wilmington,North Carolina,US,28405
Flux Audio/Video,fluxav.net,fluxav.net,,,,Wilmington,North Carolina,US,28405
Holmes Security Systems,holmeselectricsecurity.com,holmeselectricsecurity.com,,,,Wilmington,North Carolina,US,28403
Inspire Solutions,jsav.com,jsav.com,,,,Wilmington,North Carolina,US,28401
Johnson Controls Wilmington Office,johnsoncontrols.com,johnsoncontrols.com,https://www.linkedin.com/company/johnson-controls,,,Wilmington,North Carolina,US,28405
Lancaster Electric Co.,lancasterelectricnc.com,lancasterelectricnc.com,,,,Wilmington,North Carolina,US,28405
Laney Electrical Construction,laneyelectric.com,laneyelectric.com,,,,Wilmington,North Carolina,US,28405
Latitude Electric Inc,latitudeelectricnc.com,latitudeelectricnc.com,,,,Wilmington,North Carolina,US,28409
Light Engineered Displays,ledinc.com,ledinc.com,,,,Wilmington,North Carolina,US,28412
Matrix Electrical Services LLC,matrixwilmington.com,matrixwilmington.com,,,,Wilmington,North Carolina,US,28411
Mayer Electric Supply,mayerelectric.com,mayerelectric.com,,,,Wilmington,North Carolina,US,28405
"Odyssey Mechanical, LLC",odysseymechanical.com,odysseymechanical.com,,,,Wilmington,North Carolina,US,28405
Outdoor Lighting Perspectives of Wilmington,outdoorlights.com,outdoorlights.com,,,,Wilmington,North Carolina,US,28405
Port City Sound and Security,portcitysound.com,portcitysound.com,https://www.linkedin.com/company/port-city-sound-and-security,,,Wilmington,North Carolina,US,28411
Pro AV Services,proavnow.com,proavnow.com,,,,Wilmington,North Carolina,US,28403
Pro AV Warehouse,proavwarehouse.com,proavwarehouse.com,,,,Wilmington,North Carolina,US,28405
SENSIT-Direct.com,sensit-direct.com,sensit-direct.com,,,,Wilmington,North Carolina,US,28412
Sound Decisions Inc,sounddecisions.biz,sounddecisions.biz,https://www.linkedin.com/company/108355830,,,Wilmington,North Carolina,US,28405
Soundtronics,carstereostorewilmington.com,carstereostorewilmington.com,,,,Wilmington,North Carolina,US,28405
Sourcemaker Inc,sourcemakerled.com,sourcemakerled.com,,,,Wilmington,North Carolina,US,28412
Strickland's Home,stricklandshome.com,stricklandshome.com,,,,Wilmington,North Carolina,US,28403
Surftech AV,surftechav.com,surftechav.com,,,,Wilmington,North Carolina,US,28405
Swell Systems Inc,swellsystem.com,swellsystem.com,https://www.linkedin.com/company/swell-systems-inc,,,Wilmington,North Carolina,US,28405
"Total Comfort Services, Inc.",totalcomfortservices.com,totalcomfortservices.com,,,,Wilmington,North Carolina,US,28405
Watson Electrical Construction Co. LLC,watsonelec.com,watsonelec.com,,,,Wilmington,North Carolina,US,28401
Wilmington Audio Visual & Lighting,wilmingtonavl.com,wilmingtonavl.com,,,,Wilmington,North Carolina,US,28405
Wilmington Electrical Supply,cedwilmington.portalced.com,cedwilmington.portalced.com,,,,Wilmington,North Carolina,US,28405
Wilmington TV Installs,wilmingtontvinstalls.com,wilmingtontvinstalls.com,,,,Wilmington,North Carolina,US,28405
Wilmington Winlectric,winsupplyinc.com,winsupplyinc.com,,,,Wilmington,North Carolina,US,28405
Wolf Security Solutions,wolfsecuritysolutions.com,wolfsecuritysolutions.com,,,,Wilmington,North Carolina,US,28405
Womack Electric Supply,womackelectric.com,womackelectric.com,,,,Wilmington,North Carolina,US,28405
wilmington nc electrician free quotes,sofatalking.com,sofatalking.com,,,,Wilmington,North Carolina,US,28401
Audio Video Solutions,avsnow.com,avsnow.com,,,,Winston-Salem,North Carolina,US,27106
Carolina Custom Sound,carolinacustomsound.com,carolinacustomsound.com,,,,Winston-Salem,North Carolina,US,27104
Church Interiors Audio and Video - CIAVL,ciavl.com,ciavl.com,https://www.linkedin.com/company/church-interiors-audio-video-and-lighting,,,Winston-Salem,North Carolina,US,27107
Integrated Visual Solutions,integratedvisualsolutions.com,integratedvisualsolutions.com,,,,Youngsville,North Carolina,US,27596
Smart Home Technologies,smarthomefargo.com,smarthomefargo.com,,,,West Fargo,North Dakota,US,58078
Gateway Electric,gatewayelectricne.com,gatewayelectricne.com,,,,Elkhorn,Nebraska,US,68022
Audio Video Specialist,audiovideofremont.com,audiovideofremont.com,,,,Fremont,Nebraska,US,68025
Denizen,denizenhome.com,denizenhome.com,https://www.linkedin.com/company/denizenhome,,,Gretna,Nebraska,US,68028
CSE Service,cse-ne.com,cse-ne.com,,,,La Vista,Nebraska,US,68128
3E - Electrical Engineering & Equipment Company,3e-co.com,3e-co.com,,,,Omaha,Nebraska,US,68127
4TEC Direct,4tecdirect.com,4tecdirect.com,,,,Omaha,Nebraska,US,68102
ASI Systems Pro,asisystemspro.com,asisystemspro.com,https://www.linkedin.com/company/asi-systems,,,Omaha,Nebraska,US,68127
Ankeny Automation LLC,ankenyautomation.com,ankenyautomation.com,,,,Omaha,Nebraska,US,68144
Apex Integration,aiomaha.net,aiomaha.net,,,,Omaha,Nebraska,US,68134
Architectural Lighting Resources,alrlighting.com,alrlighting.com,,,,Omaha,Nebraska,US,68137
Automated Drive Systems,automateddrives.com,automateddrives.com,,,,Omaha,Nebraska,US,68138
CCS Presentation Systems,ccsmidwest.com,ccsmidwest.com,https://www.linkedin.com/company/ccs-presentation-systems,,,Omaha,Nebraska,US,68137
CONCEPTS AV Integration,conceptsav.com,conceptsav.com,,,,Omaha,Nebraska,US,68137
CSE Automation LLC,cseautomationllc.com,cseautomationllc.com,,,,Omaha,Nebraska,US,68138
Control Depot,controldepotinc.com,controldepotinc.com,https://www.linkedin.com/company/controldepotinc,,,Omaha,Nebraska,US,68127
Control Masters Inc,control-masters.com,control-masters.com,,,,Omaha,Nebraska,US,68144
Control Services Inc.,controlservices.com,controlservices.com,,,,Omaha,Nebraska,US,68137
Custom Electronics,customelectronics.tv,customelectronics.tv,,,,Omaha,Nebraska,US,68114
Electronic Sound Inc,electronicsound.com,electronicsound.com,https://www.linkedin.com/company/electronic-sound-inc-,,,Omaha,Nebraska,US,68144
Full Circuit,fullcircuitomaha.com,fullcircuitomaha.com,,,,Omaha,Nebraska,US,68127
HTM Sales Inc,htmsales.com,htmsales.com,,,,Omaha,Nebraska,US,68127
Home Connect Solutions,homeconnectsolutions.com,homeconnectsolutions.com,,,,Omaha,Nebraska,US,68022
Inteconnex,inteconnex.com,inteconnex.com,,,,Omaha,Nebraska,US,68130
Lighting World Inc,lightingworldomaha.com,lightingworldomaha.com,,,,Omaha,Nebraska,US,68137
Midwest Sound & Lighting Inc,mwsound.com,mwsound.com,,,,Omaha,Nebraska,US,68117
Omaha Communications,omahacommunications.com,omahacommunications.com,,,,Omaha,Nebraska,US,68131
Omaha Security Cameras,omahasecuritycameras.com,omahasecuritycameras.com,,,,Omaha,Nebraska,US,68022
On The Wall Mounting Services,onthewallomaha.com,onthewallomaha.com,,,,Omaha,Nebraska,US,68137
Paladin Facilities and Construction,maintenance-facilities.com,maintenance-facilities.com,https://www.linkedin.com/company/paladinconstruction,,,Omaha,Nebraska,US,68107
SMARTLIFT US,smartlift.com,smartlift.com,,,,Omaha,Nebraska,US,68127
"Security Equipment, Inc.",seisecurity.com,seisecurity.com,,,,Omaha,Nebraska,US,68130
Sellhorst Security & Sound,sellhorst.com,sellhorst.com,,,,Omaha,Nebraska,US,68022
SmartHouse Pro,smarthousepro.io,smarthousepro.io,,,,Omaha,Nebraska,US,68116
SmartStep Systems,smartstepsystems.com,smartstepsystems.com,,,,Omaha,Nebraska,US,68127
Surveillance Equipment Omaha - SilverHammer Surveillance,silverhammersurveillance.com,silverhammersurveillance.com,,,,Omaha,Nebraska,US,68102
Technical Support Inc,techsi.com,techsi.com,,,,Omaha,Nebraska,US,68137
The Home Depot Pro Institutional,supplyworks.com,supplyworks.com,,,,Omaha,Nebraska,US,68110
The Light Palace,lightpalace.com,lightpalace.com,,,,Omaha,Nebraska,US,68137
The Sound Environment,soundenvironment.com,soundenvironment.com,,,,Omaha,Nebraska,US,68144
Thompson Solutions Group,thompsonsolutionsgroup.com,thompsonsolutionsgroup.com,,,,Omaha,Nebraska,US,68106
United Electric Supply Co.,uesomaha.com,uesomaha.com,,,,Omaha,Nebraska,US,68137
HD Sight & Sound,hdsightandsound.com,hdsightandsound.com,,,,Springfield,Nebraska,US,68059
Heritage Home Service,justcallheritage.com,justcallheritage.com,,,,Auburn,New Hampshire,US,03032
Bedford Home Theater,cinemaesquehometheater.com,cinemaesquehometheater.com,,,,Bedford,New Hampshire,US,03110
"Complete AV, LLC",completeav.us,completeav.us,,,,Bedford,New Hampshire,US,03110
Connected Home and business,goconnectedav.com,goconnectedav.com,,,,Bedford,New Hampshire,US,03110
Stimuli Sight & Sound LLC,stimulisightandsound.com,stimulisightandsound.com,,,,Dover,New Hampshire,US,03820
AudioBarn,audiobarn.com,audiobarn.com,,,,Exeter,New Hampshire,US,03833
Northeast Lantern,northeastlantern.com,northeastlantern.com,,,,Exeter,New Hampshire,US,03833
Cinemaesque Home Theater,cinemaesque.com,cinemaesque.com,,,,Gilford,New Hampshire,US,03249
The Sound Resort,soundresort.net,soundresort.net,,,,Gilford,New Hampshire,US,03249
Audio Video Experience,electronic-lifestyle.com,electronic-lifestyle.com,,,,Hampton,New Hampshire,US,03842
Arcomm Communications,arcomm1.com,arcomm1.com,,,,Hillsborough,New Hampshire,US,03244
"Pro Technologies-Safety Security & Comfort, LLC",protechnologiesllc.com,protechnologiesllc.com,,,,Hooksett,New Hampshire,US,03106
Securely Sound Inc,securelysound.com,securelysound.com,,,,Hooksett,New Hampshire,US,03106
Audio Elite,audioelite.pro,audioelite.pro,,,,Londonderry,New Hampshire,US,03053
Lake Winni Home Theater Inc,lakewinnitv.com,lakewinnitv.com,,,,Meredith,New Hampshire,US,03253
Avidex New Hampshire,avidex.com,avidex.com,,,,Nashua,New Hampshire,US,03062
Bernie & Phyl's Furniture,bernieandphyls.com,bernieandphyls.com,,,,Newington,New Hampshire,US,03801
The Lighting Center at NorthEast Electrical,needco.com,needco.com,https://www.linkedin.com/company/lighting-center-northeast-electrical,,,Newington,New Hampshire,US,03801
Integrated Audio Solutions,iaudiosolutions.com,iaudiosolutions.com,https://www.linkedin.com/company/6437979,,,Newmarket,New Hampshire,US,03857
Cinemaesque Home Theater,northhamptonhometheater.com,northhamptonhometheater.com,,,,North Hampton,New Hampshire,US,03862
"WHB Concert and Production Services, LLC",whbcaps.com,whbcaps.com,,,,North Hampton,New Hampshire,US,03862
Extreme Electrical Solutions,extremeelec.com,extremeelec.com,,,,Pelham,New Hampshire,US,03076
Xtreme Audio & Video,xtreme-av.com,xtreme-av.com,,,,Pelham,New Hampshire,US,03076
"2-Way Communications Service, Inc.",2-way.biz,2-way.biz,,,,Portsmouth,New Hampshire,US,03801
Adaptable Computer LLC,adaptablecomputer.com,adaptablecomputer.com,,,,Portsmouth,New Hampshire,US,03801
Advanced Automation,advautomation.us,advautomation.us,,,,Portsmouth,New Hampshire,US,03802
"Amadeus Hospitality, Inc.",amadeus-hospitality.com,amadeus-hospitality.com,,,,Portsmouth,New Hampshire,US,03801
Anchor Line,anchorline.tv,anchorline.tv,,,,Portsmouth,New Hampshire,US,03801
AudioNova,audionova.com,audionova.com,,,,Portsmouth,New Hampshire,US,03801
Bull Moose,bullmoose.com,bullmoose.com,,,,Portsmouth,New Hampshire,US,03801
DVRS Online,dvrsonline.com,dvrsonline.com,,,,Portsmouth,New Hampshire,US,03801
Ef Home Services,efhomeservices.com,efhomeservices.com,,,,Portsmouth,New Hampshire,US,03801
"Enviance, Inc.",enviance.com,enviance.com,,,,Portsmouth,New Hampshire,US,03801
Experimax Portsmouth,experimaxportsmouth.com,experimaxportsmouth.com,,,,Portsmouth,New Hampshire,US,03801
GlobalSign USA,globalsign.com,globalsign.com,https://www.linkedin.com/company/globalsign,,,Portsmouth,New Hampshire,US,03801
Homesense,locations.us.homesense.com,locations.us.homesense.com,,,,Portsmouth,New Hampshire,US,03801
Kate Anderson Studio,kateandersonstudio.com,kateandersonstudio.com,,,,Portsmouth,New Hampshire,US,03801
"LT Software Solutions, Inc.",ltsoftware.com,ltsoftware.com,,,,Portsmouth,New Hampshire,US,03801
LaBrie Media,labrie-media.com,labrie-media.com,,,,Portsmouth,New Hampshire,US,03801
NH Digital Group,nhdigitalgroup.com,nhdigitalgroup.com,,,,Portsmouth,New Hampshire,US,03801
"NeoMatrix, Inc.",neomatrixinc.com,neomatrixinc.com,,,,Portsmouth,New Hampshire,US,03801
New Era Technology,neweratech.com,neweratech.com,,,,Portsmouth,New Hampshire,US,03801
New Hampshire Theatre Project,nhtheatreproject.org,nhtheatreproject.org,,,,Portsmouth,New Hampshire,US,03801
Northern Pictures,northern-pictures.com,northern-pictures.com,,,,Portsmouth,New Hampshire,US,03801
Players Ring,playersring.org,playersring.org,,,,Portsmouth,New Hampshire,US,03801
Portsmouth Public Media,ppmtvnh.org,ppmtvnh.org,,,,Portsmouth,New Hampshire,US,03801
Premiere Home Services LLC,premierehomeservice.com,premierehomeservice.com,,,,Portsmouth,New Hampshire,US,03801
Resolve Technology - IT Support for Portsmouth and NH Businesses,resolvetech.biz,resolvetech.biz,,,,Portsmouth,New Hampshire,US,03801
"Russound/FMP, Inc.",russound.com,russound.com,https://www.linkedin.com/company/russound,,,Portsmouth,New Hampshire,US,03801
SC Digital,scdigital.com,scdigital.com,,,,Portsmouth,New Hampshire,US,03801
Seacoast Repertory Theatre,seacoastrep.org,seacoastrep.org,,,,Portsmouth,New Hampshire,US,03801
SoftShadowSecurity Inc.,softshadowsecurity.com,softshadowsecurity.com,,,,Portsmouth,New Hampshire,US,03801
Soundwaves,nhsoundwaves.net,nhsoundwaves.net,,,,Portsmouth,New Hampshire,US,03801
State Street Discount,statestreetdiscount.com,statestreetdiscount.com,,,,Portsmouth,New Hampshire,US,03801
T&J Builders,tandjbuilders.com,tandjbuilders.com,,,,Portsmouth,New Hampshire,US,03801
The ATOM Group,theatomgroup.com,theatomgroup.com,,,,Portsmouth,New Hampshire,US,03801
The Fifth Wheel Adult Superstore,fifthwheeladultsuperstore.com,fifthwheeladultsuperstore.com,,,,Portsmouth,New Hampshire,US,03801
"The Music Hall, Portsmouth, NH",themusichall.org,themusichall.org,,,,Portsmouth,New Hampshire,US,03801
Triple M Handyman,triplemhandyman.com,triplemhandyman.com,,,,Portsmouth,New Hampshire,US,03801
"United Automation, Inc",unitedautomation.com,unitedautomation.com,https://www.linkedin.com/company/unitedautomation-inc,,,Portsmouth,New Hampshire,US,03801
VENT Activity Rooms,ventwithus.com,ventwithus.com,,,,Portsmouth,New Hampshire,US,03801
Visual Media TV,visualmedia.tv,visualmedia.tv,,,,Portsmouth,New Hampshire,US,03801
SmartATIConstruction,smartati.com,smartati.com,,,,Rochester,New Hampshire,US,03867
"Audio Visual Concepts, Inc.",audiovisualconcepts.net,audiovisualconcepts.net,,,,Salem,New Hampshire,US,03079
"Your Custom Smart Home AV Integration Service & Support Company - IntelliHome, LLC",intellihomene.com,intellihomene.com,,,,Salem,New Hampshire,US,03079
Dependable Controls Services,dependablecontrolsservices.com,dependablecontrolsservices.com,,,,Seabrook,New Hampshire,US,03874
NH Audio & Video,audiovideonh.com,audiovideonh.com,,,,Springfield,New Hampshire,US,03284
Sound City Electronics,soundcitycorp.com,soundcitycorp.com,,,,Bayonne,New Jersey,US,07002
Integrate Comfort Systems,icshvac.com,icshvac.com,,,,Belleville,New Jersey,US,07109
DFX,dfxsoundvision.com,dfxsoundvision.com,,,,Berlin Township,New Jersey,US,08091
Elite Smart Companies,elitesmartcompanies.com,elitesmartcompanies.com,,,,Berlin Township,New Jersey,US,08091
Bravo AV Home Theater and Home Automation NJ,bravoav.com,bravoav.com,https://www.linkedin.com/company/bravo-av,,,Bernardsville,New Jersey,US,07924
ConectSys,conectsys.com,conectsys.com,https://www.linkedin.com/company/conectsys,,,Bordentown,New Jersey,US,08505
Automation and Services LLc,automationandservices.com,automationandservices.com,,,,Branchburg,New Jersey,US,08876
Audio Visual Experts LLC,avexpertsnj.com,avexpertsnj.com,,,,Brick Township,New Jersey,US,08724
Profound Sound & Video,profoundav.com,profoundav.com,https://www.linkedin.com/company/profound-sound-&-video,,,Cherry Hill Township,New Jersey,US,08003
Serenity Smart Homes,serenitysmarthomesnj.com,serenitysmarthomesnj.com,https://www.linkedin.com/company/serenity-smart-homes-nj,,,Cherry Hill Township,New Jersey,US,08002
A C Video Solutions LLC,acvideosolutions.com,acvideosolutions.com,,,,City of Orange,New Jersey,US,07050
Audio-Video Synergy Inc,audiovideosynergy.com,audiovideosynergy.com,https://www.linkedin.com/company/audio-video-synergy,,,Clinton,New Jersey,US,08809
CSAV Systems LLC,csavsystems.com,csavsystems.com,,,,Colts Neck,New Jersey,US,07722
Phoenix Smart Connect,phoenixsmartconnect.com,phoenixsmartconnect.com,,,,East Orange,New Jersey,US,07017
AV-911,av-911.com,av-911.com,,,,Edison,New Jersey,US,08820
AVS Installations LLC,avsillc.com,avsillc.com,,,,Edison,New Jersey,US,08837
"Intelligent Automation, LLC.",intelamation.com,intelamation.com,,,,Edison,New Jersey,US,08820
New World Solutions,newworldsolutions.com,newworldsolutions.com,https://www.linkedin.com/company/newworldsolutionsllc,,,Elizabeth,New Jersey,US,07202
Cyberhomes Systems LLC,cyberhomessystems.com,cyberhomessystems.com,,,,Englishtown,New Jersey,US,07726
"A-V Services, Inc.",avservices.net,avservices.net,https://www.linkedin.com/company/avservicesinc,,,Fairfield,New Jersey,US,07004
Audio Video Solutions NJ LLC.,avsolutions.tech,avsolutions.tech,,,,Fairfield,New Jersey,US,07004
Scott Hibbard Audio,scotthibbardaudio.com,scotthibbardaudio.com,,,,Florham Park,New Jersey,US,07932
"JD Audio & Video Design, Inc.",jdavdesign.com,jdavdesign.com,,,,Fort Lee,New Jersey,US,07024
Audio Visual Design,protek-avdesign.com,protek-avdesign.com,,,,Franklin Lakes,New Jersey,US,07417
Horizon AVL System Integration,horizonavl.com,horizonavl.com,https://www.linkedin.com/company/horizonavl,,,Gloucester Township,New Jersey,US,08012
Home Theater Group,hometheatergroup.com,hometheatergroup.com,,,,Green Brook Township,New Jersey,US,08812
Audio Visual Dynamics,avdusa.com,avdusa.com,https://www.linkedin.com/company/avdusa,,,Hackettstown,New Jersey,US,07840
"The Sound Professionals, Inc",soundprofessionals.com,soundprofessionals.com,,,,Hainesport,New Jersey,US,08036
IAV-Intl Audio Visual,iavnj.com,iavnj.com,,,,Hanover,New Jersey,US,07981
"Pezz Electrical Services, LLC",pezzelectric.com,pezzelectric.com,,,,Hillsborough Township,New Jersey,US,08844
Bergen Audio Visual & Live Streaming Service,bergenav.com,bergenav.com,,,,Jackson Township,New Jersey,US,08527
Cyber Elephant TV Mounting,cyber-elephant.com,cyber-elephant.com,,,,Jersey City,New Jersey,US,07306
Elite Systems America,elitesystemsamerica.com,elitesystemsamerica.com,,,,Jersey City,New Jersey,US,07306
Falcon Builders & General Contractor Jersey city,falconbuilders-nj.com,falconbuilders-nj.com,,,,Jersey City,New Jersey,US,07307
Assemble Pro NJ LLC,assemblepronj.com,assemblepronj.com,,,,Kearny,New Jersey,US,07032
Digital Home LLC,digihm.com,digihm.com,,,,Kearny,New Jersey,US,07032
Einstein Electrical & Automation LLC,einsteinautomation.com,einsteinautomation.com,,,,Kearny,New Jersey,US,07032
"Gateway Audio Visual, Inc.",gatewayav.com,gatewayav.com,,,,Kenilworth,New Jersey,US,07033
Resound Technologies,resoundav.com,resoundav.com,,,,Kenilworth,New Jersey,US,07033
"Smart Technology Plus, LLC",smarttech-us.com,smarttech-us.com,https://www.linkedin.com/company/smarttechnj,,,Kenilworth,New Jersey,US,07033
Advanced Automation Systems,advanced-automations.com,advanced-automations.com,,,,Kinnelon,New Jersey,US,07405
For-Tech Electric LLC,fortechelectric.com,fortechelectric.com,,,,Lakewood,New Jersey,US,08701
Bassett Furniture,stores.bassettfurniture.com,stores.bassettfurniture.com,,,,Lawrence Township,New Jersey,US,08648
Digital Surroundings,digitalsurroundings.com,digitalsurroundings.com,,,,Lawrence Township,New Jersey,US,08648
"Main Access Systems, Inc.",mainaccesssystems.com,mainaccesssystems.com,,,,Lawrence Township,New Jersey,US,08648
i-AV,i-av.com,i-av.com,https://www.linkedin.com/company/infinite-av-solutions,,,Little Silver,New Jersey,US,07739
Interactive Spaces,interactivespaces.com,interactivespaces.com,,,,Livingston,New Jersey,US,07039
AV Design Services,avds.tv,avds.tv,,,,Lumberton Township,New Jersey,US,08048
Waverly TV,waverlytv.com,waverlytv.com,,,,Madison,New Jersey,US,07940
Corbin Electrical Services,corbinelectric.com,corbinelectric.com,,,,Marlboro Township,New Jersey,US,07746
Audio Video Concepts & Design,audiovideoconcepts.net,audiovideoconcepts.net,,,,Medford,New Jersey,US,08055
NJ Lutron Lights & Shades Installer,cravtsman.com,cravtsman.com,,,,Millburn,New Jersey,US,07078
Professional Audio Consultants,pac-nj.com,pac-nj.com,https://www.linkedin.com/company/professional-audio-consultants,,,Millburn,New Jersey,US,07041
ynVISION Lutron Lighting and Motorized Blinds NJ,ynvision.design,ynvision.design,,,,Millburn,New Jersey,US,07041
HomeCinema4u,homecinema4u.com,homecinema4u.com,,,,Monroe Township,New Jersey,US,08831
Montgomery Cinemas,montgomerycinemas.com,montgomerycinemas.com,,,,Montgomery,New Jersey,US,08558
Stark System Design,starksystemdesign.com,starksystemdesign.com,,,,Moorestown,New Jersey,US,08057
Starlite,starlite.com,starlite.com,,,,Moorestown,New Jersey,US,08057
"Cine Acoustic LLC - Audio Video , Home Automation New Jersey & New York",cineacoustic.com,cineacoustic.com,,,,Morris Plains,New Jersey,US,07950
Hi Def Innovations,hidefinnovations.com,hidefinnovations.com,,,,Morris Plains,New Jersey,US,07950
Headquarters Audio Visual Services,headquartersav.com,headquartersav.com,,,,Morristown,New Jersey,US,07960
"JS Audio Video, Inc.",jsaudiovideo.com,jsaudiovideo.com,https://www.linkedin.com/company/js-audio-video,,,Morristown,New Jersey,US,07960
Smart Homes and Theaters,smartavinstall.com,smartavinstall.com,,,,Morristown,New Jersey,US,07960
SmartWay Integration,smartwayintegration.com,smartwayintegration.com,https://www.linkedin.com/company/smartwayintegration,,,Morristown,New Jersey,US,07960
Worlds Light Home Services LLC,worldslighthomeservices.com,worldslighthomeservices.com,,,,Morristown,New Jersey,US,07960
Dreamedia Home Theater,dreamediaav.com,dreamediaav.com,,,,Mountainside,New Jersey,US,07092
Epic Systems Tech Home Theater and Control4 Installation New Jersey,epicsystems.tech,epicsystems.tech,https://www.linkedin.com/company/epic-systems-tech,,,Mt Olive,New Jersey,US,07828
Custom AV Integrators,customavnj.com,customavnj.com,,,,Mullica Hill,New Jersey,US,08062
INTEGRA ENGINEERING,thumbtack.com,thumbtack.com,,,,Newark,New Jersey,US,07107
Mytechguyjoe,mytechguyjoe.com,mytechguyjoe.com,,,,Newark,New Jersey,US,07114
"National Retail Solutions, Inc. (NRS)",nrsplus.com,nrsplus.com,,,,Newark,New Jersey,US,07102
net2phone - Cloud Communications Solutions Provider,net2phone.com,net2phone.com,,,,Newark,New Jersey,US,07102
"CitiView Audio Visual, Ltd.",citiviewav.com,citiviewav.com,,,,North Bergen,New Jersey,US,07047
SHORE Smart Home,shoresmarthome.pro,shoresmarthome.pro,https://www.linkedin.com/company/shore-smart-home-nj,,,Northfield,New Jersey,US,08225
Alliance Technology Integrators,allitechnj.com,allitechnj.com,,,,Northvale,New Jersey,US,07647
Focused AV,focusedav.com,focusedav.com,,,,Norwood,New Jersey,US,07648
Smart Home Systems LLC,thesmarthomesystems.com,thesmarthomesystems.com,https://www.linkedin.com/company/64716462,,,Nutley,New Jersey,US,07110
Smart Home Integrations,smarthomeintegrations.com,smarthomeintegrations.com,https://www.linkedin.com/company/smart-home-integrations-llc,,,Ocean Township,New Jersey,US,07712
"Stereo & Video Integrators, Inc.",stereoandvideo.com,stereoandvideo.com,https://www.linkedin.com/company/stereo-and-video-integrators-inc-,,,Ocean Township,New Jersey,US,07712
GMI Automation,gmiautomation.com,gmiautomation.com,https://www.linkedin.com/company/gmi-automation,,,Old Bridge,New Jersey,US,08857
TD Smart Homes Inc,tdsmarthomes.com,tdsmarthomes.com,,,,Paramus,New Jersey,US,07652
DH Audio and Home Theater,dhaudioandhometheater.com,dhaudioandhometheater.com,,,,Parsippany-Troy Hills,New Jersey,US,07054
Summit AV Group,summitavrentals.com,summitavrentals.com,,,,Pennington,New Jersey,US,08534
Prime AV Solutions,primeavsolutions.com,primeavsolutions.com,,,,Pennsauken,New Jersey,US,08109
One Sound Choice,onesoundchoice.com,onesoundchoice.com,,,,Pequannock Township,New Jersey,US,07444
Stellar Audio Video LLC,stellaraudiovideo.com,stellaraudiovideo.com,,,,Point Pleasant,New Jersey,US,08742
4 Elements Wellness Center,4elementswellnesscenter.com,4elementswellnesscenter.com,,,,Princeton,New Jersey,US,08540
ABNH,abnhav.com,abnhav.com,https://www.linkedin.com/company/abnhav,,,Princeton,New Jersey,US,08540
B&L Woodworking,blwoodwork.com,blwoodwork.com,,,,Princeton,New Jersey,US,08540
Best High Technologies LLC,besthtech.com,besthtech.com,https://www.linkedin.com/company/9312786,,,Princeton,New Jersey,US,08540
BoConcept Princeton,boconcept.com,boconcept.com,,,,Princeton,New Jersey,US,08540
Brandywine Serenade by Monarch,brandycare.com,brandycare.com,,,,Princeton,New Jersey,US,08540
Brighton Electric,brighton-electric.com,brighton-electric.com,,,,Princeton,New Jersey,US,08540
Ethan Allen,ethanallen.com,ethanallen.com,,,,Princeton,New Jersey,US,08540
Firmus Electronics,firmus.com,firmus.com,,,,Princeton,New Jersey,US,08540
Five Below,locations.fivebelow.com,locations.fivebelow.com,,,,Princeton,New Jersey,US,08540
George Johnson & Son,marvelelectricians.com,marvelelectricians.com,,,,Princeton,New Jersey,US,08540
Homestead Princeton,homesteadprinceton.com,homesteadprinceton.com,,,,Princeton,New Jersey,US,08542
Hudson Table,hudsontable.com,hudsontable.com,,,,Princeton,New Jersey,US,08540
LUXE HOME COMPANY,luxehomecompany.com,luxehomecompany.com,,,,Princeton,New Jersey,US,08540
Mr. Handyman of Princeton and Robbinsville,mrhandymanprinceton.com,mrhandymanprinceton.com,,,,Princeton,New Jersey,US,08540
OFC,ofc.tv,ofc.tv,,,,Princeton,New Jersey,US,08542
Ori Home Improvement,orihomeimprovement.com,orihomeimprovement.com,,,,Princeton,New Jersey,US,08540
Patriot Media Consulting LLC,patriotmediaconsulting.com,patriotmediaconsulting.com,,,,Princeton,New Jersey,US,08540
Penta Hearing Care,pentahearingprinceton.com,pentahearingprinceton.com,,,,Princeton,New Jersey,US,08540
Pottery Barn,potterybarn.com,potterybarn.com,,,,Princeton,New Jersey,US,08540
Princeton Electrical Makeover,electricalmakeover.com,electricalmakeover.com,,,,Princeton,New Jersey,US,08540
"Princeton IT Services, Inc.",princetonits.com,princetonits.com,https://www.linkedin.com/company/princeton-it-services-inc,,,Princeton,New Jersey,US,08540
Princeton ProAV - A Division of Princeton IT Services,princetonproav.com,princetonproav.com,,,,Princeton,New Jersey,US,08540
Princeton Record Exchange,prex.com,prex.com,,,,Princeton,New Jersey,US,08542
"Resound Marketing, LLC",resoundmarketing.com,resoundmarketing.com,,,,Princeton,New Jersey,US,08540
Richardson Auditorium,princeton.edu,princeton.edu,,,,Princeton,New Jersey,US,08540
Surveillance Technologies,surveillancetechnologies.com,surveillancetechnologies.com,,,,Princeton,New Jersey,US,08540
Syspro Automation,sysproautomation.com,sysproautomation.com,https://www.linkedin.com/company/syspro-ingenieria,,,Princeton,New Jersey,US,08540
T&J Bathrooms by Design,tadasremodeling.com,tadasremodeling.com,,,,Princeton,New Jersey,US,08542
Target,target.com,target.com,,,,Princeton,New Jersey,US,08540
The Home X,thehomex.com,thehomex.com,,,,Princeton,New Jersey,US,08542
The Princeton Garden Theatre,princetongardentheatre.org,princetongardentheatre.org,,,,Princeton,New Jersey,US,08542
Triveni Digital Inc,trivenidigital.com,trivenidigital.com,https://www.linkedin.com/company/triveni-digital,,,Princeton,New Jersey,US,08540
west elm,westelm.com,westelm.com,,,,Princeton,New Jersey,US,08540
e-home,e-home.com,e-home.com,,,,Ridgefield,New Jersey,US,07657
JNS Audio Video: Home Automation | New Jersey & New York,jnsaudiovideo.com,jnsaudiovideo.com,,,,Ridgewood,New Jersey,US,07450
Total Home Technologies,totalhome.tech,totalhome.tech,,,,Roseland,New Jersey,US,07068
"AVData LLC, Audio Visual Services",avdata.tech,avdata.tech,,,,Roselle,New Jersey,US,07203
Blackpoint Technology,blackpointnj.com,blackpointnj.com,https://www.linkedin.com/company/blackpointnj,,,Rumson,New Jersey,US,07760
JMG Audio Video Inc.,jmgav.com,jmgav.com,https://www.linkedin.com/company/jmg-audio-video-inc,,,Saddle River,New Jersey,US,07458
Sound Advice & Video,visitsoundadvice.com,visitsoundadvice.com,,,,Stone Harbor,New Jersey,US,08247
Audio Nexus,audionexus.com,audionexus.com,,,,Summit,New Jersey,US,07901
Elite Home Technology,elitehometech.com,elitehometech.com,https://www.linkedin.com/company/elitehometech,,,Toms River,New Jersey,US,08753
MegaTV Installations,megatvinstallations.com,megatvinstallations.com,,,,Trenton,New Jersey,US,08619
P.C. Richard & Son,pcrichard.com,pcrichard.com,https://www.linkedin.com/company/pc-richard-&-son,,,Trenton,New Jersey,US,08648
Audio Inc,audioincorporated.com,audioincorporated.com,https://www.linkedin.com/company/audio-incorporated,,,Union,New Jersey,US,07083
"Larkin Controls - Engineering, Automation, and HVAC",larkincontrols.com,larkincontrols.com,https://www.linkedin.com/company/larkin-controls-llc,,,Union,New Jersey,US,07083
Broadcast Integration Services,bis-tv.com,bis-tv.com,,,,Union City,New Jersey,US,07087
Q1HD LLC,q1hd.com,q1hd.com,,,,Union City,New Jersey,US,07087
Berman Home Systems,bermanhomesystems.com,bermanhomesystems.com,,,,Verona,New Jersey,US,07044
Sounding Board Home Theatre Company,soundingboardhtp.com,soundingboardhtp.com,,,,Waldwick,New Jersey,US,07463
Custom Audio and Video Solutions,sonosinstallation.net,sonosinstallation.net,,,,Wall Township,New Jersey,US,07719
HiDEF Home Theater and TV Installation NJ,hidefnj.com,hidefnj.com,,,,Wall Township,New Jersey,US,07719
Two Smart Techs,2smarttechs.com,2smarttechs.com,,,,Watchung,New Jersey,US,07069
A to Z Tech Services,atoztechnj.com,atoztechnj.com,,,,Wayne,New Jersey,US,07470
Elite Smart Home,elitesmarthome.com,elitesmarthome.com,,,,West Berlin,New Jersey,US,08091
Audio Visual Results,audiovisualresults.com,audiovisualresults.com,,,,West Milford,New Jersey,US,07421
Smart Service Construction LLC,smartserviceconstruction.com,smartserviceconstruction.com,,,,West Windsor Township,New Jersey,US,08550
Almera Tech Services,almeratech.com,almeratech.com,,,,Westwood,New Jersey,US,07675
Connect Consulting Inc,connectht.com,connectht.com,https://www.linkedin.com/company/connect-consultingnj,,,Woodland Park,New Jersey,US,07424
Restrepo Innovations,restrepoinnovations.com,restrepoinnovations.com,https://www.linkedin.com/company/restrepo-innovations,,,Wyckoff,New Jersey,US,07481
"A-TECH Security, Inc.",atechsecurity.com,atechsecurity.com,,,,Albuquerque,New Mexico,US,87109
ABQ TV Mount,abqtvmount.com,abqtvmount.com,,,,Albuquerque,New Mexico,US,87110
ACT Alarm Control Technologies,alarmcontroltechnologies.com,alarmcontroltechnologies.com,,,,Albuquerque,New Mexico,US,87113
APIC Solutions,apicmsi.com,apicmsi.com,,,,Albuquerque,New Mexico,US,87109
Action Security Iron Inc,actionsecurityiron.com,actionsecurityiron.com,,,,Albuquerque,New Mexico,US,87113
"Advanced Communications and Electronics, Inc",advtwoway.com,advtwoway.com,,,,Albuquerque,New Mexico,US,87106
Advanced Presentation Systems,advancingav.com,advancingav.com,,,,Albuquerque,New Mexico,US,87109
Advantage Audio Visual,advantage-av.com,advantage-av.com,,,,Albuquerque,New Mexico,US,87102
"Alarm Research, LLC",alarmresearch.com,alarmresearch.com,,,,Albuquerque,New Mexico,US,87110
Albuquerque Sound and Vac,abqsoundandvac.com,abqsoundandvac.com,,,,Albuquerque,New Mexico,US,87113
Alliance Audio Visual,allianceav.com,allianceav.com,,,,Albuquerque,New Mexico,US,87109
Applied Automation & Sound,aasound.net,aasound.net,,,,Albuquerque,New Mexico,US,87111
Automated Logic Controls West (ALC WEST),automatedlogic.com,automatedlogic.com,,,,Albuquerque,New Mexico,US,87107
"B&D Industries, Inc.",banddindustries.com,banddindustries.com,,,,Albuquerque,New Mexico,US,87123
"Baillio's Appliances, Electronics and Mattress Store",baillios.com,baillios.com,,,,Albuquerque,New Mexico,US,87110
Bright Ideas Inc. Lighting Design Center,shop.lightingfordesign.com,shop.lightingfordesign.com,,,,Albuquerque,New Mexico,US,87113
Current Security and Electric,currentsecurityandelectric.com,currentsecurityandelectric.com,,,,Albuquerque,New Mexico,US,87114
Dubland Inc,dublandmedia.com,dublandmedia.com,,,,Albuquerque,New Mexico,US,87106
Electric Avenue Car Audio,eacaraudio.com,eacaraudio.com,,,,Albuquerque,New Mexico,US,87105
Electronic Technical Services Inc.,etsnm.com,etsnm.com,https://www.linkedin.com/company/etsnm,,,Albuquerque,New Mexico,US,87123
Energized Electric LLC,energizedelectric505.com,energizedelectric505.com,https://www.linkedin.com/company/energized-electric-llc,,,Albuquerque,New Mexico,US,87110
G C Video Inc,gcvideo.com,gcvideo.com,,,,Albuquerque,New Mexico,US,87113
Gamers Anonymous,instagram.com,instagram.com,,,,Albuquerque,New Mexico,US,87112
"HaloTech, LLC",halotech1.com,halotech1.com,,,,Albuquerque,New Mexico,US,87107
Heritage Audio Visual,heritageaudiovisual.com,heritageaudiovisual.com,,,,Albuquerque,New Mexico,US,87109
Herndon Audio,herndonaudio.com,herndonaudio.com,,,,Albuquerque,New Mexico,US,87110
High Fidelity Mastering,highfidelitymastering.com,highfidelitymastering.com,,,,Albuquerque,New Mexico,US,87113
"Home Modification Solutions, LLC",homemodsw.com,homemodsw.com,,,,Albuquerque,New Mexico,US,87113
Home Security Systems Inc,hssnm.com,hssnm.com,,,,Albuquerque,New Mexico,US,87107
Honest Sound LLC,honestsoundnm.com,honestsoundnm.com,,,,Albuquerque,New Mexico,US,87109
InCrowd Productions,incrowdproductions.net,incrowdproductions.net,,,,Albuquerque,New Mexico,US,87112
Industrial Electric Automation,gotoiea.com,gotoiea.com,,,,Albuquerque,New Mexico,US,87102
IntraWorks,intraworksusa.com,intraworksusa.com,,,,Albuquerque,New Mexico,US,87113
L & L Electronics,abqlle.com,abqlle.com,,,,Albuquerque,New Mexico,US,87107
"Lesmen's Pro Audio, Lighting, & Video",lesmens.com,lesmens.com,,,,Albuquerque,New Mexico,US,87110
Lomas True Value,truevalue.com,truevalue.com,,,,Albuquerque,New Mexico,US,87110
MoreThanGates,morethangates.com,morethangates.com,,,,Albuquerque,New Mexico,US,87123
Northridge Electric Inc,getvolts.com,getvolts.com,,,,Albuquerque,New Mexico,US,87114
Pace Audio Services,paceaudio.com,paceaudio.com,,,,Albuquerque,New Mexico,US,87110
Paradise Village the Electronic Specialists,paradisevillagenm.com,paradisevillagenm.com,,,,Albuquerque,New Mexico,US,87110
Production Outfitters,productionoutfitters.com,productionoutfitters.com,,,,Albuquerque,New Mexico,US,87110
"Quickbeam Systems, Inc.",quickbeam.com,quickbeam.com,,,,Albuquerque,New Mexico,US,87109
Retis Technologies Inc,retis.com,retis.com,,,,Albuquerque,New Mexico,US,87106
"SCI, Inc. Security Control Integration",scinm.net,scinm.net,,,,Albuquerque,New Mexico,US,87109
STM Enterprises Ltd,stment.com,stment.com,,,,Albuquerque,New Mexico,US,87113
Samon's Electric & Plumbing Supply,samonsdiy.com,samonsdiy.com,,,,Albuquerque,New Mexico,US,87107
Security Hardware Solutions,securityhardwaresolutions.com,securityhardwaresolutions.com,,,,Albuquerque,New Mexico,US,87107
Sentry Solutions NM,sentrysolutionsnmllc.com,sentrysolutionsnmllc.com,,,,Albuquerque,New Mexico,US,87102
Sharp Business Systems,business.sharpusa.com,business.sharpusa.com,,,,Albuquerque,New Mexico,US,87109
SmartVolt AV,smartvoltav.com,smartvoltav.com,,,,Albuquerque,New Mexico,US,87107
SoundIPTV,soundiptv.com,soundiptv.com,,,,Albuquerque,New Mexico,US,87108
Southwest Ceramic Lighting Inc,southwestceramiclighting.com,southwestceramiclighting.com,,,,Albuquerque,New Mexico,US,87108
Star Audio,staraudioabq.wix.com,staraudioabq.wix.com,,,,Albuquerque,New Mexico,US,87110
Star Audio #2,staraudioabq.wixsite.com,staraudioabq.wixsite.com,,,,Albuquerque,New Mexico,US,87105
TAS Security Systems,thealarmstore.com,thealarmstore.com,,,,Albuquerque,New Mexico,US,87110
"Team 1st Technologies, LLC",team1sttech.com,team1sttech.com,,,,Albuquerque,New Mexico,US,87113
The Natural Lighting Company,naturallightingco.com,naturallightingco.com,,,,Albuquerque,New Mexico,US,87107
The Vocalists Marketing Team - TVMT LLC,thevocalistsmarketingteam.com,thevocalistsmarketingteam.com,,,,Albuquerque,New Mexico,US,87120
Thompson Security,thompsonsecuritynm.com,thompsonsecuritynm.com,https://www.linkedin.com/company/thompsonss,,,Albuquerque,New Mexico,US,87111
Titan Controls,titancontrolsystems.com,titancontrolsystems.com,,,,Albuquerque,New Mexico,US,87109
TripleTone Audio Post,tripletoneaudiopost.com,tripletoneaudiopost.com,https://www.linkedin.com/company/tripletone-studios,,,Albuquerque,New Mexico,US,87102
Video Factory,videofactorynm.com,videofactorynm.com,,,,Albuquerque,New Mexico,US,87107
soundspremium Digital Services LLC,soundspremium.com,soundspremium.com,,,,Albuquerque,New Mexico,US,87110
Turn On Lighting,turnonlighting.com,turnonlighting.com,,,,Rio Rancho,New Mexico,US,87124
Constellation Home Electronics,constellationsantafe.com,constellationsantafe.com,,,,Santa Fe,New Mexico,US,87505
"Solar Smart Living, LLC",solarsmartliving.com,solarsmartliving.com,,,,Santa Teresa,New Mexico,US,88008
Capital Control Systems,nvgreenteam.com,nvgreenteam.com,,,,Carson City,Nevada,US,89706
Naffah Tech Solutions LLC,naffahtechsolutions.com,naffahtechsolutions.com,,,,Henderson,Nevada,US,89015
Air Concierge Lake Tahoe,airconcierge.net,airconcierge.net,,,,IVGID,Nevada,US,89451
Classical Tahoe Music Festival,classicaltahoe.org,classicaltahoe.org,,,,IVGID,Nevada,US,89451
Holm Electric,holmelectric.com,holmelectric.com,,,,IVGID,Nevada,US,89451
"Hyatt Regency Lake Tahoe Resort, Spa and Casino",hyatt.com,hyatt.com,,,,IVGID,Nevada,US,89451
Incline Village Cinema,cinemasonline.com,cinemasonline.com,,,,IVGID,Nevada,US,89451
Nexus Electrical and Smart Home,nexushome.com,nexushome.com,,,,IVGID,Nevada,US,89451
Socure - Digital Identity Verification and Fraud Prevention Solutions,socure.com,socure.com,,,,IVGID,Nevada,US,89451
Tahoe Specialty Flooring & Window Design,tahoespecialtyflooring.com,tahoespecialtyflooring.com,,,,IVGID,Nevada,US,89451
Wired Solutions,wireddirect.com,wireddirect.com,,,,IVGID,Nevada,US,89451
AV Labor Source Inc,avlaborsourceinc.com,avlaborsourceinc.com,,,,Las Vegas,Nevada,US,89107
AV Luxury Group,avluxurygroup.com,avluxurygroup.com,,,,Las Vegas,Nevada,US,89135
AV Technology Systems,avtechsys.com,avtechsys.com,,,,Las Vegas,Nevada,US,89103
"AV Vegas - Audio, Video, Lighting, Backline & Stage Rental",avvegas.com,avvegas.com,,,,Las Vegas,Nevada,US,89103
Access Control Technologies,accesscontrol.tech,accesscontrol.tech,https://www.linkedin.com/company/actllc,,,Las Vegas,Nevada,US,89128
Acoustic Design Systems,acousticdesignlv.com,acousticdesignlv.com,https://www.linkedin.com/company/acoustic-design-systems,,,Las Vegas,Nevada,US,89139
All in One Las Vegas TV Mounting & Home Theater,allinonelasvegas.com,allinonelasvegas.com,,,,Las Vegas,Nevada,US,89131
Audio Integrations Inc,audiointegrations.com,audiointegrations.com,,,,Las Vegas,Nevada,US,89113
Audio Visual Advantage,goavadvantage.com,goavadvantage.com,,,,Las Vegas,Nevada,US,89123
Audio Visual Advisors,avadvisors.net,avadvisors.net,,,,Las Vegas,Nevada,US,89120
DMC Systems LLC,dmcsystemsllc.com,dmcsystemsllc.com,,,,Las Vegas,Nevada,US,89118
EM System Integrators,emintegrators.com,emintegrators.com,,,,Las Vegas,Nevada,US,89102
Eagle Sentry,eaglesentry.com,eaglesentry.com,https://www.linkedin.com/company/eaglesentry,,,Las Vegas,Nevada,US,89120
Elite A/V | Smart Home & Automation Integration,hometheater.vegas,hometheater.vegas,https://www.linkedin.com/company/hometheaterlv,,,Las Vegas,Nevada,US,89103
Fusion Home Systems,fusionsystemslv.com,fusionsystemslv.com,,,,Las Vegas,Nevada,US,89118
Hartwalker Audio Video and Automation,hartwalkerav.com,hartwalkerav.com,,,,Las Vegas,Nevada,US,89119
HomeTronic,hometroniclv.com,hometroniclv.com,,,,Las Vegas,Nevada,US,89108
Hometech Installs,hometechinstalls.com,hometechinstalls.com,,,,Las Vegas,Nevada,US,89123
Immersive AV,immersive.vegas,immersive.vegas,,,,Las Vegas,Nevada,US,89103
Jc Enterprise LLC,jcenterpriselv.com,jcenterpriselv.com,,,,Las Vegas,Nevada,US,89131
LANCELOT Security AV Automation,mylancelot.com,mylancelot.com,https://www.linkedin.com/company/lancelot-security-av-automation,,,Las Vegas,Nevada,US,89120
Luxury Electronics Inc.,luxuryelectronicsinc.com,luxuryelectronicsinc.com,,,,Las Vegas,Nevada,US,89118
Media Services Worldwide,mediaservicesww.com,mediaservicesww.com,,,,Las Vegas,Nevada,US,89102
Millennium Systems & Integrations,msilv.com,msilv.com,,,,Las Vegas,Nevada,US,89149
Mounting Vegas - TV Mounting,mountingvegas.com,mountingvegas.com,,,,Las Vegas,Nevada,US,89103
Over The Top Mounts,overthetopmounts.com,overthetopmounts.com,,,,Las Vegas,Nevada,US,89108
PSX-inc Audio Visual Technologies,psx-inc.com,psx-inc.com,https://www.linkedin.com/company/psx-worldwide-audiovisual-technologies,,,Las Vegas,Nevada,US,89139
Pegasus Low Voltage,pegasuslv.com,pegasuslv.com,,,,Las Vegas,Nevada,US,89108
Premiere A/V Integration,premierelv.com,premierelv.com,,,,Las Vegas,Nevada,US,89148
Premiertek Solutions LLC,premierteksolutions.com,premierteksolutions.com,,,,Las Vegas,Nevada,US,89120
Premium Audio Services,premiumaudioservices.com,premiumaudioservices.com,,,,Las Vegas,Nevada,US,89118
Pro Audio Home Theater Installation | Control4 Home Automation,proaudiohometheaterinstallation.com,proaudiohometheaterinstallation.com,https://www.linkedin.com/company/hometheaterlv,,,Las Vegas,Nevada,US,89119
Progressive Smart Homes,progressivesmarthomes.com,progressivesmarthomes.com,,,,Las Vegas,Nevada,US,89118
RRS Audio Production,rrsaudio.com,rrsaudio.com,https://www.linkedin.com/company/rrs-audio,,,Las Vegas,Nevada,US,89119
Safe and Secure Alarms and Video,safeandsecurealarms.net,safeandsecurealarms.net,,,,Las Vegas,Nevada,US,89145
Smart Main Panel System,smartmainpanel.com,smartmainpanel.com,https://www.linkedin.com/company/smart-main-panel,,,Las Vegas,Nevada,US,89118
Sound Masters Music and Video Production,soundmasterslv.com,soundmasterslv.com,,,,Las Vegas,Nevada,US,89121
Sting Alarm,stingalarm.com,stingalarm.com,,,,Las Vegas,Nevada,US,89119
Sturdy Hands AV & Integration Solutions,sturdyhandslv.com,sturdyhandslv.com,,,,Las Vegas,Nevada,US,89131
Tech Solutions US,techsolutionsus.net,techsolutionsus.net,,,,Las Vegas,Nevada,US,89118
"Technology West Group, LLC",technologywestgroup.com,technologywestgroup.com,,,,Las Vegas,Nevada,US,89119
Teledata Technologies,teledatanv.com,teledatanv.com,,,,Las Vegas,Nevada,US,89113
The Wolf AV,thewolfav.com,thewolfav.com,,,,Las Vegas,Nevada,US,89118
Total Show Technology,totalshowtech.com,totalshowtech.com,,,,Las Vegas,Nevada,US,89120
TruLights Las Vegas,trulightslasvegas.com,trulightslasvegas.com,,,,Las Vegas,Nevada,US,89131
Ventura Integrated Systems,venturais.com,venturais.com,,,,Las Vegas,Nevada,US,89118
"ETIGroup Audio Video, Home Automation",etigroupav.com,etigroupav.com,https://www.linkedin.com/company/etigroup,,,North Las Vegas,Nevada,US,89031
STUDS TV MOUNTING SERVICES,studstvmountinglasvegas.com,studstvmountinglasvegas.com,,,,North Las Vegas,Nevada,US,89032
Turning Point Technologies,turningpointtechnology.net,turningpointtechnology.net,,,,North Las Vegas,Nevada,US,89030
All Pro Security,allprosecurityinc.com,allprosecurityinc.com,,,,Reno,Nevada,US,89502
Arborglyph Video Production,arborglyphltd.com,arborglyphltd.com,,,,Reno,Nevada,US,89509
Cabinet & Lighting Supply,cabinetandlighting.com,cabinetandlighting.com,,,,Reno,Nevada,US,89511
Cerris Systems,cerrissystems.com,cerrissystems.com,,,,Reno,Nevada,US,89502
Channels,channelsav.com,channelsav.com,,,,Reno,Nevada,US,89511
Craft Productions,craft.productions,craft.productions,,,,Reno,Nevada,US,89521
Custom Video Services Reno,renocustomvideoservices.com,renocustomvideoservices.com,,,,Reno,Nevada,US,89506
Dashcam Dynamics,dashcamdynamics.com,dashcamdynamics.com,,,,Reno,Nevada,US,89521
Datacomm Nevada,datacommnv.com,datacommnv.com,,,,Reno,Nevada,US,89523
Digital Craft USA,digitalcraftusa.com,digitalcraftusa.com,,,,Reno,Nevada,US,89502
Elemental Brands,elementalbrands.com,elementalbrands.com,,,,Reno,Nevada,US,89521
Fineline Media,finelinemedia.com,finelinemedia.com,,,,Reno,Nevada,US,89521
Grand Vision Gaming,playgvg.com,playgvg.com,https://www.linkedin.com/company/grand-vision-gaming,,,Reno,Nevada,US,89521
Innovative Communications Systems,ics-nv.com,ics-nv.com,,,,Reno,Nevada,US,89502
JL Digital LLC.,jandldigital.com,jandldigital.com,,,,Reno,Nevada,US,89502
Nevada Auto Sound,caraudioreno.com,caraudioreno.com,,,,Reno,Nevada,US,89502
OEM Systems Co,oemsystems.com,oemsystems.com,,,,Reno,Nevada,US,89502
PLC Automation Inc,plcautomation.co,plcautomation.co,,,,Reno,Nevada,US,89506
Pacific Office Automation,pacificoffice.com,pacificoffice.com,,,,Reno,Nevada,US,89502
PowerComm Solutions LLC,powercommsolutions.net,powercommsolutions.net,,,,Reno,Nevada,US,89502
Powerband Films,powerbandfilms.com,powerbandfilms.com,,,,Reno,Nevada,US,89501
Prestige Automation,prestigeautomation.com,prestigeautomation.com,,,,Reno,Nevada,US,89511
Reno Auto Sound Window Tinting,renoautosound.com,renoautosound.com,,,,Reno,Nevada,US,89502
"Sierra Controls, LLC",sierracontrols.com,sierracontrols.com,,,,Reno,Nevada,US,89511
Sierra Integrated Systems,sierraintegratedsystems.com,sierraintegratedsystems.com,https://www.linkedin.com/company/sierra-integrated-systems,,,Reno,Nevada,US,89511
Smart Facility Software,smartfacilitysoftware.com,smartfacilitysoftware.com,,,,Reno,Nevada,US,89521
SmartOffice,smartoffice.ai,smartoffice.ai,,,,Reno,Nevada,US,89502
Sound Planning AV,soundplanningav.com,soundplanningav.com,,,,Reno,Nevada,US,89509
"Starsound Audio, Inc.",starsound.com,starsound.com,,,,Reno,Nevada,US,89512
Statewide Lighting,statewidelightingreno.com,statewidelightingreno.com,,,,Reno,Nevada,US,89502
Streamline HiFi,streamlinehifi.com,streamlinehifi.com,,,,Reno,Nevada,US,89503
Structured Automation,structured-automation.com,structured-automation.com,,,,Reno,Nevada,US,89506
TID SYSTEMS,tidsystems.com,tidsystems.com,,,,Reno,Nevada,US,89502
Tec Communications,teccomav.com,teccomav.com,,,,Reno,Nevada,US,89502
The Security Handyman,thesecurityhandyman.com,thesecurityhandyman.com,,,,Reno,Nevada,US,89521
Vital Systems Corporation,vitalsystems.com,vitalsystems.com,,,,Reno,Nevada,US,89502
Wilkcomm Reno LLC,wilkcomm.net,wilkcomm.net,,,,Reno,Nevada,US,89511
BrightLife Electric NV,brightlifeelectricnv.com,brightlifeelectricnv.com,,,,Sparks,Nevada,US,89431
Fcc Communications,fcccom.com,fcccom.com,,,,Sparks,Nevada,US,89431
"Orbis Tech Services, LLC",orbistechservices.com,orbistechservices.com,,,,Sparks,Nevada,US,89431
PROSOURCE AV & INTEGRATION,prosourceav.com,prosourceav.com,,,,Sparks,Nevada,US,89431
Palomino Valley Electric,palominovalleyelectric.com,palominovalleyelectric.com,,,,Sparks,Nevada,US,89431
Soaring Audio Inc,soaringaudio.com,soaringaudio.com,,,,Sparks,Nevada,US,89441
Systems of Nevada Inc,systemsofnevada.com,systemsofnevada.com,,,,Sparks,Nevada,US,89431
Arctic Electricians,arcticelectricians.com,arcticelectricians.com,,,,Stateline,Nevada,US,89449
Elevated Home Systems,elevatedhomesystems.com,elevatedhomesystems.com,,,,Stateline,Nevada,US,89449
Sight & Sound Technologies,sightandsoundtahoe.com,sightandsoundtahoe.com,,,,Zephyr Cove,Nevada,US,89448
5 Wits Albany,5-wits.com,5-wits.com,,,,Albany,New York,US,12203
"A.E. Rosen Electrical Company, Inc.",aerosenelectrical.com,aerosenelectrical.com,,,,Albany,New York,US,12202
AAA Recording Studio C,aaa-recordingstudioc.com,aaa-recordingstudioc.com,,,,Albany,New York,US,12204
ADNET Technologies,thinkadnet.com,thinkadnet.com,https://www.linkedin.com/company/adnet-technologies-llc,,,Albany,New York,US,12205
AVNA Testing Center - Albany,avnalearningcenter.com,avnalearningcenter.com,,,,Albany,New York,US,12205
Akullian Creative - Video Production & Design Studio,akullian.com,akullian.com,,,,Albany,New York,US,12205
Albany Capital Center,albanycapitalcenter.com,albanycapitalcenter.com,,,,Albany,New York,US,12207
Albany Home Improvements LLC,albanyhomeimprovements.com,albanyhomeimprovements.com,,,,Albany,New York,US,12203
American Webtronics,americanwebtronics.com,americanwebtronics.com,,,,Albany,New York,US,12207
Anixter Albany,anixter.com,anixter.com,,,,Albany,New York,US,12205
Apex Automations,autoapx.com,autoapx.com,,,,Albany,New York,US,12207
At Home Solutions - Licensed Home Care Services Agency,homecare4all.org,homecare4all.org,,,,Albany,New York,US,12203
Audio Obsessions,audioobsessions.com,audioobsessions.com,,,,Albany,New York,US,12205
Boomer McLOUD™,boomer-mcloud.com,boomer-mcloud.com,https://www.linkedin.com/company/boomer-mcloud,,,Albany,New York,US,12205
Capital Customs,capital-customs.com,capital-customs.com,,,,Albany,New York,US,12205
Capital Digitronics Inc,capitaldig.com,capitaldig.com,,,,Albany,New York,US,12206
Capital Mixers Recording Studio,capitalmixers.com,capitalmixers.com,,,,Albany,New York,US,12205
Capital Repertory Theatre,capitalrep.org,capitalrep.org,https://www.linkedin.com/company/proctorscollaborative,,,Albany,New York,US,12207
"Comalli Group, Inc.",comalli.com,comalli.com,,,,Albany,New York,US,12205
"Complete: IT Evolved - Albany, NY Managed Service Provider",complete.net,complete.net,,,,Albany,New York,US,12211
Control Network Communications,controlnetwork.com,controlnetwork.com,https://www.linkedin.com/company/control-network-communications,,,Albany,New York,US,12205
Convergint,convergint.com,convergint.com,,,,Albany,New York,US,12205
DigiCareHouse,digicarehouse.com,digicarehouse.com,,,,Albany,New York,US,12206
Eclipse Network Solutions,eclipsens.com,eclipsens.com,https://www.linkedin.com/company/eclipse-network-solutions,,,Albany,New York,US,12205
Filmworks 109,filmworks109.com,filmworks109.com,,,,Albany,New York,US,12205
Fine Electric,fineelectric.electricalpro.net,fineelectric.electricalpro.net,,,,Albany,New York,US,12206
GCOM,gcomsoft.com,gcomsoft.com,https://www.linkedin.com/company/voyatek,,,Albany,New York,US,12203
"General Control Systems, Inc",generalcontrolsystems.com,generalcontrolsystems.com,,,,Albany,New York,US,12203
General Security,gensecurity.com,gensecurity.com,,,,Albany,New York,US,12205
Global Tech Designs,globaltechdesigns.com,globaltechdesigns.com,,,,Albany,New York,US,12205
Goodbee Controls,goodbeecontrols.com,goodbeecontrols.com,,,,Albany,New York,US,12206
Hippo's,hipposonline.com,hipposonline.com,https://www.linkedin.com/company/HipposHasIt,,,Albany,New York,US,12203
Houghtaling Electrical,houghtalingelectrical.com,houghtalingelectrical.com,,,,Albany,New York,US,12209
ImagineYours,fb.me,fb.me,,,,Albany,New York,US,12206
International Built In Systems,ibsalbany.com,ibsalbany.com,,,,Albany,New York,US,12205
Iq Infotek Inc,iqinfotek.com,iqinfotek.com,,,,Albany,New York,US,12205
Ivy Smart Consulting LLC,ivysmartconsulting.com,ivysmartconsulting.com,,,,Albany,New York,US,12211
JGI Media,jgimedia.com,jgimedia.com,,,,Albany,New York,US,12205
"Just IT Solutions - Albany NY Managed IT, Fiber, Cloud, and AI Services",jitstechnology.com,jitstechnology.com,,,,Albany,New York,US,12206
KOM Automation,komautomation.com,komautomation.com,,,,Albany,New York,US,12205
Living Resources,livingresources.org,livingresources.org,,,,Albany,New York,US,12203
Mel Carr Electric,melcarrelectric.com,melcarrelectric.com,,,,Albany,New York,US,12205
Scene One Spectrum 8 Theatres,btmcinemas.com,btmcinemas.com,,,,Albany,New York,US,12209
Shepherd Communication & Security,shepherdcny.com,shepherdcny.com,,,,Albany,New York,US,12205
Smart Systems Digital,smartsystemsdigital.com,smartsystemsdigital.com,,,,Albany,New York,US,12207
StoredTech - Managed IT Service Provider,storedtech.com,storedtech.com,,,,Albany,New York,US,12203
Studio A - Video Production & Animation,studioalbany.com,studioalbany.com,https://www.linkedin.com/company/akullian-creative-enterprises,,,Albany,New York,US,12205
Sunrise Smart Technology,sunrisesmarttech.com,sunrisesmarttech.com,,,,Albany,New York,US,12203
System Rebuild LLC,free-5424349.webadorsite.com,free-5424349.webadorsite.com,,,,Albany,New York,US,12207
TAG Solutions - Managed IT Albany,tagsolutions.com,tagsolutions.com,,,,Albany,New York,US,12204
"Tech-Smart Inspections, LLC",tshomeinspections.com,tshomeinspections.com,,,,Albany,New York,US,12210
TechBridge Group,techbridgegroup.com,techbridgegroup.com,https://www.linkedin.com/company/395648,,,Albany,New York,US,12205
"The Digital Eye, LLC",thedigitaleyellc.com,thedigitaleyellc.com,,,,Albany,New York,US,12206
Uptime Consulting,calluptime.com,calluptime.com,,,,Albany,New York,US,12205
Vertesol Limited Liability Company,vertesol.com,vertesol.com,https://www.linkedin.com/company/vertesol,,,Albany,New York,US,12206
Visual Planet LLC,visualplanetllc.com,visualplanetllc.com,,,,Albany,New York,US,12205
White Lake Music & Post,whitelakemusic.com,whitelakemusic.com,,,,Albany,New York,US,12205
Wolberg Electrical Supply,wolberg.com,wolberg.com,https://www.linkedin.com/company/78805707,,,Albany,New York,US,12206
Zero Stress Technology,zerostress.tech,zerostress.tech,,,,Albany,New York,US,12209
Zone 518 | Immersive Adventures & VR Escape rooms,zone518.com,zone518.com,,,,Albany,New York,US,12204
itechgroup,itechgroup.com.au,itechgroup.com.au,,,,Albany,New York,US,12207
HD Solutions,hdsolutions.com,hdsolutions.com,,,,Amityville,New York,US,11701
AUTONOMIC,autonomic.biz,autonomic.biz,,,,Armonk,New York,US,10504
Elevated Integration,elevatedintegration.com,elevatedintegration.com,,,,Armonk,New York,US,10504
Sound Ideas Inc,stereoguys.com,stereoguys.com,,,,Armonk,New York,US,10504
Smart House Tech NYC,smarthouse-ny.com,smarthouse-ny.com,,,,Astoria,New York,US,11106
Westchester Automated Gate,westchesterautomatedgate.com,westchesterautomatedgate.com,,,,Baldwin Place,New York,US,10505
Audio Images Sound & Lighting Inc,audioimagesonline.com,audioimagesonline.com,,,,Batavia,New York,US,14020
Reach Comprehensive Audio Solutions,reachcas.com,reachcas.com,,,,Bath,New York,US,14810
Premiere Systems Design,premieresystemsdesign.com,premieresystemsdesign.com,https://www.linkedin.com/company/premiere-systems-design,,,Bayport,New York,US,11705
immersa | Home Theaters,immersacinema.com,immersacinema.com,,,,Bohemia,New York,US,11716
Smarter Home Solutions,smarterhomesolutionsny.com,smarterhomesolutionsny.com,,,,Brentwood,New York,US,11717
Enveloping Sound,envelopingsound.com,envelopingsound.com,,,,Briarcliff Manor,New York,US,10510
Sunrise Smarthome,sunrisesmarthome.com,sunrisesmarthome.com,,,,Bridgehampton,New York,US,11932
A&D Integration inc.,212audiovideo.com,212audiovideo.com,,,,Brooklyn,New York,US,11223
Brooklyn TV Guys,brooklyntvguysny.com,brooklyntvguysny.com,,,,Brooklyn,New York,US,11230
ExpertTech USA,experttechusa.com,experttechusa.com,,,,Brooklyn,New York,US,11231
Hey Smart Home,heysmarthome.us,heysmarthome.us,,,,Brooklyn,New York,US,11224
NYC Intercom & Access Control Services,nycsecurityexperts.com,nycsecurityexperts.com,,,,Brooklyn,New York,US,11201
PSE Audio Visual,pse-av.com,pse-av.com,https://www.linkedin.com/company/pseav,,,Brooklyn,New York,US,11232
Resolution Audio Video,resolutionavnyc.com,resolutionavnyc.com,https://www.linkedin.com/company/resolution-audio-video-nyc,,,Brooklyn,New York,US,11205
Affinity Audio Visual & Events,affinitybuffalo.com,affinitybuffalo.com,,,,Buffalo,New York,US,14227
"Amherst TV, Inc.",amherst-tv.com,amherst-tv.com,,,,Buffalo,New York,US,14221
Black Rock Controls,blackrockcontrols.com,blackrockcontrols.com,,,,Buffalo,New York,US,14217
Buffalo Video Pros,buffalovideopros.com,buffalovideopros.com,,,,Buffalo,New York,US,14222
CIR Industrial Automation,cirweb.com,cirweb.com,,,,Buffalo,New York,US,14218
"Control System Labs, Inc.",controlrepair.com,controlrepair.com,https://www.linkedin.com/company/control-system-labs,,,Buffalo,New York,US,14215
GCR Audio at 510,gcraudio.com,gcraudio.com,,,,Buffalo,New York,US,14202
Harmonic Resolution Systems,avisolation.com,avisolation.com,,,,Buffalo,New York,US,14214
Indigo Productions,indigoproductions.net,indigoproductions.net,,,,Buffalo,New York,US,14214
Key Video Productions,keyvideo.com,keyvideo.com,,,,Buffalo,New York,US,14225
LINSTAR Security Systems - A Division of IdentiSys,linstar.com,linstar.com,,,,Buffalo,New York,US,14221
Life Safety Integrated Systems,lsisinc.com,lsisinc.com,,,,Buffalo,New York,US,14212
Litelab Corp.,litelab.com,litelab.com,,,,Buffalo,New York,US,14203
NewGen AV,newgenav.com,newgenav.com,,,,Buffalo,New York,US,14207
Park Place Installations,parkplaceinstallations.com,parkplaceinstallations.com,,,,Buffalo,New York,US,14207
Powered Protection Inc.,poweredprotection.com,poweredprotection.com,https://www.linkedin.com/company/powered-protection-inc-,,,Buffalo,New York,US,14218
Shades Unlimited,shades-unltd.com,shades-unltd.com,,,,Buffalo,New York,US,14225
Sound Video Solutions,svsny.com,svsny.com,,,,Buffalo,New York,US,14217
Speaker Shop,speakershop.com,speakershop.com,,,,Buffalo,New York,US,14226
TuneWorks Media LLC,tuneworksmedia.com,tuneworksmedia.com,,,,Buffalo,New York,US,14210
VOCAL Technologies Inc.,vocal.com,vocal.com,,,,Buffalo,New York,US,14228
Veraview LLC,veraview.com,veraview.com,,,,Buffalo,New York,US,14202
Smart Spaces Group,smartspacesgroup.com,smartspacesgroup.com,https://www.linkedin.com/company/smart-spaces-group,,,Canal Street,New York,US,10013
Buffalo Audio Visual,buffaloaudiovisual.com,buffaloaudiovisual.com,,,,Cheektowaga,New York,US,14227
"Rockland & Orange Security , Cameras and Low Voltage Installers",rockland-orange-security.com,rockland-orange-security.com,,,,Chester,New York,US,10918
Askifitcanbedone.com,askifitcanbedone.com,askifitcanbedone.com,,,,Clarence Center,New York,US,14032
Ambiance Systems,ambiancesystems.com,ambiancesystems.com,https://www.linkedin.com/company/ambiance-systems,,,Clifton Park,New York,US,12065
"ReQuest Serious Play, LLC",request.com,request.com,,,,Clifton Park,New York,US,12065
Specialized Audio-Visual Inc.,saviusa.com,saviusa.com,,,,Clifton Park,New York,US,12065
Audio11,theaudio11.com,theaudio11.com,,,,Cohoes,New York,US,12047
Dream Lab Productions,dreamlabpro.com,dreamlabpro.com,,,,Colonie,New York,US,12205
Home-Tec Heating and Cooling LLC,hometecny.com,hometecny.com,,,,Colonie,New York,US,12205
Open Systems Integrators,osicorp.net,osicorp.net,https://www.linkedin.com/company/sciensbuildingsolutions,,,Colonie,New York,US,12205
Upstate Audio Video,upstateaudiovideo.com,upstateaudiovideo.com,,,,Corinth,New York,US,12822
318 Technology Inc,318technology.com,318technology.com,,,,Cortlandt Manor,New York,US,10567
All Phase Technology,allphasetech.com,allphasetech.com,,,,Deer Park,New York,US,11729
JVN Systems Inc.,jvnsystems.com,jvnsystems.com,https://www.linkedin.com/company/jvn-systems,,,Deer Park,New York,US,11729
"Solutions By Design, Inc.",sbdtech.com,sbdtech.com,https://www.linkedin.com/company/solutions-by-design_2,,,Delmar,New York,US,12054
Custom Video Memories,buffalovideotransfer.com,buffalovideotransfer.com,,,,Depew,New York,US,14043
Connected Living Solutions,connectedlivingsolutions.com,connectedlivingsolutions.com,,,,East Amherst,New York,US,14051
Structured WNY,structuredwny.com,structuredwny.com,,,,East Amherst,New York,US,14051
Arz Electrical Corp,arzelectricalcorp.com,arzelectricalcorp.com,,,,East Hampton,New York,US,11937
DVolt Electric LLC - Home,dvoltelectric.com,dvoltelectric.com,,,,East Hampton,New York,US,11937
East Hampton Electric Inc,ehelectric.net,ehelectric.net,,,,East Hampton,New York,US,11937
HTG,htgny.com,htgny.com,,,,East Hampton,New York,US,11937
MBI Plus Electric Inc,mbipluselectric.com,mbipluselectric.com,,,,East Hampton,New York,US,11937
Tech Hampton,techhampton.com,techhampton.com,,,,East Hampton,New York,US,11937
Tech Solutions,hamptontechsolutions.net,hamptontechsolutions.net,,,,East Hampton,New York,US,11937
VME Electrical Contractor Inc.,vmeelectric.com,vmeelectric.com,,,,East Hampton,New York,US,11937
"Audio Video Design Group, Inc.",avdesigngroupinc.com,avdesigngroupinc.com,,,,East Quogue,New York,US,11942
Elevated Audio Video,elevated-av.com,elevated-av.com,,,,East Quogue,New York,US,11942
Innovative Technologies & Associates,innovativetechnologiesny.com,innovativetechnologiesny.com,,,,East Quogue,New York,US,11942
Fusion Digital LLC,fusiondig.com,fusiondig.com,,,,East Rochester,New York,US,14445
AV Solution LLC,avsolution.us,avsolution.us,,,,Eastchester,New York,US,10709
Output Design Audio Video,outputdesignav.com,outputdesignav.com,,,,Eastchester,New York,US,10709
PARADYME AUTOMATION,paradymeautomation.com,paradymeautomation.com,,,,Eggertsville,New York,US,14226
Perfect TV Mounting,perfecttvmounting.com,perfecttvmounting.com,,,,Elmont,New York,US,11003
Corporate Audio Visual Services,corporate-av.com,corporate-av.com,https://www.linkedin.com/company/corporate-audio-visual-services,,,Elmsford,New York,US,10523
Adwar Video,adwarvideo.com,adwarvideo.com,,,,Farmingdale,New York,US,11735
Astoria Productions,astoria.productions,astoria.productions,https://www.linkedin.com/company/astoria-productions,,,Farmingdale,New York,US,11735
Audio Visual Engineering LLC,engineeringav.com,engineeringav.com,,,,Farmingdale,New York,US,11735
Automat-Ed Gates and Shutters,automatedgateopeners.com,automatedgateopeners.com,,,,Farmingdale,New York,US,11735
HD Audio & Video,hdaudioandvideo.com,hdaudioandvideo.com,,,,Farmingdale,New York,US,11735
Genuine Media Audiovisual,genuinemediaav.com,genuinemediaav.com,,,,Forest Hills,New York,US,11375
Security & Camera NY,securitycamerany.com,securitycamerany.com,,,,Fresh Meadows,New York,US,11366
Sound Solutions,soundsolutionsofny.com,soundsolutionsofny.com,,,,Gansevoort,New York,US,12831
"Tech Team, LLC",wearetechteam.com,wearetechteam.com,,,,Garden City,New York,US,11530
"Long Island Video Enterprises LIVE, Inc.",longislandvideo.com,longislandvideo.com,,,,Glen Cove,New York,US,11542
Technology Depot - Island Audio Video Ltd,islandaudio.com,islandaudio.com,,,,Glen Cove,New York,US,11542
Telstar Integrated Solutions,telstaris.com,telstaris.com,,,,Glen Cove,New York,US,11542
Labbie Electrical Contractors,labbieelectrical.com,labbieelectrical.com,,,,Glenmont,New York,US,12077
Adirondack Audio & Video LLC,adkav.com,adkav.com,,,,Glens Falls North,New York,US,12804
"Select Audio and Video, Inc.",selectav.net,selectav.net,,,,Glens Falls North,New York,US,12804
ATTYWON,attywon.com,attywon.com,https://www.linkedin.com/company/attywon,,,Great Neck,New York,US,11021
SMARTTECH Security & Automation,smarttech.nyc,smarttech.nyc,https://www.linkedin.com/company/smarttech-communications,,,Great Neck,New York,US,11021
Scherer Electric,schererelectric.com,schererelectric.com,,,,Hamburg,New York,US,14075
Southtown Audio Video,southtownav.com,southtownav.com,,,,Hamburg,New York,US,14075
Acoustic Visions,acousticvisions.com,acousticvisions.com,,,,Hampton Bays,New York,US,11946
Greener Smart Homes,greenersmarthomes.com,greenersmarthomes.com,,,,Hampton Bays,New York,US,11946
Pop Audio,popaudio.net,popaudio.net,,,,Hampton Bays,New York,US,11946
Osbee,osbee.com,osbee.com,,,,Harrison,New York,US,10528
All Action Alarm,allactionalarm.com,allactionalarm.com,,,,Hauppauge,New York,US,11788
Audio Interiors Inc,audiointeriors.com,audiointeriors.com,,,,Hauppauge,New York,US,11788
Home Theater Man Inc.,hometheaterman.com,hometheaterman.com,,,,Hauppauge,New York,US,11788
IVCi LLC,ivci.com,ivci.com,,,,Hauppauge,New York,US,11788
"KMH Audio-Video Integration, Inc",kmh-integration.com,kmh-integration.com,,,,Hauppauge,New York,US,11788
GLOBAL CUSTOM INTEGRATIONS,gcintegrations.com,gcintegrations.com,,,,Hawthorne,New York,US,10532
Keating Electric & Technologies,keatingelectric.com,keatingelectric.com,,,,Hawthorne,New York,US,10532
Sultani Electric Service,sultanielectric.com,sultanielectric.com,,,,Henrietta,New York,US,14467
AV Pros NY,avprosny.com,avprosny.com,https://www.linkedin.com/company/av-pros-ny,,,Hicksville,New York,US,11801
Global AV Group,globalavgroup.com,globalavgroup.com,,,,Hicksville,New York,US,11801
Magnum Av Systems Inc.,magnumav.com,magnumav.com,,,,Hicksville,New York,US,11801
Security & Alarm Sales - Home Security & Burglar Systems Long Island & NYC,securityandalarmsales.com,securityandalarmsales.com,,,,Hicksville,New York,US,11801
United AV | Audio Visual & Lighting Rentals | New York,unitedavrentals.com,unitedavrentals.com,,,,Hicksville,New York,US,11801
Long Island Pro Audio Video,longislandav.com,longislandav.com,,,,Holbrook,New York,US,11741
"Island AVNS, LLC",islandavns.com,islandavns.com,,,,Holtsville,New York,US,11742
Interactive Control Systems Inc.,interactivecontrolsystems.com,interactivecontrolsystems.com,,,,Huntington,New York,US,11743
Sound Insight,sound-insight.com,sound-insight.com,,,,Huntington,New York,US,11743
Shanor Electric Supplies,shanorelectric.com,shanorelectric.com,,,,Kenmore,New York,US,14217
Alex Solutions Inc.,alexsolutionscorp.com,alexsolutionscorp.com,,,,Latham,New York,US,12110
"MicroKnowledge, Inc",microknowledge.com,microknowledge.com,,,,Latham,New York,US,12110
Technical Video Inc,technical-video.com,technical-video.com,https://www.linkedin.com/company/technical-video-inc,,,Latham,New York,US,12110
"Access Home Automation, Inc.",accesshomeautomation.com,accesshomeautomation.com,,,,Lindenhurst,New York,US,11757
JW Automations,jwautomations.com,jwautomations.com,,,,Little Neck,New York,US,11362
North Shore Sound & Vision,northshoresounds.com,northshoresounds.com,,,,Little Neck,New York,US,11362
Anzalone Electric Inc,anzalone.xologic.com,anzalone.xologic.com,,,,Lockport,New York,US,14094
Big Apple Intercom & Camera,rolling-doors-gates-manhattan-ny.com,rolling-doors-gates-manhattan-ny.com,,,,Long Island City,New York,US,11101
KRAUS Hi-Tech,kraushi-tech.com,kraushi-tech.com,,,,Long Island City,New York,US,11106
Precise AV Inc.,preciseav.com,preciseav.com,,,,Long Island City,New York,US,11101
Five18 Audio,five18audio.com,five18audio.com,,,,Loudonville,New York,US,12211
Wired Out Cabling and Security,wiredoutcabling.com,wiredoutcabling.com,,,,Malta,New York,US,12020
Integrated Electronic Solutions,iesav.net,iesav.net,,,,Mamaroneck,New York,US,10543
Audio Breakthroughs,audio1975.com,audio1975.com,,,,Manhasset,New York,US,11030
Home Theater of Long Island,htoli.com,htoli.com,https://www.linkedin.com/company/home-theater-of-long-island,,,Manhasset,New York,US,11030
Avvora Smart Home Security,avvora.com,avvora.com,,,,Mattituck,New York,US,11952
North Fork Custom Audio Video,nfav.com,nfav.com,,,,Mattituck,New York,US,11952
Brookhill NY Inc.,brookhillny.com,brookhillny.com,https://www.linkedin.com/company/brookhill,,,Melville,New York,US,11747
Leviton Manufacturing,leviton.com,leviton.com,https://www.linkedin.com/company/leviton,,,Melville,New York,US,11747
Titan Home Integration Systems,titanhomeav.com,titanhomeav.com,,,,Melville,New York,US,11747
Audio-Video Corporation,audiovideocorp.com,audiovideocorp.com,https://www.linkedin.com/company/10181762,,,Menands,New York,US,12204
Kasselman Solar,kasselmansolar.com,kasselmansolar.com,,,,Menands,New York,US,12204
"American Communications - Home Automation Services in Long Island, Queens, NYC",americancommunications.com,americancommunications.com,,,,Merrick,New York,US,11566
Electronics Concepts,electronicconcepts.net,electronicconcepts.net,,,,Merrick,New York,US,11566
Entertainment Technology,etaudiovideo.com,etaudiovideo.com,,,,Mt Kisco,New York,US,10549
Soundworks Inc,soundworksny.com,soundworksny.com,,,,Mt Kisco,New York,US,10549
Audio Den,audioden.com,audioden.com,https://www.linkedin.com/company/audio-den,,,Nesconset,New York,US,11767
Surveilco,surveilcoli.com,surveilcoli.com,,,,Nesconset,New York,US,11767
sight and sound communications,sightandsoundcommunications.com,sightandsoundcommunications.com,,,,New Hampton,New York,US,10958
IHD Integration,ihdny.com,ihdny.com,,,,New Hyde Park,New York,US,11040
Audio Visual NYC,audiovisualnyc.com,audiovisualnyc.com,,,,New Rochelle,New York,US,10801
Vincent Designs AV & Smart Homes,vincentdesigns.tv,vincentdesigns.tv,,,,New Rochelle,New York,US,10801
AV NYC,avnyc.com,avnyc.com,,,,New York,New York,US,10018
AV Workshop,avworkshop.com,avworkshop.com,https://www.linkedin.com/company/av-workshop,,,New York,New York,US,10018
AVENDOR,avendor.com,avendor.com,,,,New York,New York,US,10010
Argus HD: NYC Event Video Production & Livestream,argushd.co,argushd.co,,,,New York,New York,US,10001
Audio Videos NYC,audiovideosnyc.com,audiovideosnyc.com,,,,New York,New York,US,10001
Bright Home Theater and Audio Video NYC,brighthometheater.com,brighthometheater.com,,,,New York,New York,US,10018
City Smart Systems NYC - Security Systems & Camera Installation,city-smart.net,city-smart.net,,,,New York,New York,US,10001
Custom FX,cfxusa.com,cfxusa.com,,,,New York,New York,US,10017
DTV Installations,dtv-installations.com,dtv-installations.com,,,,New York,New York,US,10016
Distinctive Home Automation,distinctivehomeautomationnewyork.com,distinctivehomeautomationnewyork.com,,,,New York,New York,US,10010
Electronic Environments,eeny.net,eeny.net,https://www.linkedin.com/company/electronic-environments-new-york,,,New York,New York,US,10018
Fast Tech Pros TV Installation,fastechpros.com,fastechpros.com,,,,New York,New York,US,10012
Fiks Consultants,fiksconsultants.com,fiksconsultants.com,,,,New York,New York,US,10018
HDH TECH - Home Automation Company,hdhtech.com,hdhtech.com,,,,New York,New York,US,10018
HiFi Loft,hifi-loft.com,hifi-loft.com,,,,New York,New York,US,10036
Home Theater Advisors,hometheateradvisors.com,hometheateradvisors.com,,,,New York,New York,US,10128
House of Sound,houseofsoundnyc.com,houseofsoundnyc.com,,,,New York,New York,US,10011
INTEGRA AUDIO VIDEO,integraaudiovideo.com,integraaudiovideo.com,,,,New York,New York,US,10009
In Living Stereo,inlivingstereo.com,inlivingstereo.com,,,,New York,New York,US,10012
Innovative Audio Video Showrooms,innovative.nyc,innovative.nyc,https://www.linkedin.com/company/innovative-audio-video-showrooms,,,New York,New York,US,10155
Interactive Vision Solutions - rental for events,avequipmentrental.nyc,avequipmentrental.nyc,https://www.linkedin.com/company/interactive-vision-solutions,,,New York,New York,US,10018
Lutron Lighting,lutronlightingandshades.com,lutronlightingandshades.com,,,,New York,New York,US,10018
"Lutron Lights, Shades and Blinds Installer NYC",shadesinspiration.com,shadesinspiration.com,,,,New York,New York,US,10010
Luxe Audio Video Solutions,luxe-av.com,luxe-av.com,,,,New York,New York,US,10018
MetroCom Security,metrocomsecurity.com,metrocomsecurity.com,https://www.linkedin.com/company/metrocomsecurity,,,New York,New York,US,10013
Mounting NYC,mountingnyc.com,mountingnyc.com,,,,New York,New York,US,10018
"NY Highline Integrated Security Systems | Security Camera, Access Control Installation",nyhls.com,nyhls.com,,,,New York,New York,US,10018
"NYC IT Tech Audio Video, CCTV And Surveillance Camera Installation",nycittech.com,nycittech.com,,,,New York,New York,US,10017
NYC TV GUY,nyctvguy.com,nyctvguy.com,,,,New York,New York,US,10016
NYC TV Mounting - New York TV Mount Service,nyctvmounting.com,nyctvmounting.com,,,,New York,New York,US,10022
NYC TV Mounts,nyctvmounted.com,nyctvmounted.com,,,,New York,New York,US,10036
New York Empire Intercom & Security Systems,nycintercomsecuritysystems.com,nycintercomsecuritysystems.com,,,,New York,New York,US,10003
Nex AV,nexavt.com,nexavt.com,,,,New York,New York,US,10018
Opus One Home Automation,opus.one,opus.one,,,,New York,New York,US,10018
Parallax AV Design Inc.,parallaxav.com,parallaxav.com,,,,New York,New York,US,10017
Park Avenue Audio,parkavenueaudio.com,parkavenueaudio.com,https://www.linkedin.com/company/park-avenue-audio-inc,,,New York,New York,US,10016
Presentation Products Inc,presentationproducts.com,presentationproducts.com,,,,New York,New York,US,10016
Sage AV,sageav.com,sageav.com,,,,New York,New York,US,10016
Smart Home Worx | Home Automation,smarthomeworx.com,smarthomeworx.com,https://www.linkedin.com/company/smart-home-worx,,,New York,New York,US,10018
Sound Sight Technologies,soundsightonline.com,soundsightonline.com,,,,New York,New York,US,10001
Soundview Smart Tech Solutions,soundview.pro,soundview.pro,,,,New York,New York,US,10025
Standard Technology Integration Corp.,standard-integration.com,standard-integration.com,https://www.linkedin.com/company/standard-technology-integration-corp,,,New York,New York,US,10001
Stereo Exchange,stereoexchange.com,stereoexchange.com,https://www.linkedin.com/company/stereo-exchange-inc,,,New York,New York,US,10003
Surround Sound Installation,surroundsoundinstallationnyc.com,surroundsoundinstallationnyc.com,,,,New York,New York,US,10013
TV Installation by 5163co,tvinstallationnewyork.com,tvinstallationnewyork.com,,,,New York,New York,US,10018
TVMounting.NYC - TV Mounting Service in NYC,bit.ly,bit.ly,,,,New York,New York,US,10019
Tech Life Connection,techlifeconnection.com,techlifeconnection.com,,,,New York,New York,US,10001
TechnoConscious,technoconscious.com,technoconscious.com,,,,New York,New York,US,10014
Tv On My Wall,tvonmywall.com,tvonmywall.com,,,,New York,New York,US,10002
Unique Spaces,unique-spaces.com,unique-spaces.com,,,,New York,New York,US,10018
Vanish Designs,vanishdesigns.com,vanishdesigns.com,,,,New York,New York,US,10014
Vanish Home Theater,vanishhometheater.com,vanishhometheater.com,,,,New York,New York,US,10014
Voytech Technologies Inc.,voytech.com,voytech.com,,,,New York,New York,US,10024
We Mount Things,wemountthings.com,wemountthings.com,,,,New York,New York,US,10003
eInteractive,einteractiveinc.com,einteractiveinc.com,https://www.linkedin.com/company/einteractiveinc,,,New York,New York,US,10002
"h323HD, Inc.",h323hd.com,h323hd.com,,,,New York,New York,US,10001
5 Day Productions LLC,5dayproductions.com,5dayproductions.com,,,,Niagara Falls,New York,US,14305
Sound Adapters LLC,soundadapters.com,soundadapters.com,,,,Niagara Falls,New York,US,14305
"New York Sound & Vision, LLC",newyorksoundandvision.com,newyorksoundandvision.com,,,,North Babylon,New York,US,11703
Premier Audio Video Designs,premieravdesigns.com,premieravdesigns.com,,,,North White Plains,New York,US,10603
Hudson Valley Home Media,hvhomemedia.com,hvhomemedia.com,,,,Nyack,New York,US,10960
"Capstream Technologies, LLC",capstreamtech.com,capstreamtech.com,,,,Olean,New York,US,14760
CS Automation,csautomation.net,csautomation.net,https://www.linkedin.com/company/cs-automation,,,Ontario,New York,US,14519
Crown Electric Supply Co. Inc.,crownelectricsupply.com,crownelectricsupply.com,,,,Ontario,New York,US,14519
Cinema & Sound Of WNY,cinemaandsoundwny.com,cinemaandsoundwny.com,,,,Orchard Park,New York,US,14127
George's TV & Appliances,georgeshometheater.com,georgeshometheater.com,,,,Patchogue,New York,US,11772
All With Control Inc.,allwithcontrol.com,allwithcontrol.com,,,,Penfield,New York,US,14526
"Electronic Field Productions, Inc.",efponline.com,efponline.com,,,,Penfield,New York,US,14526
"MarketHOLD Productions, Inc.",markethold.com,markethold.com,https://www.linkedin.com/company/markethold-productions,,,Penfield,New York,US,14526
Simple Smart,simplesmart.tech,simplesmart.tech,,,,Piermont,New York,US,10968
"King's Audio Technologies, LLC",kingsaudiotechnologies.com,kingsaudiotechnologies.com,,,,Pittsford,New York,US,14534
Monroe Integrated Solutions,misnys.com,misnys.com,,,,Pittsford,New York,US,14534
ROC Vox Recording & Production,rocvox.com,rocvox.com,,,,Pittsford,New York,US,14534
Welcome Home Living,welcomehomeliving.com,welcomehomeliving.com,,,,Pittsford,New York,US,14534
Audio Video Invasion,audiovideoinvasion.com,audiovideoinvasion.com,https://www.linkedin.com/company/audio-video-invasion-inc-,,,Plainview,New York,US,11803
"Audio Video Systems, Inc.",audiovideosystems.com,audiovideosystems.com,https://www.linkedin.com/company/2491544,,,Plainview,New York,US,11803
IDS Audio Video & Technologies,idsaudiovideo.com,idsaudiovideo.com,,,,Plainview,New York,US,11803
Long Island Sound And Cinema,lisoundandcinema.com,lisoundandcinema.com,,,,Plainview,New York,US,11803
TechPro Home Automation,techprohomeautomation.com,techprohomeautomation.com,https://www.linkedin.com/company/techpro-solutions-ny,,,Plainview,New York,US,11803
Alpha Stereo,alphastereo.com,alphastereo.com,,,,Plattsburgh,New York,US,12901
Colortone Audio Visual,colortone-av.com,colortone-av.com,,,,Port Chester,New York,US,10573
Enhanced Home,enhanced-home.com,enhanced-home.com,,,,Port Chester,New York,US,10573
"Millennium Audio Video Design, Inc.",millennium-av.com,millennium-av.com,,,,Putnam Valley,New York,US,10579
Connected Home Systems,connectedhomesystems.net,connectedhomesystems.net,https://www.linkedin.com/company/connected-home-systems-ny,,,Quogue,New York,US,11959
DH Technology Contractor,dhometech.com,dhometech.com,,,,Quogue,New York,US,11959
Mood Media / Functional Communications Corporation,moodmediafcc.com,moodmediafcc.com,https://www.linkedin.com/company/moodmediafcc,,,Rensselaer,New York,US,12144
A V Science,avscience.com,avscience.com,,,,Rochester,New York,US,14610
ACAD Design Corporation,acaddesign.us,acaddesign.us,,,,Rochester,New York,US,14606
Action Security Group,actionsecuritygroup.com,actionsecuritygroup.com,,,,Rochester,New York,US,14607
Affordable Security Systems,affordablesecuritysys.com,affordablesecuritysys.com,,,,Rochester,New York,US,14623
Applied Audio & Theatre Supply,theatresupply.com,theatresupply.com,,,,Rochester,New York,US,14623
Arhaus,arhaus.com,arhaus.com,,,,Rochester,New York,US,14620
Atlas Automation,atlas-automation.com,atlas-automation.com,,,,Rochester,New York,US,14626
Auto Sound Systems,autosoundsystemsinc.com,autosoundsystemsinc.com,,,,Rochester,New York,US,14605
Avarus Solutions,avarussolutions.com,avarussolutions.com,,,,Rochester,New York,US,14623
"Billitier Electric, Inc.",billitierelectric.com,billitierelectric.com,,,,Rochester,New York,US,14619
Bitstream Media,bitstream.media,bitstream.media,,,,Rochester,New York,US,14617
C.M. Armitage Electrical Contracting,cmarmitage.com,cmarmitage.com,,,,Rochester,New York,US,14617
CETech,cetechno.com,cetechno.com,,,,Rochester,New York,US,14623
Campbell Services,cstvmounting.com,cstvmounting.com,,,,Rochester,New York,US,14626
Canal Town Electric,canaltownelectric.com,canaltownelectric.com,,,,Rochester,New York,US,14625
Cheshire Audio Visual,cheshireav.com,cheshireav.com,https://www.linkedin.com/company/cheshire-audio-visual,,,Rochester,New York,US,14624
CloudSmartz,cloudsmartz.com,cloudsmartz.com,,,,Rochester,New York,US,14620
"CypherWorx, Inc.",cypherworx.com,cypherworx.com,https://www.linkedin.com/company/cypherworx,,,Rochester,New York,US,14618
DAVE Digital Audio Visual Environments,comeseedave.com,comeseedave.com,,,,Rochester,New York,US,14623
Doyle Security Systems,godoyle.com,godoyle.com,,,,Rochester,New York,US,14623
Empire Automation Systems,maseas.com,maseas.com,,,,Rochester,New York,US,14624
Exe Productions,exeproductions.com,exeproductions.com,,,,Rochester,New York,US,14614
Fish & Crown Creative,fishandcrown.com,fishandcrown.com,,,,Rochester,New York,US,14610
Hamilton QAV,hamiltonqav.com,hamiltonqav.com,,,,Rochester,New York,US,14604
HouseDigital,myhousedigital.com,myhousedigital.com,,,,Rochester,New York,US,14607
Illuminating Expressions Distributions,ielighting.com,ielighting.com,,,,Rochester,New York,US,14626
Industry Video Productions,industryvideo.com,industryvideo.com,,,,Rochester,New York,US,14604
Innovations by VP (Maynards Electric Showroom),innovationsbyvp.com,innovationsbyvp.com,,,,Rochester,New York,US,14623
John Betlem Heating & Cooling,johnbetlem.com,johnbetlem.com,https://www.linkedin.com/company/johnbetlemhc,,,Rochester,New York,US,14625
Keystone Security Systems,keystonesecuritysystems.com,keystonesecuritysystems.com,,,,Rochester,New York,US,14624
Lamp Repair,lamp-repair.com,lamp-repair.com,,,,Rochester,New York,US,14609
Langie Audio Visual Systems,langieav.com,langieav.com,,,,Rochester,New York,US,14623
"Leader TV Sales, Installation & HiFi Stereo Repair Services",leadertv.com,leadertv.com,,,,Rochester,New York,US,14624
Lightspec,lightspec.com,lightspec.com,,,,Rochester,New York,US,14606
MAC Security LLC,mac-secure.com,mac-secure.com,,,,Rochester,New York,US,14609
MQ Electrical LLC,mqelectricalny.com,mqelectricalny.com,,,,Rochester,New York,US,14609
Marchand Electronics Inc.,marchandelec.com,marchandelec.com,,,,Rochester,New York,US,14618
MediaNet AV,aaasound.com,aaasound.com,,,,Rochester,New York,US,14611
Micro Instrument Corp,microinst.com,microinst.com,,,,Rochester,New York,US,14606
Motion Automation Intelligence,ai.motion.com,ai.motion.com,,,,Rochester,New York,US,14607
New Life Electronics,nleaudio.com,nleaudio.com,,,,Rochester,New York,US,14624
"Nichols Electric, Plumbing, Heating, & Cooling",nicholselectric.com,nicholselectric.com,,,,Rochester,New York,US,14623
OMNI Security Inc.,omnisecurityinc.com,omnisecurityinc.com,,,,Rochester,New York,US,14604
Optic Sky Productions,opticskypro.com,opticskypro.com,,,,Rochester,New York,US,14607
P & R Industries,pandrindustries.com,pandrindustries.com,,,,Rochester,New York,US,14621
Premier Alarms and Electric,gopremierelectric.com,gopremierelectric.com,,,,Rochester,New York,US,14624
"R-Options, Inc",roptionsinc.com,roptionsinc.com,,,,Rochester,New York,US,14624
Radec Electric Corporation,radec.com,radec.com,,,,Rochester,New York,US,14610
Riverside Automation,riversideautomation.com,riversideautomation.com,,,,Rochester,New York,US,14611
RocTech Solution,roctechsolution.com,roctechsolution.com,,,,Rochester,New York,US,14609
Rochester Automated Systems,rochauto.com,rochauto.com,,,,Rochester,New York,US,14624
Rochester Home Theater,rochesterhometheater.com,rochesterhometheater.com,,,,Rochester,New York,US,14622
Rochester Network Cabling & Fiber Optic,rochesternetworkcabling.com,rochesternetworkcabling.com,,,,Rochester,New York,US,14618
Rochester Video Pros,rochestervideopros.com,rochestervideopros.com,,,,Rochester,New York,US,14623
Rochester tv mounting service,pocketsuite.io,pocketsuite.io,,,,Rochester,New York,US,14608
SPS Fire & Security,spsfireandsecurity.com,spsfireandsecurity.com,,,,Rochester,New York,US,14626
Schuler-Haas Electric Corp.,schuler-haas.com,schuler-haas.com,,,,Rochester,New York,US,14623
SimuTech Group,simutechgroup.com,simutechgroup.com,,,,Rochester,New York,US,14625
Staples,stores.staples.com,stores.staples.com,,,,Rochester,New York,US,14615
StoryTrust Media,jonathangoehring.com,jonathangoehring.com,,,,Rochester,New York,US,14612
Sunstone Digital Tech,sunstonedigitaltech.com,sunstonedigitaltech.com,,,,Rochester,New York,US,14604
The Stereo Shop,stereoshoponline.com,stereoshoponline.com,,,,Rochester,New York,US,14626
Titan Technology Systems,titantechnologysystems.com,titantechnologysystems.com,,,,Rochester,New York,US,14608
"Tuthill Lighting , Inc.",tuthilllighting.com,tuthilllighting.com,,,,Rochester,New York,US,14618
Unitrac / IlluminFx,illuminfx.com,illuminfx.com,,,,Rochester,New York,US,14606
Upstate Alarm LLC,upstatealarm.com,upstatealarm.com,,,,Rochester,New York,US,14623
VHS Studios Pro,vhsstudiospro.com,vhsstudiospro.com,,,,Rochester,New York,US,14604
globalevents,globalevents.com,globalevents.com,,,,Rochester,New York,US,14610
Jvf Audio Video Installations,jvfaudiovideo.com,jvfaudiovideo.com,,,,Rocky Point,New York,US,11778
ICC Automation,iccautomation.com,iccautomation.com,https://www.linkedin.com/company/icc-automation,,,Ronkonkoma,New York,US,11779
"Smart Energy Automation, LLC",sea-nyc.com,sea-nyc.com,,,,Ronkonkoma,New York,US,11779
greensite Security Systems,gogreensite.com,gogreensite.com,,,,Ronkonkoma,New York,US,11779
Audio Video Long Island,audiovideolongisland.com,audiovideolongisland.com,,,,Roslyn,New York,US,11576
"Minerva Audio Visual, Inc.",minervaav.com,minervaav.com,,,,Roslyn Heights,New York,US,11577
Digital Home Systems,digitalhomesystems.com,digitalhomesystems.com,https://www.linkedin.com/company/digital-home-systems-inc,,,Rye Brook,New York,US,10573
DS Home Tech,dshometechny.com,dshometechny.com,,,,Saratoga Springs,New York,US,12866
Upstate Automation,upstateautomation.com,upstateautomation.com,,,,Saratoga Springs,New York,US,12866
Electrical Systems Integrators,electricalsystemsintegrators.com,electricalsystemsintegrators.com,,,,Scarsdale,New York,US,10583
Navas Audio Video Solution,navasav.com,navasav.com,,,,Scarsdale,New York,US,10583
Value Electronics,valueelectronics.com,valueelectronics.com,,,,Scarsdale,New York,US,10583
MR SmartHome,mrsmarthomes.com,mrsmarthomes.com,,,,Schenectady,New York,US,12303
Towne TV,townetv.com,townetv.com,,,,Schenectady,New York,US,12303
ADR Media Integrators LLC,adrmi.com,adrmi.com,,,,Sea Cliff,New York,US,11579
Sights N Sounds,hometheater.biz,hometheater.biz,,,,Seaford,New York,US,11783
Extreme AVS Home Theater Installers Control4 Long Island,extremeavs.com,extremeavs.com,,,,Smithtown,New York,US,11787
AAV Audio & Video Ltd,aavaudio.com,aavaudio.com,,,,Southampton,New York,US,11968
AD Systems Integrators,adesignsystems.com,adesignsystems.com,,,,Southampton,New York,US,11968
Automated Ideas and Solutions,automatedideas.com,automatedideas.com,,,,Southampton,New York,US,11968
DSG Distributors Southhampton,dsgdist.com,dsgdist.com,,,,Southampton,New York,US,11968
East End Audio Video Inc,eastendaudio.com,eastendaudio.com,,,,Southampton,New York,US,11968
HTE (Home Technology Experts) - Headquarters,hteny.com,hteny.com,https://www.linkedin.com/company/hte-home-technology-experts-,,,Southampton,New York,US,11968
Symfony,symfonyinc.com,symfonyinc.com,,,,Southampton,New York,US,11968
Advanced Home AV,ahav.com,ahav.com,,,,Spring Valley,New York,US,10977
Dara AV Audio/Visual Specialists,daraav.com,daraav.com,https://www.linkedin.com/company/dara-av,,,Staten Island,New York,US,10309
Digital Habitat Store,digitalhabitatstore.com,digitalhabitatstore.com,,,,Syosset,New York,US,11791
Intech,intechav.com,intechav.com,,,,Syosset,New York,US,11791
Sound Dimensions Plus,sounddimensionsplus.com,sounddimensionsplus.com,,,,Syosset,New York,US,11791
Visual Technologies,visualtec.com,visualtec.com,,,,Syracuse,New York,US,13206
"Audio Services NY, Inc.",audioservicesny.com,audioservicesny.com,,,,Tappan,New York,US,10983
Doctor Security Systems,doctorintercom.net,doctorintercom.net,,,,Tarrytown,New York,US,10591
Advanced Alarm Inc,advancedalarm.net,advancedalarm.net,https://www.linkedin.com/company/10101207,,,Tonawanda,New York,US,14150
"Digital Instruments, Inc.",digitalinstruments.com,digitalinstruments.com,,,,Tonawanda,New York,US,14150
Curley Electric LLC,curley-electric.com,curley-electric.com,,,,Troy,New York,US,12180
HandyDim,handydim.com,handydim.com,,,,Troy,New York,US,12180
Live Sound Inc,livesoundinc.com,livesoundinc.com,,,,Troy,New York,US,12180
AV Design & Integration,avdesigninc.com,avdesigninc.com,https://www.linkedin.com/company/av-design-integration,,,Valhalla,New York,US,10595
Data Wire Solutions,datawiresolutions.com,datawiresolutions.com,,,,Valhalla,New York,US,10595
Global Systems Integrators,gsintegrators.com,gsintegrators.com,,,,Valhalla,New York,US,10595
Intelligent Technology Group,itgdesigns.com,itgdesigns.com,,,,Valhalla,New York,US,10595
RAYVA Home Theaters,rayva.com,rayva.com,https://www.linkedin.com/company/rayva-international,,,Valhalla,New York,US,10595
Day Automation Systems Inc,dayautomation.com,dayautomation.com,,,,Victor,New York,US,14564
Lantek Security & Automation,lanteksecurity.com,lanteksecurity.com,,,,Victor,New York,US,14564
"Lippolis Electric, Inc.",lippoliselectric.com,lippoliselectric.com,https://www.linkedin.com/company/lippolis-electric-inc,,,Village of Pelham,New York,US,10803
Visera Media LLC,viseramedia.com,viseramedia.com,,,,Wappingers Falls,New York,US,12590
"Digital Home Creations, Inc",digitalhomecreations.com,digitalhomecreations.com,https://www.linkedin.com/company/digital-home-creations-inc,,,Webster,New York,US,14580
"Shield Alarm Systems, Inc.",shieldalarms.com,shieldalarms.com,,,,Webster,New York,US,14580
"3D Sound and Security, Inc",3dsoundandsecurity.com,3dsoundandsecurity.com,,,,West Islip,New York,US,11795
Uplifter Video,upliftervideo.com,upliftervideo.com,,,,West Seneca,New York,US,14224
Audio Command Systems,audiocommand.com,audiocommand.com,,,,Westbury,New York,US,11590
Crescendo Designs,crescendodesigns.com,crescendodesigns.com,,,,Westhampton Beach,New York,US,11978
Shoreline Connected Systems,shorelineconnected.com,shorelineconnected.com,,,,Westhampton Beach,New York,US,11978
Systems Design Co.,systemsdesignco.com,systemsdesignco.com,https://www.linkedin.com/company/systems-design-company,,,Westhampton Beach,New York,US,11978
Depot Auto Sound & Security INC,depotautosound.com,depotautosound.com,,,,White Plains,New York,US,10606
Elite Security Group,jandmsecurity.com,jandmsecurity.com,,,,White Plains,New York,US,10605
Westchester A/V,westchesterav.com,westchesterav.com,https://www.linkedin.com/company/elevated-integration-ny,,,White Plains,New York,US,10604
Binatech System Solutions - Outsourced IT Support & Managed IT Services Buffalo,binatech.com,binatech.com,,,,Williamsville,New York,US,14221
System Integrators Group,wnyav.com,wnyav.com,,,,Williamsville,New York,US,14221
Digital Labor Solutions,digitallaborsolutions.com,digitallaborsolutions.com,https://www.linkedin.com/company/digital-labor-solutions,,,Woodbury,New York,US,11797
Ultimate Sound & Installations,ultisound.com,ultisound.com,https://www.linkedin.com/company/ultisound,,,Woodside,New York,US,11377
Lights On Design,lightsondesign.com,lightsondesign.com,,,,Yonkers,New York,US,10710
Oversightt Fire And Security Solutions,oversightt.com,oversightt.com,,,,Yonkers,New York,US,10704
eHOME NYC LLC,ehome.nyc,ehome.nyc,,,,Yonkers,New York,US,10704
Lighting BOSS,lighting-boss.com,lighting-boss.com,https://www.linkedin.com/company/the-lighting-boss,,,Akron,Ohio,US,44312
Pure Av Corp. Smart Home Professionals,pureavcorp.com,pureavcorp.com,,,,Akron,Ohio,US,44312
S3 Technologies,mys3tech.com,mys3tech.com,https://www.linkedin.com/company/s3-technologies,,,Akron,Ohio,US,44304
Sound Advice,soundadviceofcinti.com,soundadviceofcinti.com,,,,Amelia,Ohio,US,45102
Factory Lighting Center,factorylightingcenter.com,factorylightingcenter.com,,,,Beavercreek,Ohio,US,45440
Premiere Lighting Gallery,premierehc.com,premierehc.com,,,,Beavercreek,Ohio,US,45434
Security Cameras of Dayton,securitycamerasofdayton.com,securitycamerasofdayton.com,,,,Beavercreek,Ohio,US,45431
Media Design Imaging,mdifilm.com,mdifilm.com,https://www.linkedin.com/company/mediadesignimaging,,,Bedford,Ohio,US,44146
My Smart Home Ohio,mysmarthomeohio.com,mysmarthomeohio.com,,,,Bedford Heights,Ohio,US,44146
Zenith Systems,zenithsystems.com,zenithsystems.com,,,,Bedford Heights,Ohio,US,44128
Leitner Electric Co,leitnerelectric.com,leitnerelectric.com,,,,Blue Ash,Ohio,US,45242
Progressive Automations Inc - Electric Linear Actuators,progressiveautomations.com,progressiveautomations.com,,,,Blue Ash,Ohio,US,45242
Clear Gold Audio & Lighting,cleargoldaudio.com,cleargoldaudio.com,,,,Broadview Heights,Ohio,US,44147
Xtend Technologies,xtendav.com,xtendav.com,https://www.linkedin.com/company/xtend-technologies,,,Broadview Heights,Ohio,US,44147
Kamrock Lights LLC,lights.us.com,lights.us.com,,,,Brooklyn,Ohio,US,44144
Westminster AV,westminsterav.com,westminsterav.com,,,,Brooklyn Heights,Ohio,US,44131
Scene75 Entertainment Center | Cleveland,scene75.com,scene75.com,,,,Brunswick,Ohio,US,44212
K+ Integration and Audio,k-integration.com,k-integration.com,,,,Chagrin Falls,Ohio,US,44022
A-HI Computers & Electronics Norwood Hyde Park TV,a-hi.com,a-hi.com,,,,Cincinnati,Ohio,US,45212
"Access Audio, Inc.",accessaudio.com,accessaudio.com,https://www.linkedin.com/company/2546510,,,Cincinnati,Ohio,US,45215
Advanced Installation Solutions,advancedinstallations.us,advancedinstallations.us,,,,Cincinnati,Ohio,US,45243
Air Plus,cincinnatiheatingandcooling.com,cincinnatiheatingandcooling.com,,,,Cincinnati,Ohio,US,45215
Apollo Home,apollohome.com,apollohome.com,https://www.linkedin.com/company/apollo-heating-cooling-and-plumbing,,,Cincinnati,Ohio,US,45209
"Automated Machine Systems, Inc.",amsmachinesinc.com,amsmachinesinc.com,,,,Cincinnati,Ohio,US,45215
Automated Smart Living LLC,automatedsmartliving.com,automatedsmartliving.com,https://www.linkedin.com/company/wix-com,,,Cincinnati,Ohio,US,45233
Beacon Audio Video Systems,beaconaudiovideosystems.com,beaconaudiovideosystems.com,,,,Cincinnati,Ohio,US,45208
BrownCOW Technology - IT Support of Cincinnati,browncowtech.com,browncowtech.com,https://www.linkedin.com/company/browncow-technology,,,Cincinnati,Ohio,US,45249
Cincinnati Home Theaters & Car Audio,cincinnatihometheaters.com,cincinnatihometheaters.com,,,,Cincinnati,Ohio,US,45245
Cinema Sounds,cinema-sounds.com,cinema-sounds.com,,,,Cincinnati,Ohio,US,45239
ConstructConnect,constructconnect.com,constructconnect.com,,,,Cincinnati,Ohio,US,45209
Cornerstone Controls Inc,cornerstonecontrols.com,cornerstonecontrols.com,,,,Cincinnati,Ohio,US,45249
Dial One Security,dialonesecurity.com,dialonesecurity.com,https://www.linkedin.com/company/dial-one-security-inc,,,Cincinnati,Ohio,US,45227
Electronauts,electronauts.com,electronauts.com,,,,Cincinnati,Ohio,US,45226
Emcor Services Automated Controls,emcorac.com,emcorac.com,,,,Cincinnati,Ohio,US,45227
Hanson Audio Video,hansonav.com,hansonav.com,,,,Cincinnati,Ohio,US,45242
ICB Audio and Video,icbav.com,icbav.com,https://www.linkedin.com/company/icb-audio-and-video,,,Cincinnati,Ohio,US,45229
ITA Audio Visual Solutions,ita.com,ita.com,,,,Cincinnati,Ohio,US,45207
Industrial Communication and Sound,icands.com,icands.com,,,,Cincinnati,Ohio,US,45240
Kemper Automation,kempercontrols.com,kempercontrols.com,,,,Cincinnati,Ohio,US,45242
Lighthouse YT LLC,lighthouseytllc.com,lighthouseytllc.com,,,,Cincinnati,Ohio,US,45242
"Loud and Clear, Inc.",loudandclear.com,loudandclear.com,,,,Cincinnati,Ohio,US,45215
M Alan Associates LLC,manatee-salamander-jash.squarespace.com,manatee-salamander-jash.squarespace.com,,,,Cincinnati,Ohio,US,45226
MQ Automation,mqautomation.com,mqautomation.com,,,,Cincinnati,Ohio,US,45237
Meineke Audio Video Security,meinekeav.com,meinekeav.com,,,,Cincinnati,Ohio,US,45244
Mt Lookout Television and Electronics,mtlookouttv.com,mtlookouttv.com,,,,Cincinnati,Ohio,US,45208
Nova Live Productions,nova.productions,nova.productions,,,,Cincinnati,Ohio,US,45219
"OP Home Security, LLC",ophomesecurity.com,ophomesecurity.com,,,,Cincinnati,Ohio,US,45236
Paff Electric & Solar,paffelectricandsolar.com,paffelectricandsolar.com,,,,Cincinnati,Ohio,US,45238
Pixel Technologies,pixel.tech,pixel.tech,https://www.linkedin.com/company/pixeltechnologies,,,Cincinnati,Ohio,US,45214
Play Audio Agency,playaudioagency.com,playaudioagency.com,,,,Cincinnati,Ohio,US,45202
Prestige AV & Creative Services,prestigeav.com,prestigeav.com,https://www.linkedin.com/company/prestige-av-&-creative-services,,,Cincinnati,Ohio,US,45237
"Quality Controls, Inc.",qcipanels.com,qcipanels.com,,,,Cincinnati,Ohio,US,45244
"Resolutions-Sights, Sounds, Simplicity",resolutions-av.com,resolutions-av.com,,,,Cincinnati,Ohio,US,45249
Sheer Security,sheer-security.com,sheer-security.com,,,,Cincinnati,Ohio,US,45242
Sheer Technologies,sheertec.com,sheertec.com,,,,Cincinnati,Ohio,US,45242
Stereo ADV,stereo-adv.company.site,stereo-adv.company.site,,,,Cincinnati,Ohio,US,45208
TEK | Technology Experience Knowledge LLC,tekcincinnati.com,tekcincinnati.com,,,,Cincinnati,Ohio,US,45242
Techsol Integrations,techsolintegrations.com,techsolintegrations.com,,,,Cincinnati,Ohio,US,45237
Tri-State Audio Visual Co,tristateav.com,tristateav.com,,,,Cincinnati,Ohio,US,45255
Unique Home Systems,uniquehomesystems.com,uniquehomesystems.com,,,,Cincinnati,Ohio,US,45236
Visionary Meeting Technologies LLC,visionarymeetingtechnologies.com,visionarymeetingtechnologies.com,,,,Cincinnati,Ohio,US,45246
Worship Resources,worshipres.com,worshipres.com,,,,Cincinnati,Ohio,US,45245
A-Wing Visuals | Cleveland Video Production,awingvisuals.com,awingvisuals.com,,,,Cleveland,Ohio,US,44113
AC Electric,acelectricohio.com,acelectricohio.com,,,,Cleveland,Ohio,US,44127
Access 1 Alarm & Audio,access1alarm.com,access1alarm.com,,,,Cleveland,Ohio,US,44111
Althar L.L.C.,altharaudio.com,altharaudio.com,,,,Cleveland,Ohio,US,44127
"Avera Media Group, LLC",averaohio.com,averaohio.com,,,,Cleveland,Ohio,US,44103
BG Video Production Company Cleveland OH – Cleveland Video Production Company,bgvideocompany.com,bgvideocompany.com,,,,Cleveland,Ohio,US,44114
BoxCast,boxcast.com,boxcast.com,,,,Cleveland,Ohio,US,44113
Cinecraft Productions,cinecraft.com,cinecraft.com,,,,Cleveland,Ohio,US,44113
Cleveland Clinic DOME Theater,greatscience.com,greatscience.com,https://www.linkedin.com/company/great-lakes-science-center,,,Cleveland,Ohio,US,44114
Cleveland Lighting,clevelandlighting.com,clevelandlighting.com,,,,Cleveland,Ohio,US,44124
Control Components Company,controlcomponentscompany.com,controlcomponentscompany.com,,,,Cleveland,Ohio,US,44119
Crescent Digital,crescentdigital.com,crescentdigital.com,https://www.linkedin.com/company/crescentdigital,,,Cleveland,Ohio,US,44115
"Custom Audio Designs, Inc",customaudiodesignsinc.com,customaudiodesignsinc.com,,,,Cleveland,Ohio,US,44124
"Eighth Day Sound Systems, Inc.",8thdaysound.com,8thdaysound.com,,,,Cleveland,Ohio,US,44143
Emergency Vehicle Lights and Colors,starlightingproducts.com,starlightingproducts.com,,,,Cleveland,Ohio,US,44130
Empirical Sound,empiricalsound.com,empiricalsound.com,,,,Cleveland,Ohio,US,44114
"GE Lighting, A Savant Company",gelighting.com,gelighting.com,,,,Cleveland,Ohio,US,44112
Hughie's Event Production Services,hughies.com,hughies.com,,,,Cleveland,Ohio,US,44114
IAC Technologies,iactechnologies.net,iactechnologies.net,,,,Cleveland,Ohio,US,44120
Integrated homes LLC,integratedhomes.net,integratedhomes.net,,,,Cleveland,Ohio,US,44113
LoRoo Security & Technology,loroosecurity.com,loroosecurity.com,,,,Cleveland,Ohio,US,44102
Menards,menards.com,menards.com,,,,Cleveland,Ohio,US,44129
NPi Audio Visual Solutions,npiav.com,npiav.com,,,,Cleveland,Ohio,US,44125
NPi Entertainment,npientertain.com,npientertain.com,,,,Cleveland,Ohio,US,44125
Ohio Cinemotion,ohiocinemotion.com,ohiocinemotion.com,,,,Cleveland,Ohio,US,44144
Play It Again Sam,playitagainsam.com,playitagainsam.com,,,,Cleveland,Ohio,US,44107
Playhouse Square,playhousesquare.org,playhousesquare.org,,,,Cleveland,Ohio,US,44115
ProShow Sound LLC,proshowsound.com,proshowsound.com,,,,Cleveland,Ohio,US,44129
Q Audio Visual,qaudiovisual.com,qaudiovisual.com,,,,Cleveland,Ohio,US,44143
RCS Event Production,rcseventproduction.com,rcseventproduction.com,,,,Cleveland,Ohio,US,44102
TV The Vision,g.co,g.co,,,,Cleveland,Ohio,US,44108
The All A/V Solutions Grp.,broadwavesstudios.com,broadwavesstudios.com,,,,Cleveland,Ohio,US,44113
Vertical Sound,verticalsoundpro.com,verticalsoundpro.com,,,,Cleveland,Ohio,US,44102
"Wellman & Griffith, Inc.",wellmangriffith.com,wellmangriffith.com,,,,Cleveland,Ohio,US,44126
ACES | Aaron Carmack Electronic Services,acestech.net,acestech.net,,,,Columbus,Ohio,US,43201
Actuality Media,actualitymedia.co,actualitymedia.co,https://www.linkedin.com/company/actualitymedia,,,Columbus,Ohio,US,43215
Affordable Home Security ADT Dealer,affordablehomesecurity.net,affordablehomesecurity.net,,,,Columbus,Ohio,US,43202
Ansera,ansera.com,ansera.com,https://www.linkedin.com/company/anserahq,,,Columbus,Ohio,US,43219
Audio Video Installs,columbusaudiovideoinstallation.com,columbusaudiovideoinstallation.com,,,,Columbus,Ohio,US,43230
Best Light Video,bestlightvideo.com,bestlightvideo.com,https://www.linkedin.com/company/2783642,,,Columbus,Ohio,US,43215
Central Ohio Audio Video,centralohav.com,centralohav.com,,,,Columbus,Ohio,US,43229
"Columbus Controls, Inc.",columbuscontrols.com,columbuscontrols.com,,,,Columbus,Ohio,US,43231
Columbus Winlectric Co.,winwholesale.com,winwholesale.com,,,,Columbus,Ohio,US,43219
Crystal Clear Audio & Video,crystalclearaudioandvideo.com,crystalclearaudioandvideo.com,,,,Columbus,Ohio,US,43204
Digital Home Designs,dhdpros.com,dhdpros.com,https://www.linkedin.com/company/digital-home-designs,,,Columbus,Ohio,US,43235
Directions AV,directionsav.com,directionsav.com,,,,Columbus,Ohio,US,43231
Extreme Audio Outlet,extremeaudiooutlet.com,extremeaudiooutlet.com,,,,Columbus,Ohio,US,43204
Home Shield Alarm Monitoring & Security Systems,homeshieldalarm.com,homeshieldalarm.com,,,,Columbus,Ohio,US,43231
IAMedia Video Production,iamfilmco.com,iamfilmco.com,,,,Columbus,Ohio,US,43215
Innovative Media Systems,imsohio.com,imsohio.com,,,,Columbus,Ohio,US,43219
Integrated Building Systems,ibswebsite.com,ibswebsite.com,,,,Columbus,Ohio,US,43201
"Interactive Protection Services, LLC",ipstechnow.com,ipstechnow.com,,,,Columbus,Ohio,US,43229
Jerry TV Mounting Services,mountingservices.mobirisesite.com,mountingservices.mobirisesite.com,,,,Columbus,Ohio,US,43207
Lighting Columbus Showroom & Design Center,lightingcolumbus.com,lightingcolumbus.com,,,,Columbus,Ohio,US,43219
Loeb Electric,loebelectric.com,loebelectric.com,,,,Columbus,Ohio,US,43219
MOUNT ME,mountme.godaddysites.com,mountme.godaddysites.com,,,,Columbus,Ohio,US,43215
Methodical Automation LLC,methodicalautomation.com,methodicalautomation.com,,,,Columbus,Ohio,US,43206
"Ohio Valley Integration Services, Inc.",ovis.cc,ovis.cc,,,,Columbus,Ohio,US,43228
Panic Lighting Co,paniclightingco.com,paniclightingco.com,,,,Columbus,Ohio,US,43224
Schreiner Ace Hardware,schreinerhardware.com,schreinerhardware.com,,,,Columbus,Ohio,US,43212
Studio AMG,studio-amg.com,studio-amg.com,,,,Columbus,Ohio,US,43235
The Theater People,thetheaterpeople.com,thetheaterpeople.com,,,,Columbus,Ohio,US,43213
Tiger Systems Inc.,tsicolumbus.com,tsicolumbus.com,,,,Columbus,Ohio,US,43229
Truth Seeker Productions,geartechs.com,geartechs.com,,,,Columbus,Ohio,US,43204
Vortex IT Systems,vortexitsystems.com,vortexitsystems.com,,,,Columbus,Ohio,US,43214
iVideo Technologies,ivideo.com,ivideo.com,https://www.linkedin.com/company/ivideo-technologies,,,Columbus,Ohio,US,43235
MediaObsessions,mediaobsessions.com,mediaobsessions.com,https://www.linkedin.com/company/mediaobsessions,,,Cuyahoga Falls,Ohio,US,44221
Sound & Vision,soundandvisionohio.com,soundandvisionohio.com,,,,Cuyahoga Falls,Ohio,US,44221
AMG Custom Controls,amgcustomcontrols.com,amgcustomcontrols.com,,,,Dayton,Ohio,US,45414
Advanced Digital Security,adsecurity.biz,adsecurity.biz,,,,Dayton,Ohio,US,45420
Ambient AVL,ambientavl.com,ambientavl.com,,,,Dayton,Ohio,US,45426
Andrew Casey Electrical Contractors,electriciandaytonohio.com,electriciandaytonohio.com,https://www.linkedin.com/company/andrew-casey-electrical-contractors,,,Dayton,Ohio,US,45414
Audio Etc...,audioetc.tv,audioetc.tv,,,,Dayton,Ohio,US,45459
Audio Video Concepts,avconceptsohio.com,avconceptsohio.com,,,,Dayton,Ohio,US,45402
Automation Systems & Designs,asddayton.com,asddayton.com,,,,Dayton,Ohio,US,45439
Automation Technology Inc,atidayton.com,atidayton.com,,,,Dayton,Ohio,US,45404
Benjamin & Marian Schuster Performing Arts Center,daytonlive.org,daytonlive.org,,,,Dayton,Ohio,US,45402
Cable and Control Solutions,cacsllc.com,cacsllc.com,,,,Dayton,Ohio,US,45431
"ClearCiti Technology, LLC",clearciti.com,clearciti.com,,,,Dayton,Ohio,US,45415
"Combined Technologies Group, Inc.",comtechgrp.com,comtechgrp.com,,,,Dayton,Ohio,US,45414
"Custom Distributors, Inc.",customdistributors.com,customdistributors.com,,,,Dayton,Ohio,US,45449
Delta Power Group,deltapowergroup.com,deltapowergroup.com,,,,Dayton,Ohio,US,45402
"Dickman Supply, Inc. - Dayton",dickmansupply.com,dickmansupply.com,,,,Dayton,Ohio,US,45402
EnviroControl Systems,envirocontrolsystems.com,envirocontrolsystems.com,,,,Dayton,Ohio,US,45404
Global Automation Service,globalautomationservice.com,globalautomationservice.com,,,,Dayton,Ohio,US,45414
Henlee Electric,henleeelectric.com,henleeelectric.com,,,,Dayton,Ohio,US,45403
Industrial Automation Controls,iacohio.com,iacohio.com,,,,Dayton,Ohio,US,45414
JDI Handyman Services,jdihandymanservices.com,jdihandymanservices.com,,,,Dayton,Ohio,US,45404
"Just In Time Audio Video, LLC",justintimeav.com,justintimeav.com,https://www.linkedin.com/company/just-in-time-audio-video-llc,,,Dayton,Ohio,US,45424
"Lee Supply Dayton: Plumbing, HVAC, & Appliances",gotolee.com,gotolee.com,,,,Dayton,Ohio,US,45404
Lyons Lighting Showroom,lyonslightingshowroom.com,lyonslightingshowroom.com,,,,Dayton,Ohio,US,45402
Magnetic Homes,magnetichomeservices.com,magnetichomeservices.com,,,,Dayton,Ohio,US,45402
"Miami Valley Audio Video, LLC",mooddayton.com,mooddayton.com,,,,Dayton,Ohio,US,45459
Miami Valley Lighting & Supply,miamivalleylighting.com,miamivalleylighting.com,,,,Dayton,Ohio,US,45414
PDSI - Automation Solutions,pdsicorp.com,pdsicorp.com,https://www.linkedin.com/company/pdsicorp,,,Dayton,Ohio,US,45402
"Production Solutions, Inc.",psiohio.com,psiohio.com,,,,Dayton,Ohio,US,45449
Singer Vaughn Electric,singervaughnelectric.com,singervaughnelectric.com,,,,Dayton,Ohio,US,45429
Sound Force Inc.,soundforceinc.com,soundforceinc.com,,,,Dayton,Ohio,US,45410
The Neon,neonmovies.com,neonmovies.com,,,,Dayton,Ohio,US,45402
Adapted Tech,adapted.tech,adapted.tech,https://www.linkedin.com/company/adapted-tech,,,Dublin,Ohio,US,43016
EZ-Integration,ez-integration.com,ez-integration.com,,,,Dublin,Ohio,US,43017
Home Connect,homeconnectnow.com,homeconnectnow.com,,,,Dublin,Ohio,US,43017
New Vision Media Inc,newvisionmediainc.com,newvisionmediainc.com,,,,Dublin,Ohio,US,43017
Premiere Home Technologies LLC,premiereht.com,premiereht.com,,,,Dublin,Ohio,US,43016
"ProVideo Systems, Inc.",provideosystems.com,provideosystems.com,,,,Dublin,Ohio,US,43017
SoundCom Systems,soundcom.net,soundcom.net,,,,Dublin,Ohio,US,43017
Contractor Lighting & Supply,contractorlighting.com,contractorlighting.com,,,,Etna,Ohio,US,43018
Black Valve Media,blackvalvemedia.com,blackvalvemedia.com,,,,Euclid,Ohio,US,44132
Connect You,connectyou.tech,connectyou.tech,,,,Gahanna,Ohio,US,43230
Genesis Audio Ltd,genesisaudio.com,genesisaudio.com,,,,Gahanna,Ohio,US,43230
"US Communications and Electric, Inc.",uscande.com,uscande.com,https://www.linkedin.com/company/uscommunications,,,Garfield Heights,Ohio,US,44128
Sound Communications,soundcommunications.com,soundcommunications.com,,,,Grove City,Ohio,US,43123
"Protech Projection Systems, Inc",protechprojection.com,protechprojection.com,,,,Hinckley,Ohio,US,44233
Home Theater Solutions,htstoledo.com,htstoledo.com,,,,Holland,Ohio,US,43528
"OmniSpear, Inc.",omnispear.com,omnispear.com,,,,Kettering,Ohio,US,45429
Lighting Systems of Columbus,lightingsystemscol.com,lightingsystemscol.com,,,,Lewis Center,Ohio,US,43035
"Radiant Technology, Inc.",radianttech.net,radianttech.net,https://www.linkedin.com/company/radiant-technology-group-inc,,,Lewis Center,Ohio,US,43035
At Home Integrations Inc,yoursmarthome.com,yoursmarthome.com,,,,Loveland,Ohio,US,45140
Cincy Security and Sound,cincysecuritysound.com,cincysecuritysound.com,,,,Loveland,Ohio,US,45140
Phantom Sound,phantomsound.com,phantomsound.com,,,,Loveland,Ohio,US,45140
Smartech LLC,smartech-oki.com,smartech-oki.com,,,,Maineville,Ohio,US,45039
"Horner Networks, LLC",hornernetworks.com,hornernetworks.com,https://www.linkedin.com/company/horner-networks,,,Mentor,Ohio,US,44060
Mentor TV,mentortv.com,mentortv.com,,,,Mentor,Ohio,US,44060
C&E Advanced Technologies,ceadvancedtech.com,ceadvancedtech.com,,,,Miamisburg,Ohio,US,45342
"Integrity Audio Video, LLC",integrityaudiovideo.com,integrityaudiovideo.com,,,,Miamisburg,Ohio,US,45342
Audio Craft,audiocraft.com,audiocraft.com,,,,Middleburg Heights,Ohio,US,44130
Audible Elegance,audibleelegance.com,audibleelegance.com,,,,Montgomery,Ohio,US,45242
HSI Security,hsisecurity.com,hsisecurity.com,,,,Moraine,Ohio,US,45439
Precision Automation and Robotics,parautomation.com,parautomation.com,,,,Moraine,Ohio,US,45439
EQ Technologies,eqtechnologies.com,eqtechnologies.com,,,,North Ridgeville,Ohio,US,44039
A/V Environments,avedirect.com,avedirect.com,https://www.linkedin.com/company/horner-networks,,,North Royalton,Ohio,US,44133
Eko Solutions,ekosolutions.us,ekosolutions.us,,,,North Royalton,Ohio,US,44133
Genesis Lamp Corporation,genesislamp.com,genesislamp.com,,,,Painesville,Ohio,US,44077
OhioSound.com Pro Audio & Commercial Sound Systems,ohiosound.com,ohiosound.com,,,,Parma,Ohio,US,44129
All - Lite & Home Accents,all-lite.com,all-lite.com,,,,Parma Heights,Ohio,US,44130
Best Lighting Products,bestlighting.net,bestlighting.net,,,,Pataskala,Ohio,US,43062
Building Control Integrators,bcicontrols.com,bcicontrols.com,,,,Powell,Ohio,US,43065
"CCG Automation, Inc.",ccgautomation.com,ccgautomation.com,,,,Richfield,Ohio,US,44286
Recording Studio Cleveland,recordingstudiocleveland.com,recordingstudiocleveland.com,,,,Seven Hills,Ohio,US,44131
Cleveland Sound & Lighting,clevelandsound.net,clevelandsound.net,,,,Shaker Heights,Ohio,US,44120
CAD Audio,cadaudio.com,cadaudio.com,,,,Solon,Ohio,US,44139
Stilson Video Services,stilson.com,stilson.com,,,,Solon,Ohio,US,44139
Digital Home Solutions,solutionbydhs.com,solutionbydhs.com,,,,Springfield,Ohio,US,45505
"MediaNet AV - AVL Installation Experts | Cleveland, OH",medianetav.com,medianetav.com,,,,Stow,Ohio,US,44224
Total Home Entertainment LLC,totalhomeent.com,totalhomeent.com,,,,Strongsville,Ohio,US,44149
"Ultimate Technology & Security Solutions, LLC",utssohio.com,utssohio.com,,,,Sunbury,Ohio,US,43074
Perfect Solutions AV,perfectsolutionsav.com,perfectsolutionsav.com,,,,Terrace Park,Ohio,US,45174
Ovation Audiovisual,ovationaudiovisual.com,ovationaudiovisual.com,,,,Tipp City,Ohio,US,45371
"Centurion Security Systems, LLC",centuriondyt.com,centuriondyt.com,,,,Troy,Ohio,US,45373
The Lamp Shop,thelampshopintroy.com,thelampshopintroy.com,,,,Troy,Ohio,US,45373
A To Z Audio,atozaudio.com,atozaudio.com,,,,Valley View,Ohio,US,44125
Brothers Integrated Technologies,bit-techs.com,bit-techs.com,https://www.linkedin.com/company/brosinttech,,,Vandalia,Ohio,US,45377
DLM Installations,dlminstallations.com,dlminstallations.com,,,,Vandalia,Ohio,US,45377
Home Entertainment Solutions,hesohio.com,hesohio.com,,,,Wadsworth,Ohio,US,44281
Cinemark Dayton South 16 and XD,cinemark.com,cinemark.com,,,,West Carrollton,Ohio,US,45449
Bugaboo Controls,bugaboocontrols.com,bugaboocontrols.com,,,,West Chester Township,Ohio,US,45246
Controlling Technology LLC,controllingtech.net,controllingtech.net,,,,West Chester Township,Ohio,US,45246
Multisource Home Electro Inc,multisourcehe.net,multisourcehe.net,,,,West Chester Township,Ohio,US,45246
Advanced Data Projection,advanceddataprojection.com,advanceddataprojection.com,,,,Westerville,Ohio,US,43082
Clearpoint Technology & Design LLC,clearpointtechdesign.com,clearpointtechdesign.com,,,,Westerville,Ohio,US,43081
KaraTech - Technology Services,karatechnologies.net,karatechnologies.net,,,,Westerville,Ohio,US,43081
Northern Lighting,northernlighting.net,northernlighting.net,,,,Westerville,Ohio,US,43081
NCIT Cleveland Security Systems,ncitclevelandsecurity.com,ncitclevelandsecurity.com,,,,Westlake,Ohio,US,44145
"NCIT, INC Home Automation / Theater",clevelandhometheater.net,clevelandhometheater.net,,,,Westlake,Ohio,US,44145
j.Patrick Audio & Video,jpatrickav.com,jpatrickav.com,,,,Wickliffe,Ohio,US,44092
Smart House,smarthouseohio.com,smarthouseohio.com,,,,Worthington,Ohio,US,43085
Tether House,tether.house,tether.house,,,,Worthington,Ohio,US,43085
"Smart Solutions Unlimited, Inc",smartsuinc.com,smartsuinc.com,,,,Youngstown,Ohio,US,44514
Audio Video Connections LLC,audiovideoconnections.com,audiovideoconnections.com,,,,Bixby,Oklahoma,US,74008
Infinity Home Solutions,infinitytulsa.com,infinitytulsa.com,,,,Bixby,Oklahoma,US,74008
Native Audio Visual Tulsa,nativeav.com,nativeav.com,,,,Bixby,Oklahoma,US,74008
Allied Broadcast Group | New and Used Broadcast Equipment | Cinema Equipment,alliedbroadcastgroup.com,alliedbroadcastgroup.com,,,,Broken Arrow,Oklahoma,US,74012
Creative Audio Lab,creativeaudiolab.com,creativeaudiolab.com,,,,Broken Arrow,Oklahoma,US,74012
Custom Technologies Plus,customtechplus.com,customtechplus.com,,,,Broken Arrow,Oklahoma,US,74012
DC Pro LVA,dcprolva.com,dcprolva.com,,,,Broken Arrow,Oklahoma,US,74012
Lighting Inc,lightinginc.us,lightinginc.us,,,,Broken Arrow,Oklahoma,US,74012
The Smart Home Experience,thesmarthomeexperience.com,thesmarthomeexperience.com,,,,Broken Arrow,Oklahoma,US,74011
PSI Security,psisecurity.com,psisecurity.com,,,,Del City,Oklahoma,US,73115
AVL Systems Design,avl1.com,avl1.com,,,,Edmond,Oklahoma,US,73013
Audio Midwest,audiomidwest.com,audiomidwest.com,,,,Edmond,Oklahoma,US,73013
Great Choice Audio Video,greatchoiceav.com,greatchoiceav.com,,,,Edmond,Oklahoma,US,73034
Integrated AV,integratedavco.com,integratedavco.com,,,,Edmond,Oklahoma,US,73013
Integrated Electric,integratedok.com,integratedok.com,,,,Edmond,Oklahoma,US,73013
Sikes Interiors,sikesokc.com,sikesokc.com,,,,Edmond,Oklahoma,US,73013
Sound in Church,soundinchurch.com,soundinchurch.com,,,,Edmond,Oklahoma,US,73012
STATUS AV,status918.com,status918.com,,,,Jenks,Oklahoma,US,74037
Alcom Security Systems LLC,alcomsecurity.com,alcomsecurity.com,,,,Midwest City,Oklahoma,US,73130
Audio \ Video Designs. Inc.,avd.org,avd.org,,,,Moore,Oklahoma,US,73160
AAE Automation,aaeautomation.com,aaeautomation.com,,,,Oklahoma City,Oklahoma,US,73128
Acoustic Designs,acousticdesignsok.com,acousticdesignsok.com,,,,Oklahoma City,Oklahoma,US,73127
Alert 360 Home & Business Security Oklahoma City,alert360.com,alert360.com,https://www.linkedin.com/company/alert360usa,,,Oklahoma City,Oklahoma,US,73116
All Custom Goods & Entertainment LLC,acgent.com,acgent.com,,,,Oklahoma City,Oklahoma,US,73123
All Pro Audio Visual Rentals,allproaudiovisual.com,allproaudiovisual.com,https://www.linkedin.com/company/all-pro-audio-visual,,,Oklahoma City,Oklahoma,US,73173
Artisan Security Integration,artisansecurityint.com,artisansecurityint.com,,,,Oklahoma City,Oklahoma,US,73116
"Audio Extremist, LLC",audioextremistokc.com,audioextremistokc.com,,,,Oklahoma City,Oklahoma,US,73129
Automation Integrated,ai-sys.com,ai-sys.com,,,,Oklahoma City,Oklahoma,US,73128
Barnett Electrical Heating and Air,barnettelectrical.com,barnettelectrical.com,,,,Oklahoma City,Oklahoma,US,73129
Benson Sound Lights & Video,bensonsound.com,bensonsound.com,,,,Oklahoma City,Oklahoma,US,73135
Communicate One,communicateone.net,communicateone.net,,,,Oklahoma City,Oklahoma,US,73114
Cory's,corys.pro,corys.pro,https://www.linkedin.com/company/corysconnects,,,Oklahoma City,Oklahoma,US,73127
DD Audio,ddaudio.com,ddaudio.com,,,,Oklahoma City,Oklahoma,US,73112
Dallas Pro Sound,dallasprosound.com,dallasprosound.com,,,,Oklahoma City,Oklahoma,US,73127
Dealers Electrical Supply,dealerselectrical.com,dealerselectrical.com,,,,Oklahoma City,Oklahoma,US,73127
DesignTunnel Video Production & Podcast Studios,designtunnel.com,designtunnel.com,,,,Oklahoma City,Oklahoma,US,73104
Earthsmart Controls LLC,earthsmartcontrols.com,earthsmartcontrols.com,,,,Oklahoma City,Oklahoma,US,73118
Ford AV - Oklahoma City,fordav.com,fordav.com,https://www.linkedin.com/company/ford-audio-video,,,Oklahoma City,Oklahoma,US,73128
Globelink Security $12.99 Alarm Monitoring LLC,globelinksystems.com,globelinksystems.com,,,,Oklahoma City,Oklahoma,US,73106
Great Plains Audio,greatplainsaudio.com,greatplainsaudio.com,,,,Oklahoma City,Oklahoma,US,73127
Hetronic USA,hetronic.com,hetronic.com,https://www.linkedin.com/company/hetonic-usa,,,Oklahoma City,Oklahoma,US,73112
KRAMER PRO,kramer.pro,kramer.pro,,,,Oklahoma City,Oklahoma,US,73108
Maverick Event Technology,maverickevent.tech,maverickevent.tech,,,,Oklahoma City,Oklahoma,US,73129
Miller Pro Audio,millerproavl.com,millerproavl.com,,,,Oklahoma City,Oklahoma,US,73119
Monico Systems Group,monicogroup.com,monicogroup.com,,,,Oklahoma City,Oklahoma,US,73162
OKC PROJECTOR RENTAL,okcprojectorrental.com,okcprojectorrental.com,,,,Oklahoma City,Oklahoma,US,73129
Premier Visions AV & Security,premiervisions.com,premiervisions.com,,,,Oklahoma City,Oklahoma,US,73131
Safelink Systems: Smart Alarm & Camera Systems,securitysystemsokc.com,securitysystemsokc.com,https://www.linkedin.com/company/safelink-security-systems-okc,,,Oklahoma City,Oklahoma,US,73116
Security Options,securityoptions.com,securityoptions.com,,,,Oklahoma City,Oklahoma,US,73139
Simon Pro Audio,simonproaudio.com,simonproaudio.com,,,,Oklahoma City,Oklahoma,US,73116
SkylarkAV,skylarkav.com,skylarkav.com,,,,Oklahoma City,Oklahoma,US,73118
Smart Spaces - OKC,smartspacesok.com,smartspacesok.com,,,,Oklahoma City,Oklahoma,US,73120
Smith Lighting Sales,smithlighting.com,smithlighting.com,,,,Oklahoma City,Oklahoma,US,73105
SoSmart Security,sosmartsecurity.com,sosmartsecurity.com,,,,Oklahoma City,Oklahoma,US,73114
Sound Advice Audio/Video,soundadviceokc.com,soundadviceokc.com,,,,Oklahoma City,Oklahoma,US,73120
Synegy/Industrial Controls Solutions,okics.com,okics.com,,,,Oklahoma City,Oklahoma,US,73108
The Groove OKC,thegrooveokc.com,thegrooveokc.com,,,,Oklahoma City,Oklahoma,US,73116
Titan AVL,titanavl.com,titanavl.com,,,,Oklahoma City,Oklahoma,US,73108
Tom King Electric,tomkingelectric.com,tomkingelectric.com,,,,Oklahoma City,Oklahoma,US,73116
Tone Films | Oklahoma City Video Production Company,tonefilms.com,tonefilms.com,,,,Oklahoma City,Oklahoma,US,73104
Unique Home Audio LLC,uniquehomeaudio.com,uniquehomeaudio.com,,,,Oklahoma City,Oklahoma,US,73116
"Video Reality, Inc.",videoreality.com,videoreality.com,,,,Oklahoma City,Oklahoma,US,73132
Vox Audio Visual,voxaudiovisual.com,voxaudiovisual.com,https://www.linkedin.com/company/vox-audio-visual,,,Oklahoma City,Oklahoma,US,73102
ECSLiving,ecsliving.com,ecsliving.com,,,,Sand Springs,Oklahoma,US,74063
The TV Pro's,thetvpros.com,thetvpros.com,,,,Skiatook,Oklahoma,US,74070
All Media Integration,pro-ami.com,pro-ami.com,,,,Tulsa,Oklahoma,US,74146
Applied Media Concepts Inc,appliedmediaconcepts.com,appliedmediaconcepts.com,,,,Tulsa,Oklahoma,US,74128
ArcLight Group,arclightgroup.com,arclightgroup.com,,,,Tulsa,Oklahoma,US,74105
Audio Advice,audioadvicetulsa.com,audioadvicetulsa.com,,,,Tulsa,Oklahoma,US,74146
Axiom Audio,axiom.audio,axiom.audio,,,,Tulsa,Oklahoma,US,74115
BLAKE'S AV SOLUTIONS LLC,blakesav.com,blakesav.com,,,,Tulsa,Oklahoma,US,74145
BLUESPEED,bluespeedllc.com,bluespeedllc.com,,,,Tulsa,Oklahoma,US,74145
Blue Couch Studio,bluecouchstudio.com,bluecouchstudio.com,,,,Tulsa,Oklahoma,US,74120
"Clark Audio, Visual, Lighting & DJ Service",clarkavl.com,clarkavl.com,,,,Tulsa,Oklahoma,US,74132
Direct Communications Inc,directok.com,directok.com,,,,Tulsa,Oklahoma,US,74133
Dynamic Audio,dynamicaudiotulsa.com,dynamicaudiotulsa.com,,,,Tulsa,Oklahoma,US,74119
Elevate Audio Visual,elevate-av.com,elevate-av.com,,,,Tulsa,Oklahoma,US,74146
Elliott Electric Supply,elliottelectric.com,elliottelectric.com,https://www.linkedin.com/company/elliott-electric-supply,,,Tulsa,Oklahoma,US,74129
Empire Events & AV,empireoklahoma.com,empireoklahoma.com,,,,Tulsa,Oklahoma,US,74104
Enovation Controls,enovationcontrols.com,enovationcontrols.com,https://www.linkedin.com/company/enovationcontrols,,,Tulsa,Oklahoma,US,74146
Evo Smart Security,evosmartsecurity.io,evosmartsecurity.io,https://www.linkedin.com/company/evo-automation,,,Tulsa,Oklahoma,US,74137
"Industrial Controls of Oklahoma, LLC",ico-inc.com,ico-inc.com,,,,Tulsa,Oklahoma,US,74112
Infinity Home Services,callinfinity.com,callinfinity.com,,,,Tulsa,Oklahoma,US,74146
"Integration at Work, AV",iatwork.net,iatwork.net,,,,Tulsa,Oklahoma,US,74133
Integrity Lighting Inc,integritylighting.com,integritylighting.com,,,,Tulsa,Oklahoma,US,74115
Intent Productions,intentfilms.com,intentfilms.com,,,,Tulsa,Oklahoma,US,74103
KAZAR Audio Video,kazaraudiovideo.com,kazaraudiovideo.com,,,,Tulsa,Oklahoma,US,74120
Kazar Security,kazarsecurity.com,kazarsecurity.com,,,,Tulsa,Oklahoma,US,74120
"Kouland Technology, Inc",koulandtechnology.com,koulandtechnology.com,,,,Tulsa,Oklahoma,US,74146
"LawFX, a division of Industrial3D",lawfx.com,lawfx.com,,,,Tulsa,Oklahoma,US,74103
Lektron Branding Solutions,lektroninc.com,lektroninc.com,,,,Tulsa,Oklahoma,US,74145
"Lektron Lighting and Supply, Inc.",lektronlighting.com,lektronlighting.com,,,,Tulsa,Oklahoma,US,74116
Lighthouse Integrated Systems-Security Systems,listulsa.com,listulsa.com,,,,Tulsa,Oklahoma,US,74117
Limitless AVL,limitlessavl.com,limitlessavl.com,https://www.linkedin.com/company/limitlessavl,,,Tulsa,Oklahoma,US,74145
Media Concepts,mediaconcepts.tv,mediaconcepts.tv,,,,Tulsa,Oklahoma,US,74137
Newave Solutions - Managed It Services,newavesolutions.com,newavesolutions.com,https://www.linkedin.com/company/newave-solutions,,,Tulsa,Oklahoma,US,74105
Newave Technology of Tulsa,newavetulsa.com,newavetulsa.com,,,,Tulsa,Oklahoma,US,74146
"Performance Stage, Inc",performancestage.com,performancestage.com,,,,Tulsa,Oklahoma,US,74112
Phōs,phostulsa.com,phostulsa.com,,,,Tulsa,Oklahoma,US,74107
Quintessence Audio LLC,quintessence.com,quintessence.com,,,,Tulsa,Oklahoma,US,74104
Shade Co USA,shadecousa.com,shadecousa.com,,,,Tulsa,Oklahoma,US,74145
Signal Communications Inc.,signalmenow.com,signalmenow.com,,,,Tulsa,Oklahoma,US,74135
Stormfront Studios,stormfrontstudios.net,stormfrontstudios.net,,,,Tulsa,Oklahoma,US,74110
Tes Productions,tesproductions.com,tesproductions.com,https://www.linkedin.com/company/tes-productions,,,Tulsa,Oklahoma,US,74145
The Audio Planet,theaudioplanet.com,theaudioplanet.com,,,,Tulsa,Oklahoma,US,74137
Truex Lighting,truexlighting.com,truexlighting.com,,,,Tulsa,Oklahoma,US,74146
Tulsa Home + Design | Real Estate & Design Firm,tulsahomeanddesign.com,tulsahomeanddesign.com,,,,Tulsa,Oklahoma,US,74104
Tulsa Surveillance Technologies,tulsasurvtech.com,tulsasurvtech.com,,,,Tulsa,Oklahoma,US,74145
Tulsa Video Magazine,tulsalivestream.com,tulsalivestream.com,,,,Tulsa,Oklahoma,US,74145
Unique Audio Visual Rentals,uniqueavrentals.com,uniqueavrentals.com,,,,Tulsa,Oklahoma,US,74146
"Video Revolution, Inc.",videorevolution.com,videorevolution.com,,,,Tulsa,Oklahoma,US,74136
Witness Security | Broken Arrow Security Systems,witnessllc.com,witnessllc.com,,,,Tulsa,Oklahoma,US,74112
Amped Security,ampedsecurity.com,ampedsecurity.com,,,,Warr Acres,Oklahoma,US,73122
Advantage Audiovisual LLC,advantageaudio-visual.com,advantageaudio-visual.com,,,,Beaverton,Oregon,US,97006
Elite Home Audio Visual,eliteportland.com,eliteportland.com,,,,Beaverton,Oregon,US,97078
Hook Me Up Solutions,hookmeupsolutions.com,hookmeupsolutions.com,,,,Beaverton,Oregon,US,97006
KlassTech,klasstech.com,klasstech.com,,,,Beaverton,Oregon,US,97008
Paramount Security Solutions,pss-team.com,pss-team.com,,,,Beaverton,Oregon,US,97008
Pro Tech Solutions,protechpdx.com,protechpdx.com,https://www.linkedin.com/company/pro-tech-solutions-llc-pdx,,,Beaverton,Oregon,US,97008
RoomReady,roomready.com,roomready.com,https://www.linkedin.com/company/roomready,,,Beaverton,Oregon,US,97006
Tekology Inc.,tekologyinc.com,tekologyinc.com,,,,Beaverton,Oregon,US,97008
Ace of Hearts Films,aceofheartsfilms.com,aceofheartsfilms.com,,,,Bend,Oregon,US,97701
All-Systems Electric LLC,asebend.com,asebend.com,https://www.linkedin.com/company/all-systems-electric-llc,,,Bend,Oregon,US,97702
"Audio Video Design Group, dba Av Designs Now",avdesignsnow.com,avdesignsnow.com,,,,Bend,Oregon,US,97701
Central Oregon Audio Video,centraloregonav.com,centraloregonav.com,,,,Bend,Oregon,US,97702
"DH Builders, Inc.",dh-builders.com,dh-builders.com,,,,Bend,Oregon,US,97702
Enhance AV,enhanceav.net,enhanceav.net,https://www.linkedin.com/company/enhanceav,,,Bend,Oregon,US,97702
Hand in Hand Productions,handinhandproductions.com,handinhandproductions.com,https://www.linkedin.com/company/hand-in-hand-productions,,,Bend,Oregon,US,97701
Home System Solutions,hssbend.com,hssbend.com,,,,Bend,Oregon,US,97701
"Innovate, Security for Life Inc.",innovatesfl.com,innovatesfl.com,,,,Bend,Oregon,US,97701
Omega Media Solutions LLC,omegamediasolutions.com,omegamediasolutions.com,,,,Bend,Oregon,US,97702
REVEL Pro AV and Acoustics,revelproav.com,revelproav.com,,,,Bend,Oregon,US,97701
"SMART CONTRACTORS GROUP, LLC",smartcontractorsgroup.com,smartcontractorsgroup.com,,,,Bend,Oregon,US,97703
Safe & Sound Alarm Systems,safeandsound.systems,safeandsound.systems,,,,Bend,Oregon,US,97701
SecuraCore,mysecuracore.com,mysecuracore.com,,,,Bend,Oregon,US,97701
Sensible Audio Solutions,sensibleaudiosolutions.com,sensibleaudiosolutions.com,,,,Bend,Oregon,US,97702
Sera Custom Integrators,seracustomintegrators.com,seracustomintegrators.com,https://www.linkedin.com/company/sera-custom-integrators,,,Bend,Oregon,US,97702
Sounds Fast,soundsfast.net,soundsfast.net,,,,Bend,Oregon,US,97701
Stereo Planet,stereoplanet.com,stereoplanet.com,,,,Bend,Oregon,US,97703
Tailored Audio Video,tailoredaudiovideo.com,tailoredaudiovideo.com,https://www.linkedin.com/company/tailoredaudiovideo,,,Bend,Oregon,US,97703
Technology Design Associates,techdesignassociates.com,techdesignassociates.com,https://www.linkedin.com/company/technology-design-associates,,,Bend,Oregon,US,97701
Yates Sound System,bendsecuritycameras.com,bendsecuritycameras.com,,,,Bend,Oregon,US,97701
Accurate Electronic Interiors,aeinteriors.com,aeinteriors.com,,,,Central Point,Oregon,US,97502
Velara,experiencevelara.com,experiencevelara.com,https://www.linkedin.com/company/expvelara,,,Clackamas,Oregon,US,97015
"Eighteen Group, LLC",eighteengroup.com,eighteengroup.com,,,,Damascus,Oregon,US,97089
Homesafe Living Solutions,homesafelivingsolutions.com,homesafelivingsolutions.com,,,,Damascus,Oregon,US,97089
Delta AV,deltaav.com,deltaav.com,,,,Gresham,Oregon,US,97030
Soundguy Productions,prosoundguy.com,prosoundguy.com,,,,Gresham,Oregon,US,97030
Tone Proper,toneproper.com,toneproper.com,,,,Gresham,Oregon,US,97030
R&D Audio Video Inc,rdaudiovideo.com,rdaudiovideo.com,,,,Hillsboro,Oregon,US,97124
Gorge Audio Video / AV Automation Pros,avautomationpros.com,avautomationpros.com,,,,Hood River,Oregon,US,97031
A-1 Installations NW LLC,a-1installations.com,a-1installations.com,,,,Lake Oswego,Oregon,US,97035
AC ELECTRICAL CONTRACTOR LLC,acelectricalcontractorllc.com,acelectricalcontractorllc.com,,,,Lake Oswego,Oregon,US,97035
ATS,atsdata.com,atsdata.com,,,,Lake Oswego,Oregon,US,97035
AV Awakenings,avawakenings.com,avawakenings.com,,,,Lake Oswego,Oregon,US,97034
Clarity Media Group,claritymediagroup.net,claritymediagroup.net,,,,Lake Oswego,Oregon,US,97035
Concept Systems Inc,conceptsystemsinc.com,conceptsystemsinc.com,,,,Lake Oswego,Oregon,US,97035
In Your Home,iyhusa.com,iyhusa.com,,,,Lake Oswego,Oregon,US,97035
KEY Home Furnishings,keyhomefurnishings.com,keyhomefurnishings.com,,,,Lake Oswego,Oregon,US,97035
Lakeside Heating & Cooling,lakesidehc.com,lakesidehc.com,,,,Lake Oswego,Oregon,US,97035
Living at Home Services,livingathomeservices.com,livingathomeservices.com,,,,Lake Oswego,Oregon,US,97035
Metafi Audio,metafiaudio.com,metafiaudio.com,,,,Lake Oswego,Oregon,US,97035
Pacific Networks,pacnetworks.com,pacnetworks.com,,,,Lake Oswego,Oregon,US,97035
Point Monitor Corporation,pointmonitor.com,pointmonitor.com,https://www.linkedin.com/company/point-monitor-corp,,,Lake Oswego,Oregon,US,97035
Quailtech,quailtech.com,quailtech.com,,,,Lake Oswego,Oregon,US,97035
audiosource,audiosource.net,audiosource.net,,,,Lake Oswego,Oregon,US,97035
Innova NW,innovanw.com,innovanw.com,,,,McMinnville,Oregon,US,97128
Evolved Home,evolved-home.com,evolved-home.com,,,,Milwaukie,Oregon,US,97222
NetworksPDX,networkspdx.com,networkspdx.com,https://www.linkedin.com/company/18796317,,,Milwaukie,Oregon,US,97222
Oregon Outdoor Lighting,oregonoutdoorlighting.com,oregonoutdoorlighting.com,https://www.linkedin.com/company/oregonoutdoorlighting,,,Oregon City,Oregon,US,97045
Quality Install,quality-install.com,quality-install.com,,,,Oregon City,Oregon,US,97045
"AK Systems, LLC",ak.systems,ak.systems,,,,Portland,Oregon,US,97229
AV Rental Services,avrentalservices.com,avrentalservices.com,,,,Portland,Oregon,US,97211
AVP Media,avpmedia.com,avpmedia.com,,,,Portland,Oregon,US,97206
Accend Audio,accendaudio.com,accendaudio.com,,,,Portland,Oregon,US,97215
Allison Smith Design,allisonsmithdesign.com,allisonsmithdesign.com,,,,Portland,Oregon,US,97239
Audiosiege,audiosiege.com,audiosiege.com,,,,Portland,Oregon,US,97214
Bastian Solutions Oregon,toyota-automated-logistics.com,toyota-automated-logistics.com,https://www.linkedin.com/company/toyotaautomatedlogistics,,,Portland,Oregon,US,97212
Bridge City Media,bridgecitymedia.com,bridgecitymedia.com,https://www.linkedin.com/company/bridge-city-media,,,Portland,Oregon,US,97227
Car Toys,cartoysoregon.com,cartoysoregon.com,,,,Portland,Oregon,US,97086
Central Electronic Alarm Inc,centralelectronicalarm.com,centralelectronicalarm.com,,,,Portland,Oregon,US,97216
Chelsea Audio Video,chelseaaudiovideo.com,chelseaaudiovideo.com,,,,Portland,Oregon,US,97223
Control Voltage,controlvoltage.net,controlvoltage.net,,,,Portland,Oregon,US,97227
Cook Solutions Group,cooksolutionsgroup.com,cooksolutionsgroup.com,,,,Portland,Oregon,US,97220
"Design Sound NW, Inc.",designsoundnw.com,designsoundnw.com,,,,Portland,Oregon,US,97206
Digital One,digone.com,digone.com,,,,Portland,Oregon,US,97201
Echo Audio,echohifi.com,echohifi.com,,,,Portland,Oregon,US,97221
Encore Audio Video,encoreaudiovideo.com,encoreaudiovideo.com,,,,Portland,Oregon,US,97209
Fred's Sound Of Music Audio Video Inc.,fredsoundofmusic.com,fredsoundofmusic.com,,,,Portland,Oregon,US,97214
Huser Integrated Technologies,huserintegrated.com,huserintegrated.com,,,,Portland,Oregon,US,97209
IOTAS Home,iotashome.com,iotashome.com,https://www.linkedin.com/company/everon-solutions,,,Portland,Oregon,US,97209
Invisible Harness LLC - Video Production for the Arts and Education,invisibleharness.com,invisibleharness.com,,,,Portland,Oregon,US,97214
LUMA Lighting Design,lumald.com,lumald.com,https://www.linkedin.com/company/luma-lighting-design,,,Portland,Oregon,US,97204
Left Mind Media,leftmindmedia.com,leftmindmedia.com,,,,Portland,Oregon,US,97232
Lounge Lizard,pdxloungelizard.com,pdxloungelizard.com,,,,Portland,Oregon,US,97214
Lupen Systems,lupensystems.com,lupensystems.com,,,,Portland,Oregon,US,97217
Musicar Northwest,musicarnw.com,musicarnw.com,,,,Portland,Oregon,US,97202
"New West Technologies, Inc.",nwt365.com,nwt365.com,,,,Portland,Oregon,US,97206
Northwest Automation Products,nwaproducts.com,nwaproducts.com,,,,Portland,Oregon,US,97223
Ohm Systems: A Christenson Company,ohmsystems.com,ohmsystems.com,https://www.linkedin.com/company/ohm-systems-llc,,,Portland,Oregon,US,97214
Omni Wire Security | Security System Installation Portland,omniwireinc.com,omniwireinc.com,https://www.linkedin.com/company/wix-com,,,Portland,Oregon,US,97233
Pearl Audio,pearlaudio.com,pearlaudio.com,,,,Portland,Oregon,US,97209
People's AV Company,peoplesav.com,peoplesav.com,,,,Portland,Oregon,US,97214
Phillips Alarm,phillipsalarm.com,phillipsalarm.com,https://www.linkedin.com/company/phillips-electronics-alarm,,,Portland,Oregon,US,97219
Picture This Production Services - Equipment Rentals,pixthis.com,pixthis.com,,,,Portland,Oregon,US,97232
"Prime Integration Systems, Inc",primeintegrationsystems.com,primeintegrationsystems.com,,,,Portland,Oregon,US,97236
Pro Connect Group,pcg.live,pcg.live,,,,Portland,Oregon,US,97206
Pro Sound & Lighting,prosoundonline.com,prosoundonline.com,,,,Portland,Oregon,US,97214
Projectus,projectus.com,projectus.com,,,,Portland,Oregon,US,97224
R&S Automation Inc.,rsoperators.com,rsoperators.com,https://www.linkedin.com/company/15560668,,,Portland,Oregon,US,97266
Seamless Event Solutions,seamlessevents.com,seamlessevents.com,,,,Portland,Oregon,US,97214
Setmore,setmore.com,setmore.com,,,,Portland,Oregon,US,97214
Smart IT Firm,smartitfirm.com,smartitfirm.com,,,,Portland,Oregon,US,97223
Stereotypes Audio,stereotypesaudio.com,stereotypesaudio.com,,,,Portland,Oregon,US,97214
"Technology First, LLC",technologyfirstllcportland.com,technologyfirstllcportland.com,,,,Portland,Oregon,US,97211
The AV Department,theavdept.com,theavdept.com,,,,Portland,Oregon,US,97212
True Audiophile,trueaudiophile.com,trueaudiophile.com,,,,Portland,Oregon,US,97212
Visual+Aid Productions,visualaid.com,visualaid.com,,,,Portland,Oregon,US,97239
Young Electric LLC,youngelectricco.com,youngelectricco.com,,,,Portland,Oregon,US,97225
Zidy,zidy.com,zidy.com,,,,Portland,Oregon,US,97214
Audio Visions Plus,audiovisionsplus.com,audiovisionsplus.com,,,,Redmond,Oregon,US,97756
Novus AV,novusav.com,novusav.com,,,,Scappoose,Oregon,US,97056
Ambient Automations,ambientautomation.com,ambientautomation.com,,,,Tigard,Oregon,US,97223
Cache Valley Electric,cve.com,cve.com,https://www.linkedin.com/company/cachevalleyelectric,,,Tigard,Oregon,US,97223
Sun Glow Inc.,sunglowinc.com,sunglowinc.com,,,,Tigard,Oregon,US,97223
Winsome Construction,winsomeconstruction.com,winsomeconstruction.com,,,,Tigard,Oregon,US,97224
May Technologies Inc,ccblookup.com,ccblookup.com,,,,Troutdale,Oregon,US,97060
Leon’s Automatic Gates & Security,leonsgates.com,leonsgates.com,,,,Tualatin,Oregon,US,97062
Myriad Home Entertainment Solutions,myriadhes.com,myriadhes.com,,,,West Linn,Oregon,US,97068
Aperion Audio,aperionaudio.com,aperionaudio.com,,,,Wilsonville,Oregon,US,97070
Lutron Electronics,lutron.com,lutron.com,,,,Alburtis,Pennsylvania,US,18011
All Systems Go AV,allsystemsgoav.com,allsystemsgoav.com,,,,Bensalem,Pennsylvania,US,19020
Innovative Audio Video Designs,innovativeavd.com,innovativeavd.com,https://www.linkedin.com/company/innovativeavd,,,Bensalem,Pennsylvania,US,19020
A/V Solutions LLC,pasound.com,pasound.com,,,,Biglerville,Pennsylvania,US,17307
Intelligent Electronic Systems,iespgh.com,iespgh.com,,,,Bridgeville,Pennsylvania,US,15017
Phoenix A/V Specialists,phoenixav.com,phoenixav.com,,,,Broomall,Pennsylvania,US,19008
Visual Sound Inc,visualsound.com,visualsound.com,https://www.linkedin.com/company/visual-sound,,,Broomall,Pennsylvania,US,19008
Home Remodeling Pros of Central PA LLC,homeprosofcentralpa.com,homeprosofcentralpa.com,,,,Camp Hill,Pennsylvania,US,17011
R. T. Grim Company,rtgrim.com,rtgrim.com,,,,Camp Hill,Pennsylvania,US,17011
Goosebumps Inc.,goosebumpshome.com,goosebumpshome.com,https://www.linkedin.com/company/goosebumpshome,,,Canonsburg,Pennsylvania,US,15317
Custom Audio Works,customaudiopgh.com,customaudiopgh.com,,,,Carnegie,Pennsylvania,US,15106
Uprise Audio Video,upriseaudiovideo.com,upriseaudiovideo.com,,,,Carnot-Moon,Pennsylvania,US,15108
Future Communications,futurecommunications.biz,futurecommunications.biz,,,,Cecil-Bishop,Pennsylvania,US,15321
Wired Integrations,wiredintegrations.com,wiredintegrations.com,,,,Chambersburg,Pennsylvania,US,17202
OxAudio,oxaudio.com,oxaudio.com,,,,Cheltenham Village,Pennsylvania,US,19012
Profound Technologies,profound-tech.com,profound-tech.com,,,,Chester Springs,Pennsylvania,US,19425
The Sound Station,dumpyourcable.com,dumpyourcable.com,,,,Cokeburg,Pennsylvania,US,15324
Creative Systems USA,creativesystemsusa.com,creativesystemsusa.com,https://www.linkedin.com/company/creative-systems-usa-llc,,,Collegeville,Pennsylvania,US,19426
"Epic Tech Group, Inc",epictechgrp.com,epictechgrp.com,,,,Collingdale,Pennsylvania,US,19023
Artistic Video & Sound,artisticvs.com,artisticvs.com,https://www.linkedin.com/company/artisticvs,,,Coopersburg,Pennsylvania,US,18036
TheaterXtreme,txpgh.com,txpgh.com,,,,Cranberry Twp,Pennsylvania,US,16066
"Uproot Creative Services, LLC.",uprootcreativeservices.com,uprootcreativeservices.com,,,,Dillsburg,Pennsylvania,US,17019
Haverford Systems Inc.,haverford.com,haverford.com,,,,Downingtown,Pennsylvania,US,19335
Innovative Controls Inc,innovativecontrolsinc.com,innovativecontrolsinc.com,https://www.linkedin.com/company/innovative-controls-inc,,,East Pittsburgh,Pennsylvania,US,15112
Mondo Media Solutions,mmsproav.com,mmsproav.com,https://www.linkedin.com/company/mmsproav,,,Essington,Pennsylvania,US,19029
"Phoenix Security Systems, Inc.",phxsec.com,phxsec.com,,,,Essington,Pennsylvania,US,19029
Audio Video Consultants,avccom.com,avccom.com,,,,Exton,Pennsylvania,US,19341
Surround Sounds,surroundsounds.com,surroundsounds.com,,,,Exton,Pennsylvania,US,19341
"Video Visions, Inc.",video-visions.com,video-visions.com,,,,Feasterville-Trevose,Pennsylvania,US,19053
Loxone US Inc.,loxone.com,loxone.com,,,,Garnet Valley,Pennsylvania,US,19060
SoundWaves Custom Home Integration,s-waves.com,s-waves.com,,,,Gladwyne,Pennsylvania,US,19035
Automated Digital Homes,automateddigitalhomes.com,automateddigitalhomes.com,,,,Glen Mills,Pennsylvania,US,19342
"Today's Home & Leisure Products, Inc",thlproducts.com,thlproducts.com,,,,Hampden Township,Pennsylvania,US,17050
Audio & Visual Entertainment,audioandvisualentertainment.com,audioandvisualentertainment.com,,,,Hanover,Pennsylvania,US,17331
Nye Technical Services,nyetechnicalservices.com,nyetechnicalservices.com,https://www.linkedin.com/company/nye-technical-services,,,Harmony,Pennsylvania,US,16037
AMJ Electrical Services LLC,amjelectricalservices.com,amjelectricalservices.com,,,,Harrisburg,Pennsylvania,US,17111
Above Da Rim,abovedarim.com,abovedarim.com,,,,Harrisburg,Pennsylvania,US,17104
Acclaim Systems Inc,acclaimsystems.com,acclaimsystems.com,,,,Harrisburg,Pennsylvania,US,17101
Anderson Audio,andersonaudio.com,andersonaudio.com,,,,Harrisburg,Pennsylvania,US,17111
Automated Logic - Harrisburg Branch,branches.automatedlogic.com,branches.automatedlogic.com,,,,Harrisburg,Pennsylvania,US,17112
Cumberland Electronics Strategic Supply Solutions (CE3S),ce3s.com,ce3s.com,https://www.linkedin.com/company/cumberland-electronics-strategic-supply-solutions,,,Harrisburg,Pennsylvania,US,17111
Custer Sound Services,custersound.com,custersound.com,,,,Harrisburg,Pennsylvania,US,17111
Edwin L. Heim Company,edwinlheim.com,edwinlheim.com,,,,Harrisburg,Pennsylvania,US,17111
FCI Technologies Group,fcitechgroup.com,fcitechgroup.com,https://www.linkedin.com/company/fcitechgroup,,,Harrisburg,Pennsylvania,US,17111
G.R. Sponaugle & Sons Inc.,grsponaugle.com,grsponaugle.com,,,,Harrisburg,Pennsylvania,US,17111
GES Automation Technology,ges-automation.com,ges-automation.com,,,,Harrisburg,Pennsylvania,US,17111
Gamut Theatre Group,gamuttheatre.org,gamuttheatre.org,,,,Harrisburg,Pennsylvania,US,17101
HB McClure/HB Home Service Team,hbmcclure.com,hbmcclure.com,https://www.linkedin.com/company/hb-home-services,,,Harrisburg,Pennsylvania,US,17104
Haller Enterprises,hallerent.com,hallerent.com,,,,Harrisburg,Pennsylvania,US,17111
"Home to Stay, Inc.",hometostaypa.com,hometostaypa.com,,,,Harrisburg,Pennsylvania,US,17112
"JP Lilley & Son, Inc.",jplilley.com,jplilley.com,,,,Harrisburg,Pennsylvania,US,17102
Klock Entertainment,klockentertainment.com,klockentertainment.com,,,,Harrisburg,Pennsylvania,US,17112
MI Windows & Doors LLC,miwindows.com,miwindows.com,,,,Harrisburg,Pennsylvania,US,17110
McClure Company,mcclureco.com,mcclureco.com,https://www.linkedin.com/company/mcclure-company,,,Harrisburg,Pennsylvania,US,17110
Media Solutions,mediamadeeasy.com,mediamadeeasy.com,https://www.linkedin.com/company/media-solutions---media-made-easy,,,Harrisburg,Pennsylvania,US,17111
Mister Systems LLC,mistersystems.net,mistersystems.net,,,,Harrisburg,Pennsylvania,US,17112
"Momentum Sound & Media, LLC",momentumsound.com,momentumsound.com,,,,Harrisburg,Pennsylvania,US,17112
N-Home A/V,nhomeav.com,nhomeav.com,,,,Harrisburg,Pennsylvania,US,17104
"Nexgen Automation, LLC",nexgenpa.com,nexgenpa.com,,,,Harrisburg,Pennsylvania,US,17111
Open Stage,openstagehbg.com,openstagehbg.com,,,,Harrisburg,Pennsylvania,US,17101
PA Entertainment Group,paentertainmentgroup.com,paentertainmentgroup.com,,,,Harrisburg,Pennsylvania,US,17103
Professional Sound Recording Studi LLC,prosoundrecordingstudios.com,prosoundrecordingstudios.com,,,,Harrisburg,Pennsylvania,US,17101
Schaedler Yesco Distribution,sydist.com,sydist.com,,,,Harrisburg,Pennsylvania,US,17111
Secure Home Care,securehomecareservices.com,securehomecareservices.com,,,,Harrisburg,Pennsylvania,US,17110
Securewire Technologies,securewiretech.com,securewiretech.com,,,,Harrisburg,Pennsylvania,US,17110
Shearer Locksmith Inc,shearersecurity.com,shearersecurity.com,,,,Harrisburg,Pennsylvania,US,17111
Yale Electric Supply Co.,yaleelectricsupply.com,yaleelectricsupply.com,,,,Harrisburg,Pennsylvania,US,17111
All Systems Audio & Video,allsystemsav.com,allsystemsav.com,,,,Hatboro,Pennsylvania,US,19040
Smart Home and HiFi,smarthomehifi.com,smarthomehifi.com,,,,Hatfield,Pennsylvania,US,19440
Tavor Security Systems,tavorsecurity.com,tavorsecurity.com,,,,Havertown,Pennsylvania,US,19083
Q'd Up,qd-up.com,qd-up.com,,,,Hummelstown,Pennsylvania,US,17036
Audio General,audiogeneral.com,audiogeneral.com,,,,Huntingdon Valley,Pennsylvania,US,19006
Hi Solutions - Philadelphia,hi.solutions,hi.solutions,,,,Huntingdon Valley,Pennsylvania,US,19006
Vortechs Automation Inc,vtxauto.com,vtxauto.com,,,,Huntingdon Valley,Pennsylvania,US,19006
BR Electric & Audio Visual,brelectricaudiovisual.com,brelectricaudiovisual.com,,,,Indiana,Pennsylvania,US,15701
Kinetics AV,kineticsav.com,kineticsav.com,,,,Jefferson Hills,Pennsylvania,US,15025
SoundXperience,soundxperience.com,soundxperience.com,https://www.linkedin.com/company/sound-xperience,,,Jenkintown,Pennsylvania,US,19046
Audio Visual Solutions,avmeetings.com,avmeetings.com,,,,King of Prussia,Pennsylvania,US,19406
JM Resources,jmresources.com,jmresources.com,https://www.linkedin.com/company/jm-resources,,,King of Prussia,Pennsylvania,US,19406
Netflix House Philadelphia,netflix.com,netflix.com,,,,King of Prussia,Pennsylvania,US,19406
B&B Integrations,bbintegrations.com,bbintegrations.com,,,,Lancaster,Pennsylvania,US,17602
Conklin Home Theater,conklinhometheater.com,conklinhometheater.com,,,,Lancaster,Pennsylvania,US,17603
TCW-GAV (TCW Computer Systems/Glick Audio & Video),tcw-gav.com,tcw-gav.com,,,,Lancaster,Pennsylvania,US,17601
Audiobahn Professional,audiobahn.net,audiobahn.net,,,,Lansdale,Pennsylvania,US,19446
Control Point Technology,control-point.com,control-point.com,,,,Lebanon,Pennsylvania,US,17042
Luma Lighting,lumapgh.com,lumapgh.com,https://www.linkedin.com/company/simply-automated,,,Leetsdale,Pennsylvania,US,15056
Simply Automated,sapgh.com,sapgh.com,https://www.linkedin.com/company/simply-automated,,,Leetsdale,Pennsylvania,US,15056
Creative Car-Tunes,creativecartunes.com,creativecartunes.com,,,,Lemoyne,Pennsylvania,US,17043
Omni Interactive Systems,omniisinc.com,omniisinc.com,,,,Lemoyne,Pennsylvania,US,17043
iAV Design,iavdesign.com,iavdesign.com,https://www.linkedin.com/company/intelligentavdesign,,,Lemoyne,Pennsylvania,US,17043
Clair Global - Product Manufacturing,clairglobal.com,clairglobal.com,,,,Lititz,Pennsylvania,US,17543
Stray Production Services,straypro.com,straypro.com,,,,Lititz,Pennsylvania,US,17543
JL Entertainment Designs,jlentertainmentdesigns.com,jlentertainmentdesigns.com,,,,Malvern,Pennsylvania,US,19355
Martin Communications,martincomm.com,martincomm.com,,,,McKees Rocks,Pennsylvania,US,15136
GT Sound & Tint,giatechllc.com,giatechllc.com,,,,Mechanicsburg,Pennsylvania,US,17055
Genesis Tech,genesistech.net,genesistech.net,https://www.linkedin.com/company/genesistechnet,,,Mechanicsburg,Pennsylvania,US,17055
Grimwood's Home Systems,grimwoodllc.com,grimwoodllc.com,,,,Mechanicsburg,Pennsylvania,US,17055
Hershey Audio Video Solutions,hershey.solutions,hershey.solutions,,,,Mechanicsburg,Pennsylvania,US,17055
World Premiere,worldpremiere.net,worldpremiere.net,,,,Mechanicsburg,Pennsylvania,US,17055
"Conexus, Inc.",conexuscommunity.com,conexuscommunity.com,https://www.linkedin.com/company/conexus-inc-bas-integrator-,,,Middletown,Pennsylvania,US,17057
"Illuminated Integration - Audio, Video, Lighting Company",illuminated-integration.com,illuminated-integration.com,,,,Middletown,Pennsylvania,US,17057
Solutions Audio/Video & Technology,solutionsavt.com,solutionsavt.com,,,,Mohnton,Pennsylvania,US,19540
World Wide Stereo,worldwidestereo.com,worldwidestereo.com,,,,Montgomeryville,Pennsylvania,US,18936
AV Innovations,avinnovationsllc.com,avinnovationsllc.com,https://www.linkedin.com/company/av-innovations-llc,,,Morgan,Pennsylvania,US,15064
Automated Lifestyles,automated-lifestyles.com,automated-lifestyles.com,https://www.linkedin.com/company/automated-lifestyles-llc,,,Mt Cobb,Pennsylvania,US,18436
Mind's Eye Audio/Video Productions,mindseyeaudiovideoproductions.com,mindseyeaudiovideoproductions.com,,,,New Columbia,Pennsylvania,US,17856
"Controls Service & Engineering Co., Inc. (CSE)",cse2222.com,cse2222.com,https://www.linkedin.com/company/cse2222,,,New Cumberland,Pennsylvania,US,17070
Affordable Audio and Video,affordableaudioandvideo.com,affordableaudioandvideo.com,,,,Newtown,Pennsylvania,US,18940
Delco Solutions,delcosolutions.com,delcosolutions.com,https://www.linkedin.com/company/delco-solutions,,,Newtown Square,Pennsylvania,US,19073
Industrial Controls Distributors,industrialcontrolsonline.com,industrialcontrolsonline.com,,,,Newtown Square,Pennsylvania,US,19073
ZNH Technologies,znhtechnologies.com,znhtechnologies.com,,,,Norristown,Pennsylvania,US,19401
"Runaway Productions, LLC",runawayrecordsproductions.com,runawayrecordsproductions.com,,,,Oakdale,Pennsylvania,US,15071
Texolve Digital Inc,texolve.com,texolve.com,,,,Oakmont,Pennsylvania,US,15139
Nestology.pro - smart home automation and security systems,nestology.pro,nestology.pro,https://www.linkedin.com/company/nestologypro,,,Palmyra,Pennsylvania,US,17078
A-Z Smart Home LLC,a-zsmarthome.com,a-zsmarthome.com,,,,Philadelphia,Pennsylvania,US,19102
A.C. Radio Supply Inc.,acradiosupply.com,acradiosupply.com,,,,Philadelphia,Pennsylvania,US,19145
"AV Rental Services, Inc.",audiovisualrenting.com,audiovisualrenting.com,https://www.linkedin.com/company/a-v-rental-services-inc-,,,Philadelphia,Pennsylvania,US,19137
All That Jazz Sound & Security,allthatjazzphilly.com,allthatjazzphilly.com,,,,Philadelphia,Pennsylvania,US,19131
Boyermah Electronics Services LLC.,boyermahelectronics.com,boyermahelectronics.com,,,,Philadelphia,Pennsylvania,US,19131
BridgeSet Sound,bridgesetsound.com,bridgesetsound.com,,,,Philadelphia,Pennsylvania,US,19147
"Complete Automation Controls, LLC",cac-llc.com,cac-llc.com,,,,Philadelphia,Pennsylvania,US,19146
D24K Productions,d24ksound.com,d24ksound.com,https://www.linkedin.com/company/d24k-productions,,,Philadelphia,Pennsylvania,US,19122
DeluxeTech LLC,deluxetechllc.com,deluxetechllc.com,,,,Philadelphia,Pennsylvania,US,19122
"E.L.I.T.E. Control & Design, LLC",elitecontrolanddesign.com,elitecontrolanddesign.com,,,,Philadelphia,Pennsylvania,US,19122
Expressway Cinema Rentals,expresswaycine.com,expresswaycine.com,,,,Philadelphia,Pennsylvania,US,19132
Hybrid Home Security - ADT Authorized Dealer,hybridhomesecurity.com,hybridhomesecurity.com,,,,Philadelphia,Pennsylvania,US,19115
InterAct Theatre Company at The Proscenium Theatre,interacttheatre.org,interacttheatre.org,,,,Philadelphia,Pennsylvania,US,19102
JAL Advanced Security & Automation - ADT Authorized Dealer,jalsecurity.com,jalsecurity.com,,,,Philadelphia,Pennsylvania,US,19114
Liberties Handyman Services,philadelphiahandyman.net,philadelphiahandyman.net,,,,Philadelphia,Pennsylvania,US,19102
NoLimiTech,nolimitech.com,nolimitech.com,,,,Philadelphia,Pennsylvania,US,19106
Panther Pro Audio,pantherproaudio.com,pantherproaudio.com,,,,Philadelphia,Pennsylvania,US,19120
"Philadelphia Sound Productions, Inc.",phillysound.com,phillysound.com,,,,Philadelphia,Pennsylvania,US,19143
Safe Protect,safeprotecthome.net,safeprotecthome.net,,,,Philadelphia,Pennsylvania,US,19138
Springboard Automation,springboardautomation.com,springboardautomation.com,,,,Philadelphia,Pennsylvania,US,19103
SuperHome Smart Home Solutions,yoursuperhome.com,yoursuperhome.com,,,,Philadelphia,Pennsylvania,US,19128
TV TRAP,tvtrap.com,tvtrap.com,,,,Philadelphia,Pennsylvania,US,19118
TeamTech Security,365teamtech.com,365teamtech.com,,,,Philadelphia,Pennsylvania,US,19116
Tha Tv Dude Tv Mounting Service,thatvdudellc.com,thatvdudellc.com,,,,Philadelphia,Pennsylvania,US,19134
VU World Smart Home,vuworld.net,vuworld.net,,,,Philadelphia,Pennsylvania,US,19134
"WYC Security Technology, INC",wycsecurity.com,wycsecurity.com,,,,Philadelphia,Pennsylvania,US,19107
Applied Video Technology (AVT),appliedvideo.com,appliedvideo.com,,,,Phoenixville,Pennsylvania,US,19460
ARM Security Systems,armsecurity-systems.com,armsecurity-systems.com,,,,Pittsburgh,Pennsylvania,US,15217
AVyze! Audio Visual Integrators,goavyze.com,goavyze.com,,,,Pittsburgh,Pennsylvania,US,15222
Alpine Advancements,alpineadvancements.com,alpineadvancements.com,,,,Pittsburgh,Pennsylvania,US,15237
Control Design Inc,controldesigninc.com,controldesigninc.com,,,,Pittsburgh,Pennsylvania,US,15275
Edward Simon Co,simonsound.com,simonsound.com,,,,Pittsburgh,Pennsylvania,US,15215
Elemental Home Theater,elementalhometheater.com,elementalhometheater.com,,,,Pittsburgh,Pennsylvania,US,15237
Fresh Tech Integrated,freshtech.me,freshtech.me,,,,Pittsburgh,Pennsylvania,US,15208
Graham Professional Sound & Video,grahamaudio.com,grahamaudio.com,,,,Pittsburgh,Pennsylvania,US,15237
HEARCORP,hearcorp.com,hearcorp.com,,,,Pittsburgh,Pennsylvania,US,15210
HomeConnect LLC,homeconnectllc.com,homeconnectllc.com,,,,Pittsburgh,Pennsylvania,US,15234
InventionHome,inventionhome.com,inventionhome.com,,,,Pittsburgh,Pennsylvania,US,15239
Kozi Media Design,kozimediadesign.com,kozimediadesign.com,https://www.linkedin.com/company/kozi-media-design,,,Pittsburgh,Pennsylvania,US,15235
"Lex Home Tech, LLC",lexhometech.com,lexhometech.com,https://www.linkedin.com/company/18383166,,,Pittsburgh,Pennsylvania,US,15212
Listen Hear Home Entertainment And Automation,listenhearsmarthomes.com,listenhearsmarthomes.com,,,,Pittsburgh,Pennsylvania,US,15232
NV5 Engineering & Technology,thesextantgroup.com,thesextantgroup.com,,,,Pittsburgh,Pennsylvania,US,15233
Northern Audio,northernaudio.com,northernaudio.com,https://www.linkedin.com/company/northern-audio,,,Pittsburgh,Pennsylvania,US,15237
"PGH A/V Solutions, LLC.",stevemaffeijr.com,stevemaffeijr.com,,,,Pittsburgh,Pennsylvania,US,15223
"Pittsburgh Controls & Consulting, Inc.",pittsburghcontrols.com,pittsburghcontrols.com,https://www.linkedin.com/company/pcc-solutions,,,Pittsburgh,Pennsylvania,US,15237
Pittsburgh Custom Home Technologies,pghcustomht.com,pghcustomht.com,,,,Pittsburgh,Pennsylvania,US,15201
Red Spark Technology,redspark.tech,redspark.tech,,,,Pittsburgh,Pennsylvania,US,15238
Repco II Inc,repcoii.com,repcoii.com,,,,Pittsburgh,Pennsylvania,US,15216
Those TV Guys LLC,thosetvguys.com,thosetvguys.com,,,,Pittsburgh,Pennsylvania,US,15203
Sciens ESS Division,sciensusa.com,sciensusa.com,https://www.linkedin.com/company/sciensbuildingsolutions,,,Plymouth Meeting,Pennsylvania,US,19462
Nicholas Electric Co,nicholaselectric.com,nicholaselectric.com,,,,Rankin,Pennsylvania,US,15104
Sight & Sound Theatres,sight-sound.com,sight-sound.com,,,,Ronks,Pennsylvania,US,17572
Custom Connection Systems L.L.C.,ccspittsburgh.com,ccspittsburgh.com,,,,Sewickley,Pennsylvania,US,15143
Stereo Stereo,stereostereopgh.com,stereostereopgh.com,,,,Warrendale,Pennsylvania,US,15086
"Synergy Media Group - Pittsburgh, PA",synmediagroup.com,synmediagroup.com,,,,Warrendale,Pennsylvania,US,15086
Judge Audio Visual Solutions,judgeav.com,judgeav.com,,,,Wayne,Pennsylvania,US,19087
Elite Media Installations,elitemediainstallations.com,elitemediainstallations.com,,,,West View,Pennsylvania,US,15229
Cinemagic Home Theater,hometheaterpgh.com,hometheaterpgh.com,,,,Wexford,Pennsylvania,US,15090
Assorted Studios,assortedstudios.com,assortedstudios.com,,,,York,Pennsylvania,US,17401
"Electronic Systems Installers, Inc.",electronicsystemsinstallers.com,electronicsystemsinstallers.com,,,,York,Pennsylvania,US,17406
RS Automation Inc,rsautomationinc.com,rsautomationinc.com,,,,York,Pennsylvania,US,17406
The WireMD,thewiremd.com,thewiremd.com,,,,York,Pennsylvania,US,17403
Better Days Technology,betterdaystechnology.com,betterdaystechnology.com,,,,Bristol,Rhode Island,US,02809
Jon Mendel Sound,jonmendelsound.com,jonmendelsound.com,,,,Bristol,Rhode Island,US,02809
Superior Comfort Incorporated,superiorcomfortinc.com,superiorcomfortinc.com,https://www.linkedin.com/company/superior-comfort-inc-,,,Bristol,Rhode Island,US,02809
South County Sound and Video,scsv.net,scsv.net,,,,Charlestown,Rhode Island,US,02813
Ocean State Mechanical Inc,oceanstatemechanicalinc.com,oceanstatemechanicalinc.com,,,,Coventry,Rhode Island,US,02816
Phillips Electro Alarm & Telecomm LLC,phillipselectroalarmandtelecomm.com,phillipselectroalarmandtelecomm.com,,,,Coventry,Rhode Island,US,02816
B&K Electric,bandkelectric.net,bandkelectric.net,,,,Cranston,Rhode Island,US,02910
OPPS | On-Point Presentation Services,oppsav.com,oppsav.com,,,,Cranston,Rhode Island,US,02920
Shanix Technology Inc.,shanix.com,shanix.com,,,,Cranston,Rhode Island,US,02920
Providence Art Glass & Lighting,providenceartglass.com,providenceartglass.com,,,,Cumberland,Rhode Island,US,02864
Sean McVeigh Media,seanmcveighmedia.com,seanmcveighmedia.com,,,,Cumberland,Rhode Island,US,02864
StoryPulse Media,storypulsemedia.com,storypulsemedia.com,https://www.linkedin.com/company/storypulsemedia,,,Cumberland,Rhode Island,US,02864
Sound Technologies,sndtechnologies.com,sndtechnologies.com,,,,East Greenwich,Rhode Island,US,02818
Sonitrol New England - Rhode Island,sonitrolnewengland.com,sonitrolnewengland.com,,,,East Providence,Rhode Island,US,02915
SoundFX Home Theater Automation Audio Networking RI,soundfxhometheater.com,soundfxhometheater.com,,,,East Providence,Rhode Island,US,02914
Star Automation,starautomation.com,starautomation.com,https://www.linkedin.com/company/star-automation-inc,,,East Providence,Rhode Island,US,02914
Stereo Discount,sdcav.com,sdcav.com,,,,East Providence,Rhode Island,US,02914
Stereo Plus Inc,lojaportugalep.com,lojaportugalep.com,,,,East Providence,Rhode Island,US,02914
Vantage Lighting,vantageltg.com,vantageltg.com,,,,East Providence,Rhode Island,US,02916
iolabs,iolabsinc.com,iolabsinc.com,,,,East Providence,Rhode Island,US,02914
Lighting & Design By J&K Electric,jkelectric.com,jkelectric.com,,,,Johnston,Rhode Island,US,02919
New England Live Audio,neliveaudio.com,neliveaudio.com,,,,Johnston,Rhode Island,US,02919
Audio Dezign,audiodezign.com,audiodezign.com,,,,Middletown,Rhode Island,US,02842
Flint Audio Video,flint-audio.com,flint-audio.com,https://www.linkedin.com/company/flint-audio-video,,,Middletown,Rhode Island,US,02842
Innovative Home Systems,innovativehomes.net,innovativehomes.net,,,,Middletown,Rhode Island,US,02842
Newport Gates,newportgates.com,newportgates.com,,,,Middletown,Rhode Island,US,02842
Toner Electric Company,tonerelectric.com,tonerelectric.com,,,,Middletown,Rhode Island,US,02842
Speck Electric Smart Homes,speck-electric.com,speck-electric.com,,,,Narragansett,Rhode Island,US,02882
"FSTR By Automation, Inc.",fstr.city,fstr.city,,,,Newport,Rhode Island,US,02840
Homeport,homeportri.com,homeportri.com,,,,Newport,Rhode Island,US,02840
J. Arthur & Co.,jarthur.co,jarthur.co,https://www.linkedin.com/company/jarthurco,,,Newport,Rhode Island,US,02840
Stagecraft Audio,stagecraftaudio.com,stagecraftaudio.com,,,,Newport,Rhode Island,US,02840
TJ's Audio and Electronics,tjsaudionewport.com,tjsaudionewport.com,,,,Newport,Rhode Island,US,02840
Triangle Refrigeration & AC,triangleref.com,triangleref.com,,,,Newport,Rhode Island,US,02840
Constant Technologies,constanttech.com,constanttech.com,,,,North Kingstown,Rhode Island,US,02852
Wickford Appliance Sales & Service,wickfordappliance.com,wickfordappliance.com,,,,North Kingstown,Rhode Island,US,02852
A Continental Alarms,continentalalarmsri.com,continentalalarmsri.com,,,,North Providence,Rhode Island,US,02911
ADB Media,adbmedia.com,adbmedia.com,https://www.linkedin.com/company/adb-media,,,North Providence,Rhode Island,US,02911
AlexKProduction | Music Recording Studio - Providence RI,alexkproduction.com,alexkproduction.com,,,,North Providence,Rhode Island,US,02904
Block Island Alarm,blockislandalarm.com,blockislandalarm.com,,,,North Providence,Rhode Island,US,02911
"Compass IT Compliance, LLC",compassitc.com,compassitc.com,,,,North Providence,Rhode Island,US,02904
"Mobile Mic Studios, LLC",mobilemicstudios.com,mobilemicstudios.com,,,,North Providence,Rhode Island,US,02911
Premier Electrical Services and Generators,premierelectricalservicesllc.com,premierelectricalservicesllc.com,,,,North Providence,Rhode Island,US,02911
Security Solutions,kmss-us.com,kmss-us.com,,,,North Providence,Rhode Island,US,02911
Electronic Tech Security,etsecurity.net,etsecurity.net,,,,Pawtucket,Rhode Island,US,02860
Omni Technology Services,omnitechnologyusa.com,omnitechnologyusa.com,,,,Pawtucket,Rhode Island,US,02861
Simone Lukas-Jogl Rolfing,rolfing-providence.com,rolfing-providence.com,,,,Pawtucket,Rhode Island,US,02860
Aquidneck Island Technologies,aqtechri.com,aqtechri.com,https://www.linkedin.com/company/aq-techri,,,Portsmouth,Rhode Island,US,02871
ATR Treehouse,atrtreehouse.com,atrtreehouse.com,,,,Providence,Rhode Island,US,02904
Abernathy Lighting Design,abernathylightdesign.com,abernathylightdesign.com,,,,Providence,Rhode Island,US,02909
Attain Technology Inc.,attaintechnology.com,attaintechnology.com,,,,Providence,Rhode Island,US,02907
Controller Service Sales Co,controllerservice.com,controllerservice.com,https://www.linkedin.com/company/controller-service-&-sales-inc-,,,Providence,Rhode Island,US,02905
Crown Supply,crownsupply.com,crownsupply.com,,,,Providence,Rhode Island,US,02904
Deft Film | Video Production,deftfilm.com,deftfilm.com,,,,Providence,Rhode Island,US,02903
Focus Forward Media,focusforwardmedia.com,focusforwardmedia.com,,,,Providence,Rhode Island,US,02903
Grow Smart Rhode Island,growsmartri.org,growsmartri.org,,,,Providence,Rhode Island,US,02903
Just Audio,justaudiovideo.com,justaudiovideo.com,,,,Providence,Rhode Island,US,02907
LEDalux,ledalux.com,ledalux.com,,,,Providence,Rhode Island,US,02905
Mastro Electric Supply Co Inc,mastroelectric.com,mastroelectric.com,,,,Providence,Rhode Island,US,02907
No Sweat Techs,nosweattechs.com,nosweattechs.com,,,,Providence,Rhode Island,US,02903
OneGrid Energy Integration,onegrid.earth,onegrid.earth,,,,Providence,Rhode Island,US,02903
Primetimedigital,primetimedigital.com,primetimedigital.com,,,,Providence,Rhode Island,US,02905
Retail Solutions Inc,retailsolutions.com,retailsolutions.com,,,,Providence,Rhode Island,US,02903
Stellar Sound Labs,stellarsoundlabs.com,stellarsoundlabs.com,,,,Providence,Rhode Island,US,02906
Success Methodology,teamacuity.biz,teamacuity.biz,,,,Providence,Rhode Island,US,02908
The Lighting Shoppe,thelightingshoppe.com,thelightingshoppe.com,,,,Providence,Rhode Island,US,02904
Tops Electric Supply,topslighting.com,topslighting.com,,,,Providence,Rhode Island,US,02903
⭐ Remi IT Solutions | IT MSP | IT Support & Managed IT Services,remi-it.com,remi-it.com,,,,Providence,Rhode Island,US,02903
Ambient Sound Inc,ambientsound.com,ambientsound.com,,,,Warwick,Rhode Island,US,02886
Control Automation Group LLC,cag-ri.com,cag-ri.com,,,,Warwick,Rhode Island,US,02886
Crescendo AV,crescendo-av.com,crescendo-av.com,,,,Warwick,Rhode Island,US,02886
EPRAV,audiovisualservices.com,audiovisualservices.com,,,,Warwick,Rhode Island,US,02888
New England Custom Alarms,newenglandcustomalarms.com,newenglandcustomalarms.com,,,,Warwick,Rhode Island,US,02887
RI Home Security,rihomesecurity.com,rihomesecurity.com,,,,Warwick,Rhode Island,US,02888
Secure Future Tech Solutions,securefuturetech.com,securefuturetech.com,https://www.linkedin.com/company/pc-troubleshooters-inc.,,,Warwick,Rhode Island,US,02886
Software Que IT Solutions,softwareque.com,softwareque.com,,,,Warwick,Rhode Island,US,02886
SoundFX,soundfxonline.com,soundfxonline.com,,,,West Warwick,Rhode Island,US,02893
SoundFX AV,soundfxav.com,soundfxav.com,,,,West Warwick,Rhode Island,US,02893
Home Theater Inc,hometheaterofsc.com,hometheaterofsc.com,,,,Anderson,South Carolina,US,29625
WirePro AV - Audio Video and Smart Home Solutions,wireproav.com,wireproav.com,,,,Beaufort,South Carolina,US,29906
Advanced Audio Video Technologies,advancedaudiovideotechnologies.com,advancedaudiovideotechnologies.com,,,,Bluffton,South Carolina,US,29910
Advanced Integrated Controls,hiltonheadhometheater.com,hiltonheadhometheater.com,https://www.linkedin.com/company/5899062,,,Bluffton,South Carolina,US,29910
"Air Control Systems, LLC",aircontrolsystemsllc.com,aircontrolsystemsllc.com,,,,Bluffton,South Carolina,US,29910
Arc Angel Electric,arcangelelectric.com,arcangelelectric.com,https://www.linkedin.com/company/arc-angel-electric,,,Bluffton,South Carolina,US,29910
Audio Video Outfitters,avoutfitters.com,avoutfitters.com,,,,Bluffton,South Carolina,US,29910
CAV Integrated Home,cavintegratedhome.com,cavintegratedhome.com,https://www.linkedin.com/company/cavintegratedhome,,,Bluffton,South Carolina,US,29910
CS Thomas Construction,csthomasconstruction.com,csthomasconstruction.com,,,,Bluffton,South Carolina,US,29910
Kendrick Design-Build,kendrick.us,kendrick.us,,,,Bluffton,South Carolina,US,29910
Play Custom Home Technology,playhometechnology.com,playhometechnology.com,,,,Bluffton,South Carolina,US,29910
Summit Services,callsummitservices.com,callsummitservices.com,https://www.linkedin.com/company/summit-services-heating-and-air,,,Bluffton,South Carolina,US,29910
Vessel Audio,vesselaudio.com,vesselaudio.com,,,,Bluffton,South Carolina,US,29910
Electronic Security Solutions LLC,electronicsecuritysolutionsllc.com,electronicsecuritysolutionsllc.com,,,,Blythewood,South Carolina,US,29016
Integrated Media,integratedmediainc.com,integratedmediainc.com,,,,Chapin,South Carolina,US,29036
TekScene,tekscene.com,tekscene.com,,,,Chapin,South Carolina,US,29036
AV Connections,avconnectionssc.com,avconnectionssc.com,https://www.linkedin.com/company/av-connections,,,Charleston,South Carolina,US,29407
Accucom Integrations Group,accucomig.com,accucomig.com,,,,Charleston,South Carolina,US,29407
All Wiring Needs,allwiringneeds.com,allwiringneeds.com,,,,Charleston,South Carolina,US,29403
Audio Evolution,audioevolutionsc.com,audioevolutionsc.com,,,,Charleston,South Carolina,US,29407
Audio Warehouse,theaudiowarehouse.com,theaudiowarehouse.com,,,,Charleston,South Carolina,US,29407
Black Fedora Comedy Mystery Theatre and Shoppe,charlestonmysteries.com,charlestonmysteries.com,,,,Charleston,South Carolina,US,29401
"Car Audio, Radio and Security, Window Tint too",cars843.com,cars843.com,,,,Charleston,South Carolina,US,29492
Charleston AI,ai-chs.com,ai-chs.com,,,,Charleston,South Carolina,US,29492
Charleston Lighting and Interiors,charlestonlightingandinteriors.com,charlestonlightingandinteriors.com,,,,Charleston,South Carolina,US,29407
Custom Car Stereo,customcarstereosc.com,customcarstereosc.com,,,,Charleston,South Carolina,US,29407
Custom Home Sound,customhomesound.com,customhomesound.com,,,,Charleston,South Carolina,US,29412
Dock Street Theatre,charlestonstage.com,charlestonstage.com,,,,Charleston,South Carolina,US,29401
Fox Audio Visual,foxaudiovisual.com,foxaudiovisual.com,,,,Charleston,South Carolina,US,29405
Holy Automation,holyautomation.com,holyautomation.com,,,,Charleston,South Carolina,US,29412
Home Telecom - Daniel Island,homesc.com,homesc.com,https://www.linkedin.com/company/home-telephone-company,,,Charleston,South Carolina,US,29492
Meade Agency,meadeagency.cc,meadeagency.cc,,,,Charleston,South Carolina,US,29403
Palmetto Smart Home,palmettosmarthome.com,palmettosmarthome.com,,,,Charleston,South Carolina,US,29407
Portside Technology,portsidetechnology.com,portsidetechnology.com,,,,Charleston,South Carolina,US,29403
Primitive Success Group,primitivesuccessgroup.com,primitivesuccessgroup.com,,,,Charleston,South Carolina,US,29403
QEI Security and Technology,qeisecurity.com,qeisecurity.com,,,,Charleston,South Carolina,US,29492
Queen Street Playhouse: Home of the Footlight Players,footlightplayers.net,footlightplayers.net,,,,Charleston,South Carolina,US,29401
SNAP Integrations,snapintegrations.net,snapintegrations.net,,,,Charleston,South Carolina,US,29407
SOUTHEASTON Systems,southeastonsystems.com,southeastonsystems.com,,,,Charleston,South Carolina,US,29492
Sapience Automation,sapienceautomation.com,sapienceautomation.com,,,,Charleston,South Carolina,US,29492
Acoustical Design LLC,acousticaldesign.com,acousticaldesign.com,,,,Columbia,South Carolina,US,29210
As Told By | Video Storytelling South Carolina,astoldbyagency.com,astoldbyagency.com,,,,Columbia,South Carolina,US,29210
Carolina Smart Home - An ADT Authorized Dealer & Security System Installation,adtcarolinasmarthome.com,adtcarolinasmarthome.com,,,,Columbia,South Carolina,US,29210
"Carolina Wiring Service, LLC",wiredbycws.com,wiredbycws.com,,,,Columbia,South Carolina,US,29201
Easy Electric LLC,easyelectricalsolutions.com,easyelectricalsolutions.com,,,,Columbia,South Carolina,US,29205
Electric Control & Supply Inc,ecscolumbia.com,ecscolumbia.com,,,,Columbia,South Carolina,US,29203
Fogle & Sons Electric,fogleandsons.com,fogleandsons.com,,,,Columbia,South Carolina,US,29203
Intech Systems of South Carolina Inc,intechsystems-sc.com,intechsystems-sc.com,,,,Columbia,South Carolina,US,29223
KING Automation,kingautomation.com,kingautomation.com,,,,Columbia,South Carolina,US,29210
"Legends Security & Sound, Inc.",legendssecurity.com,legendssecurity.com,,,,Columbia,South Carolina,US,29223
Perry Mann Electric,columbia.portalced.com,columbia.portalced.com,,,,Columbia,South Carolina,US,29201
RAVE Installation LLC,raveinstallation.com,raveinstallation.com,,,,Columbia,South Carolina,US,29204
REI Automation Inc,hahnautomation.group,hahnautomation.group,https://www.linkedin.com/company/hahnautomationgroup,,,Columbia,South Carolina,US,29209
Studio-On-Main,studioonmainsc.com,studioonmainsc.com,,,,Columbia,South Carolina,US,29201
Vision Entertainment Sound and Lighting,vesoundcompany.com,vesoundcompany.com,,,,Columbia,South Carolina,US,29229
Weaver Systems Inc,weaversystems.com,weaversystems.com,,,,Columbia,South Carolina,US,29209
"XL Mediaworks, Inc",xlmediaworks.com,xlmediaworks.com,,,,Columbia,South Carolina,US,29223
Smarter Home of the Carolinas,smarterhomeofthecarolinas.com,smarterhomeofthecarolinas.com,,,,Conway,South Carolina,US,29527
Movement Audio Visual,movementav.net,movementav.net,,,,Duncan,South Carolina,US,29334
Sound and Lighting Solutions,soundnlightz.com,soundnlightz.com,,,,Easley,South Carolina,US,29642
AVD Pros,audiovideodata.com,audiovideodata.com,,,,Fort Mill,South Carolina,US,29708
Carolina Custom Automation,ccasecure.com,ccasecure.com,,,,Fort Mill,South Carolina,US,29708
Sight and Sound by Design LLC,sightandsound-av.com,sightandsound-av.com,,,,Fort Mill,South Carolina,US,29707
KYOCERA AVX Components Corporation,kyocera-avx.com,kyocera-avx.com,https://www.linkedin.com/company/kavxcorp,,,Fountain Inn,South Carolina,US,29644
ADP Security Systems,adpsecuritysystems.com,adpsecuritysystems.com,,,,Greenville,South Carolina,US,29607
AVL Solutions,avlsusa.com,avlsusa.com,,,,Greenville,South Carolina,US,29607
Anyone Home Inc. (SC),anyonehome.com,anyonehome.com,,,,Greenville,South Carolina,US,29607
Bilco Electric and Datacom - Security camera installations,bilcoelectric.com,bilcoelectric.com,,,,Greenville,South Carolina,US,29611
"Broadline - Greenville, SC",mybroadline.com,mybroadline.com,,,,Greenville,South Carolina,US,29615
Carolina Motion Controls,carolinamotioncontrols.com,carolinamotioncontrols.com,,,,Greenville,South Carolina,US,29607
CinemaQuest,cinema-quest.com,cinema-quest.com,,,,Greenville,South Carolina,US,29615
Classic Vintage Audio,classicvintageaudio.com,classicvintageaudio.com,,,,Greenville,South Carolina,US,29609
Don Jones Custom Home Stereo Inc,donjonesstereo.com,donjonesstereo.com,,,,Greenville,South Carolina,US,29607
Electric Soul,electricsoulcreative.com,electricsoulcreative.com,https://www.linkedin.com/company/electric-soul,,,Greenville,South Carolina,US,29607
Element Smart Control Systems,elementsmartcontrol.com,elementsmartcontrol.com,,,,Greenville,South Carolina,US,29605
Find TV Installer,findtvinstaller.com,findtvinstaller.com,https://www.linkedin.com/company/grandcentralwiring,,,Greenville,South Carolina,US,29608
Fusion Audio + Video,fusionaudiovideo.com,fusionaudiovideo.com,https://www.linkedin.com/company/fusion-systems,,,Greenville,South Carolina,US,29601
Gallery of Lighting,galleryoflighting.com,galleryoflighting.com,,,,Greenville,South Carolina,US,29607
Gexpro,gexpro.com,gexpro.com,https://www.linkedin.com/company/gexpro,,,Greenville,South Carolina,US,29607
Good Sense Automation,goodsenseautomation.com,goodsenseautomation.com,,,,Greenville,South Carolina,US,29601
Grand Central Wiring,grandcentralwiring.com,grandcentralwiring.com,https://www.linkedin.com/company/grandcentralwiring,,,Greenville,South Carolina,US,29608
Greenville Media,greenvillemedia.com,greenvillemedia.com,,,,Greenville,South Carolina,US,29615
Jeff Lynch Appliance and TV Center,jefflynch.com,jefflynch.com,,,,Greenville,South Carolina,US,29607
Kasted Design Group,getkasted.com,getkasted.com,,,,Greenville,South Carolina,US,29601
Koops Automation Systems,koops.com,koops.com,https://www.linkedin.com/company/koops-automation-systems,,,Greenville,South Carolina,US,29605
"Liquid Video Technologies, Inc.",liquidvideotechnologies.com,liquidvideotechnologies.com,https://www.linkedin.com/company/liquid-video-technologies-inc,,,Greenville,South Carolina,US,29615
Masters Car Stereo & Tint,masterscarstereo.com,masterscarstereo.com,,,,Greenville,South Carolina,US,29605
McNaughton-McKay Electric Company - Greenville,mc-mc.com,mc-mc.com,,,,Greenville,South Carolina,US,29607
Multitech Corporation Inc,multitechcorporation.com,multitechcorporation.com,,,,Greenville,South Carolina,US,29607
On Point Security and Video,onpointsecuritysc.com,onpointsecuritysc.com,,,,Greenville,South Carolina,US,29615
RELANT Automation - South Carolina,relant-us.com,relant-us.com,https://www.linkedin.com/company/relant-automation,,,Greenville,South Carolina,US,29607
Rogers Stereo,rogersstereo.com,rogersstereo.com,,,,Greenville,South Carolina,US,29607
SCI Electronics Inc,scielectronicsinc.com,scielectronicsinc.com,,,,Greenville,South Carolina,US,29607
"TELECO, Inc.",teleco.com,teleco.com,https://www.linkedin.com/company/teleco-inc.,,,Greenville,South Carolina,US,29607
United Electrical Distributors Inc UED,uedinc.com,uedinc.com,,,,Greenville,South Carolina,US,29607
Upstate Controls,upstatecontrols.com,upstatecontrols.com,,,,Greenville,South Carolina,US,29609
Uptown Pro AV,uptownaudiovisual.com,uptownaudiovisual.com,,,,Greenville,South Carolina,US,29607
myhomeIQ,myhomeiq.com,myhomeiq.com,,,,Greenville,South Carolina,US,29601
AV Upstate LLC,avupstate.com,avupstate.com,,,,Greer,South Carolina,US,29650
Empire AV LLC,empireav.net,empireav.net,,,,Greer,South Carolina,US,29651
OnDuty SC Inc,ondutysc.com,ondutysc.com,,,,Greer,South Carolina,US,29651
Palmetto Security Systems,palmettosecurity.com,palmettosecurity.com,,,,Hardeeville,South Carolina,US,29927
"Ambrosic Home Theater Designs, LLC",ahtdesigns.com,ahtdesigns.com,https://www.linkedin.com/company/ambrosichometheaterdesigns,,,Hilton Head Island,South Carolina,US,29928
Connected HHI,connectedhhi.com,connectedhhi.com,,,,Hilton Head Island,South Carolina,US,29926
DJ AVS SOLUTIONS LLC,djavssolutionsllc.com,djavssolutionsllc.com,,,,Hilton Head Island,South Carolina,US,29926
E.A.C. Heating & Air,eacair.com,eacair.com,,,,Hilton Head Island,South Carolina,US,29926
Event Technology Services,impact-group.com,impact-group.com,,,,Hilton Head Island,South Carolina,US,29926
H2 Engineering Services,h2engineeringservice.com,h2engineeringservice.com,,,,Hilton Head Island,South Carolina,US,29928
"Hilton Head Security Systems, Inc",hhsecurity.com,hhsecurity.com,,,,Hilton Head Island,South Carolina,US,29926
May Electric,mayelectric.com,mayelectric.com,,,,Hilton Head Island,South Carolina,US,29926
Oceanside Electric,oceanside-electric.com,oceanside-electric.com,,,,Hilton Head Island,South Carolina,US,29926
Overwatch Home Services - Home Watch & Property Management - Hilton Head Island,overwatchhomeservices.com,overwatchhomeservices.com,,,,Hilton Head Island,South Carolina,US,29928
Smart Solutions Contractors LLC,smartsolutions.contractors,smartsolutions.contractors,,,,Hilton Head Island,South Carolina,US,29926
Southern Services,southernserviceshhi.com,southernserviceshhi.com,,,,Hilton Head Island,South Carolina,US,29926
"Focus Audio Video, LLC",focusaudiovideo.com,focusaudiovideo.com,,,,Inman,South Carolina,US,29349
"Advanced Video Group, Inc.",avgroup-sc.com,avgroup-sc.com,https://www.linkedin.com/company/advanced-video-group,,,Irmo,South Carolina,US,29063
Family First Security,familyfirstsecuritysc.com,familyfirstsecuritysc.com,,,,Irmo,South Carolina,US,29063
Romore Music Sales and Installation,romoremusicsi.com,romoremusicsi.com,,,,Irmo,South Carolina,US,29063
Progressive Integrations,progressiveintegrations.com,progressiveintegrations.com,,,,Johns Island,South Carolina,US,29455
"Power Plus System, LLC",ppselectrical.com,ppselectrical.com,,,,Ladson,South Carolina,US,29456
Audio One,audioone.bz,audioone.bz,,,,Lexington,South Carolina,US,29072
Elite Audio,scaudio.com,scaudio.com,,,,Lexington,South Carolina,US,29072
Gattis Pro Audio,gattisproaudio.com,gattisproaudio.com,,,,Lexington,South Carolina,US,29072
Palmetto Southern ™️,palmettosouthern.com,palmettosouthern.com,,,,Lexington,South Carolina,US,29072
SESCO Lighting - Columbia,theschneidercompany.com,theschneidercompany.com,,,,Lexington,South Carolina,US,29072
Tech Guide,techguide.net,techguide.net,https://www.linkedin.com/company/mytechguide,,,Lexington,South Carolina,US,29072
Stewart Electronics Security,stewart-security.com,stewart-security.com,,,,Lyman,South Carolina,US,29365
Tech It EZ,techitezsc.com,techitezsc.com,,,,Mauldin,South Carolina,US,29662
Carolina Custom Security & Sound,carolinacustomsecurity.com,carolinacustomsecurity.com,,,,Mt Pleasant,South Carolina,US,29464
Carolina Lanterns & Lighting,carolinalanterns.com,carolinalanterns.com,,,,Mt Pleasant,South Carolina,US,29464
Daniel Island Audio & Video,danielislandaudio.com,danielislandaudio.com,,,,Mt Pleasant,South Carolina,US,29466
Low Country Home & Handyman Services LLC,lchomemaintenance.com,lchomemaintenance.com,,,,Mt Pleasant,South Carolina,US,29466
Wire Monkeys Audio & Video,wiremonkeys.com,wiremonkeys.com,,,,Mt Pleasant,South Carolina,US,29464
Custom Theater & Audio,customtheaterandaudio.com,customtheaterandaudio.com,,,,Murrells Inlet,South Carolina,US,29576
AV Performance Innovations,avperformanceinnovations.com,avperformanceinnovations.com,,,,Myrtle Beach,South Carolina,US,29588
Premier Sound Security & Automation,premiersoundmb.com,premiersoundmb.com,,,,Myrtle Beach,South Carolina,US,29577
ASI Solutions,alarm.com,alarm.com,,,,North Charleston,South Carolina,US,29406
Charleston Security Systems,charlestonsecuritysystems.net,charlestonsecuritysystems.net,,,,North Charleston,South Carolina,US,29405
Coastal Burglar Alarm,coastalburglaralarm.com,coastalburglaralarm.com,,,,North Charleston,South Carolina,US,29405
Elite Security Systems LLC,elitesecuritysystemsllc.com,elitesecuritysystemsllc.com,,,,North Charleston,South Carolina,US,29420
HD Automation,hdautomationus.com,hdautomationus.com,,,,North Charleston,South Carolina,US,29418
High Output Charleston,highoutput.com,highoutput.com,,,,North Charleston,South Carolina,US,29405
Integration & Control Solutions,ics-sc.com,ics-sc.com,,,,North Charleston,South Carolina,US,29405
"L & M Structured Wiring, Inc.",landmstructuredwiring.com,landmstructuredwiring.com,,,,North Charleston,South Carolina,US,29405
Meridian Automation & Communication Inc,meridianac.com,meridianac.com,,,,North Charleston,South Carolina,US,29418
Nextgen Automated,nextgenautomated.com,nextgenautomated.com,,,,North Charleston,South Carolina,US,29406
Powerful Electrical LLC,powerfulelectricalllc.com,powerfulelectricalllc.com,https://www.linkedin.com/company/powerful-electrical-llc,,,North Charleston,South Carolina,US,29404
Premiere Automation LLC,premiereautomation.com,premiereautomation.com,https://www.linkedin.com/company/premiere-automation,,,North Charleston,South Carolina,US,29418
ResCom Designs - South Carolina,rescomdesigns.com,rescomdesigns.com,,,,North Charleston,South Carolina,US,29406
Sound Solutions,soundsolutionscarstereo.com,soundsolutionscarstereo.com,,,,North Charleston,South Carolina,US,29405
GenX Security Solutions,genxsecurity.com,genxsecurity.com,https://www.linkedin.com/company/genxsecuritysolutions,,,Piedmont,South Carolina,US,29673
"JAMA, LLC",jamallc.com,jamallc.com,,,,Piedmont,South Carolina,US,29673
"Custom Security Specialists, Inc.",customsecure.com,customsecure.com,https://www.linkedin.com/company/4068248,,,Ridgeland,South Carolina,US,29936
"Dynamic Control Systems, LLC",dynamiccontrolsystems.com,dynamiccontrolsystems.com,,,,Ridgeland,South Carolina,US,29936
Superior Sound & Consulting,superiorsound.net,superiorsound.net,,,,Seneca,South Carolina,US,29678
AVIT Systems,avit.is,avit.is,,,,Simpsonville,South Carolina,US,29681
"3J Creations, LLC",3jent.com,3jent.com,,,,Spartanburg,South Carolina,US,29301
"Automation Experts Charleston, Inc.",automationexperts.com,automationexperts.com,,,,Summerville,South Carolina,US,29485
Charlestowne Integrations,chsintegrations.com,chsintegrations.com,,,,Summerville,South Carolina,US,29485
Intelligent Home Services,ihomes.solutions,ihomes.solutions,,,,Summerville,South Carolina,US,29485
Absolute Security,absolutesecuritysc.com,absolutesecuritysc.com,,,,Taylors,South Carolina,US,29687
Greer Lighting Center,greerlightingcenter.com,greerlightingcenter.com,,,,Taylors,South Carolina,US,29687
Harris Home Services,myharrishome.com,myharrishome.com,,,,Taylors,South Carolina,US,29687
Simply AV,simplyav.com,simplyav.com,,,,Travelers Rest,South Carolina,US,29690
Palmetto Integration,palmettodesignandintegration.com,palmettodesignandintegration.com,,,,Warrenville,South Carolina,US,29851
ACS Sound & Lighting,acsweb.com,acsweb.com,,,,West Columbia,South Carolina,US,29169
Access Multimedia,accessmultimedia.com,accessmultimedia.com,,,,West Columbia,South Carolina,US,29169
Amteck Technologies,amteck.com,amteck.com,https://www.linkedin.com/company/amteck,,,West Columbia,South Carolina,US,29169
Avista,goavista.com,goavista.com,,,,West Columbia,South Carolina,US,29169
DES - Dealer Electronic Services,go-des.com,go-des.com,,,,West Columbia,South Carolina,US,29169
Digital Home Solutions,columbiahometheaters.com,columbiahometheaters.com,,,,West Columbia,South Carolina,US,29169
"Palmetto Alarm, LLC",palmettoalarm.com,palmettoalarm.com,,,,West Columbia,South Carolina,US,29169
TV Mounting Columbia,tvmountingcolumbia.com,tvmountingcolumbia.com,,,,West Columbia,South Carolina,US,29169
Ultimate Marketing,umdistributors.com,umdistributors.com,,,,West Columbia,South Carolina,US,29169
Audio Video Integrations,avicentral.com,avicentral.com,,,,Sioux Falls,South Dakota,US,57108
ProductionOne Audio Visual,productionone.com,productionone.com,,,,Arlington,Tennessee,US,38002
"Just-N-Case Security, L.L.C.",justncasesecurity.com,justncasesecurity.com,,,,Atoka,Tennessee,US,38004
"Automatic Gates Construction, LLC",myautomaticgates.com,myautomaticgates.com,,,,Bartlett,Tennessee,US,38134
ProMount Mounting and Tech Solutions LLC,promountech.com,promountech.com,https://www.linkedin.com/company/wix-com,,,Bartlett,Tennessee,US,38134
Absolute AV Consulting Inc,absavtn.com,absavtn.com,,,,Brentwood,Tennessee,US,37027
Audio Video Experience,av-experience.com,av-experience.com,,,,Brentwood,Tennessee,US,37027
CTS AVL,ctsavl.com,ctsavl.com,,,,Brentwood,Tennessee,US,37027
CloudSmart IT,cloudsmartit.com,cloudsmartit.com,,,,Brentwood,Tennessee,US,37027
Island Sight and Sound,islandsightandsound.com,islandsightandsound.com,,,,Brentwood,Tennessee,US,37027
Nashville Security Camera Installation LLC,nashvillesecuritycamerainstallation.com,nashvillesecuritycamerainstallation.com,,,,Brentwood,Tennessee,US,37027
Nashville TV Mounting,nashvillemounts.com,nashvillemounts.com,,,,Brentwood,Tennessee,US,37027
Symspire,symspire.com,symspire.com,https://www.linkedin.com/company/symspire,,,Brentwood,Tennessee,US,37027
Ace Hardware of Lookout,acehardware.com,acehardware.com,,,,Chattanooga,Tennessee,US,37419
Automation IG,automationig.com,automationig.com,,,,Chattanooga,Tennessee,US,37405
"Beacon Electrical Services, LLC",beaconelectricalchatt.com,beaconelectricalchatt.com,,,,Chattanooga,Tennessee,US,37415
Blindsmax,blindsmax.com,blindsmax.com,,,,Chattanooga,Tennessee,US,37421
Bluff City Electrical Contractors,bluffcityelectrical.com,bluffcityelectrical.com,,,,Chattanooga,Tennessee,US,37450
College Hi Fi Home Audio,collegehifi.wordpress.com,collegehifi.wordpress.com,,,,Chattanooga,Tennessee,US,37421
Control Services Inc.,controlservicestn.com,controlservicestn.com,,,,Chattanooga,Tennessee,US,37343
Cornerstone Automation,cornerstone-automation.com,cornerstone-automation.com,,,,Chattanooga,Tennessee,US,37421
Elder's Ace Hardware - Chattanooga,eldershardware.com,eldershardware.com,,,,Chattanooga,Tennessee,US,37416
Electronic Express,electronicexpress.com,electronicexpress.com,,,,Chattanooga,Tennessee,US,37343
Elevate Home Staging & Design,elevatehomestagings.com,elevatehomestagings.com,,,,Chattanooga,Tennessee,US,37416
FORTECH,fortechtn.com,fortechtn.com,,,,Chattanooga,Tennessee,US,37402
Factory Sales Agency,fsalighting.com,fsalighting.com,,,,Chattanooga,Tennessee,US,37343
"Gault & Associates, Inc.",gaultav.com,gaultav.com,,,,Chattanooga,Tennessee,US,37411
Hi Tech Controls and Automation,hi-techcontrols.com,hi-techcontrols.com,,,,Chattanooga,Tennessee,US,37421
Inline Lighting,inlinelighting.com,inlinelighting.com,,,,Chattanooga,Tennessee,US,37421
Light Consultants LLC,lightconsultantsllc.com,lightconsultantsllc.com,,,,Chattanooga,Tennessee,US,37421
Lincoln Electric Automation - Chattanooga,tennrand.com,tennrand.com,https://www.linkedin.com/company/tennessee-rand,,,Chattanooga,Tennessee,US,37405
Metro Services,metroservicesinc.com,metroservicesinc.com,,,,Chattanooga,Tennessee,US,37415
NY SYSTEMS INC.,ny-systems.com,ny-systems.com,https://www.linkedin.com/company/ny-systems-inc.,,,Chattanooga,Tennessee,US,37403
"NetGain Technologies, LLC",netgainit.com,netgainit.com,https://www.linkedin.com/company/netgain-technologies-llc,,,Chattanooga,Tennessee,US,37421
PM Alarms Security Solutions,pmalarms.net,pmalarms.net,,,,Chattanooga,Tennessee,US,37421
Pathfinder Films,pathfinderfilms.com,pathfinderfilms.com,,,,Chattanooga,Tennessee,US,37408
Patriot Services,mypatriot.us,mypatriot.us,,,,Chattanooga,Tennessee,US,37421
Proficient Industrial,proficientindustrial.com,proficientindustrial.com,,,,Chattanooga,Tennessee,US,37421
"Retro Television, Inc.",myretrotv.com,myretrotv.com,,,,Chattanooga,Tennessee,US,37402
SESCO Lighting - Chattanooga,sescolighting.com,sescolighting.com,,,,Chattanooga,Tennessee,US,37402
Seals Productions,sealsproductions.com,sealsproductions.com,,,,Chattanooga,Tennessee,US,37406
Smart Systems,smartsysinc.com,smartsysinc.com,https://www.linkedin.com/company/smarthomes-chattanooga,,,Chattanooga,Tennessee,US,37343
Solutions Integrated Systems,solutionsintegratedsystems.com,solutionsintegratedsystems.com,,,,Chattanooga,Tennessee,US,37421
Sound Force,soundforce.com,soundforce.com,,,,Chattanooga,Tennessee,US,37415
Southern Lighting,southern-lighting.com,southern-lighting.com,,,,Chattanooga,Tennessee,US,37421
Tekwell Panel Shop,tekwellservices.com,tekwellservices.com,https://www.linkedin.com/company/tekwell-services,,,Chattanooga,Tennessee,US,37408
Tennessee Aquarium IMAX Theater,tnaqua.org,tnaqua.org,https://www.linkedin.com/company/tennessee-aquarium,,,Chattanooga,Tennessee,US,37402
The Radio Clinic,theradioclinic.com,theradioclinic.com,,,,Chattanooga,Tennessee,US,37421
TruBlue Home Service Ally of Chattanooga,trubluehousecare.com,trubluehousecare.com,,,,Chattanooga,Tennessee,US,37343
Turner Security,turnersecurity.us,turnersecurity.us,https://www.linkedin.com/company/turner-security-company,,,Chattanooga,Tennessee,US,37421
Ultimate Sounds & Tinting,ultimatesoundstn.com,ultimatesoundstn.com,,,,Chattanooga,Tennessee,US,37421
Wallpaper Wholesaler,wallpaperwholesaler.com,wallpaperwholesaler.com,,,,Chattanooga,Tennessee,US,37421
eSecurityTech,esecuritytech.com,esecuritytech.com,https://www.linkedin.com/company/esecuritytech,,,Chattanooga,Tennessee,US,37408
Harmonic Production Services,hps.live,hps.live,,,,Cleveland,Tennessee,US,37311
At Home Repair Services,memphishandymanservices.net,memphishandymanservices.net,,,,Collierville,Tennessee,US,38017
Professional Security,1homeautomation.com,1homeautomation.com,,,,Collierville,Tennessee,US,38017
Smart Home by Design,smarthomebydesign.com,smarthomebydesign.com,,,,Collierville,Tennessee,US,38017
Creative home audio,creativehomeaudio.com,creativehomeaudio.com,,,,Cookeville,Tennessee,US,38501
Safe N' Sound Creative Technologies,safensound.com,safensound.com,,,,Corryton,Tennessee,US,37721
Fortis Audio,fortisaudio.com,fortisaudio.com,,,,Dickson,Tennessee,US,37055
Mister Sparky,mistersparky.com,mistersparky.com,,,,East Ridge,Tennessee,US,37412
His Security & Technology,hissecurity.com,hissecurity.com,,,,Farragut,Tennessee,US,37934
AVLX,avlx.com,avlx.com,,,,Franklin,Tennessee,US,37064
Emotiva Audio Corporation,emotiva.com,emotiva.com,,,,Franklin,Tennessee,US,37064
IPS - Integrated Production Solutions,ips.live,ips.live,https://www.linkedin.com/company/integrated-production-solutions,,,Franklin,Tennessee,US,37067
Integrity Audio & Video,integrityav.net,integrityav.net,https://www.linkedin.com/company/integrity-audio-&-video,,,Franklin,Tennessee,US,37067
Mankin Media Systems,mankinmedia.com,mankinmedia.com,,,,Franklin,Tennessee,US,37064
Matson Alarm Of Tennessee,matsonalarmtn.com,matsonalarmtn.com,,,,Franklin,Tennessee,US,37067
Nashville Teleproductions Inc,nashvilleteleproductions.com,nashvilleteleproductions.com,,,,Franklin,Tennessee,US,37064
PAVS - Professional AV Systems,pavs.com,pavs.com,,,,Franklin,Tennessee,US,37064
Theater Leaders,theaterleaders.com,theaterleaders.com,,,,Franklin,Tennessee,US,37064
Stage Rite Sound,stageritesound.com,stageritesound.com,,,,Goodlettsville,Tennessee,US,37072
Tennessee Audio Video,tnav.net,tnav.net,,,,Goodlettsville,Tennessee,US,37072
Immersive Audio & Cinema LLC,immersiveac.com,immersiveac.com,,,,Johnson City,Tennessee,US,37604
@home Audio Video Technology - Retail Location / Showroom,athomeavtech.com,athomeavtech.com,,,,Knoxville,Tennessee,US,37919
"AVCO Technologies, Inc.",avcotech.com,avcotech.com,,,,Knoxville,Tennessee,US,37918
AVS Design Concepts,avsdc.com,avsdc.com,,,,Knoxville,Tennessee,US,37917
Advanced Lighting and Audio,advlightaudio.com,advlightaudio.com,,,,Knoxville,Tennessee,US,37929
American Lighting,americanlightinginc.net,americanlightinginc.net,,,,Knoxville,Tennessee,US,37919
Calloway's Lamp & Shade,callowayslighting.com,callowayslighting.com,,,,Knoxville,Tennessee,US,37919
Clearview Security,clearviewtn.com,clearviewtn.com,,,,Knoxville,Tennessee,US,37917
Commercial Lighting Supply Inc,commercialltg.com,commercialltg.com,,,,Knoxville,Tennessee,US,37909
Control Center Inc,controlcentertn.com,controlcentertn.com,,,,Knoxville,Tennessee,US,37919
Ctrl Alt Repair,ctrlaltrepair.com,ctrlaltrepair.com,,,,Knoxville,Tennessee,US,37934
DF Production Services,dfp865.video,dfp865.video,,,,Knoxville,Tennessee,US,37917
DFA Solutions / A Tennessee Lighting Company,dfasolutions.com,dfasolutions.com,,,,Knoxville,Tennessee,US,37917
Dynamic Audio Video Design,dynamicavdesign.com,dynamicavdesign.com,,,,Knoxville,Tennessee,US,37921
East Tennessee Trimlight,etntrimlight.com,etntrimlight.com,,,,Knoxville,Tennessee,US,37922
Fleenor Security Systems,fleenorsecurity.com,fleenorsecurity.com,,,,Knoxville,Tennessee,US,37932
FunFlicks Southeast,funflicks.com,funflicks.com,,,,Knoxville,Tennessee,US,37919
HPVideo,hpvideo.com,hpvideo.com,,,,Knoxville,Tennessee,US,37917
"Industrial Electronics, Inc",ieknox.com,ieknox.com,,,,Knoxville,Tennessee,US,37932
Informed Logic LLC,informedlogic.com,informedlogic.com,https://www.linkedin.com/company/informed-logic-llc,,,Knoxville,Tennessee,US,37938
Invent Automation,inventautomation.com,inventautomation.com,,,,Knoxville,Tennessee,US,37921
KnoxCET LLC,knoxcet.com,knoxcet.com,https://www.linkedin.com/company/knoxcet-llc,,,Knoxville,Tennessee,US,37922
Lighting Trends,ltgtrends.com,ltgtrends.com,,,,Knoxville,Tennessee,US,37921
Lloyd's Electric Service,lloydselectricservice.com,lloydselectricservice.com,https://www.linkedin.com/company/lloyd%27s-electric-service-inc-,,,Knoxville,Tennessee,US,37931
Loch & Key Productions,lochandkeyproductions.com,lochandkeyproductions.com,https://www.linkedin.com/company/lochkeyvideo,,,Knoxville,Tennessee,US,37917
"ML Sound, Inc",mlsound.com,mlsound.com,,,,Knoxville,Tennessee,US,37921
Milton Tech Commercial Security Systems,miltontech.net,miltontech.net,,,,Knoxville,Tennessee,US,37919
Modern Supply,modernsupplyshowroom.com,modernsupplyshowroom.com,,,,Knoxville,Tennessee,US,37932
Modern Supply Co,modernsupplymiddlebrook.com,modernsupplymiddlebrook.com,,,,Knoxville,Tennessee,US,37921
Nates TV Mounting LLC,natestvmounting.com,natestvmounting.com,,,,Knoxville,Tennessee,US,37923
"Prince Technologies, LLC",ptcabling.com,ptcabling.com,,,,Knoxville,Tennessee,US,37917
"SafeT Systems, Inc.",safetsystems.com,safetsystems.com,,,,Knoxville,Tennessee,US,37932
Statement Home Theater,statementht.com,statementht.com,,,,Knoxville,Tennessee,US,37919
Stellar Visions & Sound,stellarvisions.net,stellarvisions.net,,,,Knoxville,Tennessee,US,37918
Stokes Lighting Center,stokeslightingcenter.com,stokeslightingcenter.com,,,,Knoxville,Tennessee,US,37919
The Production Source,theproductionsource.net,theproductionsource.net,,,,Knoxville,Tennessee,US,37909
The Sound Factory,soundfactoryonline.com,soundfactoryonline.com,,,,Knoxville,Tennessee,US,37912
"TruSense Electric, LLC",trusenseelectric.com,trusenseelectric.com,,,,Knoxville,Tennessee,US,37919
"elliTek, Inc.",ellitek.com,ellitek.com,,,,Knoxville,Tennessee,US,37918
iSS LLC,isstenn.com,isstenn.com,,,,Knoxville,Tennessee,US,37919
Automation Nth,automationnth.com,automationnth.com,https://www.linkedin.com/company/automation-nth,,,La Vergne,Tennessee,US,37086
"Integrated Control Systems, Inc.",integrated-controls.com,integrated-controls.com,,,,La Vergne,Tennessee,US,37086
Knox Integrated Systems / Life & Property Security Systems,alarmcontractor.com,alarmcontractor.com,,,,Lenoir City,Tennessee,US,37771
Technical Solutions of East TN LLC,tnchurchaudio.com,tnchurchaudio.com,,,,Lenoir City,Tennessee,US,37771
ABB Installation Products,thomasbetts.net,thomasbetts.net,,,,Memphis,Tennessee,US,38120
"AV Solutions Plus, LLC",avsolutions-plus.com,avsolutions-plus.com,,,,Memphis,Tennessee,US,38112
Audio Video Artistry,avartistry.com,avartistry.com,,,,Memphis,Tennessee,US,38117
Bluff City Electronics,bluffcityelectronicsinc.com,bluffcityelectronicsinc.com,,,,Memphis,Tennessee,US,38116
E.S.S.C. Inc – Electronics Security Specialists & Cabling,electronicsecurityspecialists.com,electronicsecurityspecialists.com,,,,Memphis,Tennessee,US,38134
Electronic Environments,eememphis.net,eememphis.net,,,,Memphis,Tennessee,US,38133
First Light Lighting Systems,firstlightmemphis.portalced.com,firstlightmemphis.portalced.com,,,,Memphis,Tennessee,US,38112
Fourteenth Colony Lighting,fourteenthcolonylighting.com,fourteenthcolonylighting.com,,,,Memphis,Tennessee,US,38104
Franklin Automation Inc.,fainc.net,fainc.net,,,,Memphis,Tennessee,US,38118
Frase Protection,fraseprotection.com,fraseprotection.com,,,,Memphis,Tennessee,US,38018
Graham's Fixtures Inc,grahamslighting.com,grahamslighting.com,,,,Memphis,Tennessee,US,38104
HSI Security Services LLC,hsisecurityservices.com,hsisecurityservices.com,,,,Memphis,Tennessee,US,38120
LED LIGHTING,slsmem.com,slsmem.com,,,,Memphis,Tennessee,US,38122
Lamp Shade House,lshmemphis.com,lshmemphis.com,,,,Memphis,Tennessee,US,38122
Lighting Source,lightingsource.net,lightingsource.net,,,,Memphis,Tennessee,US,38112
"Logical Systems, LLC",logicalsysinc.com,logicalsysinc.com,https://www.linkedin.com/company/logicalsysinc,,,Memphis,Tennessee,US,38133
Lumalier,lumalier.com,lumalier.com,,,,Memphis,Tennessee,US,38134
Mechanical Automated Control Systems (MACS),macsinc.com,macsinc.com,,,,Memphis,Tennessee,US,38133
"Memphis Audio, LLC.",memphisaudio.com,memphisaudio.com,https://www.linkedin.com/company/memphis-audio,,,Memphis,Tennessee,US,38133
"Memphis Control Center, Inc.",memphiscontrol.com,memphiscontrol.com,,,,Memphis,Tennessee,US,38112
Memphis Sound Lab,memphissoundlab.com,memphissoundlab.com,,,,Memphis,Tennessee,US,38104
Miestro: Home Integration,mymiestro.com,mymiestro.com,,,,Memphis,Tennessee,US,38117
Mobile Vision Technologies,mobilevisiontechnologies.com,mobilevisiontechnologies.com,https://www.linkedin.com/company/mobile-vision-technologies,,,Memphis,Tennessee,US,38112
Nolan Inc,nolansav.com,nolansav.com,,,,Memphis,Tennessee,US,38134
Perkins-Everitt Lighting & Controls,perkinseveritt.net,perkinseveritt.net,,,,Memphis,Tennessee,US,38119
Precise Circuit Solutions,precisecircuitsolutions.com,precisecircuitsolutions.com,,,,Memphis,Tennessee,US,38134
SMC Lighting Supply,smclighting.com,smclighting.com,,,,Memphis,Tennessee,US,38116
SNELL VISION LLC,snellvision.com,snellvision.com,,,,Memphis,Tennessee,US,38118
Seth's Lighting & Accessories Inc,sethslighting.com,sethslighting.com,,,,Memphis,Tennessee,US,38133
Smart Security,smartsecuritypro.com,smartsecuritypro.com,,,,Memphis,Tennessee,US,38112
IKBSystems,ikbsystems.com,ikbsystems.com,,,,Mt. Juliet,Tennessee,US,37122
Austin Audio Visual Design,austinav.com,austinav.com,,,,Murfreesboro,Tennessee,US,37129
615 Sound Equipment Rentals - #1Rent speakers & Microphones in Nashville,615sounds.com,615sounds.com,,,,Nashville,Tennessee,US,37207
Audilux,audilux.co,audilux.co,,,,Nashville,Tennessee,US,37209
Brian's Custom Theaters & Hi-Fi,brianscustomtheaters.com,brianscustomtheaters.com,,,,Nashville,Tennessee,US,37205
Briggs A/V Solutions,briggsavsolutions.com,briggsavsolutions.com,,,,Nashville,Tennessee,US,37203
CMAV,cm-audiovisual.com,cm-audiovisual.com,https://www.linkedin.com/company/corporate-meeting-av,,,Nashville,Tennessee,US,37238
Contractors Choice Electric,contractorschoiceelectric.com,contractorschoiceelectric.com,,,,Nashville,Tennessee,US,37211
Defense Integration Solutions,defense-is.com,defense-is.com,,,,Nashville,Tennessee,US,37220
Gestalt Audio Design,gestalt.audio,gestalt.audio,,,,Nashville,Tennessee,US,37209
Hi Fi Audio Visual,hifiaudiovisual.com,hifiaudiovisual.com,,,,Nashville,Tennessee,US,37204
Hifi Buys Nashville,hifibuysnashville.com,hifibuysnashville.com,,,,Nashville,Tennessee,US,37211
INTELLIHOME,intellihome-tn.com,intellihome-tn.com,,,,Nashville,Tennessee,US,37211
Integrated Mulimedia Systems Inc,imsi.us,imsi.us,,,,Nashville,Tennessee,US,37222
Lighting for Less,lightingforless.com,lightingforless.com,,,,Nashville,Tennessee,US,37204
"M3 Technology Group, Inc.",m3techgroup.com,m3techgroup.com,https://www.linkedin.com/company/m3-technology-group-inc,,,Nashville,Tennessee,US,37217
MOUNTING MUSIC CITY,mountingmusiccity.tv,mountingmusiccity.tv,,,,Nashville,Tennessee,US,37204
MSI Media,msi-media.com,msi-media.com,,,,Nashville,Tennessee,US,37204
Mavien,mavien.com,mavien.com,,,,Nashville,Tennessee,US,37204
Mega Sound,megasoundnashville.com,megasoundnashville.com,,,,Nashville,Tennessee,US,37211
NCA Alarms,nca-alarms.com,nca-alarms.com,https://www.linkedin.com/company/national-certified-alarms-inc,,,Nashville,Tennessee,US,37209
Nashville Audio Visual LLC,nashvilleaudiovisual.com,nashvilleaudiovisual.com,,,,Nashville,Tennessee,US,37210
Nashville Visual - Audio & Visual Rental Equipment,nashvillevisual.com,nashvillevisual.com,,,,Nashville,Tennessee,US,37209
Nashville's Media Services,nashvillesmedia.com,nashvillesmedia.com,,,,Nashville,Tennessee,US,37210
Open Source Controls,opensourcecontrols.com,opensourcecontrols.com,,,,Nashville,Tennessee,US,37211
PAVE LLC (Professional Audio Video Engineering),proave.com,proave.com,,,,Nashville,Tennessee,US,37204
Smart Tech Solutions,wearesmarttech.com,wearesmarttech.com,https://www.linkedin.com/company/nashvillesmarthomes,,,Nashville,Tennessee,US,37210
Solotech - Nashville,solotech.com,solotech.com,https://www.linkedin.com/company/solotech-inc.,,,Nashville,Tennessee,US,37013
Soundscapes,soundscapesusa.com,soundscapesusa.com,,,,Nashville,Tennessee,US,37209
South Central A\V,southcentralav.com,southcentralav.com,,,,Nashville,Tennessee,US,37211
Spectrum Sound Inc.,spectrumsound.net,spectrumsound.net,,,,Nashville,Tennessee,US,37210
Spring Automation,springautomation.com,springautomation.com,https://www.linkedin.com/company/spring-automation,,,Nashville,Tennessee,US,37204
The Showroom Nashville,theshowroomnash.com,theshowroomnash.com,,,,Nashville,Tennessee,US,37203
Tolleson Inc,tollesoninc.com,tollesoninc.com,,,,Nashville,Tennessee,US,37217
Traffic Control Group Inc.,trafficcontrolgroupinc.com,trafficcontrolgroupinc.com,,,,Nashville,Tennessee,US,37210
Trew Audio Nashville,trewaudio.com,trewaudio.com,,,,Nashville,Tennessee,US,37228
Wolf Hill Technologies,wolfhilltechnologies.com,wolfhilltechnologies.com,,,,Nashville,Tennessee,US,37217
Powers Custom Home Theater,powerscustomhometheater.com,powerscustomhometheater.com,,,,Portland,Tennessee,US,37148
Atomic Electric Service Inc.,atomicelectricservice.com,atomicelectricservice.com,,,,Powell,Tennessee,US,37849
Turner Audio and Video LLC,turneraudiovideo.com,turneraudiovideo.com,,,,Powell,Tennessee,US,37849
Foothills Audio Video,foothillsav.com,foothillsav.com,,,,Seymour,Tennessee,US,37865
Prodigy,prodigyav.com,prodigyav.com,,,,Smyrna,Tennessee,US,37167
Security First Home Integration,smartwiring247.com,smartwiring247.com,,,,Smyrna,Tennessee,US,37167
Morgan Alarm Systems,morganalarmsystems.com,morganalarmsystems.com,,,,Soddy-Daisy,Tennessee,US,37343
Warner Audio & Video,warneraudiovideo.com,warneraudiovideo.com,,,,Taft,Tennessee,US,38488
"Cobb Home Innovations,LLC/ Smart Home,Home Theater,Electronics",cobbhomeinnovations.com,cobbhomeinnovations.com,,,,Woodbury,Tennessee,US,37190
"Sound and Screen, LLC",soundandscreen.net,soundandscreen.net,,,,Abilene,Texas,US,79602
"CinemaTech Home Theater Seating, Design, & Showroom",mycinematech.com,mycinematech.com,https://www.linkedin.com/company/cinematech-inc-,,,Addison,Texas,US,75001
"MediaHead, LLC",mediahead.co,mediahead.co,https://www.linkedin.com/company/mediahead-llc,,,Addison,Texas,US,75001
New Era AV Technologies LLC,neweradfw.com,neweradfw.com,,,,Addison,Texas,US,75001
Texadia Systems LLC,texadiasystems.com,texadiasystems.com,https://www.linkedin.com/company/texadia-systems,,,Addison,Texas,US,75001
Thoughtful Integrations,thoughtfulintegrations.com,thoughtfulintegrations.com,,,,Addison,Texas,US,75001
Full Tilt Customs,fulltiltcustoms.com,fulltiltcustoms.com,,,,Alamo,Texas,US,78516
A1 Security Gate & Intercom - Allen,a1gateintercom.com,a1gateintercom.com,,,,Allen,Texas,US,75002
Metroplex | Audio & Video,metrosmarthomes.com,metrosmarthomes.com,,,,Allen,Texas,US,75013
STELLAR HOME THEATER,livestellarnow.com,livestellarnow.com,,,,Allen,Texas,US,75013
Texas Custom Av & Security,tcavdallas.com,tcavdallas.com,,,,Allen,Texas,US,75013
WH Technologies,whsmarthome.com,whsmarthome.com,,,,Allen,Texas,US,75013
Pro AV Store,dfwhighendmedia.com,dfwhighendmedia.com,,,,Alvarado,Texas,US,76009
DB/AV System Designs,dbav.co,dbav.co,,,,Alvord,Texas,US,76225
EliteTech Innovations,etinnovations.net,etinnovations.net,,,,Anna,Texas,US,75409
Wired Technology Solutions,wired-ts.com,wired-ts.com,https://www.linkedin.com/company/wix-com,,,Anna,Texas,US,75409
AV Genius,avgenius.com,avgenius.com,,,,Arlington,Texas,US,76002
Stars Automation,starsautomation.com,starsautomation.com,,,,Arlington,Texas,US,76015
Vivint Smart Home,vivintsmarthomesystems.com,vivintsmarthomesystems.com,,,,Arlington,Texas,US,76011
Profocus Home Entertainment,profocushe.com,profocushe.com,https://www.linkedin.com/company/profocus-audio-video-inc,,,Aubrey,Texas,US,76227
U.G. Sat Tech & AV System LLC,ugsattechavsystemllc.com,ugsattechavsystemllc.com,,,,Aubrey,Texas,US,76227
A&B TV,abtvaustin.com,abtvaustin.com,,,,Austin,Texas,US,78757
AAA Control,goaaacontrol.com,goaaacontrol.com,https://www.linkedin.com/company/aaa-control-llc,,,Austin,Texas,US,78704
ATX Audio Post,atxaudiopost.com,atxaudiopost.com,,,,Austin,Texas,US,78702
ATX Automations LLC,atxautomations.com,atxautomations.com,,,,Austin,Texas,US,78702
ATX TV Mounting,atxtvmounting.com,atxtvmounting.com,,,,Austin,Texas,US,78701
ATXSmartHomes,atxsmarthomes.com,atxsmarthomes.com,,,,Austin,Texas,US,78701
AV Connect Smart Home Automation of Austin,avconnectonline.com,avconnectonline.com,,,,Austin,Texas,US,78757
All Star Home Security and Alarm Austin,allstarsecurity.com,allstarsecurity.com,,,,Austin,Texas,US,78751
Audion LLC,audionllc.com,audionllc.com,,,,Austin,Texas,US,78704
Austin Audio Video Simplified,austinaudiovideosimplified.com,austinaudiovideosimplified.com,,,,Austin,Texas,US,78748
Austin Home Automation,homeautomationaustin.com,homeautomationaustin.com,,,,Austin,Texas,US,78757
Austin Home Systems,austinhomesystems.com,austinhomesystems.com,,,,Austin,Texas,US,78756
BOND'S Television & Electronics,bondstv.com,bondstv.com,,,,Austin,Texas,US,78703
Bat City TV,batcitytv.com,batcitytv.com,,,,Austin,Texas,US,78752
Benny’s Home Tech Solutions LLC,bennyshometechsolutions.com,bennyshometechsolutions.com,,,,Austin,Texas,US,78731
Blu-Star Integrated Systems,blustarinstalls.com,blustarinstalls.com,,,,Austin,Texas,US,78754
Brivo - Cloud Security Access and Video Surveillance,brivo.com,brivo.com,,,,Austin,Texas,US,78746
CMIT Solutions of Austin Central,austinitsupport.com,austinitsupport.com,,,,Austin,Texas,US,78752
Digital AVenue,digitalavenue.us,digitalavenue.us,,,,Austin,Texas,US,78757
Electra Link,electralink.com,electralink.com,https://www.linkedin.com/company/electra-link,,,Austin,Texas,US,78759
"Elegant Audio Solutions, Inc.",elegantaudiosolutions.com,elegantaudiosolutions.com,,,,Austin,Texas,US,78737
Felix Media Solutions,felixmediasolutions.com,felixmediasolutions.com,,,,Austin,Texas,US,78704
Goto Automation,gotoautomation.com,gotoautomation.com,,,,Austin,Texas,US,78758
HAAS Home Technologies,haasht.com,haasht.com,https://www.linkedin.com/company/haas-home-technologies,,,Austin,Texas,US,78702
Hifi Install,hifiinstall.com,hifiinstall.com,,,,Austin,Texas,US,78703
HomePro,homeprotech.com,homeprotech.com,https://www.linkedin.com/company/homepro-inc.,,,Austin,Texas,US,78758
Homeva,thehomeva.com,thehomeva.com,https://www.linkedin.com/company/homeva,,,Austin,Texas,US,78757
Ideal Productions Austin Ltd,idealproductions.com,idealproductions.com,,,,Austin,Texas,US,78757
Lava Handyman (TV Mounting and Art installation),lavahandyman.com,lavahandyman.com,,,,Austin,Texas,US,78757
Lutron Ketra,ketra.com,ketra.com,,,,Austin,Texas,US,78741
Macauley Technologies,macauleytechnologies.com,macauleytechnologies.com,,,,Austin,Texas,US,78758
"Maestro Integrations, LLC",maestrointegrations.com,maestrointegrations.com,https://www.linkedin.com/company/maestro-integrations-llc,,,Austin,Texas,US,78758
Monarch Technologies,monarchtechtx.com,monarchtechtx.com,,,,Austin,Texas,US,78738
Net Solutions and Security LLC,nss1.org,nss1.org,,,,Austin,Texas,US,78748
Omega Broadcast & Cinema,omegabroadcast.com,omegabroadcast.com,,,,Austin,Texas,US,78753
Origin HiFi,originhifi.com,originhifi.com,,,,Austin,Texas,US,78729
ProVideo Solutions,pvsreps.com,pvsreps.com,,,,Austin,Texas,US,78731
Professional TV Mounting,professionaltvmounting.com,professionaltvmounting.com,,,,Austin,Texas,US,78749
QA Systems,qasystems.com,qasystems.com,,,,Austin,Texas,US,78724
Simple AV,simpleavaustintx.com,simpleavaustintx.com,https://www.linkedin.com/company/simpleavaustin,,,Austin,Texas,US,78752
SmartHauz,smarthauz.me,smarthauz.me,https://www.linkedin.com/company/smarthauz,,,Austin,Texas,US,78701
Sound Sanctuary Austin,soundsanctuaryaustin.com,soundsanctuaryaustin.com,,,,Austin,Texas,US,78738
TSV Sound & Vision,tsvatx.com,tsvatx.com,,,,Austin,Texas,US,78758
TV Mounting Austin TX,tvmountingaustintx.com,tvmountingaustintx.com,,,,Austin,Texas,US,78703
Texas Media Systems,texasmediasystems.com,texasmediasystems.com,,,,Austin,Texas,US,78756
Total Home Technologies,totalhometx.com,totalhometx.com,https://www.linkedin.com/company/total-home-technologies,,,Austin,Texas,US,78757
True Protection,truehomeprotection.com,truehomeprotection.com,,,,Austin,Texas,US,78704
Tv Mounting Austin,tvmountingaustin.com,tvmountingaustin.com,,,,Austin,Texas,US,78745
Underdog Audio Visual,underdogaudiorentals.com,underdogaudiorentals.com,,,,Austin,Texas,US,78756
"Waterloo Integrations, LLC",waterloointegrations.org,waterloointegrations.org,,,,Austin,Texas,US,78759
Brock Technology Group,brocktg.com,brocktg.com,,,,Beaumont,Texas,US,77707
Modern HiFi Nut,modernhifinut.com,modernhifinut.com,,,,Bedford,Texas,US,76021
Allied Home Technologies,ahttexas.com,ahttexas.com,,,,Benbrook,Texas,US,76126
Taylor Home Theater,taylorhometheater.net,taylorhometheater.net,,,,Brock,Texas,US,76087
Power Solutions Electric,powersolutionsep.com,powersolutionsep.com,,,,Canutillo,Texas,US,79835
AVL Dallas,avldallas.com,avldallas.com,,,,Carrollton,Texas,US,75006
Dallas Audio Post,dallasaudiopost.com,dallasaudiopost.com,,,,Carrollton,Texas,US,75006
DeVance Electronic Lifestyle,devance.tv,devance.tv,https://www.linkedin.com/company/devance-av-design-llc,,,Carrollton,Texas,US,75006
Home Theater Gallery,thehometheatergallery.com,thehometheatergallery.com,,,,Carrollton,Texas,US,75007
Bennett Technologies,gobentec.com,gobentec.com,https://www.linkedin.com/company/gobentec,,,Cedar Park,Texas,US,78613
Service Tech Inc,servicetechav.com,servicetechav.com,https://www.linkedin.com/company/service-tech-lsav,,,Cedar Park,Texas,US,78613
mero CONCEPTS,meroconcepts.com,meroconcepts.com,https://www.linkedin.com/company/mero-concepts,,,Cedar Park,Texas,US,78613
Automation Integration,automationintegration.net,automationintegration.net,,,,Celina,Texas,US,75009
Smart Home Solutions,smarthometexas.net,smarthometexas.net,,,,Colleyville,Texas,US,76034
Elite Automation & Technology,elite-at.com,elite-at.com,,,,Conroe,Texas,US,77302
New Generation Home Pro Inc – Home Alarm and Camera Systems,newgenerationhomepro.com,newgenerationhomepro.com,,,,Conroe,Texas,US,77304
Verum AV Solutions,verumav.com,verumav.com,,,,Conroe,Texas,US,77301
"Wired 4 Sound & Video, LLC",321wire.com,321wire.com,,,,Corinth,Texas,US,76210
360 Solutions Group,360tcpm.com,360tcpm.com,,,,Corpus Christi,Texas,US,78415
"Absolute Alarm, Inc.",absolutealarminc.com,absolutealarminc.com,,,,Corpus Christi,Texas,US,78413
Advanced Nations Audio Video,anavrentals.com,anavrentals.com,,,,Corpus Christi,Texas,US,78405
"American Integrated Solutions, Inc.",aisfirst.com,aisfirst.com,,,,Corpus Christi,Texas,US,78412
Avitech,avitech.org,avitech.org,,,,Corpus Christi,Texas,US,78418
B & R Telephone,brtelephone.com,brtelephone.com,,,,Corpus Christi,Texas,US,78411
Bodine-Scott Air Conditioning & Plumbing Co.,bodinescott.com,bodinescott.com,,,,Corpus Christi,Texas,US,78405
Circle Industries,circleind.com,circleind.com,https://www.linkedin.com/company/circle-industries-inc.,,,Corpus Christi,Texas,US,78418
Connect My New Home,connectmynewhome.com,connectmynewhome.com,,,,Corpus Christi,Texas,US,78415
Directek Inc.,directekinc.com,directekinc.com,,,,Corpus Christi,Texas,US,78415
Dynamark Security Centers,dynamark.cc,dynamark.cc,,,,Corpus Christi,Texas,US,78413
"E-Alarm & Surveillance, LLC",ealarmandsurveillance.com,ealarmandsurveillance.com,,,,Corpus Christi,Texas,US,78411
Eagle Automation Corporation,posci.net,posci.net,,,,Corpus Christi,Texas,US,78409
Echelon Home Theater and Security,echelonhts.com,echelonhts.com,,,,Corpus Christi,Texas,US,78411
Electronic Solutions Inc,texaselectronicsolutions.com,texaselectronicsolutions.com,,,,Corpus Christi,Texas,US,78413
G&C Optimization,gcoptimization.com,gcoptimization.com,,,,Corpus Christi,Texas,US,78408
High Touch Technologies,hightouchtechnologies.com,hightouchtechnologies.com,https://www.linkedin.com/company/high-touch-technologies,,,Corpus Christi,Texas,US,78411
Integrated Communication Services,icsdigitalmarketing.com,icsdigitalmarketing.com,,,,Corpus Christi,Texas,US,78411
LEDZ Production Studios,ledzproduction.com,ledzproduction.com,,,,Corpus Christi,Texas,US,78413
Legacy Alarms,legacyalarm.com,legacyalarm.com,,,,Corpus Christi,Texas,US,78413
MRI Automation,mriautomation.com,mriautomation.com,,,,Corpus Christi,Texas,US,78408
"Mathews CCAC Heating, Cooling, Plumbing & Electrical",ccacac.com,ccacac.com,,,,Corpus Christi,Texas,US,78411
NRG Engineering,nrgcc.com,nrgcc.com,https://www.linkedin.com/company/nrgcc,,,Corpus Christi,Texas,US,78411
"Praesidium Systems, Inc.",psionsite.com,psionsite.com,,,,Corpus Christi,Texas,US,78411
Precision Air,precisionaircc.com,precisionaircc.com,,,,Corpus Christi,Texas,US,78401
"Pro Tech Mechanical, Inc.",protechmech.com,protechmech.com,,,,Corpus Christi,Texas,US,78417
"RH Electrical and Maintenance, Inc.",rhelectricalandmaintenance.com,rhelectricalandmaintenance.com,,,,Corpus Christi,Texas,US,78415
Randolph Door & Lighting,randolphscc.com,randolphscc.com,,,,Corpus Christi,Texas,US,78415
Red Alarm,redalarmsecurity.com,redalarmsecurity.com,,,,Corpus Christi,Texas,US,78412
Schiit Audio,schiit.com,schiit.com,,,,Corpus Christi,Texas,US,78408
"Sec-Ops, Inc.",secopsinc.com,secopsinc.com,,,,Corpus Christi,Texas,US,78404
Solar Power Integrator,solarpowerintegrator.com,solarpowerintegrator.com,,,,Corpus Christi,Texas,US,78418
South Texas Comfort Control L.L.C,stccaire.com,stccaire.com,,,,Corpus Christi,Texas,US,78418
Swift Air,swiftaircc.com,swiftaircc.com,,,,Corpus Christi,Texas,US,78408
Synergy Home and Commercial Services,synergyhomeandcommercial.com,synergyhomeandcommercial.com,,,,Corpus Christi,Texas,US,78413
TexasTechs Pro AV Support,avcorpuschristi.com,avcorpuschristi.com,,,,Corpus Christi,Texas,US,78411
Third Coast Controls,thirdcoastcontrols.com,thirdcoastcontrols.com,,,,Corpus Christi,Texas,US,78401
coastal digital home technologies,coastaldigitalhometechnologies.com,coastaldigitalhometechnologies.com,,,,Corpus Christi,Texas,US,78418
Capitol Technology Group,capitoltechnologygroup.com,capitoltechnologygroup.com,https://www.linkedin.com/company/capitoltechnologygroup,,,Cypress,Texas,US,77429
Ace Integrated Technologies,aceintegratedtech.com,aceintegratedtech.com,,,,Dallas,Texas,US,75220
Audio Video Solutions,audiovideosolutions.org,audiovideosolutions.org,https://www.linkedin.com/company/audio-video-solutions-dfw,,,Dallas,Texas,US,75230
AudioConcepts,audio-concepts.com,audio-concepts.com,,,,Dallas,Texas,US,75230
Crossroads Audio Inc.,crossroadsaudio.com,crossroadsaudio.com,,,,Dallas,Texas,US,75220
Dallas Extreme,dallasextreme.com,dallasextreme.com,,,,Dallas,Texas,US,75252
Douglas Systems LLC,hometheaterinstallationdfw.com,hometheaterinstallationdfw.com,,,,Dallas,Texas,US,75254
Electronic Interiors Inc,electronicinteriors.net,electronicinteriors.net,,,,Dallas,Texas,US,75207
Elliston Systems & Design,ellistonsystems.com,ellistonsystems.com,,,,Dallas,Texas,US,75207
Evolve Technologies,evolvedallas.com,evolvedallas.com,https://www.linkedin.com/company/evolvedallas,,,Dallas,Texas,US,75208
Frontline AVS,frontlineavs.com,frontlineavs.com,,,,Dallas,Texas,US,75252
Highlife Audio Fabrication,highlife-audio.com,highlife-audio.com,,,,Dallas,Texas,US,75231
Hometronics Inc,hometronics.com,hometronics.com,,,,Dallas,Texas,US,75252
IQueue Media Company,iqueuemediacompany.com,iqueuemediacompany.com,,,,Dallas,Texas,US,75243
Integrated Lifestyles,integratedlifestylesinc.com,integratedlifestylesinc.com,https://www.linkedin.com/company/integrated-lifestyles,,,Dallas,Texas,US,75243
JM Integrators,jmintegrators.com,jmintegrators.com,,,,Dallas,Texas,US,75230
Kelltech Systems,kelltech.com,kelltech.com,,,,Dallas,Texas,US,75226
Kore Multimedia Solutions,koremmsolutions.com,koremmsolutions.com,,,,Dallas,Texas,US,75243
Metroplex Smart Homes,metroplexsmarthomes.com,metroplexsmarthomes.com,https://www.linkedin.com/company/metroplex-smart-homes,,,Dallas,Texas,US,75247
NTi Technologies Structured & Network Cabling,justcabling.com,justcabling.com,,,,Dallas,Texas,US,75234
OPTIMA,myoptimaservices.com,myoptimaservices.com,,,,Dallas,Texas,US,75254
Park Cities Audio Video,parkcitiesaudiovideo.com,parkcitiesaudiovideo.com,,,,Dallas,Texas,US,75206
Paul Labute Inc.,plabute.com,plabute.com,,,,Dallas,Texas,US,75238
Showtech Productions Inc,showtechproductions.com,showtechproductions.com,https://www.linkedin.com/company/2412988,,,Dallas,Texas,US,75247
SmartHome Electric Pros,pertok.com,pertok.com,,,,Dallas,Texas,US,75247
Starpower,star-power.com,star-power.com,,,,Dallas,Texas,US,75248
TV Mounting DFW LLC,tvmountingdfw.com,tvmountingdfw.com,,,,Dallas,Texas,US,75201
TV Mounting Dallas,tvmountingdallas.com,tvmountingdallas.com,,,,Dallas,Texas,US,75219
TekMax Technologies,tekmaxtechnologies.com,tekmaxtechnologies.com,,,,Dallas,Texas,US,75252
TruControls,trucontrols.com,trucontrols.com,,,,Dallas,Texas,US,75229
TruDefinition,trudefinition.com,trudefinition.com,https://www.linkedin.com/company/trudefinition,,,Dallas,Texas,US,75208
USA Smart Homes,usa-smarthomes.com,usa-smarthomes.com,,,,Dallas,Texas,US,75243
YES INSTALLATION,yesinstallation.com,yesinstallation.com,https://www.linkedin.com/company/yes-audio-video,,,Dallas,Texas,US,75228
AWS Smart Home,awssmarthome.com,awssmarthome.com,https://www.linkedin.com/company/aws-smart-home,,,DeSoto,Texas,US,75115
Adaptiv Automation,adaptivautomation.com,adaptivautomation.com,,,,Deer Park,Texas,US,77536
"CGI Systems Group, LLC",cgi-systems.com,cgi-systems.com,,,,Denton,Texas,US,76208
RGV Performance & Audio Shop,rgvperformance.com,rgvperformance.com,,,,Donna,Texas,US,78537
ElTech Electrical & Instrumentation LLP,eltechelectricinstruments.com,eltechelectricinstruments.com,,,,Edinburg,Texas,US,78539
"Texas Security Systems, LLC",tssrgv.com,tssrgv.com,,,,Edinburg,Texas,US,78541
1st Alarm Security El Paso,firstalarmsecurity.net,firstalarmsecurity.net,,,,El Paso,Texas,US,79938
A/V CONCEPTS AND SECURITY LLC,avconceptsandsecurity.com,avconceptsandsecurity.com,,,,El Paso,Texas,US,79935
"AVS Special Systems, Inc.",avselpaso.com,avselpaso.com,,,,El Paso,Texas,US,79924
AVX Tech Warehouse,avx-tech.com,avx-tech.com,,,,El Paso,Texas,US,79925
"Access Communications Group, LLC",acglp.com,acglp.com,,,,El Paso,Texas,US,79901
Advanced Broadcast Services,advancedbroadcastservices.com,advancedbroadcastservices.com,,,,El Paso,Texas,US,79912
Audio Express,audioexpress.com,audioexpress.com,,,,El Paso,Texas,US,79936
Audio Fanatics Llc,audiofanaticsllc.com,audiofanaticsllc.com,,,,El Paso,Texas,US,79904
Axess Multimedia,axess.agency,axess.agency,,,,El Paso,Texas,US,79903
Caldwell Electric,caldwellelectrical.com,caldwellelectrical.com,,,,El Paso,Texas,US,79935
"Camera Hogs, LLC",camerahogsllc.com,camerahogsllc.com,,,,El Paso,Texas,US,79932
Control & Electronics P G Co,controlelectronicspg.com,controlelectronicspg.com,,,,El Paso,Texas,US,79915
Control & Equipment Company,controlandequipment.com,controlandequipment.com,,,,El Paso,Texas,US,79903
"Custom AV, L.L.C.",customavd.com,customavd.com,,,,El Paso,Texas,US,79912
"Custom Domotics, LLC",customdomotics.com,customdomotics.com,,,,El Paso,Texas,US,79922
Dark and Loud,darkandloud.com,darkandloud.com,,,,El Paso,Texas,US,79936
Designer's Mart Showroom,designers-mart.com,designers-mart.com,,,,El Paso,Texas,US,79915
Elevate Home Services,elevatehomeupgradeservices.com,elevatehomeupgradeservices.com,,,,El Paso,Texas,US,79901
Entero Automation,enteroautomation.com,enteroautomation.com,,,,El Paso,Texas,US,79902
Everon,everonsolutions.com,everonsolutions.com,https://www.linkedin.com/company/everon-solutions,,,El Paso,Texas,US,79936
FRAME Studios,frame-video.com,frame-video.com,,,,El Paso,Texas,US,79905
Frontier Automation Inc.,frontierautomation.com,frontierautomation.com,,,,El Paso,Texas,US,79907
Goliath Security Services are El Paso's Surveillance and Smart Home Systems Experts,goliathsecurityservices.com,goliathsecurityservices.com,,,,El Paso,Texas,US,79907
HB Pro Sound,hbprosound.com,hbprosound.com,,,,El Paso,Texas,US,79905
"Hoffer Technologies, LLC.",hoffertechnologies.com,hoffertechnologies.com,,,,El Paso,Texas,US,79912
HomeWorx Solutions,homeworxsolutions.com,homeworxsolutions.com,,,,El Paso,Texas,US,79936
Itech Automation,itechelpaso.com,itechelpaso.com,,,,El Paso,Texas,US,79925
LEED Home and Business Solutions,leednow.com,leednow.com,,,,El Paso,Texas,US,79905
MDM Entertainment Productions​,mdmelp.com,mdmelp.com,,,,El Paso,Texas,US,79912
Maser Security Alarms INC,masersecurity.com,masersecurity.com,,,,El Paso,Texas,US,79936
Master Alarm Tech Systems LLC,masteralarmtech.com,masteralarmtech.com,,,,El Paso,Texas,US,79928
Owl Cartel Event Productions LLC,owlcartel.com,owlcartel.com,,,,El Paso,Texas,US,79936
"PC Automated Controls, Inc.",pcautomatedcontrols.com,pcautomatedcontrols.com,https://www.linkedin.com/company/pc-automated-controls-inc.,,,El Paso,Texas,US,79924
Prewire of El Paso Inc,prewireofelpaso.com,prewireofelpaso.com,,,,El Paso,Texas,US,79935
Protech Home Systems,protechhomesystems.com,protechhomesystems.com,,,,El Paso,Texas,US,79912
Resident Technology Security Services,resident-technology.com,resident-technology.com,,,,El Paso,Texas,US,79936
Results Video LLC,resultsvideo.com,resultsvideo.com,,,,El Paso,Texas,US,79922
Royal Elect Studios,royalelectstudios.com,royalelectstudios.com,,,,El Paso,Texas,US,79936
SRB PRO,srbpro.com,srbpro.com,,,,El Paso,Texas,US,79936
Secure Electrical Contractors Inc,securecontractorsinc.com,securecontractorsinc.com,,,,El Paso,Texas,US,79938
Smart House Improvement LLC,smarthouseimprovement.com,smarthouseimprovement.com,,,,El Paso,Texas,US,79936
SoundQuest,soundquestinc.com,soundquestinc.com,,,,El Paso,Texas,US,79912
South Coast Audio,southcoastaudio.com,southcoastaudio.com,,,,El Paso,Texas,US,79932
"System Integrations | El Paso, TX",systemintegrationsep.com,systemintegrationsep.com,,,,El Paso,Texas,US,79936
TechPro Audio and Video,techpro-av.com,techpro-av.com,,,,El Paso,Texas,US,79912
Texas Boombox Factory,texasboombox.com,texasboombox.com,,,,El Paso,Texas,US,79905
The Home Depot,homedepot.com,homedepot.com,,,,El Paso,Texas,US,79936
Thunderbird Digital,thunderbirddigital.com,thunderbirddigital.com,,,,El Paso,Texas,US,79912
Empire AV Services and Installations,empireservicesdallas.com,empireservicesdallas.com,,,,Farmers Branch,Texas,US,75244
Home Theater Design Group,h-t-d.com,h-t-d.com,https://www.linkedin.com/company/home-theater-design-group,,,Farmers Branch,Texas,US,75244
"Multimedia Solutions, Inc",multimediasolutionsgroup.com,multimediasolutionsgroup.com,,,,Farmers Branch,Texas,US,75234
Pro-TechT,pro-techt.com,pro-techt.com,,,,Farmers Branch,Texas,US,75234
Audio Video Solutions,avsolutionstx.com,avsolutionstx.com,https://www.linkedin.com/company/audio-video-solutions-denton,,,Flower Mound,Texas,US,75022
Fort Worth Lighting,ftworthlighting.com,ftworthlighting.com,,,,Forest Hill,Texas,US,76119
Smart Digital Life Home Security,atandtdigitallifehomesecurity.mybusiness.site,atandtdigitallifehomesecurity.mybusiness.site,,,,Fort Hood,Texas,US,76544
"Any Event Productions, LLC",anyevent.productions,anyevent.productions,,,,Fort Worth,Texas,US,76133
CED Group,cedgroupusa.com,cedgroupusa.com,,,,Fort Worth,Texas,US,76102
Chisholm Security,chisholmsecurity.com,chisholmsecurity.com,https://www.linkedin.com/company/chisholm-security,,,Fort Worth,Texas,US,76132
DC Car Audio,d-c-car-audio.poi.place,d-c-car-audio.poi.place,,,,Fort Worth,Texas,US,76119
DFW Security,dfwsecurity.com,dfwsecurity.com,https://www.linkedin.com/company/dfw-security,,,Fort Worth,Texas,US,76118
Digital Power House,hometheatersolutionsfortworth.com,hometheatersolutionsfortworth.com,,,,Fort Worth,Texas,US,76108
Eagle AVL,eagleavl.com,eagleavl.com,,,,Fort Worth,Texas,US,76140
H Customs Audio Video,hcustoms.com,hcustoms.com,,,,Fort Worth,Texas,US,76119
MechTrend Solutions LLC,mechtrend.com,mechtrend.com,,,,Fort Worth,Texas,US,76140
Seaton Automation LLC,seatonas.com,seatonas.com,,,,Fort Worth,Texas,US,76119
Sound Ideas,sihometheater.com,sihometheater.com,,,,Fort Worth,Texas,US,76116
TRUELOVE SECURITY,truelovesecurity.com,truelovesecurity.com,,,,Fort Worth,Texas,US,76104
Visionary Smarthomes,visionarysmarthomes.com,visionarysmarthomes.com,,,,Fort Worth,Texas,US,76137
Fused Electric,fusedelectrictx.com,fusedelectrictx.com,,,,Fredericksburg,Texas,US,78624
Ricks Audio Video,ricksav.com,ricksav.com,,,,Fredericksburg,Texas,US,78624
Jarvis Smart Homes,jarvissmarthomes.com,jarvissmarthomes.com,https://www.linkedin.com/company/jarvis-smart-homes,,,Friendswood,Texas,US,77546
AutoNation Ford Frisco,autonationfordfrisco.com,autonationfordfrisco.com,,,,Frisco,Texas,US,75034
BritePro AV Home Theater Showroom,briteproav.com,briteproav.com,,,,Frisco,Texas,US,75035
Center Stage A/V,centerstagetx.com,centerstagetx.com,,,,Frisco,Texas,US,75033
DFW AV PROS,dfwavpros.com,dfwavpros.com,,,,Frisco,Texas,US,75035
Divine Audio Visual,avoftomorrow.com,avoftomorrow.com,,,,Frisco,Texas,US,75033
Home Cinema Solutions,homecinema.solutions,homecinema.solutions,,,,Frisco,Texas,US,75034
Ideal Installs,idealinstalls.com,idealinstalls.com,,,,Frisco,Texas,US,75035
MS Installations,msinstallationsav.com,msinstallationsav.com,,,,Frisco,Texas,US,75034
PRO TV MOUNTING PLUS LLC,protvmountingplusllc.com,protvmountingplusllc.com,,,,Frisco,Texas,US,75034
Renewed Concepts,renewedconcepts.com,renewedconcepts.com,,,,Frisco,Texas,US,75034
Safe and Sound Unlimited,friscohomesecuritysystems.com,friscohomesecuritysystems.com,,,,Frisco,Texas,US,75034
Simpele,simpele.co,simpele.co,,,,Frisco,Texas,US,75036
Stereo East Home Theater,stereoeast.com,stereoeast.com,,,,Frisco,Texas,US,75034
TV MOUNTING SOLUTIONS,tvmounting-solutions.com,tvmounting-solutions.com,,,,Frisco,Texas,US,75034
Texas Smart Home Systems,texshs.com,texshs.com,,,,Frisco,Texas,US,75034
Theater Advice,theateradvice.com,theateradvice.com,,,,Frisco,Texas,US,75033
Texas Automation Systems,txautosys.com,txautosys.com,https://www.linkedin.com/company/texas-automation-systems,,,Grand Prairie,Texas,US,75050
Video General,videogeneral.com,videogeneral.com,https://www.linkedin.com/company/video-general-inc.,,,Grand Prairie,Texas,US,75050
"AGPAV, LLC",agpav.com,agpav.com,https://www.linkedin.com/company/agpav-llc,,,Grapevine,Texas,US,76051
Smart Home Construction,smarthomeconstruction.com,smarthomeconstruction.com,https://www.linkedin.com/company/smart-home-construction-ltd,,,Harlingen,Texas,US,78552
Next Level Automations,nextlevelautomations.net,nextlevelautomations.net,,,,Haslet,Texas,US,76052
Hoarty's Home & Commercial Services,timhoarty.com,timhoarty.com,,,,Heath,Texas,US,75032
Triumph AV,triumphav.com,triumphav.com,,,,Heath,Texas,US,75032
System Works Inc,systemworkshometheatre.com,systemworkshometheatre.com,,,,Helotes,Texas,US,78023
"Custom Integrators, LLC",mycustomintegrators.com,mycustomintegrators.com,,,,Hewitt,Texas,US,76643
Elite Audio Solutions,marblefallsaudio.com,marblefallsaudio.com,,,,Horseshoe Bay,Texas,US,78657
Horseshoe Bay Audio Video,hsbaudiovideo.com,hsbaudiovideo.com,,,,Horseshoe Bay,Texas,US,78657
Sound Design,sounddesigntx.com,sounddesigntx.com,,,,Horseshoe Bay,Texas,US,78657
3mA Audio,3maaudio.com,3maaudio.com,,,,Houston,Texas,US,77027
A Plus Audio Video Conferencing,aplusconferencing.com,aplusconferencing.com,,,,Houston,Texas,US,77063
AV2GO,av2go.com,av2go.com,,,,Houston,Texas,US,77081
AVS Concepts,avschouston.com,avschouston.com,,,,Houston,Texas,US,77040
Allied Home Security & Alarm Monitoring Houston,alliedhomesecurity.net,alliedhomesecurity.net,,,,Houston,Texas,US,77066
Audio Video Guys Inc.,avguys.net,avguys.net,,,,Houston,Texas,US,77040
Aveon Inc.,aveon.com,aveon.com,,,,Houston,Texas,US,77098
Brightengale,brightengale.com,brightengale.com,,,,Houston,Texas,US,77018
CTI - Houston,cti.com,cti.com,https://www.linkedin.com/company/conference-technologies,,,Houston,Texas,US,77055
ConnectOne,connectonesmarthome.com,connectonesmarthome.com,,,,Houston,Texas,US,77064
Custom Theater Solutions LLC,ctstheater.com,ctstheater.com,,,,Houston,Texas,US,77063
DataVox,datavox.net,datavox.net,,,,Houston,Texas,US,77072
Datasmart Home Technologies & Duncan Security Technology Showroom,datasmartllc.com,datasmartllc.com,https://www.linkedin.com/company/datasmart-duncansecurity,,,Houston,Texas,US,77064
Digital Delight,digitaldelight.com,digitaldelight.com,,,,Houston,Texas,US,77036
Digital Pro A/V Installations,dpinstall.com,dpinstall.com,,,,Houston,Texas,US,77074
Echo Workshop,echoworkshop.com,echoworkshop.com,,,,Houston,Texas,US,77082
Electronic Dreams,electronicdreams.biz,electronicdreams.biz,,,,Houston,Texas,US,77081
"Elevated AV Production, LLC",elevatedavproduction.com,elevatedavproduction.com,,,,Houston,Texas,US,77065
Empire AV Services & Installations LLC,empireavservices.com,empireavservices.com,,,,Houston,Texas,US,77027
EyeOn Integrated Systems,eyeonis.com,eyeonis.com,,,,Houston,Texas,US,77040
FE Smart Home,fesmarthome.com,fesmarthome.com,https://www.linkedin.com/company/fe-solutions,,,Houston,Texas,US,77057
First Source Electrical,fs-electrical.com,fs-electrical.com,,,,Houston,Texas,US,77041
Grid HiFi & Home Theater,gridhifi.com,gridhifi.com,https://www.linkedin.com/company/grid-hifi,,,Houston,Texas,US,77081
HOME SECURITY SYSTEMS,homesecuritysystemsinc.com,homesecuritysystemsinc.com,,,,Houston,Texas,US,77043
Hargrett Electronics LLC,hargrettelectronics.com,hargrettelectronics.com,https://www.linkedin.com/company/hargrett-electronics,,,Houston,Texas,US,77079
Home Gadgets,homegadget.net,homegadget.net,,,,Houston,Texas,US,77098
Home Theater Houston,hometheaterhouston.com,hometheaterhouston.com,,,,Houston,Texas,US,77056
Houston Custom Installers,houstoncustominstallers.com,houstoncustominstallers.com,https://www.linkedin.com/company/houstoncustominstallers,,,Houston,Texas,US,77056
Houston PerfectView TV Mounting,houstonperfectviewtvmounting.com,houstonperfectviewtvmounting.com,,,,Houston,Texas,US,77098
Houston Tv Installers LLC,houstontvinstallersllc.com,houstontvinstallersllc.com,,,,Houston,Texas,US,77057
Icon Luxury Sound,iconluxurysound.com,iconluxurysound.com,,,,Houston,Texas,US,77007
Infassure,infassure.com,infassure.com,,,,Houston,Texas,US,77063
Intralife Consulting - Home Technology,intralifeconsulting.com,intralifeconsulting.com,,,,Houston,Texas,US,77092
LD Systems,ldsystems.com,ldsystems.com,,,,Houston,Texas,US,77018
Light-Tech Inc.,lighttechinc.com,lighttechinc.com,,,,Houston,Texas,US,77035
Logan Home Theater & Automation,loganhometheater.com,loganhometheater.com,https://www.linkedin.com/company/logan-home-theater-automation,,,Houston,Texas,US,77099
M&M Lighting,mmlighting.com,mmlighting.com,,,,Houston,Texas,US,77081
MODIA Immersive Entertainment,modia.com,modia.com,,,,Houston,Texas,US,77057
"MODMEDIA SYSTEMS, LLC",modmediasystems.com,modmediasystems.com,,,,Houston,Texas,US,77024
Media Design,mediadesigninc.com,mediadesigninc.com,,,,Houston,Texas,US,77055
Media Systems Inc.,mediasystems.com,mediasystems.com,https://www.linkedin.com/company/media-systems-inc.,,,Houston,Texas,US,77024
Multimedia Tech Houston,mymultimediatech.com,mymultimediatech.com,,,,Houston,Texas,US,77006
NXT Level Smart Home,nxtlevelsmarthome.com,nxtlevelsmarthome.com,https://www.linkedin.com/company/nxt-level-smart-home-llc,,,Houston,Texas,US,77043
Noslar Ti,noslarti.com,noslarti.com,https://www.linkedin.com/company/noslar-t-i-inc-,,,Houston,Texas,US,77092
ONE10AV LLC,one10av.com,one10av.com,,,,Houston,Texas,US,77024
Otwav,otwav.com,otwav.com,https://www.linkedin.com/company/officialotwav,,,Houston,Texas,US,77036
Protech Communications Inc,protech-home.com,protech-home.com,,,,Houston,Texas,US,77033
RND Technology (Home Theater & Automation),rndtek.com,rndtek.com,,,,Houston,Texas,US,77084
Relative Home Systems,relativehomesystems.com,relativehomesystems.com,https://www.linkedin.com/company/relative-home-systems,,,Houston,Texas,US,77069
Simplistic Audio Video,simplisticav.com,simplisticav.com,,,,Houston,Texas,US,77055
SmartNUP,smartnuphomeautomation.com,smartnuphomeautomation.com,https://www.linkedin.com/company/smartnupllc,,,Houston,Texas,US,77042
Smooth Waves Home Automation Services,smoothwaveshouston.com,smoothwaveshouston.com,,,,Houston,Texas,US,77057
SounDesign.io,soundesign.io,soundesign.io,,,,Houston,Texas,US,77092
TV Installation Houston,tvinstallationhouston.com,tvinstallationhouston.com,,,,Houston,Texas,US,77002
TWIST Integration Solutions Technology (a TapeWorks Texas company),twistist.com,twistist.com,https://www.linkedin.com/company/twistist,,,Houston,Texas,US,77092
TX AV Productions,txavpro.com,txavpro.com,,,,Houston,Texas,US,77099
Techology-Experts,techology-experts.com,techology-experts.com,,,,Houston,Texas,US,77084
Texas Smart Integration,integratetx.com,integratetx.com,,,,Houston,Texas,US,77046
"The Shade Shop, Inc.",theshadeshop.net,theshadeshop.net,,,,Houston,Texas,US,77027
Titan Technology,titantechnology.tv,titantechnology.tv,https://www.linkedin.com/company/titan-technology-llc,,,Houston,Texas,US,77082
US I.T Infrastructure,usitinfrastructures.com,usitinfrastructures.com,,,,Houston,Texas,US,77079
Unique HD Audio Video Designs,uniquehd.net,uniquehd.net,https://www.linkedin.com/company/unique-hd,,,Houston,Texas,US,77055
Unlimited Integration,unlimitedintegration.com,unlimitedintegration.com,,,,Houston,Texas,US,77074
Way Better Sound and Visuals,wbsav.com,wbsav.com,https://www.linkedin.com/company/way-better-sound,,,Houston,Texas,US,77018
Xtreme Audio & Video,xtreme-audio-video.com,xtreme-audio-video.com,https://www.linkedin.com/company/xtreme-audio-and-video,,,Houston,Texas,US,77033
Zain Audiovisuals and Computer Sevices,zainav.com,zainav.com,,,,Houston,Texas,US,77099
iconic.systems,iconicinc.com,iconicinc.com,,,,Houston,Texas,US,77007
Clover Automation & Design,clovermyhome.com,clovermyhome.com,https://www.linkedin.com/company/cloverautomationanddesign,,,Hurst,Texas,US,76053
SAFE Solutions,safesolutions.us,safesolutions.us,,,,Hurst,Texas,US,76053
"BryComm, LLC",brycomm.com,brycomm.com,,,,Hutto,Texas,US,78634
Securimax Inc.,securimaxinc.com,securimaxinc.com,,,,Hutto,Texas,US,78634
Sterling AV Systems,sterlingavsystems.com,sterlingavsystems.com,,,,Hutto,Texas,US,78634
The Install Spot,theinstallspot.com,theinstallspot.com,,,,Irving,Texas,US,75063
FNC Home Theater,fnchometheater.com,fnchometheater.com,,,,Katy,Texas,US,77494
KMR AV,kmrav.com,kmrav.com,,,,Katy,Texas,US,77494
A V H D,advancedavhd.com,advancedavhd.com,,,,Keller,Texas,US,76248
Audio Video Technologies,myavt.com,myavt.com,,,,Kerrville,Texas,US,78028
MR Home Automation,mrhomeav.com,mrhomeav.com,,,,Kerrville,Texas,US,78028
"HomeSmart Experts, LLC",homesmartexperts.com,homesmartexperts.com,,,,Kingsland,Texas,US,78639
Simply VAST,simplyvast.com,simplyvast.com,,,,La Feria,Texas,US,78559
Texas State Alarm LLC,texasstatealarm.com,texasstatealarm.com,,,,La Feria,Texas,US,78559
AV Automation,avautomation.com,avautomation.com,,,,Lakeway,Texas,US,78734
"Next Electronic Systems, Inc.",nextav.com,nextav.com,https://www.linkedin.com/company/next-electronic-systems-inc-,,,Lakeway,Texas,US,78734
Genesis Home Theater & Hi-Fi,genesishts.com,genesishts.com,https://www.linkedin.com/company/genesis-home-theater-systems,,,Lewisville,Texas,US,75056
TJK Security & Automation,tjksecurity.com,tjksecurity.com,,,,Liberty Hill,Texas,US,78642
IGS Homeworks,igshomeworks.com,igshomeworks.com,https://www.linkedin.com/company/sellviadropshipping,,,Magnolia,Texas,US,77354
Para Integration,paraintegration.com,paraintegration.com,,,,Magnolia,Texas,US,77354
Simplified Integrations,simplifiedintegrations.com,simplifiedintegrations.com,https://www.linkedin.com/company/simplified-integrations,,,Magnolia,Texas,US,77355
Vision Integrated Systems,vision-texas.com,vision-texas.com,,,,Magnolia,Texas,US,77354
Demand Tech Now,demandtechnow.com,demandtechnow.com,,,,Mansfield,Texas,US,76063
"Infinity Sound, Ltd",infinity-sound.com,infinity-sound.com,https://www.linkedin.com/company/infinity-sound-co.,,,Mansfield,Texas,US,76063
Smart Home DFW,smarthomedfw.com,smarthomedfw.com,,,,Mansfield,Texas,US,76063
Designed Atmospheres,designedatmospheres.com,designedatmospheres.com,,,,Marble Falls,Texas,US,78654
Imagine Solutions,toimagine.com,toimagine.com,,,,Marble Falls,Texas,US,78654
A+ Glass Tinting,aplusglasstinting.com,aplusglasstinting.com,,,,McAllen,Texas,US,78501
ABSOLUTE Services,absolutemcallen.com,absolutemcallen.com,,,,McAllen,Texas,US,78504
Antares Systems,antares.systems,antares.systems,,,,McAllen,Texas,US,78504
Argus Alarms,argusalarms.com,argusalarms.com,,,,McAllen,Texas,US,78504
Automation Station,automationstation.net,automationstation.net,,,,McAllen,Texas,US,78504
Backstage Productions LLC,backstageproductions.us,backstageproductions.us,,,,McAllen,Texas,US,78504
By Contractor Renovation,bycontractor.com,bycontractor.com,,,,McAllen,Texas,US,78501
CUSTOM DESIGNS,customdesignstx.com,customdesignstx.com,,,,McAllen,Texas,US,78501
Cine El Rey,facebook.com,facebook.com,,,,McAllen,Texas,US,78501
Custom Audio Video,customavpros.com,customavpros.com,,,,McAllen,Texas,US,78504
D-Tronics - Car Audio & Window Tint,d-tronics.com,d-tronics.com,,,,McAllen,Texas,US,78501
D-Tronics Home & Business,dtronicshomeandbusiness.com,dtronicshomeandbusiness.com,https://www.linkedin.com/company/home-entertainment-by-d-tronics,,,McAllen,Texas,US,78501
D-Tronics Security,dtronicssecurity.com,dtronicssecurity.com,https://www.linkedin.com/company/home-entertainment-by-d-tronics,,,McAllen,Texas,US,78504
Elite Electric,eliteelectric-rgv.com,eliteelectric-rgv.com,,,,McAllen,Texas,US,78504
European Custom Lighting & Furnishing,europeancustomlighting.com,europeancustomlighting.com,,,,McAllen,Texas,US,78501
Guitar Center,stores.guitarcenter.com,stores.guitarcenter.com,,,,McAllen,Texas,US,78501
Hermes Music,hermesmusic.com,hermesmusic.com,,,,McAllen,Texas,US,78501
INGENIUM Projects Solutions and Services LLC,ingeniumpss.com,ingeniumpss.com,,,,McAllen,Texas,US,78504
Illuminations,illuminationsrgv.com,illuminationsrgv.com,,,,McAllen,Texas,US,78504
Intelligent Engineering Services,ie-services.com,ie-services.com,https://www.linkedin.com/company/intelligent-engineering-services-llp,,,McAllen,Texas,US,78501
LFD Home Furnishings,lfdfurniture.com,lfdfurniture.com,,,,McAllen,Texas,US,78503
Lexine Structured Wiring,lexinegroup.com,lexinegroup.com,,,,McAllen,Texas,US,78501
MARLEN'S GALLERY,marlensgallery.com,marlensgallery.com,,,,McAllen,Texas,US,78501
Mach 1 Media,m1mtx.com,m1mtx.com,,,,McAllen,Texas,US,78501
My Home LLC,myhomellc.us,myhomellc.us,,,,McAllen,Texas,US,78504
"ProElectric, LLC",proelectric.biz,proelectric.biz,,,,McAllen,Texas,US,78504
Rio Films,riofilms.tv,riofilms.tv,,,,McAllen,Texas,US,78501
Security International Inc State Lic #B02878,sialarm.net,sialarm.net,,,,McAllen,Texas,US,78504
Signature Homes,signaturehomestx.com,signaturehomestx.com,,,,McAllen,Texas,US,78501
Smart City Soft,smartcitysoft.com,smartcitysoft.com,,,,McAllen,Texas,US,78504
SmartBuild Construction,smartbuildtx.com,smartbuildtx.com,,,,McAllen,Texas,US,78504
Southern HA Automation,shaaonline.com,shaaonline.com,,,,McAllen,Texas,US,78501
"Southpoint Systems, LLC",southpointsystems.com,southpointsystems.com,,,,McAllen,Texas,US,78504
Super Alarms & Supplies LLC,supalarms.com,supalarms.com,,,,McAllen,Texas,US,78501
Superior Alarms,superioralarms.com,superioralarms.com,,,,McAllen,Texas,US,78501
TMR Services ITAD Life Cycle Solutions,tmr-services.com,tmr-services.com,,,,McAllen,Texas,US,78501
"Techstyles, a Division of Encompass Group, LLC",encompassgroup.net,encompassgroup.net,,,,McAllen,Texas,US,78503
The Exceptional Home Center,theexceptionalhomecenter.com,theexceptionalhomecenter.com,,,,McAllen,Texas,US,78504
Turnkey Communications,turnkeycommunications.com,turnkeycommunications.com,,,,McAllen,Texas,US,78504
Vicomm Video & Communications,vicommvc.com,vicommvc.com,,,,McAllen,Texas,US,78504
Precision Home Pros,precisionhomepro.com,precisionhomepro.com,,,,McKinney,Texas,US,75069
"Safe & Sound Technologies, Inc.",safeandsoundtechnologies.com,safeandsoundtechnologies.com,,,,McKinney,Texas,US,75070
TRUST TV MOUNTING & HOME SOLUTIONS,trusttvmounting.com,trusttvmounting.com,,,,McKinney,Texas,US,75069
myHomedia Home Theater,myhomedia.com,myhomedia.com,,,,McKinney,Texas,US,75070
Audio Video Solutions Texas LLC,avstex.com,avstex.com,,,,Mesquite,Texas,US,75150
Ace's Audio Alarm & Tint,acesaudio1.com,acesaudio1.com,,,,Mission,Texas,US,78572
"Esto Security Systems TX Lic#B18497, "" Your Authorized Home Alarm Brinks Dealer""",estosecuritysystems.com,estosecuritysystems.com,,,,Mission,Texas,US,78573
Home Digital Solutions LLC,homedigisolutions.net,homedigisolutions.net,,,,Mission,Texas,US,78573
Indigo Projectors,ebay.com,ebay.com,,,,Mission,Texas,US,78574
Entertainment Technology Solutions (ETS),imagineets.com,imagineets.com,,,,Missouri City,Texas,US,77489
Lighthouse Technologies,onelighthouse.com,onelighthouse.com,,,,Montgomery,Texas,US,77316
R2R Technology,r2rtechnology.com,r2rtechnology.com,,,,Montgomery,Texas,US,77316
Hydrotunes - Texas Audio Video Integration,hydrotunes.com,hydrotunes.com,,,,New Braunfels,Texas,US,78132
Texas Home Systems,texashomesystems.com,texashomesystems.com,,,,New Braunfels,Texas,US,78130
Grupo Telco LLC,gptelco.com,gptelco.com,,,,Palmview,Texas,US,78572
Zilla IT Consulting,zillaitconsulting.com,zillaitconsulting.com,,,,Pharr,Texas,US,78577
DFW Home Theater LLC,dfwaffordablehometheater.com,dfwaffordablehometheater.com,,,,Pilot Point,Texas,US,76258
Advanced Home Theater Systems,advancedhometheater.com,advancedhometheater.com,,,,Plano,Texas,US,75075
Arteriors The Outlet,arteriorshome.com,arteriorshome.com,,,,Plano,Texas,US,75093
Ashley Store,stores.ashleyfurniture.com,stores.ashleyfurniture.com,,,,Plano,Texas,US,75075
BK Pro TV Mounting +,tvmountingplanotx.com,tvmountingplanotx.com,,,,Plano,Texas,US,75093
Core AV Solutions,coreav.net,coreav.net,,,,Plano,Texas,US,75074
Digitalholics,digitalholics.com,digitalholics.com,,,,Plano,Texas,US,75024
Grainger Industrial Supply,grainger.com,grainger.com,,,,Plano,Texas,US,75074
InHouse Systems - Plano,inhousesys.com,inhousesys.com,,,,Plano,Texas,US,75074
Lamps Plus,lampsplus.com,lampsplus.com,https://www.linkedin.com/company/lamps-plus,,,Plano,Texas,US,75093
Plano Outdoor Lighting Co,planooutdoorlightingco.com,planooutdoorlightingco.com,,,,Plano,Texas,US,75074
Premier Lighting & Home Automation,premierhas.com,premierhas.com,,,,Plano,Texas,US,75024
Smith Thompson Home Security and Alarm Dallas,smiththompson.com,smiththompson.com,,,,Plano,Texas,US,75024
Solomon Security Plano,solomonsecuritytx.com,solomonsecuritytx.com,,,,Plano,Texas,US,75093
"Sound Ideas Production Group, Inc.",soundideastx.com,soundideastx.com,https://www.linkedin.com/company/sipg,,,Plano,Texas,US,75074
TV Installation Service - Same Day Install,tvinstallationdfw.com,tvinstallationdfw.com,,,,Plano,Texas,US,75093
Tesla Alarm and Electrical,teslaae.com,teslaae.com,,,,Plano,Texas,US,75074
Time Matters Entertainment,timemattersentertainment.com,timemattersentertainment.com,,,,Plano,Texas,US,75074
"Tyler Technologies, Inc.",tylertech.com,tylertech.com,https://www.linkedin.com/company/tyler-technologies,,,Plano,Texas,US,75024
ebode,ebodetech.com,ebodetech.com,,,,Plano,Texas,US,75093
71 Concepts LLC,71concepts.com,71concepts.com,,,,Richardson,Texas,US,75081
Integrity Control Services,ics-tx.com,ics-tx.com,,,,Richardson,Texas,US,75081
Athans Audio Visual,athansaudiovisual.com,athansaudiovisual.com,,,,Richland Hills,Texas,US,76118
SOL Automation LLC,solautomationllc.com,solautomationllc.com,,,,Richmond,Texas,US,77469
"Master Video Systems, Inc.",mastervideo.net,mastervideo.net,https://www.linkedin.com/company/master-video-systems-inc-,,,Rockwall,Texas,US,75087
NXG Services,nxgservice.com,nxgservice.com,,,,Rockwall,Texas,US,75032
Omni Audio Video LLC,omniav.com,omniav.com,,,,Rockwall,Texas,US,75032
Raptor IT Solutions,raptor.solutions,raptor.solutions,https://www.linkedin.com/company/raptor-it-solutions,,,Rockwall,Texas,US,75032
Trademark Install,trademarkinstall.com,trademarkinstall.com,,,,Rockwall,Texas,US,75032
"Wired! Audio Video, LLC",wiredaudiovideo.com,wiredaudiovideo.com,,,,Rockwall,Texas,US,75087
Audio Visual Consultations,avconsultations.com,avconsultations.com,,,,Round Rock,Texas,US,78681
Budget Audio and Video,budgetaudiovideo.business.site,budgetaudiovideo.business.site,,,,Round Rock,Texas,US,78664
PLURfect Smart Home Innovations,plurinnovate.com,plurinnovate.com,,,,Round Rock,Texas,US,78665
Green Electronic Solutions,greenelectronicsolutions.com,greenelectronicsolutions.com,,,,Rowlett,Texas,US,75088
"Hyatt Technical Services, Inc.",hytechservices.com,hytechservices.com,https://www.linkedin.com/company/hyatt-technical-services-inc-,,,Rowlett,Texas,US,75088
"Nelson Automation Systems, Inc.",nelsonautomation.com,nelsonautomation.com,,,,Rowlett,Texas,US,75088
SECUREPRO - Home and Business Security Systems and Camera Systems,secureprodfw.com,secureprodfw.com,,,,Saginaw,Texas,US,76179
316 Security & Home Automation,316security.com,316security.com,,,,San Antonio,Texas,US,78251
3Sixty Integrated,3sixtyintegrated.com,3sixtyintegrated.com,,,,San Antonio,Texas,US,78216
A V Technologies,a-vtechnologies.com,a-vtechnologies.com,,,,San Antonio,Texas,US,78216
APEX Smart Home,getapexsmart.com,getapexsmart.com,https://www.linkedin.com/company/apex-smart-home-protection,,,San Antonio,Texas,US,78229
"AV Calibrations, LLC",avcalibrationstx.com,avcalibrationstx.com,https://www.linkedin.com/company/av-calibrations-llc,,,San Antonio,Texas,US,78216
AV Source,avsourcerentals.com,avsourcerentals.com,,,,San Antonio,Texas,US,78216
AV Technical Support,avtechnicalsupport.com,avtechnicalsupport.com,https://www.linkedin.com/company/av-technical-support,,,San Antonio,Texas,US,78233
Accurate Automation and Controls,aac-tx.com,aac-tx.com,,,,San Antonio,Texas,US,78217
Advanced Homes,advancedhomestx.com,advancedhomestx.com,,,,San Antonio,Texas,US,78229
Alamo Smart Home,alamosmarthome.com,alamosmarthome.com,,,,San Antonio,Texas,US,78216
Alamo TV Mounting Service,alamotvmountingservice.com,alamotvmountingservice.com,https://www.linkedin.com/company/alamo-tv-mounting-service,,,San Antonio,Texas,US,78202
"Alarm Consult - Home Security in San Antonio, Texas",alarmconsult.com,alarmconsult.com,,,,San Antonio,Texas,US,78258
Audio By Art,audiobyart.com,audiobyart.com,,,,San Antonio,Texas,US,78238
Audio EnginEARing Institute,audio-eng.com,audio-eng.com,,,,San Antonio,Texas,US,78240
Audio Geeks,audiogeeks.com,audiogeeks.com,,,,San Antonio,Texas,US,78249
Audio Visual Aids,audiovisualaids.com,audiovisualaids.com,,,,San Antonio,Texas,US,78212
Automated Wiring Systems LLC,automatedwiringsystems.com,automatedwiringsystems.com,,,,San Antonio,Texas,US,78249
Bjorn's Audio Video,bjorns.com,bjorns.com,,,,San Antonio,Texas,US,78232
CG Smart Home,cgsmarthome.com,cgsmarthome.com,,,,San Antonio,Texas,US,78216
Chorus Security,callchorus.com,callchorus.com,https://www.linkedin.com/company/callchorus,,,San Antonio,Texas,US,78216
Cosmo Technology Rentals,cosmoaudiovisual.com,cosmoaudiovisual.com,,,,San Antonio,Texas,US,78216
Direct Motion Technologies,directmotiontechnologies.com,directmotiontechnologies.com,,,,San Antonio,Texas,US,78205
Dominion Design and Integration,dominiontx.com,dominiontx.com,,,,San Antonio,Texas,US,78249
EControls,econtrols.com,econtrols.com,https://www.linkedin.com/company/econtrols,,,San Antonio,Texas,US,78249
"ETech Integration, LLC",etechintegration.com,etechintegration.com,,,,San Antonio,Texas,US,78216
Fort Knox Home Security and Alarm San Antonio,fortknoxhomesecurity.com,fortknoxhomesecurity.com,,,,San Antonio,Texas,US,78217
"Fortress Link Security & Integration, LLC",fortresslinksecurity.com,fortresslinksecurity.com,,,,San Antonio,Texas,US,78266
H3 Automation & Controls LLC,h3automationcontrols.com,h3automationcontrols.com,,,,San Antonio,Texas,US,78233
Home Pros for Texas,homepros4tx.com,homepros4tx.com,,,,San Antonio,Texas,US,78216
Home Technology Group,satheater.com,satheater.com,,,,San Antonio,Texas,US,78216
Home Theater Installation,sanantoniohometheaterinstallationpros.com,sanantoniohometheaterinstallationpros.com,,,,San Antonio,Texas,US,78212
"Home on a Hill.LLC Lighting, Electric services & Home Automation",homeonahillsa.com,homeonahillsa.com,,,,San Antonio,Texas,US,78256
Hunter Service Group,hunterservicegroup.com,hunterservicegroup.com,https://www.linkedin.com/company/hunter-service-group,,,San Antonio,Texas,US,78249
Integral AV Solutions,integral-av.com,integral-av.com,,,,San Antonio,Texas,US,78216
JAVI A/V,javiav.com,javiav.com,,,,San Antonio,Texas,US,78249
JV Solutions TX LLC,jvsolutionstx.com,jvsolutionstx.com,,,,San Antonio,Texas,US,78203
LAW Security,lawsecurity.com,lawsecurity.com,,,,San Antonio,Texas,US,78230
Lighting Inc.,lightinginc.com,lightinginc.com,,,,San Antonio,Texas,US,78248
Lonestar Electric Supply,lonestarelectricsupply.com,lonestarelectricsupply.com,https://www.linkedin.com/company/lonestar,,,San Antonio,Texas,US,78217
Markey's AV,markeys.com,markeys.com,https://www.linkedin.com/company/markeys-experiences,,,San Antonio,Texas,US,78258
Mimis Audio & Video,sanantonioaudiovideo.com,sanantonioaudiovideo.com,,,,San Antonio,Texas,US,78216
Mission Controls & Automation,mission-controls.com,mission-controls.com,,,,San Antonio,Texas,US,78220
Mood Texas,moodtexas.com,moodtexas.com,,,,San Antonio,Texas,US,78218
NOVA Integrated Systems,novaintegrated.co,novaintegrated.co,,,,San Antonio,Texas,US,78257
"Nelco Media, Inc.",nelcomedia.net,nelcomedia.net,,,,San Antonio,Texas,US,78212
"RTH Automation, Inc.",rthautomation.com,rthautomation.com,,,,San Antonio,Texas,US,78219
Revamped Security - ADT Authorized Dealer,revampedsecurity.com,revampedsecurity.com,,,,San Antonio,Texas,US,78230
Rue Technologies,ruetechnologies.com,ruetechnologies.com,,,,San Antonio,Texas,US,78258
S&G Technologies,sgtechoftexas.com,sgtechoftexas.com,,,,San Antonio,Texas,US,78264
SAT Audio Visual,sataudiovisualtx.com,sataudiovisualtx.com,,,,San Antonio,Texas,US,78216
San Antonio Alarm Company Inc.,sanantonioalarmcompany.com,sanantonioalarmcompany.com,,,,San Antonio,Texas,US,78232
San Antonio Smart Solutions,satxsmart.com,satxsmart.com,,,,San Antonio,Texas,US,78217
San Antonio Sound & Light,saslonline.com,saslonline.com,,,,San Antonio,Texas,US,78216
TCL Tech Solutions,tcltechsolutions.com,tcltechsolutions.com,,,,San Antonio,Texas,US,78254
TV On The Wall – TV Mounting Service,tvonthewall.com,tvonthewall.com,,,,San Antonio,Texas,US,78251
Technical Services Group of San Antonio,tsgsan.com,tsgsan.com,,,,San Antonio,Texas,US,78232
Texas AVL,texasavl.com,texasavl.com,https://www.linkedin.com/company/texasavl,,,San Antonio,Texas,US,78205
Texas Media Experts,texasmediaexperts.com,texasmediaexperts.com,,,,San Antonio,Texas,US,78216
Tower Electric,towerelectric.net,towerelectric.net,,,,San Antonio,Texas,US,78219
Turney Lighting & Electric,turneylighting.com,turneylighting.com,,,,San Antonio,Texas,US,78230
Urban Audio Video,urbanav.com,urbanav.com,,,,San Antonio,Texas,US,78257
Vivint,vivint.com,vivint.com,https://www.linkedin.com/company/vivint,,,San Antonio,Texas,US,78256
WAVE Electronics,wave-electronics.com,wave-electronics.com,,,,San Antonio,Texas,US,78216
Multitech Inc.,multitechincorporated.com,multitechincorporated.com,,,,San Benito,Texas,US,78586
"Automation Designs, Inc.",automationdesignsinc.com,automationdesignsinc.com,,,,San Marcos,Texas,US,78666
J3 Automated Systems,j3.systems,j3.systems,,,,Selma,Texas,US,78154
"Coyote Automation Solutions, Inc",coyoteautomation.com,coyoteautomation.com,,,,Socorro,Texas,US,79927
Comware AV,comwareav.com,comwareav.com,,,,Southlake,Texas,US,76092
"Custom Media, Inc",dfwcustommedia.com,dfwcustommedia.com,,,,Southlake,Texas,US,76092
DB Media Solutions,dbmediasolutions.com,dbmediasolutions.com,,,,Southlake,Texas,US,76092
Digital Resources Inc,digitalresources.com,digitalresources.com,,,,Southlake,Texas,US,76092
Elite AV and Lighting,eliteavi.com,eliteavi.com,,,,Southlake,Texas,US,76092
Futurian Systems - North Texas,futuriansystems.com,futuriansystems.com,,,,Southlake,Texas,US,76092
Modern Media,modernmediaav.com,modernmediaav.com,,,,Southlake,Texas,US,76092
TechLife,techlifeav.com,techlifeav.com,,,,Southlake,Texas,US,76092
Define Audio Video,defineav.com,defineav.com,,,,Spring,Texas,US,77380
Grizzly Tec,grizzlytec.com,grizzlytec.com,https://www.linkedin.com/company/grizzlytec,,,Spring,Texas,US,77386
J & K Electronics - Houston Home Automation,jandkelectronics.com,jandkelectronics.com,,,,Spring,Texas,US,77373
Refined Systems,refinedsystems.com,refinedsystems.com,https://www.linkedin.com/company/refined-systems-llc,,,Spring,Texas,US,77373
Superior TV Mounting,superiortvmounting.com,superiortvmounting.com,,,,Spring,Texas,US,77386
TV Mounting & Home Theater Of Spring,houstontvmounting.com,houstontvmounting.com,,,,Spring,Texas,US,77379
i.e. Smart Systems,iesmartsystems.com,iesmartsystems.com,https://www.linkedin.com/company/iesmartsystems-l.l.c.,,,Spring,Texas,US,77373
"iTech Monitoring, Inc.",itechmonitoring.com,itechmonitoring.com,,,,Spring,Texas,US,77386
Ultimate Security & Audio Video,usavpro.com,usavpro.com,,,,Spring Branch,Texas,US,78070
Audio Visual Technologies Group,avtg.com,avtg.com,,,,Stafford,Texas,US,77477
AV Security's Inc,avsecuritys.com,avsecuritys.com,,,,Sugar Land,Texas,US,77478
Mission Digital LLC,missiondigital.io,missiondigital.io,,,,Sugar Land,Texas,US,77479
Bravas Dallas-Fort Worth,bravas.com,bravas.com,https://www.linkedin.com/company/bravas-llc,,,The Colony,Texas,US,75056
Advocate Security LLC.,thewoodlandshomeautomation.com,thewoodlandshomeautomation.com,,,,The Woodlands,Texas,US,77380
Innovative Concepts Tx,innovativeconceptstx.com,innovativeconceptstx.com,,,,The Woodlands,Texas,US,77380
Smart Builder TX,smartbuildertx.com,smartbuildertx.com,,,,The Woodlands,Texas,US,77380
Trademark Systems,trademarkav.com,trademarkav.com,,,,The Woodlands,Texas,US,77389
"Bespoke Automation, LLC",bespokeautomationtx.com,bespokeautomationtx.com,,,,Tomball,Texas,US,77377
KBA Electric and Home Media Pros,homemediapros.com,homemediapros.com,https://www.linkedin.com/company/home-media-professionals,,,Tomball,Texas,US,77375
Audio Video Innovations,audiovideoinnovations.us,audiovideoinnovations.us,,,,Victoria,Texas,US,77904
Smarter Homes,smarterhomesaustin.com,smarterhomesaustin.com,https://www.linkedin.com/company/33294282,,,West Lake Hills,Texas,US,78746
Digital Habitats,mydigitalhabitat.com,mydigitalhabitat.com,,,,Wylie,Texas,US,75098
FullHouse Smart Homes,fullhousesmarthomes.com,fullhousesmarthomes.com,,,,Wylie,Texas,US,75098
Home Theater Direct,htd.com,htd.com,,,,Wylie,Texas,US,75098
TZM Tech,tzmtechservices.com,tzmtechservices.com,,,,Wylie,Texas,US,75098
Monster Media & Automation,monsterautomation.com,monsterautomation.com,,,,Alpine,Utah,US,84004
Show & Tell AV Solutions,showandtellav.com,showandtellav.com,https://www.linkedin.com/company/av-solutions-of-utah,,,Bountiful,Utah,US,84010
Utah Audio,utahaudio.com,utahaudio.com,,,,Cottonwood Heights,Utah,US,84121
AVI Systems,avi-utah.com,avi-utah.com,,,,Draper,Utah,US,84020
Big Fish Audio Video,bigfishautomation.com,bigfishautomation.com,,,,Draper,Utah,US,84020
Lighting Design,lightingdesign.com,lightingdesign.com,,,,Draper,Utah,US,84020
Lighting Group Utah,lgulc.com,lgulc.com,,,,Draper,Utah,US,84020
Philm Gear Audio Visual Solutions,philmgear.com,philmgear.com,https://www.linkedin.com/company/philm-gear-inc-,,,Draper,Utah,US,84020
WISE Security Solutions,wisesecuritysolutions.com,wisesecuritysolutions.com,,,,Draper,Utah,US,84020
Riverbend Automation,riverbendautomation.com,riverbendautomation.com,,,,Fruit Heights,Utah,US,84037
Techi AV,techiav.com,techiav.com,,,,Heber City,Utah,US,84032
Clover Smart Home,cloversmarthome.com,cloversmarthome.com,,,,Kaysville,Utah,US,84037
Lynn's Audio Video,lynnsaudiovideo.com,lynnsaudiovideo.com,,,,Logan,Utah,US,84341
Nova Lighting,novalighting.com,novalighting.com,,,,Midvale,Utah,US,84047
AMT Integration,amtintegration.com,amtintegration.com,,,,Murray,Utah,US,84107
Absolute AV,aavtechnology.com,aavtechnology.com,https://www.linkedin.com/company/absolute-audio-visuals,,,Murray,Utah,US,84123
CSD Audio,csdaudio.com,csdaudio.com,,,,Murray,Utah,US,84107
Smart Tech Designs,smarttechutah.com,smarttechutah.com,,,,Murray,Utah,US,84121
Smt Services Inc,smtutah.com,smtutah.com,,,,Murray,Utah,US,84123
SOLUS Living,solusliving.com,solusliving.com,,,,North Salt Lake,Utah,US,84054
Home Pros Home Services,hpros.com,hpros.com,,,,Orem,Utah,US,84058
Legion Automation,legionav.com,legionav.com,,,,Orem,Utah,US,84058
Link AV,linkavutah.com,linkavutah.com,https://www.linkedin.com/company/link-av,,,Orem,Utah,US,84058
Onyx Automation,onyx-automation.com,onyx-automation.com,,,,Orem,Utah,US,84058
ATI of America/SOLUS,ati-america.com,ati-america.com,https://www.linkedin.com/company/ati-of-america,,,Park City,Utah,US,84060
Brite AV Solutions,briteav.com,briteav.com,https://www.linkedin.com/company/brite-av-solutions-llc,,,Park City,Utah,US,84098
Chesley Electric,chesleyelectric.com,chesleyelectric.com,,,,Park City,Utah,US,84098
Elevation Sight and Sound,elevationsightandsound.com,elevationsightandsound.com,,,,Park City,Utah,US,84060
GTC Electric,gtcelectric.com,gtcelectric.com,,,,Park City,Utah,US,84098
Lifestyle Electronics,lifestyleelectronics.com,lifestyleelectronics.com,https://www.linkedin.com/company/lifestyle-electronics-1,,,Park City,Utah,US,84098
Nerve Park City,nerve.tv,nerve.tv,,,,Park City,Utah,US,84098
Park City Home Theater,parkcityhometheater.com,parkcityhometheater.com,,,,Park City,Utah,US,84098
Park City Integration,parkcityintegration.com,parkcityintegration.com,,,,Park City,Utah,US,84060
Peak Alarm Company,peakalarm.com,peakalarm.com,,,,Park City,Utah,US,84060
Renovate Park City,renovateparkcity.com,renovateparkcity.com,,,,Park City,Utah,US,84098
Wasatch Audio Visual & Productions,wasatchav.com,wasatchav.com,,,,Park City,Utah,US,84098
Audio Design & Automation,audiodesign-ut.com,audiodesign-ut.com,,,,Salt Lake City,Utah,US,84101
"AudioWorks, Inc. — Luxury Home Automation & AV Design | Lighting Control | Networks | Security | Shades",audioworks.net,audioworks.net,,,,Salt Lake City,Utah,US,84115
Build26,build26.com,build26.com,,,,Salt Lake City,Utah,US,84104
Building Controls and Solutions - Salt Lake City | Building Automation Parts Distributor,building-controls.com,building-controls.com,,,,Salt Lake City,Utah,US,84115
ClearVista,goclearvista.com,goclearvista.com,,,,Salt Lake City,Utah,US,84115
Davis Audio Visual,davisav.com,davisav.com,,,,Salt Lake City,Utah,US,84101
Desktop Visual Products,desktopvisuals.com,desktopvisuals.com,,,,Salt Lake City,Utah,US,84101
Digital Bytes - Production & Design,digitalbytes.tv,digitalbytes.tv,,,,Salt Lake City,Utah,US,84121
Directlink Marketing & Comm,directlinkmar.com,directlinkmar.com,,,,Salt Lake City,Utah,US,84101
Downtown Audio,downtownaudio-slc.com,downtownaudio-slc.com,,,,Salt Lake City,Utah,US,84101
General Theatrical Supply,gtsmarketplace.com,gtsmarketplace.com,,,,Salt Lake City,Utah,US,84115
Hammerton,hammerton.com,hammerton.com,,,,Salt Lake City,Utah,US,84116
IP Pro Tech,ipprotech.com,ipprotech.com,,,,Salt Lake City,Utah,US,84106
Lynk Engineers,lynkengineers.com,lynkengineers.com,https://www.linkedin.com/company/lynkengineers,,,Salt Lake City,Utah,US,84111
Marshall Industries,marshallind.com,marshallind.com,,,,Salt Lake City,Utah,US,84120
Mountain States Home Automation,mtnstates.net,mtnstates.net,,,,Salt Lake City,Utah,US,84115
"Performance Audio, LLC",performanceaudio.com,performanceaudio.com,,,,Salt Lake City,Utah,US,84115
Pictureline,pictureline.com,pictureline.com,,,,Salt Lake City,Utah,US,84101
Poll Sound,pollsound.com,pollsound.com,,,,Salt Lake City,Utah,US,84107
Pro Audio Recording and Editing.,audiostarinc.com,audiostarinc.com,,,,Salt Lake City,Utah,US,84101
Pro Automation Inc,proautomationusa.com,proautomationusa.com,,,,Salt Lake City,Utah,US,84104
RC Willey,rcwilley.com,rcwilley.com,,,,Salt Lake City,Utah,US,84115
ShadeCo,myshadeco.com,myshadeco.com,,,,Salt Lake City,Utah,US,84105
Take One Audiovisual,takeoneav.com,takeoneav.com,https://www.linkedin.com/company/takeoneav,,,Salt Lake City,Utah,US,84115
Techmedia Films,techmediafilms.com,techmediafilms.com,,,,Salt Lake City,Utah,US,84118
"Technology Providers, Inc.",technoprov.com,technoprov.com,https://www.linkedin.com/company/213896,,,Salt Lake City,Utah,US,84104
Tri-City Alarm Co,tricityalarm.com,tricityalarm.com,,,,Salt Lake City,Utah,US,84115
Visual Production Studios,visualproductionstudios.com,visualproductionstudios.com,https://www.linkedin.com/company/visual-production-studios,,,Salt Lake City,Utah,US,84117
WEBB Integration,webbintegration.com,webbintegration.com,https://www.linkedin.com/company/42921843,,,Salt Lake City,Utah,US,84104
Argenta Home Theaters and Automation,argentanow.com,argentanow.com,,,,Sandy,Utah,US,84070
Big Sky AV,bigskyav-utah.com,bigskyav-utah.com,,,,Sandy,Utah,US,84070
"Complete Automation Design, LLC",complete-ad.com,complete-ad.com,,,,Snyderville,Utah,US,84098
Park City Audio Visual,pcavutah.com,pcavutah.com,,,,Snyderville,Utah,US,84098
Newport Audio Video & Electric,newport-ave.com,newport-ave.com,https://www.linkedin.com/company/newport-audio-video-&-electrical,,,South Jordan,Utah,US,84095
Smart Home of Utah,contractappliancesales.com,contractappliancesales.com,,,,South Jordan,Utah,US,84095
"Audio Video Systems, Inc.",avsutah.com,avsutah.com,,,,South Salt Lake,Utah,US,84115
Commercial Lighting Supply Inc,commerciallightinginc.com,commerciallightinginc.com,,,,South Salt Lake,Utah,US,84119
Custom Sound Company,customsoundco.com,customsoundco.com,,,,South Salt Lake,Utah,US,84115
Smart Building Solutions DBA Intellivex,intellivex.com,intellivex.com,https://www.linkedin.com/company/intellivex,,,South Salt Lake,Utah,US,84115
Sound Warehouse,soundwarehouse.com,soundwarehouse.com,,,,South Salt Lake,Utah,US,84115
Advanced Integrated Systems - Smart Home Automation & Home Theater,aisav.com,aisav.com,https://www.linkedin.com/company/utah-advanced-integrated-systems,,,Tremonton,Utah,US,84337
Audio Enhancement,audioenhancement.com,audioenhancement.com,https://www.linkedin.com/company/audioenhancement,,,West Jordan,Utah,US,84081
Trimlight of Salt Lake,trimlight.com,trimlight.com,,,,West Jordan,Utah,US,84081
Vast Integration & Power,vastintegration.com,vastintegration.com,https://www.linkedin.com/company/vast-integration,,,West Jordan,Utah,US,84081
CCS Presentation Systems,ccsprojects.com,ccsprojects.com,,,,West Valley City,Utah,US,84120
California Audio,california-audio.com,california-audio.com,,,,West Valley City,Utah,US,84120
Controlled Products Systems Group,controlledproducts.com,controlledproducts.com,https://www.linkedin.com/company/controlled-products-systems-group,,,West Valley City,Utah,US,84120
On Call AV event production services,oncallav.com,oncallav.com,,,,West Valley City,Utah,US,84119
Real.Tech,real.tech,real.tech,,,,West Valley City,Utah,US,84119
Frequency Mobile Innovations,frqncyaudio.com,frqncyaudio.com,,,,Woods Cross,Utah,US,84010
Ratio AV,ratioav.com,ratioav.com,,,,Woods Cross,Utah,US,84087
"Sam Audio Video & Technology, LLC",av1technology.com,av1technology.com,,,,Aldie,Virginia,US,20105
Audio Visual Actions - Professional Video Filming,avactions.com,avactions.com,https://www.linkedin.com/company/audio-visual-actions-inc,,,Alexandria,Virginia,US,22304
The Mounting Man - Washington DC,themountingman.tv,themountingman.tv,,,,Arlington,Virginia,US,22201
Aegis Technologies - Security Services,aegistechnologies.com,aegistechnologies.com,https://www.linkedin.com/company/aegistechnologies,,,Ashburn,Virginia,US,20147
Loudoun Basements,loudounbasements.com,loudounbasements.com,,,,Ashburn,Virginia,US,20147
ZAGO DATA WIRE,zagodatawire.com,zagodatawire.com,,,,Ashburn,Virginia,US,20147
All Secure LLC,allsecurellc.net,allsecurellc.net,,,,Ashland,Virginia,US,23005
Connec Inc,connec-inc.com,connec-inc.com,,,,Ashland,Virginia,US,23005
Smartwire LLC,smartwire360.com,smartwire360.com,https://www.linkedin.com/company/smartwire-llc,,,Ashland,Virginia,US,23005
Home Performance Masters,homeperformancemasters.com,homeperformancemasters.com,https://www.linkedin.com/company/home-performance-solutions,,,Burke,Virginia,US,22015
Accelerant Home Solutions,acchomesolutions.com,acchomesolutions.com,,,,Centreville,Virginia,US,20120
AV Integrated,avintegrated.com,avintegrated.com,,,,Chantilly,Virginia,US,20152
"Genesis Technology, LLC",genesistek.net,genesistek.net,,,,Chantilly,Virginia,US,20151
Prime AV,goprimeav.com,goprimeav.com,,,,Chantilly,Virginia,US,20151
Prism Audio Visual,prismaudiovisual.com,prismaudiovisual.com,,,,Chantilly,Virginia,US,20151
SunShine AV,sunshineav.net,sunshineav.net,,,,Chantilly,Virginia,US,20152
Total Multimedia Inc,tmediausa.com,tmediausa.com,,,,Chantilly,Virginia,US,20151
Spectrum Integrators,spectrumintegrators.com,spectrumintegrators.com,,,,Charlottesville,Virginia,US,22901
Elite Audio+Visual Elements,eliteavelements.com,eliteavelements.com,,,,Chesapeake,Virginia,US,23320
Home Technology by Masters,htm-va.com,htm-va.com,,,,Chesapeake,Virginia,US,23320
Plasma Guys,plasmaguys.com,plasmaguys.com,,,,Chesapeake,Virginia,US,23322
Security Technology Group,securitytechnologygroup.com,securitytechnologygroup.com,https://www.linkedin.com/company/securitytechnologygroup,,,Chesapeake,Virginia,US,23320
The Next Level Audio Video,thenextlevelaudiovideo.com,thenextlevelaudiovideo.com,,,,Chesapeake,Virginia,US,23321
WSC Smart Home Designers,virginiahomeaudio.com,virginiahomeaudio.com,,,,Chesapeake,Virginia,US,23320
Capitol Home Theater,capitolhometheater.com,capitolhometheater.com,,,,Dulles,Virginia,US,20166
AJ Long Electric,ajlongelectric.com,ajlongelectric.com,,,,Fairfax,Virginia,US,22031
AVIT Service - Logitech Rally conference room installation,avitservice.com,avitservice.com,,,,Fairfax,Virginia,US,22030
"DotSight Solutions, LLC",dotsightsolutions.com,dotsightsolutions.com,https://www.linkedin.com/company/dotsight-solutions-llc,,,Fairfax,Virginia,US,22030
EZ TV Mounting,tvmounting-va.com,tvmounting-va.com,,,,Fairfax,Virginia,US,22030
Home Performance Solutions - Home Energy Audits,yourhps.net,yourhps.net,,,,Fairfax,Virginia,US,22031
Home Tech Restoration,hometechrestoration.com,hometechrestoration.com,,,,Fairfax,Virginia,US,22030
IQ Home Entertainment,iq-av.com,iq-av.com,,,,Fairfax,Virginia,US,22030
"Infinity Home Improvement,LLC",infinityhomeimpro.com,infinityhomeimpro.com,,,,Fairfax,Virginia,US,22030
Michael Nash Design & Build,michaelnashdesignbuild.com,michaelnashdesignbuild.com,,,,Fairfax,Virginia,US,22031
"National Security, Inc.",nationalsecurityinc.com,nationalsecurityinc.com,,,,Fairfax,Virginia,US,22030
Phoenix Home Services Inc,phoenixhomeservices.com,phoenixhomeservices.com,https://www.linkedin.com/company/phoenix-home-services-inc,,,Fairfax,Virginia,US,22031
Vision Custom Build & Remodel,visioncustom.com,visioncustom.com,,,,Fairfax,Virginia,US,22031
"AVPro360, LLC",avpro360.com,avpro360.com,,,,Falls Church,Virginia,US,22046
Archer High Fidelity,archerhifi.com,archerhifi.com,,,,Falls Church,Virginia,US,22046
Smartcom Home Technologies,smartcomht.net,smartcomht.net,,,,Fredericksburg,Virginia,US,22406
Audio Buys,audiobuysinc.com,audiobuysinc.com,,,,Gainesville,Virginia,US,20155
Blue Ridge Custom Homes,blueridgecustomhomesofva.com,blueridgecustomhomesofva.com,,,,Goochland,Virginia,US,23063
Renovation daddy llc,renovationdaddyllc.com,renovationdaddyllc.com,,,,Great Falls,Virginia,US,22066
Streamline Custom AV,streamlinecustomav.com,streamlinecustomav.com,,,,Great Falls,Virginia,US,22066
Adkins TV Mounting,adkinstvmounting.com,adkinstvmounting.com,,,,Henrico,Virginia,US,23228
Aegis Network and Security Solutions,aegisnetworkandsecuritysolutions.com,aegisnetworkandsecuritysolutions.com,,,,Henrico,Virginia,US,23294
"Dominion Automation, LLC",dominionautomation.net,dominionautomation.net,,,,Henrico,Virginia,US,23231
Electric Solutions Of Richmond LLC,electricsolutionsofrichmond.com,electricsolutionsofrichmond.com,,,,Henrico,Virginia,US,23228
Security Plus LLC,securityplusav.com,securityplusav.com,,,,Henrico,Virginia,US,23233
Sonitrol of Greater Richmond,sonitrolrichmond.com,sonitrolrichmond.com,https://www.linkedin.com/company/sonitrol-of-greater-richmond-inc.,,,Henrico,Virginia,US,23238
Structured Cable of VA / Security Specialists Inc.,structuredcableofva.com,structuredcableofva.com,https://www.linkedin.com/company/structured-cable-of-va,,,Henrico,Virginia,US,23233
VIcom - Virginia Integrated Communication,vicom-corp.com,vicom-corp.com,,,,Henrico,Virginia,US,23228
Homes Tech LLC,homestech.net,homestech.net,,,,Herndon,Virginia,US,20170
"Loudoun Property Solutions, Inc. (LPS Residential)",lpsresidential.com,lpsresidential.com,,,,Leesburg,Virginia,US,20176
Rum AV Solutions,rumavsolutions.com,rumavsolutions.com,,,,Leesburg,Virginia,US,20175
Deja Vu Audio Ltd.,dejavuaudio.com,dejavuaudio.com,,,,McLean,Virginia,US,22102
Nard's Entertainment,nardsentertainment.com,nardsentertainment.com,,,,McLean,Virginia,US,22101
The Basement Lab,thebasementlab.com,thebasementlab.com,,,,McLean,Virginia,US,22101
Tv mount,easy-tv-mounting.com,easy-tv-mounting.com,,,,McLean,Virginia,US,22102
"Visual Systems Group, Inc.",vsgi.com,vsgi.com,,,,McLean,Virginia,US,22102
Attaway's Videoworks,lawvideova.com,lawvideova.com,,,,Mechanicsville,Virginia,US,23116
Extreme Audio,extremeaudio.org,extremeaudio.org,,,,Mechanicsville,Virginia,US,23111
MMIS,mmis.biz,mmis.biz,,,,Mechanicsville,Virginia,US,23111
Audiotech,richmondaudiovideo.com,richmondaudiovideo.com,,,,Midlothian,Virginia,US,23112
Boitnott Visual Communications Corporation,boitnottvisual.com,boitnottvisual.com,,,,Midlothian,Virginia,US,23113
Code3AV Inc.,code3av.com,code3av.com,https://www.linkedin.com/company/code-3-av-inc-,,,Midlothian,Virginia,US,23113
Moseley Electronics,moseleyelectronics.com,moseleyelectronics.com,https://www.linkedin.com/company/moseley-electronics,,,Midlothian,Virginia,US,23113
Networking Technologies + Support,thinknts.com,thinknts.com,https://www.linkedin.com/company/networking-technologies-and-support-inc.,,,Midlothian,Virginia,US,23113
Ryse Home Authorized Dealer,rysehome.com,rysehome.com,,,,Midlothian,Virginia,US,23112
JOINTECH LLC,jointech-us.com,jointech-us.com,,,,New Kent,Virginia,US,23124
Automation Controls - OEM Panels,oempanels.com,oempanels.com,,,,Newport News,Virginia,US,23601
Johns Brothers Security,johnsbrotherssecurity.com,johnsbrotherssecurity.com,,,,Norfolk,Virginia,US,23523
RTW Media- Audio Visual Solutions,rtwav.com,rtwav.com,,,,Oilville,Virginia,US,23129
"Botero Homes, LLC",boterohomes.com,boterohomes.com,,,,Reston,Virginia,US,20190
AMC Technology L.L.C,amctechnology.com,amctechnology.com,https://www.linkedin.com/company/amc-technology,,,Richmond,Virginia,US,23220
Advanced Visual Production,avprva.com,avprva.com,,,,Richmond,Virginia,US,23228
Audio Exchange,audio-exchange.com,audio-exchange.com,,,,Richmond,Virginia,US,23230
Audio/Video Creations LLC.,audiovideocreationsllc.com,audiovideocreationsllc.com,,,,Richmond,Virginia,US,23238
AudioImage Recording,audioimagerecording.com,audioimagerecording.com,,,,Richmond,Virginia,US,23220
"Aviva Rental Systems, LLC",audiovisualrentalsvirginia.com,audiovisualrentalsvirginia.com,,,,Richmond,Virginia,US,23220
Collaborative AV,collaborative-av.com,collaborative-av.com,,,,Richmond,Virginia,US,23233
DVD Networks - Managed IT Services & IT Support,dvdnetworks.com,dvdnetworks.com,,,,Richmond,Virginia,US,23236
"Delta Automation, Inc.",deltaautomation.com,deltaautomation.com,,,,Richmond,Virginia,US,23231
Digital Media and Security,dmsofva.com,dmsofva.com,,,,Richmond,Virginia,US,23236
Dwell Home Services,dwellhs.com,dwellhs.com,,,,Richmond,Virginia,US,23230
"ESITECH, Inc",esitechinc.com,esitechinc.com,,,,Richmond,Virginia,US,23294
"Encompass Supply, LLC",encompasssupply.com,encompasssupply.com,,,,Richmond,Virginia,US,23220
Hit Play,hitplay.co,hitplay.co,,,,Richmond,Virginia,US,23224
INARAY Design Group,inaray.com,inaray.com,,,,Richmond,Virginia,US,23230
IT Support Company and managed IT Services Provider in Richmond | Hermetic Networks,hermeticnetworks.com,hermeticnetworks.com,https://www.linkedin.com/company/4979004,,,Richmond,Virginia,US,23235
"Integrated Technology Solution, LLC",itsinstall.com,itsinstall.com,,,,Richmond,Virginia,US,23231
J&A Audio,ja-audio.net,ja-audio.net,,,,Richmond,Virginia,US,23221
Livewire,getlivewire.com,getlivewire.com,https://www.linkedin.com/company/livewire-llc,,,Richmond,Virginia,US,23230
Praos Smart Security,praossolutions.com,praossolutions.com,,,,Richmond,Virginia,US,23230
"Prism Industries, LLC",prism-industries.com,prism-industries.com,,,,Richmond,Virginia,US,23230
Productive AV,productive-companies.com,productive-companies.com,https://www.linkedin.com/company/tsc-management,,,Richmond,Virginia,US,23230
RVAV,rvav.com,rvav.com,,,,Richmond,Virginia,US,23229
Red Amp Audio,redampaudio.com,redampaudio.com,,,,Richmond,Virginia,US,23220
Security Alarm Systems VA of Richmond,securityalarmsystemsva.com,securityalarmsystemsva.com,https://www.linkedin.com/company/security-alarm-corporation,,,Richmond,Virginia,US,23230
Shades of Light,shadesoflight.com,shadesoflight.com,,,,Richmond,Virginia,US,23230
Sound and Image Design,soundandimage.com,soundandimage.com,,,,Richmond,Virginia,US,23227
Soundworks of Virginia,soundworksva.com,soundworksva.com,,,,Richmond,Virginia,US,23228
Stereo Image Recording,stereoimagerecording.com,stereoimagerecording.com,,,,Richmond,Virginia,US,23221
"Synergy Technical, LLC",synergy-technical.com,synergy-technical.com,,,,Richmond,Virginia,US,23220
Translucent Design Lighting & AV - Richmond,tdightingav.com,tdightingav.com,,,,Richmond,Virginia,US,23220
"Voigt Enterprises, LLC",voigtenterprises.net,voigtenterprises.net,,,,Richmond,Virginia,US,23220
"Corban Communications & Security, LLC",corbansecure.com,corbansecure.com,,,,Rockville,Virginia,US,23146
EYECASTLE CCTV,eyecss.com,eyecss.com,,,,Springfield,Virginia,US,22151
ASPIRE AUDIO VIDEO SOLUTIONS,aspireavs.com,aspireavs.com,https://www.linkedin.com/company/aspire-avs,,,Sterling,Virginia,US,20166
Dulles Electric,dulleselectric.com,dulleselectric.com,https://www.linkedin.com/company/dulles-electric-supply-corp,,,Sterling,Virginia,US,20166
Hogar Controls,hogarcontrols.com,hogarcontrols.com,https://www.linkedin.com/company/hogar-controls-india-pvt-ltd,,,Sterling,Virginia,US,20166
Snappymount,snappymount.com,snappymount.com,,,,Sterling,Virginia,US,20166
Integrated Audio Video,iavva.com,iavva.com,,,,Suffolk,Virginia,US,23435
Metamorphosis Environments,metamorphosis.solutions,metamorphosis.solutions,https://www.linkedin.com/company/metamorphosis-environments,,,The Plains,Virginia,US,20198
James River Audio Visual Services,jravs.com,jravs.com,,,,Toano,Virginia,US,23168
Adrenaline Solutions,adrenalinesolutions.net,adrenalinesolutions.net,,,,Virginia Beach,Virginia,US,23453
Advancement Home Solutions,advancementhomesolutions.com,advancementhomesolutions.com,,,,Virginia Beach,Virginia,US,23464
Audio Services,audio-services.com,audio-services.com,,,,Virginia Beach,Virginia,US,23454
Built-In Systems Inc,builtinsystems.com,builtinsystems.com,,,,Virginia Beach,Virginia,US,23462
Chesapeake Sound & Communications,chesapeakesound.com,chesapeakesound.com,,,,Virginia Beach,Virginia,US,23464
"Definitive Concepts, Inc.",definitiveconcepts.com,definitiveconcepts.com,,,,Virginia Beach,Virginia,US,23454
Digital Sound,digitalsoundva.com,digitalsoundva.com,,,,Virginia Beach,Virginia,US,23462
Domes Audio Video Environments,domesav.com,domesav.com,,,,Virginia Beach,Virginia,US,23451
Dynamic Systems Integration,dsivb.com,dsivb.com,,,,Virginia Beach,Virginia,US,23454
EDM Automation,edmautomation.com,edmautomation.com,,,,Virginia Beach,Virginia,US,23462
FM Tech | Smart Home & Security in Virginia Beach,fmtech.pro,fmtech.pro,,,,Virginia Beach,Virginia,US,23455
Family Security,alarmsbyfamily.com,alarmsbyfamily.com,,,,Virginia Beach,Virginia,US,23454
Greenbrier Lighting at Hilltop,greenbrierlightingathilltop.com,greenbrierlightingathilltop.com,,,,Virginia Beach,Virginia,US,23454
Isoft Solutions LLC,isoftusa.net,isoftusa.net,https://www.linkedin.com/company/isoft-solutions-llc---usa,,,Virginia Beach,Virginia,US,23462
Jellystream Lighting Inc.,jellystreamlighting.com,jellystreamlighting.com,,,,Virginia Beach,Virginia,US,23455
LAVA Integration,lava-int.com,lava-int.com,,,,Virginia Beach,Virginia,US,23452
Loyola Enterprises Inc,av.loyola.com,av.loyola.com,,,,Virginia Beach,Virginia,US,23452
MSCO Inc. Heating & Cooling,msco.pro,msco.pro,,,,Virginia Beach,Virginia,US,23452
Nipper Electric,nipperelectric.com,nipperelectric.com,,,,Virginia Beach,Virginia,US,23451
Productive AV,productiveav.com,productiveav.com,,,,Virginia Beach,Virginia,US,23452
Pure Custom Audio Video,purecustomav.com,purecustomav.com,,,,Virginia Beach,Virginia,US,23453
"S&S Production Services, LLC",sspro.co,sspro.co,,,,Virginia Beach,Virginia,US,23462
Smart Home Security LLC,smarthomesecurityllc.com,smarthomesecurityllc.com,,,,Virginia Beach,Virginia,US,23452
Studio Center,studiocenter.com,studiocenter.com,https://www.linkedin.com/company/studio-center,,,Virginia Beach,Virginia,US,23462
TechWorshipPro,techworshippro.com,techworshippro.com,,,,Virginia Beach,Virginia,US,23454
Tri-Zone Automation,trizoneautomation.com,trizoneautomation.com,,,,Warrenton,Virginia,US,20187
Bay Audio Video,bayaudiovideo.com,bayaudiovideo.com,,,,White Stone,Virginia,US,22578
OPTECH - Integrated Technology Solutions,optech.net,optech.net,,,,Williamsburg,Virginia,US,23185
Protection By Design,protectionbydesign.com,protectionbydesign.com,,,,Williamsburg,Virginia,US,23188
Make It Now LLC,makeitnowhomeservices.com,makeitnowhomeservices.com,,,,Woodbridge,Virginia,US,22192
Home Technologies,hometechva.com,hometechva.com,,,,Yorktown,Virginia,US,23693
Music Room Vt,musicroomvt.com,musicroomvt.com,,,,Barre,Vermont,US,05641
Alarmco Inc,alarmcovt.com,alarmcovt.com,,,,Bradford,Vermont,US,05033
BTV Drones,btvdrones.com,btvdrones.com,,,,Burlington,Vermont,US,05401
Burlington Telecom,burlingtontelecom.com,burlingtontelecom.com,,,,Burlington,Vermont,US,05401
CCTV Productions,cctv.org,cctv.org,,,,Burlington,Vermont,US,05401
CCTV/TownMeeting TV,ch17.tv,ch17.tv,,,,Burlington,Vermont,US,05401
City Lights,city-lights.com,city-lights.com,,,,Burlington,Vermont,US,05401
Computers for Change,computersforchange.com,computersforchange.com,,,,Burlington,Vermont,US,05401
Conant Metal & Light,conantmetalandlight.com,conantmetalandlight.com,,,,Burlington,Vermont,US,05401
DZ Security,dz-systems.com,dz-systems.com,,,,Burlington,Vermont,US,05401
Eternity,eternitymarketing.com,eternitymarketing.com,https://www.linkedin.com/company/eternity-web,,,Burlington,Vermont,US,05401
Media Factory,mediafactory.org,mediafactory.org,,,,Burlington,Vermont,US,05401
Music & Arts,stores.musicarts.com,stores.musicarts.com,,,,Burlington,Vermont,US,05401
My Project Concierge LLC,hireaninspector.com,hireaninspector.com,,,,Burlington,Vermont,US,05408
Pure Pop Records,purepoprecords.com,purepoprecords.com,,,,Burlington,Vermont,US,05401
Somali Bantu TV,banllywood.tv,banllywood.tv,,,,Burlington,Vermont,US,05401
Soundtoys,soundtoys.com,soundtoys.com,,,,Burlington,Vermont,US,05401
Speaking Volumes Records,speakingvolumesvt.com,speakingvolumesvt.com,,,,Burlington,Vermont,US,05401
Synergy Fire and Security,synergy-vt.com,synergy-vt.com,,,,Burlington,Vermont,US,05408
The Flynn,flynnvt.org,flynnvt.org,,,,Burlington,Vermont,US,05401
The Lamp Shop,shopthelamp.com,shopthelamp.com,,,,Burlington,Vermont,US,05401
Tina's Home Designs,tinashomedesigns.com,tinashomedesigns.com,,,,Burlington,Vermont,US,05401
VT Audio Visual,vtaudiovisual.com,vtaudiovisual.com,,,,Burlington,Vermont,US,05401
Vermont Stage,vermontstage.org,vermontstage.org,,,,Burlington,Vermont,US,05401
Very Merry Theatre,verymerrytheatre.org,verymerrytheatre.org,,,,Burlington,Vermont,US,05401
Wires Computing,wirescomputing.com,wirescomputing.com,,,,Burlington,Vermont,US,05401
Wizard Tech,wizardtechvt.com,wizardtechvt.com,,,,Burlington,Vermont,US,05401
iMarket Solutions,imarketsolutions.com,imarketsolutions.com,,,,Burlington,Vermont,US,05401
infiswift,infiswift.com,infiswift.com,https://www.linkedin.com/company/infiswift-technologies,,,Burlington,Vermont,US,05401
"Atomic Professional Audio, Inc.",atomicproaudio.com,atomicproaudio.com,,,,Clarendon,Vermont,US,05759
Egan Media,eganmedia.com,eganmedia.com,,,,Colchester,Vermont,US,05446
Green Mountain Electric Supply,gmes.com,gmes.com,,,,Colchester,Vermont,US,05446
simpleroute,simpleroute.com,simpleroute.com,,,,Colchester,Vermont,US,05446
Essex Cinemas,essexcinemas.com,essexcinemas.com,,,,Essex Junction,Vermont,US,05452
SmartHome,smarthomefurnishingsej.com,smarthomefurnishingsej.com,,,,Essex Junction,Vermont,US,05452
Sun Ray Fire & Security,sunrayvt.com,sunrayvt.com,,,,Essex Junction,Vermont,US,05452
Lamos Electric LLC,lamoselectric.com,lamoselectric.com,,,,Franklin,Vermont,US,05457
Audio Video Advisors,audiovideoadvisors.com,audiovideoadvisors.com,,,,Hartford,Vermont,US,05001
"Northeast Sound Mixer, LLC",northeastsoundmixer.com,northeastsoundmixer.com,,,,Hartland,Vermont,US,05048
Dark Star Lighting & Production,darkstarproductions.com,darkstarproductions.com,,,,Hinesburg,Vermont,US,05461
"AV Innovations, LLC",vtavi.com,vtavi.com,,,,Ludlow,Vermont,US,05149
Intelligent Audio Video Consulting,iavcaudio.com,iavcaudio.com,,,,Ludlow,Vermont,US,05149
Equinox Audio Visuals,equinoxaudiovisuals.com,equinoxaudiovisuals.com,,,,Manchester,Vermont,US,05255
"Audio Visual Environments, LLC",avevt.com,avevt.com,,,,Milton,Vermont,US,05468
Vermont Security,vermontsecurity.com,vermontsecurity.com,,,,Montpelier,Vermont,US,05602
"Upper Valley Home Technologies - Home Theater, Surround Sound, Sonos, Wifi, Samsung TV, Wall Mounts",uppervalleyhometech.com,uppervalleyhometech.com,,,,Pomfret,Vermont,US,05067
Installation Station,installationstationvt.com,installationstationvt.com,,,,Rutland,Vermont,US,05701
The Audiobook Experience,theaudiobookexperience.com,theaudiobookexperience.com,,,,Shelburne,Vermont,US,05482
The Lighting House,vermontlightinghouse.com,vermontlightinghouse.com,,,,Shelburne,Vermont,US,05482
Absolute Automation,absoluteautomationvt.com,absoluteautomationvt.com,,,,South Burlington,Vermont,US,05403
Barnes & Noble,stores.barnesandnoble.com,stores.barnesandnoble.com,,,,South Burlington,Vermont,US,05403
Bath Fitter,bathfitter.com,bathfitter.com,,,,South Burlington,Vermont,US,05403
"Benoure Plumbing, Heating & Air Conditioning",benoure.com,benoure.com,,,,South Burlington,Vermont,US,05403
Cummings Electric,cummingselectric.com,cummingselectric.com,,,,South Burlington,Vermont,US,05403
Extensity Creative,extensitycreative.com,extensitycreative.com,,,,South Burlington,Vermont,US,05403
"Fuzzbuzz Technologies, Inc.",fuzzbuzzav.com,fuzzbuzzav.com,,,,South Burlington,Vermont,US,05403
Hen House Media LLC,henhousemedia.com,henhousemedia.com,https://www.linkedin.com/company/hen-house-media-llc,,,South Burlington,Vermont,US,05403
IT IN VT,itinvt.com,itinvt.com,,,,South Burlington,Vermont,US,05403
Lakeside Electric Inc.,lakesideelectricvt.com,lakesideelectricvt.com,,,,South Burlington,Vermont,US,05403
"Life Safety Systems, Inc",lifesafetysystemsne.com,lifesafetysystemsne.com,,,,South Burlington,Vermont,US,05403
Mt Mansfield Media Inc,mtmansfieldmedia.com,mtmansfieldmedia.com,,,,South Burlington,Vermont,US,05403
Omega Electric,omegavt.com,omegavt.com,,,,South Burlington,Vermont,US,05403
OnLogic,onlogic.com,onlogic.com,,,,South Burlington,Vermont,US,05403
Spotlight Vermont,spotlightvermont.com,spotlightvermont.com,,,,South Burlington,Vermont,US,05403
"Tech Group, Inc.",tgvt.net,tgvt.net,https://www.linkedin.com/company/the-tech-group-inc.,,,South Burlington,Vermont,US,05403
Vermont Association For The Blind And Visually Impaired,vabvi.org,vabvi.org,,,,South Burlington,Vermont,US,05403
Vermont Gaming Academy,vermontgamingacademy.com,vermontgamingacademy.com,,,,South Burlington,Vermont,US,05403
WCAX-TV,wcax.com,wcax.com,,,,South Burlington,Vermont,US,05403
Byrne Electronic Services Center,radioshack.com,radioshack.com,https://www.linkedin.com/company/radioshack,,,St Johnsbury,Vermont,US,05819
Vermont Electronics,vermontelectronics.biz,vermontelectronics.biz,,,,Stowe,Vermont,US,05672
Supersounds Entertainment Inc.,supersounds.com,supersounds.com,,,,Underhill,Vermont,US,05489
Control Technologies Inc.,controltechinc.com,controltechinc.com,,,,Williston,Vermont,US,05495
Creative Sound,creativesoundvt.com,creativesoundvt.com,,,,Williston,Vermont,US,05495
Majestic 10,majestic10.com,majestic10.com,,,,Williston,Vermont,US,05495
Quality Electric LLC,qualityelectricburlington.com,qualityelectricburlington.com,,,,Williston,Vermont,US,05495
Royal Group,royalvt.com,royalvt.com,,,,Williston,Vermont,US,05495
Shift Construction and Consulting LLC,shiftconstruction.com,shiftconstruction.com,,,,Williston,Vermont,US,05495
System Integrators,sivermont.com,sivermont.com,,,,Williston,Vermont,US,05495
Sight And Sound Solutions,vtsightandsoundsolutions.com,vtsightandsoundsolutions.com,,,,Windsor,Vermont,US,05089
VHV Company - Full Service HVAC/R & Plumbing Construction and Service Repair,vhv.com,vhv.com,,,,Winooski,Vermont,US,05404
Horizon Audio & Video,horizonavs.com,horizonavs.com,,,,Anacortes,Washington,US,98221
Distinctive Audio & Video,distinctiveaudiovideo.com,distinctiveaudiovideo.com,,,,Auburn,Washington,US,98001
Puget Systems,pugetsystems.com,pugetsystems.com,,,,Auburn,Washington,US,98001
Bainbridge Island Audio Tours,bainbridgeisland.tours,bainbridgeisland.tours,,,,Bainbridge Island,Washington,US,98110
Bainbridge Tech,bainbridgetech.com,bainbridgetech.com,,,,Bainbridge Island,Washington,US,98110
Bainbridge Wireless Computers,bainbridgewireless.com,bainbridgewireless.com,,,,Bainbridge Island,Washington,US,98110
Big Door,thebigdoorcompany.com,thebigdoorcompany.com,,,,Bainbridge Island,Washington,US,98110
Audio Plus,audioplusllc.com,audioplusllc.com,,,,Bellevue,Washington,US,98005
BB-Builders Pro,bb-builders.pro,bb-builders.pro,,,,Bellevue,Washington,US,98005
Beyond Hi-Fi,beyondhifi.com,beyondhifi.com,https://www.linkedin.com/company/beyond-hi-fi,,,Bellevue,Washington,US,98005
C2S Technologies Inc. USA,c2stechs.com,c2stechs.com,https://www.linkedin.com/company/c2stechs,,,Bellevue,Washington,US,98007
Cielo WiGle,cielowigle.com,cielowigle.com,https://www.linkedin.com/company/cielowigle,,,Bellevue,Washington,US,98007
Definitive Seattle Experience Center,definitive.com,definitive.com,https://www.linkedin.com/company/definitive-audio,,,Bellevue,Washington,US,98007
Eastside Electrical LLC,eastsideelectricalwa.com,eastsideelectricalwa.com,,,,Bellevue,Washington,US,98004
Evergreen Electric Gates And Fences,evergreenelectricgates.com,evergreenelectricgates.com,,,,Bellevue,Washington,US,98004
Gallison Systems,gallisonsystems.com,gallisonsystems.com,,,,Bellevue,Washington,US,98004
ITTIA,ittia.com,ittia.com,https://www.linkedin.com/company/ittia,,,Bellevue,Washington,US,98004
Innovative Homes NW,innovativehomesnw.com,innovativehomesnw.com,,,,Bellevue,Washington,US,98005
Interactive Gates & Security,interactivegates.com,interactivegates.com,,,,Bellevue,Washington,US,98005
Intercrus Decks,intercrusdecks.com,intercrusdecks.com,,,,Bellevue,Washington,US,98004
Jacob Electric LLC,jacobelect.com,jacobelect.com,https://www.linkedin.com/company/jacob-electric-group,,,Bellevue,Washington,US,98004
Jaguar Audio,jaguaraudio.com,jaguaraudio.com,,,,Bellevue,Washington,US,98004
Lander Electric,landerelectric.com,landerelectric.com,,,,Bellevue,Washington,US,98005
Lotus Media,lotusmedia.us,lotusmedia.us,,,,Bellevue,Washington,US,98006
Madrona Digital,madronadigital.com,madronadigital.com,,,,Bellevue,Washington,US,98006
Nest Solutions LLC,nestsolutions.llc,nestsolutions.llc,,,,Bellevue,Washington,US,98005
Obot Electric,obotelectric.com,obotelectric.com,,,,Bellevue,Washington,US,98005
"OutToday Electrical, Plumbing, Heating and Air",outtoday.com,outtoday.com,,,,Bellevue,Washington,US,98005
RH Outlet Bellevue,rh.com,rh.com,,,,Bellevue,Washington,US,98006
Real Wave,realwave.com,realwave.com,,,,Bellevue,Washington,US,98004
Renofix Builders,renofixbuilders.com,renofixbuilders.com,,,,Bellevue,Washington,US,98005
Sandru Technologies,sandrutech.com,sandrutech.com,,,,Bellevue,Washington,US,98005
Smart Green Design and Construction,smartgdc.com,smartgdc.com,,,,Bellevue,Washington,US,98005
Smart Office Environments,smartofficeenvironments.com,smartofficeenvironments.com,,,,Bellevue,Washington,US,98006
Smartsheet Inc,smartsheet.com,smartsheet.com,https://www.linkedin.com/company/smartsheet-com,,,Bellevue,Washington,US,98004
"Structured Communication Systems, Inc.",structured.com,structured.com,,,,Bellevue,Washington,US,98005
Systems Unlimited,systemsunltd.com,systemsunltd.com,,,,Bellevue,Washington,US,98005
"TecAce Software, Ltd",tecace.com,tecace.com,,,,Bellevue,Washington,US,98005
Vetco Electronics,vetco.net,vetco.net,,,,Bellevue,Washington,US,98005
Zenoti,zenoti.com,zenoti.com,,,,Bellevue,Washington,US,98008
Wolf AV,wolfav.com,wolfav.com,,,,Camas,Washington,US,98607
Advanced Electric & Security,advancedelectric.com,advancedelectric.com,,,,Edgewood,Washington,US,98372
Audio Video Exclusives,avexclusives.com,avexclusives.com,https://www.linkedin.com/company/audio-video-exclusives,,,Edmonds,Washington,US,98026
"MasterClass Audio Video, LLC.",masterclassaudiovideo.com,masterclassaudiovideo.com,,,,Edmonds,Washington,US,98020
AV Smart Solutions,avsmartsolutions.com,avsmartsolutions.com,https://www.linkedin.com/company/audio-visual-smart-solutions,,,Everett,Washington,US,98204
Fuller Electric,fullerelec.com,fullerelec.com,,,,Federal Way,Washington,US,98003
Protec Security & Smart Home - Tacoma WA,protecnw.com,protecnw.com,https://www.linkedin.com/company/red-services,,,Federal Way,Washington,US,98003
"RED Safety, Security, & Home Automation Systems",redsafety.com,redsafety.com,https://www.linkedin.com/company/red-services,,,Federal Way,Washington,US,98003
Agility AVL,agilityavl.com,agilityavl.com,https://www.linkedin.com/company/agility-avl,,,Fife,Washington,US,98424
IKONIKA,ikonika.com,ikonika.com,,,,Fife,Washington,US,98424
Provo Electronics - Vintage audio repair.,provolab.com,provolab.com,,,,Fife,Washington,US,98424
Whidbey Audio • Video • Electric,whidbey-av.com,whidbey-av.com,,,,Freeland,Washington,US,98249
Gig Harbor Audio,gigharboraudio.com,gigharboraudio.com,,,,Gig Harbor,Washington,US,98335
Integrity Home Integration Inc,ihi-nw.com,ihi-nw.com,,,,Issaquah,Washington,US,98027
Surge Electrical LLC,surgelectrical.com,surgelectrical.com,,,,Issaquah,Washington,US,98027
"Tempest Technologies, LLC",tempest-av.com,tempest-av.com,https://www.linkedin.com/company/tempest-technologies-llc,,,Issaquah,Washington,US,98027
Visual Commands,visualcommands.com,visualcommands.com,https://www.linkedin.com/company/avidex,,,Issaquah,Washington,US,98027
"ABS, a division of Key Code Media",advancedbroadcastsolutions.com,advancedbroadcastsolutions.com,,,,Kent,Washington,US,98032
AV Factory,avfactory.com,avfactory.com,,,,Kent,Washington,US,98032
Kele,kele.com,kele.com,https://www.linkedin.com/company/kele-inc.,,,Kent,Washington,US,98032
Rivas Technology Group,rivastechgroup.com,rivastechgroup.com,https://www.linkedin.com/company/rivas-technology-group,,,Kent,Washington,US,98032
Beemer Smart Home,beemerhome.com,beemerhome.com,,,,Kirkland,Washington,US,98034
Streamline Electric,streamlinenw.com,streamlinenw.com,,,,Kirkland,Washington,US,98033
E-Squared Systems LLC,e2systemsllc.com,e2systemsllc.com,,,,Lakewood,Washington,US,98499
Net Zero Electric,netzeroelectricllc.com,netzeroelectricllc.com,,,,Lakewood,Washington,US,98498
Acme Integration,acmeintegration.com,acmeintegration.com,,,,Liberty Lake,Washington,US,99019
Premier Sight and Sound,premiersightandsound.com,premiersightandsound.com,,,,Liberty Lake,Washington,US,99019
"Audio Visual Specialists, Inc.",avslynnwood.com,avslynnwood.com,,,,Lynnwood,Washington,US,98036
"High-Tech Living, LLC",high-techliving.com,high-techliving.com,,,,Lynnwood,Washington,US,98037
Olson's HiFi,olsonshifi.com,olsonshifi.com,,,,Lynnwood,Washington,US,98036
All Tech Security Systems & Home Theater Installers,alltechsystemsinc.net,alltechsystemsinc.net,,,,Marysville,Washington,US,98270
Audio Engineers Northwest,audioengineersnorthwest.com,audioengineersnorthwest.com,,,,Marysville,Washington,US,98270
Seattle AI Automations,seattleautomations.ai,seattleautomations.ai,,,,Marysville,Washington,US,98270
Chore-ology Restoration & Handyman,chore-ology.com,chore-ology.com,,,,Mercer Island,Washington,US,98040
EZ Smart home Automations Seattle,ezsmarthomeautomations.com,ezsmarthomeautomations.com,,,,Mercer Island,Washington,US,98040
Island House Assisted Living,mbkseniorliving.com,mbkseniorliving.com,https://www.linkedin.com/company/mbkseniorliving,,,Mercer Island,Washington,US,98040
Island Security Systems Inc,islandsecurity.com,islandsecurity.com,,,,Mercer Island,Washington,US,98040
Island Square,islandsquareapts.com,islandsquareapts.com,,,,Mercer Island,Washington,US,98040
JayMarc Custom Homes,jaymarchomes.com,jaymarchomes.com,https://www.linkedin.com/company/jaymarc-homes,,,Mercer Island,Washington,US,98040
Mercer Island Community & Event Center,mercerisland.gov,mercerisland.gov,,,,Mercer Island,Washington,US,98040
Mr. Minar's Moving Magic LLC,minarmoving.com,minarmoving.com,,,,Mercer Island,Washington,US,98040
Old World Handyman,oldworldhandyman.com,oldworldhandyman.com,,,,Mercer Island,Washington,US,98040
Six Walls,six-walls.com,six-walls.com,,,,Mercer Island,Washington,US,98040
TapedMemories.com,tapedmemories.com,tapedmemories.com,,,,Mercer Island,Washington,US,98040
The Hadley Apartments,hadleymercerisland.com,hadleymercerisland.com,,,,Mercer Island,Washington,US,98040
Switch Electric Home Energy,myswitchelectric.com,myswitchelectric.com,,,,Monroe,Washington,US,98272
Washington Smart Home Solutions,wa-smarthomesolutions.com,wa-smarthomesolutions.com,https://www.linkedin.com/company/wix-com,,,Monroe,Washington,US,98272
Audio Video Resource Inc,digitalavr.com,digitalavr.com,,,,Mount Vernon,Washington,US,98274
Blue Stream Integrations LLC,bluestreamintegrations.com,bluestreamintegrations.com,,,,Mount Vernon,Washington,US,98273
InTech Systems,intechsystems.net,intechsystems.net,,,,Mount Vernon,Washington,US,98273
WAVE Designs,wavedesignsinc.com,wavedesignsinc.com,https://www.linkedin.com/company/wave-designs-seattle,,,Mountlake Terrace,Washington,US,98043
"Cutting Edge Design, Inc",cedi.tv,cedi.tv,,,,Mukilteo,Washington,US,98275
Nexus Integration | Electrical Contractor,nexusintegrationnw.com,nexusintegrationnw.com,,,,Newport,Washington,US,99156
AV Tech Innovations,avtechinnovations.com,avtechinnovations.com,,,,Nine Mile Falls,Washington,US,99026
Home Technology,gethousesmart.com,gethousesmart.com,,,,Port Orchard,Washington,US,98366
Intellisystems Inc,intelli-systems.com,intelli-systems.com,,,,Port Orchard,Washington,US,98366
"Nexus Electric, Inc.",nexuselectric.co,nexuselectric.co,,,,Port Orchard,Washington,US,98367
"All Systems Integrated, Inc.",asinw.com,asinw.com,,,,Puyallup,Washington,US,98372
Car Toys & Tint Puyallup,cartoys.com,cartoys.com,,,,Puyallup,Washington,US,98373
Pacific Home Electric | Electrician,pacifichomeelectric.com,pacifichomeelectric.com,,,,Puyallup,Washington,US,98373
Serenity Air Heating & Air Conditioning,serenityairinc.com,serenityairinc.com,,,,Puyallup,Washington,US,98373
Elite Automation,eliteautomation.us,eliteautomation.us,https://www.linkedin.com/company/eliteautomation,,,Redmond,Washington,US,98052
Remote Control Technology,remotecontroltech.com,remotecontroltech.com,,,,Redmond,Washington,US,98052
AV Works,av.works,av.works,,,,Renton,Washington,US,98057
Digital Cinema Design,digitalcinemadesign.com,digitalcinemadesign.com,,,,Renton,Washington,US,98056
IDS Audio & Video Inc,ids-nw.net,ids-nw.net,,,,Renton,Washington,US,98058
J&E Integration,je-integration.com,je-integration.com,,,,Renton,Washington,US,98059
LLUMINET LLC,lluminet.com,lluminet.com,https://www.linkedin.com/company/lluminet-llc,,,Renton,Washington,US,98058
Puget Sound Electric Gates LLC,pugetsoundelectricgates.com,pugetsoundelectricgates.com,,,,Renton,Washington,US,98059
Puzzle Construction Group,puzzleconstructiongroup.com,puzzleconstructiongroup.com,,,,Renton,Washington,US,98057
Rainier Custom Homes,rainiercustomhomes.com,rainiercustomhomes.com,,,,Renton,Washington,US,98057
4th Systems,4thsystems.com,4thsystems.com,,,,Seattle,Washington,US,98146
AVI Solutions Inc,avisolutions.net,avisolutions.net,,,,Seattle,Washington,US,98104
Apex Energy Solutions,apexenergygroup.com,apexenergygroup.com,https://www.linkedin.com/company/apex-energy-group,,,Seattle,Washington,US,98118
"As You Wish Electric, Plumbing, Heating & Air",asyouwishelectric.com,asyouwishelectric.com,,,,Seattle,Washington,US,98134
Audio Visual Management Solutions,avms.com,avms.com,https://www.linkedin.com/company/pinnacle-live,,,Seattle,Washington,US,98134
Avalara,avalara.com,avalara.com,https://www.linkedin.com/company/avalara,,,Seattle,Washington,US,98104
Ballard Custom Audio,ballardcustomaudio.com,ballardcustomaudio.com,,,,Seattle,Washington,US,98107
"CI Tech, LLC",wacitech.com,wacitech.com,,,,Seattle,Washington,US,98133
Carlisle Classic Homes LLC,cchbuilds.com,cchbuilds.com,,,,Seattle,Washington,US,98117
Carlson Audio Systems,carlson-audio.com,carlson-audio.com,,,,Seattle,Washington,US,98134
CityProTech - Tv Mounting Service,cityprotech.com,cityprotech.com,,,,Seattle,Washington,US,98125
Cloud1iT - Managed IT Support | IT Networks Support Seattle,cloud1it.com,cloud1it.com,https://www.linkedin.com/company/cloud1it,,,Seattle,Washington,US,98119
Connect&Protect,connectandprotectllc.com,connectandprotectllc.com,,,,Seattle,Washington,US,98101
Deako,deako.com,deako.com,https://www.linkedin.com/company/deako,,,Seattle,Washington,US,98105
Diatomic Product Development,diatomicpd.com,diatomicpd.com,,,,Seattle,Washington,US,98102
Digital Age Sound,digitalagesound.com,digitalagesound.com,,,,Seattle,Washington,US,98125
ERW Lighting,erwlighting.com,erwlighting.com,https://www.linkedin.com/company/erw-lighting-controls,,,Seattle,Washington,US,98108
EXP Technical,exptechnical.com,exptechnical.com,,,,Seattle,Washington,US,98101
Elluminati,elluminatiinc.com,elluminatiinc.com,https://www.linkedin.com/company/elluminati,,,Seattle,Washington,US,98104
Evergreen Home Heating and Energy,evergreenhomeheatingandenergy.com,evergreenhomeheatingandenergy.com,,,,Seattle,Washington,US,98108
"ExtraHop Networks, Inc.",extrahop.com,extrahop.com,https://www.linkedin.com/company/extrahop-networks,,,Seattle,Washington,US,98101
"Great Western Security, Inc.",greatwesternsecurity.com,greatwesternsecurity.com,https://www.linkedin.com/company/great-western-security-inc,,,Seattle,Washington,US,98117
Guardian Security,guardiansecurity.com,guardiansecurity.com,,,,Seattle,Washington,US,98134
Hawthorne Stereo,hawthornestereo.com,hawthornestereo.com,,,,Seattle,Washington,US,98115
Highspot,highspot.com,highspot.com,https://www.linkedin.com/company/highspot,,,Seattle,Washington,US,98121
Industrial Communications LLC,industrialcomm.net,industrialcomm.net,https://www.linkedin.com/company/industrial-communications-wa,,,Seattle,Washington,US,98134
Jason L Campbell System Design,jlcsd.com,jlcsd.com,,,,Seattle,Washington,US,98104
Live Oak Audio Visual Inc,liveoakav.com,liveoakav.com,https://www.linkedin.com/company/live-oak-audio-visual-inc,,,Seattle,Washington,US,98108
Luxe Cabinet & Stone,luxecs.com,luxecs.com,,,,Seattle,Washington,US,98108
Mirsky Electric,mirskyelectric.com,mirskyelectric.com,,,,Seattle,Washington,US,98107
Olis Robotics,olisrobotics.com,olisrobotics.com,https://www.linkedin.com/company/olisrobotics,,,Seattle,Washington,US,98104
Omnidian,omnidian.com,omnidian.com,,,,Seattle,Washington,US,98104
One Workplace - Seattle Headquarters & Showroom,oneworkplace.com,oneworkplace.com,https://www.linkedin.com/company/one-workplace,,,Seattle,Washington,US,98108
PhishCloud,phishcloud.com,phishcloud.com,https://www.linkedin.com/company/18758150,,,Seattle,Washington,US,98134
Pipe17,pipe17.com,pipe17.com,https://www.linkedin.com/company/pipe17,,,Seattle,Washington,US,98121
React Audiovisual Systems,react-av.com,react-av.com,https://www.linkedin.com/company/react-audiovisual-systems,,,Seattle,Washington,US,98188
Region 6 Systems Integration,region6.systems,region6.systems,,,,Seattle,Washington,US,98109
RentSpree,rentspree.com,rentspree.com,,,,Seattle,Washington,US,98101
Resonant Mastering,resonantmastering.com,resonantmastering.com,,,,Seattle,Washington,US,98112
Schenkar Construction LLC,schenkarconstruction.com,schenkarconstruction.com,,,,Seattle,Washington,US,98107
Seattle Access Control System,seattleaccesscontrolsystem.com,seattleaccesscontrolsystem.com,,,,Seattle,Washington,US,98108
Seattle Sight and Sound,seattlesightandsound.com,seattlesightandsound.com,,,,Seattle,Washington,US,98109
Seattle TV Mounting,seattle-tv-mounting.com,seattle-tv-mounting.com,https://www.linkedin.com/company/seattle-tv-mounting,,,Seattle,Washington,US,98107
Silo IT Group dba Helpdesk.Live,helpdesk.live,helpdesk.live,,,,Seattle,Washington,US,98107
SolTerra,solar.solterra.com,solar.solterra.com,https://www.linkedin.com/company/solterra-solar,,,Seattle,Washington,US,98134
Sound Network Integration,snic.com,snic.com,,,,Seattle,Washington,US,98115
Space Theory,spacetheory.com,spacetheory.com,,,,Seattle,Washington,US,98134
Streamline Solutions,streamlineinstall.com,streamlineinstall.com,,,,Seattle,Washington,US,98106
TBH Sterling Inc.,tbhsterling.com,tbhsterling.com,https://www.linkedin.com/company/tbh-sterling-inc,,,Seattle,Washington,US,98108
Textio,textio.com,textio.com,,,,Seattle,Washington,US,98104
"Theobald Software, Inc.",theobald-software.com,theobald-software.com,,,,Seattle,Washington,US,98121
Tune: Hi-Fi for Humans,tunehifi.com,tunehifi.com,,,,Seattle,Washington,US,98121
"Volcano Builders, Inc.",volcanobuilders.com,volcanobuilders.com,,,,Seattle,Washington,US,98121
WEBCON Inc.,webcon.com,webcon.com,https://www.linkedin.com/company/webcon,,,Seattle,Washington,US,98101
WatchGuard Technologies Inc,watchguard.com,watchguard.com,https://www.linkedin.com/company/watchguard-technologies,,,Seattle,Washington,US,98104
Yavar IT Solutions,yavar.it,yavar.it,https://www.linkedin.com/company/3591134,,,Seattle,Washington,US,98101
ZTransform,ztransform.com,ztransform.com,,,,Seattle,Washington,US,98108
Zen Techworks | Business IT Support Company in Seattle,zentechworks.com,zentechworks.com,,,,Seattle,Washington,US,98103
Ztechnicians | TV Mounting Service,ztechnicians.com,ztechnicians.com,,,,Seattle,Washington,US,98119
aaDigital Solutions,aadigi.com,aadigi.com,,,,Seattle,Washington,US,98103
iGMS,igms.com,igms.com,https://www.linkedin.com/company/igmscom,,,Seattle,Washington,US,98101
iTrellis,itrellis.com,itrellis.com,https://www.linkedin.com/company/itrellis,,,Seattle,Washington,US,98104
idieh studio,idiehstudio.com,idiehstudio.com,,,,Seattle,Washington,US,98116
Galaxy Electric,galaxyel.com,galaxyel.com,,,,Shoreline,Washington,US,98133
Integrated Living Solutions,integrated-living-solutions.com,integrated-living-solutions.com,,,,Shoreline,Washington,US,98155
Wicked Home Theater,wickedhometheater.com,wickedhometheater.com,,,,Silverdale,Washington,US,98383
Bain Custom Integrations,bcinw.com,bcinw.com,,,,Snohomish,Washington,US,98290
FSI Security & Technology,fsisecurityandtech.com,fsisecurityandtech.com,,,,Snohomish,Washington,US,98290
AF Honest Home Services LLC | Heating | Cooling | Electrical,honestafservices.com,honestafservices.com,,,,Spokane,Washington,US,99202
American Security Consultants,amcsinc.com,amcsinc.com,,,,Spokane,Washington,US,99205
Camtek Inc.,camtekinc.com,camtekinc.com,,,,Spokane,Washington,US,99217
Cycrest Systems Inc.,cycrest.com,cycrest.com,,,,Spokane,Washington,US,99201
"ETS Automation, Inc",etsautomation.com,etsautomation.com,,,,Spokane,Washington,US,99208
"Epic Electric, Heating, Cooling & Plumbing",epicfixedit.com,epicfixedit.com,,,,Spokane,Washington,US,99202
Inland Audio Visual Company,inlandav.com,inlandav.com,,,,Spokane,Washington,US,99205
J C Wright Lighting Sales Inc,jcwrightlighting.com,jcwrightlighting.com,,,,Spokane,Washington,US,99202
Lowe's Home Improvement,lowes.com,lowes.com,,,,Spokane,Washington,US,99208
Revival Lighting,revivallighting.com,revivallighting.com,,,,Spokane,Washington,US,99201
Sync AVI,syncavi.com,syncavi.com,,,,Spokane,Washington,US,99217
VIP Production Northwest,vipproductionnw.com,vipproductionnw.com,https://www.linkedin.com/company/vip-production-nw,,,Spokane,Washington,US,99202
prodigy arrow,prodigyarrow.com,prodigyarrow.com,,,,Spokane,Washington,US,99201
A-TEC Commercial Surveillance and Access Control,a-tec.net,a-tec.net,,,,Spokane Valley,Washington,US,99212
AMPD Lighting & Audio Visual,ampdspokane.com,ampdspokane.com,,,,Spokane Valley,Washington,US,99216
"Advanced Electric & Alarm Systems, Inc.",advelectric.com,advelectric.com,,,,Spokane Valley,Washington,US,99206
Certified Security & Integration,certified-security.com,certified-security.com,,,,Spokane Valley,Washington,US,99206
Control Solutions North West,controlsolutionsnw.com,controlsolutionsnw.com,,,,Spokane Valley,Washington,US,99212
"Electronic Concierge, LLC",ec-nw.com,ec-nw.com,,,,Spokane Valley,Washington,US,99212
Homescapes,homescapes.me,homescapes.me,,,,Spokane Valley,Washington,US,99206
Infinite Electric,infiniteelectrician.com,infiniteelectrician.com,,,,Spokane Valley,Washington,US,99206
"Mainstream Electric, Heating, Cooling and Plumbing",mainstreamhomeservices.com,mainstreamhomeservices.com,https://www.linkedin.com/company/mainstream-electric-heating-cooling-plumbing,,,Spokane Valley,Washington,US,99216
Monaco Enterprises Inc.,monaco-inc.com,monaco-inc.com,,,,Spokane Valley,Washington,US,99216
"OneCall | TV, Home Theater & Small Appliances",onecall.com,onecall.com,,,,Spokane Valley,Washington,US,99212
Valley Audio Install,valleyaudioinstall.com,valleyaudioinstall.com,,,,Spokane Valley,Washington,US,99212
Wipliance,wipliance.com,wipliance.com,https://www.linkedin.com/company/wipliance,,,Spokane Valley,Washington,US,99216
Audio-Ultra,audio-ultra.com,audio-ultra.com,,,,Sumner,Washington,US,98390
"Tapps Electric, Heating & Air",tappselectric.com,tappselectric.com,https://www.linkedin.com/company/tapps-electric,,,Sumner,Washington,US,98390
Alltech Electric Inc,alltechelectricinc.com,alltechelectricinc.com,,,,Tacoma,Washington,US,98402
CCTVROOM,cctvroom.com,cctvroom.com,,,,Tacoma,Washington,US,98402
DUBREEZY ENTERTAINMENT,dubreezyent.com,dubreezyent.com,https://www.linkedin.com/company/dubreezy-entertainment,,,Tacoma,Washington,US,98402
DwellOne,dwellone.com,dwellone.com,,,,Tacoma,Washington,US,98403
Dynamic AVI Inc.,dynamicavi.com,dynamicavi.com,,,,Tacoma,Washington,US,98444
Electronic Home Monitoring - EHM Washington,ehmwa.com,ehmwa.com,,,,Tacoma,Washington,US,98402
"Guardian Security Group, Inc.",robblees.com,robblees.com,,,,Tacoma,Washington,US,98409
High Note Audio,highnoteaudio.com,highnoteaudio.com,,,,Tacoma,Washington,US,98409
Inform Puget Sound,informpugetsound.com,informpugetsound.com,,,,Tacoma,Washington,US,98408
L61 Productions,l61productions.com,l61productions.com,,,,Tacoma,Washington,US,98402
LightningX Electrical,lightningxelectrical.com,lightningxelectrical.com,,,,Tacoma,Washington,US,98443
Madsen Electric,madsenelectric.com,madsenelectric.com,,,,Tacoma,Washington,US,98466
NW Security and Automation,nwsecurityandautomation.com,nwsecurityandautomation.com,,,,Tacoma,Washington,US,98402
Platt Electric Supply,platt.com,platt.com,https://www.linkedin.com/company/platt-electric-supply,,,Tacoma,Washington,US,98409
RSI Technologies LLC,rsitek.com,rsitek.com,https://www.linkedin.com/company/rsi-technologies-llc,,,Tacoma,Washington,US,98444
Seattle Lighting,seattlelighting.com,seattlelighting.com,,,,Tacoma,Washington,US,98409
Smart PNW - Shades and Smart Home Tech,smartpnw-windowcoverings.com,smartpnw-windowcoverings.com,,,,Tacoma,Washington,US,98406
Sound Electronics,soundelectronics.com,soundelectronics.com,,,,Tacoma,Washington,US,98409
Sound Films,sound-films.com,sound-films.com,,,,Tacoma,Washington,US,98402
Stay Home Monitoring,stayhomemonitoring.com,stayhomemonitoring.com,,,,Tacoma,Washington,US,98402
Superior Sounds Car Audio & Window Tint | Stereos & Custom Subwoofer Boxes,caraudiotacoma.com,caraudiotacoma.com,,,,Tacoma,Washington,US,98445
Tacoma Electric Supply,tacomaelectric.com,tacomaelectric.com,,,,Tacoma,Washington,US,98444
The Glass Candle,theglasscandle.com,theglasscandle.com,,,,Tacoma,Washington,US,98408
United Lamp Supply Inc,unitedlamp.com,unitedlamp.com,,,,Tacoma,Washington,US,98408
Video Lab,videolabnw.com,videolabnw.com,,,,Tacoma,Washington,US,98409
Video Only - Tacoma,videoonly.com,videoonly.com,,,,Tacoma,Washington,US,98409
Video Prosperity USA,videoprosperityusa.com,videoprosperityusa.com,,,,Tacoma,Washington,US,98402
Videos Crafted,videoscrafted.com,videoscrafted.com,,,,Tacoma,Washington,US,98402
Visual Options Inc,visualoptions.net,visualoptions.net,https://www.linkedin.com/company/visual-options,,,Tacoma,Washington,US,98409
Advantage AV Systems,advantageavsystems.com,advantageavsystems.com,,,,Tukwila,Washington,US,98188
Automated Gates & Equipment,aegates.com,aegates.com,,,,Tukwila,Washington,US,98168
Northwest Digital Media,northwestdigitalmedia.com,northwestdigitalmedia.com,,,,Tukwila,Washington,US,98188
System Design & Integration,sdiav.com,sdiav.com,,,,Tukwila,Washington,US,98188
ThoseTechGuys,thosetechguys.com,thosetechguys.com,,,,Tukwila,Washington,US,98188
Gray Media Productions,graymp.com,graymp.com,https://www.linkedin.com/company/gray-media-productions,,,University Place,Washington,US,98466
"Resicon Heating and Air, Plumbing & Electrical",resiconllc.com,resiconllc.com,,,,University Place,Washington,US,98466
"Current Home Technologies, llc",currenthometechnologies.com,currenthometechnologies.com,,,,Vancouver,Washington,US,98660
Expert Smart Homes,expertsmarthomes.com,expertsmarthomes.com,,,,Vancouver,Washington,US,98662
"Myers Kent Industries, Inc. (formerly Myers Electric and Automation Inc.)",myerskent.com,myerskent.com,https://www.linkedin.com/company/myers-kent-industries,,,Vancouver,Washington,US,98661
Sarkinen Electrical,sarkinenelectrical.com,sarkinenelectrical.com,,,,Vancouver,Washington,US,98665
Suess Electronics,suesselectronics.com,suesselectronics.com,https://www.linkedin.com/company/suess-electronics,,,Appleton,Wisconsin,US,54914
Audio Video Enterprises,audiovideoenterprises.com,audiovideoenterprises.com,,,,Arlington,Wisconsin,US,53911
America In-Home,americainhome.com,americainhome.com,,,,Brookfield,Wisconsin,US,53005
Custom Surveillance and Networking LLC,customsurveillanceandnetworking.net,customsurveillanceandnetworking.net,,,,Brookfield,Wisconsin,US,53005
IQ Automation,iqautomation.net,iqautomation.net,https://www.linkedin.com/company/iqautomationllc,,,Brookfield,Wisconsin,US,53072
Sound Dynamics LLC,sounddynamicsusa.com,sounddynamicsusa.com,,,,Brookfield,Wisconsin,US,53005
Apex Audio/Video,apexavwi.com,apexavwi.com,https://www.linkedin.com/company/apex-audio-video-wi,,,Brown Deer,Wisconsin,US,53223
"Global Sight & Sound, Inc.",globalsightandsound.com,globalsightandsound.com,,,,Brown Deer,Wisconsin,US,53223
Fox River Audio,foxriveraudio.com,foxriveraudio.com,,,,Burlington,Wisconsin,US,53105
American Home Consultants,madisoninsulation.com,madisoninsulation.com,https://www.linkedin.com/company/zander-solutions-llc,,,DeForest,Wisconsin,US,53532
OOSHT LLC.,oosht.com,oosht.com,,,,Delafield,Wisconsin,US,53018
Travis Sound Design,travissounddesign.com,travissounddesign.com,,,,Delavan,Wisconsin,US,53115
Alpine Valley Music Theatre,alpinevalleymusic.com,alpinevalleymusic.com,,,,East Troy,Wisconsin,US,53120
ARCTEK LLC,arctekwi.com,arctekwi.com,,,,Fond du Lac,Wisconsin,US,54935
Fireside Theatre,firesidetheatre.com,firesidetheatre.com,,,,Fort Atkinson,Wisconsin,US,53538
Austin White Audio,austinwhiteaudio.com,austinwhiteaudio.com,,,,Fox Lake,Wisconsin,US,53933
Go Audio LLC,goaudiolive.com,goaudiolive.com,,,,Franklin,Wisconsin,US,53132
Pure Sound & Vision,puresoundvision.com,puresoundvision.com,,,,Franklin,Wisconsin,US,53132
Automation Solutions LLC,automationsolutionsllc.com,automationsolutionsllc.com,https://www.linkedin.com/company/automation-solutions-llc,,,Germantown,Wisconsin,US,53022
InfoCor,infocor.com,infocor.com,https://www.linkedin.com/company/infocor,,,Germantown,Wisconsin,US,53022
Evolved Habitat LLC,evolvedhabitat.com,evolvedhabitat.com,,,,Green Bay,Wisconsin,US,54303
Pulse Home Tech,pulsehometech.com,pulsehometech.com,,,,Green Bay,Wisconsin,US,54301
"Smart Automation Solutions, LLC",smartroboticautomationsolutions.com,smartroboticautomationsolutions.com,https://www.linkedin.com/company/smart-automation-solutions-llc,,,Hartland,Wisconsin,US,53029
Smart Custom Homes and Interiors,smartcustomhomes.com,smartcustomhomes.com,,,,Hobart,Wisconsin,US,54155
Home Electronic Systems,hesusa.com,hesusa.com,,,,Hudson,Wisconsin,US,54016
Superior Technologies,superiortechwi.com,superiortechwi.com,https://www.linkedin.com/company/superior-technologies-llc,,,Janesville,Wisconsin,US,53546
Interstate Sound,interstatesound.com,interstatesound.com,,,,La Crosse,Wisconsin,US,54601
@Home,athomelg.com,athomelg.com,,,,Lake Geneva,Wisconsin,US,53147
Dunn Lumber - Hardware & Rental,dunnlbr.com,dunnlbr.com,https://www.linkedin.com/company/30090857,,,Lake Geneva,Wisconsin,US,53147
Electronics Solutions LLC,electronicsolutions.biz,electronicsolutions.biz,,,,Lake Geneva,Wisconsin,US,53147
"Foremost Electric, L.L.C.",foremost-electric.com,foremost-electric.com,,,,Lake Geneva,Wisconsin,US,53147
Geneva Stage,genevastage.com,genevastage.com,,,,Lake Geneva,Wisconsin,US,53147
Grand Geneva Resort & Spa,grandgeneva.com,grandgeneva.com,,,,Lake Geneva,Wisconsin,US,53147
Grand Welcome Lake Geneva Vacation Rental Management,lakegenevahost.com,lakegenevahost.com,https://www.linkedin.com/company/grand-welcome-orange-beach,,,Lake Geneva,Wisconsin,US,53147
HT SERVICES LLC,htserviceslg.com,htserviceslg.com,,,,Lake Geneva,Wisconsin,US,53147
Harbor Shores on Lake Geneva,harborshoreslg.com,harborshoreslg.com,,,,Lake Geneva,Wisconsin,US,53147
HomeGoods,homegoods.com,homegoods.com,,,,Lake Geneva,Wisconsin,US,53147
HomeSmart Connect - Lake Geneva,joinhomesmartconnect.com,joinhomesmartconnect.com,,,,Lake Geneva,Wisconsin,US,53147
Lake Geneva,cityoflakegeneva.com,cityoflakegeneva.com,,,,Lake Geneva,Wisconsin,US,53147
Lake Geneva Antique Mall,lgantiquemall.com,lgantiquemall.com,,,,Lake Geneva,Wisconsin,US,53147
Lake Geneva Clue Room,lakegenevaclueroom.com,lakegenevaclueroom.com,,,,Lake Geneva,Wisconsin,US,53147
Lake Geneva Cruise Line,cruiselakegeneva.com,cruiselakegeneva.com,https://www.linkedin.com/company/lake-geneva-cruise-line-gage,,,Lake Geneva,Wisconsin,US,53147
Lake Geneva Rentals,lgrwi.com,lgrwi.com,,,,Lake Geneva,Wisconsin,US,53147
Lakes Area Home Inspections Inc.,lahigroup.com,lahigroup.com,,,,Lake Geneva,Wisconsin,US,53147
Maxwell Mansion Hotel,staymaxwell.com,staymaxwell.com,https://www.linkedin.com/company/maxwell-mansion,,,Lake Geneva,Wisconsin,US,53147
NL Custom works llc,nlcustomworks.com,nlcustomworks.com,,,,Lake Geneva,Wisconsin,US,53147
Paper Dolls Home Furnishings,paperdollsinteriors.com,paperdollsinteriors.com,,,,Lake Geneva,Wisconsin,US,53147
Poolblu,poolblu.com,poolblu.com,,,,Lake Geneva,Wisconsin,US,53147
Rk Electronics,rkelectronics.net,rkelectronics.net,,,,Lake Geneva,Wisconsin,US,53147
"Security Rep, Inc.",securityrep.com,securityrep.com,,,,Lake Geneva,Wisconsin,US,53147
Seven Oaks Bed & Breakfast,sevenoakslakegeneva.com,sevenoakslakegeneva.com,,,,Lake Geneva,Wisconsin,US,53147
Spectrum Store,spectrum.com,spectrum.com,,,,Lake Geneva,Wisconsin,US,53147
Studio Dori House of Movement,studiodori.com,studiodori.com,,,,Lake Geneva,Wisconsin,US,53147
Studio M Interiors,studiom-int.com,studiom-int.com,https://www.linkedin.com/company/studio-m-interiors-llc,,,Lake Geneva,Wisconsin,US,53147
T C Smith Historic Inn Bed & Breakfast,tcsmithhistoricinn.com,tcsmithhistoricinn.com,,,,Lake Geneva,Wisconsin,US,53147
The Baker House and Lake Geneva Steak House,bakerhouse1885.com,bakerhouse1885.com,,,,Lake Geneva,Wisconsin,US,53147
The Cove of Lake Geneva,coveoflakegeneva.com,coveoflakegeneva.com,,,,Lake Geneva,Wisconsin,US,53147
Treble Sound & Lighting,treblesoundlighting.com,treblesoundlighting.com,,,,Lake Geneva,Wisconsin,US,53147
Tristan Crist Magic Theatre,lakegenevamagic.com,lakegenevamagic.com,,,,Lake Geneva,Wisconsin,US,53147
"Vanderstappen Power Plus, Inc. (dba VP Plus, Inc.)",vpplus.net,vpplus.net,,,,Lake Geneva,Wisconsin,US,53147
Verizon,victra.com,victra.com,https://www.linkedin.com/company/victra,,,Lake Geneva,Wisconsin,US,53147
Walmart Supercenter,walmart.com,walmart.com,,,,Lake Geneva,Wisconsin,US,53147
A Way of Life Media,awayoflifemedia.com,awayoflifemedia.com,,,,Madison,Wisconsin,US,53704
AMS,amsmadison.com,amsmadison.com,,,,Madison,Wisconsin,US,53719
Advanced Project Solutions,advancedprosolutions.com,advancedprosolutions.com,,,,Madison,Wisconsin,US,53716
All-Star Maintenance Services LLC,allstarmaintenancellc.com,allstarmaintenancellc.com,,,,Madison,Wisconsin,US,53719
Artisan Home Technologies,artisanhometechnologies.com,artisanhometechnologies.com,,,,Madison,Wisconsin,US,53718
Audacy,audacyinc.com,audacyinc.com,https://www.linkedin.com/company/audacy-inc,,,Madison,Wisconsin,US,53719
Audio Visual of Madison,avmonline.com,avmonline.com,,,,Madison,Wisconsin,US,53718
Audio for the Arts,audioforthearts.com,audioforthearts.com,,,,Madison,Wisconsin,US,53703
Automation Arts,automationarts.com,automationarts.com,https://www.linkedin.com/company/automation-arts-inc,,,Madison,Wisconsin,US,53718
Bare Minimum Audio,bareminimumaudio.com,bareminimumaudio.com,,,,Madison,Wisconsin,US,53704
Crescent Electric Supply Company,crescentelectric.com,crescentelectric.com,,,,Madison,Wisconsin,US,53704
Fearing's Audio Video Security,fearings.com,fearings.com,,,,Madison,Wisconsin,US,53714
"Gerhard's Kitchen, Bath & Lighting Store",gerhardsstore.com,gerhardsstore.com,,,,Madison,Wisconsin,US,53713
"Global Systems Design & Installation, LLC",gsdinstallation.com,gsdinstallation.com,,,,Madison,Wisconsin,US,53713
Globalcom Technologies,gctech.us,gctech.us,,,,Madison,Wisconsin,US,53718
Haggar Audio Productions,haggaraudio.com,haggaraudio.com,,,,Madison,Wisconsin,US,53713
HiFi Haus,hifi-haus.com,hifi-haus.com,,,,Madison,Wisconsin,US,53704
Home Technology Place,hometechnologyplace.com,hometechnologyplace.com,,,,Madison,Wisconsin,US,53713
"Integral Building Systems, Inc.",ibsystemsinc.com,ibsystemsinc.com,https://www.linkedin.com/company/integral-building-systems-inc,,,Madison,Wisconsin,US,53713
J&K Security Solutions,jksecurity.com,jksecurity.com,,,,Madison,Wisconsin,US,53715
Liston Location Audio,listonaudio.com,listonaudio.com,,,,Madison,Wisconsin,US,53713
Madison Lighting,madisonlighting.com,madisonlighting.com,,,,Madison,Wisconsin,US,53719
Madison Pro Audio,madisonproaudio.com,madisonproaudio.com,https://www.linkedin.com/company/madison-pro-audio,,,Madison,Wisconsin,US,53714
Madison tech services,madisontechservices.com,madisontechservices.com,,,,Madison,Wisconsin,US,53704
Martin Systems (formerly SGTS Inc.),martinsystems.com,martinsystems.com,,,,Madison,Wisconsin,US,53718
Masters Building Solutions,mastershvac.com,mastershvac.com,,,,Madison,Wisconsin,US,53713
Meter Studio Madison,meterstudio.com,meterstudio.com,,,,Madison,Wisconsin,US,53714
"Red Square Audio, LLC",redsquareaudio.com,redsquareaudio.com,,,,Madison,Wisconsin,US,53718
Requisite Video Productions,requisitevideo.com,requisitevideo.com,https://www.linkedin.com/company/331766,,,Madison,Wisconsin,US,53704
SOSONIC,sosonic.com,sosonic.com,,,,Madison,Wisconsin,US,53713
Singlewire Software,visit.singlewire.com,visit.singlewire.com,,,,Madison,Wisconsin,US,53717
Smart Home Electric,smarthomemadison.com,smarthomemadison.com,,,,Madison,Wisconsin,US,53714
"Smart Solutions, Inc.",smart-solutions.com,smart-solutions.com,,,,Madison,Wisconsin,US,53716
"Sound Devices, LLC - Madison Office",sounddevices.com,sounddevices.com,,,,Madison,Wisconsin,US,53717
Soundvision Co.,soundvisionco.com,soundvisionco.com,,,,Madison,Wisconsin,US,53716
Spoken Frame Media,spokenframemedia.com,spokenframemedia.com,https://www.linkedin.com/company/spokenframemedia,,,Madison,Wisconsin,US,53719
Tack Video Production LLC,tackvid.com,tackvid.com,,,,Madison,Wisconsin,US,53705
University Audio,universityaudio.com,universityaudio.com,,,,Madison,Wisconsin,US,53715
Video Solutions,videosolutions.pro,videosolutions.pro,,,,Madison,Wisconsin,US,53703
Lightman Technology,lightmantechnology.com,lightmantechnology.com,https://www.linkedin.com/company/lightman-technology-llc,,,McFarland,Wisconsin,US,53558
Wisconsin Audio Video,wisconsin-audiovideo.com,wisconsin-audiovideo.com,https://www.linkedin.com/company/wisconsin-audio-video,,,McFarland,Wisconsin,US,53558
Horizon Integrations Audio/Video,horizonintegrations.com,horizonintegrations.com,,,,Mequon,Wisconsin,US,53092
"Sound Designs, Inc.",sound-designs.net,sound-designs.net,,,,Mequon,Wisconsin,US,53092
Flynn Audio,flynnaudio.com,flynnaudio.com,,,,Middleton,Wisconsin,US,53562
Larson Electric,larsonelectricmadison.com,larsonelectricmadison.com,,,,Middleton,Wisconsin,US,53562
Volt AV LLC,volt-av.com,volt-av.com,,,,Middleton,Wisconsin,US,53562
Alarmtronix,alarm-tronix.com,alarm-tronix.com,,,,Milwaukee,Wisconsin,US,53214
Audio Emporium,audioemporium.com,audioemporium.com,,,,Milwaukee,Wisconsin,US,53209
Avenue Systems,avenue.systems,avenue.systems,https://www.linkedin.com/company/avenue-systems,,,Milwaukee,Wisconsin,US,53212
BBC Lighting,bbclighting.com,bbclighting.com,,,,Milwaukee,Wisconsin,US,53233
Brass Light Gallery,brasslightgallery.com,brasslightgallery.com,,,,Milwaukee,Wisconsin,US,53233
Bright Future Productions,brightfuturepro.com,brightfuturepro.com,,,,Milwaukee,Wisconsin,US,53215
DaVinci Media,davincimedia.com,davincimedia.com,,,,Milwaukee,Wisconsin,US,53203
Datavisions Inc,edatavision.com,edatavision.com,,,,Milwaukee,Wisconsin,US,53221
Design House,todaysdesignhouse.com,todaysdesignhouse.com,https://www.linkedin.com/company/dhi-corp,,,Milwaukee,Wisconsin,US,53205
Hawk Installations,hawkinstallations.net,hawkinstallations.net,,,,Milwaukee,Wisconsin,US,53225
LUCE Lighting + Luxuries,lucelighting.com,lucelighting.com,,,,Milwaukee,Wisconsin,US,53208
Plum Media,plummedia.com,plummedia.com,,,,Milwaukee,Wisconsin,US,53233
Professional Audio Designs Inc,proaudiodesigns.com,proaudiodesigns.com,https://www.linkedin.com/company/professional-audio-designs-inc.,,,Milwaukee,Wisconsin,US,53226
Purely IT Solutions,tvmounting.services,tvmounting.services,,,,Milwaukee,Wisconsin,US,53202
RedBird Technology Solutions (IT Services and Security Camera Installations),redbirdit.net,redbirdit.net,https://www.linkedin.com/company/redbirdmke-itservices,,,Milwaukee,Wisconsin,US,53226
SmartMeasurement - Flow Meter Manufacturer,smartmeasurement.com,smartmeasurement.com,https://www.linkedin.com/company/smartmeasurement-llc,,,Milwaukee,Wisconsin,US,53226
TremTech AV Installations,tremtechav.com,tremtechav.com,,,,Milwaukee,Wisconsin,US,53207
Any & All Media,avmediageeks.com,avmediageeks.com,,,,Monona,Wisconsin,US,53716
Home AV Pros,homeavpros.com,homeavpros.com,,,,Monona,Wisconsin,US,53716
MyEasytek Corporation,myeasytek.com,myeasytek.com,,,,Mt Pleasant,Wisconsin,US,53406
Sound Decision Productions,sounddecisionproductions.com,sounddecisionproductions.com,,,,Muskego,Wisconsin,US,53150
"Advanced Communication Services, Inc",advanced-comm.com,advanced-comm.com,,,,New Berlin,Wisconsin,US,53151
BC Neville Technologies,bcnevilletech.com,bcnevilletech.com,,,,New Berlin,Wisconsin,US,53146
Complex Security Solutions Inc.,complexsecuritysolutions.com,complexsecuritysolutions.com,https://www.linkedin.com/company/complex-security-solutions-inc.,,,New Berlin,Wisconsin,US,53151
Metro Sound and Video,metro-sound.com,metro-sound.com,,,,New Berlin,Wisconsin,US,53151
"Audio Video Pros, Inc.",theaudiovideopros.com,theaudiovideopros.com,https://www.linkedin.com/company/theaudiovideopros,,,Onalaska,Wisconsin,US,54650
Audio Contractors,audiocontractorsllc.com,audiocontractorsllc.com,,,,Oregon,Wisconsin,US,53575
Automation Solutions of Wi Inc,autosolwi.com,autosolwi.com,,,,Pewaukee,Wisconsin,US,53072
HiTech Homes (DBA)- Electronic Lifestyles Inc,hitechhomes.com,hitechhomes.com,,,,Pewaukee,Wisconsin,US,53072
Sound Specialty Co,soundspecialty.biz,soundspecialty.biz,https://www.linkedin.com/company/sound-specialty-company,,,Racine,Wisconsin,US,53405
Peak Systems Group,peaksystemsgroup.com,peaksystemsgroup.com,,,,Reedsburg,Wisconsin,US,53959
A-1 Light Doctor,lightdoctor1.com,lightdoctor1.com,,,,Shorewood,Wisconsin,US,53211
"Einstein Audio Systems, Inc.",einsteinaudiosystems.com,einsteinaudiosystems.com,,,,Stoughton,Wisconsin,US,53589
Elemental Home Technologies LLC,elementalhometech.com,elementalhometech.com,,,,Stoughton,Wisconsin,US,53589
Production Studio 29,productionstudio29.com,productionstudio29.com,,,,Stoughton,Wisconsin,US,53589
Aptus LLC,aptuswi.com,aptuswi.com,,,,Sun Prairie,Wisconsin,US,53590
"Naviant, Inc.",naviant.com,naviant.com,https://www.linkedin.com/company/naviant-llc,,,Verona,Wisconsin,US,53593
Audio Video Installations,aviwi.com,aviwi.com,,,,Wales,Wisconsin,US,53183
Wisconsin Automation,wisconsinautomation.com,wisconsinautomation.com,https://www.linkedin.com/company/wisconsin-automation,,,Wales,Wisconsin,US,53183
Digitek Digital,digitekdigital.com,digitekdigital.com,,,,Waukesha,Wisconsin,US,53186
Lewis Sound & Video Professionals,lewissound.com,lewissound.com,,,,Waukesha,Wisconsin,US,53186
SMART SPACES,smartspaceswi.com,smartspaceswi.com,,,,Waukesha,Wisconsin,US,53186
Pulse Automation & Security LLC,pulse-automation.com,pulse-automation.com,https://www.linkedin.com/company/pulseautomationsecurity,,,Waunakee,Wisconsin,US,53597
"Audio Video Solutions, Inc.",audiovideosolutions.net,audiovideosolutions.net,,,,Waupun,Wisconsin,US,53963
Elektra Lights & Fans Inc.,elektralights.com,elektralights.com,,,,Wauwatosa,Wisconsin,US,53213
Ultra Fidelis Audio & Home Theater,ultrafidelis.com,ultrafidelis.com,,,,Wauwatosa,Wisconsin,US,53213
Associated Technical Services Inc,atswi.com,atswi.com,https://www.linkedin.com/company/6649416,,,West Allis,Wisconsin,US,53214
Flanner's Home Entertainment,flanners.com,flanners.com,,,,West Allis,Wisconsin,US,53214
Automated Solutions WI,aswi.us,aswi.us,,,,Wind Lake,Wisconsin,US,53185
Audio Video Environments,ave4u.net,ave4u.net,,,,Wisconsin Rapids,Wisconsin,US,54494
Hitek Communications,hitekcommunications.com,hitekcommunications.com,,,,Casper,Wyoming,US,82609
Encore Sight & Sound,encoresightandsound.com,encoresightandsound.com,https://www.linkedin.com/company/60394698,,,Cheyenne,Wyoming,US,82009
A Sound Image,asoundimage.info,asoundimage.info,,,,Jackson,Wyoming,US,83001
ALARMLOGIX,alarmlogix.com,alarmlogix.com,https://www.linkedin.com/company/alarmlogix,,,Jackson,Wyoming,US,83001
Advanced Custom Electric Inc.,acelectricjh.com,acelectricjh.com,,,,Jackson,Wyoming,US,83001
Audio Video Specialists,avswy.com,avswy.com,,,,Jackson,Wyoming,US,83001
Beyond Efficiency,beyondefficiency.us,beyondefficiency.us,,,,Jackson,Wyoming,US,83001
Hughes Production,hughesproduction.com,hughesproduction.com,,,,Jackson,Wyoming,US,83001
IntegrationAVonline,integrationavonline.com,integrationavonline.com,,,,Jackson,Wyoming,US,83001
Izzy Tech Computer Repair,izzytechjh.com,izzytechjh.com,,,,Jackson,Wyoming,US,83001
Jackson Hole AV,jacksonholeav.com,jacksonholeav.com,,,,Jackson,Wyoming,US,83001
Jackson Hole Playhouse,jacksonholeplayhouse.com,jacksonholeplayhouse.com,,,,Jackson,Wyoming,US,83001
"Jackson Tint and Sound | 3M Window Films, Smart Tint, Automotive Electronics",jacksontintandsound.com,jacksontintandsound.com,,,,Jackson,Wyoming,US,83001
Jeff & Kelli Ward,sellingjacksonhole.com,sellingjacksonhole.com,,,,Jackson,Wyoming,US,83001
Noon Solutions Inc,noon.inc,noon.inc,,,,Jackson,Wyoming,US,83001
"Premiere SAV Jackson, WY",premieresav.com,premieresav.com,https://www.linkedin.com/company/premieresav,,,Jackson,Wyoming,US,83001
"Relief Technologies, Inc.",relieftech.com,relieftech.com,,,,Jackson,Wyoming,US,83001
Serenity Development Management,serenityinc.com,serenityinc.com,,,,Jackson,Wyoming,US,83001
Sourcetech Services Inc,sourcetechservicesinc.com,sourcetechservicesinc.com,https://www.linkedin.com/company/sourcetech-services-inc,,,Jackson,Wyoming,US,83001
Square One Systems Design,sqr-1.com,sqr-1.com,,,,Jackson,Wyoming,US,83001
Synergy Labs - Mobile App and Web Developers Agency in Jackson,synergylabs.co,synergylabs.co,https://www.linkedin.com/company/synergy-labs-agency,,,Jackson,Wyoming,US,83001
"Video Vision, Inc.",videovisioninc.com,videovisioninc.com,,,,Jackson,Wyoming,US,83001
Web Builder CS,secure.emochila.com,secure.emochila.com,,,,Jackson,Wyoming,US,83001
"Home Technology Solutions, LLC",hts-wyo.com,hts-wyo.com,,,,Lovell,Wyoming,US,82431
D.B. Smart Homes & Security,dbsmarthomes.com,dbsmarthomes.com,,,,Sheridan,Wyoming,US,82801
Direct-Smarter Technology,direct-smarter.com,direct-smarter.com,,,,Sheridan,Wyoming,US,82801
Smart Responses LLC,smartresponses.cloud,smartresponses.cloud,,,,Sheridan,Wyoming,US,82801
