companyname,companywebsite,companyemaildomain,linkedincompanypageurl,stockticker,industry,city,state,country,zipcode
Regent5,https://www.regent5.com/,regent5.com,,,,San Carlos,CA,US,94070
"Valley Home Theater & Automation, Inc.",http://valleyhometheater.com/?utm_campaign=gmb,valleyhometheater.com,,,,Dublin,CA,US,94568
Advanced Home Automation,https://advancedha.com/,advancedha.com,,,,Mountain View,CA,US,94041
Evergreen Home Systems Inc,https://evergreenhomesystems.com/,evergreenhomesystems.com,,,,Mountain View,CA,US,94040
AA Customs,http://www.aacustoms.pro/,aacustoms.pro,,,,Burlingame,CA,US,94010
zettacomm Automated Lifestyle,https://zettacomm.com/pages/about/,zettacomm.com,,,,San Carlos,CA,US,94070
Smart4Smart,https://smartforsmart.com/,smartforsmart.com,,,,Palo Alto,CA,US,94306
Levines Lights,https://www.levineslights.com/,levineslights.com,,,,San Carlos,CA,US,94070
Immersive Experiences,http://www.immexperiences.com/,immexperiences.com,,,,Palo Alto,CA,US,94301
Ecohome Automation,https://www.ecohomeautomations.com/?utm_source=google&utm_medium=wix_google_business_profile&utm_campaign=4153641034979705381,ecohomeautomations.com,,,,San Mateo,CA,US,94402
XK Estates,https://www.xk-estates.com/,xk-estates.com,,,,Oakland,CA,US,94607
Automation Racks,https://automationracks.com/,automationracks.com,,,,Sausalito,CA,US,94965
My Elite Style Smart Home Solutions Inc,,,,,,San Mateo,CA,US,94402
Full Spectrum Technology Group,https://www.fullspectrumtg.com/?utm_source=google&utm_medium=organic&utm_campaign=gbp-listing,fullspectrumtg.com,,,,Concord,CA,US,94518
Positive Electric,https://positive-electric.net/,positive-electric.net,,,,Millbrae,CA,US,94030
Brilliant NextGen,https://www.brilliant.tech/?utm_source=google&utm_medium=organic&utm_campaign=seolocale,brilliant.tech,,,,San Mateo,CA,US,94401
Connect and Protect,http://www.smarthomesecuritycontrol.com/,smarthomesecuritycontrol.com,,,,Alamo,CA,US,94507
"Automation & Entertainment, Inc",http://automationandentertainmentinc.com/contact-us/,automationandentertainmentinc.com,,,,Los Gatos,CA,US,95033
Simplifi,https://www.simplifihometech.com/,simplifihometech.com,,,,San Francisco,CA,US,94116
Smart Home Security Control,https://shscenergymanagement.com/,shscenergymanagement.com,,,,Walnut Creek,CA,US,94596
"R&S Erection of San Mateo, Inc.",http://rsdoorandgate.com/,rsdoorandgate.com,,,,South San Francisco,CA,US,94080
Premier Automation Contractors,http://www.premierac.com/,premierac.com,,,,Newark,CA,US,94560
Alpha Omega Electric,https://alphaomegaelectric.org/expert-electricians-in-santa-cruz-ca/,alphaomegaelectric.org,,,,Santa Cruz,CA,US,95062
Automatic Gate Guys,http://automaticgatesservices.com/,automaticgatesservices.com,,,,Redwood City,CA,US,94063
Barker Tech,https://onetapconnect.com/barkertech-jakebarker/,onetapconnect.com,,,,South San Francisco,CA,US,94080
Pacific Coast Home Services,http://pc-homeservices.com/,pc-homeservices.com,,,,San Jose,CA,US,95131
Daisy,https://daisyco.com/northern-virginia-va/,daisyco.com,,,,Burke,DC,US,22015
Home Cinema Marin -,https://www.homecinemamarin.com/,homecinemamarin.com,,,,Novato,CA,US,94949
Home Theater Builders,https://home-theater-builders.com/,home-theater-builders.com,,,,Beverly Hills,CA,US,90212
Bravas Dallas-Fort Worth,http://www.bravas.com/,bravas.com,,,,The Colony,TX,US,75056
System View Inc,,,,,,San Mateo,CA,US,94401
IntellihomeAV & Smart Home Automation,https://intellihomeav.com/,intellihomeav.com,,,,Los Angeles,CA,US,90064
Smart Wires LLC,https://smartwireselectric.com/,smartwireselectric.com,,,,Saratoga,CA,US,95070
Sightpro Solutions,https://www.sightpro-solutions.com/,sightpro-solutions.com,,,,San Ramon,CA,US,94583
CallTech,https://www.calltech.pro/,calltech.pro,,,,Sunnyvale,CA,US,94087
Superior Technology Systems,,,,,,Morgan Hill,CA,US,95037
QuickGenie,https://quickgenie.store/,quickgenie.store,,,,Santa Clara,CA,US,95050
Custom Innovations,http://custom-innovations.com/,custom-innovations.com,,,,Morgan Hill,CA,US,95037
ioT Solutions,,,,,,San Jose,CA,US,95111
Golden Pacific Systems,http://gpsinteractive.com/,gpsinteractive.com,,,,San Jose,CA,US,95124
Haven & Wire,https://www.havenandwire.com/,havenandwire.com,,,,Los Gatos,CA,US,95032
MP Security Cameras,http://www.mpscameras.com/,mpscameras.com,,,,San Jose,CA,US,95117
HBK Electric,https://www.hbkelectric.com/,hbkelectric.com,,,,San Jose,CA,US,95123
RNA Automatic Gates,https://rnaautomaticgates.com/,rnaautomaticgates.com,,,,Santa Clara,CA,US,95050
Intelligent Automation Technology,http://www.cygia.com/,cygia.com,,,,Santa Clara,CA,US,95050
CCS Electric,https://www.ccselectric.com/,ccselectric.com,,,,Santa Clara,CA,US,95050
ADT Security Services,https://www.adt.com/local/ca/sacramento?utm_source=google&utm_medium=localseo&utm_campaign=website,adt.com,,,,Sacramento,CA,US,95834
Automated Solutions Group,http://asgbms.com/,asgbms.com,,,,San Jose,CA,US,95131
"Home Networks, Electric & Solar, Inc. (CA)",https://homenes.com/,homenes.com,,,,San Jose,CA,US,95131
The Alarm Company,http://www.thealarmcompany.com/,thealarmcompany.com,,,,Campbell,CA,US,95008
"Automatic Gate Installations, Inc.",http://www.automaticgateinstallations.com/,automaticgateinstallations.com,,,,Campbell,CA,US,95008
Drummond Electric,http://drummondelectric.com/,drummondelectric.com,,,,San Jose,CA,US,95120
Blossom Hill TV,http://www.blossomhilltelevision.com/,blossomhilltelevision.com,,,,San Jose,CA,US,95128
San Jose TV Install,https://www.sanjosetvinstall.com/,sanjosetvinstall.com,,,,San Jose,CA,US,95127
Infinite Audio & Video,http://www.infiniteaudioandvideo.com/,infiniteaudioandvideo.com,,,,Cupertino,CA,US,95014
The Integrated Lifestyle,https://www.theintegratedlifestyle.com/,theintegratedlifestyle.com,,,,Campbell,CA,US,95008
Audio High,http://www.audiohigh.com/,audiohigh.com,,,,Mountain View,CA,US,94043
HiDef Audio Video,,,,,,San Jose,CA,US,95112
First Tech Networks,http://securitycamerainstallationsf.com/,securitycamerainstallationsf.com,,,,San Francisco,CA,US,94118
Camber Integration,https://www.camberintegration.com/,camberintegration.com,,,,Pleasant Hill,CA,US,94523
DoItForMe.Solutions,http://www.doitforme.solutions/,doitforme.solutions,,,,San Francisco,CA,US,94103
Hermary's LLC,http://www.hermarys.com/,hermarys.com,,,,San Francisco,CA,US,94103
Kinetic Automation,https://www.kinetic.auto/,kinetic.auto,,,,Phoenix,AZ,US,85027
Performance Audio,https://www.performance-audio.com/,performance-audio.com,,,,San Francisco,CA,US,94115
OnTech Smart Services,https://www.ontechsmartservices.com/,ontechsmartservices.com,,,,Englewood,CA,US,80112
Rigility Surveillance Solutions SF,,,,,,San Francisco,CA,US,94102
Immersive Installs,https://immersiveinstalls.com/,immersiveinstalls.com,,,,San Francisco,CA,US,94103
ManageCasa HOA and Rental Property Management Software,https://www.managecasa.com/,managecasa.com,,,,San Francisco,CA,US,94111
Swiftlane,https://swiftlane.com/,swiftlane.com,,,,San Francisco,CA,US,94103
Technology-Integrator,,,,,,San Francisco,CA,US,94129
Commuataive Home Safety Services,https://business.google.com/site/l/17429718197206742086,business.google.com,,,,San Francisco,CA,US,94133
IPSOFACTO IT Services,http://now.ipsofacto.net/,now.ipsofacto.net,,,,San Francisco,CA,US,94114
TQS Integration LLC,,,,,,San Francisco,CA,US,94103
TechInSF Consulting,http://www.techinsf.com/,techinsf.com,,,,San Francisco,CA,US,94107
POWR,https://www.powr.io/,powr.io,,,,San Francisco,CA,US,94105
Lightstep,https://lightstep.com/,lightstep.com,,,,San Francisco,CA,US,94111
Aurora Solar Inc.,http://www.aurorasolar.com/,aurorasolar.com,,,,San Francisco,CA,US,94104
Proava Tech,https://www.proavatech.com/,proavatech.com,,,,Novato,CA,US,94949
Audio Video Integration,http://www.avimarin.com/,avimarin.com,,,,San Rafael,CA,US,94901
SoundVision,https://www.svsf.com/,svsf.com,,,,Novato,CA,US,94949
Sync Systems,https://www.syncsystemsav.com/?utm_campaign=gmb,syncsystemsav.com,,,,Santa Rosa,CA,US,95403
Digital Living Inc.,http://digitalliving.com/,digitalliving.com,,,,Sonoma,CA,US,95476
"Electronic Innovations, Inc.",https://www.electronicinnovations.com/,electronicinnovations.com,,,,Richmond,CA,US,94801
Spectrum Audio Visual,http://www.spectrumavmarin.com/,spectrumavmarin.com,,,,Mill Valley,CA,US,94941
ELAN HOME SYSTEMS,http://elanu.com/contact_info.asp,elanu.com,,,,Petaluma,CA,US,94954
"Granko, Inc",http://www.granko.com/,granko.com,,,,Sonoma,CA,US,95476
High Definition Home,http://www.mobiussystems.com/,mobiussystems.com,,,,San Rafael,CA,US,94903
Echozone Theater Install,https://sites.google.com/view/echozone-theater-install/home,sites.google.com,,,,Corte Madera,CA,US,94925
Jacopi Designs smart home audio & video installations,http://jacopidesigns.com/,jacopidesigns.com,,,,Novato,CA,US,94949
Acoustic Frontiers LLC,http://www.acousticfrontiers.com/,acousticfrontiers.com,,,,San Rafael,CA,US,94901
Marin SF AV,http://marinsfav.com/,marinsfav.com,,,,Woodacre,CA,US,94973
Theater Xtreme,http://www.theaterxtreme.tv/,theaterxtreme.tv,,,,Roseville,CA,US,95678
Home Theater Company,http://hometheatercompany.com/,hometheatercompany.com,,,,Sacramento,CA,US,95815
Video Only San Rafael,https://www.videoonly.com/,videoonly.com,,,,San Rafael,CA,US,94901
Visual Sound Solutions,http://www.visualsoundsolutions.net/,visualsoundsolutions.net,,,,Pleasant Hill,CA,US,94523
Performance Media Industries (PMI),https://www.pmiltd.com/,pmiltd.com,,,,Novato,CA,US,94949
Same Day Installations,https://samedayinstallations.com/,samedayinstallations.com,,,,Oakland,CA,US,94607
"Security Integration, Inc.",,,,,,San Rafael,CA,US,94901
Gridwise Electric,https://gridwiseelectric.com/,gridwiseelectric.com,,,,San Rafael,CA,US,94901
drapinski TV & Audio Inc,http://www.drapinskitv.com/,drapinskitv.com,,,,Napa,CA,US,94559
Digital Connections,http://www.digital-connections.net/,digital-connections.net,,,,Napa,CA,US,94558
Audio Visual Engineering,,,,,,Napa,CA,US,94558
"JD's Home Renovations, Inc.",https://jdshomerenovations.com/,jdshomerenovations.com,,,,Napa,CA,US,94558
Napa Valley Media,http://www.napavalleymedia.com/,napavalleymedia.com,,,,Napa,CA,US,94558
Northern California Audio Video,http://norcalav.net/,norcalav.net,,,,Napa,CA,US,94559
Cinema Systems,http://cinema-systems.com/,cinema-systems.com,,,,Tujunga,CA,US,91042
Audio House Napa,http://www.audiohousenapa.com/,audiohousenapa.com,,,,Napa,CA,US,94559
Technical Visionaries,,,,,,Sonoma,CA,US,95476
Sierra @ Home,https://sierraathome.com/,sierraathome.com,,,,Sonoma,CA,US,95476
Rinkor Technology Solutions,https://rinkortech.com/,rinkortech.com,,,,Santa Rosa,CA,US,95403
Performance Home Automation,http://www.pha.systems/,pha.systems,,,,Annapolis,MD,US,21401
Smart Automator,https://smartautomator.com/,smartautomator.com,,,,Lanham,MD,US,20706
American Automation,https://www.american-automation.com/,american-automation.com,,,,Bowie,MD,US,20715
Emergent Home Solutions,https://www.emergenths.com/,emergenths.com,,,,Annapolis Junction,MD,US,20701
Brllnt Homes,https://www.brllnthomes.com/,brllnthomes.com,,,,Arnold,MD,US,21012
HS Technology Group,https://hstechgroup.com/,hstechgroup.com,,,,Pikesville,MD,US,21208
Ultimate TV Mounting,https://ultimatetvmounting.com/,ultimatetvmounting.com,,,,Glenn Dale,MD,US,20769
Petitbon Alarm Co.,http://www.petitbon.com/,petitbon.com,,,,Crofton,MD,US,21114
Smart Automation Solutions,http://www.smartautomationsolutions.com/,smartautomationsolutions.com,,,,Gaithersburg,MD,US,20877
Chase Systems LLC,http://www.chasesystems.com/,chasesystems.com,,,,Rockville,MD,US,20852
Home Technology Architects,http://www.htarchitects.com/,htarchitects.com,,,,Rockville,MD,US,20852
Elite Home Entertainment,http://www.eheservices.com/,eheservices.com,,,,Forest Hill,MD,US,21050
"Chesapeake Systems Service, Inc.",http://www.shopcss.us/,shopcss.us,,,,Annapolis Junction,MD,US,20701
SmartTouchUSA,https://smarttouchusa.com/,smarttouchusa.com,,,,Columbia,MD,US,21045
"Poseidon Systems, Inc",https://poseidonsystems.net/?utm_source=google&utm_medium=organic&utm_campaign=gbp_profile,poseidonsystems.net,,,,Bethesda,MD,US,20816
Vector Security,https://www.vectorsecurity.com/service-areas/md-columbia/?utm_source=google&utm_medium=organic&utm_campaign=local-listing,vectorsecurity.com,,,,Columbia,MD,US,21046
Level Up Automation Maryland,http://www.levelupautomationmd.com/,levelupautomationmd.com,,,,Kingsville,MD,US,21087
"Casaplex, LLC",http://www.casaplex.com/,casaplex.com,,,,Kensington,MD,US,20895
One Source Systems,https://onesourcesystems.com/?utm_source=gmb&utm_medium=organic,onesourcesystems.com,,,,Gaithersburg,MD,US,20879
Shore Home Solutions,https://www.shorehomesolutions.com/,shorehomesolutions.com,,,,Easton,MD,US,21601
Ultimate Electronic Solutions,https://uesav.com/,uesav.com,,,,Fort Washington,MD,US,20744
Unlimited Connect Installations,http://www.unlimitedconnect.com/,unlimitedconnect.com,,,,Clinton,MD,US,20735
Pull Up TV Mounting,http://www.pulluptvmounting.com/,pulluptvmounting.com,,,,Bowie,MD,US,20716
Metropolitan Security & Surveillance,http://metropolitansecuritysurveillance.com/,metropolitansecuritysurveillance.com,,,,Annapolis,MD,US,21403
Electronic Home Environments,http://www.ehenvironments.com/,ehenvironments.com,,,,Annapolis,MD,US,21403
AICyberHelp,https://aicyberhelp.com/,aicyberhelp.com,,,,Silver Spring,MD,US,20901
HiTech Upgrades,http://www.hitechupgrades.com/,hitechupgrades.com,,,,Severna Park,MD,US,21146
SMART automation,http://smart-iots.com/,smart-iots.com,,,,Lansdowne,MD,US,20176
A.B.E. Networks,http://abenetworks.com/,abenetworks.com,,,,Rockville,MD,US,20852
"Home Tech Audio Video Concepts, Inc.",http://www.hometechav.com/,hometechav.com,,,,Easton,MD,US,21601
Timberlake Homes,https://timberlakehomes.com/,timberlakehomes.com,,,,Annapolis,MD,US,21401
Signature Sound & Video,https://www.sigsv.com/,sigsv.com,,,,Conshohocken,MD,US,19428
Media Rooms Inc,https://www.mediaroomsinc.com/,mediaroomsinc.com,,,,West Chester,MD,US,19382
Integration With Integrity,,,,,,Annapolis,MD,US,21403
Advanced Green Home Solutions,http://advancedgreenhomesolutions.com/,advancedgreenhomesolutions.com,,,,Annapolis,MD,US,21401
Ultimate Home Innovations,http://www.ultimatehomeinnovations.com/,ultimatehomeinnovations.com,,,,Odenton,MD,US,21113
Great Home Construction LLC,http://www.greathomellc.com/,greathomellc.com,,,,Annapolis,MD,US,21401
Jobi Homes LLC,,,,,,Bowie,MD,US,20720
Arundel Home Improvements Inc,https://www.arundelhomeimprovement.com/,arundelhomeimprovement.com,,,,Pasadena,MD,US,21122
Waypoint Networks LLC,http://www.waypointnetworks.com/,waypointnetworks.com,,,,Annapolis,MD,US,21401
"Accessible Home Solutions, LLC",http://accessiblehomesolutions.com/,accessiblehomesolutions.com,,,,Bethesda,MD,US,20814
Building Automation Services Inc,http://www.bas-inc.net/,bas-inc.net,,,,Pasadena,MD,US,21122
"Albrecht Properties & Home Improvements, Inc.",http://www.albrechthomeimprovements.com/,albrechthomeimprovements.com,,,,Pasadena,MD,US,21122
Systems Integrator Technology Training,,,,,,Silver Spring,MD,US,20910
Adrian Development LLC,https://www.adr-dev.com/,adr-dev.com,,,,Annapolis,MD,US,21403
Home Services LLC,http://www.home-services.us/,home-services.us,,,,Silver Spring,MD,US,20906
Our Maryland Home Team,,,,,,Annapolis,MD,US,21401
Whitehall Building & Company,http://whitehallbuilding.com/,whitehallbuilding.com,,,,Annapolis,MD,US,21401
Kemeski Systems,https://www.kemeskisystems.com/,kemeskisystems.com,,,,Annapolis,MD,US,21401
"Smart Solutions, LLC",https://smartsolutions.dev/,smartsolutions.dev,,,,Annapolis,MD,US,21401
Gramophone,https://gramophone.com/,gramophone.com,,,,Timonium,MD,US,21093
Electronic Cinema Service,http://www.electroniccinemaservice.com/,electroniccinemaservice.com,,,,Poolesville,MD,US,20837
"Tech House, Inc.",,,,,,Silver Spring,MD,US,20901
Tech Hook-Up,https://tvmountinggermantown.com/,tvmountinggermantown.com,,,,Germantown,MD,US,20876
Eisemann Theater,http://www.eisemann-theater.com/,eisemann-theater.com,,,,Bethesda,MD,US,20814
A Backyard Movie Service JTB ENTERTAINMENT GROUP,http://www.jtbentertainmentgroup.com/,jtbentertainmentgroup.com,,,,Silver Spring,MD,US,20902
Revelation AV + Automation,https://www.revelationav.com/,revelationav.com,,,,Alexandria,DC,US,22314
Audio Visual Architects LLC,https://www.avarchs.com/,avarchs.com,,,,Washington,DC,US,20036
"Sight & Sound Systems, Inc.",https://sightandsoundsystems.com/,sightandsoundsystems.com,,,,Dulles,DC,US,20166
Autonomi,https://getautonomi.com/,getautonomi.com,,,,Washington,DC,US,20002
True Protection,https://www.truehomeprotection.com/austin/,truehomeprotection.com,,,,Austin,TX,US,78704
Security Cam﻿era Installation Service & IT Service DMV,https://securitycamerasinstallationdmv.com/?,securitycamerasinstallationdmv.com,,,,Washington,DC,US,20001
Integrated Media Systems,https://www.imsva.com/,imsva.com,,,,Ashburn,DC,US,20147
Pro A.V. llc,http://www.proavllcdmv.com/,proavllcdmv.com,,,,Accokeek,DC,US,20607
LSCA REMOTE MONITORING SERVICES,,,,,,Washington,DC,US,20001
"Trinity Wiring Solutions, LLC",https://www.trinitywiringsolutions.com/,trinitywiringsolutions.com,,,,Chantilly,DC,US,20151
Advanced Security Systems Inc.,http://www.advancedsecuritysystemsinc.com/,advancedsecuritysystemsinc.com,,,,Alexandria,DC,US,22302
POWERHOUSE,http://www.dcpowerhouse.com/,dcpowerhouse.com,,,,Silver Spring,DC,US,20910
Luxury Movie Theater Home 10 mins to Washington DC,https://www.us.despegar.com/hotels/h-6557430,us.despegar.com,,,,Alexandria,DC,US,22304
Level Up Installs,http://levelupinstalls.com/,levelupinstalls.com,,,,Capitol Heights,DC,US,20743
Evolution Audio Video,http://www.evolutionav.com/,evolutionav.com,,,,McLean,DC,US,22102
Luxury Movie Theater Home 10 mins to Washington DC,,,,,,Alexandria,DC,US,22304
Command Performance,http://www.commandav.com/,commandav.com,,,,Falls Church,DC,US,22046
Custom TV Solutions,http://www.customtvsolutions.com/,customtvsolutions.com,,,,Washington,DC,US,20007
Pinkney Services,https://pinkneyservices.com/,pinkneyservices.com,,,,Washington,DC,US,20001
BasementRemodeling.com,https://basementremodeling.com/basement-finishing-area/dc/washington/?utm_source=google&utm_medium=gmb&utm_campaign=washington,basementremodeling.com,,,,Washington,DC,US,20009
Studio Theatre,http://www.studiotheatre.org/,studiotheatre.org,,,,Washington,DC,US,20005
Enhanced Homes,https://www.enhanced-homes.com/,enhanced-homes.com,,,,Arlington,DC,US,22206
Build Design Center Kitchen & Bath,https://builddesigncenter.com/washingtondc/,builddesigncenter.com,,,,Washington,DC,US,20007
Bytesncables LLC,https://bytesncables.com/,bytesncables.com,,,,Washington,DC,US,20006
Lowe's Home Improvement,https://www.lowes.com/store/FL-Orlando/1598?cm_mmc=lod-_-c-_-lcl-_-awr-_-yxt-_-go-_-1598-_-na-_-0-_-0&y_source=1_MTE4MzI2Ni03MTUtbG9jYXRpb24ud2Vic2l0ZQ%3D%3D,lowes.com,,,,Orlando,FL,US,32822
Vision Security Solutions LLC,http://vision-security.com/,vision-security.com,,,,Washington,DC,US,20018
TSA Systems Integration Facility,http://www.tsa.gov/,tsa.gov,,,,Arlington,DC,US,22202
O.S. Solutions,https://osyssolutions.com/,osyssolutions.com,,,,Washington,DC,US,20002
"INI, Inc.",https://iniav.com/,iniav.com,,,,Sterling,DC,US,20164
Mariebelle Homes,https://mariebellehomes.llc/,mariebellehomes.llc,,,,Washington,DC,US,20006
Anant Corporation,https://www.anant.us/,anant.us,,,,Washington,DC,US,20037
"Softek Services, Inc.",http://www.softekdc.com/,softekdc.com,,,,Washington,DC,US,20005
"Corporate Systems Resources, Inc.",http://www.csr2000.com/,csr2000.com,,,,Washington,DC,US,20005
CGH Technologies Inc,https://cghtech.com/,cghtech.com,,,,Washington,DC,US,20024
Matrix MSP LLC,https://matrixmspllc.com/,matrixmspllc.com,,,,Washington,DC,US,20006
Neighborhood Garage Door Repair Of Washington DC,https://www.neighborhood-gds.com/service-areas/washington-dc/,neighborhood-gds.com,,,,Washington,DC,US,20001
CoreView,https://www.coreview.com/,coreview.com,,,,Washington,DC,US,20005
"Iron Vine Security, LLC",https://www.ivsec.com/contact/,ivsec.com,,,,Washington,DC,US,20005
DC Home Addition Contractor,http://dchomeadditioncontractor.com/,dchomeadditioncontractor.com,,,,Arlington,DC,US,22207
Layermark,http://www.layermark.com/,layermark.com,,,,Washington,DC,US,20036
Tri-Zone Automation,https://trizoneautomation.com/,trizoneautomation.com,,,,Warrenton,VA,US,20187
IQ Home Entertainment,https://iq-av.com/,iq-av.com,,,,Fairfax,VA,US,22030
Baru Installers,,,,,,Herndon,VA,US,20171
Accelerant Home Solutions,http://www.acchomesolutions.com/,acchomesolutions.com,,,,Centreville,VA,US,20120
SunShine AV,http://www.sunshineav.net/,sunshineav.net,,,,Chantilly,VA,US,20152
Capitol Home Theater,http://capitolhometheater.com/contact-us/,capitolhometheater.com,,,,Dulles,VA,US,20166
The Big Screen Store,https://www.thebigscreenstore.com/pages/samsung-tv-store-in-fairfax-va/?utm_campaign=gmb,thebigscreenstore.com,,,,Fairfax,VA,US,22030
Home Performance Masters,https://www.homeperformancemasters.com/,homeperformancemasters.com,,,,Burke,VA,US,22015
Vision Custom Build & Remodel,https://www.visioncustom.com/,visioncustom.com,,,,Fairfax,VA,US,22031
Home Performance Solutions,http://www.yourhps.net/,yourhps.net,,,,Fairfax,VA,US,22031
"Infinity Home Improvement,LLC",https://www.infinityhomeimpro.com/,infinityhomeimpro.com,,,,Fairfax,VA,US,22030
Phoenix Home Services Inc,https://phoenixhomeservices.com/,phoenixhomeservices.com,,,,Fairfax,VA,US,22031
Michael Nash Design & Build,https://michaelnashdesignbuild.com/,michaelnashdesignbuild.com,,,,Fairfax,VA,US,22031
Home Tech Restoration,http://www.hometechrestoration.com/,hometechrestoration.com,,,,Fairfax,VA,US,22030
Homes Tech LLC,https://homestech.net/,homestech.net,,,,Herndon,VA,US,20170
"DotSight Solutions, LLC",https://www.dotsightsolutions.com/,dotsightsolutions.com,,,,Fairfax,VA,US,22030
Aegis Technologies,https://aegistechnologies.com/security-systems/?utm_source=google&utm_medium=gbp&utm_campaign=seo,aegistechnologies.com,,,,Ashburn,VA,US,20147
"Sam Audio Video & Technology, LLC",https://www.av1technology.com/,av1technology.com,,,,Aldie,VA,US,20105
Rum AV Solutions,http://www.rumavsolutions.com/?utm_source=google&utm_medium=wix_google_business_profile&utm_campaign=69241493232379844,rumavsolutions.com,,,,Leesburg,VA,US,20175
Hogar Controls,https://hogarcontrols.com/,hogarcontrols.com,,,,Sterling,VA,US,20166
ZAGO DATA WIRE,https://www.zagodatawire.com/,zagodatawire.com,,,,Ashburn,VA,US,20147
Ashburn Automations,,,,,,Ashburn,VA,US,20147
Metamorphosis Environments,http://metamorphosis.solutions/,metamorphosis.solutions,,,,The Plains,VA,US,20198
Tv installation and more,https://instagram.com/tv.installation.more?igshid=NGVhN2U2NjQ0Yg==,instagram.com,,,,North Lauderdale,FL,US,33068
Snappymount,http://snappymount.com/,snappymount.com,,,,Sterling,VA,US,20166
"Loudoun Property Solutions, Inc. (LPS Residential)",https://lpsresidential.com/,lpsresidential.com,,,,Leesburg,VA,US,20176
Loudoun Basements,https://loudounbasements.com/,loudounbasements.com,,,,Ashburn,VA,US,20147
"Botero Homes, LLC",http://www.boterohomes.com/,boterohomes.com,,,,Reston,VA,US,20190
DZ Technology & Security LLC,https://www.dztechs.com/,dztechs.com,,,,Columbia,MD,US,21045
Best Integrated Systems,https://bestintegratedsystems.com/,bestintegratedsystems.com,,,,Elkridge,MD,US,21075
Strategic Home Media,http://www.strategichomemedia.com/,strategichomemedia.com,,,,Stevensville,MD,US,21666
THE WAY HOME PRODUCTIONS| Recording and Video Production in Ellicott City,https://www.thewayhomeproductions.com/,thewayhomeproductions.com,,,,Ellicott City,MD,US,21043
project iot,https://myprojectiot.com/,myprojectiot.com,,,,Bel Air,MD,US,21014
SafeHouse LLC,http://www.thinksafehouse.com/?utm_source=google&utm_medium=gmb&utm_campaign=top-url,thinksafehouse.com,,,,Easton,MD,US,21601
Liaison Technology Group,https://www.liaisontechgroup.com/home-automation-denver/,liaisontechgroup.com,,,,Denver,CO,US,80223
Naples Top Tech LLC,http://naplestop.tech/,naplestop.tech,,,,Naples,FL,US,34103
"Executive Electronics of Southwest Florida, Inc",https://www.eesecurity.net/locations/naples,eesecurity.net,,,,Naples,FL,US,34103
"Freedom Technologies,llc",https://freedomnaples.com/,freedomnaples.com,,,,Naples,FL,US,34109
Analog & Digital Systems,http://www.analogdigitalsystems.com/,analogdigitalsystems.com,,,,Naples,FL,US,34113
Naples Smart Home Watch,https://naplessmarthomewatch.com/,naplessmarthomewatch.com,,,,Naples,FL,US,34120
CITE Solutions,http://www.cite-solutions.com/,cite-solutions.com,,,,Naples,FL,US,34110
Your Tech,http://yourtechfl.com/,yourtechfl.com,,,,Bonita Springs,FL,US,34135
BluRoo Automation & Lighting,http://www.blurooav.com/,blurooav.com,,,,Naples,FL,US,34109
"AVL Pro, Inc.",http://www.avlpro.com/,avlpro.com,,,,Naples,FL,US,34110
Integrity AV,http://www.customintegrityav.com/,customintegrityav.com,,,,Naples,FL,US,34109
Millennium Sounds,https://www.millenniumsounds.com/,millenniumsounds.com,,,,Naples,FL,US,34110
Completely Connected LLC,http://completelyconnected.net/,completelyconnected.net,,,,Fort Myers,FL,US,33967
Criteria of Naples,http://www.criteriaofnaples.com/,criteriaofnaples.com,,,,Naples,FL,US,34109
HomeTronics,http://hometronicsfl.com/,hometronicsfl.com,,,,Naples,FL,US,34109
Tech Savvy of SWFL LLC,http://www.techsavvynaples.com/,techsavvynaples.com,,,,Bonita Springs,FL,US,34135
"Innovative Lifestyles, LLC.",,,,,,Naples,FL,US,34109
AHT Global,https://ahtglobal.com/,ahtglobal.com,,,,Naples,FL,US,34109
Arrow Electric Inc,https://1aei.com/florida/?utm_source=google_business_profile_fl&utm_medium=GBP_View_website_&utm_campaign=website+visit,1aei.com,,,,Naples,FL,US,34110
"Naples Security, LLC",https://naplessecurity.net/,naplessecurity.net,,,,Naples,FL,US,34104
"All In One Technology, Inc.",https://www.allinonetechnology.com/,allinonetechnology.com,,,,Naples,FL,US,34110
Gamma Tech Services,https://www.gammatechservices.com/managed-it-naples/,gammatechservices.com,,,,Naples,FL,US,34104
Apexx Access & Automation,https://apexx-aa.com/,apexx-aa.com,,,,Naples,FL,US,34120
Smart Home DFW,https://www.smarthomedfw.com/,smarthomedfw.com,,,,Mansfield,TX,US,76063
TekMax Technologies,https://www.tekmaxtechnologies.com/,tekmaxtechnologies.com,,,,Dallas,TX,US,75252
New Era AV Technologies LLC,http://www.neweradfw.com/,neweradfw.com,,,,Addison,TX,US,75001
Texas Smart Home Systems,https://www.texshs.com/,texshs.com,,,,Frisco,TX,US,75034
Premier Lighting & Home Automation,https://www.premierhas.com/,premierhas.com,,,,Plano,TX,US,75024
WH Technologies,https://whsmarthome.com/?utm_source=gbp&utm_medium=organic&utm_campaign=gbp-listing,whsmarthome.com,,,,Allen,TX,US,75013
Metroplex Smart Homes,http://metroplexsmarthomes.com/,metroplexsmarthomes.com,,,,Dallas,TX,US,75247
Pro-TechT,https://pro-techt.com/,pro-techt.com,,,,Farmers Branch,TX,US,75234
Integrated Lifestyles,http://integratedlifestylesinc.com/,integratedlifestylesinc.com,,,,Dallas,TX,US,75243
myMedia Installer LLC,,,,,,Carrollton,TX,US,75007
Ace Integrated Technologies,https://aceintegratedtech.com/,aceintegratedtech.com,,,,Dallas,TX,US,75220
Kore Multimedia Solutions,http://www.koremmsolutions.com/,koremmsolutions.com,,,,Dallas,TX,US,75243
Audio Video Solutions,https://www.audiovideosolutions.org/?utm_source=google&utm_medium=wix_google_business_profile&utm_campaign=11630957158755609011,audiovideosolutions.org,,,,Dallas,TX,US,75230
TruDefinition,http://www.trudefinition.com/,trudefinition.com,,,,Dallas,TX,US,75208
IQueue Media Company,http://www.iqueuemediacompany.com/,iqueuemediacompany.com,,,,Dallas,TX,US,75243
Allied Home Security & Alarm Monitoring Houston,https://www.alliedhomesecurity.net/?utm_source=local&utm_medium=organic&utm_campaign=gmb,alliedhomesecurity.net,,,,Houston,TX,US,77066
YES INSTALLATION,https://yesinstallation.com/,yesinstallation.com,,,,Dallas,TX,US,75228
Kelltech Systems,http://www.kelltech.com/,kelltech.com,,,,Dallas,TX,US,75226
Smith Thompson Home Security and Alarm Dallas,https://www.smiththompson.com/?utm_source=google&utm_medium=organic&utm_campaign=gmb,smiththompson.com,,,,Plano,TX,US,75024
Smarter Homes,https://www.smarterhomesaustin.com/,smarterhomesaustin.com,,,,West Lake Hills,TX,US,78746
OPTIMA,http://myoptimaservices.com/,myoptimaservices.com,,,,Dallas,TX,US,75254
Douglas Systems LLC,https://hometheaterinstallationdfw.com/,hometheaterinstallationdfw.com,,,,Dallas,TX,US,75254
DFW Home Theater LLC,https://www.dfwaffordablehometheater.com/,dfwaffordablehometheater.com,,,,Pilot Point,TX,US,76258
Theater Advice,http://www.theateradvice.com/,theateradvice.com,,,,Frisco,TX,US,75033
Empire AV Services and Installations,https://empireservicesdallas.com/,empireservicesdallas.com,,,,Farmers Branch,TX,US,75244
"CinemaTech Home Theater Seating, Design, & Showroom",http://www.mycinematech.com/,mycinematech.com,,,,Addison,TX,US,75001
Home Theater Design Group,http://www.h-t-d.com/,h-t-d.com,,,,Farmers Branch,TX,US,75244
Advanced Home Theater Systems,http://www.advancedhometheater.com/,advancedhometheater.com,,,,Plano,TX,US,75075
Home Cinema Solutions,https://www.homecinema.solutions/,homecinema.solutions,,,,Frisco,TX,US,75034
Starpower,http://www.star-power.com/,star-power.com,,,,Dallas,TX,US,75248
Home Theater Gallery,http://www.thehometheatergallery.com/,thehometheatergallery.com,,,,Carrollton,TX,US,75007
Pro AV Store,https://dfwhighendmedia.com/,dfwhighendmedia.com,,,,Alvarado,TX,US,76009
The Install Spot,https://www.theinstallspot.com/,theinstallspot.com,,,,Irving,TX,US,75063
Center Stage A/V,http://centerstagetx.com/,centerstagetx.com,,,,Frisco,TX,US,75033
Modern Media,http://www.modernmediaav.com/,modernmediaav.com,,,,Southlake,TX,US,76092
STELLAR HOME THEATER,http://www.livestellarnow.com/,livestellarnow.com,,,,Allen,TX,US,75013
Home Theater Direct,https://www.htd.com/,htd.com,,,,Wylie,TX,US,75098
Audio Video Solutions,https://avsolutionstx.com/,avsolutionstx.com,,,,Flower Mound,TX,US,75022
BritePro AV Home Theater Showroom,https://briteproav.com/,briteproav.com,,,,Frisco,TX,US,75035
Paul Labute Inc.,https://www.plabute.com/,plabute.com,,,,Dallas,TX,US,75238
Inavit Home Theater,,,,,,Dallas,TX,US,75219
Audio Video Solutions Texas LLC,http://www.avstex.com/,avstex.com,,,,Mesquite,TX,US,75150
Stereo East Home Theater,http://www.stereoeast.com/,stereoeast.com,,,,Frisco,TX,US,75034
Dallas Extreme,https://www.dallasextreme.com/,dallasextreme.com,,,,Dallas,TX,US,75252
Electronic Interiors Inc,http://electronicinteriors.net/,electronicinteriors.net,,,,Dallas,TX,US,75207
Green Electronic Solutions,http://www.greenelectronicsolutions.com/,greenelectronicsolutions.com,,,,Rowlett,TX,US,75088
Precision Home Pros,https://precisionhomepro.com/,precisionhomepro.com,,,,McKinney,TX,US,75069
Metroplex,https://metrosmarthomes.com/,metrosmarthomes.com,,,,Allen,TX,US,75013
Wired Technology Solutions,http://wired-ts.com/,wired-ts.com,,,,Anna,TX,US,75409
EliteTech Innovations,https://www.etinnovations.net/,etinnovations.net,,,,Anna,TX,US,75409
Renewed Concepts,https://www.renewedconcepts.com/,renewedconcepts.com,,,,Frisco,TX,US,75034
NXT Level Smart Home,http://www.nxtlevelsmarthome.com/,nxtlevelsmarthome.com,,,,Houston,TX,US,77043
Digitalholics,https://www.digitalholics.com/,digitalholics.com,,,,Plano,TX,US,75024
Next Level Automations,https://www.nextlevelautomations.net/,nextlevelautomations.net,,,,Haslet,TX,US,76052
MS Installations,https://www.msinstallationsav.com/,msinstallationsav.com,,,,Frisco,TX,US,75034
Divine Audio Visual,http://avoftomorrow.com/,avoftomorrow.com,,,,Frisco,TX,US,75033
TRUST TV MOUNTING & HOME SOLUTIONS,http://trusttvmounting.com/,trusttvmounting.com,,,,McKinney,TX,US,75069
myHomedia Home Theater,https://www.myhomedia.com/,myhomedia.com,,,,McKinney,TX,US,75070
Ideal Installs,http://www.idealinstalls.com/?utm_source=google&utm_medium=wix_google_business_profile&utm_campaign=17313124616119258503,idealinstalls.com,,,,Frisco,TX,US,75035
"Safe & Sound Technologies, Inc.",http://safeandsoundtechnologies.com/,safeandsoundtechnologies.com,,,,McKinney,TX,US,75070
Advanced satellite systems and home theater,,,,,,Frisco,TX,US,75034
TZM Tech,https://tzmtechservices.com/,tzmtechservices.com,,,,Wylie,TX,US,75098
Thoughtful Integrations,http://www.thoughtfulintegrations.com/,thoughtfulintegrations.com,,,,Addison,TX,US,75001
Automation Integration,http://www.automationintegration.net/,automationintegration.net,,,,Celina,TX,US,75009
Futurian Systems,http://www.futuriansystems.com/,futuriansystems.com,,,,Southlake,TX,US,76092
JM Integrators,https://www.jmintegrators.com/,jmintegrators.com,,,,Dallas,TX,US,75230
TechLife,http://www.techlifeav.com/,techlifeav.com,,,,Southlake,TX,US,76092
"CGI Systems Group, LLC",http://www.cgi-systems.com/,cgi-systems.com,,,,Denton,TX,US,76208
Clover Automation & Design,https://clovermyhome.com/,clovermyhome.com,,,,Hurst,TX,US,76053
"Wired 4 Sound & Video, LLC",http://www.321wire.com/,321wire.com,,,,Corinth,TX,US,76210
Genesis Home Theater & Hi-Fi,https://genesishts.com/?utm_source=GMB&utm_medium=organic&utm_campaign=lewisville,genesishts.com,,,,Lewisville,TX,US,75056
Elite AV and Lighting,http://www.eliteavi.com/,eliteavi.com,,,,Southlake,TX,US,76092
A V H D,http://www.advancedavhd.com/,advancedavhd.com,,,,Keller,TX,US,76248
U.G. Sat Tech & AV System LLC,http://www.ugsattechavsystemllc.com/,ugsattechavsystemllc.com,,,,Aubrey,TX,US,76227
Allied Home Technologies,http://www.ahttexas.com/,ahttexas.com,,,,Benbrook,TX,US,76126
Visionary Smarthomes,http://visionarysmarthomes.com/,visionarysmarthomes.com,,,,Fort Worth,TX,US,76137
Imagine Solutions,https://www.toimagine.com/,toimagine.com,,,,Hurst,TX,US,76054
CED Group,https://cedgroupusa.com/,cedgroupusa.com,,,,Fort Worth,TX,US,76102
Stars Automation,https://www.starsautomation.com/,starsautomation.com,,,,Arlington,TX,US,76015
WISE Home Solutions,https://www.wisesecuritysolutions.com/,wisesecuritysolutions.com,,,,Grand Prairie,TX,US,75052
Texas Automation Systems,http://txautosys.com/,txautosys.com,,,,Grand Prairie,TX,US,75050
SAFE Solutions,https://www.safesolutions.us/,safesolutions.us,,,,Hurst,TX,US,76053
Home,,,,,,Fort Worth,TX,US,76104
Vivint Smart Home,https://www.vivintsmarthomesystems.com/location/Dallas-Arlington?utm_source=Google&utm_medium=GMB-Arlington&utm_campaign=GMB,vivintsmarthomesystems.com,,,,Arlington,TX,US,76011
TRUELOVE SECURITY,http://truelovesecurity.com/,truelovesecurity.com,,,,Fort Worth,TX,US,76104
DFW Security,https://www.dfwsecurity.com/,dfwsecurity.com,,,,Fort Worth,TX,US,76118
Seaton Automation LLC,http://www.seatonas.com/,seatonas.com,,,,Fort Worth,TX,US,76119
H Customs Audio Video,http://hcustoms.com/,hcustoms.com,,,,Fort Worth,TX,US,76119
Sound Ideas,http://www.sihometheater.com/,sihometheater.com,,,,Fort Worth,TX,US,76116
Taylor Home Theater,http://taylorhometheater.net/,taylorhometheater.net,,,,Brock,TX,US,76087
Integration Design Group Inc,,,,,,Hurst,TX,US,76053
"Wired! Audio Video, LLC",http://www.wiredaudiovideo.com/,wiredaudiovideo.com,,,,Rockwall,TX,US,75087
Trademark Install,http://www.trademarkinstall.com/,trademarkinstall.com,,,,Rockwall,TX,US,75032
Omni Audio Video LLC,http://www.omniav.com/,omniav.com,,,,Rockwall,TX,US,75032
Digital Habitats,http://www.mydigitalhabitat.com/,mydigitalhabitat.com,,,,Wylie,TX,US,75098
"Nelson Automation Systems, Inc.",https://www.nelsonautomation.com/,nelsonautomation.com,,,,Rowlett,TX,US,75088
NXG Services,https://www.nxgservice.com/,nxgservice.com,,,,Rockwall,TX,US,75032
FullHouse Smart Homes,http://fullhousesmarthomes.com/,fullhousesmarthomes.com,,,,Wylie,TX,US,75098
Triumph AV,https://triumphav.com/,triumphav.com,,,,Heath,TX,US,75032
Connections Plus,,,,,,Rockwall,TX,US,75087
Raptor IT Solutions,http://raptor.solutions/?utm_source=google-gmb-maps&utm_medium=gmb-website-button&utm_campaign=locl.io&utm_content=4ad79325-ddc0-4d7b-8475-8110ab7772b8,raptor.solutions,,,,Rockwall,TX,US,75032
HDH TECH,http://www.hdhtech.com/?utm_campaign=gmb,hdhtech.com,,,,New York,NY,US,10018
JW Automations,https://www.jwautomations.com/,jwautomations.com,,,,Little Neck,NY,US,11362
Smart Home Worx,http://www.smarthomeworx.com/,smarthomeworx.com,,,,New York,NY,US,10018
Smart House Tech NYC,http://www.smarthouse-ny.com/,smarthouse-ny.com,,,,Astoria,NY,US,11106
Opus One Home Automation,http://opus.one/,opus.one,,,,New York,NY,US,10018
KRAUS Hi-Tech,http://kraushi-tech.com/,kraushi-tech.com,,,,Long Island City,NY,US,11106
Distinctive Home Automation,https://distinctivehomeautomationnewyork.com/?utm_source=GBP&utm_medium=GBP&utm_campaign=GBP,distinctivehomeautomationnewyork.com,,,,New York,NY,US,10010
Electronic Environments,http://www.eeny.net/,eeny.net,,,,New York,NY,US,10018
Hey Smart Home,https://heysmarthome.us/,heysmarthome.us,,,,Brooklyn,NY,US,11224
Primo Home Automations,,,,,,Bronx,NY,US,10453
DTV Installations,https://www.dtv-installations.com/,dtv-installations.com,,,,New York,NY,US,10016
Smart Home Systems LLC,http://www.thesmarthomesystems.com/,thesmarthomesystems.com,,,,Nutley,NJ,US,07110
PSE Audio Visual,http://www.pse-av.com/,pse-av.com,,,,Brooklyn,NY,US,11232
TechPro Home Automation,http://techprohomeautomation.com/,techprohomeautomation.com,,,,Plainview,NY,US,11803
SMARTTECH Security & Automation,http://smarttech.nyc/,smarttech.nyc,,,,Great Neck,NY,US,11021
HTE (Home Technology Experts),http://www.hteny.com/,hteny.com,,,,New York,NY,US,10016
"Access Home Automation, Inc.",http://www.accesshomeautomation.com/,accesshomeautomation.com,,,,Lindenhurst,NY,US,11757
Digital Home LLC,https://digihm.com/,digihm.com,,,,Kearny,NJ,US,07032
Home Theater Advisors,http://www.hometheateradvisors.com/,hometheateradvisors.com,,,,New York,NY,US,10128
eHOME NYC LLC,https://ehome.nyc/,ehome.nyc,,,,Yonkers,NY,US,10704
Nex AV,https://nexavt.com/,nexavt.com,,,,New York,NY,US,10018
Ace Home Automation New York,,,,,,New York,NY,US,10036
Smart Spaces Group,https://www.smartspacesgroup.com/?utm_source=gbp&utm_medium=organic&utm_campaign=gbp-listing,smartspacesgroup.com,,,,Canal Street,NY,US,10013
MetroCom Security,https://metrocomsecurity.com/?utm_source=GMB2026&utm_medium=gmb&utm_campaign=gmb,metrocomsecurity.com,,,,New York,NY,US,10013
Voytech Technologies Inc.,http://voytech.com/,voytech.com,,,,New York,NY,US,10024
ATTYWON Control4 NYC,http://www.attywon.com/,attywon.com,,,,New York,NY,US,10022
Surround Sound Installation,http://surroundsoundinstallationnyc.com/,surroundsoundinstallationnyc.com,,,,New York,NY,US,10013
Savant Home Automation,,,,,,Flushing,NY,US,11370
ExpertTech USA,http://www.experttechusa.com/,experttechusa.com,,,,Brooklyn,NY,US,11231
Fast Tech Pros TV Installation,https://fastechpros.com/,fastechpros.com,,,,New York,NY,US,10012
Unique Spaces,https://www.unique-spaces.com/,unique-spaces.com,,,,New York,NY,US,10018
Fiks Consultants,http://www.fiksconsultants.com/,fiksconsultants.com,,,,New York,NY,US,10018
Almera Tech Services,http://www.almeratech.com/,almeratech.com,,,,Westwood,NJ,US,07675
Advanced Home AV,http://ahav.com/,ahav.com,,,,Brooklyn,NY,US,11249
Lutron NYC Residential Experience Center,http://www.lutron.com/en-US/Experience-Light-Control/Pages/Inspiration/ExperienceCenter.aspx,lutron.com,,,,New York,NY,US,10022
Lutron Lighting,https://lutronlightingandshades.com/contact-us/,lutronlightingandshades.com,,,,New York,NY,US,10018
"Lutron Lights, Shades and Blinds Installer NYC",http://shadesinspiration.com/,shadesinspiration.com,,,,New York,NY,US,10010
Home Theater Man Inc.,http://www.hometheaterman.com/,hometheaterman.com,,,,Hauppauge,NY,US,11788
Bright Home Theater and Audio Video NYC,http://www.brighthometheater.com/,brighthometheater.com,,,,New York,NY,US,10018
Brooklyn TV Guys,https://brooklyntvguysny.com/,brooklyntvguysny.com,,,,Brooklyn,NY,US,11230
Extreme AVS Home Theater Installers Control4 Long Island,https://www.extremeavs.com/,extremeavs.com,,,,Smithtown,NY,US,11787
Ultimate Sound & Installations,https://www.ultisound.com/,ultisound.com,,,,Woodside,NY,US,11377
TVMounting.NYC,https://bit.ly/TVMountingNearMe,bit.ly,,,,New York,NY,US,10019
NYC TV GUY,https://nyctvguy.com/,nyctvguy.com,,,,New York,NY,US,10016
Tv On My Wall,https://www.tvonmywall.com/,tvonmywall.com,,,,New York,NY,US,10002
TV Installation by 5163co,http://tvinstallationnewyork.com/,tvinstallationnewyork.com,,,,New York,NY,US,10018
eInteractive,https://einteractiveinc.com/,einteractiveinc.com,,,,New York,NY,US,10002
Resolution Audio Video,http://www.resolutionavnyc.com/?utm_source=google&utm_medium=gbp,resolutionavnyc.com,,,,Brooklyn,NY,US,11205
Audio Video Invasion,http://www.audiovideoinvasion.com/,audiovideoinvasion.com,,,,Plainview,NY,US,11803
NYC TV Mounting,https://nyctvmounting.com/,nyctvmounting.com,,,,New York,NY,US,10022
"NYC IT Tech Audio Video, CCTV And Surveillance Camera Installation",http://nycittech.com/,nycittech.com,,,,New York,NY,US,10017
TechnoConscious,https://technoconscious.com/,technoconscious.com,,,,New York,NY,US,10014
Park Avenue Audio,http://www.parkavenueaudio.com/,parkavenueaudio.com,,,,New York,NY,US,10016
Premier Audio Video Designs,https://www.premieravdesigns.com/,premieravdesigns.com,,,,North White Plains,NY,US,10603
We Mount Things,http://wemountthings.com/,wemountthings.com,,,,New York,NY,US,10003
TVProfs,,,,,,New York,NY,US,10001
TV Installation in New York,,,,,,New York,NY,US,10019
Innovative Audio Video Showrooms,https://innovative.nyc/,innovative.nyc,,,,New York,NY,US,10155
HiFi Loft,http://hifi-loft.com/,hifi-loft.com,,,,New York,NY,US,10036
In Living Stereo,http://www.inlivingstereo.com/,inlivingstereo.com,,,,New York,NY,US,10012
Luxe Audio Video Solutions,http://luxe-av.com/,luxe-av.com,,,,New York,NY,US,10018
Vanish Home Theater,https://www.vanishhometheater.com/?utm_source=googlegmbnyc&utm_medium=searchgmbnyc&utm_campaign=gmbnyc&utm_id=google-gmbnyc&utm_content=gmbnyc_button,vanishhometheater.com,,,,New York,NY,US,10014
Stereo Exchange,http://www.stereoexchange.com/,stereoexchange.com,,,,New York,NY,US,10003
Custom FX,http://www.cfxusa.com/,cfxusa.com,,,,New York,NY,US,10017
House of Sound,https://houseofsoundnyc.com/,houseofsoundnyc.com,,,,New York,NY,US,10011
HTS Systems,https://www.htssystems.com/,htssystems.com,,,,Van Nuys,CA,US,91406
My Smarty Home,https://mysmartyhome.com/,mysmartyhome.com,,,,Los Angeles,CA,US,90038
Foremost Automation,http://www.foremostautomation.com/,foremostautomation.com,,,,Tarzana,CA,US,91335
BCG Concepts,https://www.bcgconcepts.com/?utm_source=google&utm_medium=organic&utm_campaign=gbp,bcgconcepts.com,,,,Van Nuys,CA,US,91406
Professional Home Automation & Security,http://www.phasecurity.com/,phasecurity.com,,,,San Gabriel,CA,US,91778
PROJECT,https://projectautomate.com/,projectautomate.com,,,,Manhattan Beach,CA,US,90266
Installation King,https://www.installationking.com/,installationking.com,,,,Los Angeles,CA,US,90066
"Armtech Satellites, Inc",https://www.armtechservices.com/,armtechservices.com,,,,Los Angeles,CA,US,90027
Audio Visual Architects,http://www.audiovisualarchitects.com/,audiovisualarchitects.com,,,,Beverly Hills,CA,US,90211
Smart Homes Innovations,http://www.shisystems.com/,shisystems.com,,,,Van Nuys,CA,US,91406
Gizmo,https://gizmo-la.com/,gizmo-la.com,,,,Los Angeles,CA,US,90025
HOME TECH INC,http://lahometech.com/,lahometech.com,,,,Los Angeles,CA,US,90035
EZ Audio Video Data Solutions,https://www.ezavd.com/,ezavd.com,,,,Beverly Hills,CA,US,90211
LA Techs,https://latechs.com/Showroom,latechs.com,,,,Lomita,CA,US,90717
BB One Technologies,https://bbone.tech/,bbone.tech,,,,Los Angeles,CA,US,90068
Smart Home LA,https://smarthomela.com/,smarthomela.com,,,,Encino,CA,US,91316
Next Tech Systems Inc,http://www.nexttechsystems.com/,nexttechsystems.com,,,,Sherman Oaks,CA,US,91411
Secure Zone,http://securezonela.com/,securezonela.com,,,,Los Angeles,CA,US,90035
Digital Installers Inc,http://digitalinstallers.com/,digitalinstallers.com,,,,Long Beach,CA,US,90807
Skyline Security,http://www.skylinesecurity.com/,skylinesecurity.com,,,,Downey,CA,US,90241
AV HOME AUTOMATION,,,,,,Los Angeles,CA,US,90025
AC-DC AUTOMATION INC,http://www.acdcautomation.com/,acdcautomation.com,,,,North Hollywood,CA,US,91606
Audiovideoking,https://www.audiovideoking.com/,audiovideoking.com,,,,Los Angeles,CA,US,90046
Powerfull Systems,https://powerfullsystems.com/?utm_source=gbp&utm_medium=organic&utm_campaign=gbp-listing,powerfullsystems.com,,,,Los Angeles,CA,US,90019
Citrom Home Automation,https://citrom.com/,citrom.com,,,,West Hills,CA,US,91304
Iron Lion A.V.,https://www.ironlionav.com/?utm_source=google&utm_medium=gbp&utm_campaign=profile,ironlionav.com,,,,Sherman Oaks,CA,US,91423
The Hunter Group,https://www.control4.com/dealer/thehuntergroup0-90045/losangeles-ca/,control4.com,,,,Los Angeles,CA,US,90045
Ficrest Integration Inc Smart Home Automation,https://www.ficrest.com/,ficrest.com,,,,Burbank,CA,US,91501
Lutron’s LA Design Studio,https://experience.lutron.com/,experience.lutron.com,,,,Los Angeles,CA,US,90071
FixItNow TV Mounting,https://tvmountnow.onhercules.app/,tvmountnow.onhercules.app,,,,Los Angeles,CA,US,90012
BH Theater Audio & Video & Security / Home Theater Installation Service,https://www.bhtheater.com/,bhtheater.com,,,,Sherman Oaks,CA,US,91403
Sound Decision,https://www.sounddecisionav.com/,sounddecisionav.com,,,,La Cañada Flintridge,CA,US,91011
UrbanOrbits,https://urban-orbits.com/,urban-orbits.com,,,,Los Angeles,CA,US,90026
TV mount LAX,http://tvmountlax.com/,tvmountlax.com,,,,Los Angeles,CA,US,90005
Style Home Theaters,https://stylehometheaters.com/,stylehometheaters.com,,,,Hermosa Beach,CA,US,90254
Beyond Home Theater,http://www.beyondhometheater.com/,beyondhometheater.com,,,,Santa Monica,CA,US,90405
ALFRED'S TV MOUNTING LLC,https://alfredstvmounting.square.site/,alfredstvmounting.square.site,,,,Los Angeles,CA,US,90063
Home Theater Installation,,,,,,Los Angeles,CA,US,90035
MIR Audio Video,https://miraudiovideo.com/,miraudiovideo.com,,,,Los Angeles,CA,US,90025
Common Wave HiFi,http://www.commonwave.net/,commonwave.net,,,,Los Angeles,CA,US,90033
Grindlex LLC,https://www.grindlex.com/,grindlex.com,,,,Los Angeles,CA,US,90012
Robert's Home Audio & Video,https://robertshomeav.com/,robertshomeav.com,,,,Los Angeles,CA,US,90035
Quick Tv Mounting and Installation,https://quicktvmounting.online/,quicktvmounting.online,,,,Los Angeles,CA,US,90017
Handy Andy TV Mounting,https://www.ihandyandy.com/tv-mounting-golden,ihandyandy.com,,,,Golden,CO,US,80401
SOS Electronics,https://www.sosusa.net/,sosusa.net,,,,Los Angeles,CA,US,90021
BAVI Home Tech,https://bavihometech.com/,bavihometech.com,,,,Los Angeles,CA,US,90049
Ahead Stereo,http://www.aheadstereo.com/,aheadstereo.com,,,,Los Angeles,CA,US,90036
Wilshire Media Systems,http://www.wilshirehe.com/,wilshirehe.com,,,,Westlake Village,CA,US,91361
J&L Speakers N more,,,,,,Los Angeles,CA,US,90013
The Wires Zone,http://www.thewireszone.com/,thewireszone.com,,,,Los Angeles,CA,US,90021
SuperVision Audio+Video,https://www.supervisionav.com/,supervisionav.com,,,,Los Angeles,CA,US,90034
Nirvana Home Entertainment,https://nirvanahomeentertainment.com/,nirvanahomeentertainment.com,,,,Los Angeles,CA,US,90065
"Evolve Sound & Vision, Inc.",http://www.evolvesv.com/,evolvesv.com,,,,Los Angeles,CA,US,90069
Home Theater System & Gazebo,http://g.rentalsunited.com/gate.aspx?uid=554691&url=1&pid=4262848&lc=google,g.rentalsunited.com,,,,Los Angeles,CA,US,91340
Piston Home Automation,https://pistonhome.com/,pistonhome.com,,,,Chicago,IL,US,60661
"Home Systems, Inc.",https://www.homesystems4u.com/,homesystems4u.com,,,,Glenview,IL,US,60026
Voltra Home Sound System Installation,https://voltrasoundsystem.com/,voltrasoundsystem.com,,,,Oak Park,IL,US,60301
Sam's Home Theater Installation Company,http://hometheaterchicagocompany.com/,hometheaterchicagocompany.com,,,,Chicago,IL,US,60610
Denali Tech,https://denalitechs.com/,denalitechs.com,,,,Mt Prospect,IL,US,60056
LV Home Theater Installation,https://hometheaterwinnetka.com/,hometheaterwinnetka.com,,,,Winnetka,IL,US,60093
SMART Home Theater Installation,https://smarthometheaterchicago.com/,smarthometheaterchicago.com,,,,Chicago,IL,US,60657
Sound-System Home Theater Installation,http://hometheaterhinsdale.com/,hometheaterhinsdale.com,,,,Hinsdale,IL,US,60521
SilverGate Technology,https://www.silvergtech.com/,silvergtech.com,,,,Chicago,IL,US,60613
Security Solutions,https://chicagohomesecurityalarm.com/,chicagohomesecurityalarm.com,,,,Broadview,IL,US,60155
Davidson Home Technology,https://davidsonhometech.com/,davidsonhometech.com,,,,Alsip,IL,US,60803
EMT Home Automation,http://www.emt-home.com/,emt-home.com,,,,Chicago,IL,US,60607
Low Voltex Home Theater Installation & Home Automation,https://lowvoltex.com/locations/home-theater-niles-il/?utm_source=GoogleMaps&utm_medium=GoogleMaps&utm_campaign=Niles,lowvoltex.com,,,,Niles,IL,US,60714
U-Smart Home System Theater Installation,https://usmarthometheater.com/,usmarthometheater.com,,,,Northbrook,IL,US,60062
ETS Home Theater Installation & Setup,http://hometheaterhighlandpark.com/,hometheaterhighlandpark.com,,,,Highland Park,IL,US,60035
GS Home Theater Installation,http://hometheaterinstallationlakezurich.com/,hometheaterinstallationlakezurich.com,,,,Lake Zurich,IL,US,60047
AV Integration Group,http://avintegrationgroup.com/,avintegrationgroup.com,,,,Highland Park,IL,US,60035
Digital Systems & Integration,https://digitalsystemsav.com/,digitalsystemsav.com,,,,Chicago,IL,US,60647
Sound & Vision Technology Solutions,https://www.soundandvision.net/,soundandvision.net,,,,Burr Ridge,IL,US,60527
Mills Technologies,http://www.mills-technologies.com/,mills-technologies.com,,,,Skokie,IL,US,60076
Premiere Systems,http://www.premieresystems.com/,premieresystems.com,,,,Chicago,IL,US,60618
Automation Gallery,https://automationgallery.com/,automationgallery.com,,,,Chicago,IL,US,60611
Home Time Pro Inc.,https://www.hometimepro.com/,hometimepro.com,,,,Arlington Heights,IL,US,60005
Digital Home Technologies,http://www.adigitalhome.com/,adigitalhome.com,,,,Palatine,IL,US,60067
"Hookup Solutions, Inc.",http://www.hookupsolutions.com/,hookupsolutions.com,,,,Chicago,IL,US,60618
SAGR Low Voltage Wiring,http://prewiringchicago.com/,prewiringchicago.com,,,,Chicago,IL,US,60610
Hunter Home Automation,http://hunterhomeautomation.com/,hunterhomeautomation.com,,,,Palatine,IL,US,60074
EOC Audio,http://www.eocaudio.com/,eocaudio.com,,,,Lisle,IL,US,60532
Enline Technologies,http://enlinetech.com/,enlinetech.com,,,,Elmhurst,IL,US,60126
Davis Audio & Video,https://www.davisaudio.com/,davisaudio.com,,,,Chicago,IL,US,60630
Digital Living,http://www.digliving.com/,digliving.com,,,,Oak Park,IL,US,60302
Mediatech Intelligent Home Systems,http://www.mediatechliving.com/,mediatechliving.com,,,,St. Charles,IL,US,60174
R&R TV MOUNTING,https://tvmountingus.com/,tvmountingus.com,,,,Chicago,IL,US,60640
WatchIT Security Camera Installation,https://securitycameraschicagoland.com/,securitycameraschicagoland.com,,,,Chicago,IL,US,60657
Qorvantis,https://qorvantis.com/,qorvantis.com,,,,Rosemont,IL,US,60018
Artisan Electronics Group,http://artisantheaterseating.com/,artisantheaterseating.com,,,,Chicago,IL,US,60654
Sapient Home,https://www.sapienthome.co/,sapienthome.co,,,,Chicago,IL,US,60612
Avidia Inc.,https://avidiaonline.com/?utm_source=gbp&utm_medium=organic&utm_campaign=gbp-listing,avidiaonline.com,,,,Northbrook,IL,US,60062
Choice Home Protection,http://choicehomeprotection.com/,choicehomeprotection.com,,,,Chicago,IL,US,60614
"Williams Home Theater Design and Installation-TV Mounting, Audio/Video",http://williamshtd.wixsite.com/chicago,williamshtd.wixsite.com,,,,Chicago,IL,US,60630
Samuel Home Sound System Company,https://hometheaterbarrington.com/,hometheaterbarrington.com,,,,Barrington,IL,US,60010
VIP Home Theaters,https://www.viphometheaters.com/,viphometheaters.com,,,,Elk Grove Village,IL,US,60007
Chicago TV Installer,https://www.chicagotvinstaller.com/,chicagotvinstaller.com,,,,Chicago,IL,US,60626
LCD Plasma TV Installation Home Theaters Projectors,http://www.hdforever.com/,hdforever.com,,,,Chicago,IL,US,60622
Pro Musica Audio,http://www.promusicaaudio.com/,promusicaaudio.com,,,,Chicago,IL,US,60614
LuxeHome Theater,http://www.luxehometheater.com/,luxehometheater.com,,,,Plainfield,IL,US,60585
Graves Home Sound System Installation,http://hometheaterlakeforest.com/,hometheaterlakeforest.com,,,,Lake Forest,IL,US,60045
Chicago TV Mounting,https://chicagotvmounting.com/,chicagotvmounting.com,,,,Chicago,IL,US,60601
Royal Home Entertainment,http://www.royalhomeentertainment.com/,royalhomeentertainment.com,,,,Chicago,IL,US,60657
Hooked Up Installs,http://www.hookedupinstalls.com/,hookedupinstalls.com,,,,Buffalo Grove,IL,US,60089
Home Theatre Designs,https://hometheatredesigns.net/,hometheatredesigns.net,,,,Bloomington,IL,US,61704
Stereo Rehab,http://www.stereorehab.com/,stereorehab.com,,,,Chicago,IL,US,60659
Upinstalls TV Mounting Services,https://www.upinstalls.com/,upinstalls.com,,,,Chicago,IL,US,60612
Tweak Studio,,,,,,Chicago,IL,US,60608
Chicago Sound Audio and Video,https://www.chicagosoundaudioandvideo.com/,chicagosoundaudioandvideo.com,,,,Willowbrook,IL,US,60527
Chicagoland Home Theatre Inc,https://chicagolandht.com/,chicagolandht.com,,,,Hammond,IN,US,46324
deciBel Audio Inc,http://www.decibelaudio.com/,decibelaudio.com,,,,Chicago,IL,US,60622
Precision Audio & Video,https://www.pavchicago.com/,pavchicago.com,,,,Chicago,IL,US,60640
Sound Specialists Inc,http://www.soundspecialists.com/,soundspecialists.com,,,,Chicago,IL,US,60642
Abt,https://www.abt.com/?utm_source=google&utm_medium=organic&utm_campaign=gbp_listing,abt.com,,,,Glenview,IL,US,60025
"Audible Sound Productions, inc",http://www.audiblesound.com/,audiblesound.com,,,,Chicago,IL,US,60660
Low Voltage Communications,http://www.lowvoltagetek.com/,lowvoltagetek.com,,,,Chicago,IL,US,60609
zip express installation,,,,,,Charlotte,NC,US,28202
PRO INSTALLERS 312,,,,,,Chicago,IL,US,60613
Showtime Audio,https://showtimeaudiochicago.com/,showtimeaudiochicago.com,,,,Chicago,IL,US,60630
Hemma,,,,,,Chicago,IL,US,60602
SG Security Camera Installation,http://elitesecuritycameras.com/,elitesecuritycameras.com,,,,Chicago,IL,US,60654
Midnight Audio,https://midnightaudio.co/,midnightaudio.co,,,,Chicago,IL,US,60647
TV Mounting DFW LLC,http://www.tvmountingdfw.com/,tvmountingdfw.com,,,,Dallas,TX,US,75201
TV Installation Service,https://www.tvinstallationdfw.com/contact-us.html,tvinstallationdfw.com,,,,Plano,TX,US,75093
TV Mounting Dallas,https://tvmountingdallas.com/,tvmountingdallas.com,,,,Dallas,TX,US,75219
SmartNUP,https://smartnuphomeautomation.com/,smartnuphomeautomation.com,,,,Houston,TX,US,77042
RND Technology (Home Theater & Automation),http://rndtek.com/,rndtek.com,,,,Houston,TX,US,77084
Intralife Consulting,http://intralifeconsulting.com/,intralifeconsulting.com,,,,Houston,TX,US,77092
Jarvis Smart Homes,https://www.jarvissmarthomes.com/,jarvissmarthomes.com,,,,Friendswood,TX,US,77546
Houston Custom Installers,https://houstoncustominstallers.com/,houstoncustominstallers.com,,,,Houston,TX,US,77056
Hargrett Electronics LLC,http://hargrettelectronics.com/,hargrettelectronics.com,,,,Houston,TX,US,77079
Logan Home Theater & Automation,http://www.loganhometheater.com/,loganhometheater.com,,,,Houston,TX,US,77099
Grizzly Tec,https://grizzlytec.com/,grizzlytec.com,,,,Spring,TX,US,77386
Media Systems Inc.,https://www.mediasystems.com/,mediasystems.com,,,,Houston,TX,US,77024
Empire AV Services & Installations LLC,http://www.empireavservices.com/,empireavservices.com,,,,Houston,TX,US,77027
Digital Delight,https://www.digitaldelight.com/,digitaldelight.com,,,,Houston,TX,US,77036
AV Security's Inc,https://avsecuritys.com/,avsecuritys.com,,,,Sugar Land,TX,US,77478
Custom Theater Solutions LLC,http://www.ctstheater.com/,ctstheater.com,,,,Houston,TX,US,77063
Otwav,https://www.otwav.com/,otwav.com,,,,Houston,TX,US,77036
Unique HD Audio Video Designs,https://www.uniquehd.net/,uniquehd.net,,,,Houston,TX,US,77055
Protech Communications Inc,https://protech-home.com/,protech-home.com,,,,Houston,TX,US,77033
J & K Electronics,https://www.jandkelectronics.com/,jandkelectronics.com,,,,Spring,TX,US,77373
HomePro,https://www.homeprotech.com/,homeprotech.com,,,,Houston,TX,US,77064
EyeOn Integrated Systems,https://www.eyeonis.com/,eyeonis.com,,,,Houston,TX,US,77040
Aveon Inc.,http://www.aveon.com/,aveon.com,,,,Houston,TX,US,77098
Electronic Dreams,https://electronicdreams.biz/?y_source=1_MTE1NTk4MDMtNzE1LWxvY2F0aW9uLndlYnNpdGU%3D,electronicdreams.biz,,,,Houston,TX,US,77081
US I.T Infrastructure,https://www.usitinfrastructures.com/,usitinfrastructures.com,,,,Houston,TX,US,77079
Innovative Concepts Tx,http://innovativeconceptstx.com/,innovativeconceptstx.com,,,,The Woodlands,TX,US,77380
TV Installation Houston,https://tvinstallationhouston.com/,tvinstallationhouston.com,,,,Houston,TX,US,77002
HOME SECURITY SYSTEMS,https://www.homesecuritysystemsinc.com/,homesecuritysystemsinc.com,,,,Houston,TX,US,77043
Alert 360,https://www.alert360.com/locations/home-and-business-security-houston,alert360.com,,,,Houston,TX,US,77041
Texas Smart Integration,http://integratetx.com/,integratetx.com,,,,Houston,TX,US,77046
Unlimited Integration,http://www.unlimitedintegration.com/,unlimitedintegration.com,,,,Houston,TX,US,77074
ONE10AV LLC,https://one10av.com/,one10av.com,,,,Houston,TX,US,77024
Smooth Waves Home Automation Services,http://www.smoothwaveshouston.com/,smoothwaveshouston.com,,,,Houston,TX,US,77057
Home Gadgets,http://www.homegadget.net/,homegadget.net,,,,Houston,TX,US,77098
Xtreme Audio & Video,https://xtreme-audio-video.com/,xtreme-audio-video.com,,,,Houston,TX,US,77033
"MODMEDIA SYSTEMS, LLC",http://www.modmediasystems.com/about-us/,modmediasystems.com,,,,Houston,TX,US,77024
"The Shade Shop, Inc.",https://www.theshadeshop.net/?utm_source=maps&utm_medium=organic&utm_campaign=googleplaces,theshadeshop.net,,,,Houston,TX,US,77027
Lighthouse Technologies,https://www.onelighthouse.com/,onelighthouse.com,,,,Montgomery,TX,US,77316
The Home Depot,https://www.homedepot.com/l/Brinkman/TX/Houston/77008/577?emt=MSGoogleMaps,homedepot.com,,,,Houston,TX,US,77008
SOL Automation LLC,https://www.solautomationllc.com/,solautomationllc.com,,,,Richmond,TX,US,77469
Light-Tech Inc.,http://www.lighttechinc.com/,lighttechinc.com,,,,Houston,TX,US,77035
First Source Electrical,http://www.fs-electrical.com/,fs-electrical.com,,,,Houston,TX,US,77041
Home Theater Houston,https://hometheaterhouston.com/,hometheaterhouston.com,,,,Houston,TX,US,77056
Houston PerfectView TV Mounting,https://houstonperfectviewtvmounting.com/,houstonperfectviewtvmounting.com,,,,Houston,TX,US,77098
Houston Tv Installers LLC,https://houstontvinstallersllc.com/,houstontvinstallersllc.com,,,,Houston,TX,US,77057
FNC Home Theater,http://www.fnchometheater.com/,fnchometheater.com,,,,Katy,TX,US,77494
Icon Luxury Sound,http://www.iconluxurysound.com/,iconluxurysound.com,,,,Houston,TX,US,77007
Grid HiFi & Home Theater,https://www.gridhifi.com/,gridhifi.com,,,,Houston,TX,US,77081
3mA Audio,http://3maaudio.com/,3maaudio.com,,,,Houston,TX,US,77027
KBA Electric and Home Media Pros,http://www.homemediapros.com/,homemediapros.com,,,,Tomball,TX,US,77375
iconic.systems,http://www.iconicinc.com/,iconicinc.com,,,,Houston,TX,US,77007
Elite Audio & Visual,,,,,,Houston,TX,US,77007
The Mounting Man,http://themountingman.tv/locations/dc,themountingman.tv,,,,Arlington,VA,US,22201
SMERFEvents AV & Lighting Rental,http://www.smerfevents.com/,smerfevents.com,,,,Washington,DC,US,20004
A-Z Smart Home LLC,https://www.a-zsmarthome.com/a-z-smart-home-llc-philadelphia-pa,a-zsmarthome.com,,,,Philadelphia,PA,US,19102
"E.L.I.T.E. Control & Design, LLC",http://www.elitecontrolanddesign.com/,elitecontrolanddesign.com,,,,Philadelphia,PA,US,19122
Dwell Smart,,,,,,Philadelphia,PA,US,19103
SuperHome Smart Home Solutions,http://www.yoursuperhome.com/,yoursuperhome.com,,,,Philadelphia,PA,US,19128
All Systems Audio & Video,https://allsystemsav.com/,allsystemsav.com,,,,Hatboro,PA,US,19040
Springboard Automation,http://www.springboardautomation.com/,springboardautomation.com,,,,Philadelphia,PA,US,19103
Hybrid Home Security,https://hybridhomesecurity.com/,hybridhomesecurity.com,,,,Philadelphia,PA,US,19115
JAL Advanced Security & Automation,https://jalsecurity.com/,jalsecurity.com,,,,Philadelphia,PA,US,19114
Nestology.pro,https://www.nestology.pro/,nestology.pro,,,,Palmyra,PA,US,17078
NoLimiTech,http://www.nolimitech.com/,nolimitech.com,,,,Philadelphia,PA,US,19106
Elite Smart Home,https://elitesmarthome.com/?utm_source=google&utm_medium=organic&utm_campaign=seolocale,elitesmarthome.com,,,,West Berlin,NJ,US,08091
Smart Home and HiFi,https://www.smarthomehifi.com/,smarthomehifi.com,,,,Hatfield,PA,US,19440
Guardian Protection,https://guardianprotection.com/service-areas/smart-home-security-in-the-tampa-bay-area/?utm_source=google&utm_medium=gmb&utm_campaign=tampa_residential,guardianprotection.com,,,,Tampa,FL,US,33634
Custom AV Integrators,https://customavnj.com/,customavnj.com,,,,Mullica Hill,NJ,US,08062
VU World Smart Home,https://vuworld.net/,vuworld.net,,,,Philadelphia,PA,US,19134
Automated Lifestyles,https://www.automated-lifestyles.com/,automated-lifestyles.com,,,,Mt Cobb,PA,US,18436
Loxone US Inc.,http://www.loxone.com/enus,loxone.com,,,,Garnet Valley,PA,US,19060
At Home Electric,,,,,,Philadelphia,PA,US,19114
Automated Digital Homes,https://automateddigitalhomes.com/,automateddigitalhomes.com,,,,Glen Mills,PA,US,19342
"Phoenix Security Systems, Inc.",http://www.phxsec.com/,phxsec.com,,,,Essington,PA,US,19029
Tha Tv Dude Tv Mounting Service,https://www.thatvdudellc.com/,thatvdudellc.com,,,,Philadelphia,PA,US,19134
Safe Protect,https://safeprotecthome.net/,safeprotecthome.net,,,,Philadelphia,PA,US,19138
Boyermah Electronics Services LLC.,http://www.boyermahelectronics.com/,boyermahelectronics.com,,,,Philadelphia,PA,US,19131
Stark System Design,http://www.starksystemdesign.com/,starksystemdesign.com,,,,Moorestown,NJ,US,08057
"WYC Security Technology, INC",http://wycsecurity.com/,wycsecurity.com,,,,Philadelphia,PA,US,19107
Affordable Audio and Video,http://affordableaudioandvideo.com/,affordableaudioandvideo.com,,,,Newtown,PA,US,18940
JL Entertainment Designs,http://www.jlentertainmentdesigns.com/?utm_source=google-gmb-maps&utm_medium=gmb-website-button&utm_campaign=locl.io&utm_content=0a8baa96-2bd8-449e-8aa6-f5f645079392,jlentertainmentdesigns.com,,,,Malvern,PA,US,19355
World Wide Stereo,https://www.worldwidestereo.com/,worldwidestereo.com,,,,Montgomeryville,PA,US,18936
Philly TV Mounting (same day service),,,,,,Philadelphia,PA,US,19122
Home Vision Setup,,,,,,Philadelphia,PA,US,19146
Artistic Video & Sound,http://www.artisticvs.com/,artisticvs.com,,,,Coopersburg,PA,US,18036
TV TRAP,http://www.tvtrap.com/,tvtrap.com,,,,Philadelphia,PA,US,19118
Surround Sounds,http://www.surroundsounds.com/,surroundsounds.com,,,,Exton,PA,US,19341
Stereo City Inc,,,,,,Philadelphia,PA,US,19107
Conklin Home Theater,http://www.conklinhometheater.com/,conklinhometheater.com,,,,Lancaster,PA,US,17603
Panther Pro Audio,http://www.pantherproaudio.com/,pantherproaudio.com,,,,Philadelphia,PA,US,19120
All That Jazz Sound & Security,http://www.allthatjazzphilly.com/,allthatjazzphilly.com,,,,Philadelphia,PA,US,19131
Audio General,http://www.audiogeneral.com/,audiogeneral.com,,,,Huntingdon Valley,PA,US,19006
Netflix House Philadelphia,https://www.netflix.com/house/locations/philadelphia,netflix.com,,,,King of Prussia,PA,US,19406
"Philadelphia Sound Productions, Inc.",https://phillysound.com/,phillysound.com,,,,Philadelphia,PA,US,19143
Sight & Sound Theatres,https://www.sight-sound.com/,sight-sound.com,,,,Ronks,PA,US,17572
Home Theater,,,,,,Philadelphia,PA,US,19148
Liberties Handyman Services,http://www.philadelphiahandyman.net/?utm_source=google&utm_medium=wix_google_business_profile&utm_campaign=9751367144875922037,philadelphiahandyman.net,,,,Philadelphia,PA,US,19102
Elite Automation And Technology,https://rymap.org/business/elite-automation-and-technology-tzika7,rymap.org,,,,Miami,FL,US,33187
Greenhome Automations,https://greenhomeautomations.com/,greenhomeautomations.com,,,,Miami,FL,US,33155
HWA Home Automation & Security Systems,http://www.hwautomation.com/,hwautomation.com,,,,Dania Beach,FL,US,33004
Antony Tech,https://antonytech.com/,antonytech.com,,,,Miami,FL,US,33132
Smart Home Studio,https://smarthomestudio.co/?UTM_source=GMB_listing&UTM_medium=organic,smarthomestudio.co,,,,Miami,FL,US,33145
A1A Automation,https://www.a1a.tech/,a1a.tech,,,,Miami,FL,US,33172
Automation Pro,http://www.aprogrammers.com/,aprogrammers.com,,,,North Miami,FL,US,33181
Signature Home Theaters,http://www.signaturehometheaters.net/,signaturehometheaters.net,,,,Miami,FL,US,33186
Geeks of Technology,https://www.geeksfl.com/,geeksfl.com,,,,Miami,FL,US,33131
Ultimate Sound & Vision,http://www.ultimatesv.com/,ultimatesv.com,,,,Doral,FL,US,33178
AVA Solutions,http://www.avasolutions.net/,avasolutions.net,,,,Miami,FL,US,33132
Smart Technologies Integration LLC,http://www.smartechintegration.com/,smartechintegration.com,,,,Hialeah,FL,US,33015
ioty,https://iotypro.com/,iotypro.com,,,,Doral,FL,US,33122
Smart Spaces and Surveillance Systems Solutions LLC,http://smartspacesus.com/,smartspacesus.com,,,,Miami,FL,US,33166
MAXICON,https://maxiconusa.com/?utm_source=gbp&utm_medium=organic&utm_campaign=gbp-listing,maxiconusa.com,,,,Miami,FL,US,33179
Audio Advice,http://www.soundcomponents.com/?utm_campaign=GoogleMyBusiness,soundcomponents.com,,,,Miami,FL,US,33155
In Control Smart Homes,https://icsmarthomes.com/,icsmarthomes.com,,,,North Bay Village,FL,US,33141
SAV Technology llc,http://www.savmiami.com/,savmiami.com,,,,Hollywood,FL,US,33024
Living on Technology,https://www.livingontechnology.com/?utm_source=google&utm_medium=wix_google_business_profile&utm_campaign=7516669722407645757,livingontechnology.com,,,,Miami,FL,US,33138
IQ Automation,http://www.iqautomation.tech/,iqautomation.tech,,,,Miami,FL,US,33131
Harbour access automation,,,,,,Bal Harbour,FL,US,33154
immersive innovationz llc,,,,,,Miami,FL,US,33168
AVL Solutions,https://avlsolutions.com/,avlsolutions.com,,,,Doral,FL,US,33172
Smart Tech Pro LLC,http://www.smarttechpro.net/,smarttechpro.net,,,,Doral,FL,US,33172
Elite Home Theaters and Automation,https://elitehta.com/,elitehta.com,,,,Miami,FL,US,33155
SMART-TEK AUTOMATION SOLUTIONS,https://smart-tek.org/,smart-tek.org,,,,Miami,FL,US,33131
Woolert Technologies,,,,,,Miami,FL,US,33131
Martec Technologies,https://www.gomartec.com/,gomartec.com,,,,Miami,FL,US,33162
CSS TECH,https://csstech.net/,csstech.net,,,,Miami,FL,US,33177
ONSMARTECH,http://www.onsmartech.com/,onsmartech.com,,,,Miami,FL,US,33185
Phoenix Automation Systems & Services LLC,https://phoenix-automation-systems-services-llc.odoo.com/,phoenix-automation-systems-services-llc.odoo.com,,,,Homestead,FL,US,33034
Smart Solutions Network LLC,http://www.smartsolutionsnetwork.net/,smartsolutionsnetwork.net,,,,Miami,FL,US,33122
Intech,https://www.intech.co/,intech.co,,,,Miami,FL,US,33132
LUC electric LLC,https://lucelectric.com/,lucelectric.com,,,,Miami,FL,US,33138
ATG,https://www.atgamerica.com/,atgamerica.com,,,,Miami,FL,US,33186
Zero Nine Technology,,,,,,Miami,FL,US,33122
Stay Safe Home Security,https://infostaysafehs.wixsite.com/website,infostaysafehs.wixsite.com,,,,Miami,FL,US,33186
Miami ADT Authorized Office Home and Business Security Pros,https://www.miamipremiumsecurity.com/,miamipremiumsecurity.com,,,,Miami,FL,US,33173
dmg Martinez Group,https://dmg-mg.com/,dmg-mg.com,,,,Miami,FL,US,33137
Digital Habitat,http://digitalhabitatstore.com/,digitalhabitatstore.com,,,,Miami,FL,US,33127
AV INTEGRATORS HOME AUTOMATION,http://www.avintegrators.net/contact-us.html,avintegrators.net,,,,Davie,FL,US,33328
MetaHome Miami,,,,,,Miami,FL,US,33179
Crestron & Lutron Home Automation And Shades,,,,,,Sunny Isles Beach,FL,US,33160
Lutron Installation,http://lutronpro.com/contact.html,lutronpro.com,,,,Weston,FL,US,33332
LES Lighting Electrical Supply Doral,http://www.lesmiami.com/,lesmiami.com,,,,Doral,FL,US,33166
Gexpro,https://www.gexpro.com/locations/FL/Medley/7391?utm_source=local-listings&utm_medium=organic&utm_content=GMB,gexpro.com,,,,Medley,FL,US,33166
Miami Dade Electrical Supply,http://www.mdesfl.com/,mdesfl.com,,,,Hialeah,FL,US,33014
Miami Landscape Lighting Inc.,http://www.miamilandscapelighting.com/,miamilandscapelighting.com,,,,Miami,FL,US,33133
Lighting Reps,http://www.lightingreps.net/index.php?option=com_contact&view=category&catid=12&Itemid=37,lightingreps.net,,,,Miami,FL,US,33125
TV Mount Squad,https://tvmountsquad.com/,tvmountsquad.com,,,,Miami,FL,US,33128
USA TV Installations,https://usatvinstallations.com/,usatvinstallations.com,,,,Miami,FL,US,33132
Home Theaters of South Florida,http://www.hometheatersofsouthflorida.com/,hometheatersofsouthflorida.com,,,,Miami Gardens,FL,US,33015
TV Mounts & Mounting Service- Miami,https://tvmountsandmounting.com/miami,tvmountsandmounting.com,,,,Miami,FL,US,33131
Front Row Theater,http://www.frontrowtheater.com/,frontrowtheater.com,,,,Davie,FL,US,33324
Alternative Productions,https://www.altmediaproductions.com/,altmediaproductions.com,,,,Miami,FL,US,33134
CasaHiFi,http://www.casahifi.com/,casahifi.com,,,,Miami,FL,US,33133
"Elite Audio Design, Inc.",http://eliteaudiodesigninc.com/,eliteaudiodesigninc.com,,,,Miami,FL,US,33125
Soundlux Audio,http://www.soundluxaudio.com/,soundluxaudio.com,,,,Miami,FL,US,33142
Dreamedia Home Theater,https://dreamediaav.com/,dreamediaav.com,,,,Miami Beach,FL,US,33139
Bardan International,https://www.bardaninternational.com/,bardaninternational.com,,,,Miami,FL,US,33131
Electronic Designs,https://www.electronicdesigns.net/,electronicdesigns.net,,,,Miami Beach,FL,US,33139
"Atlanta Home Technologies, LLC",http://www.atlantahometechnologies.com/,atlantahometechnologies.com,,,,Doraville,GA,US,30360
Link Your House Inc,https://linkyourhouse.com/,linkyourhouse.com,,,,Suwanee,GA,US,30024
Aaron's Home Tech,https://aaronshometech.com/?utm_source=google&utm_medium=business+prof,aaronshometech.com,,,,Greensboro,GA,US,30642
"First Major Home Automation, LLC",,,,,,Atlanta,GA,US,30326
In Home Xperts,https://in-home-xperts.ueniweb.com/,in-home-xperts.ueniweb.com,,,,Powder Springs,GA,US,30127
Innovative Sight & Sound,https://beinnovative.com/atlanta/,beinnovative.com,,,,Norcross,GA,US,30092
Interactive Automation,http://interactiveautomation.com/,interactiveautomation.com,,,,Chamblee,GA,US,30341
AV Solutions Atlanta,http://www.avsolutionsatlanta.com/?utm_source=gbp,avsolutionsatlanta.com,,,,Cumming,GA,US,30041
At Home Installations,,,,,,College Park,GA,US,30337
AVI Group,https://goavigroup.com/lenox,goavigroup.com,,,,Atlanta,GA,US,30326
Starlightatl,https://starlightatlanta.com/,starlightatlanta.com,,,,Suwanee,GA,US,30024
MHS Systems,https://mhssinc.com/,mhssinc.com,,,,Atlanta,GA,US,30331
Envision Media AV LLC,https://envisionmediaav.com/,envisionmediaav.com,,,,Atlanta,GA,US,30309
"INEX Systems and Designs, inc.",https://inexsystemsdesigns.com/,inexsystemsdesigns.com,,,,Atlanta,GA,US,30313
DPC Technology,https://www.dpctechnology.com/,dpctechnology.com,,,,Chamblee,GA,US,30341
Pro Tech Multimedia Solutions LLC,http://www.protechmultimedia.com/,protechmultimedia.com,,,,Atlanta,GA,US,30303
TRuth Automations,http://www.truthautomations.com/,truthautomations.com,,,,Atlanta,GA,US,30326
"Electronic Home, Inc.",http://hometheaterdesigns.com/,hometheaterdesigns.com,,,,Atlanta,GA,US,30305
ALTHAR Automate LLC,http://altharautomate.io/,altharautomate.io,,,,Atlanta,GA,US,30308
Factory Automation Systems,http://www.factoryautomation.com/,factoryautomation.com,,,,College Park,GA,US,30349
Performance Audio & Video,https://www.pavatlanta.com/,pavatlanta.com,,,,Marietta,GA,US,30067
Simply Wired PRO,,,,,,Atlanta,GA,US,30305
Evolution Home Theater,http://www.evolutionht.com/,evolutionht.com,,,,Atlanta,GA,US,30305
Motion Shading,https://motionshading.com/,motionshading.com,,,,Atlanta,GA,US,30324
Atlanta Noland Co.,http://www.atlantanoland.com/,atlantanoland.com,,,,Atlanta,GA,US,30340
ProAudio Georgia,http://www.proaudiogeorgia.com/,proaudiogeorgia.com,,,,Atlanta,GA,US,30305
Atlanta Home Theater,https://www.atlantahometheater.com/,atlantahometheater.com,,,,Roswell,GA,US,30075
AV Excellence,https://www.myavx.com/,myavx.com,,,,Cumming,GA,US,30040
RMS Installs,http://www.rmsinstalls.com/,rmsinstalls.com,,,,Marietta,GA,US,30060
Home TheaterWorks,https://www.htwatlanta.com/,htwatlanta.com,,,,Alpharetta,GA,US,30022
Pinnacle Tv Installation,http://www.pinnacletvinstall.com/,pinnacletvinstall.com,,,,Atlanta,GA,US,31107
Smart TV Installation,http://smarttvinstallation.com/,smarttvinstallation.com,,,,Atlanta,GA,US,30342
Sound Image,http://www.soundimageatl.com/,soundimageatl.com,,,,Roswell,GA,US,30075
Twice As Nice Tech Solutions,http://www.tantechsolutions.net/,tantechsolutions.net,,,,Atlanta,GA,US,30318
Atlanta TV Mounting,https://www.atlantatvmountingcompany.com/,atlantatvmountingcompany.com,,,,Atlanta,GA,US,30318
Boston Automations,http://bostonautomations.com/,bostonautomations.com,,,,North Easton,MA,US,02356
TSP Smart Spaces,https://www.tsp.space/,tsp.space,,,,Boston,MA,US,02118
Bluehome Custom Automation,https://getbluehome.com/,getbluehome.com,,,,Quincy,MA,US,02171
SimpleHome,https://www.simplehome.net/,simplehome.net,,,,Westwood,MA,US,02090
System 7 Experience Center,https://systemseven.com/,systemseven.com,,,,Boston,MA,US,02210
Heritage Smart Technologies,https://www.heritagesmart.com/,heritagesmart.com,,,,Norfolk,MA,US,02056
Alarm New England Boston,https://www.alarmnewengland.com/home-security/boston,alarmnewengland.com,,,,Boston,MA,US,02116
Able Control LLC,http://www.ablecontrol.com/,ablecontrol.com,,,,Needham,MA,US,02494
"Huntington Home Systems, Inc.",http://www.huntingtonhomesystems.com/,huntingtonhomesystems.com,,,,Newton,MA,US,02459
Level Up Automation,http://www.levelupyourhome.com/,levelupyourhome.com,,,,Northborough,MA,US,01532
Smart Home Solutions LLC,http://www.techswhoconnect.com/,techswhoconnect.com,,,,Beverly,MA,US,01915
New England Home Automation,https://www.vineyardhome.com/,vineyardhome.com,,,,Hyannis,MA,US,02601
InstaSmart Homes,https://instasmarthomes.tiiny.site/,instasmarthomes.tiiny.site,,,,Belmont,MA,US,02478
iHome Systems,http://www.ihomesys.com/,ihomesys.com,,,,Watertown,MA,US,02472
Elite Security & Access Control Solutions,https://elitesecurityandaccess.com/,elitesecurityandaccess.com,,,,Boston,MA,US,02116
Boston Intercom Group,http://www.bostonintercomgroup.com/,bostonintercomgroup.com,,,,Medford,MA,US,02155
"Boston Security Integration, LLC",http://www.bostonsecurityintegration.com/,bostonsecurityintegration.com,,,,Methuen,MA,US,01844
"Boston Security Integration, LLC",https://www.bsi-boston.com/contact,bsi-boston.com,,,,Boston,MA,US,02116
IUS Shades,https://iusshades.com/locations/boston/?utm_source=google&utm_medium=organic&utm_campaign=gbp-listing&utm_term=boston,iusshades.com,,,,Boston,MA,US,02127
Homelight Boston,http://www.homelightboston.com/,homelightboston.com,,,,South Boston,MA,US,02127
Intelligent Home Control,,,,,,Needham,MA,US,02494
TCG Network Services,https://tcgns.com/,tcgns.com,,,,Boston,MA,US,02110
Masters of Automation,https://themasters.ai/,themasters.ai,,,,Boston,MA,US,02116
Your Custom Smart Home AV Integration Service & Support Company,https://www.intellihomene.com/,intellihomene.com,,,,Salem,NH,US,03079
Aztec Sound and Communications,https://aztecsound.com/,aztecsound.com,,,,Wilmington,MA,US,01887
Home Theatre Associates,https://www.hometheatreassociates.com/,hometheatreassociates.com,,,,Hamilton,MA,US,01982
Home Theaters by Sean,http://hometheatersbysean.com/,hometheatersbysean.com,,,,Bridgewater,MA,US,02324
VIP Installations LLC,http://www.facebook.com/thevipchoice,facebook.com,,,,Quincy,MA,US,02169
Petraglia TV Mounting Services,,,,,,Boston,MA,US,02128
NRP Installations,https://nrpinstallations.jobbersites.com/,nrpinstallations.jobbersites.com,,,,Boston,MA,US,02119
AudioArt,http://www.audioartne.com/,audioartne.com,,,,Sudbury,MA,US,01776
Prime Time Home Theater,http://primetimehometheater.com/,primetimehometheater.com,,,,Hanover,MA,US,02339
Boston TV Mounting PROs,https://bostontvmounting.net/,bostontvmounting.net,,,,Boston,MA,US,02134
Tech Install,https://techinstallinc.com/,techinstallinc.com,,,,Somerville,MA,US,02143
Boston AV,https://bostonav.com/,bostonav.com,,,,Boston,MA,US,02135
Bang & Olufsen,https://stores.bang-olufsen.com/en/united-states/ma/boston/233-newbury-street?y_source=1_MTExOTk4NTItNzE1LWxvY2F0aW9uLndlYnNpdGU%3D,stores.bang-olufsen.com,,,,Boston,MA,US,02116
New England Audio Rental,https://www.newenglandaudiorental.com/,newenglandaudiorental.com,,,,Boston,MA,US,02118
Groove Audio,,,,,,Boston,MA,US,02215
Integrated Automation,https://integratedautomationllc.com/,integratedautomationllc.com,,,,Fountain Hills,AZ,US,85268
Modern Smart Home,https://modernsmarthomeaz.com/,modernsmarthomeaz.com,,,,Chandler,AZ,US,85226
Camelback Smart Homes,https://camelbacksmarthomes.com/,camelbacksmarthomes.com,,,,Phoenix,AZ,US,85016
Ideal Automation,https://www.myidealav.com/,myidealav.com,,,,Phoenix,AZ,US,85028
Prestige Smart Homes,https://prestigesmarthomesaz.com/,prestigesmarthomesaz.com,,,,Gilbert,AZ,US,85234
Automated Environments,https://www.aearizona.com/?utm_source=google&utm_medium=gmb,aearizona.com,,,,Mesa,AZ,US,85204
Evolve Automation,http://azevolve.com/,azevolve.com,,,,Phoenix,AZ,US,85021
The Valley Connect,https://thevalleyconnect.com/,thevalleyconnect.com,,,,Phoenix,AZ,US,85017
AAA Smart Home Security,https://mwg.aaa.com/home-security,mwg.aaa.com,,,,Tempe,AZ,US,85284
Connected Home Solutions LLC,https://www.azchs.com/,azchs.com,,,,Phoenix,AZ,US,85027
Summit Automation,https://summitautomation.com/,summitautomation.com,,,,Mesa,AZ,US,85210
My Home Solutions AZ LLC,https://www.mhsaz.com/,mhsaz.com,,,,Queen Creek,AZ,US,85142
"Mythic Sound, Lighting, and Shade",http://www.mythicsls.com/,mythicsls.com,,,,Scottsdale,AZ,US,85260
Intelligent Casa,http://www.intelligentcasa.com/,intelligentcasa.com,,,,Peoria,AZ,US,85382
iWired,http://www.iwired.com/?utm_source=gmb&utm_medium=organic&utm_campaign=listing-scottsdale,iwired.com,,,,Scottsdale,AZ,US,85260
Peak Systems,https://peaksystems.tech/,peaksystems.tech,,,,Scottsdale,AZ,US,85251
Oasis Luxury Smart Homes,https://oasissmarthomes.com/,oasissmarthomes.com,,,,Scottsdale,AZ,US,85255
Media Innovation Technologies,http://mit-usa.com/,mit-usa.com,,,,Scottsdale,AZ,US,85260
Custom Automated Solutions,https://customautomatedsolutions.net/,customautomatedsolutions.net,,,,Phoenix,AZ,US,85020
Cashwood Innovations,https://cashwoodinnovations.com/,cashwoodinnovations.com,,,,Scottsdale,AZ,US,85260
Adobe Home Systems,https://adobealarm.com/,adobealarm.com,,,,Phoenix,AZ,US,85027
Epic Systems,http://www.epicavaz.com/,epicavaz.com,,,,Tempe,AZ,US,85281
Imagine Audio Video,https://www.iavaz.com/?utm_source=gmb&utm_medium=organic&utm_campaign=gmb_listing,iavaz.com,,,,Phoenix,AZ,US,85050
Premier Security and Home Services Inc,https://www.premiersecurityandhomeservices.com/,premiersecurityandhomeservices.com,,,,Phoenix,AZ,US,85027
iDesign Home Solutions,http://idesignhs.com/,idesignhs.com,,,,Tempe,AZ,US,85288
Leverage Technology Group,http://www.ltgaz.com/,ltgaz.com,,,,Scottsdale,AZ,US,85260
Red Mountain Integration,https://rmintegration.com/,rmintegration.com,,,,Phoenix,AZ,US,85085
Watt Integration Home Theater and Automation,https://wattintegration.com/,wattintegration.com,,,,Scottsdale,AZ,US,85260
Elite Integration Inc,http://www.azeliteintegration.com/,azeliteintegration.com,,,,Phoenix,AZ,US,85027
Custom Systems Integration,http://customsystemsav.com/,customsystemsav.com,,,,Phoenix,AZ,US,85050
Creative Sound & Integration,http://creativesound.info/,creativesound.info,,,,Scottsdale,AZ,US,85257
ADI Global Distribution,https://www.adiglobaldistribution.us/?utm_source=Organic_Search&utm_medium=GMB&utm_campaign=PX,adiglobaldistribution.us,,,,Phoenix,AZ,US,85034
Ced Scottsdale Lutron,,,,,,Scottsdale,AZ,US,85260
Stabley Home Theater,https://www.stabley.net/,stabley.net,,,,Mesa,AZ,US,85206
Dynamic Audio Video Solutions,https://www.dynamicavsolutions.com/,dynamicavsolutions.com,,,,Mesa,AZ,US,85212
Desert Home Theater,http://www.deserthometheater.com/,deserthometheater.com,,,,Phoenix,AZ,US,85048
Cinematic Home A/V,https://cinematichomeav.com/,cinematichomeav.com,,,,Phoenix,AZ,US,85028
James Electronics,http://jameselectronics.com/,jameselectronics.com,,,,Phoenix,AZ,US,85013
Planet Geek,https://www.planetgeekllc.com/,planetgeekllc.com,,,,Chandler,AZ,US,85225
Audio Video by Design,https://avbydesign.com/,avbydesign.com,,,,Peoria,AZ,US,85383
Performance Audio Video,https://performanceaudioaz.com/,performanceaudioaz.com,,,,Phoenix,AZ,US,85027
Walts TV & Appliance,http://www.walts.com/,walts.com,,,,Tempe,AZ,US,85284
Arizona Audio- Video Electronics,http://www.azvideoelectronics.com/,azvideoelectronics.com,,,,Phoenix,AZ,US,85028
"Arizona Hi-Fi, LLC",http://www.tubeaudio.com/,tubeaudio.com,,,,Phoenix,AZ,US,85013
The Sound Guy,http://stereorepairguy.com/,stereorepairguy.com,,,,Phoenix,AZ,US,85032
Victory Electronics,http://www.victoryelectronics.com/,victoryelectronics.com,,,,Phoenix,AZ,US,85009
West Shore Home,https://westshorehome.com/locations/phoenix-az/?utm_source=gbp&utm_medium=organic&utm_branch=phoenix,westshorehome.com,,,,Phoenix,AZ,US,85040
Visual Comfort & Co.,https://visualcomfort.com/us/showrooms/san-francisco?utm_source=google&utm_medium=organic&utm_campaign=gmb-listing&utm_content=sanfrancisco,visualcomfort.com,,,,San Francisco,CA,US,94103
Audio Vision San Francisco,http://www.audiovisionsf.com/,audiovisionsf.com,,,,San Francisco,CA,US,94109
Music Lovers Audio & Video,http://www.musicloversaudio.com/,musicloversaudio.com,,,,San Francisco,CA,US,94115
Tone of Music Audio,http://www.toneofmusic.com/,toneofmusic.com,,,,San Francisco,CA,US,94114
Future Sound Audio/Video Design Group,http://www.futuresoundav.com/,futuresoundav.com,,,,South San Francisco,CA,US,94080
TV Mounting Express,,,,,,San Francisco,CA,US,94122
Sound & Shades,https://www.soundandshades.com/,soundandshades.com,,,,San Francisco,CA,US,94103
Audio Symphony,http://www.audiosymphony.com/,audiosymphony.com,,,,Sausalito,CA,US,94965
Everything Audio Visual,https://everythingav.com/,everythingav.com,,,,San Francisco,CA,US,94124
West Coast Sound Solutions,http://westcoastsoundsolutions.com/,westcoastsoundsolutions.com,,,,San Francisco,CA,US,94116
"McCune Audio,Video,Lighting",http://mccune.com/,mccune.com,,,,South San Francisco,CA,US,94080
Rivas Technology Group,https://www.rivastechgroup.com/,rivastechgroup.com,,,,Kent,WA,US,98032
ThoseTechGuys,https://thosetechguys.com/,thosetechguys.com,,,,Tukwila,WA,US,98188
J&E Integration,http://je-integration.com/,je-integration.com,,,,Renton,WA,US,98059
EZ Smart home Automations Seattle,https://www.ezsmarthomeautomations.com/,ezsmarthomeautomations.com,,,,Mercer Island,WA,US,98040
Connect&Protect,https://connectandprotectllc.com/,connectandprotectllc.com,,,,Seattle,WA,US,98101
4th Systems,http://www.4thsystems.com/,4thsystems.com,,,,Seattle,WA,US,98146
Integrated Living Solutions,http://integrated-living-solutions.com/,integrated-living-solutions.com,,,,Shoreline,WA,US,98155
"High-Tech Living, LLC",http://www.high-techliving.com/,high-techliving.com,,,,Lynnwood,WA,US,98037
LLUMINET LLC,https://www.lluminet.com/,lluminet.com,,,,Renton,WA,US,98058
Seattle Sight and Sound,http://www.seattlesightandsound.com/,seattlesightandsound.com,,,,Seattle,WA,US,98109
Seattle AI Automations,https://seattleautomations.ai/,seattleautomations.ai,,,,Marysville,WA,US,98270
"CI Tech, LLC",http://wacitech.com/,wacitech.com,,,,Seattle,WA,US,98133
Beyond Hi-Fi,http://www.beyondhifi.com/,beyondhifi.com,,,,Bellevue,WA,US,98005
Northwest Digital Media,https://northwestdigitalmedia.com/,northwestdigitalmedia.com,,,,Tukwila,WA,US,98188
Bain Custom Integrations,https://www.bcinw.com/,bcinw.com,,,,Snohomish,WA,US,98290
"As You Wish Electric, Plumbing, Heating & Air",https://asyouwishelectric.com/?utm_source=google&utm_medium=gbp&se_campaign=Google%20Business%20Profile,asyouwishelectric.com,,,,Seattle,WA,US,98134
"Cutting Edge Design, Inc",http://www.cedi.tv/,cedi.tv,,,,Mukilteo,WA,US,98275
AV Smart Solutions,https://avsmartsolutions.com/,avsmartsolutions.com,,,,Everett,WA,US,98204
Home Technology,https://www.gethousesmart.com/,gethousesmart.com,,,,Port Orchard,WA,US,98366
Switch Electric Home Energy,http://www.myswitchelectric.com/,myswitchelectric.com,,,,Monroe,WA,US,98272
digital home north west,,,,,,Seattle,WA,US,98115
Evergreen Home Heating and Energy,http://www.evergreenhomeheatingandenergy.com/,evergreenhomeheatingandenergy.com,,,,Seattle,WA,US,98108
All Tech Security Systems & Home Theater Installers,http://www.alltechsystemsinc.net/,alltechsystemsinc.net,,,,Marysville,WA,US,98270
Automated Gates & Equipment,https://www.aegates.com/,aegates.com,,,,Tukwila,WA,US,98168
Interactive Gates & Security,https://www.interactivegates.com/cities/bellevue,interactivegates.com,,,,Bellevue,WA,US,98005
Integrity Home Integration Inc,https://www.ihi-nw.com/,ihi-nw.com,,,,Issaquah,WA,US,98027
Cloud1iT,http://www.cloud1it.com/,cloud1it.com,,,,Seattle,WA,US,98119
Mirsky Electric,https://www.mirskyelectric.com/?utm_source=google&utm_medium=organic&utm_campaign=gmb_seattle,mirskyelectric.com,,,,Seattle,WA,US,98107
Galaxy Electric,https://galaxyel.com/,galaxyel.com,,,,Shoreline,WA,US,98133
AVI Solutions Inc,https://www.avisolutions.net/,avisolutions.net,,,,Seattle,WA,US,98104
Cielo WiGle,https://cielowigle.com/,cielowigle.com,,,,Bellevue,WA,US,98007
WAVE Designs,http://www.wavedesignsinc.com/,wavedesignsinc.com,,,,Mountlake Terrace,WA,US,98043
Carlisle Classic Homes LLC,http://www.cchbuilds.com/,cchbuilds.com,,,,Seattle,WA,US,98117
Surge Electrical LLC,https://surgelectrical.com/,surgelectrical.com,,,,Issaquah,WA,US,98027
Digital Cinema Design,http://www.digitalcinemadesign.com/,digitalcinemadesign.com,,,,Renton,WA,US,98056
"Great Western Security, Inc.",https://www.greatwesternsecurity.com/,greatwesternsecurity.com,,,,Seattle,WA,US,98117
System Design & Integration,https://www.sdiav.com/,sdiav.com,,,,Tukwila,WA,US,98188
SolTerra,https://solar.solterra.com/,solar.solterra.com,,,,Seattle,WA,US,98134
Schenkar Construction LLC,https://schenkarconstruction.com/,schenkarconstruction.com,,,,Seattle,WA,US,98107
Olis Robotics,http://www.olisrobotics.com/,olisrobotics.com,,,,Seattle,WA,US,98104
Deako,https://www.deako.com/,deako.com,,,,Seattle,WA,US,98105
Streamline Electric,http://www.streamlinenw.com/,streamlinenw.com,,,,Kirkland,WA,US,98033
iGMS,https://www.igms.com/,igms.com,,,,Seattle,WA,US,98101
idieh studio,http://www.idiehstudio.com/,idiehstudio.com,,,,Seattle,WA,US,98116
Rainier Custom Homes,http://www.rainiercustomhomes.com/,rainiercustomhomes.com,,,,Renton,WA,US,98057
TBH Sterling Inc.,https://www.tbhsterling.com/,tbhsterling.com,,,,Seattle,WA,US,98108
Textio,https://textio.com/,textio.com,,,,Seattle,WA,US,98104
Zen Techworks,https://zentechworks.com/?utm_source=gbp&utm_medium=gbp&utm_campaign=gbp_organic,zentechworks.com,,,,Seattle,WA,US,98103
Space Theory,http://spacetheory.com/,spacetheory.com,,,,Seattle,WA,US,98134
Sound Network Integration,http://www.snic.com/,snic.com,,,,Seattle,WA,US,98115
"Volcano Builders, Inc.",https://volcanobuilders.com/?utm_source=GMB-Seattle&utm_medium=Website_Button&utm_campaign=GMB_Profile,volcanobuilders.com,,,,Seattle,WA,US,98121
Puzzle Construction Group,https://puzzleconstructiongroup.com/,puzzleconstructiongroup.com,,,,Renton,WA,US,98057
Yavar IT Solutions,http://www.yavar.it/,yavar.it,,,,Seattle,WA,US,98101
"Theobald Software, Inc.",https://theobald-software.com/en,theobald-software.com,,,,Seattle,WA,US,98121
aaDigital Solutions,https://aadigi.com/,aadigi.com,,,,Seattle,WA,US,98103
Pipe17,http://pipe17.com/,pipe17.com,,,,Seattle,WA,US,98121
Luxe Cabinet & Stone,https://luxecs.com/,luxecs.com,,,,Seattle,WA,US,98108
PhishCloud,http://www.phishcloud.com/,phishcloud.com,,,,Seattle,WA,US,98134
ERW Lighting,http://www.erwlighting.com/,erwlighting.com,,,,Seattle,WA,US,98108
Seattle Home Theater Pros,,,,,,Seattle,WA,US,98116
Wicked Home Theater,http://www.wickedhometheater.com/,wickedhometheater.com,,,,Silverdale,WA,US,98383
Olson's HiFi,https://olsonshifi.com/,olsonshifi.com,,,,Lynnwood,WA,US,98036
Hawthorne Stereo,http://www.hawthornestereo.com/,hawthornestereo.com,,,,Seattle,WA,US,98115
Seattle TV Mounting,http://seattle-tv-mounting.com/,seattle-tv-mounting.com,,,,Seattle,WA,US,98107
CityProTech,https://cityprotech.com/,cityprotech.com,,,,Seattle,WA,US,98125
Ztechnicians,https://ztechnicians.com/contact-us/,ztechnicians.com,,,,Seattle,WA,US,98119
Tune,http://www.tunehifi.com/,tunehifi.com,,,,Seattle,WA,US,98121
Jason L Campbell System Design,http://www.jlcsd.com/,jlcsd.com,,,,Seattle,WA,US,98104
"Plug N Play, Inc.",http://www.plugnplaytv.com/,plugnplaytv.com,,,,San Diego,CA,US,92117
American Home Automation,http://www.aha-av.com/,aha-av.com,,,,San Diego,CA,US,92107
Digital Home Lifestyles,http://www.digitalhomesd.com/,digitalhomesd.com,,,,San Diego,CA,US,92117
"Evolution Home Theatre, Inc.",http://www.evoht.com/,evoht.com,,,,Lakeside,CA,US,92040
Smart Shield Systems Commercial & Residential Security,https://smartshieldsystems.com/,smartshieldsystems.com,,,,San Diego,CA,US,92123
"Real Home Security, LLC- Authorized ADT Dealer",https://www.realhomesecurityllc.com/,realhomesecurityllc.com,,,,San Diego,CA,US,92123
Home Controls,https://www.homecontrols.com/,homecontrols.com,,,,San Diego,CA,US,92126
Andrus Smart Technologies,https://www.andrussmarttech.com/?utm_campaign=gmb&utm_medium=social&utm_source=gmb,andrussmarttech.com,,,,El Cajon,CA,US,92020
LIGHTWORKS,https://www.sdlightworks.com/contacts,sdlightworks.com,,,,San Diego,CA,US,92126
SmarTek Home,http://www.smartek-home.com/,smartek-home.com,,,,San Diego,CA,US,92123
INFINITY SHIELD,http://www.infinity-shield.com/,infinity-shield.com,,,,San Diego,CA,US,92127
HD Hookups,http://www.hdhookups.com/,hdhookups.com,,,,San Diego,CA,US,92111
Rhew Contracting,https://rhewcontracting.com/,rhewcontracting.com,,,,La Jolla,CA,US,92037
Advanced Digital Homes,http://www.advanceddigitalhomes.com/,advanceddigitalhomes.com,,,,Escondido,CA,US,92029
Ameritechs,https://www.ameritechs.co/,ameritechs.co,,,,San Diego,CA,US,92111
Acoustic Evolution,https://acousticevolution.com/,acousticevolution.com,,,,San Diego,CA,US,92128
Winn Enterprises,https://winnenterprises.com/,winnenterprises.com,,,,La Mesa,CA,US,91942
Modern Home Systems,https://modernhomesystems.com/,modernhomesystems.com,,,,San Diego,CA,US,92121
Golden State CCTV Inc.,https://www.goldenstatecctv.com/,goldenstatecctv.com,,,,San Diego,CA,US,92110
Custom Home Technology Inc..,http://www.cht.life/,cht.life,,,,Santee,CA,US,92071
Innovation Technologies,http://www.myinnovationtech.com/,myinnovationtech.com,,,,San Diego,CA,US,92108
Halcyon Security Solutions,https://www.halcyonmss.com/,halcyonmss.com,,,,San Diego,CA,US,92117
Sound Ideas AV,https://soundideas-av.com/,soundideas-av.com,,,,San Diego,CA,US,92126
MOONLIGHT AUDIO VISUAL PRO,http://www.moonlightavpro.com/,moonlightavpro.com,,,,San Diego,CA,US,92101
Aire Theater Designs,https://airetheaterdesigns.com/,airetheaterdesigns.com,,,,San Diego,CA,US,92123
Custom Home Audio Video Integration,http://www.customhomeavintegration.com/,customhomeavintegration.com,,,,Solana Beach,CA,US,92075
Wave AV TV Mounting & Home Theatre Installation,,,,,,Chula Vista,CA,US,91913
Audio Video San Diego,http://www.audiovideosandiego.com/,audiovideosandiego.com,,,,Carlsbad,CA,US,92008
Sound Automation Inc,http://www.soundautomation.net/,soundautomation.net,,,,San Diego,CA,US,92120
Kaminskiy Care and Repair,https://careandrepair.com/ca/san-diego-handyman-services/?utm_source=google&utm_medium=organic&utm_campaign=gbp-listing,careandrepair.com,,,,San Diego,CA,US,92128
Fuse Integration,http://www.fuseintegration.com/,fuseintegration.com,,,,San Diego,CA,US,92111
One Touch Living,https://www.1touchliving.com/,1touchliving.com,,,,San Diego,CA,US,92127
Technical Comfort,https://www.technicalcomfort.com/,technicalcomfort.com,,,,Laguna Niguel,CA,US,92677
Tazz Lighting Inc,http://www.tazzlighting.com/,tazzlighting.com,,,,San Diego,CA,US,92121
California Electric Supply,http://ceselcajon.com/,ceselcajon.com,,,,El Cajon,CA,US,92020
Stereo Unlimited,https://www.stereounlimitedsd.com/,stereounlimitedsd.com,,,,San Diego,CA,US,92110
Tv Mount Master SD,https://tvmountsmaster.com/,tvmountsmaster.com,,,,San Diego,CA,US,92108
Home AV TV & Design,http://www.homeavtv.com/,homeavtv.com,,,,San Marcos,CA,US,92078
Modern Mounters,https://www.modernmounters.com/?utm_source=gmb&utm_medium=organic,modernmounters.com,,,,San Diego,CA,US,92110
Home Theater,http://www.coronadohometheater.com/,coronadohometheater.com,,,,Coronado,CA,US,92178
Alma Music & Audio,http://almaaudio.com/,almaaudio.com,,,,San Diego,CA,US,92111
Masters Mount,https://mastersmount.com/,mastersmount.com,,,,San Diego,CA,US,92122
Intelligent Audio Visual,http://intelligentaudiovisual.com/,intelligentaudiovisual.com,,,,San Diego,CA,US,92131
One Touch Home Theater Inc,http://www.onetouchhometheater.com/,onetouchhometheater.com,,,,El Cajon,CA,US,92020
The Installer Shop,https://www.tishops.com/,tishops.com,,,,National City,CA,US,91950
Advanced Home,http://advancedhome.biz/,advancedhome.biz,,,,Eagan,MN,US,55121
Northstar Home Technologies,http://www.northstarhometech.com/,northstarhometech.com,,,,Stillwater,MN,US,55082
SLH Home Systems / HYTE Technology,http://www.slhsystems.com/,slhsystems.com,,,,Mendota Heights,MN,US,55120
Architechne,https://www.architechne.net/,architechne.net,,,,Burnsville,MN,US,55337
Synergy Technology Solutions (formerly simple avs),http://www.synergy-ts.com/?utm_source=google-my-business&utm_medium=organic&utm_campaign=gbp-minnetonka,synergy-ts.com,,,,Minnetonka,MN,US,55305
Admit One Home Systems,http://admitonesystems.com/,admitonesystems.com,,,,Edina,MN,US,55439
Halsten Systems Integration,https://www.hsintegration.com/,hsintegration.com,,,,Golden Valley,MN,US,55426
"Westco Systems, Inc",http://www.yourwestco.com/?utm_source=gmb,yourwestco.com,,,,St Louis Park,MN,US,55426
Minnesota Security,http://www.minnesotasecurity.com/,minnesotasecurity.com,,,,Edina,MN,US,55439
Wizard Installations L.L.C.,https://wizardinstallations.com/,wizardinstallations.com,,,,Eden Prairie,MN,US,55344
Cool Home Technology,http://www.coolhomeav.com/,coolhomeav.com,,,,Minnetonka,MN,US,55345
Great River Automation LLC,https://www.greatriverautomation.com/,greatriverautomation.com,,,,New Brighton,MN,US,55112
Twin Cities Tech Services LLC,http://twincitiestechservices.com/,twincitiestechservices.com,,,,Wayzata,MN,US,55391
"Correct Cabling, LLC",http://www.correctcabling.com/,correctcabling.com,,,,St Paul,MN,US,55116
Tech Savvy,http://www.techsavvymn.com/,techsavvymn.com,,,,Minneapolis,MN,US,55407
Acoustix Audio Video,http://www.acoustixav.com/,acoustixav.com,,,,Savage,MN,US,55378
"Smart Home Innovations & Engineering, Inc. (SHINE)",,,,,,Elgin,MN,US,55932
Custom Automation Inc.,http://www.customautomationinc.net/,customautomationinc.net,,,,Blaine,MN,US,55449
Stafford Home Service,https://www.staffordhomeservice.com/?utm_source=google-gbp&utm_medium=organic&utm_campaign=*546*stafford-minneapolis,staffordhomeservice.com,,,,Minneapolis,MN,US,55416
HI-TECH INSTALLATION/SECURITY LLC,http://www.hitechinstall.com/,hitechinstall.com,,,,Minnetonka,MN,US,55345
"Revolution Systems, Inc",http://www.revolutionsystemsinc.com/,revolutionsystemsinc.com,,,,Mendota Heights,MN,US,55120
Legacy Security Technology Inc,https://legacysecurity.technology/,legacysecurity.technology,,,,Minneapolis,MN,US,55421
"Business Automation Specialists of MN, Inc.",http://www.bautomation.com/,bautomation.com,,,,Minneapolis,MN,US,55433
Spye,http://www.spye.co/,spye.co,,,,Minneapolis,MN,US,55406
KCH Automation Solutions LLC,,,,,,Lake Elmo,MN,US,55042
Wyatt Automated,http://wyattautomated.com/,wyattautomated.com,,,,Minneapolis,MN,US,55447
Phase Electric & Media,http://www.phase-electric.com/,phase-electric.com,,,,Bloomington,MN,US,55431
ODA SmartHome,,,,,,Minnetonka,MN,US,55305
Security One,http://securityoneonline.com/minneapolis-home-security/,securityoneonline.com,,,,Minneapolis,MN,US,55402
Stereoland Inc,http://www.stereoland.com/,stereoland.com,,,,Minneapolis,MN,US,55438
Per Mar Security Services,https://www.permarsecurity.com/locations/twin-cities?utm_source=gbp&utm_medium=organic&utm_campaign=location&utm_content=twin+cities,permarsecurity.com,,,,Bloomington,MN,US,55420
Prime Automation Resources LLC,,,,,,New Hope,MN,US,55428
New Age Technology,https://newagetechnologymn.com/,newagetechnologymn.com,,,,Plymouth,MN,US,55447
Lelch,https://www.golelch.com/,golelch.com,,,,Minnetonka,MN,US,55345
HiFi Sound,http://hifi-sound.com/,hifi-sound.com,,,,Minneapolis,MN,US,55405
JW Home Theater,,,,,,Blaine,MN,US,55449
JB Media,https://www.j-bmedia.com/,j-bmedia.com,,,,Burnsville,MN,US,55337
Twin Cities HiFi,https://www.twincitieshifi.com/?utm_source=google&utm_medium=wix_google_business_profile&utm_campaign=9229211530783981412,twincitieshifi.com,,,,Roseville,MN,US,55113
Seven Audio Video,https://www.sevenshometheater.com/,sevenshometheater.com,,,,Ham Lake,MN,US,55304
Henley Audio,http://www.henleyaudio.com/,henleyaudio.com,,,,Minneapolis,MN,US,55418
IMAV,http://www.imav.pro/,imav.pro,,,,Minneapolis,MN,US,55418
Audio Perfection,http://audioperfection.com/,audioperfection.com,,,,Minneapolis,MN,US,55423
EMI Audio,http://www.emiaudio.com/,emiaudio.com,,,,Robbinsdale,MN,US,55422
Audio Visions of Minnesota,http://www.audio-visions.com/,audio-visions.com,,,,Vadnais Heights,MN,US,55110
Minneapolis HiFi,http://www.minneapolishifi.com/,minneapolishifi.com,,,,Minneapolis,MN,US,55411
AV For You,,,,,,Minneapolis,MN,US,55427
AudioVideo Dimensions,,,,,,Edina,MN,US,55439
Networks Cinema and Sound,http://ncands.com/home,ncands.com,,,,Minneapolis,MN,US,55404
Audio By Design,http://www.audiobydesign-mn.com/,audiobydesign-mn.com,,,,Hopkins,MN,US,55343
El Rey Car Audio,https://elreycaraudiomn.com/,elreycaraudiomn.com,,,,Minneapolis,MN,US,55408
Audio Enhancement Design,http://aedtheaters.com/,aedtheaters.com,,,,Eden Prairie,MN,US,55346
Micro Center,https://www.microcenter.com/site/stores/st-louis-park.aspx?storeid=45,microcenter.com,,,,St Louis Park,MN,US,55416
Sound Masking Pros,https://www.soundmaskingpros.com/,soundmaskingpros.com,,,,Golden Valley,MN,US,55426
Alex Audio Video and Computer Service,https://alexav.com/,alexav.com,,,,New Hope,MN,US,55428
Magnolia Audio Video,https://www.magnoliaav.com/,magnoliaav.com,,,,Minneapolis,MN,US,55423
Soundscape Home Theater,,,,,,Prior Lake,MN,US,55372
Theater Latté Da,http://www.latteda.org/,latteda.org,,,,Minneapolis,MN,US,55413
Envision Automation,https://www.envision10.com/,envision10.com,,,,Denver,CO,US,80206
Home Tech Experts LLC,https://hometechnologyexperts.com/,hometechnologyexperts.com,,,,Arvada,CO,US,80007
Reliable Home Technology,https://www.reliablehometechnology.com/,reliablehometechnology.com,,,,Denver,CO,US,80214
Logic Integration,https://www.logicav.net/contacts,logicav.net,,,,Lone Tree,CO,US,80124
System Dynamics,https://www.sysdy.com/?utm_source=google&utm_medium=wix_google_business_profile&utm_campaign=381236704373010590,sysdy.com,,,,Denver,CO,US,80203
"Jennings AV, LLC",https://jenningsav.com/,jenningsav.com,,,,Arvada,CO,US,80002
Streamline Communications,https://hdtvdenver.com/,hdtvdenver.com,,,,Lakewood,CO,US,80226
Sound Media,http://www.soundmediaonline.com/,soundmediaonline.com,,,,Thornton,CO,US,80602
GoQAV Experience Center,https://qualityaudiovideo.com/,qualityaudiovideo.com,,,,Centennial,CO,US,80112
Innovative Home Systems,http://www.innovativehomesys.com/,innovativehomesys.com,,,,Littleton,CO,US,80120
Precision Media Solutions,http://pmav.co/,pmav.co,,,,Sheridan,CO,US,80110
Digital Home Colorado,http://www.digitalhomecolorado.com/,digitalhomecolorado.com,,,,Longmont,CO,US,80503
Paramount Audio Video Corp.,http://www.paramountav.com/,paramountav.com,,,,Denver,CO,US,80219
Colorado Security Company,http://www.coloradosecuritycompany.com/?utm_source=GMBlisting&utm_medium=organic,coloradosecuritycompany.com,,,,Denver,CO,US,80210
ListenUp®,https://listenup.com/pages/denver?utm_source=google&utm_medium=google-my-business&utm_campaign=gmb-profile&utm_term=denver-store,listenup.com,,,,Denver,CO,US,80209
Cinegration LLC,https://www.cinegration.com/,cinegration.com,,,,Arvada,CO,US,80002
Denver Secure LLC,https://www.denversecure.com/,denversecure.com,,,,Denver,CO,US,80222
IQ Home and Office,http://www.iqhomeandoffice.com/,iqhomeandoffice.com,,,,Denver,CO,US,80223
Conundrum Technologies,http://www.conundrumtechnologies.com/,conundrumtechnologies.com,,,,Denver,CO,US,80221
Ashcraft Tech,https://www.ashcrafttech.com/,ashcrafttech.com,,,,Denver,CO,US,80222
Security Central Inc.,https://www.securitycentralinc.com/,securitycentralinc.com,,,,Englewood,CO,US,80112
PHT,http://www.phtav.com/,phtav.com,,,,Denver,CO,US,80210
Integral Home Systems,https://integralhomesystems.com/,integralhomesystems.com,,,,Loveland,CO,US,80537
NOVA Automation,https://novaautomation.com/,novaautomation.com,,,,Denver,CO,US,80219
"Controlling Systems Heating, AC, and Electrical Repair",https://www.controllingsystemsco.com/?utm_source=GBP&utm_medium=organic,controllingsystemsco.com,,,,Denver,CO,US,80221
AIM,https://aimyourhome.com/,aimyourhome.com,,,,Englewood,CO,US,80111
Colorado Home Services,https://cohomeservice.com/,cohomeservice.com,,,,Lakewood,CO,US,80214
Ultra Design Center,http://www.ultradesigncenter.com/,ultradesigncenter.com,,,,Denver,CO,US,80204
Lamps Plus,https://www.lampsplus.com/stores/colorado/denver-80222/,lampsplus.com,,,,Denver,CO,US,80222
Soundings Fine Audio Video,https://www.soundingshifi.com/,soundingshifi.com,,,,Greenwood Village,CO,US,80112
Luxury Denver Home,https://www.bluepillow.com/search/6582e30d6c560103cb4529f7?dest=bkng&cat=Villa&lat=39.73319&lng=-105.00304&language=en,bluepillow.com,,,,Denver,CO,US,80204
Consolidated Electrical Distributors,https://cednorthdenver.portalced.com/,cednorthdenver.portalced.com,,,,Denver,CO,US,80216
Denver Sight and Sound,https://denversightandsound.com/?utm_source=gmb&utm_medium=web_url&utm_campaign=website,denversightandsound.com,,,,Castle Pines,CO,US,80108
"Press Play Integration, LLC",http://pressplaydenver.com/,pressplaydenver.com,,,,Golden,CO,US,80403
Mile High Audio Video,https://www.milehighaudiovideo.com/,milehighaudiovideo.com,,,,Englewood,CO,US,80112
Curt's Audio Video,http://www.curtsaudiovideo.com/,curtsaudiovideo.com,,,,Parker,CO,US,80134
TV Solutions LLC,http://mountingmytv.com/,mountingmytv.com,,,,Denver,CO,US,80202
Soundscape Stereo + Theater Design,http://www.soundscapestereo.com/,soundscapestereo.com,,,,Evergreen,CO,US,80439
The Boulder Home Theater Company,https://www.boulderhometheater.com/,boulderhometheater.com,,,,Boulder,CO,US,80302
The Screening Room Home Theater / Audio Video,http://www.thescreeningroomav.com/,thescreeningroomav.com,,,,Colorado Springs,CO,US,80921
"Terracom Systems, Inc.",http://www.terracomtheatre.com/,terracomtheatre.com,,,,Broomfield,CO,US,80020
Aural HiFi,https://auralhifi.com/,auralhifi.com,,,,Denver,CO,US,80210
Sound Investments,http://www.soundinvestmentsco.com/,soundinvestmentsco.com,,,,Greeley,CO,US,80634
Jays Audio Video Installation,https://www.jaysavinstall.com/,jaysavinstall.com,,,,Parker,CO,US,80134
Xssentials,https://xssentials.com/?utm_source=gbp&utm_medium=organic&utm_campaign=gbp-listing,xssentials.com,,,,Denver,CO,US,80204
Gold Sound,http://www.goldsound.net/,goldsound.net,,,,Englewood,CO,US,80113
Denver Audio Designs,http://denveraudiodesigns.com/,denveraudiodesigns.com,,,,Centennial,CO,US,80111
AT Audio,,,,,,Denver,CO,US,80219
Artisan Technologies,http://www.artisantechnologies.com/,artisantechnologies.com,,,,Tampa,FL,US,33629
Hoppen Home Systems,https://hoppenhomesystems.com/,hoppenhomesystems.com,,,,Tampa,FL,US,33619
AVN Installations,https://avninstallations.com/,avninstallations.com,,,,Tampa,FL,US,33610
Precision TV Mounting & Smart Home,http://www.precisionsmarthome.com/,precisionsmarthome.com,,,,Gibsonton,FL,US,33534
Halo Smart Home,http://www.halosmarthome.com/,halosmarthome.com,,,,Tampa,FL,US,33602
ION,http://iontechnology.net/,iontechnology.net,,,,Tampa,FL,US,33611
Integral Home Technology,http://www.integralfl.com/,integralfl.com,,,,Clearwater,FL,US,33765
SYNCT,https://www.synctfl.com/?utm_source=gbp,synctfl.com,,,,Tampa,FL,US,33647
Techoll (Innovating Technology Solutions),http://www.techoll.com/,techoll.com,,,,Tampa,FL,US,33615
HavenSmart Greater Charlotte,https://www.havensmart.com/,havensmart.com,,,,Denver,NC,US,28037
"Paradise Systems, LLC",http://feelslikeparadise.com/,feelslikeparadise.com,,,,Tampa,FL,US,33607
Liv Security & AV llc,http://www.livsecurity.com/,livsecurity.com,,,,Lutz,FL,US,33559
GULF COAST SYSTEMS,https://www.gcsav.com/?utm_source=google&utm_medium=wix_google_business_profile&utm_campaign=761547063645616042,gcsav.com,,,,Tampa,FL,US,33602
Home Boss AV LLC,http://www.homebossav.com/,homebossav.com,,,,Wesley Chapel,FL,US,33545
Level Up Automation Florida,http://www.levelupautomationfl.com/,levelupautomationfl.com,,,,Orlando,FL,US,32828
"Unified Automation, Smart Homes",http://unifiedautomation.net/,unifiedautomation.net,,,,Ocala,FL,US,34471
AV-Waves,http://av-waves.com/,av-waves.com,,,,Oldsmar,FL,US,34677
Expert Technology Integration,http://www.eti-fl.com/,eti-fl.com,,,,Tampa,FL,US,33607
The Smarter Handyman,http://www.smarterhandyman.org/,smarterhandyman.org,,,,Riverview,FL,US,33579
Synergy Florida,http://www.synergyfl.com/,synergyfl.com,,,,Tampa,FL,US,33619
"Flash Security Integrators Tampa, FL",https://flashsecurity.com/,flashsecurity.com,,,,Tampa,FL,US,33609
TecDivine Business Solutions LLC,http://www.tecdivine.com/,tecdivine.com,,,,Wimauma,FL,US,33598
SafeTouch Security Systems Orlando,https://safetouch.com/location/orlando/?utm_source=google&utm_medium=organic&utm_campaign=gmb&utm_content=orlando,safetouch.com,,,,Casselberry,FL,US,32707
American Home Cinemas,https://americanhomecinemas.com/,americanhomecinemas.com,,,,Lutz,FL,US,33549
HomeFirst-A Home Automation Company,http://www.homefirst.io/,homefirst.io,,,,Orlando,FL,US,32835
Mr. Electric of San Antonio,https://mrelectric.com/san-antonio/?cid=LSTL_MRE000196&utm_source=gmb&utm_campaign=local&utm_medium=organic,mrelectric.com,,,,San Antonio,TX,US,78249
Florida Smart Homes,http://www.floridasmarthomes.org/,floridasmarthomes.org,,,,Winter Garden,FL,US,34787
Automation Personnel Services,https://apstemps.com/branch-tampa-fl/,apstemps.com,,,,Tampa,FL,US,33614
Lightstyle Florida,https://lightstylefl.com/,lightstylefl.com,,,,Tampa,FL,US,33629
Sunset Lighting Design,https://sunsetlightingdesign.com/?srsltid=AfmBOor3y3Zoz_9dByJ-eLZyZFQoKoaH5Za5u23FSH9g3EJsmEdi4xBi,sunsetlightingdesign.com,,,,Tampa,FL,US,33624
AMP Lighting,http://amplighting.com/,amplighting.com,,,,Lutz,FL,US,33549
Entertainment Pros Inc,https://www.entertainment-pros.com/,entertainment-pros.com,,,,Clearwater,FL,US,33761
Rob the Brit Home Theaters Inc,https://rob-the-brit-home-theaters-inc.business.site/?utm_source=gmb&utm_medium=referral,rob-the-brit-home-theaters-inc.business.site,,,,Odessa,FL,US,33556
Home Theater and Audio Video Services by Frequencies,https://frequenciesusa.com/,frequenciesusa.com,,,,Odessa,FL,US,33556
Music and Cinema,http://www.musicandcinema.com/,musicandcinema.com,,,,Palm Harbor,FL,US,34684
"Sonos Speaker Tech, Inc.",http://speakertechinc.com/?utm_source=gmb&utm_medium=referral,speakertechinc.com,,,,Tampa,FL,US,33629
Florida Home Theaters llc,http://www.floridahometheaters.com/,floridahometheaters.com,,,,Orlando,FL,US,32809
OTS Home Theater,https://www.otsmobileaudio.com/home-audio/,otsmobileaudio.com,,,,Oldsmar,FL,US,34677
Home Theater Pros,https://hometheaterpros.com/orlando/?utm_source=gbp&utm_medium=organic&utm_campaign=orlando,hometheaterpros.com,,,,Orlando,FL,US,32801
Attic Rat Inc Custom Cabling,https://atticratusa.com/,atticratusa.com,,,,Palm Harbor,FL,US,34683
DV Home Theater,http://www.dvht.com/,dvht.com,,,,Tampa,FL,US,33606
Home Technology Solutions,http://www.htscompanies.com/,htscompanies.com,,,,Charlotte,NC,US,28270
Connextec,https://www.connextec.com/?utm_source=GBP&utm_medium=GBP-Profile&utm_campaign=GBP-Organic,connextec.com,,,,Charlotte,NC,US,28273
Easy Living Technologies,https://easylivingtechnologies.com/,easylivingtechnologies.com,,,,Kannapolis,NC,US,28081
INSIGHT AUTOMATION,http://insight-auto.com/,insight-auto.com,,,,Charlotte,NC,US,28208
Carolina Custom Automation,https://ccasecure.com/?utm_source=google&utm_medium=organic&utm_campaign=gbp&utm_content=website_button,ccasecure.com,,,,Fort Mill,SC,US,29708
CO-DA,http://co-da.com/,co-da.com,,,,Indian Trail,NC,US,28079
AVA Technologies,http://www.ava-nc.com/,ava-nc.com,,,,Indian Trail,NC,US,28079
Bright Audio Video,http://brightaudiovideo.com/,brightaudiovideo.com,,,,Pineville,NC,US,28134
365 PRO AudioVideo,https://365proav.com/,365proav.com,,,,Charlotte,NC,US,28202
Clean Installs,http://cleaninstalls.com/,cleaninstalls.com,,,,Concord,NC,US,28027
Automated AV,https://www.automatedavnc.com/,automatedavnc.com,,,,Huntersville,NC,US,28078
Top Tier Security Solutions,https://www.toptier-securitysolutions.com/,toptier-securitysolutions.com,,,,Charlotte,NC,US,28217
Immersive Home Technology,http://www.immersivehometech.com/,immersivehometech.com,,,,Sherrills Ford,NC,US,28673
Interactive Interiors,http://www.interactiveinteriors-av.com/,interactiveinteriors-av.com,,,,Denver,NC,US,28037
Safe Home Security Charlotte,http://safehomesecuritycharlotte.com/,safehomesecuritycharlotte.com,,,,Charlotte,NC,US,28216
F5 Security & Automation,,,,,,Charlotte,NC,US,28208
Home Theater Solutions,http://www.htscarolinas.com/,htscarolinas.com,,,,Charlotte,NC,US,28206
Rovira Enterprise,https://roviraenterprise.com/,roviraenterprise.com,,,,Charlotte,NC,US,28262
UTD Technology,https://www.utdtech.com/,utdtech.com,,,,Indian Trail,NC,US,28079
TV Mounting,,,,,,Charlotte,NC,US,28217
AVgator Inc,https://www.avgator.com/,avgator.com,,,,Charlotte,NC,US,28210
AVD Pros,https://www.audiovideodata.com/,audiovideodata.com,,,,Fort Mill,SC,US,29708
KS Audio Video,https://www.ksaudiovideo.com/,ksaudiovideo.com,,,,Cornelius,NC,US,28031
Martin Taylor,https://www.techliterati.com/,techliterati.com,,,,Charlotte,NC,US,28273
Automation Technology Inc.,https://automationtechnologyinc.com/,automationtechnologyinc.com,,,,Concord,NC,US,28025
CATJACKS LLC,http://getcatjacks.com/,getcatjacks.com,,,,Charlotte,NC,US,28212
CPI Security Systems,https://cpisecurity.com/locations/north-carolina/charlotte/?utm_source=google&utm_medium=organic&utm_campaign=GMB,cpisecurity.com,,,,Charlotte,NC,US,28273
Sound Advice,https://soundadvice.com/,soundadvice.com,,,,Charlotte,NC,US,28203
Weave Automation,https://weave.technology/,weave.technology,,,,Charlotte,NC,US,28209
Tronic Integration LLC,http://www.tronicintegration.com/,tronicintegration.com,,,,Apex,NC,US,27502
Lighting & Bulbs Unlimited,https://lightingandbulbsunlimited.com/?utm_source=google-my-business&utm_medium=website-button&utm_campaign=gmb,lightingandbulbsunlimited.com,,,,Charlotte,NC,US,28205
Level Up Tailored Window Coverings,https://www.levelupcharlotte.com/,levelupcharlotte.com,,,,Charlotte,NC,US,28277
Lee Lighting Distribution Center (Not Open to Public),http://leelighting.com/,leelighting.com,,,,Charlotte,NC,US,28269
Audio Advice,http://www.audioadvice.com/,audioadvice.com,,,,Pineville,NC,US,28134
SoundVision LLC Audio Video Shades,http://www.svavnc.com/,svavnc.com,,,,Mooresville,NC,US,28117
Audio Video Specialties,http://www.avspecialties.net/,avspecialties.net,,,,Charlotte,NC,US,28217
Unique Audio Video Solutions llc,http://www.uavsllc.com/,uavsllc.com,,,,Dallas,NC,US,28034
Mounts That Count,https://mountsthatcount.com/,mountsthatcount.com,,,,Charlotte,NC,US,28216
Premiere Home Theater,http://www.hometheatercharlotte.com/,hometheatercharlotte.com,,,,Cornelius,NC,US,28031
TV MOUNT TEAM LLC,http://www.tvmountteam.com/,tvmountteam.com,,,,Charlotte,NC,US,28203
integrated Audio Video,https://www.integratedarchitech.com/?utm_source=google&utm_medium=wix_google_business_profile&utm_campaign=10476124847405673533,integratedarchitech.com,,,,Charlotte,NC,US,28273
DKR AUDIO & VIDEO,https://dkraudio7.wixsite.com/my-vxw-site-9ebbcl,dkraudio7.wixsite.com,,,,Charlotte,NC,US,28211
Custom House Home Entertainment,http://www.customhousetechnology.com/,customhousetechnology.com,,,,Charlotte,NC,US,28217
Clarity Sight Sound Design,http://www.clarityssd.com/,clarityssd.com,,,,Charlotte,NC,US,28205
Breiding Electronics,https://breidingelectronics.com/,breidingelectronics.com,,,,Charlotte,NC,US,28211
Carolina Custom Sound,https://www.carolinacustomsound.com/locations/clemmons,carolinacustomsound.com,,,,Clemmons,NC,US,27012
ATX Automations LLC,https://atxautomations.com/,atxautomations.com,,,,Austin,TX,US,78702
AV Connect Smart Home Automation of Austin,https://www.avconnectonline.com/?utm_source=google&utm_medium=organic&utm_campaign=digital_domination_gbp,avconnectonline.com,,,,Austin,TX,US,78757
Homeva,http://www.thehomeva.com/,thehomeva.com,,,,Austin,TX,US,78757
Austin Home Systems,https://austinhomesystems.com/,austinhomesystems.com,,,,Austin,TX,US,78756
Total Home Technologies,https://www.totalhometx.com/,totalhometx.com,,,,Austin,TX,US,78757
Bennett Technologies,https://gobentec.com/,gobentec.com,,,,Cedar Park,TX,US,78613
ATXSmartHomes,https://www.atxsmarthomes.com/,atxsmarthomes.com,,,,Austin,TX,US,78701
HAAS Home Technologies,https://www.haasht.com/,haasht.com,,,,Austin,TX,US,78702
PLURfect Smart Home Innovations,https://www.plurinnovate.com/,plurinnovate.com,,,,Round Rock,TX,US,78665
Xtreme Home Security,,,,,,Austin,TX,US,78723
Macauley Technologies,http://macauleytechnologies.com/,macauleytechnologies.com,,,,Austin,TX,US,78758
SmartHauz,http://smarthauz.me/,smarthauz.me,,,,Austin,TX,US,78701
Benny’s Home Tech Solutions LLC,https://bennyshometechsolutions.com/,bennyshometechsolutions.com,,,,Austin,TX,US,78731
Monarch Technologies,https://www.monarchtechtx.com/,monarchtechtx.com,,,,Austin,TX,US,78738
Digital AVenue,https://www.digitalavenue.us/,digitalavenue.us,,,,Austin,TX,US,78757
"Next Electronic Systems, Inc.",https://nextav.com/,nextav.com,,,,Lakeway,TX,US,78734
All Star Home Security and Alarm Austin,https://allstarsecurity.com/,allstarsecurity.com,,,,Austin,TX,US,78751
TJK Security & Automation,https://tjksecurity.com/,tjksecurity.com,,,,Liberty Hill,TX,US,78642
AV Automation,http://www.avautomation.com/,avautomation.com,,,,Lakeway,TX,US,78734
mero CONCEPTS,https://www.meroconcepts.com/,meroconcepts.com,,,,Cedar Park,TX,US,78613
Chorus Security,https://callchorus.com/locations/san-antonio-tx-home-security/?utm_source=google&utm_medium=gmb&utm_campaign=sat_home_security,callchorus.com,,,,San Antonio,TX,US,78216
Securimax Inc.,https://www.securimaxinc.com/,securimaxinc.com,,,,Hutto,TX,US,78634
Texagreen Home Automation,,,,,,Austin,TX,US,78704
Austin Home Automation,https://homeautomationaustin.com/contact-us/,homeautomationaustin.com,,,,Austin,TX,US,78757
"Waterloo Integrations, LLC",https://waterloointegrations.org/,waterloointegrations.org,,,,Austin,TX,US,78759
AAA Control,https://goaaacontrol.com/,goaaacontrol.com,,,,Austin,TX,US,78704
"Maestro Integrations, LLC",http://maestrointegrations.com/,maestrointegrations.com,,,,Austin,TX,US,78758
Lutron Ketra,https://www.ketra.com/,ketra.com,,,,Austin,TX,US,78741
"Lutron,INC. ADC",,,,,,Austin,TX,US,78744
Hifi Install,http://www.hifiinstall.com/,hifiinstall.com,,,,Austin,TX,US,78703
Bat City TV,https://batcitytv.com/,batcitytv.com,,,,Austin,TX,US,78752
Professional TV Mounting,https://www.professionaltvmounting.com/,professionaltvmounting.com,,,,Austin,TX,US,78749
ATX TV Mounting,http://atxtvmounting.com/,atxtvmounting.com,,,,Austin,TX,US,78701
Lava Handyman (TV Mounting and Art installation),https://lavahandyman.com/,lavahandyman.com,,,,Austin,TX,US,78757
A&B TV,https://www.abtvaustin.com/contacts,abtvaustin.com,,,,Austin,TX,US,78757
Origin HiFi,https://originhifi.com/,originhifi.com,,,,Austin,TX,US,78729
BOND'S Television & Electronics,http://www.bondstv.com/,bondstv.com,,,,Austin,TX,US,78703
Tv Mounting Austin,http://tvmountingaustin.com/,tvmountingaustin.com,,,,Austin,TX,US,78745
Sound Sanctuary Austin,https://www.soundsanctuaryaustin.com/,soundsanctuaryaustin.com,,,,Austin,TX,US,78738
Orlando Home Automation,https://orlandohomeautomation.com/,orlandohomeautomation.com,,,,Lady Lake,FL,US,32159
Innovation Systems,http://www.innovationsystemsfl.com/,innovationsystemsfl.com,,,,Orlando,FL,US,32808
Px Solutions,https://rymaps.org/business/px-solutions-734t5p,rymaps.org,,,,Orlando,FL,US,32801
Electronic Pros,https://www.electronicpros.net/,electronicpros.net,,,,Orlando,FL,US,32829
Wave Media Systems LLC,https://www.wavemediasystems.com/,wavemediasystems.com,,,,Orlando,FL,US,32808
Above & Beyond A/V,https://www.aboveandbeyondav.com/,aboveandbeyondav.com,,,,Winter Garden,FL,US,34787
Mid florida entry automation,,,,,,Chuluota,FL,US,32766
Future Home Integration,https://futurehomeintegration.com/?utm_source=googlebusinessprofile&utm_medium=organic,futurehomeintegration.com,,,,Oakland,FL,US,34787
"1 Stop Total Solutions- AI Security, Smart Home & Electric Contractor",https://1stoptotalsolutions.com/,1stoptotalsolutions.com,,,,Orlando,FL,US,32809
Fam Tech Media,http://www.famtechmedia.com/,famtechmedia.com,,,,Orlando,FL,US,32828
Evolution AV,http://www.evo-av.com/,evo-av.com,,,,Orlando,FL,US,32811
ECCAM CORP,https://www.eccamcorp.com/,eccamcorp.com,,,,Orlando,FL,US,32828
Definitive Electronics,https://definitiveelectronics.com/,definitiveelectronics.com,,,,Jupiter,FL,US,33458
Premier automated access,,,,,,Orlando,FL,US,32827
Galaxy Lighting Supply,,,,,,Orlando,FL,US,32806
Link Outdoor Lighting (Orlando),http://www.linkoutdoorlighting.com/,linkoutdoorlighting.com,,,,Altamonte Springs,FL,US,32701
Incon Lighting,http://www.inconlighting.com/,inconlighting.com,,,,Sanford,FL,US,32773
We Mount TVs,http://wemounttvs.com/,wemounttvs.com,,,,Orlando,FL,US,32801
TVPRO mounting,https://tvpromounting.com/,tvpromounting.com,,,,Orlando,FL,US,32835
"DTV MOUNTING, LLC",https://www.dtvmountingflorida.com/,dtvmountingflorida.com,,,,Orlando,FL,US,32801
"GetConnected AV, Inc.",https://getconnectedav.com/,getconnectedav.com,,,,Orlando,FL,US,32806
Altitude Fidelity,https://www.altitudefidelity.com/,altitudefidelity.com,,,,Orlando,FL,US,32829
EC Ultimate tech,http://www.ecultimatetech.com/,ecultimatetech.com,,,,Apopka,FL,US,32703
HSS Custom AV,http://www.hsscustomav.com/,hsscustomav.com,,,,Orlando,FL,US,32811
Audio Excellence,http://audioexcellencecfl.com/,audioexcellencecfl.com,,,,Orlando,FL,US,32807
Orlando Home Theater Installation,http://ihtflorida.com/contact.html,ihtflorida.com,,,,Orlando,FL,US,32804
Home Theater Design,,,,,,Orlando,FL,US,32804
Amg Elite LLC,,,,,,San Jose,CA,US,95112
Immediate Solutions YJ,,,,,,San Jose,CA,US,95110
cg wiring and integrators inc,http://cgwiring.com/about-us/why-hire-us/,cgwiring.com,,,,San Jose,CA,US,95110
Wallpaper Hanging Mayfair,https://wall-vision-atelier-mayfair.online/,wall-vision-atelier-mayfair.online,,,,San Jose,CA,US,95116
"Cisco Systems, Inc.",http://www.cisco.com/,cisco.com,,,,San Jose,CA,US,95134
Wired Integrations Inc,https://wiredint.com/,wiredint.com,,,,San Jose,CA,US,95110
Hi-Tech AV,http://www.hi-techav.com/,hi-techav.com,,,,San Jose,CA,US,95125
CCIntegration,http://www.ccintegration.com/,ccintegration.com,,,,San Jose,CA,US,95131
Lemon Remodeling & Services INC,https://lemonremodeling.com/,lemonremodeling.com,,,,San Jose,CA,US,95110
IT Construction,http://itconstructionpros.com/,itconstructionpros.com,,,,San Jose,CA,US,95123
offthegridit,https://offthegridit.com/,offthegridit.com,,,,San Jose,CA,US,95110
"Borges Security Systems, Inc.",http://www.borgessecurity.com/,borgessecurity.com,,,,San Jose,CA,US,95127
INFINITI SOLUTIONS,http://www.infinitisolutions.com/,infinitisolutions.com,,,,San Jose,CA,US,95134
TransfHome,http://www.transfhome.com/,transfhome.com,,,,San Jose,CA,US,95113
"Alkira, Inc.",https://www.alkira.com/,alkira.com,,,,San Jose,CA,US,95110
NextLevel Production Services,https://www.nextlevelproductionservices.com/,nextlevelproductionservices.com,,,,San Jose,CA,US,95112
Pro Electric Solution,https://www.proelectricsolution.com/,proelectricsolution.com,,,,San Jose,CA,US,95117
Teletron,https://teletronusa.com/,teletronusa.com,,,,San Jose,CA,US,95122
Audio Video Evolution,https://www.audiovideoevolution.net/,audiovideoevolution.net,,,,Campbell,CA,US,95008
Modern Wiring,https://www.modernwiring.com/,modernwiring.com,,,,Scotts Valley,CA,US,95066
Pro Audio World,,,,,,San Jose,CA,US,95128
Blue Lake Home Theater,http://bluelakehometheater.com/,bluelakehometheater.com,,,,Markleeville,CA,US,96120
Guru Electronics Car Audio,http://caraudioguru.com/,caraudioguru.com,,,,San Jose,CA,US,95112
True Sound,https://www.tsound.com/,tsound.com,,,,Campbell,CA,US,95008
Royal Electronics,,,,,,San Jose,CA,US,95112
Sound Systems Plus,https://www.soundsystemsaplus.com/,soundsystemsaplus.com,,,,San Jose,CA,US,95127
JJ Car Audio & Security,,,,,,San Jose,CA,US,95122
California TV Stereo,,,,,,San Jose,CA,US,95112
San Jose AV Rentals,http://www.sanjoseavrentals.com/,sanjoseavrentals.com,,,,San Jose,CA,US,95112
Custom Car Audio,,,,,,San Jose,CA,US,95125
California Theatre,https://sanjosetheaters.org/theaters/california-theatre/,sanjosetheaters.org,,,,San Jose,CA,US,95113
Smart Tech Solutions,http://wearesmarttech.com/,wearesmarttech.com,,,,Nashville,TN,US,37210
Audilux,https://audilux.co/,audilux.co,,,,Nashville,TN,US,37209
Wolf Hill Technologies,https://wolfhilltechnologies.com/,wolfhilltechnologies.com,,,,Nashville,TN,US,37217
Nashville Security Camera Installation LLC,https://nashvillesecuritycamerainstallation.com/,nashvillesecuritycamerainstallation.com,,,,Brentwood,TN,US,37027
Briggs A/V Solutions,https://briggsavsolutions.com/,briggsavsolutions.com,,,,Nashville,TN,US,37203
Security First Home Integration,https://www.smartwiring247.com/,smartwiring247.com,,,,Smyrna,TN,US,37167
Symspire,http://symspire.com/,symspire.com,,,,Brentwood,TN,US,37027
Audio Video Experience,https://av-experience.com/,av-experience.com,,,,Brentwood,TN,US,37027
INTELLIHOME,http://intellihome-tn.com/,intellihome-tn.com,,,,Nashville,TN,US,37211
"Cobb Home Innovations,LLC/ Smart Home,Home Theater,Electronics",http://www.cobbhomeinnovations.com/,cobbhomeinnovations.com,,,,Woodbury,TN,US,37190
PAVE LLC (Professional Audio Video Engineering),https://www.proave.com/,proave.com,,,,Nashville,TN,US,37204
NCA Alarms,http://www.nca-alarms.com/,nca-alarms.com,,,,Nashville,TN,US,37209
Open Source Controls,https://www.opensourcecontrols.com/contact/,opensourcecontrols.com,,,,Nashville,TN,US,37211
Matson Alarm Of Tennessee,http://matsonalarmtn.com/,matsonalarmtn.com,,,,Franklin,TN,US,37067
Spring Automation,https://springautomation.com/,springautomation.com,,,,Nashville,TN,US,37204
Integrated Mulimedia Systems Inc,http://www.imsi.us/,imsi.us,,,,Nashville,TN,US,37222
Hifi Buys Nashville,https://www.hifibuysnashville.com/contacts,hifibuysnashville.com,,,,Nashville,TN,US,37211
Budget Blinds of North Nashville,https://budgetblinds.com/northnashville/?utm_source=gbp&utm_medium=listing&utm_campaign=lam-listing-gbp-sf,budgetblinds.com,,,,Nashville,TN,US,37211
Lighting for Less,https://lightingforless.com/,lightingforless.com,,,,Nashville,TN,US,37204
Contractors Choice Electric,https://contractorschoiceelectric.com/,contractorschoiceelectric.com,,,,Nashville,TN,US,37211
Nashville TV Mounting,http://nashvillemounts.com/,nashvillemounts.com,,,,Brentwood,TN,US,37027
Theater Leaders,http://www.theaterleaders.com/,theaterleaders.com,,,,Franklin,TN,US,37064
Mountintv’s,,,,,,Nashville,TN,US,37207
Fortis Audio,http://www.fortisaudio.com/,fortisaudio.com,,,,Dickson,TN,US,37055
Brian's Custom Theaters & Hi-Fi,http://www.brianscustomtheaters.com/,brianscustomtheaters.com,,,,Nashville,TN,US,37205
Island Sight and Sound,http://islandsightandsound.com/,islandsightandsound.com,,,,Brentwood,TN,US,37027
Gestalt Audio Design,https://gestalt.audio/,gestalt.audio,,,,Nashville,TN,US,37209
Powers Custom Home Theater,http://powerscustomhometheater.com/,powerscustomhometheater.com,,,,Portland,TN,US,37148
Mega Sound,https://www.megasoundnashville.com/,megasoundnashville.com,,,,Nashville,TN,US,37211
Spectrum Sound Inc.,https://www.spectrumsound.net/,spectrumsound.net,,,,Nashville,TN,US,37210
Electronic Express,https://www.electronicexpress.com/stores/11/100-oaks-mall?utm_source=google&utm_medium=gmb&utm_campaign=store_11,electronicexpress.com,,,,Nashville,TN,US,37204
Naffah Tech Solutions LLC,https://naffahtechsolutions.com/,naffahtechsolutions.com,,,,Henderson,NV,US,89015
Turning Point Technologies,https://www.turningpointtechnology.net/,turningpointtechnology.net,,,,North Las Vegas,NV,US,89030
Elite A/V,https://www.hometheater.vegas/contacts,hometheater.vegas,,,,Las Vegas,NV,US,89103
Pro Audio Home Theater Installation,https://proaudiohometheaterinstallation.com/,proaudiohometheaterinstallation.com,,,,Las Vegas,NV,US,89119
HomeTronic,https://www.hometroniclv.com/,hometroniclv.com,,,,Las Vegas,NV,US,89108
All in One Las Vegas TV Mounting & Home Theater,https://allinonelasvegas.com/,allinonelasvegas.com,,,,Las Vegas,NV,US,89131
LANCELOT Security AV Automation,http://mylancelot.com/,mylancelot.com,,,,Las Vegas,NV,US,89120
Acoustic Design Systems,https://acousticdesignlv.com/,acousticdesignlv.com,,,,Las Vegas,NV,US,89139
"ETIGroup Audio Video, Home Automation",https://www.etigroupav.com/,etigroupav.com,,,,North Las Vegas,NV,US,89031
Eagle Sentry,https://www.eaglesentry.com/,eaglesentry.com,,,,Las Vegas,NV,US,89120
Progressive Smart Homes,https://progressivesmarthomes.com/,progressivesmarthomes.com,,,,Las Vegas,NV,US,89118
Pegasus Low Voltage,https://www.pegasuslv.com/,pegasuslv.com,,,,Las Vegas,NV,US,89108
Premiere A/V Integration,http://www.premierelv.com/,premierelv.com,,,,Las Vegas,NV,US,89148
EM System Integrators,https://emintegrators.com/,emintegrators.com,,,,Las Vegas,NV,US,89102
Sturdy Hands AV & Integration Solutions,http://www.sturdyhandslv.com/,sturdyhandslv.com,,,,Las Vegas,NV,US,89131
The Wolf AV,http://thewolfav.com/,thewolfav.com,,,,Las Vegas,NV,US,89118
Millennium Systems & Integrations,http://www.msilv.com/,msilv.com,,,,Las Vegas,NV,US,89149
Audio Integrations Inc,http://www.audiointegrations.com/,audiointegrations.com,,,,Las Vegas,NV,US,89113
Tech Solutions US,https://www.techsolutionsus.net/,techsolutionsus.net,,,,Las Vegas,NV,US,89118
Access Control Technologies,http://www.accesscontrol.tech/,accesscontrol.tech,,,,Las Vegas,NV,US,89128
Mounting Vegas,http://www.mountingvegas.com/,mountingvegas.com,,,,Las Vegas,NV,US,89103
Premiertek Solutions LLC,https://premierteksolutions.com/,premierteksolutions.com,,,,Las Vegas,NV,US,89120
AV Luxury Group,https://www.avluxurygroup.com/,avluxurygroup.com,,,,Las Vegas,NV,US,89135
Safe and Secure Alarms and Video,https://safeandsecurealarms.net/?utm_campaign=gmb,safeandsecurealarms.net,,,,Las Vegas,NV,US,89145
Luxury Electronics Inc.,http://www.luxuryelectronicsinc.com/,luxuryelectronicsinc.com,,,,Las Vegas,NV,US,89118
Vivint,https://www.vivint.com/locations/texas/san-antonio?exid=204445&tfn=210.996.2368,vivint.com,,,,San Antonio,TX,US,78256
Lutron Electronics Co,,,,,,Las Vegas,NV,US,89118
STUDS TV MOUNTING SERVICES,https://studstvmountinglasvegas.com/,studstvmountinglasvegas.com,,,,North Las Vegas,NV,US,89032
Immersive AV,https://www.immersive.vegas/,immersive.vegas,,,,Las Vegas,NV,US,89103
Over The Top Mounts,http://www.overthetopmounts.com/,overthetopmounts.com,,,,Las Vegas,NV,US,89108
Expert Smart Homes,http://www.expertsmarthomes.com/,expertsmarthomes.com,,,,Vancouver,WA,US,98662
Velara,http://www.experiencevelara.com/,experiencevelara.com,,,,Clackamas,OR,US,97015
NetworksPDX,https://www.networkspdx.com/,networkspdx.com,,,,Milwaukie,OR,US,97222
Elite Home Audio Visual,http://eliteportland.com/,eliteportland.com,,,,Beaverton,OR,US,97078
Pro Tech Solutions,http://protechpdx.com/,protechpdx.com,,,,Beaverton,OR,US,97008
Evolved Home,http://www.evolved-home.com/,evolved-home.com,,,,Milwaukie,OR,US,97222
Wolf AV,https://wolfav.com/,wolfav.com,,,,Camas,WA,US,98607
Tekology Inc.,http://www.tekologyinc.com/,tekologyinc.com,,,,Beaverton,OR,US,97008
Sarkinen Electrical,https://sarkinenelectrical.com/,sarkinenelectrical.com,,,,Vancouver,WA,US,98665
"Current Home Technologies, llc",http://www.currenthometechnologies.com/,currenthometechnologies.com,,,,Vancouver,WA,US,98660
Lupen Systems,http://www.lupensystems.com/,lupensystems.com,,,,Portland,OR,US,97217
"Prime Integration Systems, Inc",https://www.primeintegrationsystems.com/,primeintegrationsystems.com,,,,Portland,OR,US,97236
Automated Dreams,,,,,,Portland,OR,US,97214
Myriad Home Entertainment Solutions,http://www.myriadhes.com/,myriadhes.com,,,,West Linn,OR,US,97068
"AK Systems, LLC",https://ak.systems/,ak.systems,,,,Portland,OR,US,97229
"Technology First, LLC",https://www.technologyfirstllcportland.com/,technologyfirstllcportland.com,,,,Portland,OR,US,97211
Hook Me Up Solutions,http://www.hookmeupsolutions.com/,hookmeupsolutions.com,,,,Beaverton,OR,US,97006
Homesafe Living Solutions,http://homesafelivingsolutions.com/,homesafelivingsolutions.com,,,,Damascus,OR,US,97089
Young Electric LLC,https://youngelectricco.com/?utm_source=google&utm_medium=organic&utm_campaign=portland-gbp-main,youngelectricco.com,,,,Portland,OR,US,97225
Phillips Alarm,http://www.phillipsalarm.com/,phillipsalarm.com,,,,Portland,OR,US,97219
Quality Install,https://quality-install.com/,quality-install.com,,,,Oregon City,OR,US,97045
Fred's Sound Of Music Audio Video Inc.,http://www.fredsoundofmusic.com/,fredsoundofmusic.com,,,,Portland,OR,US,97214
Central Electronic Alarm Inc,http://www.centralelectronicalarm.com/,centralelectronicalarm.com,,,,Portland,OR,US,97216
Sera Custom Integrators,https://www.seracustomintegrators.com/,seracustomintegrators.com,,,,Bend,OR,US,97702
People's AV Company,http://www.peoplesav.com/,peoplesav.com,,,,Portland,OR,US,97214
Chelsea Audio Video,http://www.chelseaaudiovideo.com/,chelseaaudiovideo.com,,,,Portland,OR,US,97223
Allison Smith Design,http://www.allisonsmithdesign.com/,allisonsmithdesign.com,,,,Portland,OR,US,97239
Zidy,http://www.zidy.com/,zidy.com,,,,Portland,OR,US,97214
Oregon Outdoor Lighting,http://www.oregonoutdoorlighting.com/,oregonoutdoorlighting.com,,,,Oregon City,OR,US,97045
Lounge Lizard,http://www.pdxloungelizard.com/,pdxloungelizard.com,,,,Portland,OR,US,97214
Pearl Audio,http://www.pearlaudio.com/,pearlaudio.com,,,,Portland,OR,US,97209
Accend Audio,https://www.accendaudio.com/,accendaudio.com,,,,Portland,OR,US,97215
True Audiophile,https://trueaudiophile.com/,trueaudiophile.com,,,,Portland,OR,US,97212
Echo Audio,http://www.echohifi.com/,echohifi.com,,,,Portland,OR,US,97221
Audio Specialties,,,,,,Portland,OR,US,97220
AV Awakenings,https://avawakenings.com/,avawakenings.com,,,,Lake Oswego,OR,US,97034
Stereotypes Audio,http://stereotypesaudio.com/,stereotypesaudio.com,,,,Portland,OR,US,97214
Seamless Event Solutions,http://www.seamlessevents.com/,seamlessevents.com,,,,Portland,OR,US,97214
Pro Sound & Lighting,http://www.prosoundonline.com/,prosoundonline.com,,,,Portland,OR,US,97214
316 Security & Home Automation,http://www.316security.com/,316security.com,,,,San Antonio,TX,US,78251
Alamo Smart Home,https://www.alamosmarthome.com/,alamosmarthome.com,,,,San Antonio,TX,US,78216
APEX Smart Home,https://www.getapexsmart.com/,getapexsmart.com,,,,San Antonio,TX,US,78229
"ETech Integration, LLC",http://www.etechintegration.com/,etechintegration.com,,,,San Antonio,TX,US,78216
Technical Services Group of San Antonio,http://www.tsgsan.com/,tsgsan.com,,,,San Antonio,TX,US,78232
Bjorn's Audio Video,https://www.bjorns.com/contacts,bjorns.com,,,,San Antonio,TX,US,78232
Advanced Homes,https://advancedhomestx.com/,advancedhomestx.com,,,,San Antonio,TX,US,78229
System Works Inc,http://systemworkshometheatre.com/,systemworkshometheatre.com,,,,Helotes,TX,US,78023
Texas Media Experts,https://www.texasmediaexperts.com/,texasmediaexperts.com,,,,San Antonio,TX,US,78216
MR Home Automation,http://www.mrhomeav.com/,mrhomeav.com,,,,Kerrville,TX,US,78028
Alarm Consult,https://alarmconsult.com/,alarmconsult.com,,,,San Antonio,TX,US,78258
Home Technology Group,http://www.satheater.com/,satheater.com,,,,San Antonio,TX,US,78216
JEAtech Solutions,,,,,,San Antonio,TX,US,78254
"Automation Designs, Inc.",http://automationdesignsinc.com/,automationdesignsinc.com,,,,San Marcos,TX,US,78666
"Home on a Hill.LLC Lighting, Electric services & Home Automation",https://www.homeonahillsa.com/,homeonahillsa.com,,,,San Antonio,TX,US,78256
TCL Tech Solutions,https://tcltechsolutions.com/,tcltechsolutions.com,,,,San Antonio,TX,US,78254
Rue Technologies,http://ruetechnologies.com/,ruetechnologies.com,,,,San Antonio,TX,US,78258
Dominion Design and Integration,http://www.dominiontx.com/,dominiontx.com,,,,San Antonio,TX,US,78249
H3 Automation & Controls LLC,http://h3automationcontrols.com/,h3automationcontrols.com,,,,San Antonio,TX,US,78233
Accurate Automation and Controls,https://www.aac-tx.com/,aac-tx.com,,,,San Antonio,TX,US,78217
HomeTechAV,,,,,,San Antonio,TX,US,78209
San Antonio Alarm Company Inc.,http://sanantonioalarmcompany.com/,sanantonioalarmcompany.com,,,,San Antonio,TX,US,78232
Revamped Security,http://www.revampedsecurity.com/,revampedsecurity.com,,,,San Antonio,TX,US,78230
TV On The Wall,http://tvonthewall.com/,tvonthewall.com,,,,San Antonio,TX,US,78251
Fort Knox Home Security and Alarm San Antonio,https://www.fortknoxhomesecurity.com/san-antonio,fortknoxhomesecurity.com,,,,San Antonio,TX,US,78217
JV Solutions TX LLC,http://www.jvsolutionstx.com/,jvsolutionstx.com,,,,San Antonio,TX,US,78203
LAW Security,https://www.lawsecurity.com/,lawsecurity.com,,,,San Antonio,TX,US,78230
CG Smart Home,https://www.cgsmarthome.com/,cgsmarthome.com,,,,San Antonio,TX,US,78216
Hunter Service Group,https://www.hunterservicegroup.com/service/electrical-repair/?utm_source=google&utm_medium=organic&utm_campaign=gmb_san_antonio,hunterservicegroup.com,,,,San Antonio,TX,US,78249
Home Pros for Texas,https://homepros4tx.com/,homepros4tx.com,,,,San Antonio,TX,US,78216
Turney Lighting & Electric,https://www.turneylighting.com/,turneylighting.com,,,,San Antonio,TX,US,78230
Lighting Inc.,https://lightinginc.com/,lightinginc.com,,,,San Antonio,TX,US,78248
Tower Electric,http://towerelectric.net/,towerelectric.net,,,,San Antonio,TX,US,78219
Pro TV Mounting & More!,,,,,,San Antonio,TX,US,78228
Mimis Audio & Video,http://sanantonioaudiovideo.com/,sanantonioaudiovideo.com,,,,San Antonio,TX,US,78216
Home Theater Installation,https://www.sanantoniohometheaterinstallationpros.com/about-us,sanantoniohometheaterinstallationpros.com,,,,San Antonio,TX,US,78212
Alamo TV Mounting Service,https://alamotvmountingservice.com/,alamotvmountingservice.com,,,,San Antonio,TX,US,78202
Extra Audio Video,,,,,,San Antonio,TX,US,78257
Audio Geeks,http://www.audiogeeks.com/,audiogeeks.com,,,,San Antonio,TX,US,78249
Direct Motion Technologies,http://www.directmotiontechnologies.com/,directmotiontechnologies.com,,,,San Antonio,TX,US,78205
MAS Audio,,,,,,San Antonio,TX,US,78228
The Sound Idea,,,,,,San Antonio,TX,US,78228
Miller AV & Automation,http://millerava.com/,millerava.com,,,,Fair Oaks,CA,US,95628
Republic Elite Integration,https://www.republiceliteintegration.com/,republiceliteintegration.com,,,,Sacramento,CA,US,95827
Phat Phlavas Ent LLC,http://phatphlavasent.com/tv-installation,phatphlavasent.com,,,,Sacramento,CA,US,95842
Liberty Bell Smart Home,http://www.lbsmarthome.com/,lbsmarthome.com,,,,Auburn,CA,US,95603
"Specialized Audio & Video, Inc.",https://specializedav.com/,specializedav.com,,,,Sacramento,CA,US,95814
Safe Security Solutions,,,,,,Sacramento,CA,US,95834
Home Security Experts,http://thehomesecurityexperts.com/,thehomesecurityexperts.com,,,,Sacramento,CA,US,95834
Zions Security Alarms,https://zionssecurity.com/california/?UTM_source=GBP_Listing&UTM_medium=Organic,zionssecurity.com,,,,Sacramento,CA,US,95833
Jetson Home,https://jetsonhome.com/us/ca/sacramento-central-heat-pump?utm_source=google&utm_medium=organic&utm_campaign=google-business-profile&utm_content=sacramento,jetsonhome.com,,,,West Sacramento,CA,US,95691
Paradyme for Home,https://www.paradyme.com/contact-us/,paradyme.com,,,,Sacramento,CA,US,95825
Bright Home Services,http://www.brighthomeusa.com/,brighthomeusa.com,,,,Roseville,CA,US,95746
MSM Home Solutions Inc,https://www.msmhomesolutions.com/,msmhomesolutions.com,,,,Sacramento,CA,US,95841
AAA Electrical Services,http://aaaes.com/?utm_source=google&utm_medium=organic&utm_campaign=gbp,aaaes.com,,,,Sacramento,CA,US,95815
Astro Security Monitoring,http://astrosecuritymonitoring.com/home,astrosecuritymonitoring.com,,,,Sacramento,CA,US,95822
RTV ELECTRONICS,http://rtvelectronics.com/,rtvelectronics.com,,,,Carmichael,CA,US,95608
Mr. Security Camera,https://mrsecuritycamera.com/,mrsecuritycamera.com,,,,Sacramento,CA,US,95834
TLC Tech,https://www.tlctech.com/?utm_source=gbp&utm_medium=gbp&utm_campaign=gbp_organic&utm_location=sacramento,tlctech.com,,,,Sacramento,CA,US,95864
OldTown Electric Inc.,https://oldtownelectricinc.com/,oldtownelectricinc.com,,,,Sacramento,CA,US,95814
Skyline Design Build Inc,https://skylinebuildinc.com/custom-home-builder/?utm_source=gmb&utm_campaign=north+highlands,skylinebuildinc.com,,,,North Highlands,CA,US,95660
EverLights,https://myeverlights.com/?utm_source=google&utm_medium=organic&utm_campaign=google-business-profile&utm_content=website-click-sacramento,myeverlights.com,,,,Sacramento,CA,US,95821
Lofings Lighting,http://www.lofingslighting.com/,lofingslighting.com,,,,Sacramento,CA,US,95816
Dream Home Entertainment,http://dreamhomeentertainment.net/,dreamhomeentertainment.net,,,,Lincoln,CA,US,95648
Dan's TV Mounting,https://danstvmounting.com/?ref=9b961f70,danstvmounting.com,,,,Orangevale,CA,US,95662
Arden Audio,http://www.ardenwayaudio.com/,ardenwayaudio.com,,,,Sacramento,CA,US,95825
IntegrateIT LLC,https://www.integrateit.tech/?utm_source=google&utm_medium=listings&utm_campaign=organic,integrateit.tech,,,,Overland Park,KS,US,66223
Kinkade,https://kinkadehome.com/?utm_source=google&utm_medium=organic&utm_campaign=gmb,kinkadehome.com,,,,Overland Park,KS,US,66214
Turn Key Solution 3D,https://www.turnkeysolution3d.com/,turnkeysolution3d.com,,,,Kansas City,MO,US,64111
Longwire,https://longwirekc.com/,longwirekc.com,,,,Olathe,KS,US,66061
Custom Connections LLC,http://customconnectionsav.com/,customconnectionsav.com,,,,Lee's Summit,MO,US,64086
Naturally Wired,http://www.naturallywiredkc.com/,naturallywiredkc.com,,,,Overland Park,KS,US,66085
Homedia Solutions,http://www.homediasolutions.com/,homediasolutions.com,,,,Shawnee,KS,US,66218
MAVi,http://mavi-systems.com/,mavi-systems.com,,,,Shawnee,KS,US,66227
Elevated Electronics,https://www.elevatedelectronics.com/,elevatedelectronics.com,,,,Overland Park,KS,US,66212
Automated Lifestyles,http://www.technologykc.com/,technologykc.com,,,,Kansas City,MO,US,64119
Denizen,http://www.denizenhome.com/,denizenhome.com,,,,Olathe,KS,US,66062
"Security Equipment, Inc.",http://seisecurity.com/contact-us/kansas-city-mo/?utm_source=localsearch&utm_medium=directory&utm_campaign=lso,seisecurity.com,,,,North Kansas City,MO,US,64116
"KC Tech Systems, LLC",http://kctechsystems.com/,kctechsystems.com,,,,Kansas City,MO,US,64153
Elite Automation,http://www.eliteautomate.com/,eliteautomate.com,,,,Overland Park,KS,US,66212
Modern Power & Control,https://www.modernpac.com/about-us/,modernpac.com,,,,Lenexa,KS,US,66215
Shield Security Systems,https://shieldkansascity.com/?utm_source=gbp&utm_medium=organic&utm_campaign=gbp-listing,shieldkansascity.com,,,,Overland Park,KS,US,66212
Audio Innovations Inc.,http://audioinnovationsinc.com/,audioinnovationsinc.com,,,,Kansas City,MO,US,64155
Current Solutions Electric,http://www.cse-kc.com/,cse-kc.com,,,,Kansas City,MO,US,64131
Jade Alarm Company,https://www.jadealarm.com/security-system-installer,jadealarm.com,,,,Kansas City,MO,US,64131
GENESYS Systems Integrator,http://www.genesyscorp.net/,genesyscorp.net,,,,Kansas City,MO,US,64132
Apex HomeTek,https://apexhometek.com/,apexhometek.com,,,,Kansas City,MO,US,64108
Integration Controls,http://integrationcontrols.com/,integrationcontrols.com,,,,St. Louis,MO,US,63127
ICT Home Pros,https://icthomepros.com/,icthomepros.com,,,,Kansas City,MO,US,64102
Vivint Smart Home KC,https://www.vivintsmarthomekc.com/,vivintsmarthomekc.com,,,,Kansas City,MO,US,64110
Watchmen Security Services,https://www.watchmenkc.com/,watchmenkc.com,,,,Raytown,MO,US,64133
Independent Home Solutions,https://kansascity.yourihs.com/?utm_source=google&utm_medium=organic&utm_campaign=gbp,kansascity.yourihs.com,,,,Kansas City,MO,US,64134
Xakia Technologies,https://www.xakiatech.com/?utm_source=google_mybusiness&utm_medium=organic&utm_campaign=main_us,xakiatech.com,,,,Kansas City,MO,US,64112
Teague iCtrl,http://www.teagueictrl.com/,teagueictrl.com,,,,Lenexa,KS,US,66215
Omnilife VR,http://www.omnilifevr.com/,omnilifevr.com,,,,North Kansas City,MO,US,64116
C.M. Mose & Son,https://www.cmmoseandson.com/,cmmoseandson.com,,,,Pleasant Valley,MO,US,64068
Metro Home Services KC Home Warranty,,,,,,Kansas City,MO,US,64134
Stand Strong Fencing of Parkville,https://www.standstrongfencing.com/parkville-mo/,standstrongfencing.com,,,,Riverside,MO,US,64150
NerdTech Ai,http://www.nerdtech.ai/,nerdtech.ai,,,,Independence,MO,US,64055
Kansas City Installers,http://www.kcofficeinstallers.com/,kcofficeinstallers.com,,,,Kansas City,MO,US,64109
Best Lighting & Accessories,http://bestlightingkc.com/,bestlightingkc.com,,,,Gladstone,MO,US,64119
Ascend Audio Video,https://ascendav.net/,ascendav.net,,,,Olathe,KS,US,66062
Will Will Do It,https://www.willwilldoit.com/?utm_source=google&utm_medium=wix_google_business_profile&utm_campaign=10324735646586894262,willwilldoit.com,,,,Kansas City,KS,US,66106
The Sound Environment,http://www.soundenvironment.com/,soundenvironment.com,,,,Kansas City,MO,US,64108
Independence Audio-Video,http://www.indepaudio.com/,indepaudio.com,,,,Independence,MO,US,64055
Easy Audio Rental & Video Walls,http://www.easyaudiorental.com/,easyaudiorental.com,,,,Olathe,KS,US,66062
Acvstica Audio,http://www.acvstica.com/,acvstica.com,,,,Kansas City,MO,US,64101
Smart House,https://smarthouseohio.com/,smarthouseohio.com,,,,Worthington,OH,US,43085
