companyname,companywebsite,companyemaildomain,linkedincompanypageurl,stocksymbol,industry,city,state,companycountry,zipcode
A Plus Security LLC,aplussecurity.com,aplussecurity.com,,,Consumer Electronics,Anchorage,Alaska,US,99507
Action Video Productions,actvid1.com,actvid1.com,,,Consumer Electronics,Anchorage,Alaska,US,99503
Alaskan Network Security,alaskansecurity.com,alaskansecurity.com,https://www.linkedin.com/company/alaskan-network-security-llc,,Consumer Electronics,Anchorage,Alaska,US,99503
Anchorage Remote Start and Sound,akremotestart.com,akremotestart.com,,,Consumer Electronics,Anchorage,Alaska,US,99501
"Applied Microsystems, Inc.",amicro.com,amicro.com,,,Consumer Electronics,Anchorage,Alaska,US,99503
"Cardoso Integrated Security, LLC",cisalaska.com,cisalaska.com,,,Consumer Electronics,Anchorage,Alaska,US,99501
Creative Lighting & Sound,clsalaska.com,clsalaska.com,,,Consumer Electronics,Anchorage,Alaska,US,99508
Door Systems of Alaska,doorsystemsak.com,doorsystemsak.com,https://www.linkedin.com/company/4529857,,Consumer Electronics,Anchorage,Alaska,US,99567
Frontier Precision,frontierprecision.com,frontierprecision.com,https://www.linkedin.com/company/frontier-precision-inc.,,Consumer Electronics,Anchorage,Alaska,US,99518
IMIG Audio/Video,imigav.com,imigav.com,https://www.linkedin.com/company/imig-audio-video,,Consumer Electronics,Anchorage,Alaska,US,99503
Integrated Communication Designs Inc.,icdalaska.com,icdalaska.com,,,Consumer Electronics,Anchorage,Alaska,US,99518
"Light'n Up, Inc.",lightnupinc.com,lightnupinc.com,,,Consumer Electronics,Anchorage,Alaska,US,99501
Meridian Systems Inc.,msicontrols.com,msicontrols.com,https://www.linkedin.com/company/meridian-systems-inc-,,Consumer Electronics,Anchorage,Alaska,US,99518
"Northern Lights, Sound & Video",northernlsv.com,northernlsv.com,,,Consumer Electronics,Anchorage,Alaska,US,99518
Northern Security and Surveillance,northernsecurityandsurveillance.com,northernsecurityandsurveillance.com,,,Consumer Electronics,Anchorage,Alaska,US,99501
"Northern Technology Solutions, LLC",ntsalaska.com,ntsalaska.com,,,Consumer Electronics,Anchorage,Alaska,US,99503
Perfectionist Auto Sound,perfectionistautosound.com,perfectionistautosound.com,,,Consumer Electronics,Anchorage,Alaska,US,99518
Safe & Sound,safeandsoundalaska.com,safeandsoundalaska.com,,,Consumer Electronics,Anchorage,Alaska,US,99518
"The Chariot Group, Inc",chariotgroup.com,chariotgroup.com,,,Consumer Electronics,Anchorage,Alaska,US,99503
Visionary Electronics LLC,visionaryelectronics-llc.ueniweb.com,visionaryelectronics-llc.ueniweb.com,,,Consumer Electronics,Anchorage,Alaska,US,99501
Sound Decisions,sounddecisionspro.com,sounddecisionspro.com,,,Consumer Electronics,Palmer,Alaska,US,99645
Elite Smart Homes,eliteavsak.com,eliteavsak.com,,,Consumer Electronics,Wasilla,Alaska,US,99654
Auburn Home Technologies,auburnhometech.com,auburnhometech.com,,,Consumer Electronics,Auburn,Alabama,US,36830
Alabama Controls,albireoenergy.com,albireoenergy.com,https://www.linkedin.com/company/albireo-energy,,Consumer Electronics,Birmingham,Alabama,US,35233
Alexis Audio Video Services LLC,alexisav.com,alexisav.com,,,Consumer Electronics,Birmingham,Alabama,US,35244
Armstrong Electrical Contractors,armstrongelectricalco.com,armstrongelectricalco.com,,,Consumer Electronics,Birmingham,Alabama,US,35222
Audio & Video Service Company Inc.,avscinc.com,avscinc.com,,,Consumer Electronics,Birmingham,Alabama,US,35209
Automation Services,automationservicesinc.com,automationservicesinc.com,,,Consumer Electronics,Birmingham,Alabama,US,35242
Automation Solutions Inc.,automationsolinc.com,automationsolinc.com,https://www.linkedin.com/company/automation-solutions-inc-,,Consumer Electronics,Birmingham,Alabama,US,35211
Holt AV,holtav.com,holtav.com,,,Consumer Electronics,Birmingham,Alabama,US,35233
Iron City A/V,ironcityav.com,ironcityav.com,,,Consumer Electronics,Birmingham,Alabama,US,35243
LED Solutions,ledsolutions.net,ledsolutions.net,,,Consumer Electronics,Birmingham,Alabama,US,35244
M G Automation & Controls,mgautocon.com,mgautocon.com,,,Consumer Electronics,Birmingham,Alabama,US,35233
NRTC Automation,nrtcautomation.com,nrtcautomation.com,https://www.linkedin.com/company/nrtc-automation,,Consumer Electronics,Birmingham,Alabama,US,35215
"Next AV, LLC",nextavsolutions.com,nextavsolutions.com,,,Consumer Electronics,Birmingham,Alabama,US,35210
Reliable Automation & Conveyor Systems Inc.,reliableautomation.com,reliableautomation.com,,,Consumer Electronics,Birmingham,Alabama,US,35222
Reliant Media LLC,reliantmediallc.com,reliantmediallc.com,https://www.linkedin.com/company/reliantmedia,,Consumer Electronics,Birmingham,Alabama,US,35211
SimpleHome,simplehomellc.com,simplehomellc.com,,,Consumer Electronics,Birmingham,Alabama,US,35244
Sphere Audio Video,sphereav.com,sphereav.com,https://www.linkedin.com/company/sphere-home-technologies-inc,,Consumer Electronics,Birmingham,Alabama,US,35242
The Connect Company,theconnectcompany.com,theconnectcompany.com,,,Consumer Electronics,Birmingham,Alabama,US,35233
Custom Thunder Audio Video Inc.,customthunderav.com,customthunderav.com,,,Consumer Electronics,Decatur,Alabama,US,35601
SecureAgent Solutions,sagentusa.com,sagentusa.com,,,Consumer Electronics,Decatur,Alabama,US,35603
"Automation Systems, Inc.",autosystemsinc.com,autosystemsinc.com,https://www.linkedin.com/company/71736148,,Consumer Electronics,Falkville,Alabama,US,35622
Mathes of Alabama,mathesgroup.com,mathesgroup.com,,,Consumer Electronics,Foley,Alabama,US,36535
Valdez Audio Video,valdezaudiovideo.com,valdezaudiovideo.com,,,Consumer Electronics,Harvest,Alabama,US,35749
"Audio Video Excellence, Inc. (AVX)",avxinc.com,avxinc.com,https://www.linkedin.com/company/avxinc,,Consumer Electronics,Homewood,Alabama,US,35209
SWITCH AV & Security,switchaudiovideo.com,switchaudiovideo.com,https://www.linkedin.com/company/switchav,,Consumer Electronics,Homewood,Alabama,US,35209
JT's Surveillance and Media,jts-surveillance.com,jts-surveillance.com,,,Consumer Electronics,Hoover,Alabama,US,35226
We Mount TVs,wemounttvs.com,wemounttvs.com,,,Consumer Electronics,Hoover,Alabama,US,35244
65AV - Home Theater and TV Mounting,sixty5av.com,sixty5av.com,,,Consumer Electronics,Huntsville,Alabama,US,35802
A V Enthusiast,av-enthusiast.com,av-enthusiast.com,,,Consumer Electronics,Huntsville,Alabama,US,35801
"AV Integration / Huntsville Hi-Fi, LLC",huntsvillehifi.com,huntsvillehifi.com,,,Consumer Electronics,Huntsville,Alabama,US,35801
AVIQ Huntsville,aviqhsv.com,aviqhsv.com,https://www.linkedin.com/company/aviqhsv,,Consumer Electronics,Huntsville,Alabama,US,35801
AVO Multimedia Services,avocrew.com,avocrew.com,,,Consumer Electronics,Huntsville,Alabama,US,35816
Aleta Technologies,aletatechnologies.com,aletatechnologies.com,https://www.linkedin.com/company/aleta-technologies-inc.,,Consumer Electronics,Huntsville,Alabama,US,35806
All-Phase Electric Supply,apehuntsville.portalced.com,apehuntsville.portalced.com,,,Consumer Electronics,Huntsville,Alabama,US,35824
"BBC Systems, Inc.",bbcmadison.com,bbcmadison.com,,,Consumer Electronics,Huntsville,Alabama,US,35801
BLT Inc Home Improvement,blt-home-improvements.com,blt-home-improvements.com,,,Consumer Electronics,Huntsville,Alabama,US,35816
Blake Brothers Services Corporation,blakebrothers.com,blakebrothers.com,https://www.linkedin.com/company/blake-brothers-service-corporation,,Consumer Electronics,Huntsville,Alabama,US,35810
Bluewood Productions,bluewoodproductions.com,bluewoodproductions.com,https://www.linkedin.com/company/bluewood-productions,,Consumer Electronics,Huntsville,Alabama,US,35801
Comfort Group of Alabama Inc,thecomfortgroup.com,thecomfortgroup.com,,,Consumer Electronics,Huntsville,Alabama,US,35801
Conditioned Air Solutions,conditionedairsolutions.com,conditionedairsolutions.com,https://www.linkedin.com/company/conditioned-air-solutions,,Consumer Electronics,Huntsville,Alabama,US,35806
"Dynamic Air Climate Solutions, LLC",dynamicairclimatesolutions.com,dynamicairclimatesolutions.com,,,Consumer Electronics,Huntsville,Alabama,US,35810
Glass House Technologies LLC,ght.network,ght.network,,,Consumer Electronics,Huntsville,Alabama,US,35801
Halo Security,protectedbyhalo.com,protectedbyhalo.com,,,Consumer Electronics,Huntsville,Alabama,US,35816
Home Theater Pros,hometheaterpros.com,hometheaterpros.com,,,Consumer Electronics,Huntsville,Alabama,US,35806
Huntsville AI & Automation Group,huntsvilleaigroup.com,huntsvilleaigroup.com,,,Consumer Electronics,Huntsville,Alabama,US,35801
Huntsville Electrician Now,huntsvilleelectriciannow.com,huntsvilleelectriciannow.com,,,Consumer Electronics,Huntsville,Alabama,US,35811
Inline Electric Supply Co. - Huntsville,inlineelectric.com,inlineelectric.com,https://www.linkedin.com/company/1876895,,Consumer Electronics,Huntsville,Alabama,US,35805
Matthews Integration,matthewsintegration.com,matthewsintegration.com,https://www.linkedin.com/company/wix-com,,Consumer Electronics,Huntsville,Alabama,US,35805
Mr. Electric of Huntsville,mrelectric.com,mrelectric.com,https://www.linkedin.com/company/mr--electric,,Consumer Electronics,Huntsville,Alabama,US,35806
Pinnix Group,pinnixgroup.com,pinnixgroup.com,,,Consumer Electronics,Huntsville,Alabama,US,35811
Quantum Technologies Inc,qtiav.com,qtiav.com,,,Consumer Electronics,Huntsville,Alabama,US,35806
Red Custom Home and Business Solutions,redcustom.com,redcustom.com,,,Consumer Electronics,Huntsville,Alabama,US,35806
Redstone Electric Supply,redstoneelectricsupply.com,redstoneelectricsupply.com,https://www.linkedin.com/company/redstone-electric-supply,,Consumer Electronics,Huntsville,Alabama,US,35811
Richards Lighting,richardslighting.com,richardslighting.com,,,Consumer Electronics,Huntsville,Alabama,US,35801
Siemens PLM Software,usa.siemens.com,usa.siemens.com,,,Consumer Electronics,Huntsville,Alabama,US,35806
Smart Alarm Solutions LLC,smartalarmllc.com,smartalarmllc.com,,,Consumer Electronics,Huntsville,Alabama,US,35763
Smart Security,smart-security-al.com,smart-security-al.com,,,Consumer Electronics,Huntsville,Alabama,US,35811
SmartFlow HQ,smartflowhq.com,smartflowhq.com,,,Consumer Electronics,Huntsville,Alabama,US,35801
Sound Source Productions,soundsourceproductions.com,soundsourceproductions.com,,,Consumer Electronics,Huntsville,Alabama,US,35824
Streamline Automation LLC,streamlineautomation.com,streamlineautomation.com,,,Consumer Electronics,Huntsville,Alabama,US,35805
Sweet Home TV and Home Theater LLC,sweethome-tv.com,sweethome-tv.com,,,Consumer Electronics,Huntsville,Alabama,US,35810
"Tactyne Systems International, Inc.",tactynesystems.com,tactynesystems.com,,,Consumer Electronics,Huntsville,Alabama,US,35802
Verta Technologies,verta.tech,verta.tech,https://www.linkedin.com/company/verta-tech,,Consumer Electronics,Huntsville,Alabama,US,35806
"nou Systems, Inc",nou-systems.com,nou-systems.com,https://www.linkedin.com/company/nou-systems-inc,,Consumer Electronics,Huntsville,Alabama,US,35806
Fiber Integrity LLC,fiberintegrity.com,fiberintegrity.com,,,Consumer Electronics,Leeds,Alabama,US,35094
4D Communications,4dcommunications.net,4dcommunications.net,,,Consumer Electronics,Madison,Alabama,US,35758
Lee Company,leecompany.com,leecompany.com,https://www.linkedin.com/company/leecompany,,Consumer Electronics,Madison,Alabama,US,35756
Mozaic Smart Technology Design,mozaicav.com,mozaicav.com,,,Consumer Electronics,Madison,Alabama,US,35758
Shaffer Security Co,shaffersecurity.net,shaffersecurity.net,,,Consumer Electronics,Madison,Alabama,US,35757
Your Electrician,yourelectricianhsv.com,yourelectricianhsv.com,,,Consumer Electronics,Madison,Alabama,US,35758
TSI Alarms & Audio,tsialarmsandaudio.com,tsialarmsandaudio.com,,,Consumer Electronics,Mobile,Alabama,US,36609
"Audio Video Security Pro, LLC",avspro.net,avspro.net,,,Consumer Electronics,Montgomery,Alabama,US,36116
Superior Service Electric,superiorservice247.com,superiorservice247.com,,,Consumer Electronics,Mt Olive,Alabama,US,35117
ENG AV - Engineered Audio Video,engav.com,engav.com,,,Consumer Electronics,Pelham,Alabama,US,35124
Lighting & Lamp,lightingandlamp.com,lightingandlamp.com,,,Consumer Electronics,Pelham,Alabama,US,35124
"AV Pro Communications, LLC",teamavpro.com,teamavpro.com,,,Consumer Electronics,Pell City,Alabama,US,35128
Premier South AV LLC,premiersouthav.com,premiersouthav.com,,,Consumer Electronics,Pinson,Alabama,US,35126
Smart Home Security,smarthomesecuritypros.net,smarthomesecuritypros.net,,,Consumer Electronics,Spanish Fort,Alabama,US,36527
Home Integrated Solutions,homeintsolutions.com,homeintsolutions.com,,,Consumer Electronics,Tallassee,Alabama,US,36078
Icon Automation,iconautomation.com,iconautomation.com,https://www.linkedin.com/company/iconautomationllc,,Consumer Electronics,Tanner,Alabama,US,35671
Tech Hourly,techhourly.com,techhourly.com,https://www.linkedin.com/company/tech-hourly-com,,Consumer Electronics,Vestavia Hills,Alabama,US,35243
GW Lighting,gwlightingandhome.com,gwlightingandhome.com,,,Consumer Electronics,Benton,Arkansas,US,72015
Home Theater Concepts & Solutions,nwahtcs.com,nwahtcs.com,,,Consumer Electronics,Bentonville,Arkansas,US,72712
DeBoard Electronics,deboards.com,deboards.com,,,Consumer Electronics,Conway,Arkansas,US,72034
Hometronix,myhometronix.com,myhometronix.com,https://www.linkedin.com/company/hometronix,,Consumer Electronics,Jonesboro,Arkansas,US,72404
A/V Arkansas Inc,avarkansas.com,avarkansas.com,,,Consumer Electronics,Little Rock,Arkansas,US,72201
Arkansas Car Stereo,arkansascarstereo.com,arkansascarstereo.com,,,Consumer Electronics,Little Rock,Arkansas,US,72209
Auto Audio & Video,autoaudioxtreme.com,autoaudioxtreme.com,,,Consumer Electronics,Little Rock,Arkansas,US,72211
B&K Technology Solutions,bk-techsolutions.com,bk-techsolutions.com,,,Consumer Electronics,Little Rock,Arkansas,US,72206
Central One Service,centraloneservice.com,centraloneservice.com,,,Consumer Electronics,Little Rock,Arkansas,US,72205
"Complete Security Solutions, Inc./Encore Technology Solutions",completesecurityar.com,completesecurityar.com,,,Consumer Electronics,Little Rock,Arkansas,US,72209
Core ID,coreidhome.com,coreidhome.com,,,Consumer Electronics,Little Rock,Arkansas,US,72202
Curtis Stout,chstout.com,chstout.com,,,Consumer Electronics,Little Rock,Arkansas,US,72202
DES-Little Rock,des3s.com,des3s.com,,,Consumer Electronics,Little Rock,Arkansas,US,72223
Eleven Hi-Fi,elevenhifi.com,elevenhifi.com,,,Consumer Electronics,Little Rock,Arkansas,US,72211
"FX Pros, LLC | Smart Homes",thefxpros.com,thefxpros.com,,,Consumer Electronics,Little Rock,Arkansas,US,72210
"Genesis Datacom, LLC",genesisdatacom.com,genesisdatacom.com,https://www.linkedin.com/company/genesis-datacom,,Consumer Electronics,Little Rock,Arkansas,US,72210
Hi-Def Solutions of Arkansas,hi-def-solutions.com,hi-def-solutions.com,,,Consumer Electronics,Little Rock,Arkansas,US,72212
Hollywood Audio Video,hollywoodaudiovideo.com,hollywoodaudiovideo.com,,,Consumer Electronics,Little Rock,Arkansas,US,72227
Hossley Lighting & Power Solutions Inc,hossleylps.com,hossleylps.com,,,Consumer Electronics,Little Rock,Arkansas,US,72201
"IES - Industrial Electronic Supply, Inc.",goies.com,goies.com,https://www.linkedin.com/company/industrial-electronic-supply-inc,,Consumer Electronics,Little Rock,Arkansas,US,72209
Install My Shades,installmyshades.com,installmyshades.com,,,Consumer Electronics,Little Rock,Arkansas,US,72204
InstallAV,installav.com,installav.com,,,Consumer Electronics,Little Rock,Arkansas,US,72204
Keep Out Services,keepout.cc,keepout.cc,,,Consumer Electronics,Little Rock,Arkansas,US,72205
Made in the Shade Little Rock,madeintheshadelr.com,madeintheshadelr.com,,,Consumer Electronics,Little Rock,Arkansas,US,72223
"Nino's Trading - Discount Appliances & TVs, Little Rock Warehouse",ninostrading.com,ninostrading.com,,,Consumer Electronics,Little Rock,Arkansas,US,72209
Omni Tech Solutions,omnitechpros.com,omnitechpros.com,,,Consumer Electronics,Little Rock,Arkansas,US,72205
Providence Design,providenceltddesign.com,providenceltddesign.com,,,Consumer Electronics,Little Rock,Arkansas,US,72202
Staley Electric,staleyelectric.com,staleyelectric.com,https://www.linkedin.com/company/staley-electric-ar,,Consumer Electronics,Little Rock,Arkansas,US,72209
Staley Technologies,staleytechnologies.com,staleytechnologies.com,https://www.linkedin.com/company/staleytechnologies,,Consumer Electronics,Little Rock,Arkansas,US,72204
TV Mounting Pro,thetvmountingpro.com,thetvmountingpro.com,,,Consumer Electronics,Little Rock,Arkansas,US,72202
Triple S Alarm Co Inc,triplesalarm.com,triplesalarm.com,,,Consumer Electronics,Little Rock,Arkansas,US,72202
XPEL Little Rock,xpellittlerock.com,xpellittlerock.com,,,Consumer Electronics,Little Rock,Arkansas,US,72204
7 Smart Technologies,7smart.tech,7smart.tech,,,Consumer Electronics,North Little Rock,Arkansas,US,72116
Chapman Services,chapmanserviceinc.net,chapmanserviceinc.net,,,Consumer Electronics,North Little Rock,Arkansas,US,72114
Interactive Security Solutions - Residential and Commercial Security Systems,interactivesecuritysolutions.com,interactivesecuritysolutions.com,,,Consumer Electronics,North Little Rock,Arkansas,US,72118
Jay Stanley and Associates,jaystanley.com,jaystanley.com,,,Consumer Electronics,North Little Rock,Arkansas,US,72116
"Lakeview Security, Fire, & Communications - Lakeview Alarms",lakeviewalarms.com,lakeviewalarms.com,,,Consumer Electronics,North Little Rock,Arkansas,US,72113
Low Voltage Systems Inc,lowvoltagesystems.com,lowvoltagesystems.com,,,Consumer Electronics,North Little Rock,Arkansas,US,72117
"Martin & Company AV, LLC",martincompanyav.com,martincompanyav.com,,,Consumer Electronics,North Little Rock,Arkansas,US,72118
North Little Rock Home Security HQ,littlerockhomesecurityhq.com,littlerockhomesecurityhq.com,,,Consumer Electronics,North Little Rock,Arkansas,US,72190
Online Technologies,onltech.com,onltech.com,,,Consumer Electronics,North Little Rock,Arkansas,US,72113
Sound Concepts - Little Rock Location,mysoundconcepts.com,mysoundconcepts.com,,,Consumer Electronics,North Little Rock,Arkansas,US,72113
Stage Audio Electronics,stageaudioelectronics.info,stageaudioelectronics.info,,,Consumer Electronics,North Little Rock,Arkansas,US,72114
TEC Electric,tecelectric.com,tecelectric.com,,,Consumer Electronics,North Little Rock,Arkansas,US,72113
Smart Home Consultant,mysmarthomeconsultant.com,mysmarthomeconsultant.com,,,Consumer Electronics,Pottsville,Arkansas,US,72858
"Complete Plumbing, Electric & Air",completehomesolutionsar.com,completehomesolutionsar.com,,,Consumer Electronics,Sherwood,Arkansas,US,72120
Stagemasters Sound & Lighting,arsmsav.com,arsmsav.com,,,Consumer Electronics,Sherwood,Arkansas,US,72120
AV Design Consultants Inc,avdci.com,avdci.com,https://www.linkedin.com/company/av-design-consultants,,Consumer Electronics,Springdale,Arkansas,US,72762
SynergyOne Smarthome,synergyone-az.com,synergyone-az.com,,,Consumer Electronics,Avondale,Arizona,US,85323
JS Home Theater,jshometheater.com,jshometheater.com,,,Consumer Electronics,Casa Grande,Arizona,US,85122
Modern Smart Home,modernsmarthomeaz.com,modernsmarthomeaz.com,,,Consumer Electronics,Chandler,Arizona,US,85226
Planet Geek,planetgeekllc.com,planetgeekllc.com,https://www.linkedin.com/company/planet-geek,,Consumer Electronics,Chandler,Arizona,US,85225
Sedona Technology LLC,sedonatec.com,sedonatec.com,https://www.linkedin.com/company/sedona-technology-llc,,Consumer Electronics,Chandler,Arizona,US,85286
Tech Integrated Inc.,techintegrated.com,techintegrated.com,,,Consumer Electronics,Cottonwood,Arizona,US,86326
Wired-Up Protection Systems LLC,24-hour-security.com,24-hour-security.com,,,Consumer Electronics,Cottonwood,Arizona,US,86326
Integrated Automation,integratedautomationllc.com,integratedautomationllc.com,,,Consumer Electronics,Fountain Hills,Arizona,US,85268
Prestige Smart Homes,prestigesmarthomesaz.com,prestigesmarthomesaz.com,,,Consumer Electronics,Gilbert,Arizona,US,85234
Amp AV,amp-av.com,amp-av.com,https://www.linkedin.com/company/amp-av,,Consumer Electronics,Mesa,Arizona,US,85202
Audio EnVision LLC,audioenvision.com,audioenvision.com,,,Consumer Electronics,Mesa,Arizona,US,85201
Automated Environments,aearizona.com,aearizona.com,,,Consumer Electronics,Mesa,Arizona,US,85204
Dynamic Audio Video Solutions,dynamicavsolutions.com,dynamicavsolutions.com,,,Consumer Electronics,Mesa,Arizona,US,85212
Level 3 Audiovisual,level3av.com,level3av.com,,,Consumer Electronics,Mesa,Arizona,US,85209
Stabley Home Theater,stabley.net,stabley.net,https://www.linkedin.com/company/stabley-home-entertainment,,Consumer Electronics,Mesa,Arizona,US,85206
Summit Automation,summitautomation.com,summitautomation.com,https://www.linkedin.com/company/summit-automationusa,,Consumer Electronics,Mesa,Arizona,US,85210
Audio Video by Design,avbydesign.com,avbydesign.com,,,Consumer Electronics,Peoria,Arizona,US,85383
Intelligent Casa,intelligentcasa.com,intelligentcasa.com,,,Consumer Electronics,Peoria,Arizona,US,85382
ADI Global Distribution - Phoenix,adiglobaldistribution.us,adiglobaldistribution.us,,,Consumer Electronics,Phoenix,Arizona,US,85034
Adobe Home Systems,adobealarm.com,adobealarm.com,,,Consumer Electronics,Phoenix,Arizona,US,85027
Arizona Audio- Video Electronics,azvideoelectronics.com,azvideoelectronics.com,,,Consumer Electronics,Phoenix,Arizona,US,85028
"Arizona Hi-Fi, LLC",tubeaudio.com,tubeaudio.com,,,Consumer Electronics,Phoenix,Arizona,US,85013
Audio Integrators,audiointegrators.com,audiointegrators.com,,,Consumer Electronics,Phoenix,Arizona,US,85085
Audio Visual Experts,aveaz.com,aveaz.com,,,Consumer Electronics,Phoenix,Arizona,US,85018
"BKW, Inc.",bkwinc.net,bkwinc.net,,,Consumer Electronics,Phoenix,Arizona,US,85040
Camelback Smart Homes,camelbacksmarthomes.com,camelbacksmarthomes.com,,,Consumer Electronics,Phoenix,Arizona,US,85016
Casa Tech Systems,cts-us.com,cts-us.com,https://www.linkedin.com/company/casa-technology-systems,,Consumer Electronics,Phoenix,Arizona,US,85027
Cinematic Home A/V,cinematichomeav.com,cinematichomeav.com,https://www.linkedin.com/company/cinematichomeav,,Consumer Electronics,Phoenix,Arizona,US,85028
Clearwing,clearwing.com,clearwing.com,https://www.linkedin.com/company/clearwing,,Consumer Electronics,Phoenix,Arizona,US,85009
Complete Sound & Video,completesoundandvideo.com,completesoundandvideo.com,,,Consumer Electronics,Phoenix,Arizona,US,85053
Connected Home Solutions LLC,azchs.com,azchs.com,,,Consumer Electronics,Phoenix,Arizona,US,85027
Custom Automated Solutions,customautomatedsolutions.net,customautomatedsolutions.net,,,Consumer Electronics,Phoenix,Arizona,US,85020
Custom Systems Integration,customsystemsav.com,customsystemsav.com,,,Consumer Electronics,Phoenix,Arizona,US,85050
Desert Home Theater,deserthometheater.com,deserthometheater.com,,,Consumer Electronics,Phoenix,Arizona,US,85048
Desert Sound & Security,desertsound.com,desertsound.com,,,Consumer Electronics,Phoenix,Arizona,US,85050
Elite Integration Inc,azeliteintegration.com,azeliteintegration.com,https://www.linkedin.com/company/az-elite-integration,,Consumer Electronics,Phoenix,Arizona,US,85027
Evolve Automation,azevolve.com,azevolve.com,,,Consumer Electronics,Phoenix,Arizona,US,85021
Ideal Automation,myidealav.com,myidealav.com,https://www.linkedin.com/company/ideal-automation-llc,,Consumer Electronics,Phoenix,Arizona,US,85028
Imagine Audio Video,iavaz.com,iavaz.com,,,Consumer Electronics,Phoenix,Arizona,US,85050
James Electronics,jameselectronics.com,jameselectronics.com,,,Consumer Electronics,Phoenix,Arizona,US,85013
Kinetic Automation,kinetic.auto,kinetic.auto,https://www.linkedin.com/company/kinetic-automati0n,,Consumer Electronics,Phoenix,Arizona,US,85027
Next Level,nextlevelus.com,nextlevelus.com,https://www.linkedin.com/company/next-level-home-audio-and-video,,Consumer Electronics,Phoenix,Arizona,US,85027
ON Services - Phoenix,onservices.com,onservices.com,https://www.linkedin.com/company/onservicesav,,Consumer Electronics,Phoenix,Arizona,US,85008
OrangeWire,orangewireav.com,orangewireav.com,,,Consumer Electronics,Phoenix,Arizona,US,85028
"PIVIUM, Inc",pivium.com,pivium.com,,,Consumer Electronics,Phoenix,Arizona,US,85027
Performance Audio Video,performanceaudioaz.com,performanceaudioaz.com,,,Consumer Electronics,Phoenix,Arizona,US,85027
Premier Security and Home Services Inc,premiersecurityandhomeservices.com,premiersecurityandhomeservices.com,,,Consumer Electronics,Phoenix,Arizona,US,85027
"Procomm Technologies, Inc.",procommtechnologies.com,procommtechnologies.com,,,Consumer Electronics,Phoenix,Arizona,US,85085
Red Mountain Integration,rmintegration.com,rmintegration.com,,,Consumer Electronics,Phoenix,Arizona,US,85085
The Sound Guy,stereorepairguy.com,stereorepairguy.com,,,Consumer Electronics,Phoenix,Arizona,US,85032
The Valley Connect,thevalleyconnect.com,thevalleyconnect.com,,,Consumer Electronics,Phoenix,Arizona,US,85017
Victory Electronics,victoryelectronics.com,victoryelectronics.com,,,Consumer Electronics,Phoenix,Arizona,US,85009
West Shore Home,westshorehome.com,westshorehome.com,https://www.linkedin.com/company/westshorehome,,Consumer Electronics,Phoenix,Arizona,US,85040
"Components Electronic Systems, LLC",componentsaz.com,componentsaz.com,,,Consumer Electronics,Queen Creek,Arizona,US,85142
My Home Solutions AZ LLC,mhsaz.com,mhsaz.com,,,Consumer Electronics,Queen Creek,Arizona,US,85142
Artisan Systems,artisanaz.com,artisanaz.com,https://www.linkedin.com/company/artisan-systems,,Consumer Electronics,Scottsdale,Arizona,US,85260
Audio Video Excellence,audiovideoexcellence.com,audiovideoexcellence.com,https://www.linkedin.com/company/audio-video-excellence-az,,Consumer Electronics,Scottsdale,Arizona,US,85255
Bang & Olufsen Scottsdale,stores.bang-olufsen.com,stores.bang-olufsen.com,,,Consumer Electronics,Scottsdale,Arizona,US,85260
Beyond Audio,beyondaudio.com,beyondaudio.com,,,Consumer Electronics,Scottsdale,Arizona,US,85260
Cashwood Innovations,cashwoodinnovations.com,cashwoodinnovations.com,,,Consumer Electronics,Scottsdale,Arizona,US,85260
Creative Sound & Integration,creativesound.info,creativesound.info,https://www.linkedin.com/company/creative-sound-and-integration,,Consumer Electronics,Scottsdale,Arizona,US,85257
Immedia,immedia-tech.com,immedia-tech.com,https://www.linkedin.com/company/immedia-llc,,Consumer Electronics,Scottsdale,Arizona,US,85255
Insight Automation International,insightai.com,insightai.com,https://www.linkedin.com/company/insight-automation-international,,Consumer Electronics,Scottsdale,Arizona,US,85260
Integration Design Group,integrationdg.com,integrationdg.com,,,Consumer Electronics,Scottsdale,Arizona,US,85260
LMC Home Entertainment Ltd,lmche.com,lmche.com,https://www.linkedin.com/company/lmc-home-entertainment,,Consumer Electronics,Scottsdale,Arizona,US,85254
Leverage Technology Group,ltgaz.com,ltgaz.com,https://www.linkedin.com/company/leverage-technology-group,,Consumer Electronics,Scottsdale,Arizona,US,85260
Media Innovation Technologies,mit-usa.com,mit-usa.com,,,Consumer Electronics,Scottsdale,Arizona,US,85260
Monarch AV,mavphx.com,mavphx.com,,,Consumer Electronics,Scottsdale,Arizona,US,85260
"Mythic Sound, Lighting, and Shade",mythicsls.com,mythicsls.com,,,Consumer Electronics,Scottsdale,Arizona,US,85260
No Hassle Audio Video,nohassleav.com,nohassleav.com,,,Consumer Electronics,Scottsdale,Arizona,US,85251
Oasis Luxury Smart Homes,oasissmarthomes.com,oasissmarthomes.com,,,Consumer Electronics,Scottsdale,Arizona,US,85255
Optimum AV Systems,optimumavsystems.com,optimumavsystems.com,,,Consumer Electronics,Scottsdale,Arizona,US,85258
Peak Systems,peaksystems.tech,peaksystems.tech,,,Consumer Electronics,Scottsdale,Arizona,US,85251
RevampIT Audio Video,revampitav.com,revampitav.com,,,Consumer Electronics,Scottsdale,Arizona,US,85260
Systems Integration Plus Inc,vme.com,vme.com,,,Consumer Electronics,Scottsdale,Arizona,US,85260
Varner Sight & Sound,varnerss.com,varnerss.com,https://www.linkedin.com/company/varner-sight-and-sound-llc,,Consumer Electronics,Scottsdale,Arizona,US,85260
VizTech TV Mounting,viztechmounting.com,viztechmounting.com,,,Consumer Electronics,Scottsdale,Arizona,US,85257
Watt Integration Home Theater and Automation,wattintegration.com,wattintegration.com,,,Consumer Electronics,Scottsdale,Arizona,US,85260
iWired,iwired.com,iwired.com,,,Consumer Electronics,Scottsdale,Arizona,US,85260
Cosmic Sol Sedona - Galactic Energy Healing,cosmicsolsedona.com,cosmicsolsedona.com,,,Consumer Electronics,Sedona,Arizona,US,86336
AAA Smart Home Security,mwg.aaa.com,mwg.aaa.com,https://www.linkedin.com/company/aaamountainwestgroup,,Consumer Electronics,Tempe,Arizona,US,85284
Arizona Audio Visual,arizonaav.com,arizonaav.com,https://www.linkedin.com/company/3672874,,Consumer Electronics,Tempe,Arizona,US,85288
E1 Audiovisual Technologies (ExhibitOne Corporation),e1avtech.com,e1avtech.com,https://www.linkedin.com/company/e1avtech,,Consumer Electronics,Tempe,Arizona,US,85284
EAR Professional Audio Video,ear.net,ear.net,,,Consumer Electronics,Tempe,Arizona,US,85281
Epic Systems,epicavaz.com,epicavaz.com,,,Consumer Electronics,Tempe,Arizona,US,85281
Phoenix Technology Audio Visual,phoenixtechav.com,phoenixtechav.com,https://www.linkedin.com/company/phoenix-technology-audio-visual-llc,,Consumer Electronics,Tempe,Arizona,US,85282
Walts TV & Appliance,walts.com,walts.com,,,Consumer Electronics,Tempe,Arizona,US,85284
iDesign Home Solutions,idesignhs.com,idesignhs.com,https://www.linkedin.com/company/idesign-home-solutions,,Consumer Electronics,Tempe,Arizona,US,85288
ACCURA SYSTEMS of Tucson,tucsonaccura.com,tucsonaccura.com,,,Consumer Electronics,Tucson,Arizona,US,85715
"AV Innovations, Inc.",avinnovations.com,avinnovations.com,https://www.linkedin.com/company/av-innovations-inc.,,Consumer Electronics,Tucson,Arizona,US,85712
AV and Automation Specialists LLC - Audio Video Installation & Home Security,av-as.com,av-as.com,,,Consumer Electronics,Tucson,Arizona,US,85714
AV and Automation Specialists LLC - Audio Video Installation & Home Security,hometheatertucsonaz.com,hometheatertucsonaz.com,,,Consumer Electronics,Tucson,Arizona,US,85745
Adobe Audio Visual,adobeav.com,adobeav.com,,,Consumer Electronics,Tucson,Arizona,US,85705
Advanced Controls Corporation,advancedcontrols.net,advancedcontrols.net,https://www.linkedin.com/company/advanced-controls-corporation,,Consumer Electronics,Tucson,Arizona,US,85705
Area 51 Audio Visual Engineering,area51audio.com,area51audio.com,,,Consumer Electronics,Tucson,Arizona,US,85705
Arizona Cine Equipment,azcine.com,azcine.com,,,Consumer Electronics,Tucson,Arizona,US,85719
Arizona Pro Sound Inc,arizonaprosound.com,arizonaprosound.com,,,Consumer Electronics,Tucson,Arizona,US,85719
Audio Visual Productions,goavp.com,goavp.com,,,Consumer Electronics,Tucson,Arizona,US,85752
"AudioEye, Inc.",audioeye.com,audioeye.com,https://www.linkedin.com/company/audioeye-inc,,Consumer Electronics,Tucson,Arizona,US,85711
Automation EZ LLC,automationez.com,automationez.com,,,Consumer Electronics,Tucson,Arizona,US,85741
B3 controls,b3controls.com,b3controls.com,,,Consumer Electronics,Tucson,Arizona,US,85745
Cabling Solutions Group,cablingsolutionsgroup.com,cablingsolutionsgroup.com,https://www.linkedin.com/company/cabling-solutions-group,,Consumer Electronics,Tucson,Arizona,US,85705
Connect Security,connectsecurity.com,connectsecurity.com,https://www.linkedin.com/company/capital-connect-inc,,Consumer Electronics,Tucson,Arizona,US,85715
Gadget Geeks Pro,gadgetgeeks.us,gadgetgeeks.us,,,Consumer Electronics,Tucson,Arizona,US,85710
Hi-Fi Workshop (Heavy Rotation HiFi & Records),hifiworkshop.com,hifiworkshop.com,,,Consumer Electronics,Tucson,Arizona,US,85716
Illuminations,illuminationstucson.com,illuminationstucson.com,,,Consumer Electronics,Tucson,Arizona,US,85716
Integra Custom Systems,integracustomsystems.com,integracustomsystems.com,,,Consumer Electronics,Tucson,Arizona,US,85710
Integrated Audio Video Solutions,iavsaz.com,iavsaz.com,,,Consumer Electronics,Tucson,Arizona,US,85741
Protech Security Systems,protechalarm.com,protechalarm.com,,,Consumer Electronics,Tucson,Arizona,US,85711
Roh's Commercial Audio and Video,rohscav.com,rohscav.com,,,Consumer Electronics,Tucson,Arizona,US,85710
Solutions i3,solutionsi3.com,solutionsi3.com,https://www.linkedin.com/company/solutions-i3-llc,,Consumer Electronics,Tucson,Arizona,US,85713
SoundFX Car Audio Installation,tucsoncarstereoinstallation.com,tucsoncarstereoinstallation.com,,,Consumer Electronics,Tucson,Arizona,US,85705
Speedway Audio & Tint,speedwayaudioandtint.com,speedwayaudioandtint.com,,,Consumer Electronics,Tucson,Arizona,US,85716
Sun Lighting,sunlightingbroadway.com,sunlightingbroadway.com,,,Consumer Electronics,Tucson,Arizona,US,85711
Technology Specialists,specialistshometheater.com,specialistshometheater.com,,,Consumer Electronics,Tucson,Arizona,US,85712
Titan Alarm Inc.,titanalarm.net,titanalarm.net,,,Consumer Electronics,Tucson,Arizona,US,85714
Tucson Tech Guy,tucsontechguy.com,tucsontechguy.com,,,Consumer Electronics,Tucson,Arizona,US,85716
"Whole Hearted Pro AV, LLC",wholeheartedpro.com,wholeheartedpro.com,https://www.linkedin.com/company/whproav,,Consumer Electronics,Tucson,Arizona,US,85713
Wiseguys Custom Home Theater,wiseguyshometheater.com,wiseguyshometheater.com,,,Consumer Electronics,Tucson,Arizona,US,85745
Evolution Audio Video,eavht.com,eavht.com,,,Consumer Electronics,Agoura Hills,California,US,91301
"AV Spaces, Inc.",avspaces.com,avspaces.com,,,Consumer Electronics,Alameda,California,US,94502
Hidden Connections Inc,hiddenconnections.net,hiddenconnections.net,,,Consumer Electronics,Alameda,California,US,94501
RGB Spectrum,rgb.com,rgb.com,https://www.linkedin.com/company/rgb-spectrum,,Consumer Electronics,Alameda,California,US,94501
Connect and Protect - Smart Home Showrrom,smarthomesecuritycontrol.com,smarthomesecuritycontrol.com,https://www.linkedin.com/company/shsc-energy-management,,Consumer Electronics,Alamo,California,US,94507
"Ace January Productions, LLC",acejanuaryproductions.com,acejanuaryproductions.com,https://www.linkedin.com/company/ace-january-productions,,Consumer Electronics,Alhambra,California,US,91803
AVI Systems,avisystems.com,avisystems.com,,,Consumer Electronics,Aliso Viejo,California,US,92656
Audio Video Live,audiovideo.live,audiovideo.live,,,Consumer Electronics,Anaheim,California,US,92808
Diamond Case Home Theater,diamondcase.com,diamondcase.com,,,Consumer Electronics,Anaheim,California,US,92806
Simple Tech,simpletechinstalls.com,simpletechinstalls.com,,,Consumer Electronics,Anaheim,California,US,92807
Surreal Systems Audio/Video & Automation,surrealsystems.com,surrealsystems.com,,,Consumer Electronics,Anaheim,California,US,92807
"Rock & Sons, Inc.",rockandsons.com,rockandsons.com,,,Consumer Electronics,Angwin,California,US,94508
Liberty Bell Smart Home,lbsmarthome.com,lbsmarthome.com,,,Consumer Electronics,Auburn,California,US,95603
AA1 CCTV,aa1cctv.com,aa1cctv.com,,,Consumer Electronics,Bakersfield,California,US,93309
AVsmart Technologies,avsmart.com,avsmart.com,,,Consumer Electronics,Bakersfield,California,US,93309
Adaptive Networks,adaptive-net.com,adaptive-net.com,https://www.linkedin.com/company/adaptive-networks,,Consumer Electronics,Bakersfield,California,US,93309
"Alpha Technologies & Alarm Systems, Inc.",alphatechas.com,alphatechas.com,,,Consumer Electronics,Bakersfield,California,US,93308
Automated Controls & Equipment,acecontrol.biz,acecontrol.biz,,,Consumer Electronics,Bakersfield,California,US,93308
B.I.S. Technologies and Communications Inc.,bistec.net,bistec.net,https://www.linkedin.com/company/b.i.s.-technologies,,Consumer Electronics,Bakersfield,California,US,93313
Bakersfield Car Audio and Stereo,bakersfieldcaraudioandstereo.com,bakersfieldcaraudioandstereo.com,,,Consumer Electronics,Bakersfield,California,US,93308
Bakersfield Lighting,bakersfield-lighting.com,bakersfield-lighting.com,,,Consumer Electronics,Bakersfield,California,US,93305
Controlled Motion Solutions,comoso.com,comoso.com,https://www.linkedin.com/company/mfcp,,Consumer Electronics,Bakersfield,California,US,93307
ESSI Mood - Environmental Sound Solutions Inc.,essiav.com,essiav.com,,,Consumer Electronics,Bakersfield,California,US,93301
Electrical ASAP,electricalasap.com,electricalasap.com,,,Consumer Electronics,Bakersfield,California,US,93308
Elite Automation & Electrical Services Inc.,eaaes.com,eaaes.com,,,Consumer Electronics,Bakersfield,California,US,93308
Heredia Cabling Solutions,herediacablingsolutions.com,herediacablingsolutions.com,,,Consumer Electronics,Bakersfield,California,US,93313
Industrial Automation Professionals,iapengineering.com,iapengineering.com,https://www.linkedin.com/company/industrial-automation-professionals-inc,,Consumer Electronics,Bakersfield,California,US,93301
Kalieb Designs,kaliebdesigns.com,kaliebdesigns.com,https://www.linkedin.com/company/kalieb-designs,,Consumer Electronics,Bakersfield,California,US,93311
MSI Security,msisecurity.com,msisecurity.com,,,Consumer Electronics,Bakersfield,California,US,93301
P S Audio Video Solutions,psaudiovideosolutions.com,psaudiovideosolutions.com,,,Consumer Electronics,Bakersfield,California,US,93309
"PLCs Plus International, Inc.",bkppi.com,bkppi.com,https://www.linkedin.com/company/plcs-plus-international,,Consumer Electronics,Bakersfield,California,US,93312
Pac West Systems,pacwestsystemsca.com,pacwestsystemsca.com,,,Consumer Electronics,Bakersfield,California,US,93313
Pacific West Sound,pacificwestsound.com,pacificwestsound.com,https://www.linkedin.com/company/pacific-west-sound,,Consumer Electronics,Bakersfield,California,US,93305
Premier Lighting,premierlightingca.com,premierlightingca.com,,,Consumer Electronics,Bakersfield,California,US,93313
Royal Industrial Solutions,royalbakersfield.com,royalbakersfield.com,https://www.linkedin.com/company/royal-industrial-solutions,,Consumer Electronics,Bakersfield,California,US,93308
SSD Alarm,ssdalarm.com,ssdalarm.com,,,Consumer Electronics,Bakersfield,California,US,93308
Secure Systems,mysecuresystems.com,mysecuresystems.com,https://www.linkedin.com/company/secure-systems-alarm-company,,Consumer Electronics,Bakersfield,California,US,93301
SmarterHome.ai - Spectrum Authorized Retailer,smarterhome.ai,smarterhome.ai,,,Consumer Electronics,Bakersfield,California,US,93306
TRIS Technology Solutions,trisbak.com,trisbak.com,,,Consumer Electronics,Bakersfield,California,US,93312
Tel-Tec Security Systems Inc,tel-tec.com,tel-tec.com,,,Consumer Electronics,Bakersfield,California,US,93313
VISTA CCTV TECHNOLOGY,vistacctv.net,vistacctv.net,,,Consumer Electronics,Bakersfield,California,US,93313
Wise Electric & Communications Inc.,wiseelectric.biz,wiseelectric.biz,,,Consumer Electronics,Bakersfield,California,US,93308
low voltage innovation,lowvoltageinnovations.com,lowvoltageinnovations.com,,,Consumer Electronics,Bakersfield,California,US,93304
Automation Solutions Inc,asi-technician.com,asi-technician.com,,,Consumer Electronics,Baldwin Park,California,US,91706
Spectrum Systems,spectrumsystemssf.net,spectrumsystemssf.net,https://www.linkedin.com/company/spectrum-systems-sf,,Consumer Electronics,Belmont,California,US,94002
Signal Solutions Corporation,signalsolutions.com,signalsolutions.com,,,Consumer Electronics,Benicia,California,US,94510
Meyer Sound,meyersound.com,meyersound.com,https://www.linkedin.com/company/meyer-sound,,Consumer Electronics,Berkeley,California,US,94702
Advanced Technologies Audio,4atav.com,4atav.com,,,Consumer Electronics,Bermuda Dunes,California,US,92203
Audio Visions · LaRussa Design Group,larussadesigngroup.com,larussadesigngroup.com,,,Consumer Electronics,Beverly Hills,California,US,90210
Audio Visual Architects - AV Installers,audiovisualarchitects.com,audiovisualarchitects.com,,,Consumer Electronics,Beverly Hills,California,US,90211
Beverly Hills SMART Homes,bhsmarthomes.com,bhsmarthomes.com,,,Consumer Electronics,Beverly Hills,California,US,90212
EZ Audio Video Data Solutions,ezavd.com,ezavd.com,,,Consumer Electronics,Beverly Hills,California,US,90211
Home Theater Builders,home-theater-builders.com,home-theater-builders.com,,,Consumer Electronics,Beverly Hills,California,US,90212
Electrosonic,electrosonic.com,electrosonic.com,https://www.linkedin.com/company/electrosonic,,Consumer Electronics,Burbank,California,US,91506
Ficrest Integration Inc Smart Home Automation,ficrest.com,ficrest.com,https://www.linkedin.com/company/ficrest-inc,,Consumer Electronics,Burbank,California,US,91501
Key Code Media,keycodemedia.com,keycodemedia.com,https://www.linkedin.com/company/key-code-media,,Consumer Electronics,Burbank,California,US,91502
"Matrix Audio Visual Designs, Inc.",matrixav.com,matrixav.com,,,Consumer Electronics,Burbank,California,US,91505
"Vizual Symphony, Inc",vizualsymphony.com,vizualsymphony.com,https://www.linkedin.com/company/vizual-symphony-inc,,Consumer Electronics,Burbank,California,US,91505
AA Customs,aacustoms.pro,aacustoms.pro,,,Consumer Electronics,Burlingame,California,US,94010
GM Tech Solutions inc.,gmtechsolutionspro.com,gmtechsolutionspro.com,,,Consumer Electronics,Calabasas,California,US,91302
Inland AV Solutions,inlandavsolutions.com,inlandavsolutions.com,https://www.linkedin.com/company/inland-av-solutions,,Consumer Electronics,Calimesa,California,US,92320
iTech Surveillance Inc.,itechsurveillance.com,itechsurveillance.com,,,Consumer Electronics,Camarillo,California,US,93012
Audio Video Evolution,audiovideoevolution.net,audiovideoevolution.net,,,Consumer Electronics,Campbell,California,US,95008
"Automatic Gate Installations, Inc.",automaticgateinstallations.com,automaticgateinstallations.com,,,Consumer Electronics,Campbell,California,US,95008
Infinite Audiovisual,infinitenetworksinc.com,infinitenetworksinc.com,,,Consumer Electronics,Campbell,California,US,95008
Jewell's Quality Home Systems,jewellsqhs.com,jewellsqhs.com,,,Consumer Electronics,Campbell,California,US,95008
The Alarm Company,thealarmcompany.com,thealarmcompany.com,,,Consumer Electronics,Campbell,California,US,95008
The Integrated Lifestyle,theintegratedlifestyle.com,theintegratedlifestyle.com,,,Consumer Electronics,Campbell,California,US,95008
True Sound,tsound.com,tsound.com,,,Consumer Electronics,Campbell,California,US,95008
Ultimate HD,ultimatehd.com,ultimatehd.com,,,Consumer Electronics,Campbell,California,US,95008
Woodland Home Theater,woodlandhometheater.com,woodlandhometheater.com,,,Consumer Electronics,Campbell,California,US,95008
Audio Video San Diego - AVSD Inc.,audiovideosandiego.com,audiovideosandiego.com,,,Consumer Electronics,Carlsbad,California,US,92008
Bulldog Audio and Video,bulldog-av.com,bulldog-av.com,,,Consumer Electronics,Carlsbad,California,US,92011
Cal Coast Audio Video,calcoastav.com,calcoastav.com,,,Consumer Electronics,Carlsbad,California,US,92008
Kiwi Audio Visual,kiwiav.com,kiwiav.com,,,Consumer Electronics,Carlsbad,California,US,92008
1st Light Media,1stlightmedia.com,1stlightmedia.com,,,Consumer Electronics,Carmel,California,US,93923
Carmel Audio Video,carmelav.com,carmelav.com,,,Consumer Electronics,Carmel,California,US,93923
Cypress AV,cypressav.com,cypressav.com,,,Consumer Electronics,Carmel,California,US,93923
AV Solutions inc.,avsolutionsinc.com,avsolutionsinc.com,,,Consumer Electronics,Carmel Valley,California,US,93924
House of 8 Media,houseof8media.com,houseof8media.com,https://www.linkedin.com/company/house-of-8-media,,Consumer Electronics,Carmel Valley,California,US,93924
Digital Home Convergence Designs,dihoco.com,dihoco.com,,,Consumer Electronics,Carmel-By-The-Sea,California,US,93921
RTV ELECTRONICS,rtvelectronics.com,rtvelectronics.com,,,Consumer Electronics,Carmichael,California,US,95608
Central Coast Audio Visual,centralcoastav.com,centralcoastav.com,,,Consumer Electronics,Carpinteria,California,US,93013
Ventura Smart Home,venturasmarthome.com,venturasmarthome.com,,,Consumer Electronics,Carpinteria,California,US,93013
Audio MotorSports,audiomotorsports.com,audiomotorsports.com,,,Consumer Electronics,Carson,California,US,90745
Palm Springs Grip and Lighting,palmspringsgripandlighting.com,palmspringsgripandlighting.com,,,Consumer Electronics,Cathedral City,California,US,92234
Galaxy Custom Audio Video,galaxychico.com,galaxychico.com,,,Consumer Electronics,Chico,California,US,95926
Capture Technologies a Division of IdentiSys,capturet.com,capturet.com,https://www.linkedin.com/company/capture-technologies,,Consumer Electronics,Citrus Heights,California,US,95610
4 LIVE TV videography,4livetv.com,4livetv.com,,,Consumer Electronics,Clovis,California,US,93612
Beyond Tech Solutions Inc.,beyondtechsolutions.com,beyondtechsolutions.com,https://www.linkedin.com/company/beyond-tech-solutions-inc,,Consumer Electronics,Clovis,California,US,93612
Complete Home Security and Services- Authorized ADT Dealer,chssmarthome.com,chssmarthome.com,,,Consumer Electronics,Clovis,California,US,93612
Digital Attic,digitalattic.com,digitalattic.com,,,Consumer Electronics,Clovis,California,US,93612
Digital Attic Studio,digitalatticstudio.com,digitalatticstudio.com,,,Consumer Electronics,Clovis,California,US,93612
Fresno I.T. Inc.,fresnoit.com,fresnoit.com,https://www.linkedin.com/company/real-time-information-services,,Consumer Electronics,Clovis,California,US,93619
FutureHome Systems & Design Inc.,future-home.net,future-home.net,,,Consumer Electronics,Clovis,California,US,93612
Hi-Tech Home,hitechhome.net,hitechhome.net,https://www.linkedin.com/company/hi-tech-home,,Consumer Electronics,Clovis,California,US,93611
Industrial Control and Design (ICAD Automation),icadautomation.com,icadautomation.com,https://www.linkedin.com/company/icadautomation,,Consumer Electronics,Clovis,California,US,93611
Mobile 12v Solutions,mobile12vsolutions.com,mobile12vsolutions.com,,,Consumer Electronics,Clovis,California,US,93612
AV Structural,avstructural.com,avstructural.com,,,Consumer Electronics,Concord,California,US,94520
CME Lighting Supply Co.,cmelightingsupply.com,cmelightingsupply.com,,,Consumer Electronics,Concord,California,US,94518
"Creation Networks, Inc.",creationnetworks.net,creationnetworks.net,https://www.linkedin.com/company/creation-networks,,Consumer Electronics,Concord,California,US,94518
Full Spectrum Technology Group,fullspectrumtg.com,fullspectrumtg.com,,,Consumer Electronics,Concord,California,US,94518
JCVTEK,jcvtek.com,jcvtek.com,,,Consumer Electronics,Corona,California,US,92879
LVE Electrical services,lveservice.com,lveservice.com,,,Consumer Electronics,Corona,California,US,92883
e4 Control Systems,e4control.com,e4control.com,https://www.linkedin.com/company/e4-control-systems,,Consumer Electronics,Corona,California,US,92878
Home Theater,coronadohometheater.com,coronadohometheater.com,,,Consumer Electronics,Coronado,California,US,92178
"Svitla Systems, Inc.",svitla.com,svitla.com,https://www.linkedin.com/company/svitla-systems-inc-,,Consumer Electronics,Corte Madera,California,US,94925
Atlantic Home Entertainment and Stereo,atlanticstereo.com,atlanticstereo.com,,,Consumer Electronics,Costa Mesa,California,US,92627
Cantara,cantaradesign.com,cantaradesign.com,,,Consumer Electronics,Costa Mesa,California,US,92626
GTS (Glabman Technology Solutions),glabman.com,glabman.com,https://www.linkedin.com/company/glabman-technology-solutions,,Consumer Electronics,Costa Mesa,California,US,92627
Integrated Media Systems,imsav.com,imsav.com,,,Consumer Electronics,Costa Mesa,California,US,92626
NXT AV,nxtav.com,nxtav.com,https://www.linkedin.com/company/nxtav,,Consumer Electronics,Costa Mesa,California,US,92627
Newport Sound,newportsoundca.com,newportsoundca.com,,,Consumer Electronics,Costa Mesa,California,US,92627
Silver Star Sound & Electric,silverstarsoundandelectric.com,silverstarsoundandelectric.com,,,Consumer Electronics,Costa Mesa,California,US,92627
Simplicity 1 Home Technology Integration,simplicity1.com,simplicity1.com,,,Consumer Electronics,Costa Mesa,California,US,92626
Smartology,smartlgy.com,smartlgy.com,,,Consumer Electronics,Costa Mesa,California,US,92626
Sound Advice AV Inc.,soundadvicecalifornia.com,soundadvicecalifornia.com,,,Consumer Electronics,Costa Mesa,California,US,92627
King Of Sounds,kingofsounds.com,kingofsounds.com,,,Consumer Electronics,Covina,California,US,91722
LIV Technical Audio Visual Production,livtechnical.com,livtechnical.com,,,Consumer Electronics,Culver City,California,US,90232
Infinite Audio & Video,infiniteaudioandvideo.com,infiniteaudioandvideo.com,,,Consumer Electronics,Cupertino,California,US,95014
HM Security - ADT Authorized Dealer,hmsecurityinc.com,hmsecurityinc.com,,,Consumer Electronics,Downey,California,US,90241
Skyline Security,skylinesecurity.com,skylinesecurity.com,,,Consumer Electronics,Downey,California,US,90241
All Video Media Solutions,allvideomedia.com,allvideomedia.com,,,Consumer Electronics,Dublin,California,US,94568
"Valley Home Theater & Automation, Inc.",valleyhometheater.com,valleyhometheater.com,,,Consumer Electronics,Dublin,California,US,94568
Andrus Smart Technologies,andrussmarttech.com,andrussmarttech.com,,,Consumer Electronics,El Cajon,California,US,92020
California Electric Supply,ceselcajon.com,ceselcajon.com,,,Consumer Electronics,El Cajon,California,US,92020
Corporate Production Group Audio Visual CPGAV,cpgav.com,cpgav.com,,,Consumer Electronics,El Cajon,California,US,92020
House of Automation,houseofautomation.com,houseofautomation.com,,,Consumer Electronics,El Cajon,California,US,92020
One Touch Home Theater Inc,onetouchhometheater.com,onetouchhometheater.com,,,Consumer Electronics,El Cajon,California,US,92020
"Signals Audio/Video, Inc. (El Segundo)",signalsav.com,signalsav.com,,,Consumer Electronics,El Segundo,California,US,90245
WestCoast Car Audio & Tint of Elk Grove,westcoastaudiotintsac.com,westcoastaudiotintsac.com,,,Consumer Electronics,Elk Grove,California,US,95624
Advanced Systems Group,asgllc.com,asgllc.com,https://www.linkedin.com/company/943713,,Consumer Electronics,Emeryville,California,US,94608
Encinitas Television,encinitastv.com,encinitastv.com,,,Consumer Electronics,Encinitas,California,US,92024
Rancho Santa Fe Security Systems,rsfsecurity.com,rsfsecurity.com,,,Consumer Electronics,Encinitas,California,US,92024
Smart Home LA,smarthomela.com,smarthomela.com,,,Consumer Electronics,Encino,California,US,91316
OnTech Smart Services,ontechsmartservices.com,ontechsmartservices.com,,,Consumer Electronics,Englewood,California,US,80112
AAV Integration,aavintegration.com,aavintegration.com,,,Consumer Electronics,Escondido,California,US,92029
Advanced Digital Homes,advanceddigitalhomes.com,advanceddigitalhomes.com,,,Consumer Electronics,Escondido,California,US,92029
Shultz Audio Video,shultzav.com,shultzav.com,,,Consumer Electronics,Escondido,California,US,92029
Miller AV & Automation,millerava.com,millerava.com,,,Consumer Electronics,Fair Oaks,California,US,95628
Defender solution CCTV - Alarm Systems,defendersolution.tech,defendersolution.tech,,,Consumer Electronics,Fountain Valley,California,US,92708
Avidex Northern California,hubs.li,hubs.li,https://www.linkedin.com/company/avidex,,Consumer Electronics,Fremont,California,US,94538
Rocca Audiovisual,roccaaudiovisual.com,roccaaudiovisual.com,,,Consumer Electronics,Fremont,California,US,94538
ADvine,advineagency.com,advineagency.com,https://www.linkedin.com/company/advineagency,,Consumer Electronics,Fresno,California,US,93710
Aplos,aplos.com,aplos.com,https://www.linkedin.com/company/aplos-software-llc,,Consumer Electronics,Fresno,California,US,93720
Audio Innovations of Fresno,aifresno.com,aifresno.com,,,Consumer Electronics,Fresno,California,US,93726
BWE Home Theater,bwehometheater.com,bwehometheater.com,,,Consumer Electronics,Fresno,California,US,93726
Blare Media,blaremedia.net,blaremedia.net,,,Consumer Electronics,Fresno,California,US,93721
CBC Lighting,cbclighting.net,cbclighting.net,,,Consumer Electronics,Fresno,California,US,93727
DPS Telecom,dpstele.com,dpstele.com,https://www.linkedin.com/company/dps-telecom,,Consumer Electronics,Fresno,California,US,93727
E Tech Group,etechgroup.com,etechgroup.com,https://www.linkedin.com/company/e-technologies-group,,Consumer Electronics,Fresno,California,US,93720
"EKC Enterprises, Inc.",ekccorp.com,ekccorp.com,https://www.linkedin.com/company/1972982,,Consumer Electronics,Fresno,California,US,93727
Electrical Power Source,electricalpowersourceinc.com,electricalpowersourceinc.com,https://www.linkedin.com/company/electrical-power-source,,Consumer Electronics,Fresno,California,US,93706
Equity Home Solutions LLC,thefresnohomebuyers.com,thefresnohomebuyers.com,https://www.linkedin.com/company/equity-home-solutions-california,,Consumer Electronics,Fresno,California,US,93721
Expo Audio Visual,exporentals.com,exporentals.com,,,Consumer Electronics,Fresno,California,US,93722
Ferguson Home,fergusonhome.com,fergusonhome.com,,,Consumer Electronics,Fresno,California,US,93727
GTE Event Group,gteeventgroup.com,gteeventgroup.com,,,Consumer Electronics,Fresno,California,US,93704
Helios,helios-tfb.com,helios-tfb.com,,,Consumer Electronics,Fresno,California,US,93727
Hoffman Electronic Systems,hoffmansecurity.com,hoffmansecurity.com,,,Consumer Electronics,Fresno,California,US,93710
Home | My Site,affordableservice559.com,affordableservice559.com,,,Consumer Electronics,Fresno,California,US,93722
HomeSmart PV & Associates,homesmart.com,homesmart.com,https://www.linkedin.com/company/homesmart-realestate,,Consumer Electronics,Fresno,California,US,93711
IT Management Corporation dba. ITM.CX,itm.cx,itm.cx,https://www.linkedin.com/company/itmc-net,,Consumer Electronics,Fresno,California,US,93721
Infinity Home Services Inc.,ihsfresno.com,ihsfresno.com,,,Consumer Electronics,Fresno,California,US,93730
Integrated Electronics,iefresno.com,iefresno.com,https://www.linkedin.com/company/integrated-electronics,,Consumer Electronics,Fresno,California,US,93727
JTI Electric Inc,jtielectric.net,jtielectric.net,https://www.linkedin.com/company/jti-electrical-ul-panel-shop,,Consumer Electronics,Fresno,California,US,93722
James & Co. Lighting,jamesandcompanylighting.com,jamesandcompanylighting.com,,,Consumer Electronics,Fresno,California,US,93711
James Ashjian Lighting Co,jalighting.com,jalighting.com,,,Consumer Electronics,Fresno,California,US,93650
Just Air Heating & Cooling,justairfresno.com,justairfresno.com,,,Consumer Electronics,Fresno,California,US,93727
LPC,lpcautomation.com,lpcautomation.com,,,Consumer Electronics,Fresno,California,US,93727
"LinkUs Enterprises, LLC",mylinkus.com,mylinkus.com,,,Consumer Electronics,Fresno,California,US,93722
M-Tek Telecom,mtektelecom.com,mtektelecom.com,,,Consumer Electronics,Fresno,California,US,93722
MS Production Services,mspslive.net,mspslive.net,,,Consumer Electronics,Fresno,California,US,93727
Maximus Media Inc,maximusmedia.net,maximusmedia.net,https://www.linkedin.com/company/maximus-media-inc,,Consumer Electronics,Fresno,California,US,93727
Media Solutions Inc,msieventproductions.com,msieventproductions.com,https://www.linkedin.com/company/msi-media-solutions-inc,,Consumer Electronics,Fresno,California,US,93727
Ortiz LED Solutions,ortizledsolutions.com,ortizledsolutions.com,,,Consumer Electronics,Fresno,California,US,93722
Outlier Automation,outlierautomation.com,outlierautomation.com,https://www.linkedin.com/company/outlierautomation,,Consumer Electronics,Fresno,California,US,93711
Parker Solutions,tabariparker.com,tabariparker.com,,,Consumer Electronics,Fresno,California,US,93721
Professional Car Audio,professionalcaraudio.net,professionalcaraudio.net,,,Consumer Electronics,Fresno,California,US,93710
Quality Home Services,qualityhomeservices.com,qualityhomeservices.com,https://www.linkedin.com/company/qhslife,,Consumer Electronics,Fresno,California,US,93726
"Real Time Information Services, Inc - Fresno Managed IT Service & Support For Business",realtimeca.com,realtimeca.com,https://www.linkedin.com/company/real-time-information-services,,Consumer Electronics,Fresno,California,US,93704
Reliant Electrical and Automation Inc.,reliant.services,reliant.services,,,Consumer Electronics,Fresno,California,US,93704
Rex Moore Electrical & Systems Contractors & Engineers,rexmoore.com,rexmoore.com,https://www.linkedin.com/company/rex-moore-electrical-contractors-&-engineers,,Consumer Electronics,Fresno,California,US,93727
Sebastian | Internet | Electrical | Security,sebastiancorp.com,sebastiancorp.com,,,Consumer Electronics,Fresno,California,US,93711
Shoots.Video - Video Production Company,shoots.video,shoots.video,,,Consumer Electronics,Fresno,California,US,93711
"Signature EquipoVision, LLC",academia.equipovision.com,academia.equipovision.com,,,Consumer Electronics,Fresno,California,US,93722
Skills Construction Fresno,skills-construction.com,skills-construction.com,,,Consumer Electronics,Fresno,California,US,93722
Skylink Sound Co,skylinksound.com,skylinksound.com,,,Consumer Electronics,Fresno,California,US,93729
Smart Home Improvements,smarthomeimprove.com,smarthomeimprove.com,,,Consumer Electronics,Fresno,California,US,93727
Smart Home Innovations,smarthomeinnovations.net,smarthomeinnovations.net,,,Consumer Electronics,Fresno,California,US,93726
Sound Contracting,soundcontracting.net,soundcontracting.net,,,Consumer Electronics,Fresno,California,US,93727
Stereo 1 Wherehouse & Window Tinting,stereo1wherehouse.com,stereo1wherehouse.com,,,Consumer Electronics,Fresno,California,US,93702
Surveillance Integration,survint.com,survint.com,,,Consumer Electronics,Fresno,California,US,93703
The Audio Outlet,theaudiooutletfresno.com,theaudiooutletfresno.com,,,Consumer Electronics,Fresno,California,US,93703
Vincent Communications Inc,vincentcom.com,vincentcom.com,,,Consumer Electronics,Fresno,California,US,93727
Westcom Systems Inc.,westcomsystems.com,westcomsystems.com,,,Consumer Electronics,Fresno,California,US,93722
WiseConn,wiseconn.com,wiseconn.com,https://www.linkedin.com/company/wiseconn-usa,,Consumer Electronics,Fresno,California,US,93722
Worldlight Media,worldlightmedia.com,worldlightmedia.com,https://www.linkedin.com/company/worldlight-media,,Consumer Electronics,Fresno,California,US,93711
CCS - Authorized Control4 Dealer,ccs-is.com,ccs-is.com,,,Consumer Electronics,Fullerton,California,US,92835
Executive Audio/Video,executiveaudiovideo.com,executiveaudiovideo.com,,,Consumer Electronics,Garden Grove,California,US,92841
Greater Cue Integrations,greatercue.com,greatercue.com,,,Consumer Electronics,Garden Grove,California,US,92840
ByDesign Vision & Sound Marketing,bydesignvsm.com,bydesignvsm.com,,,Consumer Electronics,Gardena,California,US,90248
Design Sound,designsound.com,designsound.com,,,Consumer Electronics,Gardena,California,US,90248
Active Integration,activeint.com,activeint.com,,,Consumer Electronics,Gilroy,California,US,95020
Galaxy Home Theatres,galaxyhometheatres.com,galaxyhometheatres.com,,,Consumer Electronics,Glendale,California,US,91205
Pro Audio L.A.,proaudiola.com,proaudiola.com,,,Consumer Electronics,Glendale,California,US,91204
SPARK Commercial AV,sparkcommercialav.com,sparkcommercialav.com,,,Consumer Electronics,Goleta,California,US,93117
"Audiomobile - Overlanding Accessories, Android Auto & Apple Play Car Services in Hayward",audiomobilehayward.com,audiomobilehayward.com,,,Consumer Electronics,Hayward,California,US,94544
Bay Alarm Company,bayalarm.com,bayalarm.com,https://www.linkedin.com/company/bay-alarm-company,,Consumer Electronics,Hayward,California,US,94545
GMS Audio Visual,gmsav.com,gmsav.com,,,Consumer Electronics,Hayward,California,US,94545
Sound Image,sound-image.com,sound-image.com,https://www.linkedin.com/company/southern-california-sound-image,,Consumer Electronics,Hayward,California,US,94545
Stereo Base,stereobase.com,stereobase.com,,,Consumer Electronics,Hayward,California,US,94544
Style Home Theaters,stylehometheaters.com,stylehometheaters.com,,,Consumer Electronics,Hermosa Beach,California,US,90254
Apex Audio,apexaudio.com,apexaudio.com,,,Consumer Electronics,Huntington Beach,California,US,92647
"Galaxy Audio Visual, Inc",galaxyaudiovisual.com,galaxyaudiovisual.com,,,Consumer Electronics,Huntington Beach,California,US,92647
"Ultimate Installz, Inc.",ultimateinstallz.com,ultimateinstallz.com,,,Consumer Electronics,Huntington Beach,California,US,92649
Vertex AV,vertexav.com,vertexav.com,,,Consumer Electronics,Huntington Beach,California,US,92647
New Wave Home Audio and Video,newwaveaudioandvideo.com,newwaveaudioandvideo.com,,,Consumer Electronics,Indio,California,US,92203
Just One Touch - Smart Home Automation,justonetouch.com,justonetouch.com,,,Consumer Electronics,Inglewood,California,US,90302
NITIDO AUDIO VIDEO,nitidoav.com,nitidoav.com,,,Consumer Electronics,Inglewood,California,US,90304
"AB Controls, Inc.",machinelogix.com,machinelogix.com,,,Consumer Electronics,Irvine,California,US,92618
AUDIOVISIONS,audiovisions.com,audiovisions.com,https://www.linkedin.com/company/audiovisions,,Consumer Electronics,Irvine,California,US,92618
Audio Images,audioimages.tv,audioimages.tv,,,Consumer Electronics,Irvine,California,US,92614
AudioQuest,audioquest.com,audioquest.com,https://www.linkedin.com/company/audioquest,,Consumer Electronics,Irvine,California,US,92614
BCS Consultants | AV Contractor | Security Surveillance Contractor | Cabling Contractor | C7 Low Voltage | Video Conferencing,bcsconsultants.com,bcsconsultants.com,https://www.linkedin.com/company/business-communications-solutions,,Consumer Electronics,Irvine,California,US,92618
"Control My AV, LLC",controlmyav.com,controlmyav.com,,,Consumer Electronics,Irvine,California,US,92618
"ETAP / Operation Technology, Inc.",etap.com,etap.com,https://www.linkedin.com/company/operation-technology-inc-,,Consumer Electronics,Irvine,California,US,92618
Eagle Communications,two-wayradio.com,two-wayradio.com,https://www.linkedin.com/company/eagle-communications-irvine-ca,,Consumer Electronics,Irvine,California,US,92618
FixaCal Electrician,fixacal.com,fixacal.com,https://www.linkedin.com/company/fixacal,,Consumer Electronics,Irvine,California,US,92619
Fuzion3,fuzion3lv.com,fuzion3lv.com,https://www.linkedin.com/company/fuzion-3,,Consumer Electronics,Irvine,California,US,92618
Golden State Audio Video,goldenstateav.com,goldenstateav.com,https://www.linkedin.com/company/golden-state-audio-video,,Consumer Electronics,Irvine,California,US,92614
Kubus Construction,kubuska.com,kubuska.com,,,Consumer Electronics,Irvine,California,US,92618
Launch Systems,launchav.com,launchav.com,,,Consumer Electronics,Irvine,California,US,92614
MiMedia - Audio Visual Productions,mmpav.com,mmpav.com,https://www.linkedin.com/company/mmpav,,Consumer Electronics,Irvine,California,US,92618
NIBAV LIFTS INC,nibavlifts.us,nibavlifts.us,https://www.linkedin.com/company/nibav-home-elevators-usa,,Consumer Electronics,Irvine,California,US,92618
OC Tech Innovations,octech.com,octech.com,https://www.linkedin.com/company/oc-tech-innovations,,Consumer Electronics,Irvine,California,US,92618
PMC Speakers USA,pmc-speakers.com,pmc-speakers.com,,,Consumer Electronics,Irvine,California,US,92614
"Professional Audio Video Communications, INC.",proavcomm.com,proavcomm.com,https://www.linkedin.com/company/professional-audio-video-communications-inc,,Consumer Electronics,Irvine,California,US,92618
Rock On Audio Video,rockonav.com,rockonav.com,,,Consumer Electronics,Irvine,California,US,92618
Shape Software,setshape.com,setshape.com,https://www.linkedin.com/company/shape-software,,Consumer Electronics,Irvine,California,US,92618
SkyBell Technologies Inc.,skybell.com,skybell.com,,,Consumer Electronics,Irvine,California,US,92618
Smart Systems Technologies,sstsun.com,sstsun.com,,,Consumer Electronics,Irvine,California,US,92618
Smartenit,smartenit.com,smartenit.com,,,Consumer Electronics,Irvine,California,US,92618
Sorena Car Audio,sorenacaraudio.com,sorenacaraudio.com,,,Consumer Electronics,Irvine,California,US,92614
"The Integration Works, LLC",integrationworks.com,integrationworks.com,,,Consumer Electronics,Irvine,California,US,92614
Wachter Regional Technology Office Irvine,wachter.com,wachter.com,https://www.linkedin.com/company/38222,,Consumer Electronics,Irvine,California,US,92618
moviTHERM,movitherm.com,movitherm.com,https://www.linkedin.com/company/movitherm,,Consumer Electronics,Irvine,California,US,92618
"Criterion Automation, Inc.",criterionautomation.com,criterionautomation.com,,,Consumer Electronics,Jurupa Valley,California,US,92509
Stellar Technology & Automation,s-tekk.com,s-tekk.com,https://www.linkedin.com/company/stellar-technology-automation,,Consumer Electronics,Jurupa Valley,California,US,92509
Sound Decision,sounddecisionav.com,sounddecisionav.com,,,Consumer Electronics,La Cañada Flintridge,California,US,91011
"Authorized Audio-Video, Inc",authorizedav.com,authorizedav.com,,,Consumer Electronics,La Habra,California,US,90631
Rhew Contracting,rhewcontracting.com,rhewcontracting.com,,,Consumer Electronics,La Jolla,California,US,92037
Winn Enterprises,winnenterprises.com,winnenterprises.com,,,Consumer Electronics,La Mesa,California,US,91942
AVS - Audio Video Services,avslq.com,avslq.com,,,Consumer Electronics,La Quinta,California,US,92253
Grindhouse Audio / Video,grindhouseav.com,grindhouseav.com,,,Consumer Electronics,La Quinta,California,US,92253
Integration Techs,integrationtechs.com,integrationtechs.com,,,Consumer Electronics,La Quinta,California,US,92253
Intelligent Technology Solutions,intelltechsolutions.com,intelltechsolutions.com,,,Consumer Electronics,La Quinta,California,US,92253
"Pro Circuit A.V.,Inc.",procircuitav.com,procircuitav.com,,,Consumer Electronics,La Quinta,California,US,92253
SMG Audio Video,smgaudiovideo.com,smgaudiovideo.com,,,Consumer Electronics,La Quinta,California,US,92253
WyreDreams,wyredreams.com,wyredreams.com,,,Consumer Electronics,La Verne,California,US,91750
O C Audio Visual Solutions,ocavs.com,ocavs.com,,,Consumer Electronics,Laguna Hills,California,US,92653
Orange Coast Audio/Video,ocav.com,ocav.com,,,Consumer Electronics,Laguna Niguel,California,US,92677
Technical Comfort,technicalcomfort.com,technicalcomfort.com,https://www.linkedin.com/company/technical-comfort,,Consumer Electronics,Laguna Niguel,California,US,92677
Central Electronics,hdtvcare.com,hdtvcare.com,,,Consumer Electronics,Lake Forest,California,US,92630
Clarity Experiences,clarityexperiences.com,clarityexperiences.com,,,Consumer Electronics,Lake Forest,California,US,92630
MikeTech Smart Homes & Home Theaters,miketechinc.com,miketechinc.com,,,Consumer Electronics,Lake Forest,California,US,92630
Production Access Group,productionaccessgroup.com,productionaccessgroup.com,,,Consumer Electronics,Lake Forest,California,US,92630
VCI Events,vcievents.com,vcievents.com,https://www.linkedin.com/company/vcievents,,Consumer Electronics,Lake Forest,California,US,92630
"Evolution Home Theatre, Inc.",evoht.com,evoht.com,,,Consumer Electronics,Lakeside,California,US,92040
JEC Integration Systems,jecintegration.com,jecintegration.com,,,Consumer Electronics,Lakewood,California,US,90712
Paramount Protechs,paramountprotechsllc.com,paramountprotechsllc.com,,,Consumer Electronics,Lakewood,California,US,90712
"Tech2 Systems, Inc.",tech2systems.com,tech2systems.com,,,Consumer Electronics,Lakewood,California,US,90712
Dream Home Entertainment,dreamhomeentertainment.net,dreamhomeentertainment.net,,,Consumer Electronics,Lincoln,California,US,95648
"CRISP Audio and Video, Inc.",crispav.com,crispav.com,,,Consumer Electronics,Lomita,California,US,90717
ASG Security,asg-security.com,asg-security.com,,,Consumer Electronics,Long Beach,California,US,90802
Al Rey Systems,alreysytems.com,alreysytems.com,,,Consumer Electronics,Long Beach,California,US,90805
As Builts - Precision Property Measurements,asbuiltdrawings.com,asbuiltdrawings.com,https://www.linkedin.com/company/2810269,,Consumer Electronics,Long Beach,California,US,90804
Astra Production Group Inc,astraproductions.com,astraproductions.com,,,Consumer Electronics,Long Beach,California,US,90804
Belmont Productions,belmontproductions.com,belmontproductions.com,,,Consumer Electronics,Long Beach,California,US,90814
"Blue Network, Inc. | IT Experts | Managed IT Services | IT Support",bluenetworkinc.com,bluenetworkinc.com,https://www.linkedin.com/company/blue-network-inc,,Consumer Electronics,Long Beach,California,US,90802
Coastline TV Installs,coastlinetvinstalls.com,coastlinetvinstalls.com,,,Consumer Electronics,Long Beach,California,US,90815
Collective Visions Productions,cvrecordings.com,cvrecordings.com,,,Consumer Electronics,Long Beach,California,US,90805
Digital Installers Inc,digitalinstallers.com,digitalinstallers.com,,,Consumer Electronics,Long Beach,California,US,90807
GM Automation & Controls,gmautomationandcontrols.com,gmautomationandcontrols.com,,,Consumer Electronics,Long Beach,California,US,90805
GM Electric Tech,gmelectrictech.com,gmelectrictech.com,,,Consumer Electronics,Long Beach,California,US,90805
Itech Low Voltage,itechlowvoltage.com,itechlowvoltage.com,,,Consumer Electronics,Long Beach,California,US,90804
Karmic Electrical,karmicelectrical.com,karmicelectrical.com,,,Consumer Electronics,Long Beach,California,US,90814
Local Trusted Electricians,localtrustedelectricians.com,localtrustedelectricians.com,,,Consumer Electronics,Long Beach,California,US,90813
Long Beach Audio Shop,longbeachaudioshopca.hibuwebsites.com,longbeachaudioshopca.hibuwebsites.com,,,Consumer Electronics,Long Beach,California,US,90806
Mario Castillo Electric,mariocastilloelectric.com,mariocastilloelectric.com,,,Consumer Electronics,Long Beach,California,US,90802
"PCH Custom Audio - Long Beach, CA",onlinecarstereo.com,onlinecarstereo.com,,,Consumer Electronics,Long Beach,California,US,90806
Pacific Blue Engineering,pacificblueengineering.com,pacificblueengineering.com,https://www.linkedin.com/company/pacific-blue-engineering,,Consumer Electronics,Long Beach,California,US,90755
Pacific Coast Studio,pacificcoaststudio.com,pacificcoaststudio.com,,,Consumer Electronics,Long Beach,California,US,90808
Smart Homes Remodeling & foundation,smartshomesremodelinginc.com,smartshomesremodelinginc.com,,,Consumer Electronics,Long Beach,California,US,90807
Specialty Doors & Automation,specialtydoorsofca.com,specialtydoorsofca.com,,,Consumer Electronics,Long Beach,California,US,90805
"V3, INC.",gotov3.com,gotov3.com,,,Consumer Electronics,Long Beach,California,US,90806
Audio Video Systems,avsone.com,avsone.com,,,Consumer Electronics,Loomis,California,US,95650
Carter Industrial Automation,carterautomation.com,carterautomation.com,,,Consumer Electronics,Los Alamitos,California,US,90720
IGI - Audio Visual Solutions,werigi.com,werigi.com,https://www.linkedin.com/company/igi---advanced-visualization-systems,,Consumer Electronics,Los Alamitos,California,US,90720
Industrial Automation Solution || Robot Integrator,industrial-automation-solution.com,industrial-automation-solution.com,,,Consumer Electronics,Los Alamitos,California,US,90720
Purpose Video Services,purposevideoservices.com,purposevideoservices.com,,,Consumer Electronics,Los Alamitos,California,US,90720
TechArts,techarts.net,techarts.net,,,Consumer Electronics,Los Alamitos,California,US,90720
CSIAV,csiav.com,csiav.com,,,Consumer Electronics,Los Altos,California,US,94024
AD Audio Pro LLC,adaudiopro.com,adaudiopro.com,,,Consumer Electronics,Los Angeles,California,US,91324
ALFRED'S TV MOUNTING LLC,alfredstvmounting.square.site,alfredstvmounting.square.site,,,Consumer Electronics,Los Angeles,California,US,90063
APD Smart Homes & Wiring,audioprodirect.com,audioprodirect.com,,,Consumer Electronics,Los Angeles,California,US,91303
AV Planners,avplanners.com,avplanners.com,https://www.linkedin.com/company/avplanners,,Consumer Electronics,Los Angeles,California,US,90036
Accurate Communication Services,accuratecommunicationservices.com,accuratecommunicationservices.com,https://www.linkedin.com/company/accurate-communication-services-inc,,Consumer Electronics,Los Angeles,California,US,90027
Ahead Stereo,aheadstereo.com,aheadstereo.com,,,Consumer Electronics,Los Angeles,California,US,90036
All American Audio Visual Event Solutions Los Angeles,aaaveventsolutions.com,aaaveventsolutions.com,,,Consumer Electronics,Los Angeles,California,US,90034
All American Audio Visual Los Angeles,allamericanav.com,allamericanav.com,,,Consumer Electronics,Los Angeles,California,US,90034
"Armtech Satellites, Inc",armtechservices.com,armtechservices.com,https://www.linkedin.com/company/armtech-satellites-inc,,Consumer Electronics,Los Angeles,California,US,90027
Audio Intervisual Design (AID Inc.),aidinc.com,aidinc.com,,,Consumer Electronics,Los Angeles,California,US,90034
Audio Perception,audioperception.com,audioperception.com,,,Consumer Electronics,Los Angeles,California,US,90014
Audio Video Automation System Design Exports,daveshometheater.com,daveshometheater.com,,,Consumer Electronics,Los Angeles,California,US,91307
"Audio Video Illusions, Inc",avillusions.com,avillusions.com,,,Consumer Electronics,Los Angeles,California,US,91602
"Audio Video West, Inc.",audiovideowest.com,audiovideowest.com,,,Consumer Electronics,Los Angeles,California,US,90025
Audiovideoking - TV Installation & Home Theater,audiovideoking.com,audiovideoking.com,,,Consumer Electronics,Los Angeles,California,US,90046
BAVI Home Tech,bavihometech.com,bavihometech.com,,,Consumer Electronics,Los Angeles,California,US,90049
BB One Technologies,bbone.tech,bbone.tech,https://www.linkedin.com/company/bbone-tech,,Consumer Electronics,Los Angeles,California,US,90068
Common Wave HiFi,commonwave.net,commonwave.net,,,Consumer Electronics,Los Angeles,California,US,90033
Empire Lakes Productions,empirelakes.co,empirelakes.co,https://www.linkedin.com/company/empire-lakes-productions,,Consumer Electronics,Los Angeles,California,US,90032
"Evolve Sound & Vision, Inc.",evolvesv.com,evolvesv.com,,,Consumer Electronics,Los Angeles,California,US,90069
FixItNow TV Mounting,tvmountnow.onhercules.app,tvmountnow.onhercules.app,,,Consumer Electronics,Los Angeles,California,US,90012
"ForTech Solutions, Inc.",fortechsolutions.com,fortechsolutions.com,https://www.linkedin.com/company/fortech-solutions-inc-,,Consumer Electronics,Los Angeles,California,US,91605
Future Home,fhtla.com,fhtla.com,,,Consumer Electronics,Los Angeles,California,US,90016
Gizmo,gizmo-la.com,gizmo-la.com,,,Consumer Electronics,Los Angeles,California,US,90025
Grindlex LLC,grindlex.com,grindlex.com,,,Consumer Electronics,Los Angeles,California,US,90012
HOME TECH INC,lahometech.com,lahometech.com,,,Consumer Electronics,Los Angeles,California,US,90035
Home Theater System & Gazebo: Los Angeles Getaway!,g.rentalsunited.com,g.rentalsunited.com,,,Consumer Electronics,Los Angeles,California,US,91340
Homi Home Automation,homihomeautomation.com,homihomeautomation.com,,,Consumer Electronics,Los Angeles,California,US,91423
Installation King,installationking.com,installationking.com,,,Consumer Electronics,Los Angeles,California,US,90066
IntellihomeAV & Smart Home Automation,intellihomeav.com,intellihomeav.com,,,Consumer Electronics,Los Angeles,California,US,90064
LA Techs,latechs.com,latechs.com,,,Consumer Electronics,Los Angeles,California,US,91411
Lumina Special Event Lighting & LED Video Wall Rentals,luminaeventlighting.com,luminaeventlighting.com,https://www.linkedin.com/company/luminala,,Consumer Electronics,Los Angeles,California,US,90021
Lutron’s LA Design Studio,experience.lutron.com,experience.lutron.com,,,Consumer Electronics,Los Angeles,California,US,90071
MIR Audio Video,miraudiovideo.com,miraudiovideo.com,https://www.linkedin.com/company/mir-audio-video,,Consumer Electronics,Los Angeles,California,US,90025
Montrose Audio Visual,montroseinc.com,montroseinc.com,,,Consumer Electronics,Los Angeles,California,US,90293
My Smarty Home,mysmartyhome.com,mysmartyhome.com,,,Consumer Electronics,Los Angeles,California,US,90038
Nirvana Home Entertainment,nirvanahomeentertainment.com,nirvanahomeentertainment.com,https://www.linkedin.com/company/nirvana-home-entertainment-inc,,Consumer Electronics,Los Angeles,California,US,90065
Optimum Surveillance,optimumsurveillance.com,optimumsurveillance.com,,,Consumer Electronics,Los Angeles,California,US,90032
Powerfull Systems,powerfullsystems.com,powerfullsystems.com,https://www.linkedin.com/company/powerfull-systems,,Consumer Electronics,Los Angeles,California,US,90019
Providence Sound And Vision,provsv.com,provsv.com,,,Consumer Electronics,Los Angeles,California,US,90039
Quick Tv Mounting and Installation,quicktvmounting.online,quicktvmounting.online,,,Consumer Electronics,Los Angeles,California,US,90017
Robert's Home Audio & Video,robertshomeav.com,robertshomeav.com,,,Consumer Electronics,Los Angeles,California,US,90035
SOS Electronics,sosusa.net,sosusa.net,,,Consumer Electronics,Los Angeles,California,US,90021
Secure Zone,securezonela.com,securezonela.com,,,Consumer Electronics,Los Angeles,California,US,90035
SimTech Electric & Automation Corp,simtechelectric.com,simtechelectric.com,,,Consumer Electronics,Los Angeles,California,US,90744
SmartSource,thesmartsource.com,thesmartsource.com,,,Consumer Electronics,Los Angeles,California,US,90061
Sonido Live,sonidolive.com,sonidolive.com,,,Consumer Electronics,Los Angeles,California,US,90021
SuperVision Audio+Video,supervisionav.com,supervisionav.com,,,Consumer Electronics,Los Angeles,California,US,90034
TSV Sound & Vision,tsvla.com,tsvla.com,,,Consumer Electronics,Los Angeles,California,US,91405
TV mount LAX,tvmountlax.com,tvmountlax.com,,,Consumer Electronics,Los Angeles,California,US,90005
Tech In Control,techincontrol.com,techincontrol.com,,,Consumer Electronics,Los Angeles,California,US,91411
Tech Smart Solutions,tss-techsmartsolutions.com,tss-techsmartsolutions.com,,,Consumer Electronics,Los Angeles,California,US,91352
The Hunter Group,control4.com,control4.com,https://www.linkedin.com/company/control4,,Consumer Electronics,Los Angeles,California,US,90045
The Wires Zone,thewireszone.com,thewireszone.com,,,Consumer Electronics,Los Angeles,California,US,90021
UrbanOrbits,urban-orbits.com,urban-orbits.com,,,Consumer Electronics,Los Angeles,California,US,90026
Video & Audio Center - Century City,videoandaudiocenter.com,videoandaudiocenter.com,,,Consumer Electronics,Los Angeles,California,US,90067
WOVA Event Technology Production and LED Video Wall,wova.com,wova.com,https://www.linkedin.com/company/wova---world-of-video-&-audio,,Consumer Electronics,Los Angeles,California,US,90016
"Automation & Entertainment, Inc",automationandentertainmentinc.com,automationandentertainmentinc.com,,,Consumer Electronics,Los Gatos,California,US,95033
Haven & Wire,havenandwire.com,havenandwire.com,,,Consumer Electronics,Los Gatos,California,US,95032
Design Technologies Automatic Gate Systems,affordableautomaticgates.com,affordableautomaticgates.com,,,Consumer Electronics,Madera,California,US,93636
LA Home Contractor Inc.,lahomecontractor.com,lahomecontractor.com,,,Consumer Electronics,Malibu,California,US,90265
LionTech Malibu,liontechla.com,liontechla.com,,,Consumer Electronics,Malibu,California,US,90265
Smart HVAC System,smarthvacsystem.com,smarthvacsystem.com,,,Consumer Electronics,Malibu,California,US,90265
Tri Star Electric & Automation,tristarelectricca.com,tristarelectricca.com,,,Consumer Electronics,Malibu,California,US,90265
Zoom Electricians,zoomelectricians.com,zoomelectricians.com,,,Consumer Electronics,Malibu,California,US,90265
PROJECT: automate,projectautomate.com,projectautomate.com,,,Consumer Electronics,Manhattan Beach,California,US,90266
Blue Lake Home Theater,bluelakehometheater.com,bluelakehometheater.com,,,Consumer Electronics,Markleeville,California,US,96120
Beard & Belt Handyman LLC,beardandbelt.com,beardandbelt.com,,,Consumer Electronics,Menlo Park,California,US,94025
Equiptek Labs Inc.,equiptek.com,equiptek.com,,,Consumer Electronics,Menlo Park,California,US,94025
Go Brilliant Electric,electricianmenlopark.com,electricianmenlopark.com,,,Consumer Electronics,Menlo Park,California,US,94025
"Techloop Electronics Repair and Sales ( iPhone, iPad, Mac, PC Repair and Sales)",techloop.repair,techloop.repair,,,Consumer Electronics,Menlo Park,California,US,94025
The Guild Theatre,guildtheatre.com,guildtheatre.com,,,Consumer Electronics,Menlo Park,California,US,94025
Spectrum Audio Visual,spectrumavmarin.com,spectrumavmarin.com,https://www.linkedin.com/company/spectrum-av-llc,,Consumer Electronics,Mill Valley,California,US,94941
Positive Electric,positive-electric.net,positive-electric.net,,,Consumer Electronics,Millbrae,California,US,94030
Audio Video Design Inc,avdinc.com,avdinc.com,,,Consumer Electronics,Mission Viejo,California,US,92691
Decret Design,decretdesign.com,decretdesign.com,,,Consumer Electronics,Montecito,California,US,93108
Axiom Home Tech,axiomhometech.com,axiomhometech.com,,,Consumer Electronics,Monterey,California,US,93940
Visions Audio Video,visionsav.com,visionsav.com,https://www.linkedin.com/company/visions-audio-video-inc-,,Consumer Electronics,Moorpark,California,US,93021
R & D Automation - A Vibratory Feeding Systems Company,randdautomation.com,randdautomation.com,,,Consumer Electronics,Moreno Valley,California,US,92553
Custom Innovations,custom-innovations.com,custom-innovations.com,,,Consumer Electronics,Morgan Hill,California,US,95037
QOVO Solutions Inc.,qovoinc.com,qovoinc.com,,,Consumer Electronics,Morgan Hill,California,US,95037
54 Electric Inc,54electric.com,54electric.com,,,Consumer Electronics,Mountain View,California,US,94041
Advanced Home Automation,advancedha.com,advancedha.com,,,Consumer Electronics,Mountain View,California,US,94041
Audio High,audiohigh.com,audiohigh.com,,,Consumer Electronics,Mountain View,California,US,94043
Evergreen Home Systems Inc | Lutron Smart Home | Ketra,evergreenhomesystems.com,evergreenhomesystems.com,,,Consumer Electronics,Mountain View,California,US,94040
"Inland Empire Audio Video Rentals, LLC",ieavr.com,ieavr.com,,,Consumer Electronics,Murrieta,California,US,92562
Aperture Media + Design,aperture.media,aperture.media,,,Consumer Electronics,Napa,California,US,94559
"Audio House Napa - Window Tinting, Car Audio, Paint Protection Film",audiohousenapa.com,audiohousenapa.com,,,Consumer Electronics,Napa,California,US,94559
Digital Connections,digital-connections.net,digital-connections.net,,,Consumer Electronics,Napa,California,US,94558
DigitalWeavers,digitalweavers.com,digitalweavers.com,,,Consumer Electronics,Napa,California,US,94559
Hyatt Electric Co,hyattelectric.com,hyattelectric.com,,,Consumer Electronics,Napa,California,US,94559
INDIGO LIVE | Napa Audio Visual,napa.indigolive.com,napa.indigolive.com,https://www.linkedin.com/company/3793674,,Consumer Electronics,Napa,California,US,94559
Inventive Films,inventivefilming.com,inventivefilming.com,,,Consumer Electronics,Napa,California,US,94558
"JD's Home Renovations, Inc.",jdshomerenovations.com,jdshomerenovations.com,,,Consumer Electronics,Napa,California,US,94558
Multitudes Agency,multitudes.agency,multitudes.agency,,,Consumer Electronics,Napa,California,US,94559
"Myles Davis Electric, Inc.",mylesdaviselectric.com,mylesdaviselectric.com,,,Consumer Electronics,Napa,California,US,94558
Napa Electric,napaelectric.com,napaelectric.com,,,Consumer Electronics,Napa,California,US,94558
Napa Valley Media,napavalleymedia.com,napavalleymedia.com,,,Consumer Electronics,Napa,California,US,94558
Napa Valley Outdoors,napavalleyoutdoors.com,napavalleyoutdoors.com,,,Consumer Electronics,Napa,California,US,94558
Northern California Audio Video,norcalav.net,norcalav.net,,,Consumer Electronics,Napa,California,US,94559
Pinnacle Live - Audio Visual Productions,pinnaclelive.com,pinnaclelive.com,https://www.linkedin.com/company/pinnacle-live,,Consumer Electronics,Napa,California,US,94558
Safety Training Seminars,safetytrainingseminars.com,safetytrainingseminars.com,https://www.linkedin.com/company/safety-training-seminars,,Consumer Electronics,Napa,California,US,94558
Vino Design Build,vinodesignbuild.com,vinodesignbuild.com,,,Consumer Electronics,Napa,California,US,94558
drapinski TV & Audio Inc,drapinskitv.com,drapinskitv.com,,,Consumer Electronics,Napa,California,US,94559
The Installer Shop,tishops.com,tishops.com,,,Consumer Electronics,National City,California,US,91950
Premier Automation Contractors,premierac.com,premierac.com,,,Consumer Electronics,Newark,California,US,94560
Automated Now,automatednow.com,automatednow.com,https://www.linkedin.com/company/automatednow,,Consumer Electronics,Newport Beach,California,US,92660
"EEI Systems - Quality Audio, Video, Lighting, Electrical, And Control Systems",eeisystems.com,eeisystems.com,,,Consumer Electronics,Newport Beach,California,US,92660
Excel Audio,excelaudio.us,excelaudio.us,,,Consumer Electronics,Newport Beach,California,US,92660
Pacific Coast Audio-Video,pacificcoastav.com,pacificcoastav.com,,,Consumer Electronics,Newport Beach,California,US,92625
Smart Home Window Treatments,site-wfwpqlbg2.godaddysites.com,site-wfwpqlbg2.godaddysites.com,,,Consumer Electronics,Newport Beach,California,US,92660
So Cal Audio Solutions,socalaudiosolutions.com,socalaudiosolutions.com,,,Consumer Electronics,Newport Beach,California,US,92660
Selective Security Systems Inc.,selectivesecuritysystems.com,selectivesecuritysystems.com,,,Consumer Electronics,Nipomo,California,US,93444
GitsTel - Sacramento Managed IT Services Company,gitstel.com,gitstel.com,https://www.linkedin.com/company/gitstel,,Consumer Electronics,North Highlands,California,US,95660
Skyline Design Build Inc,skylinebuildinc.com,skylinebuildinc.com,,,Consumer Electronics,North Highlands,California,US,95660
"AC-DC AUTOMATION INC: HOME AUTOMATION, AUDIO, VIDEO, THEATER, LIGHTING, SECURITY, CAMERAS",acdcautomation.com,acdcautomation.com,,,Consumer Electronics,North Hollywood,California,US,91606
ION AVT Inc.,ionavt.com,ionavt.com,https://www.linkedin.com/company/ionavt,,Consumer Electronics,North Hollywood,California,US,91605
AMR Productions Audio Video & Film Transfers,amrproductionsinc.com,amrproductionsinc.com,,,Consumer Electronics,Novato,California,US,94949
Core Audio Designs,coreaudiodesign.com,coreaudiodesign.com,,,Consumer Electronics,Novato,California,US,94945
Home Cinema Marin -,homecinemamarin.com,homecinemamarin.com,,,Consumer Electronics,Novato,California,US,94949
Jacopi Designs smart home audio & video installations,jacopidesigns.com,jacopidesigns.com,,,Consumer Electronics,Novato,California,US,94949
Performance Media Industries (PMI),pmiltd.com,pmiltd.com,,,Consumer Electronics,Novato,California,US,94949
Proava Tech - Expert Home & Commercial Automation,proavatech.com,proavatech.com,,,Consumer Electronics,Novato,California,US,94949
SoundVision,svsf.com,svsf.com,,,Consumer Electronics,Novato,California,US,94949
Alan Cash Video,alancashvideo.com,alancashvideo.com,,,Consumer Electronics,Oakland,California,US,94611
Analog to Digital,analog-to-digital.net,analog-to-digital.net,,,Consumer Electronics,Oakland,California,US,94610
Associated Lighting Reps Inc,alrinc.com,alrinc.com,,,Consumer Electronics,Oakland,California,US,94621
Audio Visual Consultants,avconsultants.com,avconsultants.com,https://www.linkedin.com/company/audio-visual-consultants,,Consumer Electronics,Oakland,California,US,94610
CA&C Video Productions,cacvideo.com,cacvideo.com,https://www.linkedin.com/company/cacvideo,,Consumer Electronics,Oakland,California,US,94612
EV Electrical,temtechla.com,temtechla.com,,,Consumer Electronics,Oakland,California,US,94601
GUTA TECH,gutatech.com,gutatech.com,,,Consumer Electronics,Oakland,California,US,94609
Home Smart Improvements-Oakland,homesmartimprovements.com,homesmartimprovements.com,,,Consumer Electronics,Oakland,California,US,94607
Know Audio,knowaudio.com,knowaudio.com,,,Consumer Electronics,Oakland,California,US,94607
Momentum Electrical Contractors,momentum-electric.com,momentum-electric.com,,,Consumer Electronics,Oakland,California,US,94608
"Montage Videos, Inc.",getmontage.co,getmontage.co,,,Consumer Electronics,Oakland,California,US,94618
Oakland Hi-Fi,oaklandhifi.com,oaklandhifi.com,,,Consumer Electronics,Oakland,California,US,94606
Safe and Sound Security,getsafeandsound.com,getsafeandsound.com,https://www.linkedin.com/company/safe-and-sound-security,,Consumer Electronics,Oakland,California,US,94612
Same Day Installations,samedayinstallations.com,samedayinstallations.com,,,Consumer Electronics,Oakland,California,US,94607
Sonic Satellites Recording,sonicsatellites.com,sonicsatellites.com,,,Consumer Electronics,Oakland,California,US,94601
"SoundWare, Inc",soundware.io,soundware.io,,,Consumer Electronics,Oakland,California,US,94612
"Total DVR, USMI",totaldvr.com,totaldvr.com,,,Consumer Electronics,Oakland,California,US,94612
VIsual Life Music Group,visuallifemusicgroup.com,visuallifemusicgroup.com,,,Consumer Electronics,Oakland,California,US,94601
"Waveworks AV, Inc.",waveworksav.com,waveworksav.com,,,Consumer Electronics,Oakland,California,US,94607
XK Estates,xk-estates.com,xk-estates.com,https://www.linkedin.com/company/104832227,,Consumer Electronics,Oakland,California,US,94607
Commercial Audio Video Installation Orange County,commercialaudiovideoinstallationorangecounty.com,commercialaudiovideoinstallationorangecounty.com,,,Consumer Electronics,Orange,California,US,92866
"Experience Audio Video, Inc.",experienceaudiovideo.com,experienceaudiovideo.com,,,Consumer Electronics,Orange,California,US,92867
Home Media Solutions,hmsav.com,hmsav.com,,,Consumer Electronics,Orange,California,US,92867
Home Theater Installation Orange County,hometheaterinstallationorangecounty.com,hometheaterinstallationorangecounty.com,,,Consumer Electronics,Orange,California,US,92866
Dan's TV Mounting,danstvmounting.com,danstvmounting.com,,,Consumer Electronics,Orangevale,California,US,95662
24inControl Security & Automation,24incontrol.com,24incontrol.com,,,Consumer Electronics,Orinda,California,US,94563
AHC Alarms - Coachella Valley Security System & Alarm,ahcalarms.com,ahcalarms.com,,,Consumer Electronics,Palm Desert,California,US,92211
AV Pro Support,avprosupport.com,avprosupport.com,,,Consumer Electronics,Palm Desert,California,US,92211
"AVIR, Inc.",avir.com,avir.com,,,Consumer Electronics,Palm Desert,California,US,92211
Audio Video Concepts,audiovideoconceptsusa.com,audiovideoconceptsusa.com,,,Consumer Electronics,Palm Desert,California,US,92260
Audio Video Systems Solutions,desertavss.com,desertavss.com,,,Consumer Electronics,Palm Desert,California,US,92211
Automation Pride,automationpride.com,automationpride.com,,,Consumer Electronics,Palm Desert,California,US,92211
"Black Sheep Electric, Inc.",sheepelectric.net,sheepelectric.net,,,Consumer Electronics,Palm Desert,California,US,92211
Desert Alarm inc,desertalarm.com,desertalarm.com,,,Consumer Electronics,Palm Desert,California,US,92260
Digital Integration,diavht.com,diavht.com,,,Consumer Electronics,Palm Desert,California,US,92211
Expert Alarm,expertalarm.com,expertalarm.com,,,Consumer Electronics,Palm Desert,California,US,92260
First Call Security and Sound,firstcallpd.com,firstcallpd.com,,,Consumer Electronics,Palm Desert,California,US,92260
Palmer Electric,palmerelectricco.com,palmerelectricco.com,,,Consumer Electronics,Palm Desert,California,US,92260
Premier Satellite Communications Inc,pscsatellite.com,pscsatellite.com,,,Consumer Electronics,Palm Desert,California,US,92260
STV Audio Video,stvav.com,stvav.com,,,Consumer Electronics,Palm Desert,California,US,92211
Smart Tech Protect,smarttechprotect.com,smarttechprotect.com,,,Consumer Electronics,Palm Desert,California,US,92211
Elite Iron & Electric,eliteironps.com,eliteironps.com,,,Consumer Electronics,Palm Springs,California,US,92262
Encore,encoreglobal.com,encoreglobal.com,,,Consumer Electronics,Palm Springs,California,US,92262
High Voltage Electrical,highvoltage-electrical.com,highvoltage-electrical.com,,,Consumer Electronics,Palm Springs,California,US,92262
Homepixels,homepixels.com,homepixels.com,,,Consumer Electronics,Palm Springs,California,US,92262
PS212 HOME,ps212home.com,ps212home.com,,,Consumer Electronics,Palm Springs,California,US,92262
Palm Springs Recording Studios,palmspringsrecordingstudios.com,palmspringsrecordingstudios.com,,,Consumer Electronics,Palm Springs,California,US,92264
Recording Connection Audio Institute,recordingconnection.com,recordingconnection.com,,,Consumer Electronics,Palm Springs,California,US,92262
Revolution Stage Company,revolutionstagecompany.com,revolutionstagecompany.com,,,Consumer Electronics,Palm Springs,California,US,92264
Voiceovers By Jen,voiceoversbyjen.com,voiceoversbyjen.com,,,Consumer Electronics,Palm Springs,California,US,92262
soundengineer,111psyouarehear.gov,111psyouarehear.gov,,,Consumer Electronics,Palm Springs,California,US,92264
Apple Palo Alto,apple.com,apple.com,,,Consumer Electronics,Palo Alto,California,US,94301
Hometech Construction & Design,hometechdesignstudio.com,hometechdesignstudio.com,,,Consumer Electronics,Palo Alto,California,US,94301
Immersive Experiences - Home Theater Design & Installation,immexperiences.com,immexperiences.com,,,Consumer Electronics,Palo Alto,California,US,94301
LumElec LLC,lumelec.net,lumelec.net,,,Consumer Electronics,Palo Alto,California,US,94303
Palo Alto Players,paplayers.org,paplayers.org,,,Consumer Electronics,Palo Alto,California,US,94301
Smart4Smart,smartforsmart.com,smartforsmart.com,,,Consumer Electronics,Palo Alto,California,US,94306
Stanford Theatre,stanfordtheatre.org,stanfordtheatre.org,,,Consumer Electronics,Palo Alto,California,US,94301
Viking Systems Inc,vikingsys.com,vikingsys.com,,,Consumer Electronics,Palo Alto,California,US,94306
Advanced Home Cinema & Sound,advancedhomecinema.com,advancedhomecinema.com,,,Consumer Electronics,Palo Cedro,California,US,96073
ALTA Video Productions,altavp.com,altavp.com,,,Consumer Electronics,Pasadena,California,US,91106
"Alcala Consulting, Inc.",alcalaconsulting.com,alcalaconsulting.com,https://www.linkedin.com/company/alcala-consulting-inc,,Consumer Electronics,Pasadena,California,US,91101
AllSafe IT,allsafeit.com,allsafeit.com,,,Consumer Electronics,Pasadena,California,US,91101
Audio Crafters,audiocrafters.net,audiocrafters.net,,,Consumer Electronics,Pasadena,California,US,91107
Audio Element,audio-element.com,audio-element.com,,,Consumer Electronics,Pasadena,California,US,91103
"Foothill Integrated Systems, Inc.",foothillav.com,foothillav.com,,,Consumer Electronics,Pasadena,California,US,91107
HCI Systems Inc.,hcisystems.net,hcisystems.net,https://www.linkedin.com/company/hci-systems-inc,,Consumer Electronics,Pasadena,California,US,91101
J D Audio Visual,jdav.com,jdav.com,,,Consumer Electronics,Pasadena,California,US,91107
MIA Design Group,miadesigngroup.com,miadesigngroup.com,,,Consumer Electronics,Pasadena,California,US,91104
MONACO Audio Video Pasadena,monacoav.com,monacoav.com,,,Consumer Electronics,Pasadena,California,US,91101
Mobile Motorsports Inc,mobile-motorsports.com,mobile-motorsports.com,,,Consumer Electronics,Pasadena,California,US,91107
Pasadena Playhouse,pasadenaplayhouse.org,pasadenaplayhouse.org,,,Consumer Electronics,Pasadena,California,US,91101
Pasadena Repair Pro,pasadenarepairpro.com,pasadenarepairpro.com,,,Consumer Electronics,Pasadena,California,US,91101
Sonido & Electronica,cableinternetinmyarea.com,cableinternetinmyarea.com,,,Consumer Electronics,Pasadena,California,US,91104
Sound & Shades,soundandshades.com,soundandshades.com,https://www.linkedin.com/company/soundandshades,,Consumer Electronics,Pasadena,California,US,91101
Sunrise Integration,sunriseintegration.com,sunriseintegration.com,,,Consumer Electronics,Pasadena,California,US,91103
Three Factor Security Cameras Installation Pasadena,threefactorsecurity.com,threefactorsecurity.com,,,Consumer Electronics,Pasadena,California,US,91103
Woody's Home,woodyshome.com,woodyshome.com,,,Consumer Electronics,Pasadena,California,US,91101
Paso Integrated,pasointergrated.com,pasointergrated.com,,,Consumer Electronics,Paso Robles,California,US,93446
ELAN HOME SYSTEMS,elanu.com,elanu.com,https://www.linkedin.com/company/nice-spa,,Consumer Electronics,Petaluma,California,US,94954
Avista Audio Visual Rentals,avistarentals.com,avistarentals.com,,,Consumer Electronics,Pleasant Hill,California,US,94523
Camber Integration,camberintegration.com,camberintegration.com,,,Consumer Electronics,Pleasant Hill,California,US,94523
Visual Sound Solutions,visualsoundsolutions.net,visualsoundsolutions.net,,,Consumer Electronics,Pleasant Hill,California,US,94523
World of Sound & Vision,wosv.com,wosv.com,https://www.linkedin.com/company/world-of-sound-vision,,Consumer Electronics,Pleasant Hill,California,US,94523
VIP Audio Visual Company,vipav.com,vipav.com,https://www.linkedin.com/company/vip-audio-visual-company,,Consumer Electronics,Pleasanton,California,US,94588
Environmental Lights,environmentallights.com,environmentallights.com,,,Consumer Electronics,Poway,California,US,92064
VG-TECH Automated Gates,desertautomatedgates.com,desertautomatedgates.com,,,Consumer Electronics,Rancho Mirage,California,US,92270
Brett DeMaria Consulting,brettdemaria.com,brettdemaria.com,,,Consumer Electronics,Rancho Santa Fe,California,US,92091
Rancho Santa Fe Audio Video,ranchosantafeaudiovideo.com,ranchosantafeaudiovideo.com,,,Consumer Electronics,Rancho Santa Fe,California,US,92091
SoLV Audio Video,solvsd.com,solvsd.com,https://www.linkedin.com/company/solv-sd,,Consumer Electronics,Rancho Santa Fe,California,US,92067
Reaction Audio Visual,reactionav.com,reactionav.com,,,Consumer Electronics,Rancho Santa Margarita,California,US,92688
Future Automation & Design,futureautomationdesign.com,futureautomationdesign.com,,,Consumer Electronics,Redondo Beach,California,US,90277
Home Theater Doctor,home-theater-doctor.poi.place,home-theater-doctor.poi.place,,,Consumer Electronics,Redondo Beach,California,US,90278
Image & Sound,imageandsound.me,imageandsound.me,,,Consumer Electronics,Redondo Beach,California,US,90277
Ace Handyman Services Hassett,acehandymanservices.com,acehandymanservices.com,,,Consumer Electronics,Redwood City,California,US,94061
Audio Video Workshop,av-workshop.com,av-workshop.com,,,Consumer Electronics,Redwood City,California,US,94061
Automatic Gate Guys,automaticgatesservices.com,automaticgatesservices.com,,,Consumer Electronics,Redwood City,California,US,94063
CM Handyman Services,cmhandymanredwoodcity.com,cmhandymanredwoodcity.com,,,Consumer Electronics,Redwood City,California,US,94063
MRK Electricians Redwood,mrk-electricians-redwood.ueniweb.com,mrk-electricians-redwood.ueniweb.com,,,Consumer Electronics,Redwood City,California,US,94063
Mint Construction,mintconstruction.pro,mintconstruction.pro,,,Consumer Electronics,Redwood City,California,US,94061
"STEIGER DYNAMICS - Quiet Rackmount PCs, Workstations, Gaming PCs, Servers, HTPCs",steigerdynamics.com,steigerdynamics.com,,,Consumer Electronics,Redwood City,California,US,94063
AMAZING HOME BUILDERS,amazinghomebuilders.com,amazinghomebuilders.com,,,Consumer Electronics,Rescue,California,US,95672
David Carroll Associates,davidcarroll.com,davidcarroll.com,,,Consumer Electronics,Richmond,California,US,94804
"Electronic Innovations, Inc.",electronicinnovations.com,electronicinnovations.com,,,Consumer Electronics,Richmond,California,US,94801
AVS Security Camera & Alarm,shopavs.com,shopavs.com,,,Consumer Electronics,Riverside,California,US,92503
Advanced Car Stereo Riverside(10555 Magnolia Ave Riverside 92505),advancedcarstereo.com,advancedcarstereo.com,,,Consumer Electronics,Riverside,California,US,92505
"Alarmax Distributors, Riverside CA",alarmax.com,alarmax.com,https://www.linkedin.com/company/alarmaxusa,,Consumer Electronics,Riverside,California,US,92507
Auto Stereo of Riverside,autostereoriverside.com,autostereoriverside.com,,,Consumer Electronics,Riverside,California,US,92506
Emergency Response Systems Inc,ersi.pro,ersi.pro,,,Consumer Electronics,Riverside,California,US,92507
Emerson Automation Solutions,emerson.com,emerson.com,,,Consumer Electronics,Riverside,California,US,92507
Empire Technologies Group Inc.,empiretechs.com,empiretechs.com,https://www.linkedin.com/company/empire-technologies-group-inc-,,Consumer Electronics,Riverside,California,US,92503
"Haven Controls and Electric, Inc.",havencontrols-electric.com,havencontrols-electric.com,,,Consumer Electronics,Riverside,California,US,92508
IE Alarm Systems,iealarm.com,iealarm.com,https://www.linkedin.com/company/ie-alarm-systems,,Consumer Electronics,Riverside,California,US,92507
"Immersive Sound, LLC",immersivesoundllc.com,immersivesoundllc.com,,,Consumer Electronics,Riverside,California,US,92504
Inland Lighting Supplies,inlandlightingsupplies.com,inlandlightingsupplies.com,,,Consumer Electronics,Riverside,California,US,92507
Inside Technologies,insidetechnologies.net,insidetechnologies.net,,,Consumer Electronics,Riverside,California,US,92507
KME (Formerly Active IT Solutions) - Riverside Managed IT Services,kmesystems.com,kmesystems.com,https://www.linkedin.com/company/kme-systems,,Consumer Electronics,Riverside,California,US,92507
KPS Alarms,kpsalarms.com,kpsalarms.com,https://www.linkedin.com/company/kps-alarms-inc.-d-b-a-kps-powerhome-%26-kps-fire-sprinklers-inc.,,Consumer Electronics,Riverside,California,US,92505
Linkswell,linkswellinc.com,linkswellinc.com,,,Consumer Electronics,Riverside,California,US,92507
Magnolia Heating and Cooling,maghvac.com,maghvac.com,,,Consumer Electronics,Riverside,California,US,92504
Powerlan,powerlanlv.com,powerlanlv.com,,,Consumer Electronics,Riverside,California,US,92503
Prime System Industrial Automation,psia.biz,psia.biz,,,Consumer Electronics,Riverside,California,US,92507
ProAudio 103,proaudio103.myshopify.com,proaudio103.myshopify.com,,,Consumer Electronics,Riverside,California,US,92503
SoCal Gates and Doors,socalgatesanddoors.com,socalgatesanddoors.com,,,Consumer Electronics,Riverside,California,US,92508
Systems Electronics,systemselectronicsinc.com,systemselectronicsinc.com,,,Consumer Electronics,Riverside,California,US,92507
TDG Audio - The Davinci Group,tdgaudio.com,tdgaudio.com,,,Consumer Electronics,Riverside,California,US,92507
e-con Systems® Inc - Riverside,e-consystems.com,e-consystems.com,,,Consumer Electronics,Riverside,California,US,92505
Audio Video Link,audiovideolink.com,audiovideolink.com,,,Consumer Electronics,Rocklin,California,US,95765
Hood Branco Innovations Inc,hb-innovations.com,hb-innovations.com,https://www.linkedin.com/company/263018,,Consumer Electronics,Rocklin,California,US,95677
Bright Home Services,brighthomeusa.com,brighthomeusa.com,,,Consumer Electronics,Roseville,California,US,95746
Theater Xtreme,theaterxtreme.tv,theaterxtreme.tv,,,Consumer Electronics,Roseville,California,US,95678
AV8 Technologies,av8tech.com,av8tech.com,,,Consumer Electronics,SF,California,US,94102
Bug I'd,bugid.com,bugid.com,https://www.linkedin.com/company/bug-id-inc,,Consumer Electronics,SF,California,US,94133
IQvideo - San Francisco Video Production,iqvideo.net,iqvideo.net,,,Consumer Electronics,SF,California,US,94104
"Pro Audio Repairs at Pro AV Resource, Inc.",proavresource.com,proavresource.com,,,Consumer Electronics,SF,California,US,94110
Projection Presentation Tech,projection.com,projection.com,,,Consumer Electronics,SF,California,US,94103
San Francisco AV Rentals,sanfranciscoavrentals.com,sanfranciscoavrentals.com,,,Consumer Electronics,SF,California,US,94107
San Francisco Corporate Photo and Video,sfphotovideo.com,sfphotovideo.com,,,Consumer Electronics,SF,California,US,94118
SmartHome Appliances & HVAC,smarthome-appliance.com,smarthome-appliance.com,,,Consumer Electronics,SF,California,US,94107
The Audio Visual Rental,theaudiovisualrental.com,theaudiovisualrental.com,,,Consumer Electronics,SF,California,US,94103
Westwave AV,westwaveav.com,westwaveav.com,,,Consumer Electronics,SF,California,US,94103
World of Stereo,worldofstereo.com,worldofstereo.com,,,Consumer Electronics,SF,California,US,94103
"A&E Digital Productions, LLC",aedigitalproductions.com,aedigitalproductions.com,,,Consumer Electronics,Sacramento,California,US,95824
AAA Electrical Services,aaaes.com,aaaes.com,,,Consumer Electronics,Sacramento,California,US,95815
ADT Security Services,adt.com,adt.com,,,Consumer Electronics,Sacramento,California,US,95834
AVProSupply,avprosupply.com,avprosupply.com,,,Consumer Electronics,Sacramento,California,US,95834
Advance Sound & Electronics,4ase.com,4ase.com,,,Consumer Electronics,Sacramento,California,US,95841
Alive Media,aliveav.com,aliveav.com,,,Consumer Electronics,Sacramento,California,US,95838
Andrew Conn Audio Post Production,andrewconnaudio.com,andrewconnaudio.com,,,Consumer Electronics,Sacramento,California,US,95828
Arden Audio,ardenwayaudio.com,ardenwayaudio.com,,,Consumer Electronics,Sacramento,California,US,95825
Associated Sound,associatedsound.com,associatedsound.com,,,Consumer Electronics,Sacramento,California,US,95815
Astro Security Monitoring,astrosecuritymonitoring.com,astrosecuritymonitoring.com,,,Consumer Electronics,Sacramento,California,US,95822
Audio Performance Soundworx,youreventlists.com,youreventlists.com,,,Consumer Electronics,Sacramento,California,US,95822
Audio Visual Direct,audio-visual-direct.com,audio-visual-direct.com,,,Consumer Electronics,Sacramento,California,US,95834
BZBGEAR,bzbgear.com,bzbgear.com,,,Consumer Electronics,Sacramento,California,US,95834
CTM Sound - Event production. Audio Visual Installation.,ctmsound.com,ctmsound.com,,,Consumer Electronics,Sacramento,California,US,95826
CitySound,citysoundsoundbyte.com,citysoundsoundbyte.com,,,Consumer Electronics,Sacramento,California,US,95818
EverLights,myeverlights.com,myeverlights.com,,,Consumer Electronics,Sacramento,California,US,95821
Fathom Sound,fathomsound.com,fathomsound.com,,,Consumer Electronics,Sacramento,California,US,95815
Gates & Controls,gatesandcontrols.com,gatesandcontrols.com,,,Consumer Electronics,Sacramento,California,US,95842
Golden Stage Media,goldenstagemedia.com,goldenstagemedia.com,,,Consumer Electronics,Sacramento,California,US,95833
Hi-Line Electric Co,hilineelectric.com,hilineelectric.com,,,Consumer Electronics,Sacramento,California,US,95811
Home Security Experts,thehomesecurityexperts.com,thehomesecurityexperts.com,,,Consumer Electronics,Sacramento,California,US,95834
Home Theater Company,hometheatercompany.com,hometheatercompany.com,,,Consumer Electronics,Sacramento,California,US,95815
Kline Music,klinemusic.com,klinemusic.com,,,Consumer Electronics,Sacramento,California,US,95822
Lofings Lighting,lofingslighting.com,lofingslighting.com,,,Consumer Electronics,Sacramento,California,US,95816
MSM Home Solutions Inc,msmhomesolutions.com,msmhomesolutions.com,,,Consumer Electronics,Sacramento,California,US,95841
Metro Audio Visual Productions,metroaudiovisual.com,metroaudiovisual.com,,,Consumer Electronics,Sacramento,California,US,95834
MetroMedia Productions,metromedia-productions.com,metromedia-productions.com,,,Consumer Electronics,Sacramento,California,US,95834
Mr. Security Camera - Live Video Monitoring,mrsecuritycamera.com,mrsecuritycamera.com,,,Consumer Electronics,Sacramento,California,US,95834
Networksound,networksound.com,networksound.com,,,Consumer Electronics,Sacramento,California,US,95825
OldTown Electric Inc.,oldtownelectricinc.com,oldtownelectricinc.com,,,Consumer Electronics,Sacramento,California,US,95814
"Pacific Music Group | Pro Audio, Lighting and Stage Rental",pacific-music-group.com,pacific-music-group.com,,,Consumer Electronics,Sacramento,California,US,95834
Paradyme for Home | Outdoor,paradyme.com,paradyme.com,,,Consumer Electronics,Sacramento,California,US,95825
Phat Phlavas Ent LLC,phatphlavasent.com,phatphlavasent.com,,,Consumer Electronics,Sacramento,California,US,95842
Republic Elite Integration,republiceliteintegration.com,republiceliteintegration.com,https://www.linkedin.com/company/republic-elite-integration-inc-,,Consumer Electronics,Sacramento,California,US,95827
Right Choice Pro Audio & Lighting,rcproaudio.com,rcproaudio.com,,,Consumer Electronics,Sacramento,California,US,95821
SYNC AVN,syncavn.com,syncavn.com,https://www.linkedin.com/company/wix-com,,Consumer Electronics,Sacramento,California,US,95834
Sight & Sound Audio Visual,ssaudiovisual.com,ssaudiovisual.com,,,Consumer Electronics,Sacramento,California,US,95826
Skip's Music - Sacramento,skipsmusic.com,skipsmusic.com,,,Consumer Electronics,Sacramento,California,US,95841
"Specialized Audio & Video, Inc.",specializedav.com,specializedav.com,,,Consumer Electronics,Sacramento,California,US,95814
"TLC Tech | Managed IT Services Company in Sacramento, CA",tlctech.com,tlctech.com,,,Consumer Electronics,Sacramento,California,US,95864
Technology Integration Group,tig.com,tig.com,,,Consumer Electronics,Sacramento,California,US,95814
"Telenet Solutions - Voip & Phone Services in Sacramento, CA",telenetsolutions.com,telenetsolutions.com,,,Consumer Electronics,Sacramento,California,US,95814
"The Sofia, Home of B Street Theatre",bstreettheatre.org,bstreettheatre.org,,,Consumer Electronics,Sacramento,California,US,95816
Turntables Unlimited,emergenthome.com,emergenthome.com,,,Consumer Electronics,Sacramento,California,US,95825
XXXX Audio Systems,4xaudio.com,4xaudio.com,,,Consumer Electronics,Sacramento,California,US,95811
Zions Security Alarms,zionssecurity.com,zionssecurity.com,,,Consumer Electronics,Sacramento,California,US,95833
Media Systems Group,baymedia.net,baymedia.net,,,Consumer Electronics,Salinas,California,US,93908
ATI- Affordable Technology Inc,atipro.net,atipro.net,https://www.linkedin.com/company/affordable-technology-inc,,Consumer Electronics,San Bernardino,California,US,92408
Levines Lights,levineslights.com,levineslights.com,https://www.linkedin.com/company/levine-s-lights,,Consumer Electronics,San Carlos,California,US,94070
"Regent5 - Smart Home Automation, Savant, Control4, Ketra, and Lutron Dealer",regent5.com,regent5.com,,,Consumer Electronics,San Carlos,California,US,94070
zettacomm Automated Lifestyle,zettacomm.com,zettacomm.com,,,Consumer Electronics,San Carlos,California,US,94070
Montrose Audio Visual,montroseav.com,montroseav.com,,,Consumer Electronics,San Clemente,California,US,92673
5 North Media,5northmedia.com,5northmedia.com,,,Consumer Electronics,San Diego,California,US,92121
Acoustic Evolution,acousticevolution.com,acousticevolution.com,https://www.linkedin.com/company/acoustic-evolution-llc,,Consumer Electronics,San Diego,California,US,92128
Aire Theater Designs,airetheaterdesigns.com,airetheaterdesigns.com,,,Consumer Electronics,San Diego,California,US,92123
Alma Music & Audio,almaaudio.com,almaaudio.com,,,Consumer Electronics,San Diego,California,US,92111
American Home Automation,aha-av.com,aha-av.com,,,Consumer Electronics,San Diego,California,US,92107
Ameritechs,ameritechs.co,ameritechs.co,https://www.linkedin.com/company/ameritechs,,Consumer Electronics,San Diego,California,US,92111
"Audio Impact, Inc",audioimpact.com,audioimpact.com,,,Consumer Electronics,San Diego,California,US,92121
Audio Video Supply Inc.,avsupply.com,avsupply.com,,,Consumer Electronics,San Diego,California,US,92111
Breakout Audio Visual,breakoutaudiovisual.com,breakoutaudiovisual.com,,,Consumer Electronics,San Diego,California,US,92111
Digital Home Lifestyles,digitalhomesd.com,digitalhomesd.com,,,Consumer Electronics,San Diego,California,US,92117
"Emerald Audio Visual, LLC",emeraldaudiovisual.com,emeraldaudiovisual.com,,,Consumer Electronics,San Diego,California,US,92109
Enviro-Tech Industries - San Diego,envirotechsd.com,envirotechsd.com,https://www.linkedin.com/company/envirotechsd,,Consumer Electronics,San Diego,California,US,92126
EventAVision Audio Visual,eventavision.com,eventavision.com,,,Consumer Electronics,San Diego,California,US,92117
Fuse Integration,fuseintegration.com,fuseintegration.com,https://www.linkedin.com/company/fuse-integration,,Consumer Electronics,San Diego,California,US,92111
Golden State CCTV Inc.,goldenstatecctv.com,goldenstatecctv.com,,,Consumer Electronics,San Diego,California,US,92110
HD Hookups,hdhookups.com,hdhookups.com,,,Consumer Electronics,San Diego,California,US,92111
Halcyon Security Solutions,halcyonmss.com,halcyonmss.com,,,Consumer Electronics,San Diego,California,US,92117
Home Controls,homecontrols.com,homecontrols.com,https://www.linkedin.com/company/home-controls-inc,,Consumer Electronics,San Diego,California,US,92126
INFINITY SHIELD,infinity-shield.com,infinity-shield.com,,,Consumer Electronics,San Diego,California,US,92127
Innovation Technologies,myinnovationtech.com,myinnovationtech.com,,,Consumer Electronics,San Diego,California,US,92108
Integrated Technologies Group,integratedtg.com,integratedtg.com,,,Consumer Electronics,San Diego,California,US,92123
Intelligent Audio Visual,intelligentaudiovisual.com,intelligentaudiovisual.com,,,Consumer Electronics,San Diego,California,US,92131
Kaminskiy Care and Repair,careandrepair.com,careandrepair.com,,,Consumer Electronics,San Diego,California,US,92128
LIGHTWORKS,sdlightworks.com,sdlightworks.com,https://www.linkedin.com/company/sdlightworks,,Consumer Electronics,San Diego,California,US,92126
La Jolla Audio,lajollaaudio.com,lajollaaudio.com,,,Consumer Electronics,San Diego,California,US,92109
La Jolla Security Systems,lajollasecurity.com,lajollasecurity.com,,,Consumer Electronics,San Diego,California,US,92109
Lightstyle Automated Systems,lightstyle-inc.com,lightstyle-inc.com,,,Consumer Electronics,San Diego,California,US,92123
MOONLIGHT AUDIO VISUAL PRO,moonlightavpro.com,moonlightavpro.com,,,Consumer Electronics,San Diego,California,US,92101
Masters Mount,mastersmount.com,mastersmount.com,,,Consumer Electronics,San Diego,California,US,92122
Modern Home Systems,modernhomesystems.com,modernhomesystems.com,https://www.linkedin.com/company/modern-home-systems,,Consumer Electronics,San Diego,California,US,92121
Modern Mounters,modernmounters.com,modernmounters.com,,,Consumer Electronics,San Diego,California,US,92110
One Touch Living,1touchliving.com,1touchliving.com,,,Consumer Electronics,San Diego,California,US,92127
Performance Automation Solutions,pascontrols.com,pascontrols.com,,,Consumer Electronics,San Diego,California,US,92121
"Plug N Play, Inc. - Technology Integrator",plugnplaytv.com,plugnplaytv.com,,,Consumer Electronics,San Diego,California,US,92117
Premier Sound Technology,premiersoundtechnology.com,premiersoundtechnology.com,,,Consumer Electronics,San Diego,California,US,92115
"Real Home Security, LLC- Authorized ADT Dealer",realhomesecurityllc.com,realhomesecurityllc.com,,,Consumer Electronics,San Diego,California,US,92123
San Diego Audio Video,sdav.com,sdav.com,,,Consumer Electronics,San Diego,California,US,92111
SmarTek Home,smartek-home.com,smartek-home.com,,,Consumer Electronics,San Diego,California,US,92123
Smart Shield Systems Commercial & Residential Security,smartshieldsystems.com,smartshieldsystems.com,https://www.linkedin.com/company/smart-shield-systems,,Consumer Electronics,San Diego,California,US,92123
Snap One Partner Store,snaponepartnerstore.com,snaponepartnerstore.com,,,Consumer Electronics,San Diego,California,US,92123
Sound Automation Inc,soundautomation.net,soundautomation.net,,,Consumer Electronics,San Diego,California,US,92120
Sound Ideas AV,soundideas-av.com,soundideas-av.com,,,Consumer Electronics,San Diego,California,US,92126
Stereo Unlimited,stereounlimitedsd.com,stereounlimitedsd.com,,,Consumer Electronics,San Diego,California,US,92110
Tape Heads Audio LLC,tapeheadsaudio.com,tapeheadsaudio.com,,,Consumer Electronics,San Diego,California,US,92105
Tazz Lighting Inc,tazzlighting.com,tazzlighting.com,https://www.linkedin.com/company/wix-com,,Consumer Electronics,San Diego,California,US,92121
Tv Mount Master San Diego,tvmountsmaster.com,tvmountsmaster.com,,,Consumer Electronics,San Diego,California,US,92122
"Velocity Audio Visual, Inc.",velocityavs.com,velocityavs.com,,,Consumer Electronics,San Diego,California,US,92120
Video to DVD,videotoodvd.com,videotoodvd.com,,,Consumer Electronics,San Diego,California,US,92108
Voice and Video,voiceandvideosales.com,voiceandvideosales.com,,,Consumer Electronics,San Diego,California,US,92123
Voice and Video Rentals,voiceandvideo.com,voiceandvideo.com,,,Consumer Electronics,San Diego,California,US,92111
Wired Low Voltage Inc,wiredsd.com,wiredsd.com,,,Consumer Electronics,San Diego,California,US,92120
AVS,avsnext.com,avsnext.com,https://www.linkedin.com/company/avsnext,,Consumer Electronics,San Francisco,California,US,94110
Audio Vision San Francisco,audiovisionsf.com,audiovisionsf.com,,,Consumer Electronics,San Francisco,California,US,94109
Aurora Solar Inc.,aurorasolar.com,aurorasolar.com,,,Consumer Electronics,San Francisco,California,US,94104
Avenue Code,avenuecode.com,avenuecode.com,https://www.linkedin.com/company/airevolutioncompany,,Consumer Electronics,San Francisco,California,US,94108
Best Buy,stores.bestbuy.com,stores.bestbuy.com,,,Consumer Electronics,San Francisco,California,US,94103
Canary Technologies,canarytechnologies.com,canarytechnologies.com,https://www.linkedin.com/company/canarytech,,Consumer Electronics,San Francisco,California,US,94111
Commuataive Home Safety Services | San Francisco,business.google.com,business.google.com,,,Consumer Electronics,San Francisco,California,US,94133
DoItForMe.Solutions,doitforme.solutions,doitforme.solutions,,,Consumer Electronics,San Francisco,California,US,94103
Everything Audio Visual,everythingav.com,everythingav.com,,,Consumer Electronics,San Francisco,California,US,94124
Fieldwire by Hilti,fieldwire.com,fieldwire.com,https://www.linkedin.com/company/fieldwirebyhilti,,Consumer Electronics,San Francisco,California,US,94105
First Tech Networks,securitycamerainstallationsf.com,securitycamerainstallationsf.com,,,Consumer Electronics,San Francisco,California,US,94118
Fog City Audio Visual,fogcityaudiovisual.com,fogcityaudiovisual.com,,,Consumer Electronics,San Francisco,California,US,94109
Hermary's LLC,hermarys.com,hermarys.com,,,Consumer Electronics,San Francisco,California,US,94103
IPSOFACTO IT Services,now.ipsofacto.net,now.ipsofacto.net,https://www.linkedin.com/company/ipsofacto,,Consumer Electronics,San Francisco,California,US,94114
Immersive Installs,immersiveinstalls.com,immersiveinstalls.com,,,Consumer Electronics,San Francisco,California,US,94103
Intelligent Technical Solutions | ITS,itsasap.com,itsasap.com,,,Consumer Electronics,San Francisco,California,US,94104
Invisible Technologies,invisibletech.ai,invisibletech.ai,,,Consumer Electronics,San Francisco,California,US,94104
Jones IT,itjones.com,itjones.com,https://www.linkedin.com/company/jonesitsf,,Consumer Electronics,San Francisco,California,US,94103
Lightstep,lightstep.com,lightstep.com,,,Consumer Electronics,San Francisco,California,US,94111
ManageCasa HOA and Rental Property Management Software,managecasa.com,managecasa.com,https://www.linkedin.com/company/managecasa,,Consumer Electronics,San Francisco,California,US,94111
Mapbox,mapbox.com,mapbox.com,https://www.linkedin.com/company/mapbox,,Consumer Electronics,San Francisco,California,US,94111
Megahertz Audio Visual Productions & Rental,mhzav.com,mhzav.com,,,Consumer Electronics,San Francisco,California,US,94107
Music Lovers Audio & Video,musicloversaudio.com,musicloversaudio.com,,,Consumer Electronics,San Francisco,California,US,94115
Neetek Systems Integration,neetek.com,neetek.com,https://www.linkedin.com/company/neetek-systems-integration,,Consumer Electronics,San Francisco,California,US,94111
New Conservatory Theatre Center,nctcsf.org,nctcsf.org,,,Consumer Electronics,San Francisco,California,US,94102
POWR,powr.io,powr.io,,,Consumer Electronics,San Francisco,California,US,94105
Performance Audio,performance-audio.com,performance-audio.com,,,Consumer Electronics,San Francisco,California,US,94115
Rollout AI - San Francisco Managed IT Services Company,rollout.ai,rollout.ai,https://www.linkedin.com/company/rollout-ai,,Consumer Electronics,San Francisco,California,US,94105
Simplifi,simplifihometech.com,simplifihometech.com,,,Consumer Electronics,San Francisco,California,US,94116
Swiftlane,swiftlane.com,swiftlane.com,,,Consumer Electronics,San Francisco,California,US,94103
"TechInSF Consulting | IT Solutions, Computer Repair, Web Design, Digital Marketing & E-Commerce in San Francisco Bay Area",techinsf.com,techinsf.com,https://www.linkedin.com/company/techinsf,,Consumer Electronics,San Francisco,California,US,94107
TekRevol - Mobile App Development Company in San Francisco,tekrevol.com,tekrevol.com,https://www.linkedin.com/company/tekrevol,,Consumer Electronics,San Francisco,California,US,94105
Tone of Music Audio,toneofmusic.com,toneofmusic.com,,,Consumer Electronics,San Francisco,California,US,94114
Varsity Technologies | Managed IT Services & IT Consulting,varsitytech.com,varsitytech.com,,,Consumer Electronics,San Francisco,California,US,94102
Visual Comfort & Co.,visualcomfort.com,visualcomfort.com,,,Consumer Electronics,San Francisco,California,US,94103
West Coast Sound Solutions,westcoastsoundsolutions.com,westcoastsoundsolutions.com,,,Consumer Electronics,San Francisco,California,US,94116
iTZ Networks,itznetworks.com,itznetworks.com,,,Consumer Electronics,San Francisco,California,US,94110
Professional Home Automation & Security,phasecurity.com,phasecurity.com,,,Consumer Electronics,San Gabriel,California,US,91778
AIO App Inc,aioapp.com,aioapp.com,,,Consumer Electronics,San Jose,California,US,95120
AV Land,av.land,av.land,https://www.linkedin.com/company/19154065,,Consumer Electronics,San Jose,California,US,95126
"AVS Technology, Inc.",avstech.com,avstech.com,,,Consumer Electronics,San Jose,California,US,95131
"Alkira, Inc.",alkira.com,alkira.com,,,Consumer Electronics,San Jose,California,US,95110
Automated Building Control Solutions,automatedbldgs.com,automatedbldgs.com,,,Consumer Electronics,San Jose,California,US,95112
Automated Solutions Group,asgbms.com,asgbms.com,https://www.linkedin.com/company/asgbms,,Consumer Electronics,San Jose,California,US,95131
Automation Anywhere,automationanywhere.com,automationanywhere.com,https://www.linkedin.com/company/automation-anywhere,,Consumer Electronics,San Jose,California,US,95134
Aviz Networks (HQ),aviznetworks.com,aviznetworks.com,https://www.linkedin.com/company/aviz-networks,,Consumer Electronics,San Jose,California,US,95131
BLogic Systems,blogicsystems.com,blogicsystems.com,,,Consumer Electronics,San Jose,California,US,95134
Blossom Hill TV,blossomhilltelevision.com,blossomhilltelevision.com,,,Consumer Electronics,San Jose,California,US,95128
"Borges Security Systems, Inc.",borgessecurity.com,borgessecurity.com,,,Consumer Electronics,San Jose,California,US,95127
CCIntegration,ccintegration.com,ccintegration.com,https://www.linkedin.com/company/ccintegration-inc.,,Consumer Electronics,San Jose,California,US,95131
"CRATUS Technology, Inc.",cratustech.com,cratustech.com,https://www.linkedin.com/company/cratustechnology,,Consumer Electronics,San Jose,California,US,95125
Cadence Design Systems,cadence.com,cadence.com,https://www.linkedin.com/company/Cadence,,Consumer Electronics,San Jose,California,US,95134
California Theatre,sanjosetheaters.org,sanjosetheaters.org,https://www.linkedin.com/company/visitsanjose,,Consumer Electronics,San Jose,California,US,95113
"Cisco Systems, Inc.",cisco.com,cisco.com,,,Consumer Electronics,San Jose,California,US,95134
City Lights Theater Company of San Jose,cltc.org,cltc.org,,,Consumer Electronics,San Jose,California,US,95112
D & V Sound Co,dvsound.com,dvsound.com,,,Consumer Electronics,San Jose,California,US,95133
DCatalog,dcatalog.com,dcatalog.com,,,Consumer Electronics,San Jose,California,US,95134
Diffco,diffco.us,diffco.us,https://www.linkedin.com/company/diffco,,Consumer Electronics,San Jose,California,US,95110
Drummond Electric,drummondelectric.com,drummondelectric.com,,,Consumer Electronics,San Jose,California,US,95120
Dynamic Sound & Lighting,dynamic-sounds.com,dynamic-sounds.com,,,Consumer Electronics,San Jose,California,US,95112
"ENE Smarthome, Inc.",ene-smarthome.com,ene-smarthome.com,,,Consumer Electronics,San Jose,California,US,95129
Golden Pacific Systems,gpsinteractive.com,gpsinteractive.com,,,Consumer Electronics,San Jose,California,US,95124
Guru Electronics Car Audio,caraudioguru.com,caraudioguru.com,,,Consumer Electronics,San Jose,California,US,95112
HBK Electric,hbkelectric.com,hbkelectric.com,,,Consumer Electronics,San Jose,California,US,95123
Hammer Theatre Center,hammertheatre.com,hammertheatre.com,,,Consumer Electronics,San Jose,California,US,95113
Hi-Tech AV,hi-techav.com,hi-techav.com,,,Consumer Electronics,San Jose,California,US,95125
Hitron International Corporation,cahitron.com,cahitron.com,,,Consumer Electronics,San Jose,California,US,95133
"Home Networks, Electric & Solar, Inc. (CA)",homenes.com,homenes.com,https://www.linkedin.com/company/home-networks-&-electrical,,Consumer Electronics,San Jose,California,US,95131
ICS Integrated Communication Systems,ics-integration.com,ics-integration.com,https://www.linkedin.com/company/ics---integrated-communication-systems,,Consumer Electronics,San Jose,California,US,95119
INFINITI SOLUTIONS,infinitisolutions.com,infinitisolutions.com,,,Consumer Electronics,San Jose,California,US,95134
IT Construction,itconstructionpros.com,itconstructionpros.com,,,Consumer Electronics,San Jose,California,US,95123
Insync,insyncai.com,insyncai.com,,,Consumer Electronics,San Jose,California,US,95113
Intelligence Security LLC,intelligencesecurity.net,intelligencesecurity.net,https://www.linkedin.com/company/intelligence-security4,,Consumer Electronics,San Jose,California,US,95128
InterVision Systems Technologies Inc.,intervision.com,intervision.com,,,Consumer Electronics,San Jose,California,US,95131
Jade Global,jadeglobal.com,jadeglobal.com,,,Consumer Electronics,San Jose,California,US,95110
Kinetic Audio Technology Inc.,kineticaudiotechnology.com,kineticaudiotechnology.com,,,Consumer Electronics,San Jose,California,US,95131
LUXE AV,luxeav.com,luxeav.com,,,Consumer Electronics,San Jose,California,US,95112
Lemon Remodeling & Services INC,lemonremodeling.com,lemonremodeling.com,,,Consumer Electronics,San Jose,California,US,95110
LevelUp MSP - Managed IT Services San Jose,levelupmsp.com,levelupmsp.com,https://www.linkedin.com/company/jt-solutions-inc-,,Consumer Electronics,San Jose,California,US,95131
MP Security Cameras,mpscameras.com,mpscameras.com,,,Consumer Electronics,San Jose,California,US,95117
NextLevel Production Services,nextlevelproductionservices.com,nextlevelproductionservices.com,,,Consumer Electronics,San Jose,California,US,95112
Pacific Coast Home Services,pc-homeservices.com,pc-homeservices.com,,,Consumer Electronics,San Jose,California,US,95131
"Platform9 Systems, Inc.",platform9.com,platform9.com,https://www.linkedin.com/company/platform9-systems,,Consumer Electronics,San Jose,California,US,95113
Precision Communications Systems,precisioncommsystems.com,precisioncommsystems.com,https://www.linkedin.com/company/precision-communications-systems,,Consumer Electronics,San Jose,California,US,95131
Pro Electric Solution,proelectricsolution.com,proelectricsolution.com,,,Consumer Electronics,San Jose,California,US,95117
Quality Low Voltage Systems,qualitylowvoltage.com,qualitylowvoltage.com,,,Consumer Electronics,San Jose,California,US,95134
"Roboteon, Inc.",roboteon.com,roboteon.com,https://www.linkedin.com/company/roboteon,,Consumer Electronics,San Jose,California,US,95110
San Jose AV Rentals,sanjoseavrentals.com,sanjoseavrentals.com,,,Consumer Electronics,San Jose,California,US,95112
San Jose TV Install,sanjosetvinstall.com,sanjosetvinstall.com,,,Consumer Electronics,San Jose,California,US,95127
Smart Monitor,smart-monitor.com,smart-monitor.com,https://www.linkedin.com/company/smart-monitor,,Consumer Electronics,San Jose,California,US,95119
Sound Systems Plus,soundsystemsaplus.com,soundsystemsaplus.com,,,Consumer Electronics,San Jose,California,US,95127
South Bay Audio Visual Event Services,southbayaudiovisual.com,southbayaudiovisual.com,,,Consumer Electronics,San Jose,California,US,95112
Teletron,teletronusa.com,teletronusa.com,,,Consumer Electronics,San Jose,California,US,95122
The Tech Interactive,thetech.org,thetech.org,https://www.linkedin.com/company/the-tech-interactive,,Consumer Electronics,San Jose,California,US,95113
Thor Audio Solutions,thoraudio.com,thoraudio.com,,,Consumer Electronics,San Jose,California,US,95133
TransfHome,transfhome.com,transfhome.com,,,Consumer Electronics,San Jose,California,US,95113
Trout Electric,troutelectricusa.com,troutelectricusa.com,,,Consumer Electronics,San Jose,California,US,95136
TruAdvantage,truadvantage.com,truadvantage.com,https://www.linkedin.com/company/truadvantage,,Consumer Electronics,San Jose,California,US,95128
Wallpaper Hanging Mayfair,wall-vision-atelier-mayfair.online,wall-vision-atelier-mayfair.online,,,Consumer Electronics,San Jose,California,US,95116
Wired Integrations Inc,wiredint.com,wiredint.com,https://www.linkedin.com/company/wired-integrations-inc,,Consumer Electronics,San Jose,California,US,95110
ZAG Technical Services,zagtech.com,zagtech.com,https://www.linkedin.com/company/harbor-msp,,Consumer Electronics,San Jose,California,US,95134
Zamar Media Solutions,zamarmedia.com,zamarmedia.com,,,Consumer Electronics,San Jose,California,US,95119
Zoom Video Communications,zoom.us,zoom.us,,,Consumer Electronics,San Jose,California,US,95113
Zscaler,zscaler.com,zscaler.com,,,Consumer Electronics,San Jose,California,US,95134
cg wiring and integrators inc,cgwiring.com,cgwiring.com,,,Consumer Electronics,San Jose,California,US,95110
offthegridit,offthegridit.com,offthegridit.com,,,Consumer Electronics,San Jose,California,US,95110
Oakland Audio-Visual Services Inc.,oaklandaudiovisualservice.com,oaklandaudiovisualservice.com,,,Consumer Electronics,San Leandro,California,US,94577
On Point Audio Visual,onpointaudiovisual.com,onpointaudiovisual.com,https://www.linkedin.com/company/on-point-audio-visual,,Consumer Electronics,San Leandro,California,US,94577
Above Grade Automation,abovegradeautomation.com,abovegradeautomation.com,https://www.linkedin.com/company/above-grade-automation,,Consumer Electronics,San Luis Obispo,California,US,93401
"GotUWired- A/V, Security & Cabling",gotuwired.com,gotuwired.com,,,Consumer Electronics,San Marcos,California,US,92078
Home AV TV & Design,homeavtv.com,homeavtv.com,,,Consumer Electronics,San Marcos,California,US,92078
Brilliant NextGen,brilliant.tech,brilliant.tech,https://www.linkedin.com/company/brillianthome,,Consumer Electronics,San Mateo,California,US,94401
Ecohome Automation,ecohomeautomations.com,ecohomeautomations.com,,,Consumer Electronics,San Mateo,California,US,94402
Security 101 - San Mateo,security101.com,security101.com,https://www.linkedin.com/company/security-101,,Consumer Electronics,San Mateo,California,US,94401
Acoustic Frontiers LLC,acousticfrontiers.com,acousticfrontiers.com,,,Consumer Electronics,San Rafael,California,US,94901
Audio Video Integration,avimarin.com,avimarin.com,,,Consumer Electronics,San Rafael,California,US,94901
Gridwise Electric,gridwiseelectric.com,gridwiseelectric.com,,,Consumer Electronics,San Rafael,California,US,94901
High Definition Home,mobiussystems.com,mobiussystems.com,,,Consumer Electronics,San Rafael,California,US,94903
Layline Automation,laylineautomation.com,laylineautomation.com,,,Consumer Electronics,San Rafael,California,US,94903
AVT Home Systems,avtinfo.com,avtinfo.com,,,Consumer Electronics,San Ramon,California,US,94583
Sightpro Solutions,sightpro-solutions.com,sightpro-solutions.com,,,Consumer Electronics,San Ramon,California,US,94583
Cali Automation Corp - Irvine,caliautomation.com,caliautomation.com,,,Consumer Electronics,Santa Ana,California,US,92705
A Royal Suite Home Furnishings,aroyalsuite.com,aroyalsuite.com,,,Consumer Electronics,Santa Barbara,California,US,93101
AnyTech CA,anytechca.com,anytechca.com,https://www.linkedin.com/company/anytechca,,Consumer Electronics,Santa Barbara,California,US,93101
CalSmart,calsmart.com,calsmart.com,,,Consumer Electronics,Santa Barbara,California,US,93101
Consolidated Overhead Door & Gate,consolidatedoverheaddoor.com,consolidatedoverheaddoor.com,https://www.linkedin.com/company/consolidated-overhead-door-gate,,Consumer Electronics,Santa Barbara,California,US,93103
Creative Stereo & Video,creativestereohd.com,creativestereohd.com,,,Consumer Electronics,Santa Barbara,California,US,93108
"Crowson Technology, LLC",crowsontech.com,crowsontech.com,,,Consumer Electronics,Santa Barbara,California,US,93103
Firebird Audio Video,firebirdav.com,firebirdav.com,,,Consumer Electronics,Santa Barbara,California,US,93103
Grant House Sewing and Fabric Store,havefunsewing.com,havefunsewing.com,,,Consumer Electronics,Santa Barbara,California,US,93101
HiFi Club,hificlub.net,hificlub.net,,,Consumer Electronics,Santa Barbara,California,US,93101
Home Planet Productions,homeplanetproductions.com,homeplanetproductions.com,,,Consumer Electronics,Santa Barbara,California,US,93101
KEYT-TV,keyt.com,keyt.com,,,Consumer Electronics,Santa Barbara,California,US,93109
Lobero Theatre,lobero.org,lobero.org,,,Consumer Electronics,Santa Barbara,California,US,93101
McCoy Electric Corporation,mccoyelectric.net,mccoyelectric.net,,,Consumer Electronics,Santa Barbara,California,US,93101
Mission Audio Video,missionaudiovideo.com,missionaudiovideo.com,https://www.linkedin.com/company/mission-audio-video,,Consumer Electronics,Santa Barbara,California,US,93101
Montecito Electric,montecitoelectric.com,montecitoelectric.com,,,Consumer Electronics,Santa Barbara,California,US,93108
Riviera AV,rivieraav.com,rivieraav.com,,,Consumer Electronics,Santa Barbara,California,US,93101
Santa Barbara Audio Video,sb-av.com,sb-av.com,,,Consumer Electronics,Santa Barbara,California,US,93105
Santa Barbara IT Solutions Low Voltage Cable Contractor,sbitsolutions.us,sbitsolutions.us,,,Consumer Electronics,Santa Barbara,California,US,93101
"SecurePRO, Inc. - Santa Barbara",secureproinc.com,secureproinc.com,,,Consumer Electronics,Santa Barbara,California,US,93103
Sonos Inc.,sonos.com,sonos.com,,,Consumer Electronics,Santa Barbara,California,US,93101
The Granada Theatre,granadasb.org,granadasb.org,,,Consumer Electronics,Santa Barbara,California,US,93101
The New Vic / Ensemble Theatre Company,etcsb.org,etcsb.org,,,Consumer Electronics,Santa Barbara,California,US,93101
Utopia,installutopia.com,installutopia.com,,,Consumer Electronics,Santa Barbara,California,US,93101
Visionary Solutions,visionary-av.com,visionary-av.com,,,Consumer Electronics,Santa Barbara,California,US,93103
CCS Electric,ccselectric.com,ccselectric.com,,,Consumer Electronics,Santa Clara,California,US,95050
Corporate AV Productions,corpav.net,corpav.net,,,Consumer Electronics,Santa Clara,California,US,95054
Intelligent Automation Technology,cygia.com,cygia.com,,,Consumer Electronics,Santa Clara,California,US,95050
Moona Smart Inc.,moonasmart.com,moonasmart.com,https://www.linkedin.com/company/37230168,,Consumer Electronics,Santa Clara,California,US,95054
Premier AV Tech Inc.,pavtechnology.com,pavtechnology.com,https://www.linkedin.com/company/premier-av-tech,,Consumer Electronics,Santa Clara,California,US,95050
QuickGenie,quickgenie.store,quickgenie.store,,,Consumer Electronics,Santa Clara,California,US,95050
RNA Automatic Gates,rnaautomaticgates.com,rnaautomaticgates.com,,,Consumer Electronics,Santa Clara,California,US,95050
Smart Safe Homes,smartsafehomes.com,smartsafehomes.com,,,Consumer Electronics,Santa Clarita,California,US,91355
Alpha Omega Electric,alphaomegaelectric.org,alphaomegaelectric.org,,,Consumer Electronics,Santa Cruz,California,US,95062
Beyond Home Theater,beyondhometheater.com,beyondhometheater.com,https://www.linkedin.com/company/beyond-home-theater,,Consumer Electronics,Santa Monica,California,US,90405
Optimal Enchantment,optimalenchantment.com,optimalenchantment.com,,,Consumer Electronics,Santa Monica,California,US,90401
ATL Events/Academy Theatrical Lighting Inc.,atlevents.com,atlevents.com,https://www.linkedin.com/company/atl-events,,Consumer Electronics,Santa Rosa,California,US,95407
Air Monitor Corporation,airmonitor.com,airmonitor.com,https://www.linkedin.com/company/air-monitor-corporation,,Consumer Electronics,Santa Rosa,California,US,95403
Clear Telecommunications,cleartelecommunications.com,cleartelecommunications.com,https://www.linkedin.com/company/clear-telecommunications,,Consumer Electronics,Santa Rosa,California,US,95403
Corday Lighting Inc.,corday-lighting.com,corday-lighting.com,,,Consumer Electronics,Santa Rosa,California,US,95401
Energy Plus Wholesale Lighting,energypluslighting.com,energypluslighting.com,,,Consumer Electronics,Santa Rosa,California,US,95403
Esquared Electric Inc,esquaredelectric.net,esquaredelectric.net,,,Consumer Electronics,Santa Rosa,California,US,95403
Hifi Innovations - By Appointment Only,sites.google.com,sites.google.com,,,Consumer Electronics,Santa Rosa,California,US,95401
Interim HealthCare of Sonoma-Marin,interimhealthcare.com,interimhealthcare.com,,,Consumer Electronics,Santa Rosa,California,US,95409
J F Lighting & Design,jflighting.com,jflighting.com,,,Consumer Electronics,Santa Rosa,California,US,95403
Lavish HiFi - Showroom,lavishautomation.com,lavishautomation.com,,,Consumer Electronics,Santa Rosa,California,US,95404
OneSource Distributors,1sourcedist.com,1sourcedist.com,,,Consumer Electronics,Santa Rosa,California,US,95401
PCD Audio Video Integrators,pcdinc.net,pcdinc.net,,,Consumer Electronics,Santa Rosa,California,US,95401
Rinkor Technology Solutions,rinkortech.com,rinkortech.com,https://www.linkedin.com/company/rinkor-technology-solutions,,Consumer Electronics,Santa Rosa,California,US,95403
Santa Rosa Stereo,santa-rosa-stereo.com,santa-rosa-stereo.com,,,Consumer Electronics,Santa Rosa,California,US,95405
Sonoma County - Home Smart Advantage Real Estate,discoverwinecountryre.com,discoverwinecountryre.com,,,Consumer Electronics,Santa Rosa,California,US,95409
Sonoma Sun Electric,sonomasunelectric.com,sonomasunelectric.com,,,Consumer Electronics,Santa Rosa,California,US,95401
Summit Technology Group,summit-e.com,summit-e.com,https://www.linkedin.com/company/summit-technology-group-inc.,,Consumer Electronics,Santa Rosa,California,US,95403
Sync Systems,syncsystemsav.com,syncsystemsav.com,https://www.linkedin.com/company/sync-systems-av,,Consumer Electronics,Santa Rosa,California,US,95403
Tech Savvy Inc.,techsavvyav.com,techsavvyav.com,,,Consumer Electronics,Santa Rosa,California,US,95401
Tech4U,tech4u.solutions,tech4u.solutions,,,Consumer Electronics,Santa Rosa,California,US,95404
Techtonic Events LLC,techtonicevents.com,techtonicevents.com,,,Consumer Electronics,Santa Rosa,California,US,95405
Valhalla Hi-Fi,valhallahifi.com,valhallahifi.com,,,Consumer Electronics,Santa Rosa,California,US,95404
Audio Visual San Diego,audiovisualsandiego.com,audiovisualsandiego.com,,,Consumer Electronics,Santee,California,US,92071
Custom Home Technology Inc..,cht.life,cht.life,,,Consumer Electronics,Santee,California,US,92071
Basil Audio San Francisco Bay Area,basilaudio.com,basilaudio.com,,,Consumer Electronics,Saratoga,California,US,95070
Smart Wires LLC,smartwireselectric.com,smartwireselectric.com,https://www.linkedin.com/company/smart-wires-llc,,Consumer Electronics,Saratoga,California,US,95070
Audio Symphony,audiosymphony.com,audiosymphony.com,,,Consumer Electronics,Sausalito,California,US,94965
Automation Racks,automationracks.com,automationracks.com,,,Consumer Electronics,Sausalito,California,US,94965
"Modern Wiring - Home Theatre Installation, Low-voltage contractor",modernwiring.com,modernwiring.com,,,Consumer Electronics,Scotts Valley,California,US,95066
MONTEREY INNOVATIONS,montereyinnovations.com,montereyinnovations.com,,,Consumer Electronics,Seaside,California,US,93955
San Joaquin Security Technologies,sanjoaquintechnologies.com,sanjoaquintechnologies.com,,,Consumer Electronics,Shafter,California,US,93263
BH Theater Audio & Video & Security / Home Theater Installation Service,bhtheater.com,bhtheater.com,,,Consumer Electronics,Sherman Oaks,California,US,91403
Iron Lion A.V.,ironlionav.com,ironlionav.com,,,Consumer Electronics,Sherman Oaks,California,US,91423
Next Tech Systems Inc,nexttechsystems.com,nexttechsystems.com,,,Consumer Electronics,Sherman Oaks,California,US,91411
Above the Line,aboveav.com,aboveav.com,,,Consumer Electronics,Signal Hill,California,US,90755
"IVA Solutions, Inc.",ivasolutions.com,ivasolutions.com,,,Consumer Electronics,Signal Hill,California,US,90755
RJB Electrical Contractor LLC,rjbelectricalcontractor.com,rjbelectricalcontractor.com,,,Consumer Electronics,Signal Hill,California,US,90755
Digital Media Installations,digitalmediainstallations.com,digitalmediainstallations.com,,,Consumer Electronics,Simi Valley,California,US,93063
Functional Smart Home,functionalsmarthome.com,functionalsmarthome.com,,,Consumer Electronics,Simi Valley,California,US,93063
Get Wired Tec Inc.,getwiredtec.com,getwiredtec.com,https://www.linkedin.com/company/get-wired-tec.-inc,,Consumer Electronics,Simi Valley,California,US,93065
Custom Home Audio Video Integration,customhomeavintegration.com,customhomeavintegration.com,,,Consumer Electronics,Solana Beach,California,US,92075
Digital Living Inc.,digitalliving.com,digitalliving.com,https://www.linkedin.com/company/digital-living-inc.,,Consumer Electronics,Sonoma,California,US,95476
"Granko, Inc",granko.com,granko.com,,,Consumer Electronics,Sonoma,California,US,95476
Sierra @ Home,sierraathome.com,sierraathome.com,https://www.linkedin.com/company/sierraathome,,Consumer Electronics,Sonoma,California,US,95476
Accurate Audio Video,accurateaudiovideo.com,accurateaudiovideo.com,,,Consumer Electronics,South Lake Tahoe,California,US,96150
Alco Alert Ignition Interlock,alcoalertinterlock.com,alcoalertinterlock.com,,,Consumer Electronics,South Lake Tahoe,California,US,96150
All Seasons Home Inspector L.L.C.,allseasonshomeinspector.com,allseasonshomeinspector.com,,,Consumer Electronics,South Lake Tahoe,California,US,96150
Alpenglow Electric,alpenglowelectric.com,alpenglowelectric.com,,,Consumer Electronics,South Lake Tahoe,California,US,96150
Armaz Electric,armazelectric.com,armazelectric.com,,,Consumer Electronics,South Lake Tahoe,California,US,96150
"Blue Sky Electrical Solutions, Inc.",blueskyelectricalsolutions.com,blueskyelectricalsolutions.com,,,Consumer Electronics,South Lake Tahoe,California,US,96150
ClearView Electric,clearviewelectrician.com,clearviewelectrician.com,,,Consumer Electronics,South Lake Tahoe,California,US,96150
Frank's TV & Electronics,frankstv.com,frankstv.com,,,Consumer Electronics,South Lake Tahoe,California,US,96150
Hatch Electric Inc,hatchelectric.com,hatchelectric.com,,,Consumer Electronics,South Lake Tahoe,California,US,96150
Healthy Home Consultants,healthyhomeco.com,healthyhomeco.com,,,Consumer Electronics,South Lake Tahoe,California,US,96150
Low Cost Ignition Interlock,lowcostinterlock.com,lowcostinterlock.com,https://www.linkedin.com/company/low-cost-interlock-inc,,Consumer Electronics,South Lake Tahoe,California,US,96150
Tahoe Advantage Home Inspections,tahoeadvantage.com,tahoeadvantage.com,,,Consumer Electronics,South Lake Tahoe,California,US,96158
Tahoe Production House,tahoeproductionhouse.com,tahoeproductionhouse.com,,,Consumer Electronics,South Lake Tahoe,California,US,96150
Winters Electric,winterstahoe.com,winterstahoe.com,,,Consumer Electronics,South Lake Tahoe,California,US,96150
AVSuperfly,avsuperfly.com,avsuperfly.com,,,Consumer Electronics,South San Francisco,California,US,94080
Argus HD,argushd.com,argushd.com,,,Consumer Electronics,South San Francisco,California,US,94080
Barker Tech,onetapconnect.com,onetapconnect.com,,,Consumer Electronics,South San Francisco,California,US,94080
Future Sound Audio/Video Design Group,futuresoundav.com,futuresoundav.com,,,Consumer Electronics,South San Francisco,California,US,94080
"McCune Audio,Video,Lighting",mccune.com,mccune.com,,,Consumer Electronics,South San Francisco,California,US,94080
"R&S Erection of San Mateo, Inc.",rsdoorandgate.com,rsdoorandgate.com,,,Consumer Electronics,South San Francisco,California,US,94080
CallTech,calltech.pro,calltech.pro,,,Consumer Electronics,Sunnyvale,California,US,94087
Leo's Electric Automation,leoselectricautomation.com,leoselectricautomation.com,,,Consumer Electronics,Tahoe City,California,US,96145
"RAC Advanced Control, Inc",racav.com,racav.com,,,Consumer Electronics,Tahoe City,California,US,96145
Security Lock & Alarm Inc,securitylockandalarm.com,securitylockandalarm.com,,,Consumer Electronics,Tahoe City,California,US,96145
Tull Comm,tullcomm.com,tullcomm.com,,,Consumer Electronics,Tahoe City,California,US,96145
Foremost Automation,foremostautomation.com,foremostautomation.com,,,Consumer Electronics,Tarzana,California,US,91335
AT&T Store,att.com,att.com,,,Consumer Electronics,Thousand Oaks,California,US,91360
"AVC The Audio Visual Company, Inc.",avcinc.biz,avcinc.biz,,,Consumer Electronics,Thousand Oaks,California,US,91320
Defined A/V,definedav.com,definedav.com,https://www.linkedin.com/company/defined-entertainment-design,,Consumer Electronics,Thousand Oaks,California,US,91320
Kungpow Production,kungpowpro.com,kungpowpro.com,,,Consumer Electronics,Thousand Oaks,California,US,91320
"Newman Audio, Inc.",newmanaudio.com,newmanaudio.com,,,Consumer Electronics,Thousand Oaks,California,US,91360
Phantom Electronics,autoelectricalservicethousandoaksca.com,autoelectricalservicethousandoaksca.com,,,Consumer Electronics,Thousand Oaks,California,US,91362
Ready Wholesale Electric Supply,readyelectricsupply.com,readyelectricsupply.com,,,Consumer Electronics,Thousand Oaks,California,US,91360
Rm Controls & Automation,rmcontrols.com,rmcontrols.com,,,Consumer Electronics,Thousand Oaks,California,US,91320
TV INSTALLATION TECH,tvinstallationthousandoaks.com,tvinstallationthousandoaks.com,,,Consumer Electronics,Thousand Oaks,California,US,91362
The Device Lab,devicelabrepairs.com,devicelabrepairs.com,,,Consumer Electronics,Thousand Oaks,California,US,91362
U.S. Film Productions | Outdoor Movie & LED Screens,usfilmproduction.com,usfilmproduction.com,,,Consumer Electronics,Thousand Oaks,California,US,91360
"VidTech, Inc.",vidtech.com,vidtech.com,,,Consumer Electronics,Thousand Oaks,California,US,91362
Zen Cinema,zencinema.com,zencinema.com,,,Consumer Electronics,Thousand Oaks,California,US,91360
General Air Conditioning & Plumbing,callthegeneral.com,callthegeneral.com,,,Consumer Electronics,Thousand Palms,California,US,92276
Home Team Electric,hometeamelectric.com,hometeamelectric.com,,,Consumer Electronics,Thousand Palms,California,US,92276
Topanga HiFi,cobaltaudio.com,cobaltaudio.com,,,Consumer Electronics,Topanga,California,US,90290
Clever Home LA,cleverhomela.com,cleverhomela.com,,,Consumer Electronics,Torrance,California,US,90502
The Source AV Design Group,thesourceav.com,thesourceav.com,,,Consumer Electronics,Torrance,California,US,90505
Alpine Technical Services Inc,alpinetechnicalservices.com,alpinetechnicalservices.com,,,Consumer Electronics,Truckee,California,US,96161
Carlson's Electronics,carlsonselectronics.com,carlsonselectronics.com,,,Consumer Electronics,Truckee,California,US,96161
Definitive Technical,dtechtahoe.com,dtechtahoe.com,,,Consumer Electronics,Truckee,California,US,96161
Delgadillo Construction,delgadilloconstruction1.com,delgadilloconstruction1.com,,,Consumer Electronics,Truckee,California,US,96161
Epic Smart Homes,epicsmarthomes.com,epicsmarthomes.com,https://www.linkedin.com/company/epic-tech-designs,,Consumer Electronics,Truckee,California,US,96161
InMotion Mechanical,inmotionheating.com,inmotionheating.com,,,Consumer Electronics,Truckee,California,US,96161
Independent Technologies,independenttechnologies.net,independenttechnologies.net,,,Consumer Electronics,Truckee,California,US,96161
Modular System Controls,modularsystemcontrols.com,modularsystemcontrols.com,,,Consumer Electronics,Truckee,California,US,96161
Mountain Hardware & Sports,mountainhardwareandsports.com,mountainhardwareandsports.com,,,Consumer Electronics,Truckee,California,US,96161
NM Electric,nm-electric.com,nm-electric.com,,,Consumer Electronics,Truckee,California,US,96161
Cinema Systems,cinema-systems.com,cinema-systems.com,,,Consumer Electronics,Tujunga,California,US,91042
AudioVision Production Services,audiovisionps.com,audiovisionps.com,,,Consumer Electronics,Tustin,California,US,92780
"Crown Jewell Entertainment Systems, Inc.",crown-jewell.com,crown-jewell.com,,,Consumer Electronics,Tustin,California,US,92782
Select Multimedia Corp.,selectmultimedia.com,selectmultimedia.com,,,Consumer Electronics,Tustin,California,US,92780
Synergy Audio Video,synergy.tv,synergy.tv,,,Consumer Electronics,Tustin,California,US,92780
Unavi USA Inc,unavi-usa.com,unavi-usa.com,,,Consumer Electronics,Tustin,California,US,92780
"Visual i Solutions, Inc.",visualisolutions.com,visualisolutions.com,,,Consumer Electronics,Tustin,California,US,92780
BCG Concepts,bcgconcepts.com,bcgconcepts.com,,,Consumer Electronics,Van Nuys,California,US,91406
DSI Luxury Technology,dsilt.com,dsilt.com,,,Consumer Electronics,Van Nuys,California,US,91406
HTS Systems,htssystems.com,htssystems.com,,,Consumer Electronics,Van Nuys,California,US,91406
Smart Homes Innovations,shisystems.com,shisystems.com,,,Consumer Electronics,Van Nuys,California,US,91406
Grant Sound & Lighting,grantsound.com,grantsound.com,,,Consumer Electronics,Ventura,California,US,93003
iTech Smart Home Inc.,itechsmarthome.com,itechsmarthome.com,,,Consumer Electronics,Ventura,California,US,93004
"Experience AVL LLC - Audio, Video, & Lighting",experienceavl.com,experienceavl.com,,,Consumer Electronics,Visalia,California,US,93292
North County Audio Video & Security,northcountyaudiovideosecurity.com,northcountyaudiovideosecurity.com,,,Consumer Electronics,Vista,California,US,92084
A3 Smart Home Security,a3smarthome.com,a3smarthome.com,,,Consumer Electronics,Walnut Creek,California,US,94597
Denalect Alarm Co,denalect.com,denalect.com,,,Consumer Electronics,Walnut Creek,California,US,94596
InVision Home Theater,invisionhometheater.com,invisionhometheater.com,,,Consumer Electronics,Walnut Creek,California,US,94596
Smart Home Security Control,shscenergymanagement.com,shscenergymanagement.com,,,Consumer Electronics,Walnut Creek,California,US,94596
Sound and Video Rentals,soundandvideorentals.com,soundandvideorentals.com,,,Consumer Electronics,Walnut Creek,California,US,94598
Walnut Creek Lighting Co,walnutcreeklighting.com,walnutcreeklighting.com,,,Consumer Electronics,Walnut Creek,California,US,94596
Citrom Home Automation,citrom.com,citrom.com,https://www.linkedin.com/company/citrom.com,,Consumer Electronics,West Hills,California,US,91304
Malibu Wired,malibuwired.com,malibuwired.com,,,Consumer Electronics,West Hollywood,California,US,90046
California Audio Technology,calaudiotech.com,calaudiotech.com,,,Consumer Electronics,West Sacramento,California,US,95691
Jetson Home - Sacramento,jetsonhome.com,jetsonhome.com,https://www.linkedin.com/company/jetsonhome,,Consumer Electronics,West Sacramento,California,US,95691
AUDIOVISIONS,audioivisions.com,audioivisions.com,,,Consumer Electronics,Westlake Village,California,US,91362
AV Masters,avmasters.com,avmasters.com,,,Consumer Electronics,Westlake Village,California,US,91361
"Bliss Home Theaters & Automation, Inc.",blisshta.com,blisshta.com,,,Consumer Electronics,Westlake Village,California,US,91362
"Futronix AV, Inc",futronixav.com,futronixav.com,,,Consumer Electronics,Westlake Village,California,US,91361
Infinity Smart Home Solutions,infinitysmarthomesolutions.com,infinitysmarthomesolutions.com,,,Consumer Electronics,Westlake Village,California,US,91362
Me Top Audio Inc,metopaudio.com,metopaudio.com,,,Consumer Electronics,Westlake Village,California,US,91362
VUE Audiotechnik LLC,vue-audiotechnik.com,vue-audiotechnik.com,,,Consumer Electronics,Westlake Village,California,US,91361
Wilshire Media Systems,wilshirehe.com,wilshirehe.com,https://www.linkedin.com/company/wilshire-home-entertainment,,Consumer Electronics,Westlake Village,California,US,91361
Marin SF AV,marinsfav.com,marinsfav.com,,,Consumer Electronics,Woodacre,California,US,94973
Cinegration LLC,cinegration.com,cinegration.com,https://www.linkedin.com/company/cinegration,,Consumer Electronics,Arvada,Colorado,US,80002
Denver Audio Visual Rentals Denver A/V Rentals & Production | Visionwork Group Denver,visionworkgroupdenver.com,visionworkgroupdenver.com,,,Consumer Electronics,Arvada,Colorado,US,80002
DriverCentral LLC,drivercentral.io,drivercentral.io,,,Consumer Electronics,Arvada,Colorado,US,80002
Equalized Productions,equalizedproductions.com,equalizedproductions.com,,,Consumer Electronics,Arvada,Colorado,US,80002
Home Tech Experts LLC,hometechnologyexperts.com,hometechnologyexperts.com,,,Consumer Electronics,Arvada,Colorado,US,80007
"Jennings AV, LLC",jenningsav.com,jenningsav.com,,,Consumer Electronics,Arvada,Colorado,US,80002
"King Systems LLC - Denver, CO",kingsystemsllc.com,kingsystemsllc.com,https://www.linkedin.com/company/king-systems-llc,,Consumer Electronics,Arvada,Colorado,US,80002
Alpha Security,alphasecuritynow.com,alphasecuritynow.com,,,Consumer Electronics,Aspen,Colorado,US,81611
Alpine Custom Electronics,ace-aspen.com,ace-aspen.com,,,Consumer Electronics,Aspen,Colorado,US,81611
Amatis Controls,amatiscontrols.com,amatiscontrols.com,,,Consumer Electronics,Aspen,Colorado,US,81611
Belly Up Aspen,bellyupaspen.com,bellyupaspen.com,,,Consumer Electronics,Aspen,Colorado,US,81611
Conundrum Technologies,conundrumtechnologies.com,conundrumtechnologies.com,,,Consumer Electronics,Aspen,Colorado,US,81611
Decypher Technologies,decyphertech.com,decyphertech.com,https://www.linkedin.com/company/decypher-technologies-inc-,,Consumer Electronics,Aspen,Colorado,US,81611
"Elite Aspen Home | Perfect for Families w / Game Room, Theater, Firepit Hot Tub",bluepillow.com,bluepillow.com,,,Consumer Electronics,Aspen,Colorado,US,81611
Eppilus,eppilus.com,eppilus.com,,,Consumer Electronics,Aspen,Colorado,US,81611
Leax Controls Inc,leaxcontrols.com,leaxcontrols.com,,,Consumer Electronics,Aspen,Colorado,US,81611
Paragon Systems Integration,paragon.io,paragon.io,,,Consumer Electronics,Aspen,Colorado,US,81611
"Popish Electric, Inc.",popishelectric.com,popishelectric.com,,,Consumer Electronics,Aspen,Colorado,US,81611
Theatre Aspen (Offices),theatreaspen.org,theatreaspen.org,,,Consumer Electronics,Aspen,Colorado,US,81611
Visual Home Solutions,visualhomesolutions.com,visualhomesolutions.com,,,Consumer Electronics,Aspen,Colorado,US,81611
Vital Films,vitalfilms.com,vitalfilms.com,,,Consumer Electronics,Aspen,Colorado,US,81611
Alpenglow Integration,alpenglowintegration.com,alpenglowintegration.com,,,Consumer Electronics,Avon,Colorado,US,81620
Vail Electronics,vailelectronics.net,vailelectronics.net,https://www.linkedin.com/company/vail-electronics,,Consumer Electronics,Avon,Colorado,US,81620
Artistic Sound & Vision LLC,artisticsound.net,artisticsound.net,,,Consumer Electronics,Basalt,Colorado,US,81621
"Epic Home Integration, LLC",epichome.net,epichome.net,,,Consumer Electronics,Basalt,Colorado,US,81621
SOPRIS AV,soprisav.com,soprisav.com,https://www.linkedin.com/company/soprisav,,Consumer Electronics,Basalt,Colorado,US,81621
"AVCRAFTERS, INC",avcrafters.com,avcrafters.com,,,Consumer Electronics,Boulder,Colorado,US,80301
Absolutely Creative Customs,absolutelycreativecustoms.com,absolutelycreativecustoms.com,,,Consumer Electronics,Boulder,Colorado,US,80301
AudioJay,audiojay.com,audiojay.com,,,Consumer Electronics,Boulder,Colorado,US,80304
Crescendo Fine Audio,crescendoaudio.net,crescendoaudio.net,,,Consumer Electronics,Boulder,Colorado,US,80302
Daylight Productions & Rentals,daylightav.com,daylightav.com,,,Consumer Electronics,Boulder,Colorado,US,80301
Gage Home,gagehome.com,gagehome.com,,,Consumer Electronics,Boulder,Colorado,US,80302
Mr. Electric of Boulder,mrelectricboulder.com,mrelectricboulder.com,,,Consumer Electronics,Boulder,Colorado,US,80302
Oxtrabot Systems,oxtrabot.com,oxtrabot.com,,,Consumer Electronics,Boulder,Colorado,US,80302
PS Audio Inc,psaudio.com,psaudio.com,,,Consumer Electronics,Boulder,Colorado,US,80301
Prometheus Electric,prometheuselectric.com,prometheuselectric.com,,,Consumer Electronics,Boulder,Colorado,US,80304
RemoteToHome Consulting,remotetohome.io,remotetohome.io,,,Consumer Electronics,Boulder,Colorado,US,80301
The Boulder Home Theater Company,boulderhometheater.com,boulderhometheater.com,,,Consumer Electronics,Boulder,Colorado,US,80302
"Audio-Video Solutions, Inc.",avscolorado.com,avscolorado.com,,,Consumer Electronics,Breckenridge,Colorado,US,80424
Nexia Smart Home,nexiahome.com,nexiahome.com,,,Consumer Electronics,Broomfield,Colorado,US,80021
"Terracom Systems, Inc.",terracomtheatre.com,terracomtheatre.com,https://www.linkedin.com/company/2529408,,Consumer Electronics,Broomfield,Colorado,US,80020
Analytics by Design,abdaspen.net,abdaspen.net,,,Consumer Electronics,Carbondale,Colorado,US,81623
Avanti Productions | Audio Visual,avantiprod.com,avantiprod.com,,,Consumer Electronics,Carbondale,Colorado,US,81623
Performance Electronics Built by Design,aspensmarthome.com,aspensmarthome.com,,,Consumer Electronics,Carbondale,Colorado,US,81623
Denver Sight and Sound,denversightandsound.com,denversightandsound.com,https://www.linkedin.com/company/denver-sight-and-sound,,Consumer Electronics,Castle Pines,Colorado,US,80108
Colorado Audio Video,coloradoaudiovideo.com,coloradoaudiovideo.com,,,Consumer Electronics,Centennial,Colorado,US,80112
Denver Audio Designs,denveraudiodesigns.com,denveraudiodesigns.com,,,Consumer Electronics,Centennial,Colorado,US,80111
Digital Media Innovations,digitalmediainnovations.com,digitalmediainnovations.com,https://www.linkedin.com/company/digital-media-innovations,,Consumer Electronics,Centennial,Colorado,US,80112
GoQAV Experience Center,qualityaudiovideo.com,qualityaudiovideo.com,https://www.linkedin.com/company/goqav,,Consumer Electronics,Centennial,Colorado,US,80112
"Xcite Audiovisuals, LLC",xciteav.com,xciteav.com,,,Consumer Electronics,Centennial,Colorado,US,80112
"Access Media Group, Inc.",amgtv.com,amgtv.com,https://www.linkedin.com/company/access-media-group,,Consumer Electronics,Colorado Springs,Colorado,US,80919
Applied Global Technologies (AGT),appliedglobal.com,appliedglobal.com,,,Consumer Electronics,Colorado Springs,Colorado,US,80909
Balance AV Systems,blncav.com,blncav.com,,,Consumer Electronics,Colorado Springs,Colorado,US,80904
Boyd Lighting Co,boydlighting.com,boydlighting.com,,,Consumer Electronics,Colorado Springs,Colorado,US,80916
Budget Blinds of Greater Colorado Springs,budgetblinds.com,budgetblinds.com,,,Consumer Electronics,Colorado Springs,Colorado,US,80918
Colorado Complete Security,coloradocompletesecurity.com,coloradocompletesecurity.com,,,Consumer Electronics,Colorado Springs,Colorado,US,80907
Colorado Springs Video LLC,coloradospringsvideo.com,coloradospringsvideo.com,,,Consumer Electronics,Colorado Springs,Colorado,US,80919
DR Electric,drelectricllc.com,drelectricllc.com,,,Consumer Electronics,Colorado Springs,Colorado,US,80915
Eddy Sound LLC,eddysound.com,eddysound.com,,,Consumer Electronics,Colorado Springs,Colorado,US,80907
Garden of the Gods Lighting,ggl.lighting,ggl.lighting,,,Consumer Electronics,Colorado Springs,Colorado,US,80907
Global Technology Group,globalco.tech,globalco.tech,,,Consumer Electronics,Colorado Springs,Colorado,US,80917
H D Connections,hdconnections.co,hdconnections.co,,,Consumer Electronics,Colorado Springs,Colorado,US,80917
"HomeRun Electronics, Inc.",hrenow.com,hrenow.com,,,Consumer Electronics,Colorado Springs,Colorado,US,80919
Houlton Audio/Video Applications,houlton-audio-video.com,houlton-audio-video.com,,,Consumer Electronics,Colorado Springs,Colorado,US,80906
Integrated Systems & Design,isd-avs.com,isd-avs.com,,,Consumer Electronics,Colorado Springs,Colorado,US,80903
LAV Rentals,lavrentals.com,lavrentals.com,,,Consumer Electronics,Colorado Springs,Colorado,US,80919
LVW Electronics,lvw.com,lvw.com,https://www.linkedin.com/company/lvw-electronics,,Consumer Electronics,Colorado Springs,Colorado,US,80906
Liberty AV Solutions,secure.libertycable.com,secure.libertycable.com,,,Consumer Electronics,Colorado Springs,Colorado,US,80921
Mount It Up TV's,mountituptvs.com,mountituptvs.com,,,Consumer Electronics,Colorado Springs,Colorado,US,80916
Narrow Gauge Audio Visual Rental,narrowgaugesound.com,narrowgaugesound.com,,,Consumer Electronics,Colorado Springs,Colorado,US,80918
PalmVID Video Cameras,palmvid.com,palmvid.com,,,Consumer Electronics,Colorado Springs,Colorado,US,80909
Salt Creek Integrated Systems,saltcreekintegrated.com,saltcreekintegrated.com,https://www.linkedin.com/company/saltcreekintegrated,,Consumer Electronics,Colorado Springs,Colorado,US,80907
"Set Security, LLC-Home Security-Commercial Security",sethomesecurity.com,sethomesecurity.com,,,Consumer Electronics,Colorado Springs,Colorado,US,80907
Sight Sound & Security,sightsoundandsecurity.com,sightsoundandsecurity.com,,,Consumer Electronics,Colorado Springs,Colorado,US,80903
Sight and Sound Technologies,sightsoundtech.com,sightsoundtech.com,,,Consumer Electronics,Colorado Springs,Colorado,US,80917
Smart Gate Systems,smartgatesystems.com,smartgatesystems.com,,,Consumer Electronics,Colorado Springs,Colorado,US,80905
System Links,systemlinkscolorado.com,systemlinkscolorado.com,,,Consumer Electronics,Colorado Springs,Colorado,US,80917
The Screening Room Home Theater / Audio Video,thescreeningroomav.com,thescreeningroomav.com,,,Consumer Electronics,Colorado Springs,Colorado,US,80921
The Sound Shop,the-sound-shop.com,the-sound-shop.com,,,Consumer Electronics,Colorado Springs,Colorado,US,80904
WinTech,wintech360.com,wintech360.com,,,Consumer Electronics,Colorado Springs,Colorado,US,80907
Amp Champ Pro AV,ampchamp.com,ampchamp.com,,,Consumer Electronics,Denver,Colorado,US,80207
Ashcraft Tech,ashcrafttech.com,ashcrafttech.com,,,Consumer Electronics,Denver,Colorado,US,80222
Aural HiFi,auralhifi.com,auralhifi.com,,,Consumer Electronics,Denver,Colorado,US,80210
Aurum Home Technology,aurumhometech.com,aurumhometech.com,https://www.linkedin.com/company/aurum-home-tech,,Consumer Electronics,Denver,Colorado,US,80223
CCS Presentation Systems Inc,co.ccsprojects.com,co.ccsprojects.com,,,Consumer Electronics,Denver,Colorado,US,80223
Colorado Security Company,coloradosecuritycompany.com,coloradosecuritycompany.com,,,Consumer Electronics,Denver,Colorado,US,80210
Consolidated Electrical Distributors,cednorthdenver.portalced.com,cednorthdenver.portalced.com,,,Consumer Electronics,Denver,Colorado,US,80216
"Controlling Systems Heating, AC, and Electrical Repair",controllingsystemsco.com,controllingsystemsco.com,,,Consumer Electronics,Denver,Colorado,US,80221
Denver Secure LLC,denversecure.com,denversecure.com,,,Consumer Electronics,Denver,Colorado,US,80222
Electronic Integration,eiexperts.com,eiexperts.com,https://www.linkedin.com/company/electronic-integration,,Consumer Electronics,Denver,Colorado,US,80223
Electronic Sales and Production,electronicsalesandproduction.com,electronicsalesandproduction.com,,,Consumer Electronics,Denver,Colorado,US,80216
Envision Automation,envision10.com,envision10.com,https://www.linkedin.com/company/wix-com,,Consumer Electronics,Denver,Colorado,US,80206
Image Audiovisuals,imageav.com,imageav.com,,,Consumer Electronics,Denver,Colorado,US,80222
Inspire Solutions,inspiresolutions.com,inspiresolutions.com,,,Consumer Electronics,Denver,Colorado,US,80223
"Lennox-Gentle Automation, Inc.",lgautomation.com,lgautomation.com,,,Consumer Electronics,Denver,Colorado,US,80239
ListenUp®,listenup.com,listenup.com,https://www.linkedin.com/company/listenup,,Consumer Electronics,Denver,Colorado,US,80209
MediaVine Pro Audio/Video,mediavineproav.com,mediavineproav.com,,,Consumer Electronics,Denver,Colorado,US,80216
NOVA Automation,novaautomation.com,novaautomation.com,,,Consumer Electronics,Denver,Colorado,US,80219
PHT,phtav.com,phtav.com,,,Consumer Electronics,Denver,Colorado,US,80210
Paramount Audio Video Corp.,paramountav.com,paramountav.com,,,Consumer Electronics,Denver,Colorado,US,80219
Reliable Home Technology,reliablehometechnology.com,reliablehometechnology.com,https://www.linkedin.com/company/reliable-home-security,,Consumer Electronics,Denver,Colorado,US,80214
Spectrum Audio Visual,spectrumav.com,spectrumav.com,,,Consumer Electronics,Denver,Colorado,US,80216
Switch Automation,switchautomation.com,switchautomation.com,https://www.linkedin.com/company/switch-automation,,Consumer Electronics,Denver,Colorado,US,80202
System Dynamics,sysdy.com,sysdy.com,,,Consumer Electronics,Denver,Colorado,US,80203
TEC Integration,tecintegration.com,tecintegration.com,,,Consumer Electronics,Denver,Colorado,US,80223
TV Solutions LLC,mountingmytv.com,mountingmytv.com,,,Consumer Electronics,Denver,Colorado,US,80202
Ultra Design Center,ultradesigncenter.com,ultradesigncenter.com,,,Consumer Electronics,Denver,Colorado,US,80204
VanZandt Controls / Eagle Automation,vzcontrols.com,vzcontrols.com,,,Consumer Electronics,Denver,Colorado,US,80202
Xssentials,xssentials.com,xssentials.com,https://www.linkedin.com/company/xssentials,,Consumer Electronics,Denver,Colorado,US,80204
Altitude audio visual,altitudeavco.com,altitudeavco.com,,,Consumer Electronics,Eagle,Colorado,US,81631
Vail Valley Entertainment,vailvalleyentertainment.com,vailvalleyentertainment.com,,,Consumer Electronics,Eagle,Colorado,US,81631
High Mountain Home Technology LLC,vailhometheater.com,vailhometheater.com,,,Consumer Electronics,Edwards,Colorado,US,81632
InVision Communications,invisionvail.com,invisionvail.com,,,Consumer Electronics,Edwards,Colorado,US,81632
Synergy Systems CO,synergysystemsco.com,synergysystemsco.com,,,Consumer Electronics,Edwards,Colorado,US,81632
AIM,aimyourhome.com,aimyourhome.com,,,Consumer Electronics,Englewood,Colorado,US,80111
AVL Solutions Group,avlsg.com,avlsg.com,,,Consumer Electronics,Englewood,Colorado,US,80110
Gold Sound,goldsound.net,goldsound.net,,,Consumer Electronics,Englewood,Colorado,US,80113
Mile High Audio Video,milehighaudiovideo.com,milehighaudiovideo.com,,,Consumer Electronics,Englewood,Colorado,US,80112
Multimedia Audio Visual,multimediaav.com,multimediaav.com,,,Consumer Electronics,Englewood,Colorado,US,80110
Security Central Inc.,securitycentralinc.com,securitycentralinc.com,,,Consumer Electronics,Englewood,Colorado,US,80112
Soundscape Stereo + Theater Design,soundscapestereo.com,soundscapestereo.com,,,Consumer Electronics,Evergreen,Colorado,US,80439
Audio Alternative Ltd,audioalternative.com,audioalternative.com,,,Consumer Electronics,Fort Collins,Colorado,US,80526
BluGuard Security,getbluguard.com,getbluguard.com,,,Consumer Electronics,Fort Collins,Colorado,US,80525
Colorado Controls,colorado-controls.com,colorado-controls.com,https://www.linkedin.com/company/coloradocontrols,,Consumer Electronics,Fort Collins,Colorado,US,80524
Commercial Audio Video Front Range,cavfrontrange.com,cavfrontrange.com,,,Consumer Electronics,Fort Collins,Colorado,US,80524
Doms TV Mounting Colorado,domstvmountingcolorado.com,domstvmountingcolorado.com,,,Consumer Electronics,Fort Collins,Colorado,US,80524
Entertainment Audio Video,entertainmentav.com,entertainmentav.com,,,Consumer Electronics,Fort Collins,Colorado,US,80524
Event Tech AV,eventtechav.com,eventtechav.com,,,Consumer Electronics,Fort Collins,Colorado,US,80524
Fort Collins Audio Video,fortcollinsaudiovideo.com,fortcollinsaudiovideo.com,,,Consumer Electronics,Fort Collins,Colorado,US,80524
Harmonic Series Inc,harmonicseries.com,harmonicseries.com,,,Consumer Electronics,Fort Collins,Colorado,US,80526
"MFCP - Motion & Flow Control Products, Inc. Fort Collins, CO - ParkerStore",mfcp.com,mfcp.com,,,Consumer Electronics,Fort Collins,Colorado,US,80524
PH Electric LLC,phelectricco.com,phelectricco.com,,,Consumer Electronics,Fort Collins,Colorado,US,80525
Rockfan AVL Production & Integration,rockfan.rocks,rockfan.rocks,https://www.linkedin.com/company/rockfan-entertainment,,Consumer Electronics,Fort Collins,Colorado,US,80524
Rocky Mountain Custom Home Entertainment,rmcustomhomeentertainment.com,rmcustomhomeentertainment.com,,,Consumer Electronics,Fort Collins,Colorado,US,80525
"Rocky Mountain Install - Audio, Video, Data & Security",rockymtninstall.com,rockymtninstall.com,,,Consumer Electronics,Fort Collins,Colorado,US,80526
The Light Center,lightcenterinc.com,lightcenterinc.com,,,Consumer Electronics,Fort Collins,Colorado,US,80525
Xtreme Theatre & Sound,thxit.com,thxit.com,,,Consumer Electronics,Fort Collins,Colorado,US,80524
Zulani Modern LLC,zulanimodernlowvoltage.com,zulanimodernlowvoltage.com,,,Consumer Electronics,Fort Collins,Colorado,US,80521
The Wire Wizards,wiredbywizards.org,wiredbywizards.org,,,Consumer Electronics,Fountain,Colorado,US,80817
Av by Design LLC,avbydesignllc.com,avbydesignllc.com,,,Consumer Electronics,Glenwood Springs,Colorado,US,81601
"Xen Technology Group, LLC",xenaspen.com,xenaspen.com,,,Consumer Electronics,Glenwood Springs,Colorado,US,81601
Handy Andy TV Mounting,ihandyandy.com,ihandyandy.com,,,Consumer Electronics,Golden,Colorado,US,80401
Kaleidoscope Productions,kaleidoscope-co.com,kaleidoscope-co.com,,,Consumer Electronics,Golden,Colorado,US,80401
"Press Play Integration, LLC",pressplaydenver.com,pressplaydenver.com,,,Consumer Electronics,Golden,Colorado,US,80403
IQ Home and Office,iqhomeandoffice.com,iqhomeandoffice.com,,,Consumer Electronics,Grand Junction,Colorado,US,81503
Sound Investments,soundinvestmentsco.com,soundinvestmentsco.com,https://www.linkedin.com/company/sound-investments-home-theater-installation,,Consumer Electronics,Greeley,Colorado,US,80634
Soundings Fine Audio Video,soundingshifi.com,soundingshifi.com,,,Consumer Electronics,Greenwood Village,Colorado,US,80112
Colorado Home Services,cohomeservice.com,cohomeservice.com,,,Consumer Electronics,Lakewood,Colorado,US,80214
Electronic Services & Concierge,escdenver.com,escdenver.com,,,Consumer Electronics,Lakewood,Colorado,US,80215
"Harrison Home Systems, Inc.",harrisonhomesystems.com,harrisonhomesystems.com,https://www.linkedin.com/company/harrison-home-systems,,Consumer Electronics,Lakewood,Colorado,US,80214
"High Country Low Voltage, LLC",highcountryllc.com,highcountryllc.com,,,Consumer Electronics,Lakewood,Colorado,US,80401
Streamline Communications,hdtvdenver.com,hdtvdenver.com,,,Consumer Electronics,Lakewood,Colorado,US,80226
CTL Companies,ctlcompanies.com,ctlcompanies.com,,,Consumer Electronics,Littleton,Colorado,US,80128
Innovative Home Systems,innovativehomesys.com,innovativehomesys.com,,,Consumer Electronics,Littleton,Colorado,US,80120
Logic Integration,logicav.net,logicav.net,https://www.linkedin.com/company/667289,,Consumer Electronics,Lone Tree,Colorado,US,80124
Digital Home Colorado,digitalhomecolorado.com,digitalhomecolorado.com,,,Consumer Electronics,Longmont,Colorado,US,80503
"Next Step Communications, LLC",nextsteponline.net,nextsteponline.net,,,Consumer Electronics,Longmont,Colorado,US,80504
Summit Integrated Systems,summitavl.com,summitavl.com,,,Consumer Electronics,Louisville,Colorado,US,80027
Integral Home Systems,integralhomesystems.com,integralhomesystems.com,https://www.linkedin.com/company/integral-home-systems,,Consumer Electronics,Loveland,Colorado,US,80537
Titus Electrical Services,tituselectricians.com,tituselectricians.com,,,Consumer Electronics,Mead,Colorado,US,80542
E Z Home Systems,ezhomesystem.com,ezhomesystem.com,,,Consumer Electronics,Montrose,Colorado,US,81403
Lambda Audio Visual Inc.,lambdaav.io,lambdaav.io,,,Consumer Electronics,Monument,Colorado,US,80132
Think Smart Tech,thinksmarttech.com,thinksmarttech.com,,,Consumer Electronics,Monument,Colorado,US,80132
Digitiqe Western Slope,digitiqe.com,digitiqe.com,,,Consumer Electronics,Paonia,Colorado,US,81428
Afterburner Home Solutions LLC,afterburnerhs.com,afterburnerhs.com,,,Consumer Electronics,Parker,Colorado,US,80134
Curt's Audio Video,curtsaudiovideo.com,curtsaudiovideo.com,,,Consumer Electronics,Parker,Colorado,US,80134
Jays Audio Video Installation,jaysavinstall.com,jaysavinstall.com,,,Consumer Electronics,Parker,Colorado,US,80134
Monarchy Entertainment,monarchyentertainment.com,monarchyentertainment.com,,,Consumer Electronics,Parker,Colorado,US,80134
Integrity AV & IT Solutions LLC,integrityavits.com,integrityavits.com,,,Consumer Electronics,Peyton,Colorado,US,80831
Precision Media Solutions,pmav.co,pmav.co,https://www.linkedin.com/company/precision-media-solutions,,Consumer Electronics,Sheridan,Colorado,US,80110
Smart Systems – Home Automation | Lighting & AV,cosmartsystems.com,cosmartsystems.com,,,Consumer Electronics,Sheridan,Colorado,US,80110
AVA Rocky Mountains,avarockymountains.net,avarockymountains.net,,,Consumer Electronics,Silverthorne,Colorado,US,80498
Pro Spectrum Systems,prospectrumsystems.com,prospectrumsystems.com,,,Consumer Electronics,Silverthorne,Colorado,US,80498
Checkmate Property Services,checkmatepropertyservices.com,checkmatepropertyservices.com,,,Consumer Electronics,Steamboat Springs,Colorado,US,80487
Cloud 9 Integrated Systems,teamc9.com,teamc9.com,https://www.linkedin.com/company/cloud-9-integrated-systems,,Consumer Electronics,Steamboat Springs,Colorado,US,80487
"Control Designer, Inc.",controldesigner.com,controldesigner.com,https://www.linkedin.com/company/control-designer-inc-,,Consumer Electronics,Steamboat Springs,Colorado,US,80487
ElektraFi,elektrafi.com,elektrafi.com,,,Consumer Electronics,Steamboat Springs,Colorado,US,80487
PAVS Smart Home Tech,pavs.tech,pavs.tech,,,Consumer Electronics,Steamboat Springs,Colorado,US,80477
Sensor Solutions (A Standex Electronics Company),sensorso.com,sensorso.com,https://www.linkedin.com/company/sensor-solutions,,Consumer Electronics,Steamboat Springs,Colorado,US,80487
SmartPads,smartpads.co,smartpads.co,,,Consumer Electronics,Steamboat Springs,Colorado,US,80487
Stagecoach Electric Inc,stagecoachelectricinc.com,stagecoachelectricinc.com,,,Consumer Electronics,Steamboat Springs,Colorado,US,80487
Steamboat Gate Systems LLC,steamboatgatesystems.com,steamboatgatesystems.com,,,Consumer Electronics,Steamboat Springs,Colorado,US,80487
Advanced Hydronics LLC,advancedhydronicsllc.com,advancedhydronicsllc.com,,,Consumer Electronics,Telluride,Colorado,US,81435
Artistic Systems CO,artisticsystems.net,artisticsystems.net,,,Consumer Electronics,Telluride,Colorado,US,81435
Bivy Group,bivygroup.com,bivygroup.com,,,Consumer Electronics,Telluride,Colorado,US,81435
Digital 1 Audio Visual,digital1av.com,digital1av.com,,,Consumer Electronics,Telluride,Colorado,US,81435
JMK Custom Building,jmkcustombuilding.com,jmkcustombuilding.com,,,Consumer Electronics,Telluride,Colorado,US,81435
Mind Blown Telluride,mindblowntelluride.com,mindblowntelluride.com,,,Consumer Electronics,Telluride,Colorado,US,81435
Power Logic Electrical,colorado-electrician.com,colorado-electrician.com,,,Consumer Electronics,Telluride,Colorado,US,81435
San Juan Sound And Vision,telluridesound.com,telluridesound.com,,,Consumer Electronics,Telluride,Colorado,US,81435
Sectair AI Automation Solutions,sectair.com,sectair.com,,,Consumer Electronics,Telluride,Colorado,US,81435
Studio Frank,studiofrank.com,studiofrank.com,,,Consumer Electronics,Telluride,Colorado,US,81435
T R i B E Interior Design,tribeinteriordesign.com,tribeinteriordesign.com,,,Consumer Electronics,Telluride,Colorado,US,81435
Telecam Partnership II Ltd,telecampartners.com,telecampartners.com,,,Consumer Electronics,Telluride,Colorado,US,81435
Telluride Music Company,telluridemusiccompany.com,telluridemusiccompany.com,,,Consumer Electronics,Telluride,Colorado,US,81435
Telluride Tech,telluridetech.com,telluridetech.com,,,Consumer Electronics,Telluride,Colorado,US,81320
Tiny Empire Media,tinyempire.tv,tinyempire.tv,,,Consumer Electronics,Telluride,Colorado,US,81435
Ultra Builders,ultrabuildersllc.com,ultrabuildersllc.com,,,Consumer Electronics,Telluride,Colorado,US,81435
Vyanet Security,telluride.vyanet.com,telluride.vyanet.com,,,Consumer Electronics,Telluride,Colorado,US,81435
YX Tech,yxtech.co,yxtech.co,,,Consumer Electronics,Telluride,Colorado,US,81435
Sound Media,soundmediaonline.com,soundmediaonline.com,,,Consumer Electronics,Thornton,Colorado,US,80602
"DK Automation - Colorado, LLC",dkautomation.com,dkautomation.com,,,Consumer Electronics,Timnath,Colorado,US,80547
Kustom Theater Kreations,kustomtheater.com,kustomtheater.com,,,Consumer Electronics,Timnath,Colorado,US,80547
Aquarian Uprising,aquarianuprising.com,aquarianuprising.com,,,Consumer Electronics,Vail,Colorado,US,81657
Buddisystems,buddisystems.com,buddisystems.com,,,Consumer Electronics,Vail,Colorado,US,81657
Gravity Haus Vail,gravityhaus.com,gravityhaus.com,,,Consumer Electronics,Vail,Colorado,US,81657
Handyman Enterprises LLC,handyman-enterprises.com,handyman-enterprises.com,,,Consumer Electronics,Vail,Colorado,US,81657
InvitedHome Vail,invitedhome.com,invitedhome.com,https://www.linkedin.com/company/invitedhome,,Consumer Electronics,Vail,Colorado,US,81657
"KH Webb Architects, PC",khwebb.com,khwebb.com,,,Consumer Electronics,Vail,Colorado,US,81657
The Sebastian - Vail,thesebastianvail.com,thesebastianvail.com,,,Consumer Electronics,Vail,Colorado,US,81657
Utkin&Co. Handyman,utkinhome.solutions,utkinhome.solutions,,,Consumer Electronics,Vail,Colorado,US,81657
Vail Comedy Show,vailcomedyshow.com,vailcomedyshow.com,,,Consumer Electronics,Vail,Colorado,US,81657
Wishes Toys,wisheskidsstore.com,wisheskidsstore.com,,,Consumer Electronics,Vail,Colorado,US,81657
Evermore Integration,evermoreint.com,evermoreint.com,,,Consumer Electronics,Westminster,Colorado,US,80031
Secure Communications Group,securecomm.us,securecomm.us,https://www.linkedin.com/company/76887970,,Consumer Electronics,Westminster,Colorado,US,80003
Imagine More Automation Showroom & Distribution Center,shopimaginemore.com,shopimaginemore.com,https://www.linkedin.com/company/imaginemorestores,,Consumer Electronics,Windsor,Colorado,US,80550
Security and Sound Design,securityandsound.com,securityandsound.com,,,Consumer Electronics,Windsor,Colorado,US,80550
Audio Experience,audioexperience.net,audioexperience.net,,,Consumer Electronics,Ansonia,Connecticut,US,06401
Valley Lighting & Home Decor,valleyhomelighting.com,valleyhomelighting.com,,,Consumer Electronics,Ansonia,Connecticut,US,06401
Keylin Audio Video,keylinaudiovideo.com,keylinaudiovideo.com,,,Consumer Electronics,Avon,Connecticut,US,06001
DJB Installations LLC,djbinstallations.com,djbinstallations.com,,,Consumer Electronics,Berlin,Connecticut,US,06037
Hadden Home Services,thorogoodelectric.com,thorogoodelectric.com,,,Consumer Electronics,Bloomfield,Connecticut,US,06002
"DirectLine Media, LLC",directlinemediaproductions.com,directlinemediaproductions.com,,,Consumer Electronics,Branford,Connecticut,US,06405
Nationwide Security Corporation,nationwidesecuritycorp.com,nationwidesecuritycorp.com,,,Consumer Electronics,Branford,Connecticut,US,06405
OGS Technology,ogstechnology.com,ogstechnology.com,,,Consumer Electronics,Branford,Connecticut,US,06405
A/V DAVEY AUDIOVISUALS,avdavey.com,avdavey.com,,,Consumer Electronics,Bridgeport,Connecticut,US,06606
Insight Plus Technology,insightplustech.com,insightplustech.com,,,Consumer Electronics,Bristol,Connecticut,US,06010
Video Production CT,mackmediagroup.com,mackmediagroup.com,https://www.linkedin.com/company/mack-media-group,,Consumer Electronics,Brookfield,Connecticut,US,06804
"NETV LLC, Audio Video Integrator",netvservice.com,netvservice.com,,,Consumer Electronics,Canton,Connecticut,US,06019
Perfect Vision & Sound,perfectvisionsound.com,perfectvisionsound.com,,,Consumer Electronics,Canton,Connecticut,US,06019
CT Home Automation LLC,cthomeautomation.com,cthomeautomation.com,,,Consumer Electronics,Cheshire,Connecticut,US,06410
Harrington Home Systems,harringtonavs.com,harringtonavs.com,,,Consumer Electronics,Cheshire,Connecticut,US,06410
Powerstation Events,powerstationevents.com,powerstationevents.com,,,Consumer Electronics,Cheshire,Connecticut,US,06410
Automation Associates,autoassoc.com,autoassoc.com,,,Consumer Electronics,Darien,Connecticut,US,06820
Vista Group International Inc,vistagroupinternational.com,vistagroupinternational.com,,,Consumer Electronics,Darien,Connecticut,US,06820
Hometronics Lifestyles,hometronicslifestyles.com,hometronicslifestyles.com,,,Consumer Electronics,Durham,Connecticut,US,06422
4AVNow,4avnow.com,4avnow.com,,,Consumer Electronics,East Hartford,Connecticut,US,06108
Associated Security Corporation,associatedsecuritycorporation.com,associatedsecuritycorporation.com,,,Consumer Electronics,East Hartford,Connecticut,US,06108
Eastern Video Service,easternvideoservice.com,easternvideoservice.com,,,Consumer Electronics,East Hartford,Connecticut,US,06108
Electrical Unlimited LLC,electricalunlimited-llc.com,electricalunlimited-llc.com,,,Consumer Electronics,East Hartford,Connecticut,US,06118
Next Generation Alarms,nextgenerationalarms.com,nextgenerationalarms.com,,,Consumer Electronics,East Hartford,Connecticut,US,06108
Spaces LLC,buildyourspaces.com,buildyourspaces.com,,,Consumer Electronics,East Hartford,Connecticut,US,06108
West Electric,westelectric.energy,westelectric.energy,,,Consumer Electronics,East Hartford,Connecticut,US,06108
ESPOSITO ELECTRICAL & SECURITY,rjesposito.com,rjesposito.com,,,Consumer Electronics,East Haven,Connecticut,US,06512
Wired 4 Entertainment,wired4entertainment.com,wired4entertainment.com,,,Consumer Electronics,East Haven,Connecticut,US,06512
Beacon Electronics,beacon-electronics.com,beacon-electronics.com,,,Consumer Electronics,Fairfield,Connecticut,US,06824
GORDON TECH LLC,gordontechnical.com,gordontechnical.com,,,Consumer Electronics,Fairfield,Connecticut,US,06824
I Design,idesigntheaters.com,idesigntheaters.com,,,Consumer Electronics,Fairfield,Connecticut,US,06824
Phoenix Audio Video & Systems Integration,phoenixaudiovideo.com,phoenixaudiovideo.com,https://www.linkedin.com/company/phoenix-audio-video-llc,,Consumer Electronics,Fairfield,Connecticut,US,06825
Residential Systems & Design,rs-d.com,rs-d.com,,,Consumer Electronics,Fairfield,Connecticut,US,06825
Westfair TV Audio,westfairtv.com,westfairtv.com,,,Consumer Electronics,Fairfield,Connecticut,US,06824
Bentley Electronic Systems,bentleysystems.us,bentleysystems.us,,,Consumer Electronics,Glastonbury,Connecticut,US,06073
SmartCon Solutions,smartconsolutions.com,smartconsolutions.com,,,Consumer Electronics,Glastonbury,Connecticut,US,06033
Video Production Company,videoproduction-company.com,videoproduction-company.com,,,Consumer Electronics,Glastonbury,Connecticut,US,06033
Bri-Tech Inc,bri-tech.com,bri-tech.com,https://www.linkedin.com/company/bri-tech-inc.,,Consumer Electronics,Greenwich,Connecticut,US,06830
Broken Silence Custom Car Audio,brokensilencecaraudio.com,brokensilencecaraudio.com,,,Consumer Electronics,Greenwich,Connecticut,US,06830
Control Digital LLC,control-digital.net,control-digital.net,,,Consumer Electronics,Greenwich,Connecticut,US,06830
Cos Cob TV & Audio,coscobtv.com,coscobtv.com,,,Consumer Electronics,Greenwich,Connecticut,US,06807
Fairfield Integrated Systems,fairfieldis.io,fairfieldis.io,,,Consumer Electronics,Greenwich,Connecticut,US,06878
Greenwich Home Theater,greenwichhometheater.com,greenwichhometheater.com,,,Consumer Electronics,Greenwich,Connecticut,US,06830
Rolo Electronics Cameras Security Systems Security Audio Video Installation Sales Services,roloelectronics.com,roloelectronics.com,https://www.linkedin.com/company/rolo-electronics,,Consumer Electronics,Greenwich,Connecticut,US,06831
Visual Solutions LLC,visualsolutionsllc.com,visualsolutionsllc.com,,,Consumer Electronics,Greenwich,Connecticut,US,06830
Remote Solutions Inc,rsavus.com,rsavus.com,,,Consumer Electronics,Groton,Connecticut,US,06355
ATP Alarms,atpalarms.com,atpalarms.com,,,Consumer Electronics,Hamden,Connecticut,US,06514
Bovin's Video Production,bovinsvideoproduction.com,bovinsvideoproduction.com,,,Consumer Electronics,Hamden,Connecticut,US,06518
Custom Security of Connecticut,customsecurityct.com,customsecurityct.com,,,Consumer Electronics,Hamden,Connecticut,US,06514
Guymark Studios Inc,guymarkstudios.com,guymarkstudios.com,,,Consumer Electronics,Hamden,Connecticut,US,06518
A1 Door Repair & Installation – Hartford,a1doorservices.com,a1doorservices.com,,,Consumer Electronics,Hartford,Connecticut,US,06105
ACB Enterprise LLC,acbenterprise.alibidealer.com,acbenterprise.alibidealer.com,,,Consumer Electronics,Hartford,Connecticut,US,06112
AMZ Automations,getamzautomation.com,getamzautomation.com,,,Consumer Electronics,Hartford,Connecticut,US,06120
Action Audio Store LLC,actionaudiostorellc.com,actionaudiostorellc.com,,,Consumer Electronics,Hartford,Connecticut,US,06120
"Bright Solutions, LLC",brightsolutionct.com,brightsolutionct.com,,,Consumer Electronics,Hartford,Connecticut,US,06106
Connecticut Lighting Centers,ctlighting.com,ctlighting.com,,,Consumer Electronics,Hartford,Connecticut,US,06114
Hartford Stage,hartfordstage.org,hartfordstage.org,,,Consumer Electronics,Hartford,Connecticut,US,06103
HomeDecor,homedecorct.com,homedecorct.com,,,Consumer Electronics,Hartford,Connecticut,US,06120
Infinity Music Hall - Hartford,infinityhall.com,infinityhall.com,,,Consumer Electronics,Hartford,Connecticut,US,06103
L.A.S.R Home Improvement LLC,lasr-salme.net,lasr-salme.net,,,Consumer Electronics,Hartford,Connecticut,US,06106
Lifeway Mobility,lifewaymobility.com,lifewaymobility.com,,,Consumer Electronics,Hartford,Connecticut,US,06120
Real Art Ways,realartways.org,realartways.org,https://www.linkedin.com/company/real-art-ways,,Consumer Electronics,Hartford,Connecticut,US,06106
Restoration Lighting Gallery,myrlg.com,myrlg.com,,,Consumer Electronics,Hartford,Connecticut,US,06114
Sound Guyz Event Solutions Inc.,sgzpro.com,sgzpro.com,https://www.linkedin.com/company/soundguyz,,Consumer Electronics,Hartford,Connecticut,US,06103
The Bushnell Performing Arts Center,bushnell.org,bushnell.org,,,Consumer Electronics,Hartford,Connecticut,US,06106
The Meadows Music Theatre,meadowsmusictheatre.com,meadowsmusictheatre.com,,,Consumer Electronics,Hartford,Connecticut,US,06120
The Stereo Shop,thestereoshop.com,thestereoshop.com,,,Consumer Electronics,Hartford,Connecticut,US,06105
The Webster,thewebsterct.com,thewebsterct.com,,,Consumer Electronics,Hartford,Connecticut,US,06114
TheaterWorks Hartford,twhartford.org,twhartford.org,,,Consumer Electronics,Hartford,Connecticut,US,06103
Litchfield Stereo Design,litchfieldstereo.com,litchfieldstereo.com,,,Consumer Electronics,Kent,Connecticut,US,06757
Approved Audio Service Inc,approvedaudioservice.com,approvedaudioservice.com,,,Consumer Electronics,Litchfield,Connecticut,US,06750
Level Up Automation New York Metro,levelupautomation.com,levelupautomation.com,,,Consumer Electronics,Litchfield,Connecticut,US,06759
AV Theater Designs,avtheaterdesigns.com,avtheaterdesigns.com,,,Consumer Electronics,Madison,Connecticut,US,06443
"Intel Street Monitoring, LLC",intelstreetmonitoring.com,intelstreetmonitoring.com,,,Consumer Electronics,Manchester,Connecticut,US,06040
Smart Connections LLC,smartconnectionsllc.com,smartconnectionsllc.com,,,Consumer Electronics,Mansfield,Connecticut,US,06268
Safe Home Security,safehomesecurityinc.com,safehomesecurityinc.com,,,Consumer Electronics,Middletown,Connecticut,US,06457
QTL,qtl.lighting,qtl.lighting,,,Consumer Electronics,Milford,Connecticut,US,06460
Sierra Audio Video Designs,sierraavdesigns.com,sierraavdesigns.com,,,Consumer Electronics,Monroe,Connecticut,US,06468
Home Theater Electrician,a-plus-electrical.com,a-plus-electrical.com,,,Consumer Electronics,Naugatuck,Connecticut,US,06770
ROBERT ALLEN MULTIMEDIA,ramultimedia-ctny.com.us.specifiweb.com,ramultimedia-ctny.com.us.specifiweb.com,,,Consumer Electronics,New Canaan,Connecticut,US,06840
Hull Alarms LLC,hullalarmsllc.com,hullalarmsllc.com,,,Consumer Electronics,New Hartford,Connecticut,US,06057
Advanced CCTV Alarm Systems,advancedcctvalarm.com,advancedcctvalarm.com,,,Consumer Electronics,New Haven,Connecticut,US,06513
CMC Studios,cmcstudios.com,cmcstudios.com,,,Consumer Electronics,New Haven,Connecticut,US,06512
Electrical Wholesalers Inc.,ew-ct.com,ew-ct.com,,,Consumer Electronics,New Haven,Connecticut,US,06511
Mammoth Security Inc. New Haven,mammothsecurity.com,mammothsecurity.com,,,Consumer Electronics,New Haven,Connecticut,US,06515
"Solvis Media | Digital Marketing Company | Video, SEO, CRO, Web Design",solvismedia.com,solvismedia.com,,,Consumer Electronics,New Haven,Connecticut,US,06510
Square 9 Softworks,square-9.com,square-9.com,https://www.linkedin.com/company/square-9-softworks_2,,Consumer Electronics,New Haven,Connecticut,US,06510
Story Real Studios Video Production Company CT & Corporate Business Commercials,storyreal.co,storyreal.co,,,Consumer Electronics,New Haven,Connecticut,US,06510
Technolutions,technolutions.com,technolutions.com,,,Consumer Electronics,New Haven,Connecticut,US,06510
Videos Con Ivanice,youtu.be,youtu.be,,,Consumer Electronics,New Haven,Connecticut,US,06511
envision! Film and Video,envisionfilmvideo.com,envisionfilmvideo.com,,,Consumer Electronics,New Haven,Connecticut,US,06513
The Audio Store,theaudiostore.com,theaudiostore.com,,,Consumer Electronics,Newington,Connecticut,US,06111
Flexible Automation Systems,flexibleautomationsystemstechnology.com,flexibleautomationsystemstechnology.com,,,Consumer Electronics,Newtown,Connecticut,US,06482
Safe and Sound Systems,safeandsoundct.com,safeandsoundct.com,,,Consumer Electronics,North Branford,Connecticut,US,06471
Absolute Video,absolutevideoandphoto.com,absolutevideoandphoto.com,,,Consumer Electronics,North Haven,Connecticut,US,06473
Access Audio-Visual Systems,accessaudiovisual.com,accessaudiovisual.com,,,Consumer Electronics,North Haven,Connecticut,US,06473
Advanced Alarms Security Systems Inc.,advancedalarms.com,advancedalarms.com,,,Consumer Electronics,North Haven,Connecticut,US,06473
Network Electric & Security,network355.xyz,network355.xyz,,,Consumer Electronics,North Haven,Connecticut,US,06473
New England Sound Light Video Services,nesound.com,nesound.com,,,Consumer Electronics,North Haven,Connecticut,US,06473
Now Security Systems Inc,nowsecurityct.com,nowsecurityct.com,,,Consumer Electronics,North Haven,Connecticut,US,06473
Opus Audio Video Control Inc.,opusavc.com,opusavc.com,https://www.linkedin.com/company/opus-audio-video-control-inc,,Consumer Electronics,North Haven,Connecticut,US,06473
Pro Tek Security LLC,protekct.com,protekct.com,,,Consumer Electronics,North Haven,Connecticut,US,06473
Sound Stage Systems,soundstagesystems.com,soundstagesystems.com,,,Consumer Electronics,North Haven,Connecticut,US,06473
a&j pro audio ct,ajproaudio.com,ajproaudio.com,,,Consumer Electronics,North Haven,Connecticut,US,06473
Advanced Electronic Systems,aesalarm.com,aesalarm.com,,,Consumer Electronics,Norwalk,Connecticut,US,06851
Apex Technology Services,apextechservices.com,apextechservices.com,,,Consumer Electronics,Norwalk,Connecticut,US,06854
Cabling Technologies Corp.,ctcable.com,ctcable.com,https://www.linkedin.com/company/wix-com,,Consumer Electronics,Norwalk,Connecticut,US,06854
DiMar Technology LLC,dimartechnology.com,dimartechnology.com,,,Consumer Electronics,Norwalk,Connecticut,US,06851
Focal TV & Audio,focalav.com,focalav.com,,,Consumer Electronics,Norwalk,Connecticut,US,06854
Just Audio Visual,justaudiovisual.com,justaudiovisual.com,https://www.linkedin.com/company/just-av-llc,,Consumer Electronics,Norwalk,Connecticut,US,06851
Roof smart home improvement & construction,roofsmarthi.com,roofsmarthi.com,,,Consumer Electronics,Norwalk,Connecticut,US,06854
Sound Control Technologies Inc,soundcontrol.net,soundcontrol.net,,,Consumer Electronics,Norwalk,Connecticut,US,06855
Stratatech Group,stratatech.net,stratatech.net,https://www.linkedin.com/company/stratatech-group-llc,,Consumer Electronics,Norwalk,Connecticut,US,06850
Welte Electronic Systems LLC,welteelectronicsystems.com,welteelectronicsystems.com,,,Consumer Electronics,Norwalk,Connecticut,US,06851
AIMNET Smart Building Systems,mysmartbuilding.com,mysmartbuilding.com,,,Consumer Electronics,Orange,Connecticut,US,06477
Intense Audio and Video,intenseaudioandvideo.com,intenseaudioandvideo.com,,,Consumer Electronics,Plainville,Connecticut,US,06062
Automation Development Inc,automationdevelopment.com,automationdevelopment.com,,,Consumer Electronics,Plymouth,Connecticut,US,06786
C9 Audio Visual,c9audiovisual.com,c9audiovisual.com,,,Consumer Electronics,Plymouth,Connecticut,US,06786
Opticom Inc,opticom-ct.com,opticom-ct.com,,,Consumer Electronics,Portland,Connecticut,US,06480
Home Media Designs,homemediadesigns.com,homemediadesigns.com,https://www.linkedin.com/company/home-media-designs,,Consumer Electronics,Ridgefield,Connecticut,US,06877
"Intelligent Systems Consulting, LLC",intelligentsystemsconsulting.com,intelligentsystemsconsulting.com,,,Consumer Electronics,Rocky Hill,Connecticut,US,06067
Cagenio Home Technology,cagenio.com,cagenio.com,,,Consumer Electronics,Roxbury,Connecticut,US,06783
Grand Light,grandlight.com,grandlight.com,https://www.linkedin.com/company/grand-light,,Consumer Electronics,Seymour,Connecticut,US,06483
A Plus Audio Visual,aplusaudiovisual.com,aplusaudiovisual.com,,,Consumer Electronics,Shelton,Connecticut,US,06484
BBR Audio & Video,bbraudiovideo.com,bbraudiovideo.com,,,Consumer Electronics,Shelton,Connecticut,US,06484
Custom Automations,customautomations.com,customautomations.com,,,Consumer Electronics,Shelton,Connecticut,US,06484
"Solution Innovators, LLC",solutioninnovators.com,solutioninnovators.com,https://www.linkedin.com/company/solution-innovators,,Consumer Electronics,South Windsor,Connecticut,US,06074
Lynx Systems LLC,lynxsystems.net,lynxsystems.net,,,Consumer Electronics,Southington,Connecticut,US,06489
North American Theatrix,natheatrix.com,natheatrix.com,,,Consumer Electronics,Southington,Connecticut,US,06489
Ursa Security & Control,callursa.com,callursa.com,,,Consumer Electronics,Southington,Connecticut,US,06479
Adel Technology Audio Visual Systems,adelavs.com,adelavs.com,,,Consumer Electronics,Stamford,Connecticut,US,06901
Affordable Handyman of Greenwich,ahofgreenwich.com,ahofgreenwich.com,,,Consumer Electronics,Stamford,Connecticut,US,06902
"Air Solutions, Inc.",airsolutions.tv,airsolutions.tv,,,Consumer Electronics,Stamford,Connecticut,US,06902
Allied Universal,aus.com,aus.com,https://www.linkedin.com/company/allied-universal,,Consumer Electronics,Stamford,Connecticut,US,06902
Avery & Dash,averydash.com,averydash.com,,,Consumer Electronics,Stamford,Connecticut,US,06902
BD Builders General Construction LLC,bdbuildersgeneralconstruction.com,bdbuildersgeneralconstruction.com,,,Consumer Electronics,Stamford,Connecticut,US,06902
CAYIVISIONS Productions Studio,cayivisions.com,cayivisions.com,,,Consumer Electronics,Stamford,Connecticut,US,06901
Camsan Inc. Electrical Contractors,camsaninc.com,camsaninc.com,,,Consumer Electronics,Stamford,Connecticut,US,06902
Canaan Distributors Corporation,canaandistributors.com,canaandistributors.com,,,Consumer Electronics,Stamford,Connecticut,US,06907
Compco USA - Authorized Repair Center for Apple and PC Devices,compcousa.com,compcousa.com,,,Consumer Electronics,Stamford,Connecticut,US,06901
County TV & Appliance,countytv.com,countytv.com,,,Consumer Electronics,Stamford,Connecticut,US,06905
Curtain Call Inc,curtaincallinc.com,curtaincallinc.com,,,Consumer Electronics,Stamford,Connecticut,US,06905
DONE RIGHT HANDYMAN SERVICES LLC,handymanservice914.com,handymanservice914.com,,,Consumer Electronics,Stamford,Connecticut,US,06902
"Davenport Contracting, Inc",davenportcontracting.com,davenportcontracting.com,,,Consumer Electronics,Stamford,Connecticut,US,06902
Focus Vision Worldwide Inc,focusvision.com,focusvision.com,https://www.linkedin.com/company/forstainfo,,Consumer Electronics,Stamford,Connecticut,US,06902
Freedom Fusion System,freedomfusionsystem.com,freedomfusionsystem.com,,,Consumer Electronics,Stamford,Connecticut,US,06902
Hello Tokyo,innogood.shop,innogood.shop,,,Consumer Electronics,Stamford,Connecticut,US,06901
HomeTech Services LLC,cthometech.com,cthometech.com,,,Consumer Electronics,Stamford,Connecticut,US,06905
InterTech Media LLC,intertechmedia.com,intertechmedia.com,https://www.linkedin.com/company/intertech-media,,Consumer Electronics,Stamford,Connecticut,US,06906
Keystone Pictures Inc.,keystonepictures.tv,keystonepictures.tv,,,Consumer Electronics,Stamford,Connecticut,US,06905
Litehouse Associates,litehouseav.com,litehouseav.com,,,Consumer Electronics,Stamford,Connecticut,US,06902
"LocalLive Networks, Inc.",locallive.tv,locallive.tv,,,Consumer Electronics,Stamford,Connecticut,US,06901
Lucky 8 TV,lucky8.tv,lucky8.tv,,,Consumer Electronics,Stamford,Connecticut,US,06902
M Communications,mcommunications.com,mcommunications.com,,,Consumer Electronics,Stamford,Connecticut,US,06906
MediaCOM Inc - Digital Media Production Services,mediacominc.com,mediacominc.com,,,Consumer Electronics,Stamford,Connecticut,US,06903
N.Z. Home Improvement,nzhomeimprovement.com,nzhomeimprovement.com,,,Consumer Electronics,Stamford,Connecticut,US,06905
Planet TV & Appliances,planettv.com,planettv.com,,,Consumer Electronics,Stamford,Connecticut,US,06905
Renewal by Andersen,renewalbyandersen.com,renewalbyandersen.com,,,Consumer Electronics,Stamford,Connecticut,US,06910
Rich AV Design,richavdesign.com,richavdesign.com,,,Consumer Electronics,Stamford,Connecticut,US,06902
Safavieh Home Furnishings,safavieh.com,safavieh.com,,,Consumer Electronics,Stamford,Connecticut,US,06901
Safe and Sound Electric,safeandsoundelectric.com,safeandsoundelectric.com,,,Consumer Electronics,Stamford,Connecticut,US,06901
Smart Kids Home Daycare,smartkiddaycare.net,smartkiddaycare.net,,,Consumer Electronics,Stamford,Connecticut,US,06906
Stage To Show Llc,stagetoshow.com,stagetoshow.com,,,Consumer Electronics,Stamford,Connecticut,US,06907
Stamford Palace Theatre,palacestamford.org,palacestamford.org,,,Consumer Electronics,Stamford,Connecticut,US,06901
Stamford Studios,stamfordstudios.com,stamfordstudios.com,,,Consumer Electronics,Stamford,Connecticut,US,06901
"Systems and Services, LLC",systemsandservicesllc.com,systemsandservicesllc.com,,,Consumer Electronics,Stamford,Connecticut,US,06903
The Jerry Springer Show,jerryspringertv.com,jerryspringertv.com,,,Consumer Electronics,Stamford,Connecticut,US,06901
United Home & Patio,unitedhomeandpatio.com,unitedhomeandpatio.com,,,Consumer Electronics,Stamford,Connecticut,US,06901
Venture Home,venturehome.com,venturehome.com,https://www.linkedin.com/company/venture-home-solar,,Consumer Electronics,Stamford,Connecticut,US,06902
iMastercopy | Digital Marketing | App Development | Radio Airplay,imastercopy.net,imastercopy.net,,,Consumer Electronics,Stamford,Connecticut,US,06901
JHR Installations,jhrinstallations.com,jhrinstallations.com,,,Consumer Electronics,Stratford,Connecticut,US,06614
LiveWire Sound and Image,livewiresi.com,livewiresi.com,,,Consumer Electronics,Stratford,Connecticut,US,06615
Star Quality Video,starqualityvideo.com,starqualityvideo.com,,,Consumer Electronics,Stratford,Connecticut,US,06614
JMD AV LLC,jmdav.com,jmdav.com,https://www.linkedin.com/company/jmdavllc,,Consumer Electronics,Thompson,Connecticut,US,06255
Soundworks & Security,soundworksandsecurity.com,soundworksandsecurity.com,,,Consumer Electronics,Torrington,Connecticut,US,06790
Property Protection Consulting LLC,ppcalarms.com,ppcalarms.com,https://www.linkedin.com/company/property-protection-consulting-llc,,Consumer Electronics,Trumbull,Connecticut,US,06611
ACT Audio LLC,actaudio.net,actaudio.net,,,Consumer Electronics,Vernon,Connecticut,US,06066
C&T Systems,candtsystems.com,candtsystems.com,https://www.linkedin.com/company/c&t-systems,,Consumer Electronics,Vernon,Connecticut,US,06066
Level Up Automation of Connecticut,levelupautomationct.com,levelupautomationct.com,,,Consumer Electronics,Vernon,Connecticut,US,06066
Off The Ground Sound LLC,otgsound.com,otgsound.com,,,Consumer Electronics,Vernon,Connecticut,US,06066
"Aiello Home Services- Plumbing, Heating, AC, Electrical & Drain Cleaning",aiellohomeservices.com,aiellohomeservices.com,https://www.linkedin.com/company/aiello-home-services,,Consumer Electronics,Wallingford,Connecticut,US,06492
Audio Visual Networks,audiovisualnetworks.com,audiovisualnetworks.com,,,Consumer Electronics,Wallingford,Connecticut,US,06492
"Systems Integration, Inc. - IT Services and Support",sys-int.com,sys-int.com,,,Consumer Electronics,Wallingford,Connecticut,US,06492
LCD PLASMA INSTALLATION,lcdplasmainstallations.com,lcdplasmainstallations.com,,,Consumer Electronics,Waterbury,Connecticut,US,06705
Roberts Audio Video,robertsav.com,robertsav.com,,,Consumer Electronics,Waterford,Connecticut,US,06385
Automation Inc,automationincct.com,automationincct.com,,,Consumer Electronics,West Hartford,Connecticut,US,06110
CT Video Agency,splinternetmarketing.com,splinternetmarketing.com,,,Consumer Electronics,West Haven,Connecticut,US,06516
Horizon Recording Studio,horizonmusicgroup.com,horizonmusicgroup.com,,,Consumer Electronics,West Haven,Connecticut,US,06516
Obryser llc.,obryserllc.com,obryserllc.com,,,Consumer Electronics,West Haven,Connecticut,US,06516
PowerPlus Electric & Communications LLC,powerplusct.com,powerplusct.com,,,Consumer Electronics,West Haven,Connecticut,US,06516
Your Lighting Source,yourlightingsource.com,yourlightingsource.com,,,Consumer Electronics,West Haven,Connecticut,US,06516
PMC Technologies,pmctechnologies.net,pmctechnologies.net,,,Consumer Electronics,Weston,Connecticut,US,06883
TZ Home Integration,tzhomeintegration.com,tzhomeintegration.com,,,Consumer Electronics,Weston,Connecticut,US,06883
"AV Coding: Human-Centered, Audiovisual Success",avcoding.com,avcoding.com,,,Consumer Electronics,Westport,Connecticut,US,06880
Lifetronic Systems,lifetronic.net,lifetronic.net,,,Consumer Electronics,Westport,Connecticut,US,06880
Synergy Corporate Technologies,synergyonline.com,synergyonline.com,,,Consumer Electronics,Westport,Connecticut,US,06880
TecKnow Smart Living Ecosystems,tecknowhomes.com,tecknowhomes.com,https://www.linkedin.com/company/11179583,,Consumer Electronics,Westport,Connecticut,US,06880
Pro A.V. llc,proavllcdmv.com,proavllcdmv.com,,,Consumer Electronics,Accokeek,District of Columbia,US,20607
Advanced Security Systems Inc.,advancedsecuritysystemsinc.com,advancedsecuritysystemsinc.com,,,Consumer Electronics,Alexandria,District of Columbia,US,22302
Luxury Movie Theater Home 10 mins to Washington DC,us.despegar.com,us.despegar.com,,,Consumer Electronics,Alexandria,District of Columbia,US,22304
Revelation AV + Automation,revelationav.com,revelationav.com,,,Consumer Electronics,Alexandria,District of Columbia,US,22314
DC Home Addition Contractor,dchomeadditioncontractor.com,dchomeadditioncontractor.com,,,Consumer Electronics,Arlington,District of Columbia,US,22207
Enhanced Homes,enhanced-homes.com,enhanced-homes.com,,,Consumer Electronics,Arlington,District of Columbia,US,22206
TSA Systems Integration Facility,tsa.gov,tsa.gov,https://www.linkedin.com/company/2994,,Consumer Electronics,Arlington,District of Columbia,US,22202
Integrated Media Systems,imsva.com,imsva.com,,,Consumer Electronics,Ashburn,District of Columbia,US,20147
Level Up Installs,levelupinstalls.com,levelupinstalls.com,,,Consumer Electronics,Capitol Heights,District of Columbia,US,20743
"Trinity Wiring Solutions, LLC",trinitywiringsolutions.com,trinitywiringsolutions.com,,,Consumer Electronics,Chantilly,District of Columbia,US,20151
"Sight & Sound Systems, Inc.",sightandsoundsystems.com,sightandsoundsystems.com,https://www.linkedin.com/company/sightandsoundsystems,,Consumer Electronics,Dulles,District of Columbia,US,20166
Command Performance,commandav.com,commandav.com,,,Consumer Electronics,Falls Church,District of Columbia,US,22046
"Splaine Security Systems, Inc.",splainesystems.com,splainesystems.com,,,Consumer Electronics,Kensington,District of Columbia,US,20895
Evolution Audio Video,evolutionav.com,evolutionav.com,,,Consumer Electronics,McLean,District of Columbia,US,22102
POWERHOUSE,dcpowerhouse.com,dcpowerhouse.com,,,Consumer Electronics,Silver Spring,District of Columbia,US,20910
Vultron llc- TV Mounting/Speaker Installation/ Security Camera Installation/Network Cabling,vultroninstallers.com,vultroninstallers.com,,,Consumer Electronics,Springfield,District of Columbia,US,22150
"INI, Inc.",iniav.com,iniav.com,,,Consumer Electronics,Sterling,District of Columbia,US,20164
AV.IT&TV,avittv.com,avittv.com,,,Consumer Electronics,Washington,District of Columbia,US,20009
AVDC,avdcav.com,avdcav.com,,,Consumer Electronics,Washington,District of Columbia,US,20036
"AVR Expos - Washington, DC",avrexpos.com,avrexpos.com,https://www.linkedin.com/company/avr-expos,,Consumer Electronics,Washington,District of Columbia,US,20002
Adlumin Inc.,adlumin.com,adlumin.com,,,Consumer Electronics,Washington,District of Columbia,US,20002
Anant Corporation,anant.us,anant.us,,,Consumer Electronics,Washington,District of Columbia,US,20037
Artisitic Audio Video,artisticav.com,artisticav.com,,,Consumer Electronics,Washington,District of Columbia,US,20001
Asurity Technologies,asurity.com,asurity.com,,,Consumer Electronics,Washington,District of Columbia,US,20036
Audio Studios at Feature Story News,monitorstudios.mysite.com,monitorstudios.mysite.com,,,Consumer Electronics,Washington,District of Columbia,US,20006
Audio Visual Architects LLC,avarchs.com,avarchs.com,,,Consumer Electronics,Washington,District of Columbia,US,20036
Audio Visual Systems,avsshows.com,avsshows.com,,,Consumer Electronics,Washington,District of Columbia,US,20004
Autonomi,getautonomi.com,getautonomi.com,,,Consumer Electronics,Washington,District of Columbia,US,20002
"BasementRemodeling.com - DC - Finishing, Lowering And Underpinning",basementremodeling.com,basementremodeling.com,,,Consumer Electronics,Washington,District of Columbia,US,20009
Build Design Center Kitchen & Bath,builddesigncenter.com,builddesigncenter.com,https://www.linkedin.com/company/build-design-center-kitchen-bath,,Consumer Electronics,Washington,District of Columbia,US,20007
Bytesncables LLC,bytesncables.com,bytesncables.com,,,Consumer Electronics,Washington,District of Columbia,US,20006
CGH Technologies Inc,cghtech.com,cghtech.com,,,Consumer Electronics,Washington,District of Columbia,US,20024
CoreView,coreview.com,coreview.com,,,Consumer Electronics,Washington,District of Columbia,US,20005
"Corporate Systems Resources, Inc.",csr2000.com,csr2000.com,,,Consumer Electronics,Washington,District of Columbia,US,20005
Custom TV Solutions,customtvsolutions.com,customtvsolutions.com,,,Consumer Electronics,Washington,District of Columbia,US,20007
DP Solutions,dpsolutions.com,dpsolutions.com,,,Consumer Electronics,Washington,District of Columbia,US,20005
"E-Logic, Inc.",e-logic.us,e-logic.us,,,Consumer Electronics,Washington,District of Columbia,US,20036
Event Technology Solutions,etsaudiovisual.com,etsaudiovisual.com,,,Consumer Electronics,Washington,District of Columbia,US,20006
Extended ERP,extendederp.com,extendederp.com,https://www.linkedin.com/company/extended-erp,,Consumer Electronics,Washington,District of Columbia,US,20009
"FWG Solutions, Inc.",fwgsolutions.com,fwgsolutions.com,https://www.linkedin.com/company/fwg-solutions,,Consumer Electronics,Washington,District of Columbia,US,20004
GlobalinkIT,globalinkit.com,globalinkit.com,https://www.linkedin.com/company/globalinkit,,Consumer Electronics,Washington,District of Columbia,US,20001
Graffiti Audio Video,graffitiaudiovideo.com,graffitiaudiovideo.com,,,Consumer Electronics,Washington,District of Columbia,US,20016
Hatha Systems Llc,hathasystems.com,hathasystems.com,https://www.linkedin.com/company/hatha-systems,,Consumer Electronics,Washington,District of Columbia,US,20004
Hostme,hostmeapp.com,hostmeapp.com,https://www.linkedin.com/company/hostme,,Consumer Electronics,Washington,District of Columbia,US,20007
ITAdOn IT Solutions,itadon.com,itadon.com,,,Consumer Electronics,Washington,District of Columbia,US,20006
ITeck Solutions LLC,itecksolutions.com,itecksolutions.com,,,Consumer Electronics,Washington,District of Columbia,US,20036
"Information Systems Solutions, Inc.",issits.com,issits.com,,,Consumer Electronics,Washington,District of Columbia,US,20009
"Iron Vine Security, LLC",ivsec.com,ivsec.com,,,Consumer Electronics,Washington,District of Columbia,US,20005
"Johnson Electric Company, Inc.",jecoinc.com,jecoinc.com,,,Consumer Electronics,Washington,District of Columbia,US,20011
LC Systems,lcsystems.com,lcsystems.com,,,Consumer Electronics,Washington,District of Columbia,US,20008
Landmark's Atlantic Plumbing Cinema,landmarktheatres.com,landmarktheatres.com,,,Consumer Electronics,Washington,District of Columbia,US,20001
Layermark,layermark.com,layermark.com,,,Consumer Electronics,Washington,District of Columbia,US,20036
Mariebelle Homes,mariebellehomes.llc,mariebellehomes.llc,,,Consumer Electronics,Washington,District of Columbia,US,20006
Matrix MSP LLC,matrixmspllc.com,matrixmspllc.com,https://www.linkedin.com/company/matrix-msp-llc,,Consumer Electronics,Washington,District of Columbia,US,20006
Miles IT,milesit.com,milesit.com,,,Consumer Electronics,Washington,District of Columbia,US,20003
Neighborhood Garage Door Repair Of Washington DC,neighborhood-gds.com,neighborhood-gds.com,,,Consumer Electronics,Washington,District of Columbia,US,20001
Nortec Communications - Washington Managed IT Services Company,nortec.com,nortec.com,,,Consumer Electronics,Washington,District of Columbia,US,20006
"Northeast DC 2BR with Projector, Smart TV and Renovated Kitchen",vrbo.com,vrbo.com,,,Consumer Electronics,Washington,District of Columbia,US,20019
Nysys Audio,nysysaudio.com,nysysaudio.com,,,Consumer Electronics,Washington,District of Columbia,US,20002
"O.S. Solutions - Technology Consulting - Washington, DC",osyssolutions.com,osyssolutions.com,,,Consumer Electronics,Washington,District of Columbia,US,20002
Obverse Inc.,obverseinc.com,obverseinc.com,https://www.linkedin.com/company/15535326,,Consumer Electronics,Washington,District of Columbia,US,20012
Pinkney Services,pinkneyservices.com,pinkneyservices.com,,,Consumer Electronics,Washington,District of Columbia,US,20001
PolyUno,polyuno.com,polyuno.com,,,Consumer Electronics,Washington,District of Columbia,US,20006
Precise Building Services,precisebuildingservices.com,precisebuildingservices.com,,,Consumer Electronics,Washington,District of Columbia,US,20002
Pro A/V D.C.,proavdc.com,proavdc.com,,,Consumer Electronics,Washington,District of Columbia,US,20008
SMERFEvents AV & Lighting Rental,smerfevents.com,smerfevents.com,,,Consumer Electronics,Washington,District of Columbia,US,20004
Security Cam﻿era Installation Service & IT Service DMV,securitycamerasinstallationdmv.com,securitycamerasinstallationdmv.com,,,Consumer Electronics,Washington,District of Columbia,US,20001
Shipshape IT - Washington DC IT Support Location,shipshapeit.com,shipshapeit.com,,,Consumer Electronics,Washington,District of Columbia,US,20005
"Softek Services, Inc.",softekdc.com,softekdc.com,https://www.linkedin.com/company/softek-services-inc-,,Consumer Electronics,Washington,District of Columbia,US,20005
Studio Theatre,studiotheatre.org,studiotheatre.org,,,Consumer Electronics,Washington,District of Columbia,US,20005
TechCon LLC.,techconllc.com,techconllc.com,,,Consumer Electronics,Washington,District of Columbia,US,20001
ThinkNimble,thinknimble.com,thinknimble.com,,,Consumer Electronics,Washington,District of Columbia,US,20036
Vision Security Solutions LLC,vision-security.com,vision-security.com,,,Consumer Electronics,Washington,District of Columbia,US,20018
"k_Street Consulting | Cybersecurity & IT Support Services in Washington, D.C.",kstreetllc.com,kstreetllc.com,,,Consumer Electronics,Washington,District of Columbia,US,20005
Delaware Audio Visual,delawareav.com,delawareav.com,,,Consumer Electronics,New Castle,Delaware,US,19720
Integrated Home,ihomellc.com,ihomellc.com,,,Consumer Electronics,Wilmington,Delaware,US,19805
LightingandSupplies.com,lightingandsupplies.com,lightingandsupplies.com,,,Consumer Electronics,Wilmington,Delaware,US,19801
North Central Florida Air Conditioning,ncfac.com,ncfac.com,,,Consumer Electronics,Alachua,Florida,US,32615
Strada Services,stradaservices.com,stradaservices.com,https://www.linkedin.com/company/strada-services,,Consumer Electronics,Alachua,Florida,US,32615
"APAV Solutions, Inc.",apavsolutions.com,apavsolutions.com,,,Consumer Electronics,Altamonte Springs,Florida,US,32714
Link Outdoor Lighting (Orlando),linkoutdoorlighting.com,linkoutdoorlighting.com,,,Consumer Electronics,Altamonte Springs,Florida,US,32701
RelianceAV,relianceav.com,relianceav.com,https://www.linkedin.com/company/relianceav,,Consumer Electronics,Altamonte Springs,Florida,US,32714
EC Ultimate tech,ecultimatetech.com,ecultimatetech.com,,,Consumer Electronics,Apopka,Florida,US,32703
AudioTec Designs,audiotecdesigns.com,audiotecdesigns.com,,,Consumer Electronics,Boca Raton,Florida,US,33431
Automated Intelligence,automatedintelligence.ai,automatedintelligence.ai,,,Consumer Electronics,Boca Raton,Florida,US,33499
"BONJOUR GEEKS, We proudly serve homes & businesses across South Florida.",bonjourgeeks.com,bonjourgeeks.com,,,Consumer Electronics,Boca Raton,Florida,US,33432
Blue Hawk Technologies,bluehawktech.com,bluehawktech.com,,,Consumer Electronics,Boca Raton,Florida,US,33432
Boca Tech and Automation,bocatech.com,bocatech.com,https://www.linkedin.com/company/boca-tech-and-automation,,Consumer Electronics,Boca Raton,Florida,US,33434
Elite Smart Group - Boca Raton,elitesmartgroup.com,elitesmartgroup.com,https://www.linkedin.com/company/elite-smart-group-smart-home-integration-automation,,Consumer Electronics,Boca Raton,Florida,US,33431
Elitech Design - Lifestyle Meets Technology,elitech.design,elitech.design,,,Consumer Electronics,Boca Raton,Florida,US,33487
First Fiber,fiberop.com,fiberop.com,,,Consumer Electronics,Boca Raton,Florida,US,33487
Good Sounds Home Theater,goodsoundshometheater.com,goodsoundshometheater.com,,,Consumer Electronics,Boca Raton,Florida,US,33487
JZ Home Audio & Video,jzhomeaudiovideo.com,jzhomeaudiovideo.com,,,Consumer Electronics,Boca Raton,Florida,US,33432
Lifestyle Technologies,lifestyletd.com,lifestyletd.com,,,Consumer Electronics,Boca Raton,Florida,US,33431
MiLux AV,miluxav.com,miluxav.com,,,Consumer Electronics,Boca Raton,Florida,US,33498
Premiere Multimedia Group,premieremulti.com,premieremulti.com,,,Consumer Electronics,Boca Raton,Florida,US,33487
Sentry Audio Video,sentryaudiovideo.com,sentryaudiovideo.com,,,Consumer Electronics,Boca Raton,Florida,US,33432
Simpli-Fi AV,simpli-fiav.com,simpli-fiav.com,,,Consumer Electronics,Boca Raton,Florida,US,33431
Smart IT,smartitfl.com,smartitfl.com,,,Consumer Electronics,Boca Raton,Florida,US,33432
Tech Squad AV & Automation,tsav.net,tsav.net,https://www.linkedin.com/company/ts-av-automation-tech-squad,,Consumer Electronics,Boca Raton,Florida,US,33487
"Techpro Security Products, LLC",techprosecurity.com,techprosecurity.com,https://www.linkedin.com/company/techpro-security,,Consumer Electronics,Boca Raton,Florida,US,33432
Timeline Automation,timelineautomation.com,timelineautomation.com,,,Consumer Electronics,Boca Raton,Florida,US,33432
Zen Life Home Automation & Security,gozen.life,gozen.life,,,Consumer Electronics,Boca Raton,Florida,US,33431
iHangTVPro TV Wall Mounting & Installation Services,ihangtvpro.com,ihangtvpro.com,,,Consumer Electronics,Boca Raton,Florida,US,33433
Quantum AV,quantum-av.com,quantum-av.com,,,Consumer Electronics,Bonita Springs,Florida,US,34135
Tech Savvy of SWFL LLC,techsavvynaples.com,techsavvynaples.com,,,Consumer Electronics,Bonita Springs,Florida,US,34135
Your Tech,yourtechfl.com,yourtechfl.com,,,Consumer Electronics,Bonita Springs,Florida,US,34135
Blue Sky Automation,blueskyautomationllc.com,blueskyautomationllc.com,https://www.linkedin.com/company/blueskyautomation,,Consumer Electronics,Boynton Beach,Florida,US,33426
SouthTech Automation,southtechfl.com,southtechfl.com,https://www.linkedin.com/company/107996903,,Consumer Electronics,Boynton Beach,Florida,US,33435
Vivid AV Design and Integration,vividavdesignandintegration.com,vividavdesignandintegration.com,,,Consumer Electronics,Bradenton,Florida,US,34203
AC3 Solutions,ac3solutions.org,ac3solutions.org,,,Consumer Electronics,Brandon,Florida,US,33511
Amplified Off Road,amplifiedoffroad.com,amplifiedoffroad.com,,,Consumer Electronics,Bunnell,Florida,US,32110
Custom Control Solutions,ccsinc-florida.com,ccsinc-florida.com,,,Consumer Electronics,Cantonment,Florida,US,32533
"A&E Control Solutions, LLC",aecontrolsolutions.com,aecontrolsolutions.com,,,Consumer Electronics,Cape Coral,Florida,US,33914
Acuity Technologies LLC,acuitytechnologiesusa.com,acuitytechnologiesusa.com,,,Consumer Electronics,Cape Coral,Florida,US,33990
Beyond Audio Visual,beyondaudiovisual.com,beyondaudiovisual.com,,,Consumer Electronics,Cape Coral,Florida,US,33991
CounterStrike Security & Sound,counterstrikess.com,counterstrikess.com,,,Consumer Electronics,Cape Coral,Florida,US,33991
Creative Sound & Lighting Solutions,creativesoundsolution.com,creativesoundsolution.com,,,Consumer Electronics,Cape Coral,Florida,US,33909
"Innerlink Security & Sound, LLC",innerlinkss.com,innerlinkss.com,,,Consumer Electronics,Cape Coral,Florida,US,33991
YDLC Luxury Home Experience Corp,ydlcluxuryhomeexperience.com,ydlcluxuryhomeexperience.com,,,Consumer Electronics,Cape Coral,Florida,US,33990
Next Level Audio and Video Solutions,nextlevelavs.com,nextlevelavs.com,,,Consumer Electronics,Chipley,Florida,US,32428
AV Specialists Inc,avspecialistsfl.com,avspecialistsfl.com,,,Consumer Electronics,Clearwater,Florida,US,33765
Audio Visual Connection Inc,audiovisualconnection.com,audiovisualconnection.com,,,Consumer Electronics,Clearwater,Florida,US,33762
Easy Living with Technology,easyliving.net,easyliving.net,,,Consumer Electronics,Clearwater,Florida,US,33760
Entertainment Pros Inc,entertainment-pros.com,entertainment-pros.com,,,Consumer Electronics,Clearwater,Florida,US,33761
Integral Home Technology,integralfl.com,integralfl.com,https://www.linkedin.com/company/integral-home-technology,,Consumer Electronics,Clearwater,Florida,US,33765
Deltron Electric FL,deltronelectricfl.com,deltronelectricfl.com,https://www.linkedin.com/company/deltron-electric-florida,,Consumer Electronics,Cocoa,Florida,US,32926
Cinema Sound Unlimited,cinemasoundunlimited.com,cinemasoundunlimited.com,,,Consumer Electronics,Coral Springs,Florida,US,33065
HWA Home Automation & Security Systems,hwautomation.com,hwautomation.com,https://www.linkedin.com/company/hw-automation-inc.,,Consumer Electronics,Dania Beach,Florida,US,33004
AV INTEGRATORS HOME AUTOMATION,avintegrators.net,avintegrators.net,,,Consumer Electronics,Davie,Florida,US,33328
Acoustic Visual Innovations,acousticvisual.com,acousticvisual.com,,,Consumer Electronics,Davie,Florida,US,33317
Front Row Theater,frontrowtheater.com,frontrowtheater.com,,,Consumer Electronics,Davie,Florida,US,33324
LP Custom Solutions,lpcustomsolutions.com,lpcustomsolutions.com,,,Consumer Electronics,Davie,Florida,US,33312
"100,000 ARTS Studios",100000arts.com,100000arts.com,,,Consumer Electronics,Daytona Beach,Florida,US,32114
Consolidated Electrical Distributors,ceddaytona.portalced.com,ceddaytona.portalced.com,,,Consumer Electronics,Daytona Beach,Florida,US,32114
Dan's Fan City,dansfancity.com,dansfancity.com,,,Consumer Electronics,Daytona Beach,Florida,US,32114
Daytona Playhouse,daytonaplayhouse.org,daytonaplayhouse.org,,,Consumer Electronics,Daytona Beach,Florida,US,32118
Del Mar Fans & Lighting,delmarfans.com,delmarfans.com,,,Consumer Electronics,Daytona Beach,Florida,US,32117
Eltec Instruments,eltecinstruments.com,eltecinstruments.com,,,Consumer Electronics,Daytona Beach,Florida,US,32114
Galaxy Lighting,galaxylightingfl.com,galaxylightingfl.com,,,Consumer Electronics,Daytona Beach,Florida,US,32114
Higher Standard Group MDAV Coastal,gohigherstandard.com,gohigherstandard.com,,,Consumer Electronics,Daytona Beach,Florida,US,32114
IMIJ Productions,imijproductions.com,imijproductions.com,,,Consumer Electronics,Daytona Beach,Florida,US,32114
Infinite AV Systems,goinfiniteav.com,goinfiniteav.com,,,Consumer Electronics,Daytona Beach,Florida,US,32114
L S Enterprises LLC,l-senterprises.com,l-senterprises.com,https://www.linkedin.com/company/l&s-enterprises-llc,,Consumer Electronics,Daytona Beach,Florida,US,32114
Local TV Mounting of Daytona Beach,localtvmounting.com,localtvmounting.com,,,Consumer Electronics,Daytona Beach,Florida,US,32117
Lynch Electric & Design,lynchelectricdesign.com,lynchelectricdesign.com,,,Consumer Electronics,Daytona Beach,Florida,US,32114
Metra Electronics,metraonline.com,metraonline.com,,,Consumer Electronics,Daytona Beach,Florida,US,32117
Precise Audio Inc.,preciseaudiofl.com,preciseaudiofl.com,,,Consumer Electronics,Daytona Beach,Florida,US,32114
Smart Technologies of Florida,smarttechfl.com,smarttechfl.com,,,Consumer Electronics,Daytona Beach,Florida,US,32114
Southeastern Lighting Solutions & Signs Florida,selightingsolutions.com,selightingsolutions.com,https://www.linkedin.com/company/southeastern-lighting-solutions,,Consumer Electronics,Daytona Beach,Florida,US,32117
Stereotypes,stereotypes.us,stereotypes.us,,,Consumer Electronics,Daytona Beach,Florida,US,32114
Wholesale Lighting Inc,wholesalelightingdaytona.com,wholesalelightingdaytona.com,,,Consumer Electronics,Daytona Beach,Florida,US,32119
New Vision Videos LLC,newvisionvideos.com,newvisionvideos.com,,,Consumer Electronics,Daytona Beach Shores,Florida,US,32118
"One Touch Technologies, Inc.",onetouchtechnology.com,onetouchtechnology.com,,,Consumer Electronics,Deerfield Beach,Florida,US,33442
"HT-Install, Inc.",htinstall.com,htinstall.com,https://www.linkedin.com/company/ht-install-inc.,,Consumer Electronics,Delray Beach,Florida,US,33444
"OnPoint Audio Video, Automation, Security & Electric",simplyonpoint.com,simplyonpoint.com,https://www.linkedin.com/company/onpoint-tech-systems,,Consumer Electronics,Delray Beach,Florida,US,33444
A to Z Security & Sound (Destin),atozsecurityandsound.com,atozsecurityandsound.com,,,Consumer Electronics,Destin,Florida,US,32541
ANTENNA & SATELLITE STORE,dishdave.com,dishdave.com,,,Consumer Electronics,Destin,Florida,US,32541
Advanced Protective Technologies,aptfireandsecurity.com,aptfireandsecurity.com,,,Consumer Electronics,Destin,Florida,US,32541
CTS Electronics Repair and Soldering,microelectronicrepairs.com,microelectronicrepairs.com,,,Consumer Electronics,Destin,Florida,US,32541
Car Volt,carstereoinstallationdestin.com,carstereoinstallationdestin.com,,,Consumer Electronics,Destin,Florida,US,32541
Emerald Coast Customs & 3M Window Tinting,emeraldcoastcustoms.com,emeraldcoastcustoms.com,,,Consumer Electronics,Destin,Florida,US,32541
Gulf Coast Electric,gcedestin.com,gcedestin.com,,,Consumer Electronics,Destin,Florida,US,32541
IN2IT PROPERTY SOLUTIONS,in2itpros.com,in2itpros.com,,,Consumer Electronics,Destin,Florida,US,32541
Palm Audio Video Inc,palmaudiovideo.com,palmaudiovideo.com,,,Consumer Electronics,Destin,Florida,US,32550
Premier Media Technologies,premiermediatechnologies.com,premiermediatechnologies.com,,,Consumer Electronics,Destin,Florida,US,32541
ProTeriors Complete Property Maintenance,proteriorscpm.com,proteriorscpm.com,,,Consumer Electronics,Destin,Florida,US,32541
RightWire Entertainment Inc.,rightwireinc.com,rightwireinc.com,,,Consumer Electronics,Destin,Florida,US,32541
Tecaba Tech,tecabatech.com,tecabatech.com,,,Consumer Electronics,Destin,Florida,US,32541
AVL Solutions,avlsolutions.com,avlsolutions.com,,,Consumer Electronics,Doral,Florida,US,33172
Bose Store / Audio & Video Solutions,av-solutions.com,av-solutions.com,,,Consumer Electronics,Doral,Florida,US,33172
LES Lighting Electrical Supply Doral,lesmiami.com,lesmiami.com,,,Consumer Electronics,Doral,Florida,US,33166
Linear Lighting and Control,linearlightingmiami.com,linearlightingmiami.com,,,Consumer Electronics,Doral,Florida,US,33166
Melody,melodyav.com,melodyav.com,https://www.linkedin.com/company/melody-av-mood-media-of-south-florida,,Consumer Electronics,Doral,Florida,US,33166
Smart Tech Pro LLC,smarttechpro.net,smarttechpro.net,,,Consumer Electronics,Doral,Florida,US,33172
Ultimate Sound & Vision,ultimatesv.com,ultimatesv.com,,,Consumer Electronics,Doral,Florida,US,33178
inhoome,inhoome.com,inhoome.com,,,Consumer Electronics,Doral,Florida,US,33172
ioty,iotypro.com,iotypro.com,,,Consumer Electronics,Doral,Florida,US,33122
Elite Sound and Vision,elitesoundandvision.com,elitesoundandvision.com,,,Consumer Electronics,Edgewater,Florida,US,32132
Gulf Coast Installations,gulfcoastinstallations.com,gulfcoastinstallations.com,,,Consumer Electronics,Estero,Florida,US,33928
Social Design Technologies | Network Cabling | Structured Cabling | TV Wall Mounting,socialdesigntech.com,socialdesigntech.com,,,Consumer Electronics,Estero,Florida,US,33928
Tison Inc.,tisoninc.com,tisoninc.com,,,Consumer Electronics,Fleming Island,Florida,US,32003
AVER Productions and Audiovisual Fort Lauderdale,averproductions.com,averproductions.com,,,Consumer Electronics,Fort Lauderdale,Florida,US,33305
AVTC Production Group,avtcpg.com,avtcpg.com,,,Consumer Electronics,Fort Lauderdale,Florida,US,33309
Advanced Technology Solutions,advtechs.com,advtechs.com,,,Consumer Electronics,Fort Lauderdale,Florida,US,33301
Aspire Audio Visual,aspireav.com,aspireav.com,,,Consumer Electronics,Fort Lauderdale,Florida,US,33312
Audio Video Advisors,avafl.com,avafl.com,,,Consumer Electronics,Fort Lauderdale,Florida,US,33312
Audio Video Works,audiovideoworks.net,audiovideoworks.net,,,Consumer Electronics,Fort Lauderdale,Florida,US,33309
Automated Luxury Lifestyles,automatedluxury.ai,automatedluxury.ai,,,Consumer Electronics,Fort Lauderdale,Florida,US,33301
Champion Control Inc,championcontrols.com,championcontrols.com,,,Consumer Electronics,Fort Lauderdale,Florida,US,33309
Concord Marine Electronics,shop.concordelectronics.com,shop.concordelectronics.com,,,Consumer Electronics,Fort Lauderdale,Florida,US,33315
DNB Wireless LLC,dnbwireless.com,dnbwireless.com,,,Consumer Electronics,Fort Lauderdale,Florida,US,33301
Digital Pro Automation INC,digitalproam.com,digitalproam.com,,,Consumer Electronics,Fort Lauderdale,Florida,US,33308
Francis Audio,francisaudio.com,francisaudio.com,,,Consumer Electronics,Fort Lauderdale,Florida,US,33309
Genesis Automation Inc,genesisautomationinc.com,genesisautomationinc.com,,,Consumer Electronics,Fort Lauderdale,Florida,US,33312
High Green Technologies,highgreentechnologies.com,highgreentechnologies.com,,,Consumer Electronics,Fort Lauderdale,Florida,US,33312
Illusive Automation,illusiveautomation.com,illusiveautomation.com,,,Consumer Electronics,Fort Lauderdale,Florida,US,33311
Jappel Tech & Resale,jappeltech.com,jappeltech.com,,,Consumer Electronics,Fort Lauderdale,Florida,US,33394
Kilian Smart Homes LLC,kiliansmarthomes.com,kiliansmarthomes.com,,,Consumer Electronics,Fort Lauderdale,Florida,US,33311
Level 5 Security Group,level5securitygroup.com,level5securitygroup.com,,,Consumer Electronics,Fort Lauderdale,Florida,US,33309
Premium Audio And Video,premiumaudiovideo.com,premiumaudiovideo.com,,,Consumer Electronics,Fort Lauderdale,Florida,US,33301
Premium Home Systems,premiumhomesystems.com,premiumhomesystems.com,,,Consumer Electronics,Fort Lauderdale,Florida,US,33304
Pure Audio Video,pureaudiovideo.com,pureaudiovideo.com,,,Consumer Electronics,Fort Lauderdale,Florida,US,33312
Soflo Systems - Miami AV Company & Conference Room Installations,soflosystems.com,soflosystems.com,,,Consumer Electronics,Fort Lauderdale,Florida,US,33311
Sound Specialist of South Florida,soundspecialist.net,soundspecialist.net,,,Consumer Electronics,Fort Lauderdale,Florida,US,33309
SoundWhere Media Furniture,soundwhereusa.com,soundwhereusa.com,https://www.linkedin.com/company/soundwhere-media-furniture-llc,,Consumer Electronics,Fort Lauderdale,Florida,US,33314
Top Notch Security Systems,topsecuritysystemservices.com,topsecuritysystemservices.com,,,Consumer Electronics,Fort Lauderdale,Florida,US,33304
Ultra Technologies,ultratechdirect.com,ultratechdirect.com,,,Consumer Electronics,Fort Lauderdale,Florida,US,33305
Ynvents Media Group,ynvents.com,ynvents.com,,,Consumer Electronics,Fort Lauderdale,Florida,US,33301
AVision Technology,startedwithavision.com,startedwithavision.com,,,Consumer Electronics,Fort Myers,Florida,US,33912
Access Control Plus LLC,accesscontrolplus.com,accesscontrolplus.com,,,Consumer Electronics,Fort Myers,Florida,US,33901
Access Electronics LLC,access-electronics.com,access-electronics.com,,,Consumer Electronics,Fort Myers,Florida,US,33912
Advanced Sound and Image LLC,advancedsoundandimage.com,advancedsoundandimage.com,,,Consumer Electronics,Fort Myers,Florida,US,33919
"All Access Multimedia, Inc.",allaccessmultimedia.com,allaccessmultimedia.com,,,Consumer Electronics,Fort Myers,Florida,US,33912
"All American Alarm, Inc",allamericanalarm.com,allamericanalarm.com,https://www.linkedin.com/company/all-american-alarm,,Consumer Electronics,Fort Myers,Florida,US,33901
All Phase Electric Service,allphase-electric.com,allphase-electric.com,https://www.linkedin.com/company/all-phase-electric-service-of-florida-inc.,,Consumer Electronics,Fort Myers,Florida,US,33912
Alternative Audio Solutions,alternativeaudiosolutions.com,alternativeaudiosolutions.com,,,Consumer Electronics,Fort Myers,Florida,US,33966
Anixter Power Solutions,anixterpowersolutions.com,anixterpowersolutions.com,,,Consumer Electronics,Fort Myers,Florida,US,33966
Audio Connection,audioconnectionfla.com,audioconnectionfla.com,,,Consumer Electronics,Fort Myers,Florida,US,33907
Avss Inc.,avss.com,avss.com,,,Consumer Electronics,Fort Myers,Florida,US,33966
Axis Connected Technologies (formerly Axis Satellite & Home Theatre),axisconnectedtech.com,axisconnectedtech.com,,,Consumer Electronics,Fort Myers,Florida,US,33905
BCI Technologies,bcitech.com,bcitech.com,https://www.linkedin.com/company/bcitech,,Consumer Electronics,Fort Myers,Florida,US,33913
Best Home Services,getbest.com,getbest.com,,,Consumer Electronics,Fort Myers,Florida,US,33908
Brothers Lighting and Fan Gallery,brotherslighting.net,brotherslighting.net,,,Consumer Electronics,Fort Myers,Florida,US,33966
CED Fort Myers,cedfortmyers.com,cedfortmyers.com,,,Consumer Electronics,Fort Myers,Florida,US,33966
City Electric Supply Fort Myers,cityelectricsupply.com,cityelectricsupply.com,,,Consumer Electronics,Fort Myers,Florida,US,33966
Commercial Electrical Systems,ces-co.com,ces-co.com,,,Consumer Electronics,Fort Myers,Florida,US,33966
Completely Connected LLC,completelyconnected.net,completelyconnected.net,https://www.linkedin.com/company/completely-connected-llc,,Consumer Electronics,Fort Myers,Florida,US,33967
Diamond Security & Sound,dssav.com,dssav.com,,,Consumer Electronics,Fort Myers,Florida,US,33913
Dynamic Electric,dynamicelectricfl.com,dynamicelectricfl.com,,,Consumer Electronics,Fort Myers,Florida,US,33901
Electrical Wholesale Supply,ewsfla.com,ewsfla.com,,,Consumer Electronics,Fort Myers,Florida,US,33913
Fort Myers Video Production - Vibrant Media Productions,vibrantmediaproductions.com,vibrantmediaproductions.com,,,Consumer Electronics,Fort Myers,Florida,US,33907
Future Controls Inc,future-controls.com,future-controls.com,,,Consumer Electronics,Fort Myers,Florida,US,33905
Global Solutions Electronics Company,globalsolutionselectronics.com,globalsolutionselectronics.com,,,Consumer Electronics,Fort Myers,Florida,US,33912
Graybar,graybar.com,graybar.com,,,Consumer Electronics,Fort Myers,Florida,US,33901
Greenwire Technology Solutions,greenwireit.com,greenwireit.com,,,Consumer Electronics,Fort Myers,Florida,US,33966
Harmon's Audio Visual,harmonsav.com,harmonsav.com,,,Consumer Electronics,Fort Myers,Florida,US,33966
Hidden Technology Inc,hiddentechnologyinc.com,hiddentechnologyinc.com,,,Consumer Electronics,Fort Myers,Florida,US,33913
Home Audio & Security Design Inc.,homeaudioanddesign.com,homeaudioanddesign.com,,,Consumer Electronics,Fort Myers,Florida,US,33913
Hothouse AV,hothousemusicandproductions.com,hothousemusicandproductions.com,,,Consumer Electronics,Fort Myers,Florida,US,33912
LED Airport Lighting,ledairportlighting.com,ledairportlighting.com,,,Consumer Electronics,Fort Myers,Florida,US,33967
"Lit Electric Inc - Affordable Electrician in Fort Myers, FL",litelectricinc.com,litelectricinc.com,,,Consumer Electronics,Fort Myers,Florida,US,33966
"Mabry Brothers, Inc",mabrybrothers.com,mabrybrothers.com,,,Consumer Electronics,Fort Myers,Florida,US,33912
Magical Home Theaters,magicalhometheaters.com,magicalhometheaters.com,,,Consumer Electronics,Fort Myers,Florida,US,33913
Miami-Dade Electric and A/C Supply,miami-dade-electric-and-ac-supply.odoo.com,miami-dade-electric-and-ac-supply.odoo.com,,,Consumer Electronics,Fort Myers,Florida,US,33901
Micro Controls Systems,mcscontrols.com,mcscontrols.com,https://www.linkedin.com/company/micro-control-systems,,Consumer Electronics,Fort Myers,Florida,US,33905
Mls Installations INC,mlshometheaters.com,mlshometheaters.com,,,Consumer Electronics,Fort Myers,Florida,US,33913
Mock Engineering Technologies,mockengineering.com,mockengineering.com,,,Consumer Electronics,Fort Myers,Florida,US,33912
Modern Tek Solutions,moderntek.com,moderntek.com,,,Consumer Electronics,Fort Myers,Florida,US,33912
Monitored Alarm Services,monitoredalarm.com,monitoredalarm.com,,,Consumer Electronics,Fort Myers,Florida,US,33919
Peninsular Electric Distributors,peninsular.secondphaselive.net,peninsular.secondphaselive.net,https://www.linkedin.com/company/peninsular-electric-distributors,,Consumer Electronics,Fort Myers,Florida,US,33967
Phoenix Electric N Lighting,phoenixelectricnlighting.com,phoenixelectricnlighting.com,,,Consumer Electronics,Fort Myers,Florida,US,33907
Powell AV,powellav.com,powellav.com,,,Consumer Electronics,Fort Myers,Florida,US,33966
RPM Audio & Video,rpm-audio-video.ueniweb.com,rpm-audio-video.ueniweb.com,,,Consumer Electronics,Fort Myers,Florida,US,33917
Ron & Sons Inc,ronandsons.com,ronandsons.com,,,Consumer Electronics,Fort Myers,Florida,US,33919
Schultz Low Voltage Systems,schultzlowvoltage.com,schultzlowvoltage.com,,,Consumer Electronics,Fort Myers,Florida,US,33966
Silmar Electronics Inc,silmarelectronics.com,silmarelectronics.com,,,Consumer Electronics,Fort Myers,Florida,US,33912
Southwest Florida Custom Electronics Inc,swfce.com,swfce.com,,,Consumer Electronics,Fort Myers,Florida,US,33912
Southwest Florida Electric Inc.,swflelectric.com,swflelectric.com,,,Consumer Electronics,Fort Myers,Florida,US,33901
Starlite Electric LLC,starliteelectricflorida.com,starliteelectricflorida.com,,,Consumer Electronics,Fort Myers,Florida,US,33912
SureSound Home Systems,suresoundhome.com,suresoundhome.com,,,Consumer Electronics,Fort Myers,Florida,US,33907
TV Center Electronics and Appliances,tvcenterinc.com,tvcenterinc.com,,,Consumer Electronics,Fort Myers,Florida,US,33916
TVC Auto Sounds,tvcautosounds.com,tvcautosounds.com,,,Consumer Electronics,Fort Myers,Florida,US,33916
Tech-Tronics,tech-tronicsinc.com,tech-tronicsinc.com,,,Consumer Electronics,Fort Myers,Florida,US,33901
Total Home Entertainment,total-home-entertainment.com,total-home-entertainment.com,,,Consumer Electronics,Fort Myers,Florida,US,33901
Unity Gain Recording Studio,unitygain.com,unitygain.com,,,Consumer Electronics,Fort Myers,Florida,US,33901
Uxari Smart Home - Home Security,uxari.com,uxari.com,,,Consumer Electronics,Fort Myers,Florida,US,33913
Vitex Smart Home - Home Security,vitexsystems.com,vitexsystems.com,,,Consumer Electronics,Fort Myers,Florida,US,33913
World Electric,worldelectricsupply.com,worldelectricsupply.com,https://www.linkedin.com/company/world-electric-supply,,Consumer Electronics,Fort Myers,Florida,US,33916
dB GAIN,db-gain.com,db-gain.com,,,Consumer Electronics,Fort Myers,Florida,US,33912
Airtronics,airtronics.biz,airtronics.biz,,,Consumer Electronics,Fort Pierce,Florida,US,34946
Alford's Affordable Services,alfordservice.com,alfordservice.com,,,Consumer Electronics,Gainesville,Florida,US,32609
"Altamus, Inc.",altamusinc.com,altamusinc.com,,,Consumer Electronics,Gainesville,Florida,US,32609
Betterme Productions,bettermeproductions.com,bettermeproductions.com,,,Consumer Electronics,Gainesville,Florida,US,32601
"Complete Network Solution, Inc",cnetsolution.com,cnetsolution.com,,,Consumer Electronics,Gainesville,Florida,US,32653
"ConnectSmart Systems, LLC",connectsmartsystems.com,connectsmartsystems.com,,,Consumer Electronics,Gainesville,Florida,US,32605
Connections Car Audio and Electronics,connections352.com,connections352.com,,,Consumer Electronics,Gainesville,Florida,US,32606
Crime Prevention Security Systems,cpss.net,cpss.net,,,Consumer Electronics,Gainesville,Florida,US,32608
"Del Sol Electric, LLC",delsolelectricgnv.com,delsolelectricgnv.com,,,Consumer Electronics,Gainesville,Florida,US,32608
Dynasty Solutions - Video Production & Live Streaming Service,dynastysolutions.net,dynastysolutions.net,,,Consumer Electronics,Gainesville,Florida,US,32607
Electronics World,electronicsworldfl.com,electronicsworldfl.com,,,Consumer Electronics,Gainesville,Florida,US,32606
Epic IT Solutions,epic-it.com,epic-it.com,,,Consumer Electronics,Gainesville,Florida,US,32605
Florida Leisure Pool & Spa,floridapoolspa.com,floridapoolspa.com,,,Consumer Electronics,Gainesville,Florida,US,32606
Florida Pest Control,flapest.com,flapest.com,,,Consumer Electronics,Gainesville,Florida,US,32601
Gainesville Lighting,gainesvillelighting.com,gainesvillelighting.com,,,Consumer Electronics,Gainesville,Florida,US,32609
Gator sound and lighting,gatorsound.com,gatorsound.com,,,Consumer Electronics,Gainesville,Florida,US,32608
GatorTec,gatortec.com,gatortec.com,,,Consumer Electronics,Gainesville,Florida,US,32601
Gnosys Networks,gnosys.net,gnosys.net,,,Consumer Electronics,Gainesville,Florida,US,32607
North Central Automation LLC,northcentralautomation.com,northcentralautomation.com,,,Consumer Electronics,Gainesville,Florida,US,32608
Premier Security Designs,premiersecuritydesigns.com,premiersecuritydesigns.com,,,Consumer Electronics,Gainesville,Florida,US,32653
Radiant Air Conditioning and Comfort Solutions Inc.,radianthvacsolutions.com,radianthvacsolutions.com,,,Consumer Electronics,Gainesville,Florida,US,32609
Remodeling,gainesvillerestoration.com,gainesvillerestoration.com,,,Consumer Electronics,Gainesville,Florida,US,32609
Sound Depot & Performance Tinting,sounddepotandperformance.com,sounddepotandperformance.com,,,Consumer Electronics,Gainesville,Florida,US,32609
Sound Ideas,soundideasstereo.com,soundideasstereo.com,,,Consumer Electronics,Gainesville,Florida,US,32609
TBGoods,tbgoods.com,tbgoods.com,,,Consumer Electronics,Gainesville,Florida,US,32609
Think Technologies Group LLC,thinktechnologiesgroup.com,thinktechnologiesgroup.com,https://www.linkedin.com/company/thinktechfl,,Consumer Electronics,Gainesville,Florida,US,32607
Twinkle Nights,twinklenights.com,twinklenights.com,https://www.linkedin.com/company/twinklenights,,Consumer Electronics,Gainesville,Florida,US,32609
"Vintage Electric, Inc.",vintageelectric.net,vintageelectric.net,,,Consumer Electronics,Gainesville,Florida,US,32653
Visionary Systems,vs-av.com,vs-av.com,,,Consumer Electronics,Gainesville,Florida,US,32608
Vivid Sky Productions,vividskypro.com,vividskypro.com,,,Consumer Electronics,Gainesville,Florida,US,32609
Z Systems,z-sys.com,z-sys.com,,,Consumer Electronics,Gainesville,Florida,US,32609
Precision TV Mounting & Smart Home,precisionsmarthome.com,precisionsmarthome.com,,,Consumer Electronics,Gibsonton,Florida,US,33534
Gateway Lighting,gatewaylighting.com,gatewaylighting.com,,,Consumer Electronics,Gonzalez,Florida,US,32533
Hangman Audio Video,hangmanaudiovideo.com,hangmanaudiovideo.com,https://www.linkedin.com/company/wix.com,,Consumer Electronics,Greenacres,Florida,US,33467
Integrated Surroundings,integratedsurroundings.com,integratedsurroundings.com,,,Consumer Electronics,Gulf Breeze,Florida,US,32563
ST Controls LLC,stcontrols.biz,stcontrols.biz,,,Consumer Electronics,Gulf Breeze,Florida,US,32563
Donovan Smart Home Technology,donovansmarthome.com,donovansmarthome.com,,,Consumer Electronics,Hallandale Beach,Florida,US,33009
Brite LED Lighting,briteledlighting.com,briteledlighting.com,https://www.linkedin.com/company/brite-led-lighting,,Consumer Electronics,Hialeah,Florida,US,33012
Miami Dade Electrical Supply,mdesfl.com,mdesfl.com,,,Consumer Electronics,Hialeah,Florida,US,33014
Smart Technologies Integration LLC,smartechintegration.com,smartechintegration.com,,,Consumer Electronics,Hialeah,Florida,US,33015
Intelligent Design,id-fl.com,id-fl.com,,,Consumer Electronics,Hollywood,Florida,US,33020
SAV Technology llc,savmiami.com,savmiami.com,,,Consumer Electronics,Hollywood,Florida,US,33024
Phoenix Automation Systems & Services LLC,phoenix-automation-systems-services-llc.odoo.com,phoenix-automation-systems-services-llc.odoo.com,,,Consumer Electronics,Homestead,Florida,US,33034
Projector Service Miami,projector-repair-and-rental-miami.com,projector-repair-and-rental-miami.com,,,Consumer Electronics,Homestead,Florida,US,33033
1Touch Designs,1touchdesigns.com,1touchdesigns.com,,,Consumer Electronics,Jacksonville,Florida,US,32207
AV and Events,avandevents.com,avandevents.com,,,Consumer Electronics,Jacksonville,Florida,US,32217
AVL Productions,avlproductions.com,avlproductions.com,https://www.linkedin.com/company/avl-productions,,Consumer Electronics,Jacksonville,Florida,US,32219
AWV Production LLC,awvproduction.com,awvproduction.com,,,Consumer Electronics,Jacksonville,Florida,US,32257
American Electrical Contracting Inc.,american-electrical.com,american-electrical.com,,,Consumer Electronics,Jacksonville,Florida,US,32256
AnuVision Technologies,anuvisiontech.com,anuvisiontech.com,,,Consumer Electronics,Jacksonville,Florida,US,32246
Atlantic Security,smarthome.biz,smarthome.biz,,,Consumer Electronics,Jacksonville,Florida,US,32211
Audio Designs & Custom Graphics,audiodesignscg.com,audiodesignscg.com,,,Consumer Electronics,Jacksonville,Florida,US,32225
Behrens Audio-Video,behrensav.com,behrensav.com,,,Consumer Electronics,Jacksonville,Florida,US,32256
"Communications Solutions, Inc.",csijax.com,csijax.com,,,Consumer Electronics,Jacksonville,Florida,US,32244
Control Southern,controlsouthern.com,controlsouthern.com,,,Consumer Electronics,Jacksonville,Florida,US,32218
"Custom Sight & Sounds, LLC",customsightandsounds.com,customsightandsounds.com,,,Consumer Electronics,Jacksonville,Florida,US,32257
Elite Tech Solutions,elite-tech-solutions.com,elite-tech-solutions.com,https://www.linkedin.com/company/elite-tech-solutions,,Consumer Electronics,Jacksonville,Florida,US,32256
Entry Automation Inc.,entryautomation.com,entryautomation.com,,,Consumer Electronics,Jacksonville,Florida,US,32254
FDC - Florida Door Control,jacksonville.fdc.com,jacksonville.fdc.com,https://www.linkedin.com/company/florida-door-control-of-orlando-inc-,,Consumer Electronics,Jacksonville,Florida,US,32202
Facility Automation Solutions,facilityautomationsolutions.com,facilityautomationsolutions.com,,,Consumer Electronics,Jacksonville,Florida,US,32256
Five Smooth Stones Audio - Video - Smart Home,fivesmoothstonesav.com,fivesmoothstonesav.com,https://www.linkedin.com/company/atlantic-home-technologies,,Consumer Electronics,Jacksonville,Florida,US,32257
"Florida Sound Engineering Co., Inc.",floridasound.com,floridasound.com,,,Consumer Electronics,Jacksonville,Florida,US,32257
"Fultech Solutions, Inc",fultechsolutions.com,fultechsolutions.com,https://www.linkedin.com/company/fultech-solutions-inc,,Consumer Electronics,Jacksonville,Florida,US,32256
Goode Audio Video Automation,goodeava.com,goodeava.com,,,Consumer Electronics,Jacksonville,Florida,US,32216
Home Video Studio Jax,homevideostudio.com,homevideostudio.com,,,Consumer Electronics,Jacksonville,Florida,US,32250
House of Stereo,houseofstereo.com,houseofstereo.com,,,Consumer Electronics,Jacksonville,Florida,US,32207
Integrated Access Solutions,integratedaccesssolutions.com,integratedaccesssolutions.com,,,Consumer Electronics,Jacksonville,Florida,US,32216
JCR Systems,jcrsystems.com,jcrsystems.com,,,Consumer Electronics,Jacksonville,Florida,US,32216
Kentronix Security Systems,kentronixsecurity.com,kentronixsecurity.com,,,Consumer Electronics,Jacksonville,Florida,US,32256
Lux Electric Corp,luxelecorp.com,luxelecorp.com,,,Consumer Electronics,Jacksonville,Florida,US,32216
Phase Integration,phaseintegration.com,phaseintegration.com,,,Consumer Electronics,Jacksonville,Florida,US,32256
RF-SMART,rfsmart.com,rfsmart.com,,,Consumer Electronics,Jacksonville,Florida,US,32207
SafeTouch Security,safetouch.com,safetouch.com,,,Consumer Electronics,Jacksonville,Florida,US,32257
San Jose Television Inc.,sanjosetelevision.com,sanjosetelevision.com,,,Consumer Electronics,Jacksonville,Florida,US,32257
Security Center USA,securitycenterusa.com,securitycenterusa.com,,,Consumer Electronics,Jacksonville,Florida,US,32207
Sight & Sound Productions,ssav.net,ssav.net,,,Consumer Electronics,Jacksonville,Florida,US,32224
Sound Innovations of North Florida,soundinnovationsnfl.com,soundinnovationsnfl.com,https://www.linkedin.com/company/2198508,,Consumer Electronics,Jacksonville,Florida,US,32223
Sound Installation & Design,soundinstalldesign.com,soundinstalldesign.com,,,Consumer Electronics,Jacksonville,Florida,US,32256
Stewart Lighting,stewartlighting.com,stewartlighting.com,,,Consumer Electronics,Jacksonville,Florida,US,32223
"TDG Smarter AV - Audio, Video, Smart Home Technology, Lighting and Shades Design and Integration",smarterav.com,smarterav.com,,,Consumer Electronics,Jacksonville,Florida,US,32217
Tenax Electrical Company,tenaxelectrical.com,tenaxelectrical.com,,,Consumer Electronics,Jacksonville,Florida,US,32224
Visual Visitor,visualvisitor.com,visualvisitor.com,,,Consumer Electronics,Jacksonville,Florida,US,32256
WebWatchdogs - Jacksonville Video Surveillance Security Cameras,webwatchdogs.net,webwatchdogs.net,,,Consumer Electronics,Jacksonville,Florida,US,32207
Hoyt Stereo,hoytstereo.com,hoytstereo.com,,,Consumer Electronics,Jacksonville Beach,Florida,US,32250
Post Innovation,postinnovation.app,postinnovation.app,,,Consumer Electronics,Jacksonville Beach,Florida,US,32250
"Wolf Security Systems, LLC",wolfsecuritys.com,wolfsecuritys.com,,,Consumer Electronics,Jonesville,Florida,US,32669
Access Sound,accesssound.com,accesssound.com,,,Consumer Electronics,Jupiter,Florida,US,33478
"Advance Automated Systems, Inc",aascustoms.com,aascustoms.com,,,Consumer Electronics,Jupiter,Florida,US,33477
"Atlantic Audio Video Solutions, Inc.",atlanticaudiovideosolutions.com,atlanticaudiovideosolutions.com,,,Consumer Electronics,Jupiter,Florida,US,33458
Atlantic Smart Technologies,atlanticsmart.com,atlanticsmart.com,,,Consumer Electronics,Jupiter,Florida,US,33458
Bradford Electrical Services,bradfordes.net,bradfordes.net,,,Consumer Electronics,Jupiter,Florida,US,33458
Definitive Electronics,definitiveelectronics.com,definitiveelectronics.com,https://www.linkedin.com/company/definitive-electronics-fl,,Consumer Electronics,Jupiter,Florida,US,33458
Egret Electronics,egretelectronics.com,egretelectronics.com,,,Consumer Electronics,Jupiter,Florida,US,33458
Electrical Solutions Group,electricalsolutionsgroup.net,electricalsolutionsgroup.net,,,Consumer Electronics,Jupiter,Florida,US,33458
"First Alert Hurricane Shutters, Windows & Wholesale",firstalerthurricaneshutters.com,firstalerthurricaneshutters.com,,,Consumer Electronics,Jupiter,Florida,US,33458
Intelli-Tec Security,intelli-tec.net,intelli-tec.net,,,Consumer Electronics,Jupiter,Florida,US,33458
Meola Technology,meolatechnology.com,meolatechnology.com,,,Consumer Electronics,Jupiter,Florida,US,33458
Momentum Security Camera Installation,momentumsecuritysystems.com,momentumsecuritysystems.com,,,Consumer Electronics,Jupiter,Florida,US,33477
Passerini Design | Interior Designer,passerini.design,passerini.design,https://www.linkedin.com/company/passerini-casa-interior-design-consulting,,Consumer Electronics,Jupiter,Florida,US,33458
Peerson Audio Incorporated,peersonaudio.com,peersonaudio.com,,,Consumer Electronics,Jupiter,Florida,US,33458
RG Technology Solutions,rgteksolutions.com,rgteksolutions.com,,,Consumer Electronics,Jupiter,Florida,US,33458
Seagull Electronics,seagullelectronics.com,seagullelectronics.com,,,Consumer Electronics,Jupiter,Florida,US,33458
Stephen K. Denny,stephenkdenny.com,stephenkdenny.com,https://www.linkedin.com/company/stephen-k-denny,,Consumer Electronics,Jupiter,Florida,US,33458
SurfNet IT & Networking Solutions,surfnetit.com,surfnetit.com,,,Consumer Electronics,Jupiter,Florida,US,33469
Teel Electric Company LLC,teelelectricco.com,teelelectricco.com,https://www.linkedin.com/company/wix-com,,Consumer Electronics,Jupiter,Florida,US,33458
The DVR Group,thedvrgroup.com,thedvrgroup.com,,,Consumer Electronics,Jupiter,Florida,US,33458
Trapasso Electric,trapassoelectric.com,trapassoelectric.com,,,Consumer Electronics,Jupiter,Florida,US,33469
Vortex 1 Security,vortexsecurityfl.com,vortexsecurityfl.com,https://www.linkedin.com/company/guardianprotection,,Consumer Electronics,Jupiter,Florida,US,33477
ALs WiFi & ELECTRONiCS,alswifi.com,alswifi.com,,,Consumer Electronics,Key Largo,Florida,US,33037
Degree of Comfort LLC,degcomfort.com,degcomfort.com,,,Consumer Electronics,Key Largo,Florida,US,33037
Innovative Technology Solutions,itssimplified.com,itssimplified.com,,,Consumer Electronics,Key Largo,Florida,US,33037
Protech e2,proteche2.com,proteche2.com,,,Consumer Electronics,Key Largo,Florida,US,33037
Wire Nuts Electric,wirenutselect.com,wirenutselect.com,,,Consumer Electronics,Key Largo,Florida,US,33037
"eXtream Solutions, LLC",extreamsolutions.com,extreamsolutions.com,,,Consumer Electronics,Kissimmee,Florida,US,34747
Orlando Home Automation,orlandohomeautomation.com,orlandohomeautomation.com,,,Consumer Electronics,Lady Lake,Florida,US,32159
Crowne Audio,crowneaudio.com,crowneaudio.com,,,Consumer Electronics,Lake Mary,Florida,US,32746
DELtech Automation,thedeltech.com,thedeltech.com,,,Consumer Electronics,Lake Worth Beach,Florida,US,33461
Integrity Sound,integritysound.com,integritysound.com,,,Consumer Electronics,Lakewood Ranch,Florida,US,34202
Secure Home Services,securehomeserv.com,securehomeserv.com,,,Consumer Electronics,Lauderdale-By-The-Sea,Florida,US,33308
Visual Concept Multimedia Inc,vcmzone.com,vcmzone.com,,,Consumer Electronics,Lauderhill,Florida,US,33351
Smart Building Integrators,sbiconnects.us,sbiconnects.us,,,Consumer Electronics,Longwood,Florida,US,32750
AMP Lighting,amplighting.com,amplighting.com,https://www.linkedin.com/company/amp-lighting,,Consumer Electronics,Lutz,Florida,US,33549
American Home Cinemas,americanhomecinemas.com,americanhomecinemas.com,,,Consumer Electronics,Lutz,Florida,US,33549
Liv Security & AV llc,livsecurity.com,livsecurity.com,,,Consumer Electronics,Lutz,Florida,US,33559
Prime Protection - CCTV Security Camera Installer,primeprotectionllc.com,primeprotectionllc.com,,,Consumer Electronics,Lutz,Florida,US,33549
Audio Video Export LLC,av-export.com,av-export.com,,,Consumer Electronics,Medley,Florida,US,33178
A V TRENDS,avtrends.tv,avtrends.tv,,,Consumer Electronics,Miami,Florida,US,33142
A1A Automation,a1a.tech,a1a.tech,,,Consumer Electronics,Miami,Florida,US,33172
ATG - Custom AV and Automation,atgamerica.com,atgamerica.com,https://www.linkedin.com/company/atgamerica,,Consumer Electronics,Miami,Florida,US,33186
AVA Solutions,avasolutions.net,avasolutions.net,,,Consumer Electronics,Miami,Florida,US,33132
AVX the Audio Video Experts,avxmiami.com,avxmiami.com,,,Consumer Electronics,Miami,Florida,US,33155
"Alternative Productions | Audio/Visual, LED Walls, Laser Projector screens, Lighting, Broadcasting, Stage, Media Crew",altmediaproductions.com,altmediaproductions.com,,,Consumer Electronics,Miami,Florida,US,33134
Antony Tech,antonytech.com,antonytech.com,,,Consumer Electronics,Miami,Florida,US,33132
Audio Advice,soundcomponents.com,soundcomponents.com,,,Consumer Electronics,Miami,Florida,US,33155
Audio Video Solutions of South Florida Inc.,audiovideosolutions.com,audiovideosolutions.com,,,Consumer Electronics,Miami,Florida,US,33186
Audio Visual Services,audiovisualsvc.com,audiovisualsvc.com,,,Consumer Electronics,Miami,Florida,US,33166
Audiovideo Technical Services Inc,audiovideomiami.com,audiovideomiami.com,,,Consumer Electronics,Miami,Florida,US,33186
Bardan International,bardaninternational.com,bardaninternational.com,https://www.linkedin.com/company/bardandigital,,Consumer Electronics,Miami,Florida,US,33131
"CSS TECH - Security Cameras/Access Control Installations Miami, FL",csstech.net,csstech.net,,,Consumer Electronics,Miami,Florida,US,33177
CasaHiFi,casahifi.com,casahifi.com,,,Consumer Electronics,Miami,Florida,US,33133
Creative AV Inc.,creativeavinc.com,creativeavinc.com,,,Consumer Electronics,Miami,Florida,US,33186
"Elite Audio Design, Inc.",eliteaudiodesigninc.com,eliteaudiodesigninc.com,,,Consumer Electronics,Miami,Florida,US,33125
Elite Automation And Technology,rymap.org,rymap.org,,,Consumer Electronics,Miami,Florida,US,33187
Elite Home Theaters and Automation,elitehta.com,elitehta.com,,,Consumer Electronics,Miami,Florida,US,33155
Geeks of Technology,geeksfl.com,geeksfl.com,https://www.linkedin.com/company/geeks-of-technology,,Consumer Electronics,Miami,Florida,US,33131
Greenhome Automations,greenhomeautomations.com,greenhomeautomations.com,,,Consumer Electronics,Miami,Florida,US,33155
IQ Automation,iqautomation.tech,iqautomation.tech,,,Consumer Electronics,Miami,Florida,US,33131
Infinite Systems,goinfinite.com,goinfinite.com,,,Consumer Electronics,Miami,Florida,US,33125
Innovative Connect LLC,innovativeconnect.net,innovativeconnect.net,,,Consumer Electronics,Miami,Florida,US,33155
"Intech : Lutron Shades, Lights and Automation",intech.co,intech.co,,,Consumer Electronics,Miami,Florida,US,33132
International Electrical Sales Corporation,iescomia.com,iescomia.com,,,Consumer Electronics,Miami,Florida,US,33166
LUC electric LLC,lucelectric.com,lucelectric.com,https://www.linkedin.com/company/lucelectric-com,,Consumer Electronics,Miami,Florida,US,33138
Lighting Reps,lightingreps.net,lightingreps.net,https://www.linkedin.com/company/lighting-reps,,Consumer Electronics,Miami,Florida,US,33125
Limitless Production Services,limitlessproductionservices.com,limitlessproductionservices.com,,,Consumer Electronics,Miami,Florida,US,33122
Living on Technology,livingontechnology.com,livingontechnology.com,,,Consumer Electronics,Miami,Florida,US,33138
MAXICON - Experience Intelligent Living | Home Automation | Home Theater | Smart Living | South Florida,maxiconusa.com,maxiconusa.com,https://www.linkedin.com/company/maxicon-llc,,Consumer Electronics,Miami,Florida,US,33179
MIAMI SOUND LOUNGE / AVN SYSTEMS,avnsys.com,avnsys.com,,,Consumer Electronics,Miami,Florida,US,33181
Martec Technologies,gomartec.com,gomartec.com,,,Consumer Electronics,Miami,Florida,US,33162
Miami ADT Authorized Office Home and Business Security Pros,miamipremiumsecurity.com,miamipremiumsecurity.com,,,Consumer Electronics,Miami,Florida,US,33173
Miami AV Company,miamiavcompany.com,miamiavcompany.com,,,Consumer Electronics,Miami,Florida,US,33131
Miami Landscape Lighting Inc.,miamilandscapelighting.com,miamilandscapelighting.com,,,Consumer Electronics,Miami,Florida,US,33133
Midtown Audio Visual Rental and Production,midtownav.com,midtownav.com,,,Consumer Electronics,Miami,Florida,US,33127
Midtown Video,midtownvideo.com,midtownvideo.com,https://www.linkedin.com/company/midtown-video,,Consumer Electronics,Miami,Florida,US,33155
ONSMARTECH,onsmartech.com,onsmartech.com,,,Consumer Electronics,Miami,Florida,US,33185
Pro Audio Nerds,proaudionerds.com,proaudionerds.com,,,Consumer Electronics,Miami,Florida,US,33127
Pro Audio Visual Works,proaudiovisual.works,proaudiovisual.works,,,Consumer Electronics,Miami,Florida,US,33145
Professional Audio & Video Systems,proavsys.com,proavsys.com,,,Consumer Electronics,Miami,Florida,US,33155
SMART-TEK AUTOMATION SOLUTIONS,smart-tek.org,smart-tek.org,,,Consumer Electronics,Miami,Florida,US,33131
Signature Home Theaters,signaturehometheaters.net,signaturehometheaters.net,,,Consumer Electronics,Miami,Florida,US,33186
Smart Home & Solutions,smarths.us,smarths.us,,,Consumer Electronics,Miami,Florida,US,33122
Smart Home Studio,smarthomestudio.co,smarthomestudio.co,,,Consumer Electronics,Miami,Florida,US,33145
Smart Solutions Network LLC,smartsolutionsnetwork.net,smartsolutionsnetwork.net,,,Consumer Electronics,Miami,Florida,US,33122
Smart Spaces and Surveillance Systems Solutions LLC,smartspacesus.com,smartspacesus.com,,,Consumer Electronics,Miami,Florida,US,33166
Soundlux Audio,soundluxaudio.com,soundluxaudio.com,,,Consumer Electronics,Miami,Florida,US,33142
Specialized Home Electronics,shealarms.com,shealarms.com,,,Consumer Electronics,Miami,Florida,US,33186
Stage Digital Advisors,stagedigitaladvisors.com,stagedigitaladvisors.com,,,Consumer Electronics,Miami,Florida,US,33166
Stay Safe Home Security | Security Cameras Installer and Repair in Miami,infostaysafehs.wixsite.com,infostaysafehs.wixsite.com,,,Consumer Electronics,Miami,Florida,US,33186
Support305,support305.com,support305.com,,,Consumer Electronics,Miami,Florida,US,33133
TV Mount Squad – Professional TV Installation,tvmountsquad.com,tvmountsquad.com,,,Consumer Electronics,Miami,Florida,US,33128
TV Mounts & Mounting Service- Miami,tvmountsandmounting.com,tvmountsandmounting.com,,,Consumer Electronics,Miami,Florida,US,33131
Tech Digital Home,techdigitalhome.com,techdigitalhome.com,,,Consumer Electronics,Miami,Florida,US,33186
Trade Audio Corporation,tradeaudio.com,tradeaudio.com,,,Consumer Electronics,Miami,Florida,US,33155
USA TV Installations – miami TV Mounting & Home Theater,usatvinstallations.com,usatvinstallations.com,,,Consumer Electronics,Miami,Florida,US,33132
Visual Acoustics,visualacoustics.net,visualacoustics.net,,,Consumer Electronics,Miami,Florida,US,33127
"Xtreme Audio Video, Corp.",xtremeavfl.com,xtremeavfl.com,,,Consumer Electronics,Miami,Florida,US,33166
dmg Martinez Group,dmg-mg.com,dmg-mg.com,,,Consumer Electronics,Miami,Florida,US,33137
Electronic Designs,electronicdesigns.net,electronicdesigns.net,,,Consumer Electronics,Miami Beach,Florida,US,33139
INFOCUS AUDIO VISUAL,infocusaudiovisual.com,infocusaudiovisual.com,,,Consumer Electronics,Miami Beach,Florida,US,33141
Home Theaters of South Florida,hometheatersofsouthflorida.com,hometheatersofsouthflorida.com,,,Consumer Electronics,Miami Gardens,Florida,US,33015
Georgia-Florida Security & Fire,gafl-alarms.com,gafl-alarms.com,,,Consumer Electronics,Midway,Florida,US,32343
RM Integrations,rmintegrations.com,rmintegrations.com,,,Consumer Electronics,Milton,Florida,US,32583
Summit AV Solutions,summitavexperts.com,summitavexperts.com,,,Consumer Electronics,Milton,Florida,US,32583
CTech LLC,ctechfl.net,ctechfl.net,,,Consumer Electronics,Miramar Beach,Florida,US,32550
Emerald Coast Alarms Inc,emeraldcoastalarms.com,emeraldcoastalarms.com,,,Consumer Electronics,Miramar Beach,Florida,US,32550
AHT Global,ahtglobal.com,ahtglobal.com,https://www.linkedin.com/company/advanced-home-theater,,Consumer Electronics,Naples,Florida,US,34109
AMS Sound & Vision,amssoundandvision.com,amssoundandvision.com,,,Consumer Electronics,Naples,Florida,US,34109
"AVL Pro, Inc.",avlpro.com,avlpro.com,,,Consumer Electronics,Naples,Florida,US,34110
"All In One Technology, Inc.",allinonetechnology.com,allinonetechnology.com,,,Consumer Electronics,Naples,Florida,US,34110
Analog & Digital Systems,analogdigitalsystems.com,analogdigitalsystems.com,,,Consumer Electronics,Naples,Florida,US,34113
Apexx Access & Automation,apexx-aa.com,apexx-aa.com,,,Consumer Electronics,Naples,Florida,US,34120
Arrow Electric Inc,1aei.com,1aei.com,https://www.linkedin.com/company/arrow-electric-inc-,,Consumer Electronics,Naples,Florida,US,34110
Automated Shading,automatedshading.com,automatedshading.com,,,Consumer Electronics,Naples,Florida,US,34110
BluRoo Automation & Lighting,blurooav.com,blurooav.com,https://www.linkedin.com/company/blue-kangaroo-llc,,Consumer Electronics,Naples,Florida,US,34109
CITE Solutions,cite-solutions.com,cite-solutions.com,https://www.linkedin.com/company/citesolutions,,Consumer Electronics,Naples,Florida,US,34110
Classic Audio & Video,classicaudiovideo.com,classicaudiovideo.com,,,Consumer Electronics,Naples,Florida,US,34117
Criteria of Naples,criteriaofnaples.com,criteriaofnaples.com,,,Consumer Electronics,Naples,Florida,US,34109
Elxai Smart Home - Voice Control,elxai.com,elxai.com,,,Consumer Electronics,Naples,Florida,US,34104
Epic Audio Video,epicaudiovideo.com,epicaudiovideo.com,,,Consumer Electronics,Naples,Florida,US,34103
"Executive Electronics of Southwest Florida, Inc",eesecurity.net,eesecurity.net,,,Consumer Electronics,Naples,Florida,US,34103
"Freedom Technologies,llc",freedomnaples.com,freedomnaples.com,,,Consumer Electronics,Naples,Florida,US,34109
Gamma Tech Services,gammatechservices.com,gammatechservices.com,https://www.linkedin.com/company/gamma-tech-services,,Consumer Electronics,Naples,Florida,US,34104
HomeTronics,hometronicsfl.com,hometronicsfl.com,,,Consumer Electronics,Naples,Florida,US,34109
Integrity AV,customintegrityav.com,customintegrityav.com,,,Consumer Electronics,Naples,Florida,US,34109
J C Productions,jcproductions-us.com,jcproductions-us.com,,,Consumer Electronics,Naples,Florida,US,34117
Naples Lighting & Fan Depot,fandepot.com,fandepot.com,,,Consumer Electronics,Naples,Florida,US,34103
"Naples Security, LLC",naplessecurity.net,naplessecurity.net,,,Consumer Electronics,Naples,Florida,US,34104
Naples Smart Home Watch,naplessmarthomewatch.com,naplessmarthomewatch.com,,,Consumer Electronics,Naples,Florida,US,34120
Naples Top Tech LLC,naplestop.tech,naplestop.tech,,,Consumer Electronics,Naples,Florida,US,34103
Smart Home Specialists,smarthomespecialists.com,smarthomespecialists.com,,,Consumer Electronics,Naples,Florida,US,34110
SpecTech AV Corp,spectechav.com,spectechav.com,,,Consumer Electronics,Naples,Florida,US,34119
Stereo Types of Florida,stereotypes.tech,stereotypes.tech,,,Consumer Electronics,Naples,Florida,US,34102
The Vident Company,thevidentcompany.com,thevidentcompany.com,,,Consumer Electronics,Nocatee,Florida,US,32081
Florida AV Systems,floridaavsystems.com,floridaavsystems.com,,,Consumer Electronics,Nokomis,Florida,US,34275
In Control Smart Homes,icsmarthomes.com,icsmarthomes.com,,,Consumer Electronics,North Bay Village,Florida,US,33141
Imperium Automation llc,iautomationllc.com,iautomationllc.com,,,Consumer Electronics,North Fort Myers,Florida,US,33917
KBA Security Technology Inc.,kbatechnologyinc.com,kbatechnologyinc.com,,,Consumer Electronics,North Lauderdale,Florida,US,33068
Audio Video Lighting Innovations (AVLI),avlinnovations.com,avlinnovations.com,,,Consumer Electronics,North Miami,Florida,US,33168
Audio Vision Studios,audiovisionstudios.com,audiovisionstudios.com,,,Consumer Electronics,North Miami,Florida,US,33161
Automation Pro,aprogrammers.com,aprogrammers.com,,,Consumer Electronics,North Miami,Florida,US,33181
System 64,securityinstall.us,securityinstall.us,https://www.linkedin.com/company/system64llc,,Consumer Electronics,North Miami,Florida,US,33161
Lutron Installation,lutronpro.com,lutronpro.com,,,Consumer Electronics,North Miami Beach,Florida,US,33160
CCJ Tech Solutions,ccjtechsolutions.com,ccjtechsolutions.com,,,Consumer Electronics,North Palm Beach,Florida,US,33408
Pro Audio Services: A Liaison Technology Group Company,proaudioservices.com,proaudioservices.com,,,Consumer Electronics,North Port,Florida,US,34289
Skyline Smart Homes,skylinesmarthomes.us,skylinesmarthomes.us,,,Consumer Electronics,North Port,Florida,US,34286
Future Home Integration,futurehomeintegration.com,futurehomeintegration.com,,,Consumer Electronics,Oakland,Florida,US,34787
Lighting Digital Systems,lightingdigital.com,lightingdigital.com,,,Consumer Electronics,Oakland Park,Florida,US,33334
One Touch Media Designs,onetouchmediadesigns.com,onetouchmediadesigns.com,,,Consumer Electronics,Oakland Park,Florida,US,33334
"Unified Automation, Smart Homes",unifiedautomation.net,unifiedautomation.net,,,Consumer Electronics,Ocala,Florida,US,34471
HomeView Pro,homeviewpro.com,homeviewpro.com,,,Consumer Electronics,Ochlockonee Bay,Florida,US,32346
Home Theater and Audio Video Services by Frequencies,frequenciesusa.com,frequenciesusa.com,https://www.linkedin.com/company/frequencies-usa,,Consumer Electronics,Odessa,Florida,US,33556
Rob the Brit Home Theaters Inc,rob-the-brit-home-theaters-inc.business.site,rob-the-brit-home-theaters-inc.business.site,,,Consumer Electronics,Odessa,Florida,US,33556
AV-Waves,av-waves.com,av-waves.com,,,Consumer Electronics,Oldsmar,Florida,US,34677
OTS Home Theater,otsmobileaudio.com,otsmobileaudio.com,,,Consumer Electronics,Oldsmar,Florida,US,34677
Trinity Audio Video Lighting,trinityavl.com,trinityavl.com,,,Consumer Electronics,Orange Park,Florida,US,32065
"1 Stop Total Solutions- AI Security, Smart Home & Electric Contractor",1stoptotalsolutions.com,1stoptotalsolutions.com,,,Consumer Electronics,Orlando,Florida,US,32809
AV Integration Company,avintegrationcompany.xyz,avintegrationcompany.xyz,,,Consumer Electronics,Orlando,Florida,US,32801
AV-AMERICA,av-america.com,av-america.com,,,Consumer Electronics,Orlando,Florida,US,32809
AVFX - Orlando,avfx.com,avfx.com,,,Consumer Electronics,Orlando,Florida,US,32809
AVS Audio Visual Services,avservs.com,avservs.com,,,Consumer Electronics,Orlando,Florida,US,32809
AVmedia Inc.,avmediainc.com,avmediainc.com,,,Consumer Electronics,Orlando,Florida,US,32819
Altitude Fidelity,altitudefidelity.com,altitudefidelity.com,,,Consumer Electronics,Orlando,Florida,US,32829
American Audio Visual Inc,americanaudiovisual.com,americanaudiovisual.com,,,Consumer Electronics,Orlando,Florida,US,32837
Audio Excellence,audioexcellencecfl.com,audioexcellencecfl.com,,,Consumer Electronics,Orlando,Florida,US,32807
Crunchy Tech,crunchytech.com,crunchytech.com,https://www.linkedin.com/company/crunchy-tech,,Consumer Electronics,Orlando,Florida,US,32806
"DTV MOUNTING, LLC",dtvmountingflorida.com,dtvmountingflorida.com,,,Consumer Electronics,Orlando,Florida,US,32801
ECCAM CORP - Low Voltage & Automation,eccamcorp.com,eccamcorp.com,https://www.linkedin.com/company/eccamcorp,,Consumer Electronics,Orlando,Florida,US,32828
Electronic Pros,electronicpros.net,electronicpros.net,,,Consumer Electronics,Orlando,Florida,US,32829
Eminence AV,eminenceav.com,eminenceav.com,https://www.linkedin.com/company/eminence-av,,Consumer Electronics,Orlando,Florida,US,32801
"Entertainment Arts, Inc",eartsinc.com,eartsinc.com,,,Consumer Electronics,Orlando,Florida,US,32808
Evolution AV,evo-av.com,evo-av.com,https://www.linkedin.com/company/evoavfl,,Consumer Electronics,Orlando,Florida,US,32811
Fam Tech Media,famtechmedia.com,famtechmedia.com,,,Consumer Electronics,Orlando,Florida,US,32828
Florida Home Theaters llc,floridahometheaters.com,floridahometheaters.com,,,Consumer Electronics,Orlando,Florida,US,32809
"GSE Audiovisual, Inc.",gseav.com,gseav.com,https://www.linkedin.com/company/gse-audiovisual-inc.,,Consumer Electronics,Orlando,Florida,US,32819
"GetConnected AV, Inc.",getconnectedav.com,getconnectedav.com,,,Consumer Electronics,Orlando,Florida,US,32806
HSS Custom AV,hsscustomav.com,hsscustomav.com,,,Consumer Electronics,Orlando,Florida,US,32811
HomeFirst-A Home Automation Company,homefirst.io,homefirst.io,,,Consumer Electronics,Orlando,Florida,US,32835
Honest AV,honestavpros.com,honestavpros.com,,,Consumer Electronics,Orlando,Florida,US,32809
"Immense Audio Visual, Inc.",immenseav.com,immenseav.com,,,Consumer Electronics,Orlando,Florida,US,32808
Impact Sound System LLC.,impactsoundsystem.com,impactsoundsystem.com,,,Consumer Electronics,Orlando,Florida,US,32824
Impact lighting Inc,impactlightinginc.com,impactlightinginc.com,,,Consumer Electronics,Orlando,Florida,US,32808
Innovation Systems,innovationsystemsfl.com,innovationsystemsfl.com,,,Consumer Electronics,Orlando,Florida,US,32808
LED OUTLET,ledoutletusa.com,ledoutletusa.com,,,Consumer Electronics,Orlando,Florida,US,32811
LRAV,lrav.com,lrav.com,,,Consumer Electronics,Orlando,Florida,US,32837
Level Up Automation Florida,levelupautomationfl.com,levelupautomationfl.com,https://www.linkedin.com/company/level-up-automation-florida,,Consumer Electronics,Orlando,Florida,US,32828
Lightstyle Florida,lightstylefl.com,lightstylefl.com,,,Consumer Electronics,Orlando,Florida,US,32804
Orlando Home Theater Installation,ihtflorida.com,ihtflorida.com,,,Consumer Electronics,Orlando,Florida,US,32804
Pro Audio Visual Inc,proaudiovisualinc.com,proaudiovisualinc.com,,,Consumer Electronics,Orlando,Florida,US,32809
Px Solutions,rymaps.org,rymaps.org,,,Consumer Electronics,Orlando,Florida,US,32801
SMPL Systems,smplsystems.com,smplsystems.com,,,Consumer Electronics,Orlando,Florida,US,32822
Satellite City Inc,satellitecityinc.com,satellitecityinc.com,,,Consumer Electronics,Orlando,Florida,US,32822
Sound Design LLC,sounddesign.us,sounddesign.us,,,Consumer Electronics,Orlando,Florida,US,32808
TVPRO mounting,tvpromounting.com,tvpromounting.com,,,Consumer Electronics,Orlando,Florida,US,32835
Technology Wiring | Security Camera Installation Near Orlando | CCTV camera Installation | International Drive Area,orlandocamerasinstallation.com,orlandocamerasinstallation.com,,,Consumer Electronics,Orlando,Florida,US,32819
Teer Audio Visual,teeraudiovisual.com,teeraudiovisual.com,,,Consumer Electronics,Orlando,Florida,US,32805
VideoGo Event & Staging Solutions,videogoinc.com,videogoinc.com,,,Consumer Electronics,Orlando,Florida,US,32819
Wave Media Systems LLC,wavemediasystems.com,wavemediasystems.com,,,Consumer Electronics,Orlando,Florida,US,32808
Analog Matters,analogmatters.com,analogmatters.com,,,Consumer Electronics,Ormond Beach,Florida,US,32174
Crafton Electric Inc.,craftonelectric.com,craftonelectric.com,,,Consumer Electronics,Ormond Beach,Florida,US,32174
Habitech Systems,habitechsystems.com,habitechsystems.com,,,Consumer Electronics,Ormond Beach,Florida,US,32174
Control4 Smart Home Installers,omwavehome.com,omwavehome.com,https://www.linkedin.com/company/79956243,,Consumer Electronics,Palm Beach,Florida,US,33480
domotech,domotech.us,domotech.us,,,Consumer Electronics,Palm Beach,Florida,US,33480
Praetas Technologies,praetas.com,praetas.com,,,Consumer Electronics,Palm Beach Gardens,Florida,US,33410
"Visions Innovative Electronic Environments, Inc",visionsusa.com,visionsusa.com,,,Consumer Electronics,Palm Beach Gardens,Florida,US,33410
Sterling Home Theater,sterlinghometheater.com,sterlinghometheater.com,,,Consumer Electronics,Palm City,Florida,US,34990
Tru-Tech AV,trutechav.com,trutechav.com,,,Consumer Electronics,Palm Coast,Florida,US,32137
Attic Rat Inc Custom Cabling,atticratusa.com,atticratusa.com,,,Consumer Electronics,Palm Harbor,Florida,US,34683
Music and Cinema,musicandcinema.com,musicandcinema.com,,,Consumer Electronics,Palm Harbor,Florida,US,34684
First Coast Alarm,fcarocks.com,fcarocks.com,,,Consumer Electronics,Palm Valley,Florida,US,32082
Automation Networks LLC,automationnetworks.net,automationnetworks.net,,,Consumer Electronics,Palmetto Bay,Florida,US,33176
Smart Home Technologies,smarthometechpc.com,smarthometechpc.com,https://www.linkedin.com/company/wix-com,,Consumer Electronics,Panama City,Florida,US,32401
i-Install Technology,i-installtech.com,i-installtech.com,,,Consumer Electronics,Pembroke Pines,Florida,US,33027
AMC Bayou 15,amctheatres.com,amctheatres.com,,,Consumer Electronics,Pensacola,Florida,US,32503
Advantage Audio Visual Inc,advantageav.net,advantageav.net,,,Consumer Electronics,Pensacola,Florida,US,32504
Alarm Direct,adialarms.com,adialarms.com,,,Consumer Electronics,Pensacola,Florida,US,32526
"All-Tech Systems, Pensacola, Inc.",alltechsystemspensacola.com,alltechsystemspensacola.com,,,Consumer Electronics,Pensacola,Florida,US,32526
Alston Electric Supply a CED Company,alstoncedpensacola.portalced.com,alstoncedpensacola.portalced.com,,,Consumer Electronics,Pensacola,Florida,US,32505
Audio Visual By Lon,avbylon.com,avbylon.com,,,Consumer Electronics,Pensacola,Florida,US,32504
"Automation Control Service, LLC",autoconserv.com,autoconserv.com,,,Consumer Electronics,Pensacola,Florida,US,32505
Bergan Marine Systems,berganmarinesystems.com,berganmarinesystems.com,,,Consumer Electronics,Pensacola,Florida,US,32501
Blab TV - WPAN,blabtv.com,blabtv.com,,,Consumer Electronics,Pensacola,Florida,US,32501
Comfort System Usa,comfortsystemsusa.com,comfortsystemsusa.com,https://www.linkedin.com/company/comfort-systems-usa,,Consumer Electronics,Pensacola,Florida,US,32503
Cretin Townsend Homes,mybuildercares.com,mybuildercares.com,,,Consumer Electronics,Pensacola,Florida,US,32501
Current Luxury,currentluxury.com,currentluxury.com,https://www.linkedin.com/company/currentluxury,,Consumer Electronics,Pensacola,Florida,US,32505
Duh for Garden & Home,duhpensacola.com,duhpensacola.com,,,Consumer Electronics,Pensacola,Florida,US,32501
Electronic Supply Co,electsupply.com,electsupply.com,,,Consumer Electronics,Pensacola,Florida,US,32505
"FOSTER""S APPLIANCE AND TV REPAIR",fosterstvrepair.com,fosterstvrepair.com,,,Consumer Electronics,Pensacola,Florida,US,32505
Fort HVAC & Airduct cleaning Pensacola,hvachelp.info,hvachelp.info,,,Consumer Electronics,Pensacola,Florida,US,32504
Gentry Farmhouse,gentryfarmhousellc.com,gentryfarmhousellc.com,,,Consumer Electronics,Pensacola,Florida,US,32504
Gulf States Automation,gulfstatesautomation.com,gulfstatesautomation.com,https://www.linkedin.com/company/gulf-states-automation-dot-com,,Consumer Electronics,Pensacola,Florida,US,32505
HandyChief,handychief.com,handychief.com,,,Consumer Electronics,Pensacola,Florida,US,32503
Haus of Hue,hausofhue.com,hausofhue.com,,,Consumer Electronics,Pensacola,Florida,US,32503
In Detail Interiors,indetailinteriors.com,indetailinteriors.com,,,Consumer Electronics,Pensacola,Florida,US,32503
Ingram Signalization,ingramcorp.com,ingramcorp.com,,,Consumer Electronics,Pensacola,Florida,US,32503
JAMES E. SIMMONS ELECTRIC CO. INC.,rewirepensacola.com,rewirepensacola.com,,,Consumer Electronics,Pensacola,Florida,US,32505
"Low Voltage Integrators, LLC",lvi-llc.com,lvi-llc.com,,,Consumer Electronics,Pensacola,Florida,US,32514
"MainStage Theatrical Supply, Inc.",mainstage.com,mainstage.com,,,Consumer Electronics,Pensacola,Florida,US,32514
MediaTech Direct Inc.,videobrochuresdirect.com,videobrochuresdirect.com,,,Consumer Electronics,Pensacola,Florida,US,32501
Outlaws Car Stereo,outlawscarstereo.com,outlawscarstereo.com,,,Consumer Electronics,Pensacola,Florida,US,32505
Palafox Computers,palafoxcomputers.com,palafoxcomputers.com,,,Consumer Electronics,Pensacola,Florida,US,32502
Panhandle Alarm & Telephone,panhandlesystems.com,panhandlesystems.com,,,Consumer Electronics,Pensacola,Florida,US,32503
Parks & Long Healthcare Construction & Compliance,parksandlong.com,parksandlong.com,https://www.linkedin.com/company/parksandlong,,Consumer Electronics,Pensacola,Florida,US,32505
Preventia Security,preventiasecurity.com,preventiasecurity.com,,,Consumer Electronics,Pensacola,Florida,US,32505
QCS Marine Electronics,qcsmarine.com,qcsmarine.com,,,Consumer Electronics,Pensacola,Florida,US,32507
Quality Alarm Systems,qualityalarmsystems.com,qualityalarmsystems.com,,,Consumer Electronics,Pensacola,Florida,US,32506
Quality Car Stereo,qualitycarstereo.com,qualitycarstereo.com,,,Consumer Electronics,Pensacola,Florida,US,32504
Rooms To Go,roomstogo.com,roomstogo.com,,,Consumer Electronics,Pensacola,Florida,US,32503
Saenger Theatre Pensacola,pensacolasaenger.com,pensacolasaenger.com,,,Consumer Electronics,Pensacola,Florida,US,32502
Security 1st Solutions,security1stsolutions.com,security1stsolutions.com,,,Consumer Electronics,Pensacola,Florida,US,32514
Sentient Systems LLC,sent-tech.com,sent-tech.com,,,Consumer Electronics,Pensacola,Florida,US,32503
Sound Audio LLC,soundaudio.net,soundaudio.net,https://www.linkedin.com/company/epidemic-sound,,Consumer Electronics,Pensacola,Florida,US,32501
"TOTAL CONNECT SOLUTIONS, LLC",totalconnectsolutions.com,totalconnectsolutions.com,,,Consumer Electronics,Pensacola,Florida,US,32514
TeamLogic IT,teamlogicit.com,teamlogicit.com,,,Consumer Electronics,Pensacola,Florida,US,32504
Total Connect Technology,totalconnecttechnology.com,totalconnecttechnology.com,,,Consumer Electronics,Pensacola,Florida,US,32514
Trane Commercial Sales Office,trane.com,trane.com,https://www.linkedin.com/company/trane,,Consumer Electronics,Pensacola,Florida,US,32504
Universal Media Services Inc,ums.media,ums.media,,,Consumer Electronics,Pensacola,Florida,US,32503
Musitec,musiteconline.com,musiteconline.com,,,Consumer Electronics,Pinellas Park,Florida,US,33781
Acoustic Media Solutions LLC,acousticmediasolutions.com,acousticmediasolutions.com,,,Consumer Electronics,Plantation,Florida,US,33324
Sound N Space,soundnspace.com,soundnspace.com,,,Consumer Electronics,Plantation,Florida,US,33324
Daisy,daisyco.com,daisyco.com,https://www.linkedin.com/company/daisyco,,Consumer Electronics,Pompano Beach,Florida,US,33069
Jam Lighting Distributors Inc,jamlighting.com,jamlighting.com,,,Consumer Electronics,Pompano Beach,Florida,US,33064
South Florida Automation,southfloridaautomation.com,southfloridaautomation.com,,,Consumer Electronics,Pompano Beach,Florida,US,33064
"T&T Audio Visual, Inc.",tandtaudiovisual.com,tandtaudiovisual.com,,,Consumer Electronics,Pompano Beach,Florida,US,33069
Zebedee Productions,zbd.us,zbd.us,,,Consumer Electronics,Pompano Beach,Florida,US,33060
"Front Row Audio Visual Services, Inc.",frontrowaudiovisual.com,frontrowaudiovisual.com,,,Consumer Electronics,Port St. Lucie,Florida,US,34984
SmartHome Technologies Consulting,gregtalkstech.com,gregtalkstech.com,,,Consumer Electronics,Port St. Lucie,Florida,US,34986
Audio Innovators,audioinnovators.com,audioinnovators.com,,,Consumer Electronics,Riverview,Florida,US,33578
Audio Plus - Car audio and Window Tint,officialaudioplus.net,officialaudioplus.net,,,Consumer Electronics,Riverview,Florida,US,33578
The Smarter Handyman,smarterhandyman.org,smarterhandyman.org,,,Consumer Electronics,Riverview,Florida,US,33579
Smart Security Specialist,smartsecurityspecialist.com,smartsecurityspecialist.com,,,Consumer Electronics,Riviera Beach,Florida,US,33404
"Pro Audio Video, Inc.",proavi.com,proavi.com,,,Consumer Electronics,Rockledge,Florida,US,32955
"SpaceCoast AV Consultants, LLC",scavcom.com,scavcom.com,,,Consumer Electronics,Rockledge,Florida,US,32955
Certified Security Systems,certifiedsecuritysystems.org,certifiedsecuritysystems.org,,,Consumer Electronics,Royal Palm Beach,Florida,US,33411
Incon Lighting,inconlighting.com,inconlighting.com,https://www.linkedin.com/company/incon-lighting,,Consumer Electronics,Sanford,Florida,US,32773
850 Security Services,850securityservices.com,850securityservices.com,,,Consumer Electronics,Santa Rosa Beach,Florida,US,32459
Coastal Protection Inc.,coastalprotect.com,coastalprotect.com,,,Consumer Electronics,Santa Rosa Beach,Florida,US,32459
Doberman AV,dobermanav.com,dobermanav.com,https://www.linkedin.com/company/wix-com,,Consumer Electronics,Santa Rosa Beach,Florida,US,32459
Innovative Sight & Sound - Santa Rosa Beach,beinnovative.com,beinnovative.com,,,Consumer Electronics,Santa Rosa Beach,Florida,US,32459
ALL TECHNOLOGY SECURITY,alltechnologysecurity.com,alltechnologysecurity.com,,,Consumer Electronics,Sarasota,Florida,US,34231
Advanced ESI - Smart Home - Automation,advanced-esi.net,advanced-esi.net,,,Consumer Electronics,Sarasota,Florida,US,34231
Audio Video Partners (AVP),avpfl.com,avpfl.com,,,Consumer Electronics,Sarasota,Florida,US,34240
BBD Lifestyle,bbdlifestyle.com,bbdlifestyle.com,https://www.linkedin.com/company/bbd-lifestyle,,Consumer Electronics,Sarasota,Florida,US,34236
Best Vision Security Systems Installation,bestvision24.com,bestvision24.com,,,Consumer Electronics,Sarasota,Florida,US,34237
CCAV Event Production and Rentals,ccavinc.com,ccavinc.com,,,Consumer Electronics,Sarasota,Florida,US,34240
Castle Protection & Automation,castle-protect.com,castle-protect.com,,,Consumer Electronics,Sarasota,Florida,US,34240
Dehart Alarm Systems,dehartsystems.com,dehartsystems.com,,,Consumer Electronics,Sarasota,Florida,US,34243
Easy Livin' Solutions,easylivin.us,easylivin.us,,,Consumer Electronics,Sarasota,Florida,US,34237
Focused Technology,focusedtechnology.com,focusedtechnology.com,,,Consumer Electronics,Sarasota,Florida,US,34240
Green Room Automation LLC,greenroomautomation.com,greenroomautomation.com,,,Consumer Electronics,Sarasota,Florida,US,34236
Infinity Automation,infinityautomation.net,infinityautomation.net,,,Consumer Electronics,Sarasota,Florida,US,34240
PC Systems,securedbypc.com,securedbypc.com,,,Consumer Electronics,Sarasota,Florida,US,34243
Prime Audio Video,primeav.net,primeav.net,,,Consumer Electronics,Sarasota,Florida,US,34242
Sarasota Audio Video,sarasotaaudiovideo.com,sarasotaaudiovideo.com,,,Consumer Electronics,Sarasota,Florida,US,34233
Sarasota Security Alarm Corporation,securityalarmcorp.com,securityalarmcorp.com,https://www.linkedin.com/company/security-alarm-corporation,,Consumer Electronics,Sarasota,Florida,US,34239
Sarasota Smart Homes,sarasotasmarthomes.com,sarasotasmarthomes.com,https://www.linkedin.com/company/wix-com,,Consumer Electronics,Sarasota,Florida,US,34238
Sights and Sounds Av Inc,sightsandsoundsav.com,sightsandsoundsav.com,,,Consumer Electronics,Sarasota,Florida,US,34239
Smart Space by Ace,srqsmart.com,srqsmart.com,,,Consumer Electronics,Sarasota,Florida,US,34234
SmartHouse Integration,smarthouseintegration.com,smarthouseintegration.com,https://www.linkedin.com/company/smarthouse-integration,,Consumer Electronics,Sarasota,Florida,US,34236
"SmartShield Homes, LLC",smartshieldhomes.com,smartshieldhomes.com,,,Consumer Electronics,Sarasota,Florida,US,34240
Suncoast Audio,suncoastaudio.com,suncoastaudio.com,,,Consumer Electronics,Sarasota,Florida,US,34240
Sunshine Automation and Tooling,sunshine-automation.com,sunshine-automation.com,,,Consumer Electronics,Sarasota,Florida,US,34243
TTL Automation Corporation,torr71.wordpress.com,torr71.wordpress.com,,,Consumer Electronics,Sarasota,Florida,US,34240
The Kind System Co.,garagedoorsuppliers.us,garagedoorsuppliers.us,,,Consumer Electronics,Sarasota,Florida,US,34237
Upfront Technologies,uftflorida.com,uftflorida.com,,,Consumer Electronics,Sarasota,Florida,US,34240
Virtual Home Control,virtualhomecontrol.com,virtualhomecontrol.com,,,Consumer Electronics,Sarasota,Florida,US,34236
Wicked Smart Homes,wickedsmarthomes.com,wickedsmarthomes.com,https://www.linkedin.com/company/wicked-smart-homes,,Consumer Electronics,Sarasota,Florida,US,34236
"Giles Electric Company, Inc.",gileselectriccompany.com,gileselectriccompany.com,,,Consumer Electronics,South Daytona,Florida,US,32119
Infinity Home Technologies,infinityhometech.com,infinityhometech.com,,,Consumer Electronics,South Daytona,Florida,US,32119
Soundcrafters PERFORMANCE - STYLE - SOUND,soundcraftersdb.com,soundcraftersdb.com,,,Consumer Electronics,South Daytona,Florida,US,32119
Prater Integration LLC,praterintegration.com,praterintegration.com,,,Consumer Electronics,Stuart,Florida,US,34997
The Experts,theexperts.biz,theexperts.biz,,,Consumer Electronics,Stuart,Florida,US,34997
Bob's TV Audio and Video,hometheaterbybobstv.com,hometheaterbybobstv.com,,,Consumer Electronics,Summerfield,Florida,US,34491
Cornerstone Audio Video Integration & Home Theater,cornerstoneavi.com,cornerstoneavi.com,,,Consumer Electronics,Summerfield,Florida,US,34491
Audio Visual System Integrators,avsysi.com,avsysi.com,,,Consumer Electronics,Sunrise,Florida,US,33351
Hey Smart Tech | Ring Doorbell Installer | Ring Alarm Installer | Ring Camera,heysmarttech.com,heysmarttech.com,,,Consumer Electronics,Sunrise,Florida,US,33351
High End Audio Visual Inc,highend-audiovisual.com,highend-audiovisual.com,,,Consumer Electronics,Sunrise,Florida,US,33325
Intelligent Audio/Video Inc,intelligentav.com,intelligentav.com,https://www.linkedin.com/company/wix-com,,Consumer Electronics,Sunrise,Florida,US,33351
Media Stage,mediastage.com,mediastage.com,https://www.linkedin.com/company/media-stage,,Consumer Electronics,Sunrise,Florida,US,33325
The Audio Visual Group,theavgroup.com,theavgroup.com,,,Consumer Electronics,Sunrise,Florida,US,33351
A V Electronics,avelectronicsinc.com,avelectronicsinc.com,,,Consumer Electronics,Tallahassee,Florida,US,32301
A+ Electrical Contractors LLC,aplusec.com,aplusec.com,,,Consumer Electronics,Tallahassee,Florida,US,32304
Alarm Fire Surveillance,alarmfiretally.com,alarmfiretally.com,,,Consumer Electronics,Tallahassee,Florida,US,32303
"Auto Audiophiles - Audio, Brakes, Tires, & Lift Kits",autoaudiophiles.com,autoaudiophiles.com,,,Consumer Electronics,Tallahassee,Florida,US,32303
Automated Health Systems Inc,automated-health.com,automated-health.com,,,Consumer Electronics,Tallahassee,Florida,US,32301
B's Home and Auto Improvements,bjfimproves.com,bjfimproves.com,,,Consumer Electronics,Tallahassee,Florida,US,32303
Big Bend Design LLC,bigbenddesign.info,bigbenddesign.info,,,Consumer Electronics,Tallahassee,Florida,US,32312
Brooks Building Solutions,brookssolutions.net,brookssolutions.net,https://www.linkedin.com/company/brooks-air-systems,,Consumer Electronics,Tallahassee,Florida,US,32301
Business Automation Pros,businessautomationpros.com,businessautomationpros.com,,,Consumer Electronics,Tallahassee,Florida,US,32312
Cap City Video Lounge,capcityvideo.com,capcityvideo.com,,,Consumer Electronics,Tallahassee,Florida,US,32304
Com-Tech,com-tech.com,com-tech.com,,,Consumer Electronics,Tallahassee,Florida,US,32308
Corbin Systems,corbinsystems.com,corbinsystems.com,,,Consumer Electronics,Tallahassee,Florida,US,32301
Creek Enterprise Inc,creekenterprise.com,creekenterprise.com,,,Consumer Electronics,Tallahassee,Florida,US,32304
Debo Pro Sounds & Stereo Installations,dbosounds.com,dbosounds.com,,,Consumer Electronics,Tallahassee,Florida,US,32303
Eminent Technology Inc,eminent-tech.com,eminent-tech.com,,,Consumer Electronics,Tallahassee,Florida,US,32301
Everite Time & Equipment,everitetime.com,everitetime.com,,,Consumer Electronics,Tallahassee,Florida,US,32304
Florida Electric Inc,floridaelectricinc.com,floridaelectricinc.com,,,Consumer Electronics,Tallahassee,Florida,US,32303
GT Electric,gtelectricfl.com,gtelectricfl.com,,,Consumer Electronics,Tallahassee,Florida,US,32308
Ghost Controls,ghostcontrols.com,ghostcontrols.com,,,Consumer Electronics,Tallahassee,Florida,US,32303
"Guardian Home Inspections & Repairs, Inc.",ghirusa.com,ghirusa.com,,,Consumer Electronics,Tallahassee,Florida,US,32301
"Hi-Tech System Associates, Inc.",hitechflorida.com,hitechflorida.com,https://www.linkedin.com/company/hi-tech-system-associates-inc-,,Consumer Electronics,Tallahassee,Florida,US,32308
"Inspired Technologies, Inc",inspired-tech.net,inspired-tech.net,,,Consumer Electronics,Tallahassee,Florida,US,32301
JPC Entertainment,jpcentertainment.com,jpcentertainment.com,,,Consumer Electronics,Tallahassee,Florida,US,32303
JSC Systems Tallahassee,jscsystems.net,jscsystems.net,,,Consumer Electronics,Tallahassee,Florida,US,32303
Lawson Alarm,lawsonalarm.com,lawsonalarm.com,,,Consumer Electronics,Tallahassee,Florida,US,32303
Level Up Digital Media,levelup.media,levelup.media,,,Consumer Electronics,Tallahassee,Florida,US,32301
MCCi,mccinnovations.com,mccinnovations.com,,,Consumer Electronics,Tallahassee,Florida,US,32311
Megafauna Filmworks,megafaunafilms.com,megafaunafilms.com,,,Consumer Electronics,Tallahassee,Florida,US,32301
MusicMasters,musicm.com,musicm.com,,,Consumer Electronics,Tallahassee,Florida,US,32303
"NRG Industries, Inc.",nrgindustries.com,nrgindustries.com,,,Consumer Electronics,Tallahassee,Florida,US,32301
Noble Air Solutions,nobleairsolutions.com,nobleairsolutions.com,,,Consumer Electronics,Tallahassee,Florida,US,32303
Redwire Security,redwire.com,redwire.com,https://www.linkedin.com/company/1319609,,Consumer Electronics,Tallahassee,Florida,US,32303
Retrofit Records,retrofitrecs.com,retrofitrecs.com,,,Consumer Electronics,Tallahassee,Florida,US,32301
Security Force Southeast LLC,securityforcesoutheast.com,securityforcesoutheast.com,,,Consumer Electronics,Tallahassee,Florida,US,32303
Seminole Sound And Lighting,seminolesoundandlighting.com,seminolesoundandlighting.com,,,Consumer Electronics,Tallahassee,Florida,US,32304
Sonitrol of Tallahassee,sonitrolfl.com,sonitrolfl.com,,,Consumer Electronics,Tallahassee,Florida,US,32303
Stereo Sales,stereosales.com,stereosales.com,,,Consumer Electronics,Tallahassee,Florida,US,32303
Superior Fence & Rail of Tallahassee,superiorfenceandrail.com,superiorfenceandrail.com,https://www.linkedin.com/company/superior-fence-and-rail,,Consumer Electronics,Tallahassee,Florida,US,32304
TV Mounting Masters Florida,tvmountingmastersflorida.com,tvmountingmastersflorida.com,,,Consumer Electronics,Tallahassee,Florida,US,32301
Tallahassee Lighting & Decor,tallylighting.com,tallylighting.com,,,Consumer Electronics,Tallahassee,Florida,US,32301
The Sights and Sounds Company,getitwired.net,getitwired.net,,,Consumer Electronics,Tallahassee,Florida,US,32310
Theatre Tallahassee,theatretallahassee.org,theatretallahassee.org,https://www.linkedin.com/company/tallahassee-little-theatre,,Consumer Electronics,Tallahassee,Florida,US,32303
Truevolt Electrical Services Inc,truevoltelectric.com,truevoltelectric.com,,,Consumer Electronics,Tallahassee,Florida,US,32303
"Ultimate Sound and Light, Inc (Event Services, Rentals and Installations)",ultimatesoundandlight.com,ultimatesoundandlight.com,,,Consumer Electronics,Tallahassee,Florida,US,32301
University Technicians,universitytechnicians.com,universitytechnicians.com,,,Consumer Electronics,Tallahassee,Florida,US,32301
VEZ Productions,vezproductions.com,vezproductions.com,,,Consumer Electronics,Tallahassee,Florida,US,32310
Verge Technology,goverge.com,goverge.com,,,Consumer Electronics,Tallahassee,Florida,US,32302
"Weston Trawick, Inc.",westontrawick.com,westontrawick.com,,,Consumer Electronics,Tallahassee,Florida,US,32303
Wisdom Lighting,wisdom.lighting,wisdom.lighting,,,Consumer Electronics,Tallahassee,Florida,US,32301
AVC Technologies,avc-technologies.com,avc-technologies.com,,,Consumer Electronics,Tampa,Florida,US,33624
AVI-SPL,avispl.com,avispl.com,https://www.linkedin.com/company/avi-spl,,Consumer Electronics,Tampa,Florida,US,33634
"AVIT, LLC",avitpartners.com,avitpartners.com,https://www.linkedin.com/company/avit,,Consumer Electronics,Tampa,Florida,US,33634
AVN Installations,avninstallations.com,avninstallations.com,,,Consumer Electronics,Tampa,Florida,US,33610
"Advanced Cable Connection, Inc. (ACCI Technology Solutions)",acci-tech.com,acci-tech.com,,,Consumer Electronics,Tampa,Florida,US,33612
Artisan Technologies,artisantechnologies.com,artisantechnologies.com,,,Consumer Electronics,Tampa,Florida,US,33629
Audi Productions,audiproductions.com,audiproductions.com,,,Consumer Electronics,Tampa,Florida,US,33635
"Audio Visual Support Service, Inc.",avssinctampa.com,avssinctampa.com,,,Consumer Electronics,Tampa,Florida,US,33634
Automated Controls of Tampa,automatedcontrols.us,automatedcontrols.us,,,Consumer Electronics,Tampa,Florida,US,33619
"Automated Systems Consulting, Inc",ascnet.net,ascnet.net,,,Consumer Electronics,Tampa,Florida,US,33647
Automation Personnel Services - Tampa,apstemps.com,apstemps.com,https://www.linkedin.com/company/automation-personnel-services-inc-,,Consumer Electronics,Tampa,Florida,US,33614
COMPLETE LIGHTING OF TAMPA,completeltg.com,completeltg.com,,,Consumer Electronics,Tampa,Florida,US,33607
Coresential,coresential.com,coresential.com,,,Consumer Electronics,Tampa,Florida,US,33619
DV Home Theater,dvht.com,dvht.com,,,Consumer Electronics,Tampa,Florida,US,33606
Digital Xperience Group,dxg.agency,dxg.agency,,,Consumer Electronics,Tampa,Florida,US,33626
Encore Broadcast Solutions - Tampa,encorebroadcast.com,encorebroadcast.com,,,Consumer Electronics,Tampa,Florida,US,33606
Expert Technology Integration,eti-fl.com,eti-fl.com,,,Consumer Electronics,Tampa,Florida,US,33607
FLYMOTION,flymotionus.com,flymotionus.com,,,Consumer Electronics,Tampa,Florida,US,33619
"Flash Security Integrators Tampa, FL",flashsecurity.com,flashsecurity.com,https://www.linkedin.com/company/82286646,,Consumer Electronics,Tampa,Florida,US,33609
Fowado Unmanned Systems,fowadous.com,fowadous.com,,,Consumer Electronics,Tampa,Florida,US,33619
GULF COAST SYSTEMS,gcsav.com,gcsav.com,,,Consumer Electronics,Tampa,Florida,US,33602
"Guardian Protection - Tampa, FL",guardianprotection.com,guardianprotection.com,https://www.linkedin.com/company/guardianprotection,,Consumer Electronics,Tampa,Florida,US,33634
Halo Smart Home,halosmarthome.com,halosmarthome.com,,,Consumer Electronics,Tampa,Florida,US,33602
Hive Design Center,hivestyle.com,hivestyle.com,https://www.linkedin.com/company/hiveintegration,,Consumer Electronics,Tampa,Florida,US,33607
Hive Integration,hiveintegration.com,hiveintegration.com,https://www.linkedin.com/company/hiveintegration,,Consumer Electronics,Tampa,Florida,US,33606
Hoppen Home Systems: Smart Home Automation & Integration,hoppenhomesystems.com,hoppenhomesystems.com,https://www.linkedin.com/company/hoppen-smart-home-automation,,Consumer Electronics,Tampa,Florida,US,33619
ION,iontechnology.net,iontechnology.net,https://www.linkedin.com/company/ion-technology-integrators,,Consumer Electronics,Tampa,Florida,US,33611
Insignia Sound and Production,insigniasp.com,insigniasp.com,,,Consumer Electronics,Tampa,Florida,US,33619
Lights & More,lightsandmore.com,lightsandmore.com,,,Consumer Electronics,Tampa,Florida,US,33614
MHD,mhdit.com,mhdit.com,,,Consumer Electronics,Tampa,Florida,US,33610
MJI Media,mjimedia.com,mjimedia.com,,,Consumer Electronics,Tampa,Florida,US,33602
Maximum Audio Video,maximumav.com,maximumav.com,,,Consumer Electronics,Tampa,Florida,US,33614
Omni Controls Inc,omnicontrols.com,omnicontrols.com,,,Consumer Electronics,Tampa,Florida,US,33647
"Paradise Systems, LLC",feelslikeparadise.com,feelslikeparadise.com,,,Consumer Electronics,Tampa,Florida,US,33607
Pinnacle Audio Visual,pinnacleav.net,pinnacleav.net,https://www.linkedin.com/company/pinnacle-installations-and-services-inc,,Consumer Electronics,Tampa,Florida,US,33619
SRI Systems,sritampabay.com,sritampabay.com,,,Consumer Electronics,Tampa,Florida,US,33634
SYNCT,synctfl.com,synctfl.com,https://www.linkedin.com/company/synctfl,,Consumer Electronics,Tampa,Florida,US,33647
"Sonos Speaker Tech, Inc.",speakertechinc.com,speakertechinc.com,,,Consumer Electronics,Tampa,Florida,US,33629
Sound Interiors,sitampa.com,sitampa.com,,,Consumer Electronics,Tampa,Florida,US,33634
Sunset Lighting Design,sunsetlightingdesign.com,sunsetlightingdesign.com,,,Consumer Electronics,Tampa,Florida,US,33624
Synergy Florida,synergyfl.com,synergyfl.com,,,Consumer Electronics,Tampa,Florida,US,33619
TBES Systems,tampasmarthome.com,tampasmarthome.com,,,Consumer Electronics,Tampa,Florida,US,33624
Technology Wiring | Security Camera Installation Near Tampa | CCTV camera Installation,tampacamerasinstallation.com,tampacamerasinstallation.com,,,Consumer Electronics,Tampa,Florida,US,33602
Techoll (Innovating Technology Solutions),techoll.com,techoll.com,,,Consumer Electronics,Tampa,Florida,US,33615
The Audio Itch of Tampa Bay,audioitch.com,audioitch.com,,,Consumer Electronics,Tampa,Florida,US,33629
The ProMedia Group,thepromediagroup.com,thepromediagroup.com,https://www.linkedin.com/company/the-promedia-group,,Consumer Electronics,Tampa,Florida,US,33634
Custom Electric,keyscustomelectric.com,keyscustomelectric.com,,,Consumer Electronics,Tavernier,Florida,US,33070
Quality Comfort Experts,myqce.com,myqce.com,,,Consumer Electronics,Tavernier,Florida,US,33070
Rocket Cooling,rocketcooling.com,rocketcooling.com,,,Consumer Electronics,Tavernier,Florida,US,33070
Prime Audio Video Security,primeavs.com,primeavs.com,,,Consumer Electronics,University,Florida,US,33613
All Technology Solutions LLC,atsvero.com,atsvero.com,,,Consumer Electronics,Vero Beach,Florida,US,32960
All-In-One Installations IRC,tinyurl.com,tinyurl.com,,,Consumer Electronics,Vero Beach,Florida,US,32967
Arman Electric,armanelectric.com,armanelectric.com,,,Consumer Electronics,Vero Beach,Florida,US,32960
Be Safe Security Alarms Inc,besafevb.wixsite.com,besafevb.wixsite.com,,,Consumer Electronics,Vero Beach,Florida,US,32960
Bill's TV & Audio Video Innovations,billstv.com,billstv.com,https://www.linkedin.com/company/etcsimplify,,Consumer Electronics,Vero Beach,Florida,US,32960
Coastal Security Systems,coastalsecurity.us,coastalsecurity.us,,,Consumer Electronics,Vero Beach,Florida,US,32960
Computer Repair Vero Beach,computerrepairverobeach.com,computerrepairverobeach.com,,,Consumer Electronics,Vero Beach,Florida,US,32960
Deviate Sound Solutions,dv8shop.com,dv8shop.com,,,Consumer Electronics,Vero Beach,Florida,US,32962
Happy Home Electric,localelectriciansfl.com,localelectriciansfl.com,,,Consumer Electronics,Vero Beach,Florida,US,32967
IslandAV,islandav.net,islandav.net,,,Consumer Electronics,Vero Beach,Florida,US,32960
Omega Technology Solutions,omegatechs.co,omegatechs.co,https://www.linkedin.com/company/28145451,,Consumer Electronics,Vero Beach,Florida,US,32960
"Soundtech Security, Inc.",soundtechsecurity.com,soundtechsecurity.com,,,Consumer Electronics,Vero Beach,Florida,US,32962
Soundtech Systems inc,soundtechsystems.com,soundtechsystems.com,,,Consumer Electronics,Vero Beach,Florida,US,32960
The Audiohouse,theaudiohouse.com,theaudiohouse.com,,,Consumer Electronics,Vero Beach,Florida,US,32960
Wolf Media and Technology,wolfmediatechnology.com,wolfmediatechnology.com,,,Consumer Electronics,Vero Beach,Florida,US,32960
Palm Beach Sounds and Cinema,soundsandcinema.com,soundsandcinema.com,,,Consumer Electronics,Wellington,Florida,US,33414
Petrone Technology Group,petronetechnologygroup.com,petronetechnologygroup.com,,,Consumer Electronics,Wellington,Florida,US,33414
"Event Resource Group, Inc",erg247.com,erg247.com,https://www.linkedin.com/company/erg247,,Consumer Electronics,Wesley Chapel,Florida,US,33544
Home Boss AV LLC,homebossav.com,homebossav.com,,,Consumer Electronics,Wesley Chapel,Florida,US,33545
A Home Theater and Media Solutions,ahometheaterfl.com,ahometheaterfl.com,,,Consumer Electronics,West Palm Beach,Florida,US,33412
ATI,atifl.net,atifl.net,,,Consumer Electronics,West Palm Beach,Florida,US,33411
AV-WORX,av-worx.com,av-worx.com,,,Consumer Electronics,West Palm Beach,Florida,US,33409
"AVS - Audio Video Systems, Inc.",securitybyavs.com,securitybyavs.com,,,Consumer Electronics,West Palm Beach,Florida,US,33409
Ask the Advisors,asktheadvisors.com,asktheadvisors.com,,,Consumer Electronics,West Palm Beach,Florida,US,33409
Audio Advisors,audioadvisors.com,audioadvisors.com,,,Consumer Electronics,West Palm Beach,Florida,US,33409
"Audio Visual Automation, Inc.",avapb.com,avapb.com,,,Consumer Electronics,West Palm Beach,Florida,US,33409
C C Control,cccontrolcorp.com,cccontrolcorp.com,,,Consumer Electronics,West Palm Beach,Florida,US,33407
Cat5 Security Services,cat5security.com,cat5security.com,,,Consumer Electronics,West Palm Beach,Florida,US,33409
Comet Electric & Automation,cometelectricinc.com,cometelectricinc.com,,,Consumer Electronics,West Palm Beach,Florida,US,33413
"Command One Solutions, LLC",command-one.com,command-one.com,,,Consumer Electronics,West Palm Beach,Florida,US,33404
ETC Florida,etc-florida.com,etc-florida.com,https://www.linkedin.com/company/etcsimplify,,Consumer Electronics,West Palm Beach,Florida,US,33409
"Electro Arts Enterprises, Inc.",eaeinfo.com,eaeinfo.com,https://www.linkedin.com/company/electro-arts-enterprises-inc-,,Consumer Electronics,West Palm Beach,Florida,US,33404
Extreme Audio Video,extremeaudiovideo.com,extremeaudiovideo.com,,,Consumer Electronics,West Palm Beach,Florida,US,33412
ForceAV,forceav.com,forceav.com,,,Consumer Electronics,West Palm Beach,Florida,US,33411
Fusion AV Solutions,fusionavsolutions.com,fusionavsolutions.com,,,Consumer Electronics,West Palm Beach,Florida,US,33411
Integrated Home Technologies FL,ihtfl.com,ihtfl.com,,,Consumer Electronics,West Palm Beach,Florida,US,33407
MAXTECH AUDIO,maxtechaudio.com,maxtechaudio.com,,,Consumer Electronics,West Palm Beach,Florida,US,33401
Orion Integrated Systems,orionintegrated.com,orionintegrated.com,https://www.linkedin.com/company/orion-integrated-systems,,Consumer Electronics,West Palm Beach,Florida,US,33411
Palm Beach Audio Video,palmbeachaudiovideo.com,palmbeachaudiovideo.com,,,Consumer Electronics,West Palm Beach,Florida,US,33411
Palm Beach Audio Visions,pbavsmarthomes.com,pbavsmarthomes.com,https://www.linkedin.com/company/palm-beach-audio-visions,,Consumer Electronics,West Palm Beach,Florida,US,33411
Palm Beach Custom A/V - Smart Home Automation / Home Theaters Installations,palmbeachcustomav.com,palmbeachcustomav.com,https://www.linkedin.com/company/palm-beach-custom-a-v,,Consumer Electronics,West Palm Beach,Florida,US,33412
Palm Beach Electronics,pbeellc.com,pbeellc.com,,,Consumer Electronics,West Palm Beach,Florida,US,33404
Palm Beach Mounting Co.,titanmounting.com,titanmounting.com,,,Consumer Electronics,West Palm Beach,Florida,US,33407
Prestige Home Automation,phastav.com,phastav.com,https://www.linkedin.com/company/prestige-home-automation,,Consumer Electronics,West Palm Beach,Florida,US,33414
TechnoLiving,technoliving.com,technoliving.com,,,Consumer Electronics,West Palm Beach,Florida,US,33411
Sound Media,soundmediaone.com,soundmediaone.com,,,Consumer Electronics,West Park,Florida,US,33023
Designer Digital Systems Audio Visual Equipment Supplier,designerdigitalsystems.com,designerdigitalsystems.com,,,Consumer Electronics,Weston,Florida,US,33327
TecDivine Business Solutions LLC,tecdivine.com,tecdivine.com,,,Consumer Electronics,Wimauma,Florida,US,33598
Above & Beyond A/V,aboveandbeyondav.com,aboveandbeyondav.com,,,Consumer Electronics,Winter Garden,Florida,US,34787
Axiom Integration,axiomintegration.com,axiomintegration.com,,,Consumer Electronics,Winter Garden,Florida,US,34787
Central Florida Automation,cflautomation.com,cflautomation.com,,,Consumer Electronics,Winter Garden,Florida,US,34787
Florida Smart Homes,floridasmarthomes.org,floridasmarthomes.org,https://www.linkedin.com/company/florida-smart-homes,,Consumer Electronics,Winter Garden,Florida,US,34787
Storch Entertainment Systems,storchentertainment.com,storchentertainment.com,,,Consumer Electronics,Winter Park,Florida,US,32789
"Aftermath General Services, Inc.",aftermathgeneralservices.solutions,aftermathgeneralservices.solutions,,,Consumer Electronics,Yulee,Florida,US,32097
Gary's Audio & Video Installations,garysav.com,garysav.com,,,Consumer Electronics,Yulee,Florida,US,32097
"ASD (Automated Systems Design, Inc.)",asd-usa.com,asd-usa.com,,,Consumer Electronics,Alpharetta,Georgia,US,30005
AVLI Global,avliglobal.com,avliglobal.com,,,Consumer Electronics,Alpharetta,Georgia,US,30004
Acoustic Innovations,acousticinnovations.biz,acousticinnovations.biz,,,Consumer Electronics,Alpharetta,Georgia,US,30004
Advanced Home Audio Video,advancedinstallation.com,advancedinstallation.com,,,Consumer Electronics,Alpharetta,Georgia,US,30004
Atlanta Technology Contractors,atlantatechnologycontractors.com,atlantatechnologycontractors.com,,,Consumer Electronics,Alpharetta,Georgia,US,30004
"Automated Interiors, LLC",automatedinteriors.io,automatedinteriors.io,,,Consumer Electronics,Alpharetta,Georgia,US,30009
Beckhoff Automation LLC,beckhoff.com,beckhoff.com,,,Consumer Electronics,Alpharetta,Georgia,US,30009
Boutique Pro Audio International LLC,boutiqueproaudio.com,boutiqueproaudio.com,,,Consumer Electronics,Alpharetta,Georgia,US,30009
Bray Electrical Alpharetta,brayelectrical.com,brayelectrical.com,,,Consumer Electronics,Alpharetta,Georgia,US,30004
"Callaway Home Theater- Home Theater Alpharetta, Home Automation Alpharetta",callawayhometheater.com,callawayhometheater.com,,,Consumer Electronics,Alpharetta,Georgia,US,30004
Callaway Security & Sound,callawaysecurity.com,callawaysecurity.com,https://www.linkedin.com/company/callaway-security-&-sound,,Consumer Electronics,Alpharetta,Georgia,US,30004
Clark,clark.is,clark.is,,,Consumer Electronics,Alpharetta,Georgia,US,30005
"Custom Media Solutions, Inc.",custommediaonline.com,custommediaonline.com,,,Consumer Electronics,Alpharetta,Georgia,US,30004
GM Voices,gmvoices.com,gmvoices.com,,,Consumer Electronics,Alpharetta,Georgia,US,30005
"H2K Infosys,LLC",h2kinfosys.com,h2kinfosys.com,https://www.linkedin.com/company/h2kinfosys,,Consumer Electronics,Alpharetta,Georgia,US,30005
Handy Mount Pros,install-tv.com,install-tv.com,,,Consumer Electronics,Alpharetta,Georgia,US,30009
Home TheaterWorks,htwatlanta.com,htwatlanta.com,,,Consumer Electronics,Alpharetta,Georgia,US,30022
"IPTE, LLC",ipte.com,ipte.com,https://www.linkedin.com/company/31173,,Consumer Electronics,Alpharetta,Georgia,US,30005
Logic Speak,logicspeak.com,logicspeak.com,,,Consumer Electronics,Alpharetta,Georgia,US,30009
MTechProMedia,mtechpromedia.com,mtechpromedia.com,,,Consumer Electronics,Alpharetta,Georgia,US,30004
Optimum Productions,optimumproductions.com,optimumproductions.com,,,Consumer Electronics,Alpharetta,Georgia,US,30005
Phoenix Systems,phoenixsystems.tv,phoenixsystems.tv,https://www.linkedin.com/company/phoenixsystems,,Consumer Electronics,Alpharetta,Georgia,US,30005
Premier Automation LLC,premierautomation.com,premierautomation.com,,,Consumer Electronics,Alpharetta,Georgia,US,30004
"Private Theaters, Inc.",privatetheaters.com,privatetheaters.com,,,Consumer Electronics,Alpharetta,Georgia,US,30009
Sensible Automation Solutions LLC,sensibleautomationsolutions.com,sensibleautomationsolutions.com,,,Consumer Electronics,Alpharetta,Georgia,US,30004
"Strong Systems International, Inc.",strongsystems.com,strongsystems.com,https://www.linkedin.com/company/strong-systems-international,,Consumer Electronics,Alpharetta,Georgia,US,30005
SystemsOne Security,systemsonesecurity.com,systemsonesecurity.com,,,Consumer Electronics,Alpharetta,Georgia,US,30009
"Z-Signature Homes, Inc.",zsignaturehomes.com,zsignaturehomes.com,,,Consumer Electronics,Alpharetta,Georgia,US,30004
i CONTROL Audio Video,icontrolav.net,icontrolav.net,,,Consumer Electronics,Alpharetta,Georgia,US,30005
3Cs Audio-Visual,3csaudiovisual.com,3csaudiovisual.com,,,Consumer Electronics,Atlanta,Georgia,US,30339
ALTHAR Automate LLC,altharautomate.io,altharautomate.io,,,Consumer Electronics,Atlanta,Georgia,US,30308
AVI - Audio Video Interiors,audiovideointeriors.tv,audiovideointeriors.tv,,,Consumer Electronics,Atlanta,Georgia,US,30346
AVI Group,goavigroup.com,goavigroup.com,,,Consumer Electronics,Atlanta,Georgia,US,30326
"Aardvark Electric, Inc.",aardvark-electric.com,aardvark-electric.com,,,Consumer Electronics,Atlanta,Georgia,US,30340
Atlanta Audio & Automation,atlantaaudio.com,atlantaaudio.com,https://www.linkedin.com/company/atlanta-audio-&-automation,,Consumer Electronics,Atlanta,Georgia,US,30324
Atlanta Audio Visual,atlanta-audiovisual.com,atlanta-audiovisual.com,,,Consumer Electronics,Atlanta,Georgia,US,30336
Atlanta Decorative Arts Center,adacatlanta.com,adacatlanta.com,,,Consumer Electronics,Atlanta,Georgia,US,30305
Atlanta Noland Co.,atlantanoland.com,atlantanoland.com,,,Consumer Electronics,Atlanta,Georgia,US,30340
Atlanta Pro AV,atlantaproav.com,atlantaproav.com,,,Consumer Electronics,Atlanta,Georgia,US,30318
Atlanta Smart Systems,atlantasmartsystems.com,atlantasmartsystems.com,,,Consumer Electronics,Atlanta,Georgia,US,30309
Atlanta Sound and Lighting,atlantasoundandlight.com,atlantasoundandlight.com,,,Consumer Electronics,Atlanta,Georgia,US,30341
Atlanta TV Mounting,atlantatvmountingcompany.com,atlantatvmountingcompany.com,,,Consumer Electronics,Atlanta,Georgia,US,30318
Audio & Video Connections,avconnectinc.com,avconnectinc.com,,,Consumer Electronics,Atlanta,Georgia,US,30331
Audio Visual Genius,audiovisualgenius.com,audiovisualgenius.com,,,Consumer Electronics,Atlanta,Georgia,US,30336
Clear Sound Atlanta,clearsoundatlanta.com,clearsoundatlanta.com,https://www.linkedin.com/company/clear-sound-atlanta,,Consumer Electronics,Atlanta,Georgia,US,30326
Commercial Audio Systems Inc,commercialaudio.com,commercialaudio.com,,,Consumer Electronics,Atlanta,Georgia,US,30309
"Electronic Home, Inc.",hometheaterdesigns.com,hometheaterdesigns.com,,,Consumer Electronics,Atlanta,Georgia,US,30305
Envision Media AV LLC,envisionmediaav.com,envisionmediaav.com,,,Consumer Electronics,Atlanta,Georgia,US,30309
Evolution Home Theater,evolutionht.com,evolutionht.com,,,Consumer Electronics,Atlanta,Georgia,US,30305
HiFi Buys,hifibuys.com,hifibuys.com,,,Consumer Electronics,Atlanta,Georgia,US,30305
House of Music Productions,houseofmusicproductions.com,houseofmusicproductions.com,,,Consumer Electronics,Atlanta,Georgia,US,30340
"INEX Systems and Designs, inc.",inexsystemsdesigns.com,inexsystemsdesigns.com,https://www.linkedin.com/company/inexsystems,,Consumer Electronics,Atlanta,Georgia,US,30313
Living Visions Audio Visual,visions-av.com,visions-av.com,,,Consumer Electronics,Atlanta,Georgia,US,30336
MHS Systems,mhssinc.com,mhssinc.com,,,Consumer Electronics,Atlanta,Georgia,US,30331
Modus AV Listening Lounge,modusav.com,modusav.com,https://www.linkedin.com/company/modus-av,,Consumer Electronics,Atlanta,Georgia,US,30341
Motion Shading,motionshading.com,motionshading.com,,,Consumer Electronics,Atlanta,Georgia,US,30324
Pinnacle Tv Installation,pinnacletvinstall.com,pinnacletvinstall.com,,,Consumer Electronics,Atlanta,Georgia,US,31107
Pro Tech Multimedia Solutions LLC,protechmultimedia.com,protechmultimedia.com,,,Consumer Electronics,Atlanta,Georgia,US,30303
ProAudio Georgia,proaudiogeorgia.com,proaudiogeorgia.com,,,Consumer Electronics,Atlanta,Georgia,US,30305
Roy E Wilson Co dba Georgia Control Center,georgiacontrol.com,georgiacontrol.com,,,Consumer Electronics,Atlanta,Georgia,US,30354
Shade Tree AV,shadetreeav.com,shadetreeav.com,,,Consumer Electronics,Atlanta,Georgia,US,30310
Shepard AV,shepardav.com,shepardav.com,,,Consumer Electronics,Atlanta,Georgia,US,30318
Smart Homes Atlanta,consciousiot.com,consciousiot.com,,,Consumer Electronics,Atlanta,Georgia,US,30328
Smart Integrators 4 U,smarti4u.com,smarti4u.com,https://www.linkedin.com/company/smart-integrators-4-u-llc,,Consumer Electronics,Atlanta,Georgia,US,30349
Smart TV Installation,smarttvinstallation.com,smarttvinstallation.com,,,Consumer Electronics,Atlanta,Georgia,US,30342
"Solutionz, Inc.",solutionzinc.com,solutionzinc.com,,,Consumer Electronics,Atlanta,Georgia,US,30339
Sound Associates Inc,soundassociates.com,soundassociates.com,https://www.linkedin.com/company/sound-associates,,Consumer Electronics,Atlanta,Georgia,US,30306
Sunbelt Technology,sunbelttechnology.com,sunbelttechnology.com,https://www.linkedin.com/company/sunbelt-technologies-inc,,Consumer Electronics,Atlanta,Georgia,US,30342
TRuth Automations,truthautomations.com,truthautomations.com,,,Consumer Electronics,Atlanta,Georgia,US,30326
Twice As Nice Tech Solutions,tantechsolutions.net,tantechsolutions.net,,,Consumer Electronics,Atlanta,Georgia,US,30318
2nd & Charles,2ndandcharles.com,2ndandcharles.com,,,Consumer Electronics,Augusta,Georgia,US,30909
A W Electric LLC,awelectricllc.com,awelectricllc.com,,,Consumer Electronics,Augusta,Georgia,US,30904
Atomic Tech,atomictech.net,atomictech.net,,,Consumer Electronics,Augusta,Georgia,US,30909
Carolina Burglar & Fire Alarm,carolinaburglaralarm.com,carolinaburglaralarm.com,https://www.linkedin.com/company/carolina-burglar-&-fire-alarm-company,,Consumer Electronics,Augusta,Georgia,US,30904
Carolina Georgia Sound,cgsvideo.com,cgsvideo.com,,,Consumer Electronics,Augusta,Georgia,US,30909
Control Plus Inc,controlplus.com,controlplus.com,,,Consumer Electronics,Augusta,Georgia,US,30909
Crawl Space Ninja of Augusta,crawlspaceninja.com,crawlspaceninja.com,,,Consumer Electronics,Augusta,Georgia,US,30907
Georgia Carolina Security,georgiacarolinasecurity.com,georgiacarolinasecurity.com,,,Consumer Electronics,Augusta,Georgia,US,30907
IntelliSystems,intellisystems.com,intellisystems.com,,,Consumer Electronics,Augusta,Georgia,US,30909
Security Specialist Inc,securityspecialistinc.net,securityspecialistinc.net,,,Consumer Electronics,Augusta,Georgia,US,30909
"Dynamic Audio Visual Systems, LLC",dynamicavsystems.com,dynamicavsystems.com,,,Consumer Electronics,Canton,Georgia,US,30114
DPC Technology,dpctechnology.com,dpctechnology.com,,,Consumer Electronics,Chamblee,Georgia,US,30341
Interactive Automation,interactiveautomation.com,interactiveautomation.com,,,Consumer Electronics,Chamblee,Georgia,US,30341
Factory Automation Systems,factoryautomation.com,factoryautomation.com,https://www.linkedin.com/company/factory-automation-systems,,Consumer Electronics,College Park,Georgia,US,30349
AV Excellence - Home Theater & Low Voltage Solutions,myavx.com,myavx.com,https://www.linkedin.com/company/myavx,,Consumer Electronics,Cumming,Georgia,US,30040
AV Solutions Atlanta,avsolutionsatlanta.com,avsolutionsatlanta.com,https://www.linkedin.com/company/av-solutions-inc.,,Consumer Electronics,Cumming,Georgia,US,30041
Southern Cinema,southerncinema.com,southerncinema.com,,,Consumer Electronics,Cumming,Georgia,US,30040
Interior Technology LLC,itsmarthomes.com,itsmarthomes.com,,,Consumer Electronics,Dacula,Georgia,US,30019
Tribute Technology,tributetechinc.com,tributetechinc.com,,,Consumer Electronics,Dacula,Georgia,US,30019
Loud Media Group,loudmediagroup.us,loudmediagroup.us,,,Consumer Electronics,Dalton,Georgia,US,30722
Tech One Audio Visual Rentals - TOAV,tech1av.com,tech1av.com,,,Consumer Electronics,Decatur,Georgia,US,30033
"Atlanta Home Technologies, LLC",atlantahometechnologies.com,atlantahometechnologies.com,,,Consumer Electronics,Doraville,Georgia,US,30360
"Installation Guy, LLC.",installationguy.us,installationguy.us,,,Consumer Electronics,Duluth,Georgia,US,30096
A-1 Audio Visual,a1audiovisual.com,a1audiovisual.com,,,Consumer Electronics,East Point,Georgia,US,30344
Automation Systems & Controls Inc.,plcsolutions.com,plcsolutions.com,,,Consumer Electronics,Ellabell,Georgia,US,31308
Mac Electronics,macelec.com,macelec.com,,,Consumer Electronics,Evans,Georgia,US,30809
Miller Video Solutions,millervideo.org,millervideo.org,,,Consumer Electronics,Evans,Georgia,US,30809
Turning Point AV,turningpointav.com,turningpointav.com,,,Consumer Electronics,Garden City,Georgia,US,31408
Aaron's Home Tech,aaronshometech.com,aaronshometech.com,https://www.linkedin.com/company/aaronshometech,,Consumer Electronics,Greensboro,Georgia,US,30642
52 Creative,52creative.net,52creative.net,,,Consumer Electronics,Grovetown,Georgia,US,30813
Augusta Low Voltage,augustalowvoltage.com,augustalowvoltage.com,,,Consumer Electronics,Grovetown,Georgia,US,30813
"Everything Install, LLC.",everythinginstall.com,everythinginstall.com,,,Consumer Electronics,Grovetown,Georgia,US,30813
"RPM AV Services, Inc.",rpmavs.com,rpmavs.com,,,Consumer Electronics,Holly Springs,Georgia,US,30115
SK Customs Car Audio & Home Theater,skcaraudio.com,skcaraudio.com,,,Consumer Electronics,Johns Creek,Georgia,US,30022
AV Pro Design LLC,avprodesign.com,avprodesign.com,https://www.linkedin.com/company/av-pro-design-llc,,Consumer Electronics,Kennesaw,Georgia,US,30152
Pro Audio Georgia,proaudioga.com,proaudioga.com,,,Consumer Electronics,LaGrange,Georgia,US,30241
SAV Systems,savsystems.com,savsystems.com,,,Consumer Electronics,Lawrenceville,Georgia,US,30046
Sound Enterprises,sound-enterprises.com,sound-enterprises.com,,,Consumer Electronics,Lawrenceville,Georgia,US,30043
Smart Home Connections and Home Improvement,smarthomeconnections.net,smarthomeconnections.net,,,Consumer Electronics,Loganville,Georgia,US,30052
GHT Group,ghtgroup.com,ghtgroup.com,https://www.linkedin.com/company/ght-group-atl,,Consumer Electronics,Marietta,Georgia,US,30060
LV Pros (Low Voltage Pros),lv-pros.com,lv-pros.com,,,Consumer Electronics,Marietta,Georgia,US,30060
Performance Audio & Video,pavatlanta.com,pavatlanta.com,https://www.linkedin.com/company/pavatlanta,,Consumer Electronics,Marietta,Georgia,US,30067
RMS Installs,rmsinstalls.com,rmsinstalls.com,,,Consumer Electronics,Marietta,Georgia,US,30060
Active Integration,activeintegration.tech,activeintegration.tech,,,Consumer Electronics,Martinez,Georgia,US,30907
Aiken Augusta Electric & Security,aikenaugustaelectricsecurity.com,aikenaugustaelectricsecurity.com,,,Consumer Electronics,Martinez,Georgia,US,30907
"American Audio Visual Services, Inc.",americanaudiovisualservices.com,americanaudiovisualservices.com,,,Consumer Electronics,Martinez,Georgia,US,30907
Diversified,onediversified.com,onediversified.com,https://www.linkedin.com/company/diversified-,,Consumer Electronics,Peachtree Corners,Georgia,US,30071
Allegiance Technology Solutions,allegiancetech.io,allegiancetech.io,https://www.linkedin.com/company/allegiance-technology-solutions,,Consumer Electronics,Pembroke,Georgia,US,31321
Imperial Audio Services,imperialaudioservices.com,imperialaudioservices.com,,,Consumer Electronics,Pooler,Georgia,US,31322
In Home Xperts,in-home-xperts.ueniweb.com,in-home-xperts.ueniweb.com,,,Consumer Electronics,Powder Springs,Georgia,US,30127
Southern Alarm Inc,southernalarminc.com,southernalarminc.com,,,Consumer Electronics,Richmond Hill,Georgia,US,31324
GOL Security/ Vector Security Authorized Dealer,golsecurity.com,golsecurity.com,,,Consumer Electronics,Rincon,Georgia,US,31326
AV Simplified Solutions,avsimplifiedsolutions.com,avsimplifiedsolutions.com,,,Consumer Electronics,Ringgold,Georgia,US,30736
"Nelson Jones Electric, Inc.",nelsonjoneselectric.com,nelsonjoneselectric.com,,,Consumer Electronics,Ringgold,Georgia,US,30736
Chattanooga Electronic Services,chatronix.com,chatronix.com,,,Consumer Electronics,Rossville,Georgia,US,30741
AV-Tech Media Solutions,avtechmedia.com,avtechmedia.com,https://www.linkedin.com/company/avtech-services-inc,,Consumer Electronics,Roswell,Georgia,US,30076
Atlanta Home Theater,atlantahometheater.com,atlantahometheater.com,,,Consumer Electronics,Roswell,Georgia,US,30075
Benscoter Home Theater,benscoterhometheater.com,benscoterhometheater.com,,,Consumer Electronics,Roswell,Georgia,US,30075
BlueVision,bluevisionhome.com,bluevisionhome.com,,,Consumer Electronics,Roswell,Georgia,US,30076
Digital Car Audio,digitalcaraudio.com,digitalcaraudio.com,,,Consumer Electronics,Roswell,Georgia,US,30076
Quality Recording Solutions,qrsworld.com,qrsworld.com,,,Consumer Electronics,Roswell,Georgia,US,30075
Safeguard Security,safeguardsecuritygeorgia.com,safeguardsecuritygeorgia.com,,,Consumer Electronics,Roswell,Georgia,US,30076
Sound Image,soundimageatl.com,soundimageatl.com,,,Consumer Electronics,Roswell,Georgia,US,30075
"3M Coastal Installations, Inc.",coastalinstallationsinc.com,coastalinstallationsinc.com,,,Consumer Electronics,Savannah,Georgia,US,31401
Advanced A/V Rentals,advancedav.rentals,advancedav.rentals,,,Consumer Electronics,Savannah,Georgia,US,31404
Audio Visual Repairs Sales,avrsavannah.com,avrsavannah.com,,,Consumer Electronics,Savannah,Georgia,US,31401
Bell Integrated Home Solutions,bellihs.com,bellihs.com,,,Consumer Electronics,Savannah,Georgia,US,31405
Capital A Productions,capitalaproductions.com,capitalaproductions.com,,,Consumer Electronics,Savannah,Georgia,US,31405
"Covenant Security Surveillance, LLC",trustcss.com,trustcss.com,,,Consumer Electronics,Savannah,Georgia,US,31405
Entre Solutions,entresolutions.com,entresolutions.com,,,Consumer Electronics,Savannah,Georgia,US,31406
Extreme Audio,extremeaudio-sav.com,extremeaudio-sav.com,,,Consumer Electronics,Savannah,Georgia,US,31406
Integrated Network Solutions,phonesav.com,phonesav.com,,,Consumer Electronics,Savannah,Georgia,US,31408
Kimball's Mobile Electronics,kimballsmobileelectronics.com,kimballsmobileelectronics.com,,,Consumer Electronics,Savannah,Georgia,US,31401
Low Country Lighting,lclightingga.com,lclightingga.com,,,Consumer Electronics,Savannah,Georgia,US,31405
Mcknight Electronics,mcknightelectronics.net,mcknightelectronics.net,,,Consumer Electronics,Savannah,Georgia,US,31419
"NetPlanner Systems, Inc.",netplanner.com,netplanner.com,https://www.linkedin.com/company/netplanner-systems-inc-,,Consumer Electronics,Savannah,Georgia,US,31405
Pace Lighting & Home,pacelighting.com,pacelighting.com,,,Consumer Electronics,Savannah,Georgia,US,31405
Pop Vault,popvaultstore.com,popvaultstore.com,,,Consumer Electronics,Savannah,Georgia,US,31401
Remote Technology Security Services LLC,remotetechnology.net,remotetechnology.net,,,Consumer Electronics,Savannah,Georgia,US,31408
Rody's Audio Warehouse,rodysaudiowarehouse.com,rodysaudiowarehouse.com,,,Consumer Electronics,Savannah,Georgia,US,31406
SPEROS,speros.com,speros.com,,,Consumer Electronics,Savannah,Georgia,US,31408
Sight & Sound Technologies,sightandsoundtechnologies.com,sightandsoundtechnologies.com,,,Consumer Electronics,Savannah,Georgia,US,31406
"Sight and Sound Integration, Inc.",sightandsoundintegration.com,sightandsoundintegration.com,,,Consumer Electronics,Savannah,Georgia,US,31406
"Specialty Controls of Savannah, LLC",specialtycontrolsgeorgia.com,specialtycontrolsgeorgia.com,,,Consumer Electronics,Savannah,Georgia,US,31419
Stage Front,sfps.net,sfps.net,,,Consumer Electronics,Savannah,Georgia,US,31405
Stud'd Mounts llc,studdmounts.square.site,studdmounts.square.site,,,Consumer Electronics,Savannah,Georgia,US,31419
TVC Appliance & Bedding,tvcentersavannah.com,tvcentersavannah.com,,,Consumer Electronics,Savannah,Georgia,US,31405
scDataCom,scdatacom.net,scdatacom.net,,,Consumer Electronics,Savannah,Georgia,US,31404
SB Comm Inc,sbcatl.com,sbcatl.com,,,Consumer Electronics,Snellville,Georgia,US,30078
Golden Isles Welcome Center - St. Simons Island,goldenisles.com,goldenisles.com,,,Consumer Electronics,St Simons Island,Georgia,US,31522
Link Your House Inc,linkyourhouse.com,linkyourhouse.com,,,Consumer Electronics,Suwanee,Georgia,US,30024
Starlightatl,starlightatlanta.com,starlightatlanta.com,,,Consumer Electronics,Suwanee,Georgia,US,30024
S&L Integrated Systems,slintegrated.com,slintegrated.com,,,Consumer Electronics,Thomasville,Georgia,US,31757
"Huber Automation, LLC",wedoautomation.com,wedoautomation.com,,,Consumer Electronics,Tucker,Georgia,US,30084
Orchestrated Audiovisual & Production Service,oavatlanta.com,oavatlanta.com,,,Consumer Electronics,Tucker,Georgia,US,30084
Intuitive AV,intuav.com,intuav.com,,,Consumer Electronics,Woodstock,Georgia,US,30188
Aloha Alarm LLC,alohaalarm.com,alohaalarm.com,,,Consumer Electronics,Aiea,Hawaii,US,96701
Hawaii Media Inc,hawaiimedia.com,hawaiimedia.com,,,Consumer Electronics,Aiea,Hawaii,US,96701
Modtech Solutions,modtechsolutions.com,modtechsolutions.com,https://www.linkedin.com/company/10696589,,Consumer Electronics,Aiea,Hawaii,US,96701
The Audio Visual Company,theavco.com,theavco.com,https://www.linkedin.com/company/theavco,,Consumer Electronics,Aiea,Hawaii,US,96701
Behind The Sound Audio Visual Rentals,behindthesoundav.com,behindthesoundav.com,,,Consumer Electronics,Haleiwa,Hawaii,US,96712
Aloha Laser Vision,alohalaservision.com,alohalaservision.com,,,Consumer Electronics,Honolulu,Hawaii,US,96814
Audio Bytes Corporation,audiobyteshawaii.com,audiobyteshawaii.com,,,Consumer Electronics,Honolulu,Hawaii,US,96813
Audio Lab Hawaii,audiolabhawaii.com,audiolabhawaii.com,,,Consumer Electronics,Honolulu,Hawaii,US,96814
Audissey,audissey.net,audissey.net,,,Consumer Electronics,Honolulu,Hawaii,US,96814
Automated Lifestyles Hawaii,alshawaii.com,alshawaii.com,,,Consumer Electronics,Honolulu,Hawaii,US,96821
Beyond Builders,bb-hi.com,bb-hi.com,,,Consumer Electronics,Honolulu,Hawaii,US,96813
Blue Shield Security Oahu LLC,bssalarmhi.com,bssalarmhi.com,,,Consumer Electronics,Honolulu,Hawaii,US,96819
Bright Light Digital LLC,brightlight.biz,brightlight.biz,https://www.linkedin.com/company/bright-light-digital,,Consumer Electronics,Honolulu,Hawaii,US,96813
Cowabunga! Computers,smartcows.com,smartcows.com,,,Consumer Electronics,Honolulu,Hawaii,US,96826
Dial Electric Supply Co,dialelectricsupply.com,dialelectricsupply.com,,,Consumer Electronics,Honolulu,Hawaii,US,96819
Elegant Lighting,elegantlightinghawaii.com,elegantlightinghawaii.com,,,Consumer Electronics,Honolulu,Hawaii,US,96816
HI Home REsolutions Inc,hbe.ehawaii.gov,hbe.ehawaii.gov,,,Consumer Electronics,Honolulu,Hawaii,US,96816
Hawaii Pacific Neuroscience,hawaiineuroscience.com,hawaiineuroscience.com,,,Consumer Electronics,Honolulu,Hawaii,US,96817
Hawaii Video Pro,hawaiivideopro.com,hawaiivideopro.com,,,Consumer Electronics,Honolulu,Hawaii,US,96828
High Performance Systems Inc,hpsi.net,hpsi.net,,,Consumer Electronics,Honolulu,Hawaii,US,96813
"Home Smart International, LLC.",joinhomesmarthawaii.com,joinhomesmarthawaii.com,,,Consumer Electronics,Honolulu,Hawaii,US,96815
Home Theater Solutions,htshawaii.com,htshawaii.com,,,Consumer Electronics,Honolulu,Hawaii,US,96822
Illuminage Group,illuminagehawaii.com,illuminagehawaii.com,,,Consumer Electronics,Honolulu,Hawaii,US,96819
"Industrial Electronics, Inc.",iehawaii.com,iehawaii.com,,,Consumer Electronics,Honolulu,Hawaii,US,96817
Intech Pacific | Cybersecurity & Managed IT Services,intech-pacific.com,intech-pacific.com,https://www.linkedin.com/company/intech-hawaii,,Consumer Electronics,Honolulu,Hawaii,US,96813
Jives Media,jivesmedia.com,jivesmedia.com,,,Consumer Electronics,Honolulu,Hawaii,US,96814
John Guild Communications,johnguildcommunications.com,johnguildcommunications.com,,,Consumer Electronics,Honolulu,Hawaii,US,96817
Lighting Concepts,lightinghawaii.com,lightinghawaii.com,,,Consumer Electronics,Honolulu,Hawaii,US,96826
Luxury Row,shopluxuryrow.com,shopluxuryrow.com,,,Consumer Electronics,Honolulu,Hawaii,US,96815
Media Solutions Inc,mediasolutionshawaii.com,mediasolutionshawaii.com,,,Consumer Electronics,Honolulu,Hawaii,US,96813
Mobile Audio and Security,mobileaudiosecurityhi.com,mobileaudiosecurityhi.com,,,Consumer Electronics,Honolulu,Hawaii,US,96819
Music & Video Hawaii,hawaiiav.com,hawaiiav.com,,,Consumer Electronics,Honolulu,Hawaii,US,96816
Ohana Control Systems Inc,ohanacontrols.com,ohanacontrols.com,https://www.linkedin.com/company/ohana-control-systems-inc.,,Consumer Electronics,Honolulu,Hawaii,US,96819
Pacific Audio & Communications Oahu,pachawaii.com,pachawaii.com,https://www.linkedin.com/company/pacific-audio-communications-inc,,Consumer Electronics,Honolulu,Hawaii,US,96819
Revision Audio,revision-audio.square.site,revision-audio.square.site,,,Consumer Electronics,Honolulu,Hawaii,US,96819
Sight & Sound Productions,sightandsoundhawaii.com,sightandsoundhawaii.com,,,Consumer Electronics,Honolulu,Hawaii,US,96819
Smart Assets of Hawaii,specialneedshawaii.com,specialneedshawaii.com,,,Consumer Electronics,Honolulu,Hawaii,US,96814
Smart Source,smartsourcellc.com,smartsourcellc.com,,,Consumer Electronics,Honolulu,Hawaii,US,96813
Starcomm Wireless Inc.,starcommwireless.com,starcommwireless.com,,,Consumer Electronics,Honolulu,Hawaii,US,96819
"Systems Integration Group, Inc.",systemsintegrationgroup.com,systemsintegrationgroup.com,,,Consumer Electronics,Honolulu,Hawaii,US,96813
Systems Integrations of Hawaii,honolulusystems.com,honolulusystems.com,,,Consumer Electronics,Honolulu,Hawaii,US,96822
Top Level Construction,toplevel.construction,toplevel.construction,,,Consumer Electronics,Honolulu,Hawaii,US,96825
University of Hawaiʻi System,hawaii.edu,hawaii.edu,,,Consumer Electronics,Honolulu,Hawaii,US,96822
ZMANA Residential and Commercial Security Systems,zmana.com,zmana.com,https://www.linkedin.com/company/zmana,,Consumer Electronics,Honolulu,Hawaii,US,96814
Control Freaks Hawaii Inc.,controlfreakshawaii.com,controlfreakshawaii.com,,,Consumer Electronics,Kahului,Hawaii,US,96732
Hawai’i Audio Video Lighting Solutions,hiavls.com,hiavls.com,,,Consumer Electronics,Kailua,Hawaii,US,96734
"Steadfast Audio Visual, LLC",steadfastav.com,steadfastav.com,,,Consumer Electronics,Kapolei,Hawaii,US,96707
Twilight Audio dba Low Voltage Contractors of Hawaii,twilightaudio.com,twilightaudio.com,,,Consumer Electronics,Kapolei,Hawaii,US,96707
AVS Audio Visual Services Hawaii,audiovisualhawaii.com,audiovisualhawaii.com,,,Consumer Electronics,Wailuku,Hawaii,US,96793
Hawaii Pro Sound & Visual Rental,hawaiiprosoundvr.com,hawaiiprosoundvr.com,,,Consumer Electronics,Waipahu,Hawaii,US,96797
Home Automation Hawaii LLC,homeautomationhawaii.com,homeautomationhawaii.com,,,Consumer Electronics,Waipahu,Hawaii,US,96797
Integrated Security Technologies,istechs.net,istechs.net,,,Consumer Electronics,Waipahu,Hawaii,US,96797
Integrated Technology Solutions | ITS Hawaii,itshawaii.com,itshawaii.com,https://www.linkedin.com/company/itshawaii,,Consumer Electronics,Waipahu,Hawaii,US,96797
Security Cameras Oahu,securitycamerasoahu.com,securitycamerasoahu.com,,,Consumer Electronics,Waipahu,Hawaii,US,96797
Theatrix Hawaii - Audio Visual Company - Oahu,theatrixhawaii.com,theatrixhawaii.com,,,Consumer Electronics,Waipahu,Hawaii,US,96797
On Time Professionals,myontimepro.com,myontimepro.com,,,Consumer Electronics,Altoona,Iowa,US,50009
AVS Concepts,teamavsconcepts.com,teamavsconcepts.com,,,Consumer Electronics,Ankeny,Iowa,US,50021
Astra Security,astrasecurity.com,astrasecurity.com,,,Consumer Electronics,Ankeny,Iowa,US,50023
"Knight Integration, LLC",knight-integration.com,knight-integration.com,,,Consumer Electronics,Ankeny,Iowa,US,50021
Berg Audio & Video,bergav.com,bergav.com,,,Consumer Electronics,Carlisle,Iowa,US,50047
Custom Electrical Services,customelectricalservices.com,customelectricalservices.com,,,Consumer Electronics,Clive,Iowa,US,50325
Iowa Audio Video,iowaaudiovideo.com,iowaaudiovideo.com,https://www.linkedin.com/company/iowaaudiovideo,,Consumer Electronics,Clive,Iowa,US,50325
Put It On Video,putitonvideo.net,putitonvideo.net,,,Consumer Electronics,Clive,Iowa,US,50325
Wired Solutions,wiredsolutionsia.com,wiredsolutionsia.com,,,Consumer Electronics,Clive,Iowa,US,50325
Reference Smart Systems,referencesmart.com,referencesmart.com,https://www.linkedin.com/company/reference-audio-video-security,,Consumer Electronics,Davenport,Iowa,US,52807
AON Studios,aonstudiosllc.com,aonstudiosllc.com,,,Consumer Electronics,Des Moines,Iowa,US,50316
Advanced Automation,advanced-automationinc.com,advanced-automationinc.com,,,Consumer Electronics,Des Moines,Iowa,US,50309
American Alarms,american-alarms.com,american-alarms.com,,,Consumer Electronics,Des Moines,Iowa,US,50313
Arona Home Essentials Des Moines,aronarents.com,aronarents.com,,,Consumer Electronics,Des Moines,Iowa,US,50320
Automation and Robotics Solutions,jhfoster.com,jhfoster.com,,,Consumer Electronics,Des Moines,Iowa,US,50316
B & L Electric LLC,bandlelectriciowa.com,bandlelectriciowa.com,,,Consumer Electronics,Des Moines,Iowa,US,50316
Burgin Drapery Workroom,burgindrapery.com,burgindrapery.com,,,Consumer Electronics,Des Moines,Iowa,US,50316
CLE Productions,cleproductions.com,cleproductions.com,https://www.linkedin.com/company/2997622,,Consumer Electronics,Des Moines,Iowa,US,50321
Des Moines Community Playhouse,dmplayhouse.com,dmplayhouse.com,,,Consumer Electronics,Des Moines,Iowa,US,50312
Electronic Engineering Co.,eengineering.com,eengineering.com,https://www.linkedin.com/company/electronic-engineering,,Consumer Electronics,Des Moines,Iowa,US,50309
Human–Robot Integration,hubotik.com,hubotik.com,,,Consumer Electronics,Des Moines,Iowa,US,50309
Iowa Stage Theatre Company,iowastage.org,iowastage.org,,,Consumer Electronics,Des Moines,Iowa,US,50309
Mid-State Distributing Co,midstatedistributing.com,midstatedistributing.com,,,Consumer Electronics,Des Moines,Iowa,US,50321
TH MEDIA,thmediacreates.com,thmediacreates.com,,,Consumer Electronics,Des Moines,Iowa,US,50311
Technical Solutions Inc,ts-usa.com,ts-usa.com,,,Consumer Electronics,Des Moines,Iowa,US,50315
The Waldinger Corporation,waldinger.com,waldinger.com,https://www.linkedin.com/company/the-waldinger-corporation,,Consumer Electronics,Des Moines,Iowa,US,50321
"Triad Productions, Inc.",triadav.com,triadav.com,,,Consumer Electronics,Des Moines,Iowa,US,50321
"West Audio, LLC",westaudiollc.com,westaudiollc.com,,,Consumer Electronics,Des Moines,Iowa,US,50310
Wirecore,wirecoretech.com,wirecoretech.com,,,Consumer Electronics,Des Moines,Iowa,US,50313
A+ Communications & Security,onlineaplus.com,onlineaplus.com,https://www.linkedin.com/company/a-communication-security-home-solutions,,Consumer Electronics,Grimes,Iowa,US,50111
Commercial Automation Systems,usmapir.org,usmapir.org,,,Consumer Electronics,Grimes,Iowa,US,50111
Integra Electrical Residential Electrician,integraelectrical.co,integraelectrical.co,,,Consumer Electronics,Indianola,Iowa,US,50125
AVI audio video integrators,professionalavi.com,professionalavi.com,,,Consumer Electronics,Iowa City,Iowa,US,52240
AIWM Global Audio Systems & Solutions LLC,aiwmglobal.com,aiwmglobal.com,,,Consumer Electronics,Johnston,Iowa,US,50131
Iowa Smart Home,iowasmarthome.com,iowasmarthome.com,https://www.linkedin.com/company/partner-communications-cooperative,,Consumer Electronics,Kellogg,Iowa,US,50135
Electrical Automation LLC,electricalautomationlemars.com,electricalautomationlemars.com,,,Consumer Electronics,Le Mars,Iowa,US,51031
Midwest Technologies,midwesttechia.com,midwesttechia.com,,,Consumer Electronics,Madrid,Iowa,US,50156
Triple A Home Services,tripleahomeservices.com,tripleahomeservices.com,,,Consumer Electronics,Norwalk,Iowa,US,50211
Communication Innovators Inc,gotoci.com,gotoci.com,,,Consumer Electronics,Pleasant Hill,Iowa,US,50327
"Controlled Access of the Midwest, LLC",controlmidwest.com,controlmidwest.com,,,Consumer Electronics,Pleasant Hill,Iowa,US,50327
WIREONE Electric - Des Moines,wireoneelectric.com,wireoneelectric.com,,,Consumer Electronics,Pleasant Hill,Iowa,US,50327
Archive Iowa,archiveiowa.com,archiveiowa.com,,,Consumer Electronics,Urbandale,Iowa,US,50322
Atech,atechels.com,atechels.com,,,Consumer Electronics,Urbandale,Iowa,US,50322
Control Systems Software LLC,controlsystemssoftware.com,controlsystemssoftware.com,,,Consumer Electronics,Urbandale,Iowa,US,50322
Lux Electric,luxdsm.com,luxdsm.com,,,Consumer Electronics,Urbandale,Iowa,US,50322
Midwest Alarm Services,midwestalarmservices.com,midwestalarmservices.com,https://www.linkedin.com/company/midwest-alarm-services,,Consumer Electronics,Urbandale,Iowa,US,50322
Power/mation,powermation.com,powermation.com,,,Consumer Electronics,Urbandale,Iowa,US,50323
Radio Garage Productions!,radiogarage.com,radiogarage.com,,,Consumer Electronics,Urbandale,Iowa,US,50322
Reference Smart Systems,referenceavs.com,referenceavs.com,https://www.linkedin.com/company/reference-audio-video-security,,Consumer Electronics,Urbandale,Iowa,US,50322
Team UltraVue Satellite & Security,teamultravue.com,teamultravue.com,https://www.linkedin.com/company/custom-install-solutions-team-ultravue-satellite,,Consumer Electronics,Urbandale,Iowa,US,50322
Technology By Design,technologybydesign.com,technologybydesign.com,,,Consumer Electronics,Urbandale,Iowa,US,50323
Red Noise 6,rednoise6.com,rednoise6.com,https://www.linkedin.com/company/red-noise-6,,Consumer Electronics,Waukee,Iowa,US,50263
Audio Labs,audiolabs.com,audiolabs.com,,,Consumer Electronics,West Des Moines,Iowa,US,50265
Electronic Office,electronicbiz.com,electronicbiz.com,https://www.linkedin.com/company/electronicoffice,,Consumer Electronics,West Des Moines,Iowa,US,50265
Embark,embarkit.com,embarkit.com,https://www.linkedin.com/company/embarkit-inc.,,Consumer Electronics,West Des Moines,Iowa,US,50265
Skylabs Audio,skylabsaudio.com,skylabsaudio.com,,,Consumer Electronics,West Des Moines,Iowa,US,50265
Smart Vision LLC,true-fresh.com,true-fresh.com,,,Consumer Electronics,West Des Moines,Iowa,US,50266
AVsuperstore,avsuperstore.com,avsuperstore.com,,,Consumer Electronics,Boise,Idaho,US,83709
"Aatronics, LLC",aatronics.com,aatronics.com,,,Consumer Electronics,Boise,Idaho,US,83704
Access Integration Inc,accessintegrationinc.com,accessintegrationinc.com,,,Consumer Electronics,Boise,Idaho,US,83709
All About Lights Inc,allaboutlightsboise.com,allaboutlightsboise.com,,,Consumer Electronics,Boise,Idaho,US,83713
All Electronics Boise,allelectronicsboise.biz,allelectronicsboise.biz,,,Consumer Electronics,Boise,Idaho,US,83703
Alloway Lighting,allowaylighting.com,allowaylighting.com,,,Consumer Electronics,Boise,Idaho,US,83702
Amplified Production Group,amplifiedpg.com,amplifiedpg.com,,,Consumer Electronics,Boise,Idaho,US,83716
Aspen Sound,aspensound.com,aspensound.com,,,Consumer Electronics,Boise,Idaho,US,83704
Better Homes Electric Inc dba Energy Smart Wiring,energysmartwiring.com,energysmartwiring.com,,,Consumer Electronics,Boise,Idaho,US,83713
Boise Blinds,boiseblinds.com,boiseblinds.com,,,Consumer Electronics,Boise,Idaho,US,83702
Builders Lighting,builderslightingboise.com,builderslightingboise.com,,,Consumer Electronics,Boise,Idaho,US,83704
Cadence AV,cadenceav.com,cadenceav.com,,,Consumer Electronics,Boise,Idaho,US,83704
Clearwater Audio Video,clearwateraudiovideo.com,clearwateraudiovideo.com,,,Consumer Electronics,Boise,Idaho,US,83704
DRC Software,drcsoftware.com,drcsoftware.com,,,Consumer Electronics,Boise,Idaho,US,83714
FishDawg Productions,fishdawgproductions.com,fishdawgproductions.com,,,Consumer Electronics,Boise,Idaho,US,83704
Garrett Integrated Systems,garrettsystems.net,garrettsystems.net,https://www.linkedin.com/company/garrett-integrated-systems,,Consumer Electronics,Boise,Idaho,US,83713
Idaho Sound,idahosound.com,idahosound.com,,,Consumer Electronics,Boise,Idaho,US,83705
IronSite,ironsite.com,ironsite.com,,,Consumer Electronics,Boise,Idaho,US,83709
John Connor Media,johnconnormedia.com,johnconnormedia.com,,,Consumer Electronics,Boise,Idaho,US,83702
M2 Automation,m2automation.com,m2automation.com,,,Consumer Electronics,Boise,Idaho,US,83704
MEDIA 7/LAYERED LIGHTING DESIGN,esprosystems.com,esprosystems.com,https://www.linkedin.com/company/media7inc,,Consumer Electronics,Boise,Idaho,US,83703
Magnum Opus Security,magnumopussecurity.com,magnumopussecurity.com,,,Consumer Electronics,Boise,Idaho,US,83702
Moment Smart Home LLC,momentsmarthome.com,momentsmarthome.com,,,Consumer Electronics,Boise,Idaho,US,83706
Orion Integration Group,oi-group.com,oi-group.com,,,Consumer Electronics,Boise,Idaho,US,83709
"Quality Electric, Inc.",qeidaho.com,qeidaho.com,,,Consumer Electronics,Boise,Idaho,US,83706
Ridgeline Media Marketing,ridgelinemm.com,ridgelinemm.com,,,Consumer Electronics,Boise,Idaho,US,83702
Same Day Electric,samedayelectric.net,samedayelectric.net,,,Consumer Electronics,Boise,Idaho,US,83709
Spire Visuals,spirevisuals.com,spirevisuals.com,,,Consumer Electronics,Boise,Idaho,US,83704
System Tech,systemtech.us,systemtech.us,,,Consumer Electronics,Boise,Idaho,US,83709
The Stereo Shoppe,thestereoshoppe.com,thestereoshoppe.com,https://www.linkedin.com/company/the-stereo-shoppe,,Consumer Electronics,Boise,Idaho,US,83709
VCI Audio Entertainment,vciaudio.com,vciaudio.com,,,Consumer Electronics,Boise,Idaho,US,83704
Valiant Integrations,valiantintegrations.com,valiantintegrations.com,,,Consumer Electronics,Boise,Idaho,US,83713
Valiant Productions,valiantprod.com,valiantprod.com,,,Consumer Electronics,Boise,Idaho,US,83713
Voltz Audio Video,voltzaudiovideo.wix.com,voltzaudiovideo.wix.com,,,Consumer Electronics,Boise,Idaho,US,83714
Wide Eye Productions,wideeye.tv,wideeye.tv,,,Consumer Electronics,Boise,Idaho,US,83702
Tech Driven Theater and Automation,techdriven.com,techdriven.com,,,Consumer Electronics,Eagle,Idaho,US,83616
Confetti Productions/CP Audio,confettiproduction.com,confettiproduction.com,,,Consumer Electronics,Garden City,Idaho,US,83714
Elite Auto Sound,boiseaudio.com,boiseaudio.com,,,Consumer Electronics,Garden City,Idaho,US,83714
Intelligent Design - Heating & Cooling,idshvac.com,idshvac.com,,,Consumer Electronics,Garden City,Idaho,US,83714
Luminaire Smart Homes,boisesmarthomes.com,boisesmarthomes.com,,,Consumer Electronics,Garden City,Idaho,US,83714
Production Services International (PSI) Boise,psiiusa.com,psiiusa.com,https://www.linkedin.com/company/production-services-international,,Consumer Electronics,Garden City,Idaho,US,83714
"Rocky Mountain Audio Visual, Inc.",rmav.com,rmav.com,,,Consumer Electronics,Garden City,Idaho,US,83714
Audio Innovations & TJ's Electric,audioi.org,audioi.org,,,Consumer Electronics,Hailey,Idaho,US,83333
Integrated Electronic Solutions,iessunvalley.com,iessunvalley.com,,,Consumer Electronics,Hailey,Idaho,US,83333
Media Controlled Home Cinema Installation,mediacontrolled.com,mediacontrolled.com,,,Consumer Electronics,Hayden,Idaho,US,83835
TechTen Integrations,techten.com,techten.com,,,Consumer Electronics,Idaho Falls,Idaho,US,83401
dBTronix,dbtronix.com,dbtronix.com,,,Consumer Electronics,Idaho Falls,Idaho,US,83402
"Advanced Data & Electric, Inc.",adesv.com,adesv.com,,,Consumer Electronics,Ketchum,Idaho,US,83340
Argyros Performing Arts Center,theargyros.org,theargyros.org,,,Consumer Electronics,Ketchum,Idaho,US,83340
Home Media Solutions,homemedia.net,homemedia.net,,,Consumer Electronics,Ketchum,Idaho,US,83340
Open Room Furniture,openroomfurniture.com,openroomfurniture.com,,,Consumer Electronics,Ketchum,Idaho,US,83340
Soundwave Inc.,soundwaveinc.com,soundwaveinc.com,,,Consumer Electronics,Ketchum,Idaho,US,83340
Syncopainted Audio LLC,syncopainted.com,syncopainted.com,,,Consumer Electronics,Kuna,Idaho,US,83634
Steiner Audio Video,steinerav.com,steinerav.com,,,Consumer Electronics,Lewiston,Idaho,US,83501
AMPLIFIED Boise – Smart Home & AV Integration,amplifiedboise.com,amplifiedboise.com,,,Consumer Electronics,Meridian,Idaho,US,83646
Home Hacks,homehackshq.com,homehackshq.com,,,Consumer Electronics,Meridian,Idaho,US,83642
HomeiQ,smartavpros.com,smartavpros.com,,,Consumer Electronics,Meridian,Idaho,US,83642
Idaho Lighting Solutions,idaholightingsolutions.com,idaholightingsolutions.com,,,Consumer Electronics,Meridian,Idaho,US,83642
Infinite Home Technologies,infiniteht.com,infiniteht.com,,,Consumer Electronics,Meridian,Idaho,US,83642
Innotech Integration Group Home Theater Boise,hometheaterboise.com,hometheaterboise.com,,,Consumer Electronics,Meridian,Idaho,US,83646
Sight & Sound by design,sightandsoundbydesign.com,sightandsoundbydesign.com,,,Consumer Electronics,Meridian,Idaho,US,83642
The Audio Doctor,boiseaudiodoctor.com,boiseaudiodoctor.com,,,Consumer Electronics,Meridian,Idaho,US,83642
Committed Events,committedevents.com,committedevents.com,,,Consumer Electronics,Nampa,Idaho,US,83651
CDA-AVI,cda-avi.com,cda-avi.com,,,Consumer Electronics,Post Falls,Idaho,US,83854
"USA Alarm Service, Inc.",usaalarmservice.com,usaalarmservice.com,,,Consumer Electronics,Post Falls,Idaho,US,83854
Man Cave Innovations,mancaveinnovations.net,mancaveinnovations.net,,,Consumer Electronics,Rigby,Idaho,US,83442
Audio Plus,audioplusidaho.com,audioplusidaho.com,,,Consumer Electronics,Sandpoint,Idaho,US,83864
iHome Wiring Solutions,smarthomesboise.com,smarthomesboise.com,,,Consumer Electronics,Star,Idaho,US,83669
Merlin’s Magic Lantern,merlinsmagiclantern.com,merlinsmagiclantern.com,,,Consumer Electronics,Sun Valley,Idaho,US,83353
Valoso,valoso.com,valoso.com,,,Consumer Electronics,Sun Valley,Idaho,US,83353
"Alternative Building Solutions, LLC",alternativebuildingsolutions.com,alternativebuildingsolutions.com,,,Consumer Electronics,Victor,Idaho,US,83455
COMPLETE SMART HOME SOLUTIONS INC,completesmarthomesolutions.com,completesmarthomesolutions.com,,,Consumer Electronics,Addison,Illinois,US,60101
Davidson Home Technology,davidsonhometech.com,davidsonhometech.com,,,Consumer Electronics,Alsip,Illinois,US,60803
Total Automation Concepts Inc,ta-concepts.com,ta-concepts.com,https://www.linkedin.com/company/total-automation-concepts,,Consumer Electronics,Alsip,Illinois,US,60803
Output Unlimited,outputunlimited.com,outputunlimited.com,,,Consumer Electronics,Alton,Illinois,US,62002
"Midwest Screens, LLC",midwestscreens.com,midwestscreens.com,https://www.linkedin.com/company/midwestscreens,,Consumer Electronics,Antioch,Illinois,US,60002
Sync Audio Video,syncaudiovideo.com,syncaudiovideo.com,,,Consumer Electronics,Antioch,Illinois,US,60002
"EVT Solutions, LLC",evt-solutions.com,evt-solutions.com,,,Consumer Electronics,Arlington Heights,Illinois,US,60004
Home Time Pro Inc.,hometimepro.com,hometimepro.com,,,Consumer Electronics,Arlington Heights,Illinois,US,60005
IDS Automations,idsautomations.com,idsautomations.com,,,Consumer Electronics,Arlington Heights,Illinois,US,60005
Alarm Detection Systems,adsalarm.com,adsalarm.com,https://www.linkedin.com/company/138738,,Consumer Electronics,Aurora,Illinois,US,60505
Aurora Audio Visual Services,auroraav.com,auroraav.com,,,Consumer Electronics,Aurora,Illinois,US,60502
Completehome Techonology,completehometechnology.com,completehometechnology.com,,,Consumer Electronics,Aurora,Illinois,US,60502
Creative Digital Masters,creativedigitalmasters.com,creativedigitalmasters.com,,,Consumer Electronics,Aurora,Illinois,US,60504
Digital Alliance Productions,digitalalliancemedia.com,digitalalliancemedia.com,,,Consumer Electronics,Aurora,Illinois,US,60506
MediaEyes,mediaeyes.tv,mediaeyes.tv,,,Consumer Electronics,Aurora,Illinois,US,60503
Barrington Electric,barringtonelectric.co,barringtonelectric.co,https://www.linkedin.com/company/barringtonelectric,,Consumer Electronics,Barrington,Illinois,US,60010
Brilliant Home Services,callbrilliant.com,callbrilliant.com,,,Consumer Electronics,Barrington,Illinois,US,60010
"Four Seasons Heating, Air Conditioning, Plumbing, Sewer & Electric",fourseasonsheatingcooling.com,fourseasonsheatingcooling.com,,,Consumer Electronics,Barrington,Illinois,US,60010
Justin Smart Homes,justinfranzke.kw.com,justinfranzke.kw.com,,,Consumer Electronics,Barrington,Illinois,US,60010
Midwest Audio Group,midwestaudiogroup.com,midwestaudiogroup.com,,,Consumer Electronics,Barrington,Illinois,US,60010
Samuel Home Sound System Company,hometheaterbarrington.com,hometheaterbarrington.com,,,Consumer Electronics,Barrington,Illinois,US,60010
SmartTek Success,smartteksuccess.com,smartteksuccess.com,,,Consumer Electronics,Barrington,Illinois,US,60010
Sound Living,soundliving.com,soundliving.com,https://www.linkedin.com/company/sound-living,,Consumer Electronics,Barrington,Illinois,US,60010
"Swiss Automation, Inc.",swissautomation.com,swissautomation.com,,,Consumer Electronics,Barrington,Illinois,US,60010
AVCS Chicago - Audio Visual Events & Rentals,avcschicago.com,avcschicago.com,,,Consumer Electronics,Bensenville,Illinois,US,60106
Home Theatre Designs,hometheatredesigns.net,hometheatredesigns.net,,,Consumer Electronics,Bloomington,Illinois,US,61704
Home Comfort Systems,homecomfortsystems.com,homecomfortsystems.com,,,Consumer Electronics,Bolingbrook,Illinois,US,60440
ISmile Technologies,ismiletechnologies.com,ismiletechnologies.com,,,Consumer Electronics,Bolingbrook,Illinois,US,60490
"Audio Visual Productions, Inc.",avproductions.com,avproductions.com,,,Consumer Electronics,Bridgeview,Illinois,US,60455
Security Solutions - Smart Home Security,chicagohomesecurityalarm.com,chicagohomesecurityalarm.com,,,Consumer Electronics,Broadview,Illinois,US,60155
Etronics of Illinois,etronicsonline.net,etronicsonline.net,,,Consumer Electronics,Buffalo Grove,Illinois,US,60089
Hooked Up Installs,hookedupinstalls.com,hookedupinstalls.com,,,Consumer Electronics,Buffalo Grove,Illinois,US,60089
ISAVE - AUDIO VIDEO PRODUCTION,isave.io,isave.io,,,Consumer Electronics,Burr Ridge,Illinois,US,60527
Sound & Vision Technology Solutions,soundandvision.net,soundandvision.net,,,Consumer Electronics,Burr Ridge,Illinois,US,60527
Novatoo Inc,novatoo.com,novatoo.com,,,Consumer Electronics,Carol Stream,Illinois,US,60188
AVDG,avdg.com,avdg.com,https://www.linkedin.com/company/avdg-gcpro,,Consumer Electronics,Chicago,Illinois,US,60622
AVMaxx,avmaxx.com,avmaxx.com,,,Consumer Electronics,Chicago,Illinois,US,60641
Art's Wired Electronics LLC,telecominstallations.com,telecominstallations.com,,,Consumer Electronics,Chicago,Illinois,US,60641
Artisan Electronics Group,artisantheaterseating.com,artisantheaterseating.com,https://www.linkedin.com/company/artisan-electronics-group,,Consumer Electronics,Chicago,Illinois,US,60654
"Audible Sound Productions, inc",audiblesound.com,audiblesound.com,,,Consumer Electronics,Chicago,Illinois,US,60660
Audio Equipment Rental |Pro Audio & Event Gear Rentals in Chicago | Audioxtrasound,audioxtrasound.com,audioxtrasound.com,,,Consumer Electronics,Chicago,Illinois,US,60630
Audio Visual Systems Inc,audiovisualsystems.com,audiovisualsystems.com,,,Consumer Electronics,Chicago,Illinois,US,60632
Automation Gallery,automationgallery.com,automationgallery.com,,,Consumer Electronics,Chicago,Illinois,US,60611
Chicago TV Installer,chicagotvinstaller.com,chicagotvinstaller.com,,,Consumer Electronics,Chicago,Illinois,US,60626
Chicago TV Mounting,chicagotvmounting.com,chicagotvmounting.com,,,Consumer Electronics,Chicago,Illinois,US,60601
Choice Home Protection,choicehomeprotection.com,choicehomeprotection.com,,,Consumer Electronics,Chicago,Illinois,US,60614
Concert Sound Systems,concertsound.com,concertsound.com,,,Consumer Electronics,Chicago,Illinois,US,60639
Davis Audio & Video,davisaudio.com,davisaudio.com,,,Consumer Electronics,Chicago,Illinois,US,60630
Digital Rendition,digitalrend.com,digitalrend.com,,,Consumer Electronics,Chicago,Illinois,US,60612
Digital Systems & Integration,digitalsystemsav.com,digitalsystemsav.com,https://www.linkedin.com/company/digital-systems-and-integration,,Consumer Electronics,Chicago,Illinois,US,60647
EMT Home Automation,emt-home.com,emt-home.com,,,Consumer Electronics,Chicago,Illinois,US,60607
Excel Technology Integration,excelcustom.com,excelcustom.com,,,Consumer Electronics,Chicago,Illinois,US,60641
"Exclusive Audio & Security, LLC",exclusivegt.com,exclusivegt.com,,,Consumer Electronics,Chicago,Illinois,US,60630
Home Tech Computer Solutions,thehometechs.com,thehometechs.com,https://www.linkedin.com/company/hometech-computer-soliutions,,Consumer Electronics,Chicago,Illinois,US,60626
"Hookup Solutions, Inc.",hookupsolutions.com,hookupsolutions.com,,,Consumer Electronics,Chicago,Illinois,US,60618
LCD Plasma TV Installation Home Theaters Projectors,hdforever.com,hdforever.com,,,Consumer Electronics,Chicago,Illinois,US,60622
LD Audio,ldaudio.com,ldaudio.com,,,Consumer Electronics,Chicago,Illinois,US,60616
Low Voltage Communications,lowvoltagetek.com,lowvoltagetek.com,,,Consumer Electronics,Chicago,Illinois,US,60609
Meeting Tomorrow,meetingtomorrow.com,meetingtomorrow.com,,,Consumer Electronics,Chicago,Illinois,US,60630
Midnight Audio,midnightaudio.co,midnightaudio.co,,,Consumer Electronics,Chicago,Illinois,US,60647
Midwest AV,midwestav.com,midwestav.com,,,Consumer Electronics,Chicago,Illinois,US,60609
Ph.d Electronics Inc.,phdelectronics.com,phdelectronics.com,,,Consumer Electronics,Chicago,Illinois,US,60623
Pineapple Audio,pineappleaudio.com,pineappleaudio.com,https://www.linkedin.com/company/pineappleaudio,,Consumer Electronics,Chicago,Illinois,US,60641
Piston Home Automation,pistonhome.com,pistonhome.com,,,Consumer Electronics,Chicago,Illinois,US,60661
Precision Audio & Video,pavchicago.com,pavchicago.com,,,Consumer Electronics,Chicago,Illinois,US,60640
Premiere Systems,premieresystems.com,premieresystems.com,https://www.linkedin.com/company/premiere-systems,,Consumer Electronics,Chicago,Illinois,US,60618
Pro Musica Audio - Chicago's Premiere Audio Specialists since 1983!,promusicaaudio.com,promusicaaudio.com,,,Consumer Electronics,Chicago,Illinois,US,60614
"Quality Connections Audio & Video Design, LLC",quality-connect.com,quality-connect.com,,,Consumer Electronics,Chicago,Illinois,US,60618
R&R TV MOUNTING,tvmountingus.com,tvmountingus.com,,,Consumer Electronics,Chicago,Illinois,US,60640
ReelTime Media Productions,reeltimemediaproductions.com,reeltimemediaproductions.com,,,Consumer Electronics,Chicago,Illinois,US,60611
Royal Home Entertainment - TV Mounting Chicago,royalhomeentertainment.com,royalhomeentertainment.com,,,Consumer Electronics,Chicago,Illinois,US,60657
SAGR Low Voltage Wiring,prewiringchicago.com,prewiringchicago.com,,,Consumer Electronics,Chicago,Illinois,US,60610
SG Security Camera Installation,elitesecuritycameras.com,elitesecuritycameras.com,,,Consumer Electronics,Chicago,Illinois,US,60654
SMART Home Theater Installation,smarthometheaterchicago.com,smarthometheaterchicago.com,,,Consumer Electronics,Chicago,Illinois,US,60657
Sam's Home Theater Installation Company,hometheaterchicagocompany.com,hometheaterchicagocompany.com,,,Consumer Electronics,Chicago,Illinois,US,60610
Sapient Home,sapienthome.co,sapienthome.co,https://www.linkedin.com/company/sapienthome,,Consumer Electronics,Chicago,Illinois,US,60612
Saturday Audio Exchange,live-saturdayaudio.pantheonsite.io,live-saturdayaudio.pantheonsite.io,,,Consumer Electronics,Chicago,Illinois,US,60657
Showtime Audio,showtimeaudiochicago.com,showtimeaudiochicago.com,,,Consumer Electronics,Chicago,Illinois,US,60630
SilverGate Technology,silvergtech.com,silvergtech.com,,,Consumer Electronics,Chicago,Illinois,US,60613
Sound Investment Chicago,soundinvestmentav.com,soundinvestmentav.com,https://www.linkedin.com/company/sound-investment-a-v,,Consumer Electronics,Chicago,Illinois,US,60642
Sound Specialists Inc,soundspecialists.com,soundspecialists.com,https://www.linkedin.com/company/sound-specialists,,Consumer Electronics,Chicago,Illinois,US,60642
Stereo Rehab,stereorehab.com,stereorehab.com,,,Consumer Electronics,Chicago,Illinois,US,60659
Tech SMART Electronics Solutions,techsmartfla.com,techsmartfla.com,,,Consumer Electronics,Chicago,Illinois,US,60640
Upinstalls TV Mounting Services,upinstalls.com,upinstalls.com,,,Consumer Electronics,Chicago,Illinois,US,60612
WatchIT Security Camera Installation,securitycameraschicagoland.com,securitycameraschicagoland.com,,,Consumer Electronics,Chicago,Illinois,US,60657
"Williams Home Theater Design and Installation-TV Mounting, Audio/Video",williamshtd.wixsite.com,williamshtd.wixsite.com,,,Consumer Electronics,Chicago,Illinois,US,60630
deciBel Audio Inc,decibelaudio.com,decibelaudio.com,,,Consumer Electronics,Chicago,Illinois,US,60622
County Line Audio Video,countylineav.com,countylineav.com,,,Consumer Electronics,Clarendon Hills,Illinois,US,60514
AVSC,avsc.net,avsc.net,,,Consumer Electronics,Columbia,Illinois,US,62236
TGEP LLC,tgep.net,tgep.net,,,Consumer Electronics,Crest Hill,Illinois,US,60403
Liaison Technology Group,liaisontechgroup.com,liaisontechgroup.com,https://www.linkedin.com/company/liaison-technology-group,,Consumer Electronics,Decatur,Illinois,US,62523
AV WORKS,avworks.co,avworks.co,,,Consumer Electronics,Deerfield,Illinois,US,60015
"Digital Acoustics, LLC",digitalacoustics.com,digitalacoustics.com,,,Consumer Electronics,Des Plaines,Illinois,US,60018
"Global Service Technicians, Inc.",gstav.com,gstav.com,,,Consumer Electronics,Des Plaines,Illinois,US,60018
"Goldy Locks, Inc.",goldylocksinc.com,goldylocksinc.com,https://www.linkedin.com/company/goldy-locks-inc,,Consumer Electronics,Downers Grove,Illinois,US,60515
Audio Video Specialists,audiovideospecialists.net,audiovideospecialists.net,https://www.linkedin.com/company/audio-video-specialists-llc,,Consumer Electronics,Elgin,Illinois,US,60124
Encompass Connect,encompassconnect.com,encompassconnect.com,https://www.linkedin.com/company/encompassconnect,,Consumer Electronics,Elk Grove Village,Illinois,US,60007
"Frequency Audio Visual Services, Inc.",frequencyav.com,frequencyav.com,https://www.linkedin.com/company/frequency-audio-chicago,,Consumer Electronics,Elk Grove Village,Illinois,US,60007
Trifecto Audio Video LLC,trifectoavp.com,trifectoavp.com,,,Consumer Electronics,Elk Grove Village,Illinois,US,60007
VIP Home Theaters,viphometheaters.com,viphometheaters.com,,,Consumer Electronics,Elk Grove Village,Illinois,US,60007
Enline Technologies,enlinetech.com,enlinetech.com,https://www.linkedin.com/company/enlinetech,,Consumer Electronics,Elmhurst,Illinois,US,60126
Innovative AV Systems,iavschicago.com,iavschicago.com,,,Consumer Electronics,Elmhurst,Illinois,US,60126
Abt,abt.com,abt.com,,,Consumer Electronics,Glenview,Illinois,US,60025
"Home Systems, Inc.",homesystems4u.com,homesystems4u.com,,,Consumer Electronics,Glenview,Illinois,US,60026
AV Integration Group,avintegrationgroup.com,avintegrationgroup.com,,,Consumer Electronics,Highland Park,Illinois,US,60035
ETS Home Theater Installation & Setup,hometheaterhighlandpark.com,hometheaterhighlandpark.com,,,Consumer Electronics,Highland Park,Illinois,US,60035
Sound-System Home Theater Installation,hometheaterhinsdale.com,hometheaterhinsdale.com,,,Consumer Electronics,Hinsdale,Illinois,US,60521
Abvolt Automation,abvoltautomation.com,abvoltautomation.com,,,Consumer Electronics,Lake Bluff,Illinois,US,60044
"Imagine Media, LLC",imaginemediallc.com,imaginemediallc.com,,,Consumer Electronics,Lake Bluff,Illinois,US,60044
Modern Media Tech,modernmediatech.com,modernmediatech.com,,,Consumer Electronics,Lake Bluff,Illinois,US,60044
Graves Home Sound System Installation,hometheaterlakeforest.com,hometheaterlakeforest.com,,,Consumer Electronics,Lake Forest,Illinois,US,60045
WIRED on Bank Lane,wiredonbanklane.com,wiredonbanklane.com,,,Consumer Electronics,Lake Forest,Illinois,US,60045
Home Sweet Home Theatre,homesweethometheatre.com,homesweethometheatre.com,,,Consumer Electronics,Lake Villa,Illinois,US,60046
GS Home Theater Installation,hometheaterinstallationlakezurich.com,hometheaterinstallationlakezurich.com,,,Consumer Electronics,Lake Zurich,Illinois,US,60047
Smart Home Electric,shelectric.us,shelectric.us,,,Consumer Electronics,Libertyville,Illinois,US,60048
EOC Audio,eocaudio.com,eocaudio.com,,,Consumer Electronics,Lisle,Illinois,US,60532
EOC Secure | Electronic Options Corporation,eocsecure.com,eocsecure.com,,,Consumer Electronics,Lisle,Illinois,US,60532
Vidtech Audio Visual,vidtechav.com,vidtechav.com,,,Consumer Electronics,Lisle,Illinois,US,60532
Barrett's Technology Solutions,barretts.tech,barretts.tech,https://www.linkedin.com/company/221859,,Consumer Electronics,Lombard,Illinois,US,60148
ShowREADY.,showready.co,showready.co,,,Consumer Electronics,Maywood,Illinois,US,60153
Summit Digital,summitdigitalservices.com,summitdigitalservices.com,,,Consumer Electronics,Mokena,Illinois,US,60448
Tech-Sync Solutions,tech-syncsolutions.com,tech-syncsolutions.com,,,Consumer Electronics,Montgomery,Illinois,US,60538
Home Theatre Concepts,4htc.com,4htc.com,,,Consumer Electronics,Morton,Illinois,US,61550
Denali Tech - Home Automation & Custom AV Solutions in Chicago,denalitechs.com,denalitechs.com,https://www.linkedin.com/company/denalitechs,,Consumer Electronics,Mt Prospect,Illinois,US,60056
ECO Automated Designs,ecoautomateddesigns.com,ecoautomateddesigns.com,,,Consumer Electronics,Mundelein,Illinois,US,60060
A-Plus Electric,apluselectrician.net,apluselectrician.net,,,Consumer Electronics,Naperville,Illinois,US,60540
AUDIO VIDEO MAX,audiovideomax.com,audiovideomax.com,,,Consumer Electronics,Naperville,Illinois,US,60564
Aperture Videography LLC,aperturevideography.com,aperturevideography.com,,,Consumer Electronics,Naperville,Illinois,US,60563
Applied Home Pros,appliedhomepros.com,appliedhomepros.com,,,Consumer Electronics,Naperville,Illinois,US,60563
Architectural Audio & Video Inc.,aavinc.com,aavinc.com,,,Consumer Electronics,Naperville,Illinois,US,60563
"Assembly and Repair, Inc",assemblyandrepair.com,assemblyandrepair.com,,,Consumer Electronics,Naperville,Illinois,US,60540
Automatic Control Services,acs.swschmitz.com,acs.swschmitz.com,,,Consumer Electronics,Naperville,Illinois,US,60565
Ben Wiersum Sound Technology,bwst.net,bwst.net,,,Consumer Electronics,Naperville,Illinois,US,60565
Blueram Technology,blueramtech.com,blueramtech.com,,,Consumer Electronics,Naperville,Illinois,US,60563
CodeAutomation,codeautomation.ai,codeautomation.ai,https://www.linkedin.com/company/codeautomationai,,Consumer Electronics,Naperville,Illinois,US,60540
Commercial Technology Services,commercialtechnologyservices.com,commercialtechnologyservices.com,,,Consumer Electronics,Naperville,Illinois,US,60563
DV Productions,dv-productions.com,dv-productions.com,,,Consumer Electronics,Naperville,Illinois,US,60563
Door Systems | ASSA ABLOY,doorsystems.com,doorsystems.com,,,Consumer Electronics,Naperville,Illinois,US,60563
Dream Studio Solutions,dreamstudiosolutions.com,dreamstudiosolutions.com,,,Consumer Electronics,Naperville,Illinois,US,60565
Enorman Security Systems Inc,enormansecurity.com,enormansecurity.com,,,Consumer Electronics,Naperville,Illinois,US,60563
"First Security Systems, Inc",first-sec.com,first-sec.com,https://www.linkedin.com/company/infiplex,,Consumer Electronics,Naperville,Illinois,US,60540
Five-Star Audio Visual,five-starav.com,five-starav.com,https://www.linkedin.com/company/five-staraudiovisual,,Consumer Electronics,Naperville,Illinois,US,60540
Flux Controls,flux-controls.com,flux-controls.com,,,Consumer Electronics,Naperville,Illinois,US,60563
Grand Appliance and Tv,grandappliance.com,grandappliance.com,,,Consumer Electronics,Naperville,Illinois,US,60563
Hang It Up TVs,hangituptvs.com,hangituptvs.com,,,Consumer Electronics,Naperville,Illinois,US,60564
Integrated Technical Solutions (ITS),teamits.com,teamits.com,,,Consumer Electronics,Naperville,Illinois,US,60563
Invi Solutions,invisolutions.net,invisolutions.net,,,Consumer Electronics,Naperville,Illinois,US,60563
JD Electrician,jdelectriciannaperville.com,jdelectriciannaperville.com,,,Consumer Electronics,Naperville,Illinois,US,60565
LLT Group - Chicago Website Design,llt-group.com,llt-group.com,,,Consumer Electronics,Naperville,Illinois,US,60540
Lumi Minds Inc,lumimindsinc.com,lumimindsinc.com,https://www.linkedin.com/company/lumimindsinc,,Consumer Electronics,Naperville,Illinois,US,60540
MY GUYS KNOW HOW,myguysknowhow.com,myguysknowhow.com,https://www.linkedin.com/company/my-guys-know-how,,Consumer Electronics,Naperville,Illinois,US,60564
Meta App Designs,metaappdesigns.com,metaappdesigns.com,,,Consumer Electronics,Naperville,Illinois,US,60540
Motion Detectors Inc D/B/A Naperville Alarm,napervillealarm.com,napervillealarm.com,,,Consumer Electronics,Naperville,Illinois,US,60563
Naperville Community Television (NCTV17),nctv17.org,nctv17.org,,,Consumer Electronics,Naperville,Illinois,US,60540
Oncourse Home Solutions,oncourse.com,oncourse.com,,,Consumer Electronics,Naperville,Illinois,US,60563
PayGen Accounts Receivable Automation Software,newgennow.com,newgennow.com,,,Consumer Electronics,Naperville,Illinois,US,60540
Pentegra Systems LLC,pentegrasystems.com,pentegrasystems.com,,,Consumer Electronics,Naperville,Illinois,US,60563
SRK Systems Inc,srksystems.com,srksystems.com,,,Consumer Electronics,Naperville,Illinois,US,60563
Securitas Technology Corporate Office,securitastechnology.com,securitastechnology.com,,,Consumer Electronics,Naperville,Illinois,US,60563
Select Electrical Services,selectelectricalservices.net,selectelectricalservices.net,,,Consumer Electronics,Naperville,Illinois,US,60565
Smart Deck Solutions Inc,smartdecksol.com,smartdecksol.com,,,Consumer Electronics,Naperville,Illinois,US,60540
Smart Mortgage Centers,smartmortgagecenters.com,smartmortgagecenters.com,,,Consumer Electronics,Naperville,Illinois,US,60564
Smith Audio Video,smithav.com,smithav.com,,,Consumer Electronics,Naperville,Illinois,US,60564
Sonji Johnson Real Estate,sonjijohnson.com,sonjijohnson.com,,,Consumer Electronics,Naperville,Illinois,US,60563
Sound Incorporated,soundinc.com,soundinc.com,,,Consumer Electronics,Naperville,Illinois,US,60563
Soundz Plus,soundzplus.com,soundzplus.com,,,Consumer Electronics,Naperville,Illinois,US,60563
Synergy Systems Inc,synsysinc.com,synsysinc.com,https://www.linkedin.com/company/-synergy-systems-inc,,Consumer Electronics,Naperville,Illinois,US,60540
Umbrella Security Systems,umbrellasecurity.com,umbrellasecurity.com,,,Consumer Electronics,Naperville,Illinois,US,60563
VIP Electrical Services Inc.,vip-electric.com,vip-electric.com,,,Consumer Electronics,Naperville,Illinois,US,60540
ViDazzle Video Productions,vidazzle.com,vidazzle.com,,,Consumer Electronics,Naperville,Illinois,US,60563
Your Naperville Electrician,yournapervilleelectrician.com,yournapervilleelectrician.com,,,Consumer Electronics,Naperville,Illinois,US,60540
Low Voltex Home Theater Installation & Home Automation,lowvoltex.com,lowvoltex.com,,,Consumer Electronics,Niles,Illinois,US,60714
"Avidia Inc. - Home Theater Design, Wi-Fi Installation, Control4 Dealer, Savant Dealer, Crestron Dealer, Lutron Shades",avidiaonline.com,avidiaonline.com,,,Consumer Electronics,Northbrook,Illinois,US,60062
Dijis Technology Solutions,dijis.com,dijis.com,,,Consumer Electronics,Northbrook,Illinois,US,60062
Dynaudio,dynaudio.com,dynaudio.com,,,Consumer Electronics,Northbrook,Illinois,US,60062
SPL,splchicago.com,splchicago.com,,,Consumer Electronics,Northbrook,Illinois,US,60062
U-Smart Home System Theater Installation,usmarthometheater.com,usmarthometheater.com,,,Consumer Electronics,Northbrook,Illinois,US,60062
Video & Sound Service Inc,videosoundinc.com,videosoundinc.com,https://www.linkedin.com/company/video-and-sound-service,,Consumer Electronics,Northlake,Illinois,US,60164
E-Style Home Systems,estylehomesystems.com,estylehomesystems.com,,,Consumer Electronics,Oak Brook,Illinois,US,60523
Digital Living,digliving.com,digliving.com,,,Consumer Electronics,Oak Park,Illinois,US,60302
Voltra Home Sound System Installation,voltrasoundsystem.com,voltrasoundsystem.com,,,Consumer Electronics,Oak Park,Illinois,US,60301
Luxury AV Professionals,luxuryavpros.com,luxuryavpros.com,https://www.linkedin.com/company/luxury-av-professionals-inc,,Consumer Electronics,Oakbrook Terrace,Illinois,US,60181
AI Home Solutions,aihomesolutions.com,aihomesolutions.com,,,Consumer Electronics,Oswego,Illinois,US,60543
Bright AAM,brightaam.com,brightaam.com,,,Consumer Electronics,Palatine,Illinois,US,60074
Digital Home Technologies,adigitalhome.com,adigitalhome.com,,,Consumer Electronics,Palatine,Illinois,US,60067
Hunter Home Automation,hunterhomeautomation.com,hunterhomeautomation.com,,,Consumer Electronics,Palatine,Illinois,US,60074
LuxeHome Theater,luxehometheater.com,luxehometheater.com,,,Consumer Electronics,Plainfield,Illinois,US,60585
Media House Audio and Video Solution,mediahouseavsolution.com,mediahouseavsolution.com,,,Consumer Electronics,Plainfield,Illinois,US,60585
Remote Audio/Video/Lighting,remote-av.com,remote-av.com,,,Consumer Electronics,Plainfield,Illinois,US,60585
Sound Design Inc.,sounddesigninc.com,sounddesigninc.com,https://www.linkedin.com/company/soundesign-inc,,Consumer Electronics,Plainfield,Illinois,US,60585
TechPoint1 Inc,techpoint1.com,techpoint1.com,,,Consumer Electronics,Plainfield,Illinois,US,60585
Illinois Audio Productions,ilaudio.com,ilaudio.com,,,Consumer Electronics,Plano,Illinois,US,60545
Ultra Smart Home,ultrasmarthome.com,ultrasmarthome.com,https://www.linkedin.com/company/ultra-smarthome-inc.,,Consumer Electronics,Prospect Heights,Illinois,US,60070
"Custom Residential Systems, Inc",customresidential.com,customresidential.com,https://www.linkedin.com/company/custom-residential-systems-inc-,,Consumer Electronics,Rolling Meadows,Illinois,US,60008
Qorvantis,qorvantis.com,qorvantis.com,https://www.linkedin.com/company/qorvantis,,Consumer Electronics,Rosemont,Illinois,US,60018
Chicago AV Rentals,achicagoavrentals.com,achicagoavrentals.com,,,Consumer Electronics,Schaumburg,Illinois,US,60193
Audio Visual One LLC,audiovisualone.com,audiovisualone.com,,,Consumer Electronics,Schiller Park,Illinois,US,60176
Mills Technologies,mills-technologies.com,mills-technologies.com,https://www.linkedin.com/company/millstechnologies,,Consumer Electronics,Skokie,Illinois,US,60076
Mediatech Intelligent Home Systems,mediatechliving.com,mediatechliving.com,,,Consumer Electronics,St. Charles,Illinois,US,60174
Barcom Security,barcomsecurity.com,barcomsecurity.com,,,Consumer Electronics,Swansea,Illinois,US,62226
That 1 Audio Guy,that1audioguy.com,that1audioguy.com,,,Consumer Electronics,Villa Park,Illinois,US,60181
"Applied Controls, LLC",acichicago.com,acichicago.com,,,Consumer Electronics,Warrenville,Illinois,US,60555
Integrity Home Watch,integrityhomewatchil.com,integrityhomewatchil.com,,,Consumer Electronics,Warrenville,Illinois,US,60555
Chicago Audio & Video Design,chicagoav.net,chicagoav.net,,,Consumer Electronics,Wauconda,Illinois,US,60084
Great Lakes Audio & Video Inc,greatlakesaudiovideo.com,greatlakesaudiovideo.com,,,Consumer Electronics,Wheeling,Illinois,US,60090
Chicago Sound Audio and Video,chicagosoundaudioandvideo.com,chicagosoundaudioandvideo.com,,,Consumer Electronics,Willowbrook,Illinois,US,60527
"Wave Home Technologies, Inc.",waveht.com,waveht.com,,,Consumer Electronics,Winfield,Illinois,US,60190
LV Home Theater Installation,hometheaterwinnetka.com,hometheaterwinnetka.com,,,Consumer Electronics,Winnetka,Illinois,US,60093
Corsiga Audio-Visual Service,corsigaav.com,corsigaav.com,https://www.linkedin.com/company/corsiga-audio-visual-service,,Consumer Electronics,Woodridge,Illinois,US,60517
Holm Audio,holmaudio.com,holmaudio.com,,,Consumer Electronics,Woodridge,Illinois,US,60517
Abbott's Audio Visual Design Install,avdiusa.com,avdiusa.com,,,Consumer Electronics,Auburn,Indiana,US,46706
Intense Fire & Burglar Alarms,intensealarms.com,intensealarms.com,https://www.linkedin.com/company/intensealarms,,Consumer Electronics,Brownsburg,Indiana,US,46112
Castlewall Security & Video,castlewallsecurity.com,castlewallsecurity.com,,,Consumer Electronics,Carmel,Indiana,US,46032
Conzer Security Inc.,conzer.com,conzer.com,,,Consumer Electronics,Carmel,Indiana,US,46032
Ovation Audio Video,ovationav.com,ovationav.com,https://www.linkedin.com/company/477613,,Consumer Electronics,Carmel,Indiana,US,46032
Robison Digital Solutions,rdsindy.com,rdsindy.com,,,Consumer Electronics,Carmel,Indiana,US,46033
"Smart Life, llc",smartlifellc.com,smartlifellc.com,,,Consumer Electronics,Carmel,Indiana,US,46032
The Premier Group - Luxury Electronic Lifestyles,premier-group.com,premier-group.com,https://www.linkedin.com/company/the-premier-group_2,,Consumer Electronics,Carmel,Indiana,US,46032
Maxim Automation Inc.,maximautomation.com,maximautomation.com,,,Consumer Electronics,Danville,Indiana,US,46122
DTW Smart Homes & Networking,dtwsmarthomes.com,dtwsmarthomes.com,https://www.linkedin.com/company/wix-com,,Consumer Electronics,De Motte,Indiana,US,46310
Innovative Concepts Audio,icav.us,icav.us,,,Consumer Electronics,Decatur,Indiana,US,46733
Digital Sight & Sound,dssindy.com,dssindy.com,,,Consumer Electronics,Fishers,Indiana,US,46038
Matrix Custom AV & Automation,matrixcustomav.com,matrixcustomav.com,,,Consumer Electronics,Fishers,Indiana,US,46037
Seven Points Technology Integrators,sevenpointstg.com,sevenpointstg.com,,,Consumer Electronics,Fishers,Indiana,US,46038
Ultimate Technologies Group,ultimatetechnologiesgroup.com,ultimatetechnologiesgroup.com,,,Consumer Electronics,Fishers,Indiana,US,46038
A.D. Does It All LLC,ad-doesitall.com,ad-doesitall.com,,,Consumer Electronics,Fort Wayne,Indiana,US,46808
ABC Warehouse,abcwarehouse.com,abcwarehouse.com,https://www.linkedin.com/company/abc-warehouse,,Consumer Electronics,Fort Wayne,Indiana,US,46805
AVI Event Services LLC,teamavi.com,teamavi.com,,,Consumer Electronics,Fort Wayne,Indiana,US,46808
Accent Consulting,accentconsulting.com,accentconsulting.com,https://www.linkedin.com/company/accent-consulting-services,,Consumer Electronics,Fort Wayne,Indiana,US,46845
AdapTek Systems,adapteksystems.com,adapteksystems.com,,,Consumer Electronics,Fort Wayne,Indiana,US,46818
Advanced Media Integration LLC,amifw.com,amifw.com,,,Consumer Electronics,Fort Wayne,Indiana,US,46803
Advanced Systems Group,advsysgrp.com,advsysgrp.com,,,Consumer Electronics,Fort Wayne,Indiana,US,46825
All-Phase Electric Supply,allphaseftwayne.portalced.com,allphaseftwayne.portalced.com,,,Consumer Electronics,Fort Wayne,Indiana,US,46825
Alpha IT Solutions,alphaitfw.com,alphaitfw.com,,,Consumer Electronics,Fort Wayne,Indiana,US,46825
Applied Technology Group,atgfw.com,atgfw.com,https://www.linkedin.com/company/3064845,,Consumer Electronics,Fort Wayne,Indiana,US,46818
Arena Theatre Inc,arenadinnertheatre.org,arenadinnertheatre.org,,,Consumer Electronics,Fort Wayne,Indiana,US,46802
Atom Integration,atomintegration.com,atomintegration.com,,,Consumer Electronics,Fort Wayne,Indiana,US,46804
Audio Video Lifestyles,avlifestyles.com,avlifestyles.com,https://www.linkedin.com/company/3596395,,Consumer Electronics,Fort Wayne,Indiana,US,46804
Avid IT Solutions LLC,aviditsolutions.com,aviditsolutions.com,,,Consumer Electronics,Fort Wayne,Indiana,US,46805
Building Temperature Solutions,buildingtemperaturesolutions.com,buildingtemperaturesolutions.com,,,Consumer Electronics,Fort Wayne,Indiana,US,46809
CIM Audio Visual,cimav.com,cimav.com,,,Consumer Electronics,Fort Wayne,Indiana,US,46804
Cinema Center,cinemacenter.org,cinemacenter.org,,,Consumer Electronics,Fort Wayne,Indiana,US,46802
Classic Stereo,classicstereo.tv,classicstereo.tv,,,Consumer Electronics,Fort Wayne,Indiana,US,46805
Complete Controls Inc.,completecontrolsinc.com,completecontrolsinc.com,,,Consumer Electronics,Fort Wayne,Indiana,US,46818
Connolly's Do it Best Hardware & Rental,doitbest.com,doitbest.com,,,Consumer Electronics,Fort Wayne,Indiana,US,46814
"Cregger Company, Inc.",creggercompany.com,creggercompany.com,https://www.linkedin.com/company/cregger-company-inc.,,Consumer Electronics,Fort Wayne,Indiana,US,46825
DWD Technology Group,dwdtechgroup.com,dwdtechgroup.com,,,Consumer Electronics,Fort Wayne,Indiana,US,46825
Digital Mind Studio NO WALK INS,digitalmindaudiomast.wixsite.com,digitalmindaudiomast.wixsite.com,,,Consumer Electronics,Fort Wayne,Indiana,US,46806
Doctor Audio,doctoraudio.com,doctoraudio.com,,,Consumer Electronics,Fort Wayne,Indiana,US,46806
Electric Works,fortwayneelectricworks.com,fortwayneelectricworks.com,https://www.linkedin.com/company/fort-wayne-electric-works,,Consumer Electronics,Fort Wayne,Indiana,US,46802
Elite Home Assembly,elitehomeassembly.com,elitehomeassembly.com,,,Consumer Electronics,Fort Wayne,Indiana,US,46845
Embassy Theatre,fwembassytheatre.org,fwembassytheatre.org,,,Consumer Electronics,Fort Wayne,Indiana,US,46802
FDC Event Technology,fdcav.com,fdcav.com,https://www.linkedin.com/company/fdcav,,Consumer Electronics,Fort Wayne,Indiana,US,46808
Fort Wayne Civic Theatre,fwcivic.org,fwcivic.org,,,Consumer Electronics,Fort Wayne,Indiana,US,46802
Fort Wayne Game Show,fortwaynegameshow.com,fortwaynegameshow.com,,,Consumer Electronics,Fort Wayne,Indiana,US,46802
Forward Creative,forwardcreative.tv,forwardcreative.tv,,,Consumer Electronics,Fort Wayne,Indiana,US,46805
"Freedom Technologies Group, LLC",ftgimaging.com,ftgimaging.com,,,Consumer Electronics,Fort Wayne,Indiana,US,46818
GT Automation Group,gtautomation.com,gtautomation.com,,,Consumer Electronics,Fort Wayne,Indiana,US,46809
Hi-Tech Electric Company,hi-techelectric.net,hi-techelectric.net,,,Consumer Electronics,Fort Wayne,Indiana,US,46808
High Speed Fiber 5G,frontier.com,frontier.com,,,Consumer Electronics,Fort Wayne,Indiana,US,46825
Home Electric,homeelectric.online,homeelectric.online,,,Consumer Electronics,Fort Wayne,Indiana,US,46803
Home Reserve,homereserve.com,homereserve.com,,,Consumer Electronics,Fort Wayne,Indiana,US,46808
Hopscotch House,hopscotchhousefw.com,hopscotchhousefw.com,,,Consumer Electronics,Fort Wayne,Indiana,US,46802
Innovative Control Systems Llc,innovativecontrolsys.com,innovativecontrolsys.com,,,Consumer Electronics,Fort Wayne,Indiana,US,46825
JJ Smith Audio,jjsmithaudio.com,jjsmithaudio.com,,,Consumer Electronics,Fort Wayne,Indiana,US,46815
L-A Electric & Premier Communications,l-aelectric.com,l-aelectric.com,,,Consumer Electronics,Fort Wayne,Indiana,US,46825
Miracle Contracting Inc.,miraclecontracting.net,miraclecontracting.net,,,Consumer Electronics,Fort Wayne,Indiana,US,46805
Professional Systems Installations,psiofficedesign.com,psiofficedesign.com,,,Consumer Electronics,Fort Wayne,Indiana,US,46809
Q-SYS,qsc.com,qsc.com,,,Consumer Electronics,Fort Wayne,Indiana,US,46802
Redfli Electronics,redfli.com,redfli.com,,,Consumer Electronics,Fort Wayne,Indiana,US,46815
Regal Coldwater Crossing,regmovies.com,regmovies.com,,,Consumer Electronics,Fort Wayne,Indiana,US,46825
Remodel Fort Wayne,remodelfortwayne.com,remodelfortwayne.com,,,Consumer Electronics,Fort Wayne,Indiana,US,46802
Secure24 Alarm Systems,securehomefortwayne.com,securehomefortwayne.com,,,Consumer Electronics,Fort Wayne,Indiana,US,46815
September Audio,septaudio.com,septaudio.com,,,Consumer Electronics,Fort Wayne,Indiana,US,46807
Shaffer Multimedia,shaffermultimedia.com,shaffermultimedia.com,,,Consumer Electronics,Fort Wayne,Indiana,US,46835
"Shambaugh & Son, L.P.",shambaugh.com,shambaugh.com,,,Consumer Electronics,Fort Wayne,Indiana,US,46825
Simplx Security LLC,simplxsecurity.com,simplxsecurity.com,,,Consumer Electronics,Fort Wayne,Indiana,US,46825
Smart Building & Design,smartbld.com,smartbld.com,,,Consumer Electronics,Fort Wayne,Indiana,US,46802
Sonitrol of Fort Wayne IN,sonitrol.com,sonitrol.com,,,Consumer Electronics,Fort Wayne,Indiana,US,46805
Speaker World Inc,speaker-world.net,speaker-world.net,,,Consumer Electronics,Fort Wayne,Indiana,US,46807
Sweet Dreams Music,sweetdreamsmusic.com,sweetdreamsmusic.com,,,Consumer Electronics,Fort Wayne,Indiana,US,46805
Sweet Dreams Solutions,sweetdreams.us,sweetdreams.us,,,Consumer Electronics,Fort Wayne,Indiana,US,46805
Sweetwater,sweetwater.com,sweetwater.com,,,Consumer Electronics,Fort Wayne,Indiana,US,46818
Sweetwater Integration,sweetwaterintegration.com,sweetwaterintegration.com,,,Consumer Electronics,Fort Wayne,Indiana,US,46802
TN Solutions LLC,tn-solutions.net,tn-solutions.net,,,Consumer Electronics,Fort Wayne,Indiana,US,46818
Tec-Hackett Inc,tec-hackett.com,tec-hackett.com,,,Consumer Electronics,Fort Wayne,Indiana,US,46808
"TechSolutions, Corporation",tsolcorp.com,tsolcorp.com,,,Consumer Electronics,Fort Wayne,Indiana,US,46804
The Speaker Workshop,recone.com,recone.com,,,Consumer Electronics,Fort Wayne,Indiana,US,46808
Total Control Systems,tcsmeters.com,tcsmeters.com,,,Consumer Electronics,Fort Wayne,Indiana,US,46808
True Glow Lighting,trueglowlighting.com,trueglowlighting.com,,,Consumer Electronics,Fort Wayne,Indiana,US,46825
Upper Valley Film Co.,up-vl.com,up-vl.com,https://www.linkedin.com/company/upper-valley-film-co,,Consumer Electronics,Fort Wayne,Indiana,US,46802
WANE 15,wane.com,wane.com,,,Consumer Electronics,Fort Wayne,Indiana,US,46808
WELCOME BACK RECORDS,welcomebackrecords.com,welcomebackrecords.com,,,Consumer Electronics,Fort Wayne,Indiana,US,46802
Williams Electronics - Security & Communication,williamselectronics.com,williamselectronics.com,,,Consumer Electronics,Fort Wayne,Indiana,US,46808
Safe and Sound Inc. (formerly Audio Video Integrations),a-v-pros.com,a-v-pros.com,,,Consumer Electronics,Frankfort,Indiana,US,46041
Force Tech,force.tech,force.tech,,,Consumer Electronics,Greenfield,Indiana,US,46140
Catalist Technology & Security,catalisttechnology.com,catalisttechnology.com,,,Consumer Electronics,Greenwood,Indiana,US,46143
Galaxy Home Theater,galaxyhometheater.com,galaxyhometheater.com,,,Consumer Electronics,Greenwood,Indiana,US,46142
Mia's Home Security & Automation,miassecurity.com,miassecurity.com,,,Consumer Electronics,Greenwood,Indiana,US,46142
Chicagoland Home Theatre Inc,chicagolandht.com,chicagolandht.com,https://www.linkedin.com/company/chicagolandht,,Consumer Electronics,Hammond,Indiana,US,46324
A-V-A Productions,avavideoproductions.com,avavideoproductions.com,,,Consumer Electronics,Indianapolis,Indiana,US,46220
AV Designers and Technology,avdesigners.com,avdesigners.com,,,Consumer Electronics,Indianapolis,Indiana,US,46226
Allied Automation Inc,allied-automation.com,allied-automation.com,https://www.linkedin.com/company/2304804,,Consumer Electronics,Indianapolis,Indiana,US,46220
American Sound,americansound.cc,americansound.cc,,,Consumer Electronics,Indianapolis,Indiana,US,46278
Audio Electronics,audioelectronicsindy.com,audioelectronicsindy.com,,,Consumer Electronics,Indianapolis,Indiana,US,46220
Audio Solutions,theaudiosolutions.com,theaudiosolutions.com,,,Consumer Electronics,Indianapolis,Indiana,US,46220
Audio Vision,audiovisionindy.com,audiovisionindy.com,,,Consumer Electronics,Indianapolis,Indiana,US,46219
CAM Security Surveillance LLC,camsecuritysurveillance.com,camsecuritysurveillance.com,,,Consumer Electronics,Indianapolis,Indiana,US,46239
Cinos Inc,cinos.net,cinos.net,,,Consumer Electronics,Indianapolis,Indiana,US,46204
Circle City Security Systems Inc.,circlecityalarm.com,circlecityalarm.com,,,Consumer Electronics,Indianapolis,Indiana,US,46220
Design 27,design27.com,design27.com,https://www.linkedin.com/company/2569957,,Consumer Electronics,Indianapolis,Indiana,US,46205
Digital Home Design,digitalhomeindy.com,digitalhomeindy.com,,,Consumer Electronics,Indianapolis,Indiana,US,46240
EDGE Media Studios,edgemedia.studio,edgemedia.studio,,,Consumer Electronics,Indianapolis,Indiana,US,46202
EVANS AUDIO-VISUAL,evansav.com,evansav.com,,,Consumer Electronics,Indianapolis,Indiana,US,46203
"Fairchild Communication Systems, Inc.",fairchildcommunications.com,fairchildcommunications.com,https://www.linkedin.com/company/fairchild-communication-systems,,Consumer Electronics,Indianapolis,Indiana,US,46226
Finch Automation Inc,finchautomation.com,finchautomation.com,,,Consumer Electronics,Indianapolis,Indiana,US,46268
Hoosier Security,hoosiersecurity.com,hoosiersecurity.com,,,Consumer Electronics,Indianapolis,Indiana,US,46256
ISE Controls,isecontrols.com,isecontrols.com,,,Consumer Electronics,Indianapolis,Indiana,US,46220
Indiana Alarm,in-alarm.com,in-alarm.com,,,Consumer Electronics,Indianapolis,Indiana,US,46268
"Indy Audio Labs, LLC",indyaudiolabs.com,indyaudiolabs.com,,,Consumer Electronics,Indianapolis,Indiana,US,46268
Indy Smart House,indysmarthouse.com,indysmarthouse.com,,,Consumer Electronics,Indianapolis,Indiana,US,46202
Lee Infinite Solutions | Structured Cabling Indianapolis,leecomp.net,leecomp.net,,,Consumer Electronics,Indianapolis,Indiana,US,46235
Light Source of Indiana Inc,lightsourceindiana.com,lightsourceindiana.com,,,Consumer Electronics,Indianapolis,Indiana,US,46256
"MIS Solutions, LLC",mis.tech,mis.tech,https://www.linkedin.com/company/mis-solutions-llc-ohio-,,Consumer Electronics,Indianapolis,Indiana,US,46227
Mechanical Electrical Systems Inc.,variablefrequencydrive.com,variablefrequencydrive.com,,,Consumer Electronics,Indianapolis,Indiana,US,46256
Nelson Alarm Indianapolis,nelsonalarm.com,nelsonalarm.com,,,Consumer Electronics,Indianapolis,Indiana,US,46220
Noble Home Professionals,thenoblehomepros.com,thenoblehomepros.com,,,Consumer Electronics,Indianapolis,Indiana,US,46228
Onit home security solutions,onithomeservice.com,onithomeservice.com,,,Consumer Electronics,Indianapolis,Indiana,US,46204
"Outbound Technologies Indiana, Inc.",outboundtech.com,outboundtech.com,https://www.linkedin.com/company/actemiumusa,,Consumer Electronics,Indianapolis,Indiana,US,46278
Premium Audio Co.,pacaudio.cn,pacaudio.cn,,,Consumer Electronics,Indianapolis,Indiana,US,46268
Pro Security And Automation,prosecurityandautomation.com,prosecurityandautomation.com,,,Consumer Electronics,Indianapolis,Indiana,US,46250
ProTECHt Home Security,protechthome.com,protechthome.com,,,Consumer Electronics,Indianapolis,Indiana,US,46256
Security Automation Systems,securityautomationsystems.com,securityautomationsystems.com,https://www.linkedin.com/company/security-automation-systems-inc,,Consumer Electronics,Indianapolis,Indiana,US,46256
Security Force,securityforcenow.com,securityforcenow.com,https://www.linkedin.com/company/securityforce,,Consumer Electronics,Indianapolis,Indiana,US,46239
Selective Systems Inc.,selectivesystemsinc.net,selectivesystemsinc.net,,,Consumer Electronics,Indianapolis,Indiana,US,46227
Shoemaker Motion Picture Co,shoemakerav.com,shoemakerav.com,,,Consumer Electronics,Indianapolis,Indiana,US,46278
Smart Home Solutions by Airtron,smarthomesolutions.airtron.com,smarthomesolutions.airtron.com,,,Consumer Electronics,Indianapolis,Indiana,US,46239
THG Automation,thgautomation.com,thgautomation.com,,,Consumer Electronics,Indianapolis,Indiana,US,46205
Technology Interiors,technologyinteriors.com,technologyinteriors.com,https://www.linkedin.com/company/technology-interiors,,Consumer Electronics,Indianapolis,Indiana,US,46250
Tri Tech Automation,tritechamerica.com,tritechamerica.com,https://www.linkedin.com/company/tri-tech-automation,,Consumer Electronics,Indianapolis,Indiana,US,46268
Turnkey Instrument Solutions,turnkeyinstrumentsolutions.com,turnkeyinstrumentsolutions.com,https://www.linkedin.com/company/allied-instrumentation-1,,Consumer Electronics,Indianapolis,Indiana,US,46202
United Sound and Vision LLC.,unitedsoundvision.com,unitedsoundvision.com,,,Consumer Electronics,Indianapolis,Indiana,US,46218
Vanguard Media and Entertainment,vanguardmedia.tv,vanguardmedia.tv,,,Consumer Electronics,Indianapolis,Indiana,US,46278
Zaahi Studios : Video Production Company,zaahistudios.com,zaahistudios.com,,,Consumer Electronics,Indianapolis,Indiana,US,46218
Acoustical Audio Designs,acousticalaudio.com,acousticalaudio.com,,,Consumer Electronics,Jeff,Indiana,US,47130
Hawkeye Security and Electronics,hawkeyesecurity.us,hawkeyesecurity.us,,,Consumer Electronics,Jeff,Indiana,US,47130
SystemMax AVL,systemmaxavl.com,systemmaxavl.com,,,Consumer Electronics,Jeff,Indiana,US,47130
CSD Group LLC,csdus.com,csdus.com,,,Consumer Electronics,New Haven,Indiana,US,46774
ClearVision AV,clearvision-av.com,clearvision-av.com,https://www.linkedin.com/company/clearvision-av,,Consumer Electronics,Noblesville,Indiana,US,46060
Noble Audio & Video,noble-av.com,noble-av.com,,,Consumer Electronics,Noblesville,Indiana,US,46062
Smart Home Support LLC,smarthomesupportllc.com,smarthomesupportllc.com,,,Consumer Electronics,Pittsboro,Indiana,US,46167
NexGen Digital Solutions,nexgendigital.solutions,nexgendigital.solutions,,,Consumer Electronics,Plymouth,Indiana,US,46563
ECHO Technologies,echotechnologiesav.com,echotechnologiesav.com,,,Consumer Electronics,Spencerville,Indiana,US,46788
Lifestyle Integrations Inc,lifestyleintegrations.com,lifestyleintegrations.com,,,Consumer Electronics,Westfield,Indiana,US,46074
Millennium Sounds,millenniumsounds.com,millenniumsounds.com,https://www.linkedin.com/company/millennium-sounds-inc,,Consumer Electronics,Westfield,Indiana,US,46074
One-Touch Automation,one-touchautomation.com,one-touchautomation.com,,,Consumer Electronics,Westfield,Indiana,US,46074
SYNC Technology Integration,syncti.com,syncti.com,,,Consumer Electronics,Westfield,Indiana,US,46074
Indiana Audio Video,indianaaudiovideo.com,indianaaudiovideo.com,,,Consumer Electronics,Zionsville,Indiana,US,46077
Intelligent Living Solutions,intelligentlivingindy.com,intelligentlivingindy.com,https://www.linkedin.com/company/64634801,,Consumer Electronics,Zionsville,Indiana,US,46077
TRIPhase Technologies,triphase-tech.com,triphase-tech.com,https://www.linkedin.com/company/1550193,,Consumer Electronics,Zionsville,Indiana,US,46077
Sound Advice Home Theater Company,soundadvicehtc.com,soundadvicehtc.com,,,Consumer Electronics,Buhler,Kansas,US,67522
5by5,5by5ks.com,5by5ks.com,,,Consumer Electronics,Derby,Kansas,US,67037
Lights On Kansas City Inc,lightson.com,lightson.com,,,Consumer Electronics,Kansas City,Kansas,US,66106
Network Solutions,networksolutionsks.com,networksolutionsks.com,,,Consumer Electronics,Kansas City,Kansas,US,66103
TW Automation,tw-automation.com,tw-automation.com,https://www.linkedin.com/company/tw-automation,,Consumer Electronics,Kansas City,Kansas,US,66106
Will Will Do It | TV Mounting & Home Installation Kansas City,willwilldoit.com,willwilldoit.com,,,Consumer Electronics,Kansas City,Kansas,US,66106
AVDOXA AVL Design Experience Group,avdoxa.com,avdoxa.com,https://www.linkedin.com/company/avdoxa,,Consumer Electronics,Lenexa,Kansas,US,66214
Atronic Alarms,atronicalarms.com,atronicalarms.com,https://www.linkedin.com/company/atronic-alarms-inc.,,Consumer Electronics,Lenexa,Kansas,US,66214
Fits Security and Technology Solutions,fitssecurity.com,fitssecurity.com,https://www.linkedin.com/company/fits-security-gate,,Consumer Electronics,Lenexa,Kansas,US,66219
Mission Electronics Inc,missionelectronics.com,missionelectronics.com,,,Consumer Electronics,Lenexa,Kansas,US,66214
Modern Power & Control,modernpac.com,modernpac.com,,,Consumer Electronics,Lenexa,Kansas,US,66215
Professional Video Supply Inc,professionalvideosupply.com,professionalvideosupply.com,,,Consumer Electronics,Lenexa,Kansas,US,66215
Smart Pro Technologies,smartprokc.com,smartprokc.com,,,Consumer Electronics,Lenexa,Kansas,US,66219
Smart Squad Security,mysmartsquad.com,mysmartsquad.com,,,Consumer Electronics,Lenexa,Kansas,US,66215
Teague Security,teaguesecurity.com,teaguesecurity.com,,,Consumer Electronics,Lenexa,Kansas,US,66215
Teague iCtrl,teagueictrl.com,teagueictrl.com,https://www.linkedin.com/company/teagueictrl,,Consumer Electronics,Lenexa,Kansas,US,66215
Audio Rent KC,audiorentkc.com,audiorentkc.com,,,Consumer Electronics,Mission,Kansas,US,66202
"MVP Air Conditioning, Heating, Plumbing & Electric",themvpkc.com,themvpkc.com,,,Consumer Electronics,Mission,Kansas,US,66202
Ascend Audio Video,ascendav.net,ascendav.net,,,Consumer Electronics,Olathe,Kansas,US,66062
"DSS, INC",dsskc.com,dsskc.com,,,Consumer Electronics,Olathe,Kansas,US,66061
Easy Audio Rental & Video Walls,easyaudiorental.com,easyaudiorental.com,,,Consumer Electronics,Olathe,Kansas,US,66062
Longwire,longwirekc.com,longwirekc.com,,,Consumer Electronics,Olathe,Kansas,US,66061
ProVolume Inc.,provolumeinc.com,provolumeinc.com,,,Consumer Electronics,Olathe,Kansas,US,66061
Elevated Electronics,elevatedelectronics.com,elevatedelectronics.com,,,Consumer Electronics,Overland Park,Kansas,US,66212
Elite Automation,eliteautomate.com,eliteautomate.com,https://www.linkedin.com/company/eliteautomate,,Consumer Electronics,Overland Park,Kansas,US,66212
IntegrateIT LLC,integrateit.tech,integrateit.tech,https://www.linkedin.com/company/integrateit1,,Consumer Electronics,Overland Park,Kansas,US,66223
Kinkade,kinkadehome.com,kinkadehome.com,https://www.linkedin.com/company/kinkadehometheater,,Consumer Electronics,Overland Park,Kansas,US,66214
Naturally Wired,naturallywiredkc.com,naturallywiredkc.com,https://www.linkedin.com/company/naturallywired,,Consumer Electronics,Overland Park,Kansas,US,66085
"Real Media & Video Production Company, Kansas City",realmediakc.com,realmediakc.com,https://www.linkedin.com/company/real-media-llc,,Consumer Electronics,Overland Park,Kansas,US,66214
Shield Security Systems,shieldkansascity.com,shieldkansascity.com,,,Consumer Electronics,Overland Park,Kansas,US,66212
Simplicity KC,simplicitykc.com,simplicitykc.com,,,Consumer Electronics,Overland Park,Kansas,US,66213
Wilson Lighting - Overland Park,wilsonlighting.com,wilsonlighting.com,,,Consumer Electronics,Overland Park,Kansas,US,66212
Homedia Solutions,homediasolutions.com,homediasolutions.com,https://www.linkedin.com/company/homedia-solutions,,Consumer Electronics,Shawnee,Kansas,US,66218
MAVi,mavi-systems.com,mavi-systems.com,,,Consumer Electronics,Shawnee,Kansas,US,66227
Applause Custom Sight & Sound,applausetheater.com,applausetheater.com,https://www.linkedin.com/company/applause-custom-sight-&-sound,,Consumer Electronics,Stilwell,Kansas,US,66085
316 CUSTOMS,316customs.com,316customs.com,,,Consumer Electronics,Wichita,Kansas,US,67212
Accent Lighting Inc.,accentlightinginc.com,accentlightinginc.com,,,Consumer Electronics,Wichita,Kansas,US,67206
Adams Brown Technology Specialists,adamsbrowntech.com,adamsbrowntech.com,https://www.linkedin.com/company/adams-brown-technology-specialists,,Consumer Electronics,Wichita,Kansas,US,67209
Advanced Tech Services,smartboxpros.com,smartboxpros.com,,,Consumer Electronics,Wichita,Kansas,US,67206
Audio Video Innovations,aviks.com,aviks.com,,,Consumer Electronics,Wichita,Kansas,US,67205
"Automation-Plus, Inc.",automationplus.net,automationplus.net,,,Consumer Electronics,Wichita,Kansas,US,67213
Custom Integration Specialists,cis316.com,cis316.com,,,Consumer Electronics,Wichita,Kansas,US,67203
ECC,eccoinc.com,eccoinc.com,https://www.linkedin.com/company/ecc-integrator,,Consumer Electronics,Wichita,Kansas,US,67207
Edison Lighting Supply & Distribution LLC,edisonlightingsupply.com,edisonlightingsupply.com,,,Consumer Electronics,Wichita,Kansas,US,67213
Elec-Tron,northparkgroup.com,northparkgroup.com,,,Consumer Electronics,Wichita,Kansas,US,67216
Enegren Security,enegrensecurity.com,enegrensecurity.com,,,Consumer Electronics,Wichita,Kansas,US,67215
FE MORAN SECURITY SOLUTIONS,femoransecurity.com,femoransecurity.com,,,Consumer Electronics,Wichita,Kansas,US,67226
Famhost,famhost.com,famhost.com,,,Consumer Electronics,Wichita,Kansas,US,67202
Graf Electric,grafelectric.com,grafelectric.com,,,Consumer Electronics,Wichita,Kansas,US,67210
Hephner TV & Electronics Inc,hephnertv.com,hephnertv.com,,,Consumer Electronics,Wichita,Kansas,US,67211
Home Accessibility Solutions,homeaccessibilitysolutions.com,homeaccessibilitysolutions.com,,,Consumer Electronics,Wichita,Kansas,US,67203
ICT Home Pros,icthomepros.com,icthomepros.com,,,Consumer Electronics,Wichita,Kansas,US,67213
Integra Technologies,integra-tech.com,integra-tech.com,https://www.linkedin.com/company/integratechinc,,Consumer Electronics,Wichita,Kansas,US,67226
Integrated Solutions Inc,ehssolutions.com,ehssolutions.com,,,Consumer Electronics,Wichita,Kansas,US,67211
Integris,integrisit.com,integrisit.com,,,Consumer Electronics,Wichita,Kansas,US,67202
Kansas Lighting - (East),kansaslighting.com,kansaslighting.com,,,Consumer Electronics,Wichita,Kansas,US,67208
Locke Supply Co - #130 - Plumbing Supply,lockesupply.com,lockesupply.com,https://www.linkedin.com/company/locke-supply-co,,Consumer Electronics,Wichita,Kansas,US,67213
"Maximum Multimedia, LLC",mmwichita.com,mmwichita.com,,,Consumer Electronics,Wichita,Kansas,US,67230
McClelland Inc,macsound.com,macsound.com,https://www.linkedin.com/company/mcclelland-sound-inc.,,Consumer Electronics,Wichita,Kansas,US,67214
Midwest Intense Audio,midwestintenseaudio.com,midwestintenseaudio.com,,,Consumer Electronics,Wichita,Kansas,US,67213
Relevant Audio + Visual,relevantaudiovisual.com,relevantaudiovisual.com,https://www.linkedin.com/company/relevant-audio-visual,,Consumer Electronics,Wichita,Kansas,US,67212
Senior Protection USA | formerly HTS,seniorprotection.us,seniorprotection.us,https://www.linkedin.com/company/senior-protection,,Consumer Electronics,Wichita,Kansas,US,67209
Sharp Homes,sharphomesks.com,sharphomesks.com,,,Consumer Electronics,Wichita,Kansas,US,67205
Smart Security Inc,ssi-security.com,ssi-security.com,,,Consumer Electronics,Wichita,Kansas,US,67205
Smart Start Ignition Interlock,smartstartinc.com,smartstartinc.com,https://www.linkedin.com/company/smart-start-inc-,,Consumer Electronics,Wichita,Kansas,US,67203
"Stanion Wholesale Electric Co., Inc.",stanion.com,stanion.com,,,Consumer Electronics,Wichita,Kansas,US,67209
TEC Systems Group,tecsystemsgroup.com,tecsystemsgroup.com,https://www.linkedin.com/company/tec-systems-group,,Consumer Electronics,Wichita,Kansas,US,67202
Wescon Controls,wesconproducts.com,wesconproducts.com,https://www.linkedin.com/company/wescon-controls,,Consumer Electronics,Wichita,Kansas,US,67217
Wichita Home Works LLC,wichitahomeworks.com,wichitahomeworks.com,https://www.linkedin.com/company/wichitahomeworks,,Consumer Electronics,Wichita,Kansas,US,67211
Platinum Audio/Visual,theplatinumaudio.com,theplatinumaudio.com,,,Consumer Electronics,Berea,Kentucky,US,40403
American Sound,asei.com,asei.com,,,Consumer Electronics,Covington,Kentucky,US,41014
"MAC Productions, Inc. - Audio Visual",mac-av.com,mac-av.com,https://www.linkedin.com/company/mac-productions,,Consumer Electronics,Covington,Kentucky,US,41011
Haven Smart Services,havensmartservices.com,havensmartservices.com,,,Consumer Electronics,Erlanger,Kentucky,US,41018
A Total Solution llc,atotalsolutionllc.com,atotalsolutionllc.com,https://www.linkedin.com/company/a-total-solution-llc,,Consumer Electronics,Fisherville,Kentucky,US,40023
Access Audio & Video,accessaudioandvideo.com,accessaudioandvideo.com,,,Consumer Electronics,Fort Mitchell,Kentucky,US,41017
Video Solutions Inc,videosolutionsinc.com,videosolutionsinc.com,,,Consumer Electronics,Goshen,Kentucky,US,40026
Reliable Connect Custom Audio & Video LLC Formerly Rich's Contracting & Custom Audio/Video LLC,rccav.com,rccav.com,,,Consumer Electronics,Grand Rivers,Kentucky,US,42045
"Intellect Controls Group, Inc.",intellectcontrols.com,intellectcontrols.com,,,Consumer Electronics,Jeffersontown,Kentucky,US,40299
Super Home Systems,superhomesystems.com,superhomesystems.com,,,Consumer Electronics,Jeffersontown,Kentucky,US,40299
46Solutions,46solutions.com,46solutions.com,https://www.linkedin.com/company/46solutions,,Consumer Electronics,Lexington,Kentucky,US,40509
"ALLIED COMMUNICATIONS, INC.",alliedlex.com,alliedlex.com,,,Consumer Electronics,Lexington,Kentucky,US,40504
Advanced Video Services,advancedvideoserviceslexky.com,advancedvideoserviceslexky.com,,,Consumer Electronics,Lexington,Kentucky,US,40505
"Air Control Heating and Air Conditioning of Lexington, Inc",aircontrolco.com,aircontrolco.com,,,Consumer Electronics,Lexington,Kentucky,US,40505
Anagram Sound,anagramsound.com,anagramsound.com,,,Consumer Electronics,Lexington,Kentucky,US,40503
Audio Authority Corp.,audioauthority.com,audioauthority.com,https://www.linkedin.com/company/208951,,Consumer Electronics,Lexington,Kentucky,US,40511
Audio Visual Techniques,avtav.com,avtav.com,,,Consumer Electronics,Lexington,Kentucky,US,40511
BT Digital Marketing Agency,btwebgroup.com,btwebgroup.com,,,Consumer Electronics,Lexington,Kentucky,US,40517
BT Media Productions,btmediaproductions.com,btmediaproductions.com,,,Consumer Electronics,Lexington,Kentucky,US,40517
Barney Miller's,barneymillers.com,barneymillers.com,https://www.linkedin.com/company/barney-miller's-inc.,,Consumer Electronics,Lexington,Kentucky,US,40507
Blue Grass Home Entertainment,bghe.com,bghe.com,,,Consumer Electronics,Lexington,Kentucky,US,40505
Brecher's Lighting,brecherslighting.com,brecherslighting.com,,,Consumer Electronics,Lexington,Kentucky,US,40503
"Commonwealth Connected - Audio/Video Integration, Design & Installation in Lexington KY",commonwealthconnec9.wixsite.com,commonwealthconnec9.wixsite.com,,,Consumer Electronics,Lexington,Kentucky,US,40514
Comtronics Inc Cobalt Audio Video,cobaltav.com,cobaltav.com,https://www.linkedin.com/company/what-we-offer-,,Consumer Electronics,Lexington,Kentucky,US,40509
Control & Automation,conauto.com,conauto.com,,,Consumer Electronics,Lexington,Kentucky,US,40505
CornerStone Protection,cornerstoneprotection.com,cornerstoneprotection.com,,,Consumer Electronics,Lexington,Kentucky,US,40502
Courage Media,courage-media.com,courage-media.com,,,Consumer Electronics,Lexington,Kentucky,US,40503
Dynamix Productions Inc,dxaudio.com,dxaudio.com,,,Consumer Electronics,Lexington,Kentucky,US,40502
Engineered Heating and Air,engineeredheatingandair.com,engineeredheatingandair.com,,,Consumer Electronics,Lexington,Kentucky,US,40511
"Global Information Systems, LLC",globalinformationsystems.com,globalinformationsystems.com,https://www.linkedin.com/company/1613265,,Consumer Electronics,Lexington,Kentucky,US,40509
"Hammond Communications Group, Inc.",hammondcg.com,hammondcg.com,https://www.linkedin.com/company/hammond-communications-group,,Consumer Electronics,Lexington,Kentucky,US,40511
HomeAid,homeaidlex.com,homeaidlex.com,,,Consumer Electronics,Lexington,Kentucky,US,40509
Integrated Protection Services (IPS),integratedprotection.com,integratedprotection.com,https://www.linkedin.com/company/integrated-protection-services,,Consumer Electronics,Lexington,Kentucky,US,40511
Integration Unlimited,iwanthd.tv,iwanthd.tv,,,Consumer Electronics,Lexington,Kentucky,US,40509
Intelligent IT,intelligentky.com,intelligentky.com,,,Consumer Electronics,Lexington,Kentucky,US,40509
JADE Jameson Automated Design Environments,jadeav.net,jadeav.net,,,Consumer Electronics,Lexington,Kentucky,US,40508
Kinemetrix,kinemetrix.com,kinemetrix.com,,,Consumer Electronics,Lexington,Kentucky,US,40510
"L&W Supply - Lexington, KY",lwsupply.com,lwsupply.com,,,Consumer Electronics,Lexington,Kentucky,US,40511
LAVA,wantlava.com,wantlava.com,https://www.linkedin.com/company/lava-systems,,Consumer Electronics,Lexington,Kentucky,US,40505
Lennox Stores (Parts Plus),lennoxpros.com,lennoxpros.com,,,Consumer Electronics,Lexington,Kentucky,US,40505
Lexington AI Solutions,ai-lexington.com,ai-lexington.com,,,Consumer Electronics,Lexington,Kentucky,US,40503
Lexington Outdoor Lighting,lexingtonoutdoorlighting.com,lexingtonoutdoorlighting.com,,,Consumer Electronics,Lexington,Kentucky,US,40502
LoVo Systems,lovosystems.com,lovosystems.com,,,Consumer Electronics,Lexington,Kentucky,US,40509
Media Collaboratory (Video Editing Services Inc),mediacollaboratory.com,mediacollaboratory.com,,,Consumer Electronics,Lexington,Kentucky,US,40507
New Image Multi-Media,newimagemultimedia.net,newimagemultimedia.net,,,Consumer Electronics,Lexington,Kentucky,US,40502
Newtech Systems,newtech-sys.com,newtech-sys.com,,,Consumer Electronics,Lexington,Kentucky,US,40510
Next Century Technologies,nextcenturytechnologies.com,nextcenturytechnologies.com,,,Consumer Electronics,Lexington,Kentucky,US,40509
Prosper Media Group Inc Video Production Service,prospermediagroup.com,prospermediagroup.com,,,Consumer Electronics,Lexington,Kentucky,US,40507
Rely Technology,relytechnology.com,relytechnology.com,https://www.linkedin.com/company/rely-technology,,Consumer Electronics,Lexington,Kentucky,US,40503
Rockstar Home Systems,rockstarhs.com,rockstarhs.com,,,Consumer Electronics,Lexington,Kentucky,US,40505
"Shannon Lamp Service, Inc.",shannonlamp.com,shannonlamp.com,,,Consumer Electronics,Lexington,Kentucky,US,40505
Silent Guard,silentguard.net,silentguard.net,,,Consumer Electronics,Lexington,Kentucky,US,40509
Studio46 Media,studio46media.com,studio46media.com,https://www.linkedin.com/company/studio46media,,Consumer Electronics,Lexington,Kentucky,US,40509
TDO Home Entertainment,tdohe.com,tdohe.com,,,Consumer Electronics,Lexington,Kentucky,US,40503
The AME Group,theamegroup.com,theamegroup.com,,,Consumer Electronics,Lexington,Kentucky,US,40503
The Blinds Man,theblindsman.net,theblindsman.net,,,Consumer Electronics,Lexington,Kentucky,US,40503
The Smart Shade Company,smartshadecompany.com,smartshadecompany.com,,,Consumer Electronics,Lexington,Kentucky,US,40503
Transitions Lift + Elevator,transitionsmobility.com,transitionsmobility.com,,,Consumer Electronics,Lexington,Kentucky,US,40502
"Trible's, Inc.",tribles.com,tribles.com,,,Consumer Electronics,Lexington,Kentucky,US,40509
Triple Crown Electric,tces-ced.portalced.com,tces-ced.portalced.com,,,Consumer Electronics,Lexington,Kentucky,US,40511
Versa Tech Automation LLC,versatechautomation.com,versatechautomation.com,,,Consumer Electronics,Lexington,Kentucky,US,40504
Video Lab,videolablex.com,videolablex.com,,,Consumer Electronics,Lexington,Kentucky,US,40511
Wiseway Lighting & Plumbing Showroom,store.wisewaysupply.com,store.wisewaysupply.com,,,Consumer Electronics,Lexington,Kentucky,US,40505
Wrigley Media Group,wrigleymediagroup.com,wrigleymediagroup.com,,,Consumer Electronics,Lexington,Kentucky,US,40511
Your SMARTOFFICE Solution,yoursmartofficesolution.com,yoursmartofficesolution.com,,,Consumer Electronics,Lexington,Kentucky,US,40502
AC Productions & Film,acprofilms.com,acprofilms.com,,,Consumer Electronics,Louisville,Kentucky,US,40228
ATS Integrated Solutions,atsintegrators.com,atsintegrators.com,https://www.linkedin.com/company/10149843,,Consumer Electronics,Louisville,Kentucky,US,40217
"Alarm Grid, Inc",alarmgrid.com,alarmgrid.com,,,Consumer Electronics,Louisville,Kentucky,US,40229
Alcott & Bentley,alcottgallery.com,alcottgallery.com,,,Consumer Electronics,Louisville,Kentucky,US,40205
Alpha Geek,alphageekhelp.com,alphageekhelp.com,,,Consumer Electronics,Louisville,Kentucky,US,40241
Applied Audio Video,appliedaudiovideo.com,appliedaudiovideo.com,,,Consumer Electronics,Louisville,Kentucky,US,40299
Applied Digital Solutions,adsrecorders.com,adsrecorders.com,https://www.linkedin.com/company/applied-digital-solutions,,Consumer Electronics,Louisville,Kentucky,US,40243
Autodemo,autodemo.com,autodemo.com,,,Consumer Electronics,Louisville,Kentucky,US,40204
Automated Lifestyles,automatedlifestyles.com,automatedlifestyles.com,,,Consumer Electronics,Louisville,Kentucky,US,40223
"Automated Living, LLC",automatedlivingllc.com,automatedlivingllc.com,https://www.linkedin.com/company/automatedliving,,Consumer Electronics,Louisville,Kentucky,US,40203
Axxis Inc,axxisinc.com,axxisinc.com,,,Consumer Electronics,Louisville,Kentucky,US,40203
Bonnycastle Appliance & TV,bonnycastleappliance.com,bonnycastleappliance.com,,,Consumer Electronics,Louisville,Kentucky,US,40205
"C & H Audio Visual Services, Inc.",chavs.net,chavs.net,,,Consumer Electronics,Louisville,Kentucky,US,40209
CRG Automation,crgautomation.com,crgautomation.com,,,Consumer Electronics,Louisville,Kentucky,US,40299
Century Entertainment & Furnishings,centuryliving.com,centuryliving.com,,,Consumer Electronics,Louisville,Kentucky,US,40207
"CisCom Solutions, LLC",ciscom.com,ciscom.com,https://www.linkedin.com/company/ciscom-solutions-llc,,Consumer Electronics,Louisville,Kentucky,US,40222
Communications Electronic Design,ced.bz,ced.bz,,,Consumer Electronics,Louisville,Kentucky,US,40204
ControlTouch Systems,controltouch.com,controltouch.com,https://www.linkedin.com/company/controltouch,,Consumer Electronics,Louisville,Kentucky,US,40218
Crawford Entertainment Systems,crawfordentertainment.com,crawfordentertainment.com,,,Consumer Electronics,Louisville,Kentucky,US,40299
Crunchtime – Louisville,crunchtime.com,crunchtime.com,,,Consumer Electronics,Louisville,Kentucky,US,40206
Deco A/V,decoav.com,decoav.com,,,Consumer Electronics,Louisville,Kentucky,US,40204
Derby City Security Service,derbycitysecurity.com,derbycitysecurity.com,,,Consumer Electronics,Louisville,Kentucky,US,40272
Diversified Automation - a Leadec Group Company,diversified-automation.com,diversified-automation.com,,,Consumer Electronics,Louisville,Kentucky,US,40223
Engineered Lighting Sales Inc,engltg.com,engltg.com,,,Consumer Electronics,Louisville,Kentucky,US,40218
FlyLock Security Solutions,flylock.com,flylock.com,,,Consumer Electronics,Louisville,Kentucky,US,40222
Forma AVL,formaavl.com,formaavl.com,,,Consumer Electronics,Louisville,Kentucky,US,40241
Fortress Security,fortresssecurityky.com,fortresssecurityky.com,,,Consumer Electronics,Louisville,Kentucky,US,40241
Justice AV Solutions,javs.com,javs.com,,,Consumer Electronics,Louisville,Kentucky,US,40223
Knight Audio,knightaudio.com,knightaudio.com,,,Consumer Electronics,Louisville,Kentucky,US,40118
Laswell Electric & Security,laswellco.com,laswellco.com,https://www.linkedin.com/company/laswellelectric,,Consumer Electronics,Louisville,Kentucky,US,40219
Lhi Lighting Sales Inc,lhilightingsales.com,lhilightingsales.com,,,Consumer Electronics,Louisville,Kentucky,US,40218
"Louisville AV, LLC",louisvilleav.com,louisvilleav.com,,,Consumer Electronics,Louisville,Kentucky,US,40223
Louisville Low Voltage,louisvillelowvoltage.com,louisvillelowvoltage.com,,,Consumer Electronics,Louisville,Kentucky,US,40299
"MAPS Security, LLC",mooreaps.com,mooreaps.com,,,Consumer Electronics,Louisville,Kentucky,US,40202
Magnetic Tape Recorder Inc. & Stereo Center,magnetictaperecorder.com,magnetictaperecorder.com,,,Consumer Electronics,Louisville,Kentucky,US,40213
Medley & Sons Security and Automation,medleyandsons.com,medleyandsons.com,,,Consumer Electronics,Louisville,Kentucky,US,40204
"Mister Wireless, LLC",mr-wireless.net,mr-wireless.net,,,Consumer Electronics,Louisville,Kentucky,US,40223
Moltted - Security Solutions,moltted.com,moltted.com,,,Consumer Electronics,Louisville,Kentucky,US,40218
Pcsolutions Kentucky LLC,pcsolutionskentucky.com,pcsolutionskentucky.com,,,Consumer Electronics,Louisville,Kentucky,US,40214
"Perfect Install, LLC",perfect-install.com,perfect-install.com,,,Consumer Electronics,Louisville,Kentucky,US,40223
Radio Sound Inc.,radiosound.com,radiosound.com,,,Consumer Electronics,Louisville,Kentucky,US,40299
Rockwell Automation,rockwellautomation.com,rockwellautomation.com,,,Consumer Electronics,Louisville,Kentucky,US,40223
Smart Building Equipment,smartbuildingequipment.com,smartbuildingequipment.com,,,Consumer Electronics,Louisville,Kentucky,US,40299
"Sonitrol Security of Louisville, A Pye-Barker Fire & Safety Company",pyebarkerfs.com,pyebarkerfs.com,,,Consumer Electronics,Louisville,Kentucky,US,40223
Spectrum Sight & Sound,spectrumsightsound.com,spectrumsightsound.com,,,Consumer Electronics,Louisville,Kentucky,US,40241
Strategic Communications,yourstrategic.com,yourstrategic.com,,,Consumer Electronics,Louisville,Kentucky,US,40243
Test & Controls International,testcontrols.com,testcontrols.com,,,Consumer Electronics,Louisville,Kentucky,US,40299
The Sound Factory,soundfactory.net,soundfactory.net,,,Consumer Electronics,Louisville,Kentucky,US,40202
"Tocor, Inc",tocor.com,tocor.com,,,Consumer Electronics,Louisville,Kentucky,US,40218
Trinity Dynamics,trinitydynamics.net,trinitydynamics.net,,,Consumer Electronics,Louisville,Kentucky,US,40299
VEI Communications,veicomm.com,veicomm.com,,,Consumer Electronics,Louisville,Kentucky,US,40219
Video Kitchen,videokitchen.net,videokitchen.net,,,Consumer Electronics,Louisville,Kentucky,US,40204
Video Wizard,videowizard.com,videowizard.com,,,Consumer Electronics,Louisville,Kentucky,US,40222
"Videobred, Inc.",videobred.com,videobred.com,,,Consumer Electronics,Louisville,Kentucky,US,40204
Vivid Sight & Sound,vividsightsound.com,vividsightsound.com,,,Consumer Electronics,Louisville,Kentucky,US,40299
Wen Lighting,wenlighting.com,wenlighting.com,,,Consumer Electronics,Louisville,Kentucky,US,40213
"Pro Video Audio Productions, Inc",provideoaudio.com,provideoaudio.com,,,Consumer Electronics,Monticello,Kentucky,US,42633
All-In-One Security,all-in-one-security.com,all-in-one-security.com,,,Consumer Electronics,Mt Washington,Kentucky,US,40047
Drive Media House,drivemediahouse.com,drivemediahouse.com,,,Consumer Electronics,Newport,Kentucky,US,41071
Soundlink Studio,soundlinkstudio.com,soundlinkstudio.com,,,Consumer Electronics,Newport,Kentucky,US,41076
"Integrated Security Solutions, LLC (ISS-KY)",iss-ky.com,iss-ky.com,,,Consumer Electronics,Nicholasville,Kentucky,US,40356
Miller's Window Works,millerblinds.com,millerblinds.com,,,Consumer Electronics,Nicholasville,Kentucky,US,40356
Pro Sound Inc,prosoundky.com,prosoundky.com,,,Consumer Electronics,Nicholasville,Kentucky,US,40356
Security Essentials of Lexington,security-essentials.com,security-essentials.com,,,Consumer Electronics,Nicholasville,Kentucky,US,40356
Kentucky Outdoor Lighting,kentuckyoutdoorlighting.com,kentuckyoutdoorlighting.com,,,Consumer Electronics,Richmond,Kentucky,US,40475
Masterpiece Audio Video,masterpieceaudio.com,masterpieceaudio.com,,,Consumer Electronics,Southgate,Kentucky,US,41071
Security Systems Inc,securitysystemsinc.com,securitysystemsinc.com,,,Consumer Electronics,Vine Grove,Kentucky,US,40175
ASI LLC,asi.us.com,asi.us.com,,,Consumer Electronics,Baton Rouge,Louisiana,US,70816
AV Solutions,avsolutions.com,avsolutions.com,https://www.linkedin.com/company/avsolutionsbr,,Consumer Electronics,Baton Rouge,Louisiana,US,70816
AVSS - Audio Video Security Solutions,avssla.com,avssla.com,,,Consumer Electronics,Baton Rouge,Louisiana,US,70816
Abat Jour,abatjourllc.com,abatjourllc.com,,,Consumer Electronics,Baton Rouge,Louisiana,US,70806
Acadian Home Theater & Automation,aciexperts.com,aciexperts.com,https://www.linkedin.com/company/acadian-home-theater-and-automation,,Consumer Electronics,Baton Rouge,Louisiana,US,70810
Acadian Total Security,acadiantotalsecurity.com,acadiantotalsecurity.com,,,Consumer Electronics,Baton Rouge,Louisiana,US,70809
Advanced Video,advancedvideobr.com,advancedvideobr.com,,,Consumer Electronics,Baton Rouge,Louisiana,US,70816
"Alarm Center Security Systems, Inc.",alarm.net,alarm.net,,,Consumer Electronics,Baton Rouge,Louisiana,US,70816
American Audio Visual LLC,aavbr.com,aavbr.com,,,Consumer Electronics,Baton Rouge,Louisiana,US,70809
Automation Control Co Inc,accbr.com,accbr.com,,,Consumer Electronics,Baton Rouge,Louisiana,US,70809
BIG Family Electrical Services & Home Automation,callbigfamily.com,callbigfamily.com,,,Consumer Electronics,Baton Rouge,Louisiana,US,70806
Baton Rouge Video Production,randywheeler.com,randywheeler.com,,,Consumer Electronics,Baton Rouge,Louisiana,US,70808
Cajun Electric & Lighting,cajunlighting.com,cajunlighting.com,,,Consumer Electronics,Baton Rouge,Louisiana,US,70802
"Cajun Electric, LLC",cajunelectricbr.com,cajunelectricbr.com,,,Consumer Electronics,Baton Rouge,Louisiana,US,70802
Capital City Lighting,shopcapitalcitylighting.com,shopcapitalcitylighting.com,,,Consumer Electronics,Baton Rouge,Louisiana,US,70809
Champion Technology Services,champtechnology.com,champtechnology.com,,,Consumer Electronics,Baton Rouge,Louisiana,US,70816
Complete Wiring and Security,cwstech.com,cwstech.com,,,Consumer Electronics,Baton Rouge,Louisiana,US,70810
Creative Video Productions,creativevideo.tv,creativevideo.tv,,,Consumer Electronics,Baton Rouge,Louisiana,US,70809
Crescendo Automation Audio Video,crescendoaav.com,crescendoaav.com,,,Consumer Electronics,Baton Rouge,Louisiana,US,70817
"Custom Security Systems, Inc.",customsecuritysystems.com,customsecuritysystems.com,,,Consumer Electronics,Baton Rouge,Louisiana,US,70815
David's Car Stereo,m.facebook.com,m.facebook.com,,,Consumer Electronics,Baton Rouge,Louisiana,US,70806
Digital FX,digitalfx.tv,digitalfx.tv,,,Consumer Electronics,Baton Rouge,Louisiana,US,70808
Experience Audio Video,experienceinstallsit.com,experienceinstallsit.com,,,Consumer Electronics,Baton Rouge,Louisiana,US,70809
"Facility Automation, Inc.",facilityautomation.com,facilityautomation.com,,,Consumer Electronics,Baton Rouge,Louisiana,US,70816
Fusion Media,fmedia.tv,fmedia.tv,,,Consumer Electronics,Baton Rouge,Louisiana,US,70809
GM Cable Contractors Inc,gmcable.com,gmcable.com,,,Consumer Electronics,Baton Rouge,Louisiana,US,70818
GSE Integrated,gseintegrated.com,gseintegrated.com,,,Consumer Electronics,Baton Rouge,Louisiana,US,70817
General Informatics,geninf.com,geninf.com,https://www.linkedin.com/company/general-informatics,,Consumer Electronics,Baton Rouge,Louisiana,US,70810
Impact Audio Video,impactavbr.com,impactavbr.com,,,Consumer Electronics,Baton Rouge,Louisiana,US,70816
Innovative Systems & Services,innovativess.com,innovativess.com,,,Consumer Electronics,Baton Rouge,Louisiana,US,70809
LA Post Inc,lapostdigital.com,lapostdigital.com,,,Consumer Electronics,Baton Rouge,Louisiana,US,70809
Launch Media,launchmedia.tv,launchmedia.tv,,,Consumer Electronics,Baton Rouge,Louisiana,US,70802
"Link Integration Group, LLC",ligllc.com,ligllc.com,,,Consumer Electronics,Baton Rouge,Louisiana,US,70809
Louisiana Controls Inc,louisianacontrols.com,louisianacontrols.com,,,Consumer Electronics,Baton Rouge,Louisiana,US,70815
MBD Automation,mbdautomation.com,mbdautomation.com,,,Consumer Electronics,Baton Rouge,Louisiana,US,70815
Masterco RFM,mastercorfm.com,mastercorfm.com,,,Consumer Electronics,Baton Rouge,Louisiana,US,70802
Mike's Audio,mikesaudio.com,mikesaudio.com,,,Consumer Electronics,Baton Rouge,Louisiana,US,70816
Motion Lite | Baton Rouge Technology Solutions,motion-lite.com,motion-lite.com,,,Consumer Electronics,Baton Rouge,Louisiana,US,70816
Mounts On Time,mountsontime.com,mountsontime.com,,,Consumer Electronics,Baton Rouge,Louisiana,US,70816
Movee Media LLC,moveemedia.com,moveemedia.com,,,Consumer Electronics,Baton Rouge,Louisiana,US,70809
"Notoco Industries, LLC",notocoind.com,notocoind.com,,,Consumer Electronics,Baton Rouge,Louisiana,US,70816
PSS Sound - Premier Production & Sound Services,psssound.com,psssound.com,,,Consumer Electronics,Baton Rouge,Louisiana,US,70817
PreSonus Audio Electronics,presonus.com,presonus.com,,,Consumer Electronics,Baton Rouge,Louisiana,US,70809
Precision Security & Low Voltage Supply,esentia.com,esentia.com,,,Consumer Electronics,Baton Rouge,Louisiana,US,70809
Pro-Fit Solutions,pro-fitsolutions.net,pro-fitsolutions.net,,,Consumer Electronics,Baton Rouge,Louisiana,US,70809
Reulet Electric Supplies,reulet-electric.com,reulet-electric.com,,,Consumer Electronics,Baton Rouge,Louisiana,US,70816
"Southern Controls, inc.",southerncontrols.com,southerncontrols.com,,,Consumer Electronics,Baton Rouge,Louisiana,US,70809
Southwest Automated Security,southwestautomated.com,southwestautomated.com,,,Consumer Electronics,Baton Rouge,Louisiana,US,70809
Sunbelt Lighting - Baton Rouge,sunbeltlighting.net,sunbeltlighting.net,,,Consumer Electronics,Baton Rouge,Louisiana,US,70816
"Synergy Productions, Inc.",synergy-productions.com,synergy-productions.com,,,Consumer Electronics,Baton Rouge,Louisiana,US,70809
"Technical Services Group, Inc.",tsgcom.com,tsgcom.com,https://www.linkedin.com/company/technical-services-group-inc-,,Consumer Electronics,Baton Rouge,Louisiana,US,70809
Triad Electric & Controls,thenewtrongroup.com,thenewtrongroup.com,,,Consumer Electronics,Baton Rouge,Louisiana,US,70815
"Venture SSC, LLC",geauxventure.com,geauxventure.com,,,Consumer Electronics,Baton Rouge,Louisiana,US,70810
X-Pert Productions,xpertproductions.com,xpertproductions.com,,,Consumer Electronics,Baton Rouge,Louisiana,US,70809
ideliver Technologies llc,idelivertechnologies.square.site,idelivertechnologies.square.site,,,Consumer Electronics,Baton Rouge,Louisiana,US,70802
"PEMBA Lighting, Sound, Electrical & Automation",pembalighting.com,pembalighting.com,,,Consumer Electronics,Belle Chasse,Louisiana,US,70037
Home Audio Innovations,homeaudioinnovations.com,homeaudioinnovations.com,,,Consumer Electronics,Bossier City,Louisiana,US,71112
Advanced Audio & Stage Lighting,advancedaudiobr.com,advancedaudiobr.com,,,Consumer Electronics,Denham Springs,Louisiana,US,70706
Certified Alarm Systems,certifiedalarms.com,certifiedalarms.com,,,Consumer Electronics,Denham Springs,Louisiana,US,70726
Soltek LA Security Camera Systems,securitycamerasystemsbysoltekla.com,securitycamerasystemsbysoltekla.com,,,Consumer Electronics,Denham Springs,Louisiana,US,70726
Light Bulb Depot New Orleans,lightbulbdepot.com,lightbulbdepot.com,,,Consumer Electronics,Elmwood,Louisiana,US,70123
Baton Rouge Cameras,batonrougecameras.com,batonrougecameras.com,,,Consumer Electronics,Gonzales,Louisiana,US,70737
Integrity Audio Visual,integrity-av.com,integrity-av.com,,,Consumer Electronics,Gonzales,Louisiana,US,70737
AVSNO/Audio Visual Solutions New Orleans,avsno.net,avsno.net,,,Consumer Electronics,Gretna,Louisiana,US,70053
Hitech Smart Homes and Security,hitechsmarthomes.com,hitechsmarthomes.com,,,Consumer Electronics,Gretna,Louisiana,US,70053
New Orleans Audio Video,noav.com,noav.com,,,Consumer Electronics,Harahan,Louisiana,US,70123
Nola Sound Solutions,nolasoundsolutions.com,nolasoundsolutions.com,,,Consumer Electronics,Harahan,Louisiana,US,70123
Nu-Lite Electrical Wholesalers,nulite.com,nulite.com,,,Consumer Electronics,Harahan,Louisiana,US,70123
NOLA LED,neworleanslighting.com,neworleanslighting.com,,,Consumer Electronics,Harvey,Louisiana,US,70058
@ Your Service Audio Visual Productions,aysts.com,aysts.com,,,Consumer Electronics,Jefferson,Louisiana,US,70121
Home Solutions Program,sellyourhouse.realestate,sellyourhouse.realestate,,,Consumer Electronics,Jefferson,Louisiana,US,70121
Toca Alarm,tocaalarm.com,tocaalarm.com,,,Consumer Electronics,Kenner,Louisiana,US,70062
Top Notch Customs,topnotchaudiovideo.com,topnotchaudiovideo.com,,,Consumer Electronics,Kenner,Louisiana,US,70065
Go Media LLC,gomediallc.com,gomediallc.com,,,Consumer Electronics,Lafayette,Louisiana,US,70508
Smart Homes of Louisiana,smarthomesla.com,smarthomesla.com,,,Consumer Electronics,Lafayette,Louisiana,US,70508
PRO AUDIO VIDEO & SECURITY LLC,proavsite.com,proavsite.com,,,Consumer Electronics,Laplace,Louisiana,US,70068
Quantum Home Technologies,quantumhometechnologies.com,quantumhometechnologies.com,,,Consumer Electronics,Madisonville,Louisiana,US,70447
Assurance A/V Solutions,assuranceavsolutions.com,assuranceavsolutions.com,https://www.linkedin.com/company/assurance-av-solutions-llc,,Consumer Electronics,Mandeville,Louisiana,US,70471
ABC Computer and Audio Visual Rental,abccomputerrental.com,abccomputerrental.com,,,Consumer Electronics,Metairie,Louisiana,US,70002
Alterman Audio,altermanaudio.com,altermanaudio.com,,,Consumer Electronics,Metairie,Louisiana,US,70002
Crescent Multimedia Solutions,crescentmms.com,crescentmms.com,,,Consumer Electronics,Metairie,Louisiana,US,70001
Elan Studio Lighting,elanstudiolighting.com,elanstudiolighting.com,,,Consumer Electronics,Metairie,Louisiana,US,70002
Mitey AV,miteyav.com,miteyav.com,,,Consumer Electronics,Metairie,Louisiana,US,70002
Off the Wall Audio Video,offthewallav.com,offthewallav.com,,,Consumer Electronics,Metairie,Louisiana,US,70003
Tone Production | New Orleans Video Production Company,toneproduction.net,toneproduction.net,https://www.linkedin.com/company/104807638,,Consumer Electronics,Metairie,Louisiana,US,70001
Access Gate Systems,agsaccess.com,agsaccess.com,,,Consumer Electronics,New Orleans,Louisiana,US,70126
Armstrong's Lighting,armstrongslighting.com,armstrongslighting.com,,,Consumer Electronics,New Orleans,Louisiana,US,70119
Armstrong's Supply Co Inc,armstrongssupply.com,armstrongssupply.com,,,Consumer Electronics,New Orleans,Louisiana,US,70119
Ashé Powerhouse Theater,ashenola.org,ashenola.org,,,Consumer Electronics,New Orleans,Louisiana,US,70113
Bevolo Gas & Electric Lights,bevolo.com,bevolo.com,,,Consumer Electronics,New Orleans,Louisiana,US,70130
Bruno's Audio & Video,brunoav.com,brunoav.com,,,Consumer Electronics,New Orleans,Louisiana,US,70122
Corporate Lighting & Audio,corplighting.com,corplighting.com,https://www.linkedin.com/company/corporate-lighting-and-audio,,Consumer Electronics,New Orleans,Louisiana,US,70123
"DYNAMIC AUDIO VIDEO, LLC",dynamicaudiovideo.com,dynamicaudiovideo.com,,,Consumer Electronics,New Orleans,Louisiana,US,70123
Fischer-Gambino,lightingneworleans.com,lightingneworleans.com,,,Consumer Electronics,New Orleans,Louisiana,US,70130
Home Resolution LLC,homeresolutionllc.com,homeresolutionllc.com,https://www.linkedin.com/company/home-resolution-llc,,Consumer Electronics,New Orleans,Louisiana,US,70130
Hung Forever,hungforever.com,hungforever.com,,,Consumer Electronics,New Orleans,Louisiana,US,70119
Miracle Machines Audio Video,miraclemachines.com,miraclemachines.com,,,Consumer Electronics,New Orleans,Louisiana,US,70124
Nola Acoustics Services,neworleansacoustics.com,neworleansacoustics.com,,,Consumer Electronics,New Orleans,Louisiana,US,70116
"RZI Lighting | Lighting, Staging and Rigging Equipment Rentals",rzilighting.com,rzilighting.com,,,Consumer Electronics,New Orleans,Louisiana,US,70125
Southern Electronics,southernele.com,southernele.com,,,Consumer Electronics,New Orleans,Louisiana,US,70119
"Start Smart, LLC",startsmartllc.com,startsmartllc.com,,,Consumer Electronics,New Orleans,Louisiana,US,70127
Tec Lynx,teclynx.com,teclynx.com,,,Consumer Electronics,New Orleans,Louisiana,US,70122
iDigital,idigitalusa.com,idigitalusa.com,,,Consumer Electronics,New Orleans,Louisiana,US,70130
Audio Visions,audiovisionsbr.com,audiovisionsbr.com,,,Consumer Electronics,Port Allen,Louisiana,US,70767
"Home Protection Systems, LLC",homeprotectionsystems.net,homeprotectionsystems.net,,,Consumer Electronics,Prairieville,Louisiana,US,70769
AVL Installations,avlinstallations.com,avlinstallations.com,,,Consumer Electronics,Slidell,Louisiana,US,70460
The Installation Experts,the-installation-experts.com,the-installation-experts.com,,,Consumer Electronics,Slidell,Louisiana,US,70458
Smart Home-ie,pkrceoking1982.wixsite.com,pkrceoking1982.wixsite.com,,,Consumer Electronics,Terrytown,Louisiana,US,70056
"Connected Solutions, LLC",connectedsolutionsla.com,connectedsolutionsla.com,,,Consumer Electronics,Youngsville,Louisiana,US,70592
Audio and Video Systems,audioandvideosystems.com,audioandvideosystems.com,,,Consumer Electronics,Barnstable,Massachusetts,US,02630
Extreme Audio,extremeaudiocapecod.com,extremeaudiocapecod.com,,,Consumer Electronics,Barnstable,Massachusetts,US,02601
Nantucket Sound,nantucketsound.com,nantucketsound.com,,,Consumer Electronics,Barnstable,Massachusetts,US,02601
Savant,savant.com,savant.com,,,Consumer Electronics,Barnstable,Massachusetts,US,02601
X Building Automation,xbuildingautomation.com,xbuildingautomation.com,,,Consumer Electronics,Barnstable,Massachusetts,US,02601
InstaSmart Homes,instasmarthomes.tiiny.site,instasmarthomes.tiiny.site,,,Consumer Electronics,Belmont,Massachusetts,US,02478
Smart Home Solutions LLC,techswhoconnect.com,techswhoconnect.com,,,Consumer Electronics,Beverly,Massachusetts,US,01915
McCann Systems,mccannsystems.com,mccannsystems.com,https://www.linkedin.com/company/mccann-systems,,Consumer Electronics,Billerica,Massachusetts,US,01862
ABMS Media Solutions,abmsmedia.com,abmsmedia.com,,,Consumer Electronics,Boston,Massachusetts,US,02199
APC Integrated - Managed IT Services Company in Boston,apcintegrated.com,apcintegrated.com,,,Consumer Electronics,Boston,Massachusetts,US,02122
Alarm New England Boston,alarmnewengland.com,alarmnewengland.com,,,Consumer Electronics,Boston,Massachusetts,US,02116
"Audio Chemists, Inc",audiochemists.net,audiochemists.net,,,Consumer Electronics,Boston,Massachusetts,US,02129
Audio and Lighting Unlimited,audioandlightingunlimited.com,audioandlightingunlimited.com,,,Consumer Electronics,Boston,Massachusetts,US,02119
Boomer Boston,boomerboston.com,boomerboston.com,,,Consumer Electronics,Boston,Massachusetts,US,02125
Boston AV,bostonav.com,bostonav.com,,,Consumer Electronics,Boston,Massachusetts,US,02135
Boston AV Productions,bostonavpro.com,bostonavpro.com,,,Consumer Electronics,Boston,Massachusetts,US,02199
"Boston Security Integration, LLC | Access Control Systems | Security Camera Installation",bsi-boston.com,bsi-boston.com,https://www.linkedin.com/company/bostonsecurityintegrationllc,,Consumer Electronics,Boston,Massachusetts,US,02116
Boston TV Mounting PROs,bostontvmounting.net,bostontvmounting.net,,,Consumer Electronics,Boston,Massachusetts,US,02134
ELITECH Inc.,elitechit.com,elitechit.com,,,Consumer Electronics,Boston,Massachusetts,US,02128
Elite Security & Access Control Solutions,elitesecurityandaccess.com,elitesecurityandaccess.com,,,Consumer Electronics,Boston,Massachusetts,US,02116
ITHomeDesign,ithomedesign.com,ithomedesign.com,https://www.linkedin.com/company/ithomedesign,,Consumer Electronics,Boston,Massachusetts,US,02127
ITS Audio Visual Services,itsaudiovisual.com,itsaudiovisual.com,,,Consumer Electronics,Boston,Massachusetts,US,02116
IUS Shades,iusshades.com,iusshades.com,,,Consumer Electronics,Boston,Massachusetts,US,02127
Ilias Bintas Licensed Electrician,ibeboston.com,ibeboston.com,,,Consumer Electronics,Boston,Massachusetts,US,02111
Masters of Automation,themasters.ai,themasters.ai,https://www.linkedin.com/company/mastersofautomation,,Consumer Electronics,Boston,Massachusetts,US,02116
NRP Installations,nrpinstallations.jobbersites.com,nrpinstallations.jobbersites.com,,,Consumer Electronics,Boston,Massachusetts,US,02119
New England Audio Rental,newenglandaudiorental.com,newenglandaudiorental.com,,,Consumer Electronics,Boston,Massachusetts,US,02118
Sound Experience,sxpboston.com,sxpboston.com,,,Consumer Electronics,Boston,Massachusetts,US,02127
Source1AV,source1av.com,source1av.com,,,Consumer Electronics,Boston,Massachusetts,US,02116
System 7 Experience Center,systemseven.com,systemseven.com,,,Consumer Electronics,Boston,Massachusetts,US,02210
"TCG Network Services - Boston IT Support, Managed IT Services & IT Consulting",tcgns.com,tcgns.com,https://www.linkedin.com/company/magna5,,Consumer Electronics,Boston,Massachusetts,US,02110
TSP Smart Spaces,tsp.space,tsp.space,https://www.linkedin.com/company/tsp-smart-spaces,,Consumer Electronics,Boston,Massachusetts,US,02118
"Tech Superpowers, An IT Solutions Company",tsp.me,tsp.me,,,Consumer Electronics,Boston,Massachusetts,US,02118
The Soundtrack Group,soundtrackboston.com,soundtrackboston.com,,,Consumer Electronics,Boston,Massachusetts,US,02116
ZenjMedia,zenjmedia.com,zenjmedia.com,,,Consumer Electronics,Boston,Massachusetts,US,02119
East West Associates,eastwestassociatesllc.com,eastwestassociatesllc.com,,,Consumer Electronics,Bourne,Massachusetts,US,02532
Ron Snell Audio Video,rsavs.com,rsavs.com,,,Consumer Electronics,Bourne,Massachusetts,US,02534
Soundwaves Corporation,soundwavescorp.com,soundwavescorp.com,,,Consumer Electronics,Bourne,Massachusetts,US,02532
TOAD - Technical Operations And Development,toadbuilds.com,toadbuilds.com,,,Consumer Electronics,Bourne,Massachusetts,US,02559
Home Theaters by Sean,hometheatersbysean.com,hometheatersbysean.com,,,Consumer Electronics,Bridgewater,Massachusetts,US,02324
Video Transfer,vtiboston.com,vtiboston.com,,,Consumer Electronics,Brookline,Massachusetts,US,02446
Q Audio,qaudio.com,qaudio.com,,,Consumer Electronics,Cambridge,Massachusetts,US,02139
Automation Solutions Inc,automationsolutionsinc.com,automationsolutionsinc.com,,,Consumer Electronics,Charlestown,Massachusetts,US,02129
Pro AV Systems,proavsi.com,proavsi.com,,,Consumer Electronics,Chelmsford,Massachusetts,US,01824
PSAV Boston,psav.com,psav.com,,,Consumer Electronics,Dedham,Massachusetts,US,02026
Mobile Electronics Studio,mobileelectronicsstudio.com,mobileelectronicsstudio.com,,,Consumer Electronics,Dennis,Massachusetts,US,02660
Soby One Home Services,sobyone.com,sobyone.com,,,Consumer Electronics,Dennis,Massachusetts,US,02660
Audio Video Intelligence Inc,av-intel.com,av-intel.com,,,Consumer Electronics,Easton,Massachusetts,US,02356
Vineyard Home,vineyardhome.com,vineyardhome.com,,,Consumer Electronics,Falmouth,Massachusetts,US,02540
Khan Design,khandesign.net,khandesign.net,,,Consumer Electronics,Framingham,Massachusetts,US,01702
Home Theatre Associates,hometheatreassociates.com,hometheatreassociates.com,,,Consumer Electronics,Hamilton,Massachusetts,US,01982
Prime Time Home Theater,primetimehometheater.com,primetimehometheater.com,,,Consumer Electronics,Hanover,Massachusetts,US,02339
Running Solutions Audio Video,runsol.com,runsol.com,https://www.linkedin.com/company/running-solutions,,Consumer Electronics,Hanover,Massachusetts,US,02339
Times of Your Life DVDs & Video,timesofyourlifedvds.com,timesofyourlifedvds.com,,,Consumer Electronics,Harwich,Massachusetts,US,02646
"CloudMIS, LLC",cloudmis.net,cloudmis.net,https://www.linkedin.com/company/cloud-mis-llc,,Consumer Electronics,Holliston,Massachusetts,US,01746
J&S Audio Video Solutions,jandsav.com,jandsav.com,,,Consumer Electronics,Leicester,Massachusetts,US,01524
Boston Audio Visual Rental,bostonavrental.com,bostonavrental.com,,,Consumer Electronics,Lynnfield,Massachusetts,US,01940
Boston AV Services,bostonavservices.com,bostonavservices.com,,,Consumer Electronics,Medford,Massachusetts,US,02155
Boston Intercom Group,bostonintercomgroup.com,bostonintercomgroup.com,,,Consumer Electronics,Medford,Massachusetts,US,02155
"Boston Security Integration, LLC | Access Control Systems NH | Security Camera Installation NH",bostonsecurityintegration.com,bostonsecurityintegration.com,https://www.linkedin.com/company/bostonsecurityintegrationllc,,Consumer Electronics,Methuen,Massachusetts,US,01844
Event Sound & Video,avrental.net,avrental.net,,,Consumer Electronics,Millis,Massachusetts,US,02054
Brian Potter Electric,bpotterelectric.com,bpotterelectric.com,,,Consumer Electronics,Nantucket,Massachusetts,US,02554
Elite Home Automation,elitehomeauto.com,elitehomeauto.com,,,Consumer Electronics,Nantucket,Massachusetts,US,02554
Jobe Systems,jobesystems.com,jobesystems.com,https://www.linkedin.com/company/jobe-systems,,Consumer Electronics,Nantucket,Massachusetts,US,02554
Morash Media LLC,morashmedia.com,morashmedia.com,,,Consumer Electronics,Nantucket,Massachusetts,US,02554
Nantucket Housefitters Inc.,housefitters.com,housefitters.com,,,Consumer Electronics,Nantucket,Massachusetts,US,02554
Nantucket Media Systems,nantucketmediasystems.com,nantucketmediasystems.com,,,Consumer Electronics,Nantucket,Massachusetts,US,02554
"Nantucket Networks, Inc",nantucketit.com,nantucketit.com,,,Consumer Electronics,Nantucket,Massachusetts,US,02554
Nantucket Sounds,nantucketsounds.com,nantucketsounds.com,,,Consumer Electronics,Nantucket,Massachusetts,US,02554
McMahon Media Services,mcmahonmedia.com,mcmahonmedia.com,https://www.linkedin.com/company/mcmahon-media-services,,Consumer Electronics,Natick,Massachusetts,US,01760
Able Control LLC,ablecontrol.com,ablecontrol.com,,,Consumer Electronics,Needham,Massachusetts,US,02494
Building36,building36.com,building36.com,,,Consumer Electronics,Needham,Massachusetts,US,02494
CMC Systems | TV Wall Mount | Home Theater Installation,cmcsystems.net,cmcsystems.net,,,Consumer Electronics,Needham,Massachusetts,US,02492
"Systems Design & Integration, Inc. (SDIBOSTON)",sdiboston.com,sdiboston.com,https://www.linkedin.com/company/systems-design-integration-inc,,Consumer Electronics,Needham,Massachusetts,US,02494
"Huntington Home Systems, Inc.",huntingtonhomesystems.com,huntingtonhomesystems.com,https://www.linkedin.com/company/huntington-home-systems,,Consumer Electronics,Newton,Massachusetts,US,02459
Heritage Smart Technologies,heritagesmart.com,heritagesmart.com,,,Consumer Electronics,Norfolk,Massachusetts,US,02056
Today's Smart Home,todayssmarthome.com,todayssmarthome.com,,,Consumer Electronics,North Andover,Massachusetts,US,01845
Audio Concepts,audioconceptsboston.com,audioconceptsboston.com,,,Consumer Electronics,North Attleborough,Massachusetts,US,02763
Boston Automations,bostonautomations.com,bostonautomations.com,https://www.linkedin.com/company/boston-automations,,Consumer Electronics,North Easton,Massachusetts,US,02356
EDGE Automation llc,edgeautomationsolutions.com,edgeautomationsolutions.com,,,Consumer Electronics,North Reading,Massachusetts,US,01864
Level Up Automation,levelupyourhome.com,levelupyourhome.com,,,Consumer Electronics,Northborough,Massachusetts,US,01532
Boston Audio Rentals,bostonaudiorentals.com,bostonaudiorentals.com,,,Consumer Electronics,Norwood,Massachusetts,US,02062
Advanced Audio & Video,advancedaav.com,advancedaav.com,,,Consumer Electronics,Orleans,Massachusetts,US,02653
Cape AV,capeav.com,capeav.com,,,Consumer Electronics,Orleans,Massachusetts,US,02653
Bluehome Custom Automation,getbluehome.com,getbluehome.com,,,Consumer Electronics,Quincy,Massachusetts,US,02171
Audio Spectrum Inc,audiospectrum.com,audiospectrum.com,,,Consumer Electronics,Randolph,Massachusetts,US,02368
Productive Media Inc,productivemedia.com,productivemedia.com,,,Consumer Electronics,Randolph,Massachusetts,US,02368
The Lifestyle Company,thelifestylecompany.co,thelifestylecompany.co,https://www.linkedin.com/company/the-lifestyle-company-tlc,,Consumer Electronics,Raynham,Massachusetts,US,02767
Sound and Vision Media,soundandvisionmedia.com,soundandvisionmedia.com,https://www.linkedin.com/company/sound-and-vision-media,,Consumer Electronics,Revere,Massachusetts,US,02151
Sandwich TV Home Entertainment,sandwichtvhomeentertainment.com,sandwichtvhomeentertainment.com,,,Consumer Electronics,Sandwich,Massachusetts,US,02563
Smarter Home inc.,smarterhomeinc.com,smarterhomeinc.com,,,Consumer Electronics,Sandwich,Massachusetts,US,02563
Mulholland AUDIO VIDEO,mulhollandaudiovideo.com,mulhollandaudiovideo.com,https://www.linkedin.com/company/mulholland-audio-video,,Consumer Electronics,Seekonk,Massachusetts,US,02771
Tech Install,techinstallinc.com,techinstallinc.com,,,Consumer Electronics,Somerville,Massachusetts,US,02143
Homelight Boston,homelightboston.com,homelightboston.com,,,Consumer Electronics,South Boston,Massachusetts,US,02127
Riordan Brothers Integration,riordanbrothers.com,riordanbrothers.com,https://www.linkedin.com/company/5710575,,Consumer Electronics,Stoughton,Massachusetts,US,02072
AudioArt,audioartne.com,audioartne.com,,,Consumer Electronics,Sudbury,Massachusetts,US,01776
Best Electricians Inc.,fittsbest.com,fittsbest.com,,,Consumer Electronics,Tisbury,Massachusetts,US,02568
Crane Appliance,craneappliance.com,craneappliance.com,,,Consumer Electronics,Tisbury,Massachusetts,US,02568
"Electronic Security Systems, LLC",essmv.com,essmv.com,,,Consumer Electronics,Tisbury,Massachusetts,US,02568
M V Tec Inc,mvtechinc.com,mvtechinc.com,,,Consumer Electronics,Tisbury,Massachusetts,US,02568
MV SOUND AND SECURITY,mvsoundweb.mvsoundandsecurity.com,mvsoundweb.mvsoundandsecurity.com,,,Consumer Electronics,Tisbury,Massachusetts,US,02568
MVIS,getmvis.com,getmvis.com,,,Consumer Electronics,Tisbury,Massachusetts,US,02568
Vineyard Sound Integration,vineyardsoundint.com,vineyardsoundint.com,https://www.linkedin.com/company/vineyard-sound-integration,,Consumer Electronics,Tisbury,Massachusetts,US,02568
iHome Systems,ihomesys.com,ihomesys.com,https://www.linkedin.com/company/2412151,,Consumer Electronics,Watertown,Massachusetts,US,02472
Elite Media Solutions,elitemediasolutions.com,elitemediasolutions.com,,,Consumer Electronics,Wellesley,Massachusetts,US,02481
SimpleHome,simplehome.net,simplehome.net,https://www.linkedin.com/company/SimpleHomene,,Consumer Electronics,Westwood,Massachusetts,US,02090
"Building Automation Systems, Inc.",building-automation.com,building-automation.com,https://www.linkedin.com/company/building-automation-systems-inc,,Consumer Electronics,Weymouth,Massachusetts,US,02189
Aztec Sound and Communications,aztecsound.com,aztecsound.com,https://www.linkedin.com/company/aztec-sound-and-communications-inc,,Consumer Electronics,Wilmington,Massachusetts,US,01887
General Network Inc,mygeneralnetwork.com,mygeneralnetwork.com,,,Consumer Electronics,Woburn,Massachusetts,US,01801
Kreative AV Inc.,kreativeav.com,kreativeav.com,,,Consumer Electronics,Woburn,Massachusetts,US,01801
Parsons Audio LLC,paudio.com,paudio.com,,,Consumer Electronics,Woburn,Massachusetts,US,01801
Professional Audio Associates,proaudioinc.com,proaudioinc.com,,,Consumer Electronics,Woburn,Massachusetts,US,01801
AV Integrators,avintegrators.co,avintegrators.co,,,Consumer Electronics,Worcester,Massachusetts,US,01608
Cape Cod Alarm,capecodalarm.com,capecodalarm.com,,,Consumer Electronics,Yarmouth,Massachusetts,US,02673
Osterville WiFi & Smart Home,ostervillewifiandsmarthome.com,ostervillewifiandsmarthome.com,,,Consumer Electronics,Yarmouth,Massachusetts,US,02675
Adrian Development LLC,adr-dev.com,adr-dev.com,,,Consumer Electronics,Annapolis,Maryland,US,21403
Advanced Green Home Solutions,advancedgreenhomesolutions.com,advancedgreenhomesolutions.com,,,Consumer Electronics,Annapolis,Maryland,US,21401
Atlantic Control Technologies,atlcontrol.com,atlcontrol.com,https://www.linkedin.com/company/atlantic-control-technologies,,Consumer Electronics,Annapolis,Maryland,US,21401
Baldinos Smart Home Center,besalarms.com,besalarms.com,,,Consumer Electronics,Annapolis,Maryland,US,21401
Chesapeake & Potomac Audio,chesapeakeav.com,chesapeakeav.com,,,Consumer Electronics,Annapolis,Maryland,US,21401
Chesapeake Electric,cheselectric.com,cheselectric.com,,,Consumer Electronics,Annapolis,Maryland,US,21401
Electronic Home Environments,ehenvironments.com,ehenvironments.com,,,Consumer Electronics,Annapolis,Maryland,US,21403
Great Home Construction LLC,greathomellc.com,greathomellc.com,,,Consumer Electronics,Annapolis,Maryland,US,21401
ICSI - International Computer Services Inc.,icsi.com,icsi.com,https://www.linkedin.com/company/international-computer-services-inc.,,Consumer Electronics,Annapolis,Maryland,US,21403
J Prime Electric,jprimeelectric.com,jprimeelectric.com,,,Consumer Electronics,Annapolis,Maryland,US,21401
Kemeski Systems,kemeskisystems.com,kemeskisystems.com,,,Consumer Electronics,Annapolis,Maryland,US,21401
Metropolitan Security & Surveillance,metropolitansecuritysurveillance.com,metropolitansecuritysurveillance.com,,,Consumer Electronics,Annapolis,Maryland,US,21403
Performance Home Automation,pha.systems,pha.systems,,,Consumer Electronics,Annapolis,Maryland,US,21401
ShoreStyle Home Solutions,shorestylemd.com,shorestylemd.com,,,Consumer Electronics,Annapolis,Maryland,US,21401
Smart Computing Solutions Inc,totallysmart.com,totallysmart.com,,,Consumer Electronics,Annapolis,Maryland,US,21401
"Smart Solutions, LLC",smartsolutions.dev,smartsolutions.dev,,,Consumer Electronics,Annapolis,Maryland,US,21401
SoftTouch POS & Payments,softtouchpos.com,softtouchpos.com,,,Consumer Electronics,Annapolis,Maryland,US,21401
Timberlake Homes,timberlakehomes.com,timberlakehomes.com,,,Consumer Electronics,Annapolis,Maryland,US,21401
Waypoint Networks LLC,waypointnetworks.com,waypointnetworks.com,,,Consumer Electronics,Annapolis,Maryland,US,21401
Weisman Electric Company,weismanelectric.com,weismanelectric.com,,,Consumer Electronics,Annapolis,Maryland,US,21401
Whitehall Building & Company,whitehallbuilding.com,whitehallbuilding.com,,,Consumer Electronics,Annapolis,Maryland,US,21401
"Chesapeake Systems Service, Inc.",shopcss.us,shopcss.us,,,Consumer Electronics,Annapolis Junction,Maryland,US,20701
Emergent Home Solutions,emergenths.com,emergenths.com,https://www.linkedin.com/company/bright-wire-solutions-llc,,Consumer Electronics,Annapolis Junction,Maryland,US,20701
Annapolis Bishop Electric,annapolisbishopelectric.com,annapolisbishopelectric.com,,,Consumer Electronics,Arnold,Maryland,US,21012
Brllnt Homes,brllnthomes.com,brllnthomes.com,,,Consumer Electronics,Arnold,Maryland,US,21012
"E.B. Lighting & Supplies, Inc",eblights.com,eblights.com,https://www.linkedin.com/company/e-b-lighting-supplies-inc-,,Consumer Electronics,Baltimore,Maryland,US,21202
Ellisson TV Mounting & Electrical Services,ellissontvmounting.com,ellissontvmounting.com,,,Consumer Electronics,Baltimore,Maryland,US,21207
Geller Lighting Supply,gellerlighting.com,gellerlighting.com,,,Consumer Electronics,Baltimore,Maryland,US,21227
Lighting Environments,lightingenvironments.com,lightingenvironments.com,,,Consumer Electronics,Baltimore,Maryland,US,21230
"Media Support Services, Inc.",mssav.com,mssav.com,,,Consumer Electronics,Baltimore,Maryland,US,21215
SOUNDSCAPE,soundscapemd.com,soundscapemd.com,,,Consumer Electronics,Baltimore,Maryland,US,21210
project iot,myprojectiot.com,myprojectiot.com,,,Consumer Electronics,Bel Air,Maryland,US,21014
"Innovative Security Systems, Inc - Access Control, CCTV and more",innovativesecurity.com,innovativesecurity.com,,,Consumer Electronics,Beltsville,Maryland,US,20705
RCI Systems,rcisystems.com,rcisystems.com,,,Consumer Electronics,Beltsville,Maryland,US,20705
"Accessible Home Solutions, LLC",accessiblehomesolutions.com,accessiblehomesolutions.com,,,Consumer Electronics,Bethesda,Maryland,US,20814
Bethesda Systems,bethesdasystems.com,bethesdasystems.com,,,Consumer Electronics,Bethesda,Maryland,US,20814
District-AV,district-av.com,district-av.com,,,Consumer Electronics,Bethesda,Maryland,US,20814
Dynamics Sync Solutions LLC,dynamicssync.com,dynamicssync.com,,,Consumer Electronics,Bethesda,Maryland,US,20817
Eisemann Theater,eisemann-theater.com,eisemann-theater.com,,,Consumer Electronics,Bethesda,Maryland,US,20814
Gaylord's Lamps & Shades,gaylordslampandshade.com,gaylordslampandshade.com,,,Consumer Electronics,Bethesda,Maryland,US,20814
JS Audio,jsaudio.com,jsaudio.com,,,Consumer Electronics,Bethesda,Maryland,US,20814
Maryland TV Mount,marylandtvmount.com,marylandtvmount.com,,,Consumer Electronics,Bethesda,Maryland,US,20814
Outdoor Illumination,outdoorillumination.com,outdoorillumination.com,,,Consumer Electronics,Bethesda,Maryland,US,20814
"Poseidon Systems, Inc",poseidonsystems.net,poseidonsystems.net,,,Consumer Electronics,Bethesda,Maryland,US,20816
Smart Building Technologies,smartbuildingtec.com,smartbuildingtec.com,https://www.linkedin.com/company/smart-bt,,Consumer Electronics,Bethesda,Maryland,US,20814
American Automation,american-automation.com,american-automation.com,,,Consumer Electronics,Bowie,Maryland,US,20715
Pull Up TV Mounting,pulluptvmounting.com,pulluptvmounting.com,,,Consumer Electronics,Bowie,Maryland,US,20716
Maryland Home Tech Consulting,mdhometech.com,mdhometech.com,,,Consumer Electronics,Catonsville,Maryland,US,21228
Unlimited Connect Installations,unlimitedconnect.com,unlimitedconnect.com,,,Consumer Electronics,Clinton,Maryland,US,20735
CCS Presentation Systems,ccsmidatlantic.com,ccsmidatlantic.com,,,Consumer Electronics,Columbia,Maryland,US,21045
Comm Link Inc,commlinkav.com,commlinkav.com,,,Consumer Electronics,Columbia,Maryland,US,21045
DZ Technology & Security LLC,dztechs.com,dztechs.com,,,Consumer Electronics,Columbia,Maryland,US,21045
"SCD Information Technology, LLC - MSP IT Support, Low Voltage Fiber Optic Data Cable, Access Control Company",scdit.com,scdit.com,https://www.linkedin.com/company/scd-information-technology,,Consumer Electronics,Columbia,Maryland,US,21046
SmartTouchUSA,smarttouchusa.com,smarttouchusa.com,https://www.linkedin.com/company/smarttouch---av,,Consumer Electronics,Columbia,Maryland,US,21045
System Automation,systemautomation.com,systemautomation.com,https://www.linkedin.com/company/system-automation-corporation,,Consumer Electronics,Columbia,Maryland,US,21046
"Vector Security - Columbia, MD",vectorsecurity.com,vectorsecurity.com,,,Consumer Electronics,Columbia,Maryland,US,21046
Signature Sound & Video,sigsv.com,sigsv.com,,,Consumer Electronics,Conshohocken,Maryland,US,19428
Petitbon Alarm Co.,petitbon.com,petitbon.com,,,Consumer Electronics,Crofton,Maryland,US,21114
Visual System Solutions & Integration (VSSI),vssi.llc,vssi.llc,,,Consumer Electronics,Crofton,Maryland,US,21114
"Home Tech Audio Video Concepts, Inc.",hometechav.com,hometechav.com,,,Consumer Electronics,Easton,Maryland,US,21601
SafeHouse LLC,thinksafehouse.com,thinksafehouse.com,,,Consumer Electronics,Easton,Maryland,US,21601
Shore Home Solutions,shorehomesolutions.com,shorehomesolutions.com,,,Consumer Electronics,Easton,Maryland,US,21601
Maddox Audio Video Design,maddoxav.com,maddoxav.com,,,Consumer Electronics,Edgewater,Maryland,US,21037
Best Integrated Systems,bestintegratedsystems.com,bestintegratedsystems.com,https://www.linkedin.com/company/best-integrated-systems,,Consumer Electronics,Elkridge,Maryland,US,21075
RTZ Audio Visual Associates Inc,rtzav.com,rtzav.com,,,Consumer Electronics,Elkridge,Maryland,US,21075
Limelight Audio Visual,limelightav.com,limelightav.com,,,Consumer Electronics,Ellicott City,Maryland,US,21043
THE WAY HOME PRODUCTIONS| Recording and Video Production in Ellicott City,thewayhomeproductions.com,thewayhomeproductions.com,,,Consumer Electronics,Ellicott City,Maryland,US,21043
Elite Home Entertainment,eheservices.com,eheservices.com,,,Consumer Electronics,Forest Hill,Maryland,US,21050
Ultimate Electronic Solutions,uesav.com,uesav.com,https://www.linkedin.com/company/ultimate-electronic-solutions,,Consumer Electronics,Fort Washington,Maryland,US,20744
Audio-Video Group,audiovideogroup.com,audiovideogroup.com,,,Consumer Electronics,Frederick,Maryland,US,21704
Gordon Systems-AVL Integration,gordon-systems.com,gordon-systems.com,,,Consumer Electronics,Gaithersburg,Maryland,US,20879
Innovative Developments LLC,innovativedevelopments.tech,innovativedevelopments.tech,,,Consumer Electronics,Gaithersburg,Maryland,US,20877
One Source Systems,onesourcesystems.com,onesourcesystems.com,https://www.linkedin.com/company/one-source-llc,,Consumer Electronics,Gaithersburg,Maryland,US,20879
SWAT AV,solutionsbyswat.com,solutionsbyswat.com,,,Consumer Electronics,Gaithersburg,Maryland,US,20878
Smart Automation Solutions,smartautomationsolutions.com,smartautomationsolutions.com,,,Consumer Electronics,Gaithersburg,Maryland,US,20877
Tech Hook-Up,tvmountinggermantown.com,tvmountinggermantown.com,,,Consumer Electronics,Germantown,Maryland,US,20876
Ultimate TV Mounting,ultimatetvmounting.com,ultimatetvmounting.com,,,Consumer Electronics,Glenn Dale,Maryland,US,20769
Hunt Audio Video,huntaudiovideo.com,huntaudiovideo.com,,,Consumer Electronics,Hagerstown,Maryland,US,21742
Global Audio Visual,globalaudiovisual.com,globalaudiovisual.com,,,Consumer Electronics,Hyattsville,Maryland,US,20781
"Casaplex, LLC",casaplex.com,casaplex.com,,,Consumer Electronics,Kensington,Maryland,US,20895
Total Audio Visual Systems,total-av.com,total-av.com,,,Consumer Electronics,Kensington,Maryland,US,20895
Level Up Automation Maryland,levelupautomationmd.com,levelupautomationmd.com,https://www.linkedin.com/company/level-up-your-home,,Consumer Electronics,Kingsville,Maryland,US,21087
Potomac Professional Audio Visual Solutions,potomacprofessionalav.com,potomacprofessionalav.com,,,Consumer Electronics,La Plata,Maryland,US,20646
Smart Automator | Washington DC Home Automation Electrician,smartautomator.com,smartautomator.com,,,Consumer Electronics,Lanham,Maryland,US,20706
Smarthost Design Technologies,smarthostdesign.com,smarthostdesign.com,https://www.linkedin.com/company/smarthosttech,,Consumer Electronics,Lanham,Maryland,US,20706
SMART automation,smart-iots.com,smart-iots.com,,,Consumer Electronics,Lansdowne,Maryland,US,20176
Metro Technical Services,metrotechnical.com,metrotechnical.com,https://www.linkedin.com/company/metro-technical-services-inc,,Consumer Electronics,Laurel,Maryland,US,20707
TomsBurg Surveillance,tomsburgsurveillance.com,tomsburgsurveillance.com,,,Consumer Electronics,Laurel,Maryland,US,20724
Just Audio,justaudiohifi.com,justaudiohifi.com,,,Consumer Electronics,Middle River,Maryland,US,21220
Elite Avid Group,eliteavidgroup.com,eliteavidgroup.com,,,Consumer Electronics,North Bethesda,Maryland,US,20852
Impact Home Technology LLC,impacthometechnology.com,impacthometechnology.com,,,Consumer Electronics,Ocean City,Maryland,US,21842
Ultimate Home Innovations,ultimatehomeinnovations.com,ultimatehomeinnovations.com,,,Consumer Electronics,Odenton,Maryland,US,21113
"Albrecht Properties & Home Improvements, Inc.",albrechthomeimprovements.com,albrechthomeimprovements.com,,,Consumer Electronics,Pasadena,Maryland,US,21122
Arundel Home Improvements Inc,arundelhomeimprovement.com,arundelhomeimprovement.com,,,Consumer Electronics,Pasadena,Maryland,US,21122
Building Automation Services Inc,bas-inc.net,bas-inc.net,,,Consumer Electronics,Pasadena,Maryland,US,21122
HS Technology Group,hstechgroup.com,hstechgroup.com,https://www.linkedin.com/company/hs-technology-group,,Consumer Electronics,Pikesville,Maryland,US,21208
Electronic Cinema Service,electroniccinemaservice.com,electroniccinemaservice.com,,,Consumer Electronics,Poolesville,Maryland,US,20837
"All About Sound and Video, Inc.",aasv.tv,aasv.tv,,,Consumer Electronics,Potomac,Maryland,US,20854
A.B.E. Networks,abenetworks.com,abenetworks.com,https://www.linkedin.com/company/abe-networks,,Consumer Electronics,Rockville,Maryland,US,20852
Chase Systems LLC,chasesystems.com,chasesystems.com,,,Consumer Electronics,Rockville,Maryland,US,20852
Home Technology Architects,htarchitects.com,htarchitects.com,https://www.linkedin.com/company/home-technology-architects,,Consumer Electronics,Rockville,Maryland,US,20852
National Technology Integrators,nti.llc,nti.llc,,,Consumer Electronics,Rockville,Maryland,US,20850
The Big Screen Store,thebigscreenstore.com,thebigscreenstore.com,,,Consumer Electronics,Rockville,Maryland,US,20852
Haas & Sons Electric - Electricians,haasandsons.com,haasandsons.com,,,Consumer Electronics,Severna Park,Maryland,US,21108
HiTech Upgrades,hitechupgrades.com,hitechupgrades.com,,,Consumer Electronics,Severna Park,Maryland,US,21146
A Backyard Movie Service JTB ENTERTAINMENT GROUP,jtbentertainmentgroup.com,jtbentertainmentgroup.com,,,Consumer Electronics,Silver Spring,Maryland,US,20902
AICyberHelp,aicyberhelp.com,aicyberhelp.com,,,Consumer Electronics,Silver Spring,Maryland,US,20901
Home Services LLC,home-services.us,home-services.us,,,Consumer Electronics,Silver Spring,Maryland,US,20906
Higgins & Spencer Inc,higginsandspencer.com,higginsandspencer.com,,,Consumer Electronics,St Michaels,Maryland,US,21663
Strategic Home Media,strategichomemedia.com,strategichomemedia.com,,,Consumer Electronics,Stevensville,Maryland,US,21666
Audio Description Associates LLC,audiodescribe.com,audiodescribe.com,,,Consumer Electronics,Takoma Park,Maryland,US,20912
Gramophone,gramophone.com,gramophone.com,,,Consumer Electronics,Timonium,Maryland,US,21093
Lit Live Videography & Marketing Solutions,litlivesolutions.com,litlivesolutions.com,,,Consumer Electronics,Upper Marlboro,Maryland,US,20772
"Innoface Systems, Inc",innofacesystems.com,innofacesystems.com,,,Consumer Electronics,Washington,Maryland,US,20036
Media Rooms Inc,mediaroomsinc.com,mediaroomsinc.com,,,Consumer Electronics,West Chester,Maryland,US,19382
WPS | Washington Professional Systems,wpsproav.com,wpsproav.com,,,Consumer Electronics,Wheaton-Glenmont,Maryland,US,20902
Huston & Company,hustonandcompany.com,hustonandcompany.com,,,Consumer Electronics,Arundel,Maine,US,04046
Connectivity Point Design & Installation,connectivitypoint.com,connectivitypoint.com,,,Consumer Electronics,Auburn,Maine,US,04210
Benchmark Multimedia,benchmarkmultimedia.com,benchmarkmultimedia.com,,,Consumer Electronics,Biddeford,Maine,US,04005
Av Systems of Maine L.L.C.,avsystemsofmaine.com,avsystemsofmaine.com,,,Consumer Electronics,Bowdoinham,Maine,US,04008
Atlantic AV,atlanticav.com,atlanticav.com,https://www.linkedin.com/company/atlantic-av,,Consumer Electronics,Brunswick,Maine,US,04011
Woofer Audio Video Elect Inc,wooferave.com,wooferave.com,,,Consumer Electronics,Cumberland,Maine,US,04021
Dutra Video Systems,videoengineering.com,videoengineering.com,,,Consumer Electronics,Eliot,Maine,US,03903
Power Sound of New England,powersoundne.com,powersoundne.com,,,Consumer Electronics,Eliot,Maine,US,03903
Xclusiv Audio,findmyremotestart.com,findmyremotestart.com,,,Consumer Electronics,Fairfield,Maine,US,04937
Cunningham Security Systems,cunninghamsecurity.com,cunninghamsecurity.com,,,Consumer Electronics,Falmouth,Maine,US,04105
McGuire Controls,mcguirecontrols.com,mcguirecontrols.com,,,Consumer Electronics,Falmouth,Maine,US,04105
Home Tech Solutions,hometechsolutions.org,hometechsolutions.org,,,Consumer Electronics,Freeport,Maine,US,04032
Maine Automation Inc,maineautomation.com,maineautomation.com,,,Consumer Electronics,Gorham,Maine,US,04038
Americana Workshop,awkshop.com,awkshop.com,,,Consumer Electronics,Kennebunk,Maine,US,04043
Appliance Advantage,theapplianceadvantage.com,theapplianceadvantage.com,,,Consumer Electronics,Kennebunk,Maine,US,04043
Aspire Home,aspirehomekennebunk.com,aspirehomekennebunk.com,,,Consumer Electronics,Kennebunk,Maine,US,04043
Ed's Alltronics,edsalltronics.com,edsalltronics.com,,,Consumer Electronics,Kennebunk,Maine,US,04043
Griffon Security Technologies,griffonsecurity.com,griffonsecurity.com,,,Consumer Electronics,Kennebunk,Maine,US,04043
Habitat For Humanity York County ReStore,habitatyorkcounty.org,habitatyorkcounty.org,,,Consumer Electronics,Kennebunk,Maine,US,04043
Saltwater Home,saltwater-home.com,saltwater-home.com,,,Consumer Electronics,Kennebunk,Maine,US,04043
"SmartHome Solutions, Inc",smarthomesolutionsinc.com,smarthomesolutionsinc.com,https://www.linkedin.com/company/smarthome-solutions-inc-,,Consumer Electronics,Kennebunk,Maine,US,04043
Video Creations,videocreations.tv,videocreations.tv,,,Consumer Electronics,Kennebunk,Maine,US,04043
"Alpine Building Co, LLC - RESChecks & Handyman",alpinebuildingconsultants.com,alpinebuildingconsultants.com,,,Consumer Electronics,Kennebunkport,Maine,US,04046
"Gary E Martin, Inc. Builders",garymartinbuilders.com,garymartinbuilders.com,,,Consumer Electronics,Kennebunkport,Maine,US,04046
Spang Builders,spangbuilders.com,spangbuilders.com,,,Consumer Electronics,Kennebunkport,Maine,US,04046
K Tronics Satellite Home Theater,ktronicsmaine.com,ktronicsmaine.com,,,Consumer Electronics,Madison,Maine,US,04950
360 Media Ventures,360mediaventures.com,360mediaventures.com,https://www.linkedin.com/company/360mediaventures,,Consumer Electronics,Portland,Maine,US,04101
A Tech Electric,atechelectricmaine.weebly.com,atechelectricmaine.weebly.com,,,Consumer Electronics,Portland,Maine,US,04103
Accent on Windows,accentonwindows.net,accentonwindows.net,,,Consumer Electronics,Portland,Maine,US,04102
Bell Electric,thebellelectric.com,thebellelectric.com,https://www.linkedin.com/company/bell-electric207,,Consumer Electronics,Portland,Maine,US,04103
Bulldog Automation,bulldogautomation.com,bulldogautomation.com,,,Consumer Electronics,Portland,Maine,US,04103
"Casco Bay Electric, LLC.",cascobayelectric.com,cascobayelectric.com,,,Consumer Electronics,Portland,Maine,US,04103
DC Home Systems-Maine,dchomesystems.com,dchomesystems.com,https://www.linkedin.com/company/daisyco,,Consumer Electronics,Portland,Maine,US,04102
Ekim IT Solutions,ekimit.com,ekimit.com,,,Consumer Electronics,Portland,Maine,US,04102
EverPresent,everpresent.com,everpresent.com,,,Consumer Electronics,Portland,Maine,US,04101
Fogg Lighting,fogglighting.com,fogglighting.com,,,Consumer Electronics,Portland,Maine,US,04101
Gilman Electrical Supply,gilmanportland.portalced.com,gilmanportland.portalced.com,,,Consumer Electronics,Portland,Maine,US,04102
Good Theater,goodtheater.com,goodtheater.com,,,Consumer Electronics,Portland,Maine,US,04103
Greater Portland Electric,greaterportlandelectric.com,greaterportlandelectric.com,,,Consumer Electronics,Portland,Maine,US,04103
Groff Video,groffvideo.com,groffvideo.com,,,Consumer Electronics,Portland,Maine,US,04101
Headlight Audio Visual Inc,headlightav.com,headlightav.com,https://www.linkedin.com/company/headlight-audio-visual,,Consumer Electronics,Portland,Maine,US,04103
Independent Audio,independentaudio.com,independentaudio.com,,,Consumer Electronics,Portland,Maine,US,04102
Industrial Automation Supply,iasinc.com,iasinc.com,https://www.linkedin.com/company/industrial-automation-supply,,Consumer Electronics,Portland,Maine,US,04103
Maine Hardware,mainehardware.com,mainehardware.com,,,Consumer Electronics,Portland,Maine,US,04102
Maine Video Marketing,mevideomarketing.com,mevideomarketing.com,,,Consumer Electronics,Portland,Maine,US,04103
Mr. Handyman of Greater Portland,mrhandyman.com,mrhandyman.com,,,Consumer Electronics,Portland,Maine,US,04103
Navadise Media,navadisemedia.com,navadisemedia.com,,,Consumer Electronics,Portland,Maine,US,04103
Ocean AVL,ocean-avl.com,ocean-avl.com,,,Consumer Electronics,Portland,Maine,US,04103
Port City Video,portcityvideo.com,portcityvideo.com,,,Consumer Electronics,Portland,Maine,US,04101
Portland House Of Music and Events (HOME),portlandhouseofmusic.com,portlandhouseofmusic.com,,,Consumer Electronics,Portland,Maine,US,04101
Portland Stage,portlandstage.org,portlandstage.org,,,Consumer Electronics,Portland,Maine,US,04101
Sonar Digital,sonardigital.co,sonardigital.co,,,Consumer Electronics,Portland,Maine,US,04101
Sonic Pictures,sonicpictures.com,sonicpictures.com,,,Consumer Electronics,Portland,Maine,US,04103
State Theatre,statetheatreportland.com,statetheatreportland.com,,,Consumer Electronics,Portland,Maine,US,04101
Studio Electric,studioelectric.tv,studioelectric.tv,,,Consumer Electronics,Portland,Maine,US,04101
The Apohadion Theater,apohadiontheater.org,apohadiontheater.org,,,Consumer Electronics,Portland,Maine,US,04101
The Audio Non-Visual Company,nonvisual.org,nonvisual.org,,,Consumer Electronics,Portland,Maine,US,04101
The Studio Portland,thestudioportland.com,thestudioportland.com,,,Consumer Electronics,Portland,Maine,US,04101
True Life Media,truelifemedia.com,truelifemedia.com,,,Consumer Electronics,Portland,Maine,US,04103
flyte new media,takeflyte.com,takeflyte.com,https://www.linkedin.com/company/flyte-new-media,,Consumer Electronics,Portland,Maine,US,04101
p3 creative,p3creative.co,p3creative.co,,,Consumer Electronics,Portland,Maine,US,04101
Launch Automation,launch-automation.com,launch-automation.com,,,Consumer Electronics,Raymond,Maine,US,04071
Fusion Audio Video,gofusionaudiovideo.com,gofusionaudiovideo.com,,,Consumer Electronics,Rockport,Maine,US,04856
Transparent Audio Inc.,transparentcable.com,transparentcable.com,,,Consumer Electronics,Saco,Maine,US,04072
"AV Technik, LLC",avtechnik.com,avtechnik.com,,,Consumer Electronics,Scarborough,Maine,US,04074
BCM Controls Corporation ( formerly Advance Technology Inc),bcmcontrols.com,bcmcontrols.com,https://www.linkedin.com/company/bcm-controls-corporation,,Consumer Electronics,Scarborough,Maine,US,04074
Canfield Systems Inc,canfieldsystems.com,canfieldsystems.com,,,Consumer Electronics,Scarborough,Maine,US,04074
Complete Mobile,completemobile.com,completemobile.com,,,Consumer Electronics,Scarborough,Maine,US,04074
Digital Sky,digitalsky.us.com,digitalsky.us.com,,,Consumer Electronics,Scarborough,Maine,US,04074
Tucker and Tucker Associates Audio and Video by Design,tuckerandtucker.com,tuckerandtucker.com,,,Consumer Electronics,Scarborough,Maine,US,04074
Agren,agrenappliance.com,agrenappliance.com,,,Consumer Electronics,South Portland,Maine,US,04106
Audio King Studio,audiokingstudio.com,audiokingstudio.com,,,Consumer Electronics,South Portland,Maine,US,04106
Entertainment Luxury Cinemas South Portland,entertainmentcinemas.com,entertainmentcinemas.com,,,Consumer Electronics,South Portland,Maine,US,04106
"Herman Mantis, Inc.",hermanmantis.com,hermanmantis.com,,,Consumer Electronics,South Portland,Maine,US,04106
NORTHEAST Technologies,northetech.com,northetech.com,,,Consumer Electronics,South Portland,Maine,US,04106
Norris Inc.,norrisinc.com,norrisinc.com,,,Consumer Electronics,South Portland,Maine,US,04106
Portland Media Group,portlandmediagrp.com,portlandmediagrp.com,,,Consumer Electronics,South Portland,Maine,US,04106
Maine Audio Visual,maineaudiovisual.com,maineaudiovisual.com,,,Consumer Electronics,Turner,Maine,US,04282
Katahdin Audio,katahdinaudio.com,katahdinaudio.com,,,Consumer Electronics,Waterboro,Maine,US,04030
"Flagship Premium Cinemas, Wells",wells.flagshipcinemas.com,wells.flagshipcinemas.com,,,Consumer Electronics,Wells,Maine,US,04090
HomeWiz,yourhomewiz.com,yourhomewiz.com,,,Consumer Electronics,Wells,Maine,US,04090
TC Hafford Basement Systems,tchafford.com,tchafford.com,,,Consumer Electronics,Wells,Maine,US,04090
Goodnow Electric,goodnowelectric.com,goodnowelectric.com,,,Consumer Electronics,Westbrook,Maine,US,04092
Downeast Audio Video,downeastaudiovideo.com,downeastaudiovideo.com,,,Consumer Electronics,Wiscasset,Maine,US,04578
Kyler's Tech Solutions,kylerstechsolutions.com,kylerstechsolutions.com,,,Consumer Electronics,Yarmouth,Maine,US,04096
Cliff House Maine,cliffhousemaine.com,cliffhousemaine.com,,,Consumer Electronics,York,Maine,US,03902
ADAMS ELECTRIC SHOP LLC,adamselectricshop.com,adamselectricshop.com,,,Consumer Electronics,Ann Arbor,Michigan,US,48108
AV Multimedia Solutions,avmultimediasolutionsmi.com,avmultimediasolutionsmi.com,,,Consumer Electronics,Ann Arbor,Michigan,US,48108
All Star Alarm LLC,allstaralarmllc.com,allstaralarmllc.com,,,Consumer Electronics,Ann Arbor,Michigan,US,48104
Altech Mechanical Service,altechmechanical.com,altechmechanical.com,,,Consumer Electronics,Ann Arbor,Michigan,US,48103
Ann Arbor Amplifier,annarboramplifier.com,annarboramplifier.com,,,Consumer Electronics,Ann Arbor,Michigan,US,48103
Architectural Media Systems,architecturalmediasystems.com,architecturalmediasystems.com,,,Consumer Electronics,Ann Arbor,Michigan,US,48103
Association for Advancing Automation,automate.org,automate.org,,,Consumer Electronics,Ann Arbor,Michigan,US,48108
Big George's Home Appliance Mart,big-georges.com,big-georges.com,,,Consumer Electronics,Ann Arbor,Michigan,US,48103
Comfort Mechanical Heating and Cooling,comfortmechanicalhvac.com,comfortmechanicalhvac.com,,,Consumer Electronics,Ann Arbor,Michigan,US,48108
Complete Production Systems,comprodsys.com,comprodsys.com,,,Consumer Electronics,Ann Arbor,Michigan,US,48103
Design Electrical Solutions Inc,designesinc.com,designesinc.com,,,Consumer Electronics,Ann Arbor,Michigan,US,48108
Ecotelligent Homes,ecotelligenthomes.com,ecotelligenthomes.com,,,Consumer Electronics,Ann Arbor,Michigan,US,48104
FAAC Incorporated,faac.com,faac.com,,,Consumer Electronics,Ann Arbor,Michigan,US,48108
Ferguson Plumbing Supply,ferguson.com,ferguson.com,,,Consumer Electronics,Ann Arbor,Michigan,US,48104
Gross Lighting & Home,grosslighting.com,grosslighting.com,,,Consumer Electronics,Ann Arbor,Michigan,US,48104
Handy Hometown Services,handyhometownservices.com,handyhometownservices.com,,,Consumer Electronics,Ann Arbor,Michigan,US,48103
"HistoSonics, Inc.",histosonics.com,histosonics.com,https://www.linkedin.com/company/histosonics-inc-,,Consumer Electronics,Ann Arbor,Michigan,US,48108
IVC Communications,ivccommunications.com,ivccommunications.com,,,Consumer Electronics,Ann Arbor,Michigan,US,48104
Intelisys Solutions,gointelisys.com,gointelisys.com,,,Consumer Electronics,Ann Arbor,Michigan,US,48103
Killer Electric,killerelectric.com,killerelectric.com,,,Consumer Electronics,Ann Arbor,Michigan,US,48104
Managed IT Services In Ann Arbor - CTS Companies,cts-companies.com,cts-companies.com,https://www.linkedin.com/company/cts-companies,,Consumer Electronics,Ann Arbor,Michigan,US,48108
Michigan Stadium,mgoblue.com,mgoblue.com,,,Consumer Electronics,Ann Arbor,Michigan,US,48104
Mr. Tunes,mrtunes.net,mrtunes.net,,,Consumer Electronics,Ann Arbor,Michigan,US,48104
Muse Audio,muse.audio,muse.audio,,,Consumer Electronics,Ann Arbor,Michigan,US,48103
NuLimit Electric,nulimitcontractors.com,nulimitcontractors.com,,,Consumer Electronics,Ann Arbor,Michigan,US,48103
Overture Audio,overture-audio.com,overture-audio.com,,,Consumer Electronics,Ann Arbor,Michigan,US,48103
Paragon Sight & Sound,paragonsns.com,paragonsns.com,,,Consumer Electronics,Ann Arbor,Michigan,US,48103
Premier Car Audio,premiercaraudio.net,premiercaraudio.net,,,Consumer Electronics,Ann Arbor,Michigan,US,48103
RealTruck,realtruck.com,realtruck.com,,,Consumer Electronics,Ann Arbor,Michigan,US,48108
Rosemark System,rosemarksystem.com,rosemarksystem.com,https://www.linkedin.com/company/shoshana-technologies-inc-,,Consumer Electronics,Ann Arbor,Michigan,US,48105
Rudolph Technology & Associates,rudolphtechnology.com,rudolphtechnology.com,,,Consumer Electronics,Ann Arbor,Michigan,US,48104
Solid Sound Recording Co.,solidsound.net,solidsound.net,,,Consumer Electronics,Ann Arbor,Michigan,US,48105
Stadium Hardware Inc.,stadiumhardware.net,stadiumhardware.net,,,Consumer Electronics,Ann Arbor,Michigan,US,48103
TEL Systems - Thalner Electronics,thalner.com,thalner.com,https://www.linkedin.com/company/tel-systems-thalner,,Consumer Electronics,Ann Arbor,Michigan,US,48103
THS Audio,thsaudio.com,thsaudio.com,,,Consumer Electronics,Ann Arbor,Michigan,US,48105
VMT Vision Systems Inc. Ann Arbor,vmt-vision-technology.com,vmt-vision-technology.com,,,Consumer Electronics,Ann Arbor,Michigan,US,48108
Wolverine Low Voltage,wolverinelowvoltage.com,wolverinelowvoltage.com,https://www.linkedin.com/company/wolverine-low-voltage,,Consumer Electronics,Ann Arbor,Michigan,US,48108
World Market,worldmarket.com,worldmarket.com,,,Consumer Electronics,Ann Arbor,Michigan,US,48104
Genesys,thegenesys.com,thegenesys.com,,,Consumer Electronics,Auburn Hills,Michigan,US,48326
Innovative Audio Video Sales,iavsales.com,iavsales.com,,,Consumer Electronics,Auburn Hills,Michigan,US,48326
J. Simon & Sons Electrical Contractors,jsimonelectric.com,jsimonelectric.com,,,Consumer Electronics,Berkley,Michigan,US,48072
The Modern Home Theater,themoderntheater.org,themoderntheater.org,,,Consumer Electronics,Birmingham,Michigan,US,48009
Gramophone Home Theater,gramophonehometheater.com,gramophonehometheater.com,,,Consumer Electronics,Bloomfield Hills,Michigan,US,48302
The Crystal View,thecrystalview.com,thecrystalview.com,,,Consumer Electronics,Caledonia,Michigan,US,49316
Absolute Automation,absoluteautomation.com,absoluteautomation.com,,,Consumer Electronics,Casco,Michigan,US,48064
Digital Interiors,digitalinteriorshd.com,digitalinteriorshd.com,,,Consumer Electronics,Clawson,Michigan,US,48017
Audio Imaging Specialists Inc.,audioimagingspecialists.com,audioimagingspecialists.com,,,Consumer Electronics,Clinton Township,Michigan,US,48035
"Jarbcom - Home Automation, Security, TV Mounting, Audio & Video",jarbcom.com,jarbcom.com,,,Consumer Electronics,Commerce Township,Michigan,US,48390
VerPlank Electric Inc.,verplankelectric.com,verplankelectric.com,,,Consumer Electronics,Comstock Park,Michigan,US,49321
The Home Security Guys,thehomesecurityguys.com,thehomesecurityguys.com,,,Consumer Electronics,Dearborn Heights,Michigan,US,48125
Audio Engineers of Detroit,aedetroit.com,aedetroit.com,https://www.linkedin.com/company/aedetroit,,Consumer Electronics,Detroit,Michigan,US,48201
Aurora Field - Wallpaper Installer in Michigan,aurora-field-design.space,aurora-field-design.space,,,Consumer Electronics,Detroit,Michigan,US,48201
Blake's Installation Service LLc,blakesinstallationservices.com,blakesinstallationservices.com,,,Consumer Electronics,Detroit,Michigan,US,48214
CITIZENS STATEWIDE HOME SECURITY DETROIT INC,securitycompaniesdetroitmi.com,securitycompaniesdetroitmi.com,,,Consumer Electronics,Detroit,Michigan,US,48243
Creative Audio Solutions,casdetroit.com,casdetroit.com,,,Consumer Electronics,Detroit,Michigan,US,48243
Detroit Field Techs,detroitfieldtechs.com,detroitfieldtechs.com,,,Consumer Electronics,Detroit,Michigan,US,48202
Detroit Integrated Electronics (DIE SYSTEMS),die.systems,die.systems,,,Consumer Electronics,Detroit,Michigan,US,48202
Detroit Opera House,detroitopera.org,detroitopera.org,,,Consumer Electronics,Detroit,Michigan,US,48226
Detroit Sound Station,soundstation.tech,soundstation.tech,,,Consumer Electronics,Detroit,Michigan,US,48210
Detroit handyman,detroithandyman.net,detroithandyman.net,,,Consumer Electronics,Detroit,Michigan,US,48226
Elevate Production Group,elevateproductiongroup.com,elevateproductiongroup.com,https://www.linkedin.com/company/corporate-production-services-group-llc,,Consumer Electronics,Detroit,Michigan,US,48226
Fox Theatre,313presents.com,313presents.com,,,Consumer Electronics,Detroit,Michigan,US,48201
Logical Owl,logicalowl.com,logicalowl.com,,,Consumer Electronics,Detroit,Michigan,US,48202
Motor City Electric Technologies,mceco.com,mceco.com,https://www.linkedin.com/company/mceco,,Consumer Electronics,Detroit,Michigan,US,48213
Murray Electrical Supply Co.,murraylighting.com,murraylighting.com,,,Consumer Electronics,Detroit,Michigan,US,48221
Museum of Illusions,moidetroit.com,moidetroit.com,,,Consumer Electronics,Detroit,Michigan,US,48226
Sound Board Theater,soundboarddetroit.com,soundboarddetroit.com,,,Consumer Electronics,Detroit,Michigan,US,48201
Vision Installation Group,vig369.com,vig369.com,,,Consumer Electronics,Detroit,Michigan,US,48226
Vista Solutions Inc.,vistasolutions.ca,vistasolutions.ca,https://www.linkedin.com/company/249527,,Consumer Electronics,Detroit,Michigan,US,48202
Wescomm Technologies Inc.,wescommtech.com,wescommtech.com,https://www.linkedin.com/company/wescomm-technologies-inc.,,Consumer Electronics,Detroit,Michigan,US,48243
Ambience Home Technology,ambiencehometech.com,ambiencehometech.com,https://www.linkedin.com/company/6330429,,Consumer Electronics,Douglas,Michigan,US,49406
Audio Visual Central LLC,audiovisualcentral.com,audiovisualcentral.com,,,Consumer Electronics,Farmington Hills,Michigan,US,48335
Paulson's Audio & Video Inc,paulsonsav.com,paulsonsav.com,https://www.linkedin.com/company/paulson%27s-audio-&-video,,Consumer Electronics,Farmington Hills,Michigan,US,48331
"Fuse Technology Group | IT Consulting and IT Services Provider Ferndale, MI",fusetg.com,fusetg.com,https://www.linkedin.com/company/fusetg,,Consumer Electronics,Ferndale,Michigan,US,48220
Lighting Supply,lightingsupply.com,lightingsupply.com,,,Consumer Electronics,Ferndale,Michigan,US,48220
TruMedia,trumediahome.com,trumediahome.com,,,Consumer Electronics,Forest Hills,Michigan,US,49301
The Sound Vision,thesoundvision.com,thesoundvision.com,https://www.linkedin.com/company/the-sound-vision,,Consumer Electronics,Franklin,Michigan,US,48025
Eisen AV,eisenav.com,eisenav.com,,,Consumer Electronics,Grand Haven,Michigan,US,49417
320 Automation LLC,320automation.com,320automation.com,,,Consumer Electronics,Grand Rapids,Michigan,US,49548
All-Phase Electric Supply,allphasegr.com,allphasegr.com,https://www.linkedin.com/company/all-phase-electric-supply-grand-rapids-mi,,Consumer Electronics,Grand Rapids,Michigan,US,49504
Audio Video Interiors Group,avigroup.biz,avigroup.biz,,,Consumer Electronics,Grand Rapids,Michigan,US,49525
Bring Back Analog,bringbackanalog.com,bringbackanalog.com,,,Consumer Electronics,Grand Rapids,Michigan,US,49508
Cochrane Supply & Engineering,cochranesupply.com,cochranesupply.com,https://www.linkedin.com/company/cochrane-supply-&-engineering,,Consumer Electronics,Grand Rapids,Michigan,US,49504
Control Electric,controlelectricinc.com,controlelectricinc.com,,,Consumer Electronics,Grand Rapids,Michigan,US,49546
Control Logic of Michigan,clomi.com,clomi.com,https://www.linkedin.com/company/control-logic-of-michigan,,Consumer Electronics,Grand Rapids,Michigan,US,49512
Created Control,createdcontrol.com,createdcontrol.com,,,Consumer Electronics,Grand Rapids,Michigan,US,49505
EPS Security,epssecurity.com,epssecurity.com,,,Consumer Electronics,Grand Rapids,Michigan,US,49504
Enertemp Inc,enertemp.com,enertemp.com,,,Consumer Electronics,Grand Rapids,Michigan,US,49508
Flotronics Automation,flotronicsautomation.com,flotronicsautomation.com,,,Consumer Electronics,Grand Rapids,Michigan,US,49503
Grand Rapids Lighting Center,grandrapidslighting.com,grandrapidslighting.com,,,Consumer Electronics,Grand Rapids,Michigan,US,49512
"Grand Rapids Tech (GR Tech) - Managed IT, Cyber Security, Security Cameras, Networks, and Marketing.",grandrapids.tech,grandrapids.tech,,,Consumer Electronics,Grand Rapids,Michigan,US,49525
Great Lakes Ace,greatlakesace.com,greatlakesace.com,,,Consumer Electronics,Grand Rapids,Michigan,US,49503
Great Lakes Automation Supply,glasupply.com,glasupply.com,https://www.linkedin.com/company/great-lakes-automation-supply,,Consumer Electronics,Grand Rapids,Michigan,US,49548
HS Inc. Automation,hsinc.us,hsinc.us,https://www.linkedin.com/company/h-s-die-engineering,,Consumer Electronics,Grand Rapids,Michigan,US,49544
Home Pro MI,homepromi.com,homepromi.com,,,Consumer Electronics,Grand Rapids,Michigan,US,49534
ITPartners+,itpartners.com,itpartners.com,,,Consumer Electronics,Grand Rapids,Michigan,US,49546
K Group Companies,kgroupcompanies.com,kgroupcompanies.com,https://www.linkedin.com/company/k-group-companies,,Consumer Electronics,Grand Rapids,Michigan,US,49504
KVO Communications Inc,kvoav.com,kvoav.com,,,Consumer Electronics,Grand Rapids,Michigan,US,49534
Light Bulb Co,thelightbulbco.com,thelightbulbco.com,https://www.linkedin.com/company/the-light-bulb-co,,Consumer Electronics,Grand Rapids,Michigan,US,49548
Linden Lighting Services,lindenlighting.net,lindenlighting.net,,,Consumer Electronics,Grand Rapids,Michigan,US,49548
LiveSpace,livespace.com,livespace.com,https://www.linkedin.com/company/livespaceavl,,Consumer Electronics,Grand Rapids,Michigan,US,49546
Misfitz Audio,misfitzaudio.com,misfitzaudio.com,,,Consumer Electronics,Grand Rapids,Michigan,US,49512
Oncore AV,oavpro.com,oavpro.com,,,Consumer Electronics,Grand Rapids,Michigan,US,49504
PanelBoy Controls LLC,panelboycontrols.com,panelboycontrols.com,,,Consumer Electronics,Grand Rapids,Michigan,US,49504
Pro AI LLC,proaigr.com,proaigr.com,,,Consumer Electronics,Grand Rapids,Michigan,US,49506
Progressive Companies,weareprogressive.com,weareprogressive.com,,,Consumer Electronics,Grand Rapids,Michigan,US,49525
SecurAlarm LLC,securalarm.com,securalarm.com,,,Consumer Electronics,Grand Rapids,Michigan,US,49509
Shaltz Automation,shaltzautomation.com,shaltzautomation.com,https://www.linkedin.com/company/shaltz-automation,,Consumer Electronics,Grand Rapids,Michigan,US,49548
TKS Security,gotks.com,gotks.com,,,Consumer Electronics,Grand Rapids,Michigan,US,49503
Tuff Automation,tuffautomation.com,tuffautomation.com,https://www.linkedin.com/company/tuff-automation,,Consumer Electronics,Grand Rapids,Michigan,US,49534
Vector Automation of America LLC,vectorautomation.com,vectorautomation.com,,,Consumer Electronics,Grand Rapids,Michigan,US,49503
Webb Electric of Grand Rapids Inc.,grand-rapids-electric.com,grand-rapids-electric.com,,,Consumer Electronics,Grand Rapids,Michigan,US,49503
"Grand Valley Automation, Inc.",gvainc.com,gvainc.com,,,Consumer Electronics,Grandville,Michigan,US,49418
HELM Automation LLC,helmautomation.com,helmautomation.com,,,Consumer Electronics,Grandville,Michigan,US,49418
The Lighting Corner,thelightingcorner.com,thelightingcorner.com,,,Consumer Electronics,Grandville,Michigan,US,49418
American Home Technology,ahtech.com,ahtech.com,,,Consumer Electronics,Harbor Springs,Michigan,US,49740
Grand Home Automation,grandhome.com,grandhome.com,https://www.linkedin.com/company/grand-home-automation,,Consumer Electronics,Hudsonville,Michigan,US,49426
Integrated Smart Technologies,istmi.com,istmi.com,,,Consumer Electronics,Jackson,Michigan,US,49202
A+ Lighting Solutions,apluslightingllc.com,apluslightingllc.com,,,Consumer Electronics,Jenison,Michigan,US,49428
Automation Design + Entertainment,automation-design.com,automation-design.com,https://www.linkedin.com/company/automationdesign,,Consumer Electronics,Kalamazoo,Michigan,US,49009
Gotcha Covered of Grand Rapids,gotchacovered.com,gotchacovered.com,,,Consumer Electronics,Kentwood,Michigan,US,49508
NEFF Automation,neffautomation.com,neffautomation.com,,,Consumer Electronics,Kentwood,Michigan,US,49512
Wire Wizards Electrical,wirewizardselectricalllc.com,wirewizardselectricalllc.com,,,Consumer Electronics,Kentwood,Michigan,US,49512
Building Electronics & Engineering LLC,buzzerguy.com,buzzerguy.com,,,Consumer Electronics,Livonia,Michigan,US,48150
In Tune Rentals LLC,intunerentals.com,intunerentals.com,,,Consumer Electronics,Livonia,Michigan,US,48150
Prudential Alarm,prudentialalarms.com,prudentialalarms.com,,,Consumer Electronics,Livonia,Michigan,US,48154
Tint World,tintworld.com,tintworld.com,https://www.linkedin.com/company/tint-world,,Consumer Electronics,Livonia,Michigan,US,48150
New Age Entertainment Inc.,newagehometheaters.com,newagehometheaters.com,,,Consumer Electronics,Macomb,Michigan,US,48042
Clarus Lighting & Controls,clarus-lighting.com,clarus-lighting.com,,,Consumer Electronics,Madison Heights,Michigan,US,48071
Galco,galco.com,galco.com,,,Consumer Electronics,Madison Heights,Michigan,US,48071
Interactive Lighting Supply,interactivelightingsupply.com,interactivelightingsupply.com,,,Consumer Electronics,Madison Heights,Michigan,US,48071
On Site Specialists,ossdetroit.com,ossdetroit.com,https://www.linkedin.com/company/on-site-specialists,,Consumer Electronics,Madison Heights,Michigan,US,48071
Universe Electric,universeelec.com,universeelec.com,,,Consumer Electronics,Madison Heights,Michigan,US,48071
Smart Offices and Smart Homes,smartofficesandsmarthomes.com,smartofficesandsmarthomes.com,https://www.linkedin.com/company/smart-homes-&-smart-offices,,Consumer Electronics,Mason,Michigan,US,48854
Eco Smart Home Pros,ecosmarthomepros.com,ecosmarthomepros.com,,,Consumer Electronics,Muskegon,Michigan,US,49445
Exotic Automation - Headquarters & ParkerStore,exoticautomation.com,exoticautomation.com,,,Consumer Electronics,New Hudson,Michigan,US,48165
SR Audio Inc.,sr-productions.com,sr-productions.com,,,Consumer Electronics,Oak Park,Michigan,US,48237
Creative Sound Solutions,css-audio.com,css-audio.com,,,Consumer Electronics,Plymouth,Michigan,US,48170
Premium Sound Solutions,premiumsoundsolutions.com,premiumsoundsolutions.com,,,Consumer Electronics,Plymouth,Michigan,US,48170
JBM Automation,jbmautomation.com,jbmautomation.com,https://www.linkedin.com/company/jbm-automation,,Consumer Electronics,Portage,Michigan,US,49002
Sound Planning Communications,soundplanningavl.com,soundplanningavl.com,,,Consumer Electronics,Redford Township,Michigan,US,48239
Wied Automation Inc.,wied-automation.com,wied-automation.com,,,Consumer Electronics,Redford Township,Michigan,US,48240
Syntronic Systems ~ Michigan Home Theater and Technology Experts,syntronicav.com,syntronicav.com,https://www.linkedin.com/company/syntronic-systems-llc,,Consumer Electronics,Rochester,Michigan,US,48309
Mark Electronics,markelectronics.net,markelectronics.net,,,Consumer Electronics,Rochester Hills,Michigan,US,48309
Almas Hi-Fi Stereo,getalmashifi.com,getalmashifi.com,,,Consumer Electronics,Royal Oak,Michigan,US,48073
Emagine Royal Oak,emagine-entertainment.com,emagine-entertainment.com,,,Consumer Electronics,Royal Oak,Michigan,US,48067
Metro Detroit Integrated Systems,mdisnow.com,mdisnow.com,,,Consumer Electronics,Royal Oak,Michigan,US,48073
Smart Home Innovations,smarthomeinno.com,smarthomeinno.com,,,Consumer Electronics,Saginaw,Michigan,US,48603
Audio Video System,audiovideosystem.com,audiovideosystem.com,,,Consumer Electronics,Shelby Township,Michigan,US,48315
FPAV Electronics,fpavelectronics.com,fpavelectronics.com,https://www.linkedin.com/company/feature-presentation-audio-&-video-llc.,,Consumer Electronics,Shelby Township,Michigan,US,48315
Telesis Electronics,telesiselectronics.com,telesiselectronics.com,,,Consumer Electronics,South Lyon,Michigan,US,48178
Guardian Alarm,guardianalarm.com,guardianalarm.com,,,Consumer Electronics,Southfield,Michigan,US,48033
SoundCheck,soundcheckllc.com,soundcheckllc.com,,,Consumer Electronics,Southfield,Michigan,US,48076
SE Solution,sesolution.us,sesolution.us,,,Consumer Electronics,Sterling Heights,Michigan,US,48312
Michigan Home Improvements,michiganhomeimprovements.com,michiganhomeimprovements.com,,,Consumer Electronics,Taylor,Michigan,US,48180
Production Management One Detroit,productionmanagementone.com,productionmanagementone.com,,,Consumer Electronics,Taylor,Michigan,US,48180
Creative Day Technologies,creativeday.com,creativeday.com,,,Consumer Electronics,Troy,Michigan,US,48083
IntelliTech Systems Inc.,intellitech-systems.com,intellitech-systems.com,https://www.linkedin.com/company/intellitech-systems,,Consumer Electronics,Troy,Michigan,US,48083
Spire Integrated Systems,spireintegrated.com,spireintegrated.com,https://www.linkedin.com/company/spire-integrated-systems,,Consumer Electronics,Troy,Michigan,US,48084
Tech Automation Inc.,tech-automation.com,tech-automation.com,https://www.linkedin.com/company/tech-automation-inc-,,Consumer Electronics,Troy,Michigan,US,48083
Axis Automation,axisco.com,axisco.com,,,Consumer Electronics,Walker,Michigan,US,49544
Thierica Automation & Equipment Co.,thiequip.com,thiequip.com,,,Consumer Electronics,Walker,Michigan,US,49534
"Sound Pictures, Inc.",soundpicturesonline.com,soundpicturesonline.com,,,Consumer Electronics,Westland,Michigan,US,48185
Harbert Home Systems,harberthomesystems.com,harberthomesystems.com,https://www.linkedin.com/company/harberthomesystems,,Consumer Electronics,Williamston,Michigan,US,48895
Bluewater,bluewatertech.com,bluewatertech.com,,,Consumer Electronics,Wixom,Michigan,US,48393
Omni Cabling & Technology Integration,omnicabling.com,omnicabling.com,https://www.linkedin.com/company/omni-cabling,,Consumer Electronics,Wixom,Michigan,US,48393
"Control Solutions, Inc",controlyourbuilding.com,controlyourbuilding.com,,,Consumer Electronics,Wyoming,Michigan,US,49509
Av Installation | Hm Audio Visual Services,hmavservices.com,hmavservices.com,,,Consumer Electronics,Ypsilanti,Michigan,US,48197
Motown Home Theater Services,motown-home-theater.webflow.io,motown-home-theater.webflow.io,,,Consumer Electronics,Ypsilanti,Michigan,US,48197
Industrial Control,industrialcontrol.com,industrialcontrol.com,,,Consumer Electronics,Zeeland,Michigan,US,49464
Custom Automation Inc.,customautomationinc.net,customautomationinc.net,https://www.linkedin.com/company/custom-automation-inc,,Consumer Electronics,Blaine,Minnesota,US,55449
MN Smart Homes,waterhail.com,waterhail.com,,,Consumer Electronics,Blaine,Minnesota,US,55449
Per Mar Security Services,permarsecurity.com,permarsecurity.com,https://www.linkedin.com/company/per-mar-security-services,,Consumer Electronics,Bloomington,Minnesota,US,55420
Phase Electric & Media,phase-electric.com,phase-electric.com,,,Consumer Electronics,Bloomington,Minnesota,US,55431
Aufderworld Corporation,aufderworld.com,aufderworld.com,,,Consumer Electronics,Brooklyn Center,Minnesota,US,55430
Excel AV Group,excelavgroup.com,excelavgroup.com,,,Consumer Electronics,Brooklyn Center,Minnesota,US,55430
Audio Video Electronics (AVE),audiovideoelectronics.com,audiovideoelectronics.com,,,Consumer Electronics,Brooklyn Park,Minnesota,US,55445
WNAV Audio Visual,wnav.tech,wnav.tech,,,Consumer Electronics,Brooklyn Park,Minnesota,US,55445
JB Media,j-bmedia.com,j-bmedia.com,,,Consumer Electronics,Burnsville,Minnesota,US,55337
Advanced Home,advancedhome.biz,advancedhome.biz,,,Consumer Electronics,Eagan,Minnesota,US,55121
ECSI System Integrators,ecsillc.com,ecsillc.com,https://www.linkedin.com/company/3330807,,Consumer Electronics,Eagan,Minnesota,US,55121
Alpha,alphax.us,alphax.us,,,Consumer Electronics,Eden Prairie,Minnesota,US,55344
Audio Enhancement Design,aedtheaters.com,aedtheaters.com,,,Consumer Electronics,Eden Prairie,Minnesota,US,55346
Audio Logic Systems,audiologicsystems.com,audiologicsystems.com,,,Consumer Electronics,Eden Prairie,Minnesota,US,55344
"Elite A/V & Automation, LLC MN",eliteava.com,eliteava.com,,,Consumer Electronics,Eden Prairie,Minnesota,US,55344
FORTÉ,ourforte.com,ourforte.com,https://www.linkedin.com/company/our-forte,,Consumer Electronics,Eden Prairie,Minnesota,US,55344
Nomad AV Systems,nomadavsystems.com,nomadavsystems.com,,,Consumer Electronics,Eden Prairie,Minnesota,US,55344
Outdoor Theater Systems,outdoortheatersystem.com,outdoortheatersystem.com,,,Consumer Electronics,Eden Prairie,Minnesota,US,55344
Wizard Installations L.L.C.,wizardinstallations.com,wizardinstallations.com,,,Consumer Electronics,Eden Prairie,Minnesota,US,55344
Admit One Home Systems,admitonesystems.com,admitonesystems.com,,,Consumer Electronics,Edina,Minnesota,US,55439
Minnesota Security - Home & Business Security Systems,minnesotasecurity.com,minnesotasecurity.com,,,Consumer Electronics,Edina,Minnesota,US,55439
Smart Homes Builders Inc,smarthomesbuilders.com,smarthomesbuilders.com,,,Consumer Electronics,Elk River,Minnesota,US,55330
Innovative Control Systems,icsminn.com,icsminn.com,https://www.linkedin.com/company/icsminn,,Consumer Electronics,Excelsior,Minnesota,US,55331
AV Events,aveventsmn.com,aveventsmn.com,,,Consumer Electronics,Golden Valley,Minnesota,US,55427
Halsten Systems Integration,hsintegration.com,hsintegration.com,https://www.linkedin.com/company/halsten-entertainment,,Consumer Electronics,Golden Valley,Minnesota,US,55426
LVC Companies,lvcinc.com,lvcinc.com,,,Consumer Electronics,Golden Valley,Minnesota,US,55416
Sound Masking Pros,soundmaskingpros.com,soundmaskingpros.com,,,Consumer Electronics,Golden Valley,Minnesota,US,55426
Seven Audio Video,sevenshometheater.com,sevenshometheater.com,,,Consumer Electronics,Ham Lake,Minnesota,US,55304
ACRT,acrtmn.com,acrtmn.com,,,Consumer Electronics,Hopkins,Minnesota,US,55343
Audio By Design,audiobydesign-mn.com,audiobydesign-mn.com,,,Consumer Electronics,Hopkins,Minnesota,US,55343
Luxury Lighting and Shades,luxurylightingandshades.com,luxurylightingandshades.com,,,Consumer Electronics,Lake Elmo,Minnesota,US,55042
Audio Research Corporation,audioresearch.com,audioresearch.com,,,Consumer Electronics,Maple Grove,Minnesota,US,55311
Minnesota Audio,minnesota.audio,minnesota.audio,,,Consumer Electronics,Maple Grove,Minnesota,US,55311
"AVP, Inc.",audiovideoplanners.com,audiovideoplanners.com,,,Consumer Electronics,Maplewood,Minnesota,US,55109
Western Systems,westernsystemsllc.com,westernsystemsllc.com,,,Consumer Electronics,Medina,Minnesota,US,55340
"Revolution Systems, Inc",revolutionsystemsinc.com,revolutionsystemsinc.com,https://www.linkedin.com/company/revolution-systems-inc,,Consumer Electronics,Mendota Heights,Minnesota,US,55120
SLH Home Systems / HYTE Technology,slhsystems.com,slhsystems.com,,,Consumer Electronics,Mendota Heights,Minnesota,US,55120
AVSI,avsi.com,avsi.com,,,Consumer Electronics,Minneapolis,Minnesota,US,55441
AVVR Inc.,avvr.com,avvr.com,,,Consumer Electronics,Minneapolis,Minnesota,US,55420
Audio Perfection,audioperfection.com,audioperfection.com,,,Consumer Electronics,Minneapolis,Minnesota,US,55423
"Automation, Inc.",automationinc.com,automationinc.com,,,Consumer Electronics,Minneapolis,Minnesota,US,55429
"Business Automation Specialists of MN, Inc.",bautomation.com,bautomation.com,,,Consumer Electronics,Minneapolis,Minnesota,US,55433
Control Assemblies,controlassemblies.com,controlassemblies.com,,,Consumer Electronics,Minneapolis,Minnesota,US,55447
"Curbside Productions, LLC",curbsideproductions.com,curbsideproductions.com,,,Consumer Electronics,Minneapolis,Minnesota,US,55418
"DC Tech AV, LLC",dctechav.com,dctechav.com,,,Consumer Electronics,Minneapolis,Minnesota,US,55441
El Rey Car Audio,elreycaraudiomn.com,elreycaraudiomn.com,,,Consumer Electronics,Minneapolis,Minnesota,US,55408
Electronic Design Company,edcsolutions.com,edcsolutions.com,,,Consumer Electronics,Minneapolis,Minnesota,US,55413
"Entertainment Designs, Inc.",entertainmentdesigns.tv,entertainmentdesigns.tv,https://www.linkedin.com/company/residential-technology-systems,,Consumer Electronics,Minneapolis,Minnesota,US,55405
Henley Audio,henleyaudio.com,henleyaudio.com,,,Consumer Electronics,Minneapolis,Minnesota,US,55418
HiFi Sound,hifi-sound.com,hifi-sound.com,,,Consumer Electronics,Minneapolis,Minnesota,US,55405
IMAV: Production Services,imav.pro,imav.pro,https://www.linkedin.com/company/imav-professional-audio-visual-services,,Consumer Electronics,Minneapolis,Minnesota,US,55418
Lavish Lighting and Illumination,lavishlightingandillumination.com,lavishlightingandillumination.com,,,Consumer Electronics,Minneapolis,Minnesota,US,55422
Legacy Security Technology Inc,legacysecurity.technology,legacysecurity.technology,https://www.linkedin.com/company/legacy-security-technology-inc,,Consumer Electronics,Minneapolis,Minnesota,US,55421
Magnolia Audio Video,magnoliaav.com,magnoliaav.com,,,Consumer Electronics,Minneapolis,Minnesota,US,55423
Mid-Co A/V Inc,midcoav.com,midcoav.com,,,Consumer Electronics,Minneapolis,Minnesota,US,55427
Minneapolis HiFi,minneapolishifi.com,minneapolishifi.com,,,Consumer Electronics,Minneapolis,Minnesota,US,55411
Nathan Lively - Pro Audio Software,sounddesignlive.com,sounddesignlive.com,,,Consumer Electronics,Minneapolis,Minnesota,US,55407
Networks Cinema and Sound,ncands.com,ncands.com,,,Consumer Electronics,Minneapolis,Minnesota,US,55404
Pillsbury House + Theatre,pillsburyhouseandtheatre.org,pillsburyhouseandtheatre.org,,,Consumer Electronics,Minneapolis,Minnesota,US,55407
RADIANT,radiantmpls.com,radiantmpls.com,,,Consumer Electronics,Minneapolis,Minnesota,US,55415
"Security One: Minneapolis, Minnesota Home Alarm Systems",securityoneonline.com,securityoneonline.com,,,Consumer Electronics,Minneapolis,Minnesota,US,55402
Spye,spye.co,spye.co,https://www.linkedin.com/company/spye,,Consumer Electronics,Minneapolis,Minnesota,US,55406
Stafford Home Service,staffordhomeservice.com,staffordhomeservice.com,,,Consumer Electronics,Minneapolis,Minnesota,US,55416
Stereoland Inc,stereoland.com,stereoland.com,,,Consumer Electronics,Minneapolis,Minnesota,US,55438
Tech Savvy,techsavvymn.com,techsavvymn.com,,,Consumer Electronics,Minneapolis,Minnesota,US,55407
Theater Latté Da,latteda.org,latteda.org,,,Consumer Electronics,Minneapolis,Minnesota,US,55413
"Timesavers, LLC. - Minneapolis",timesaversinc.com,timesaversinc.com,https://www.linkedin.com/company/timesavers-inc-,,Consumer Electronics,Minneapolis,Minnesota,US,55406
Visual Captive Video Production,visualcaptive.com,visualcaptive.com,,,Consumer Electronics,Minneapolis,Minnesota,US,55411
Wyatt Automated,wyattautomated.com,wyattautomated.com,,,Consumer Electronics,Minneapolis,Minnesota,US,55447
"Z Systems, Inc.",zsyst.com,zsyst.com,https://www.linkedin.com/company/z-systems-inc.,,Consumer Electronics,Minneapolis,Minnesota,US,55426
Bliss Hifi,blisshifi.com,blisshifi.com,,,Consumer Electronics,Minnetonka,Minnesota,US,55345
Cool Home Technology,coolhomeav.com,coolhomeav.com,,,Consumer Electronics,Minnetonka,Minnesota,US,55345
HI-TECH INSTALLATION/SECURITY LLC,hitechinstall.com,hitechinstall.com,,,Consumer Electronics,Minnetonka,Minnesota,US,55345
Lelch,golelch.com,golelch.com,https://www.linkedin.com/company/lelch-inc,,Consumer Electronics,Minnetonka,Minnesota,US,55345
Pro-Tec Design,pro-tecdesign.com,pro-tecdesign.com,https://www.linkedin.com/company/pro-tec-design,,Consumer Electronics,Minnetonka,Minnesota,US,55345
Production Automation Corporation,gotopac.com,gotopac.com,https://www.linkedin.com/company/production-automation-corporation,,Consumer Electronics,Minnetonka,Minnesota,US,55305
"Protection & Control Solutions, LLC",electricpcs.com,electricpcs.com,,,Consumer Electronics,Minnetonka,Minnesota,US,55343
Synergy Technology Solutions (formerly simple avs),synergy-ts.com,synergy-ts.com,,,Consumer Electronics,Minnetonka,Minnesota,US,55305
The Mounting Man - TV Mounting Service,themountingman.com,themountingman.com,,,Consumer Electronics,Minnetonka,Minnesota,US,55343
Vaddio,vaddio.com,vaddio.com,https://www.linkedin.com/company/28186909,,Consumer Electronics,Minnetonka,Minnesota,US,55305
Great River Automation LLC,greatriverautomation.com,greatriverautomation.com,https://www.linkedin.com/company/10245667,,Consumer Electronics,New Brighton,Minnesota,US,55112
Alex Audio Video and Computer Service,alexav.com,alexav.com,,,Consumer Electronics,New Hope,Minnesota,US,55428
AVEX Audio Visual,goavex.com,goavex.com,,,Consumer Electronics,Plymouth,Minnesota,US,55442
New Age Technology,newagetechnologymn.com,newagetechnologymn.com,,,Consumer Electronics,Plymouth,Minnesota,US,55447
ResTech Systems,restechsystems.com,restechsystems.com,https://www.linkedin.com/company/residential-technology-systems,,Consumer Electronics,Plymouth,Minnesota,US,55441
EMI Audio,emiaudio.com,emiaudio.com,,,Consumer Electronics,Robbinsdale,Minnesota,US,55422
Lucid Integrated Systems,lucidintegratedsystems.com,lucidintegratedsystems.com,,,Consumer Electronics,Robbinsdale,Minnesota,US,55422
Architechne,architechne.net,architechne.net,https://www.linkedin.com/company/architechne,,Consumer Electronics,Rochester,Minnesota,US,55906
"EPA Audio Visual, Inc.",epaaudio.com,epaaudio.com,,,Consumer Electronics,Rockford,Minnesota,US,55373
Twin Cities HiFi,twincitieshifi.com,twincitieshifi.com,,,Consumer Electronics,Roseville,Minnesota,US,55113
Acoustix Audio Video,acoustixav.com,acoustixav.com,,,Consumer Electronics,Savage,Minnesota,US,55378
Audio Video Extremes,audiovideoextremes.com,audiovideoextremes.com,https://www.linkedin.com/company/audio-video-extremes,,Consumer Electronics,St Joseph,Minnesota,US,56374
BMS Computer & AV Rentals,bmsrentals.com,bmsrentals.com,,,Consumer Electronics,St Louis Park,Minnesota,US,55426
E-Tronix,e-tronix.com,e-tronix.com,https://www.linkedin.com/company/e-tronix-a-stromberg-company,,Consumer Electronics,St Louis Park,Minnesota,US,55416
In-Focus Systems,infocussystems.com,infocussystems.com,https://www.linkedin.com/company/in-focus-systems,,Consumer Electronics,St Louis Park,Minnesota,US,55426
Micro Center,microcenter.com,microcenter.com,,,Consumer Electronics,St Louis Park,Minnesota,US,55416
Trimlight Minneapolis LLC,trimlightmn.com,trimlightmn.com,,,Consumer Electronics,St Louis Park,Minnesota,US,55426
"Westco Systems, Inc",yourwestco.com,yourwestco.com,,,Consumer Electronics,St Louis Park,Minnesota,US,55426
Bluum,bluum.com,bluum.com,,,Consumer Electronics,St Paul,Minnesota,US,55108
"Correct Cabling, LLC",correctcabling.com,correctcabling.com,,,Consumer Electronics,St Paul,Minnesota,US,55116
Northstar Home Technologies,northstarhometech.com,northstarhometech.com,,,Consumer Electronics,Stillwater,Minnesota,US,55082
Audio Visions of Minnesota,audio-visions.com,audio-visions.com,,,Consumer Electronics,Vadnais Heights,Minnesota,US,55110
Twin Cities Tech Services LLC,twincitiestechservices.com,twincitiestechservices.com,,,Consumer Electronics,Wayzata,Minnesota,US,55391
"RapidFire Safety & Security, St. Louis",rapidfiress.com,rapidfiress.com,https://www.linkedin.com/company/rapid-fire-safety-security,,Consumer Electronics,Affton,Missouri,US,63123
Video Assistance Company,glennwolk.com,glennwolk.com,,,Consumer Electronics,Arnold,Missouri,US,63010
Audio Video Experts,avexpertsstl.com,avexpertsstl.com,,,Consumer Electronics,Ballwin,Missouri,US,63011
Fusion Tech Companies,fusion-companies.com,fusion-companies.com,,,Consumer Electronics,Brentwood,Missouri,US,63144
HD Media Systems,hd-mediasystems.com,hd-mediasystems.com,https://www.linkedin.com/company/hd-media-systems,,Consumer Electronics,Cape Girardeau,Missouri,US,63701
Audio Advice,thesoundroom.com,thesoundroom.com,,,Consumer Electronics,Chesterfield,Missouri,US,63005
"Modern Home Technologies, LLC",eleganthometheatersystems.com,eleganthometheatersystems.com,,,Consumer Electronics,Chesterfield,Missouri,US,63017
Simply Smart,simplysmart.life,simplysmart.life,,,Consumer Electronics,Chesterfield,Missouri,US,63005
Westco Security & Technology Systems,westcosecurity.com,westcosecurity.com,https://www.linkedin.com/company/westcosecuritystl,,Consumer Electronics,Chesterfield,Missouri,US,63005
Encore,encoreav.co,encoreav.co,,,Consumer Electronics,Columbia,Missouri,US,65203
Automation Service,automationservice.com,automationservice.com,,,Consumer Electronics,Earth City,Missouri,US,63045
Secure24 Alarm Systems - ADT Authorized Dealer,s24alarms.com,s24alarms.com,,,Consumer Electronics,Earth City,Missouri,US,63045
Modern Communications,modcomm.com,modcomm.com,,,Consumer Electronics,Fenton,Missouri,US,63026
"Potts Electric, LLC",pottselectric.com,pottselectric.com,,,Consumer Electronics,Fenton,Missouri,US,63026
WireNuts Electrical Solutions,wirenutselectrical.solutions,wirenutselectrical.solutions,,,Consumer Electronics,Ferguson,Missouri,US,63135
Best Lighting & Accessories,bestlightingkc.com,bestlightingkc.com,,,Consumer Electronics,Gladstone,Missouri,US,64119
CaTia Integrated Systems,catiais.com,catiais.com,https://www.linkedin.com/company/catia-integrated-systems,,Consumer Electronics,Independence,Missouri,US,64055
Independence Audio-Video,indepaudio.com,indepaudio.com,,,Consumer Electronics,Independence,Missouri,US,64055
NerdTech Ai,nerdtech.ai,nerdtech.ai,,,Consumer Electronics,Independence,Missouri,US,64055
iControls Inc,icontrolskc.com,icontrolskc.com,,,Consumer Electronics,Independence,Missouri,US,64050
Advanced Sound & Communication,advancedsoundkc.com,advancedsoundkc.com,,,Consumer Electronics,KCMO,Missouri,US,64111
Evolution Audio,evolutionaudio.com,evolutionaudio.com,,,Consumer Electronics,KCMO,Missouri,US,64111
Harvest AV Solutions,avsolutionskc.com,avsolutionskc.com,,,Consumer Electronics,KCMO,Missouri,US,64106
Harvest Productions INC,harvestkc.com,harvestkc.com,,,Consumer Electronics,KCMO,Missouri,US,64106
Professional Sound Services,professionalsoundservices.net,professionalsoundservices.net,,,Consumer Electronics,KCMO,Missouri,US,64127
Weights and Measures Soundlab,wmsoundlab.com,wmsoundlab.com,,,Consumer Electronics,KCMO,Missouri,US,64127
Acvstica Audio,acvstica.com,acvstica.com,,,Consumer Electronics,Kansas City,Missouri,US,64101
Apex HomeTek,apexhometek.com,apexhometek.com,,,Consumer Electronics,Kansas City,Missouri,US,64108
Audio Innovations Inc.,audioinnovationsinc.com,audioinnovationsinc.com,,,Consumer Electronics,Kansas City,Missouri,US,64155
Automated Lifestyles,technologykc.com,technologykc.com,,,Consumer Electronics,Kansas City,Missouri,US,64119
Brickwall Solutions,brickwallkc.com,brickwallkc.com,https://www.linkedin.com/company/brickwall-solutions,,Consumer Electronics,Kansas City,Missouri,US,64112
Central States Security,kcsecuritycams.com,kcsecuritycams.com,,,Consumer Electronics,Kansas City,Missouri,US,64106
Current Solutions Electric,cse-kc.com,cse-kc.com,,,Consumer Electronics,Kansas City,Missouri,US,64131
GENESYS Systems Integrator,genesyscorp.net,genesyscorp.net,https://www.linkedin.com/company/genesys-systems-integrator,,Consumer Electronics,Kansas City,Missouri,US,64132
Healthcare Integrations,healthcareintegrations.com,healthcareintegrations.com,https://www.linkedin.com/company/healthcare-integrations,,Consumer Electronics,Kansas City,Missouri,US,64154
"Independent Home Solutions - Stairlifts, Ramps and Walk in Showers",kansascity.yourihs.com,kansascity.yourihs.com,,,Consumer Electronics,Kansas City,Missouri,US,64134
Jade Alarm Company,jadealarm.com,jadealarm.com,,,Consumer Electronics,Kansas City,Missouri,US,64131
"KC Tech Systems, LLC",kctechsystems.com,kctechsystems.com,,,Consumer Electronics,Kansas City,Missouri,US,64153
Kansas City Audio-Visual (KCAV),kcav.com,kcav.com,https://www.linkedin.com/company/KCAV,,Consumer Electronics,Kansas City,Missouri,US,64131
Kansas City Installers,kcofficeinstallers.com,kcofficeinstallers.com,,,Consumer Electronics,Kansas City,Missouri,US,64109
Level Up AV,levelupav.com,levelupav.com,,,Consumer Electronics,Kansas City,Missouri,US,64109
Rensenhouse Industrial Solutions,industrialsolutionsnetwork.com,industrialsolutionsnetwork.com,https://www.linkedin.com/company/rensenhouse,,Consumer Electronics,Kansas City,Missouri,US,64132
Tricension,tricension.com,tricension.com,https://www.linkedin.com/company/tricension,,Consumer Electronics,Kansas City,Missouri,US,64116
Turn Key Solution 3D,turnkeysolution3d.com,turnkeysolution3d.com,,,Consumer Electronics,Kansas City,Missouri,US,64111
Vivint Smart Home KC,vivintsmarthomekc.com,vivintsmarthomekc.com,,,Consumer Electronics,Kansas City,Missouri,US,64110
Xakia Technologies,xakiatech.com,xakiatech.com,https://www.linkedin.com/company/xakia-technologies,,Consumer Electronics,Kansas City,Missouri,US,64112
Life Media,lifemediallc.net,lifemediallc.net,,,Consumer Electronics,Kirkwood,Missouri,US,63122
Custom Connections LLC,customconnectionsav.com,customconnectionsav.com,,,Consumer Electronics,Lee's Summit,Missouri,US,64086
KCTV guyz LLC,kctvguyz.com,kctvguyz.com,,,Consumer Electronics,Lee's Summit,Missouri,US,64063
"Pavion (Formerly Short Circuit Electronics, Inc.)",pavion.com,pavion.com,https://www.linkedin.com/company/pavioncorp,,Consumer Electronics,Lee's Summit,Missouri,US,64064
Markey's - St Louis Regional Office,ironmansound.com,ironmansound.com,https://www.linkedin.com/company/markeys-experiences,,Consumer Electronics,Maplewood,Missouri,US,63143
Saint Louis Lighting Group,stlouislightinggroup.com,stlouislightinggroup.com,https://www.linkedin.com/company/st-louis-lighting-group,,Consumer Electronics,Maplewood,Missouri,US,63143
Bastian Solutions St. Louis,bastiansolutions.com,bastiansolutions.com,,,Consumer Electronics,Maryland Heights,Missouri,US,63043
Midwest Automation Inc.,midwestautomationinc.com,midwestautomationinc.com,,,Consumer Electronics,Maryland Heights,Missouri,US,63043
Walbrandt Electric & Technology,walbrandt.com,walbrandt.com,,,Consumer Electronics,Maryland Heights,Missouri,US,63043
Convergence Partners Inc.,convergerep.com,convergerep.com,,,Consumer Electronics,North Kansas City,Missouri,US,64116
"MDL Technology, LLC",mdltechnology.com,mdltechnology.com,,,Consumer Electronics,North Kansas City,Missouri,US,64116
Office Installation Company Inc.,officeinstallationcompany.com,officeinstallationcompany.com,,,Consumer Electronics,North Kansas City,Missouri,US,64116
Omnilife VR,omnilifevr.com,omnilifevr.com,,,Consumer Electronics,North Kansas City,Missouri,US,64116
Paradise Productions KC,paradiseproductionskc.com,paradiseproductionskc.com,,,Consumer Electronics,North Kansas City,Missouri,US,64116
Audio Visual Production Solutions,av-ps.com,av-ps.com,,,Consumer Electronics,O'Fallon,Missouri,US,63366
PASS Fire and Security,passfireandsecurity.com,passfireandsecurity.com,,,Consumer Electronics,Overland,Missouri,US,63114
C.M. Mose & Son,cmmoseandson.com,cmmoseandson.com,,,Consumer Electronics,Pleasant Valley,Missouri,US,64068
System Integration Group,systemig.com,systemig.com,,,Consumer Electronics,Pleasant Valley,Missouri,US,64068
Watchmen Security Services,watchmenkc.com,watchmenkc.com,,,Consumer Electronics,Raytown,Missouri,US,64133
Stand Strong Fencing of Parkville,standstrongfencing.com,standstrongfencing.com,,,Consumer Electronics,Riverside,Missouri,US,64150
St. Louis Corporate Video,stlouisvideo.com,stlouisvideo.com,,,Consumer Electronics,Sappington,Missouri,US,63126
"HomeTech 1,LLC | Greater St. Louis",hometech1.com,hometech1.com,,,Consumer Electronics,St Charles,Missouri,US,63304
"Loveland Home Solutions, LLC",lovelandhomesolutions.com,lovelandhomesolutions.com,,,Consumer Electronics,St Charles,Missouri,US,63301
SnapPro AV,snapproav.com,snapproav.com,,,Consumer Electronics,St Charles,Missouri,US,63301
TSI Global Companies,tsi-global.com,tsi-global.com,https://www.linkedin.com/company/149350,,Consumer Electronics,St Charles,Missouri,US,63301
Elite Technology Solutions,elite1988.com,elite1988.com,https://www.linkedin.com/company/elite1988,,Consumer Electronics,St Peters,Missouri,US,63376
SmartHome Technologies LLC,smarthome-stl.com,smarthome-stl.com,,,Consumer Electronics,St Peters,Missouri,US,63376
St Louis Alarm Co,stlalarmco.com,stlalarmco.com,,,Consumer Electronics,St Peters,Missouri,US,63376
A-Shade Company,ashadecompany.com,ashadecompany.com,,,Consumer Electronics,St. Louis,Missouri,US,63111
Agilix Solutions,goagilix.com,goagilix.com,https://www.linkedin.com/company/goagilix,,Consumer Electronics,St. Louis,Missouri,US,63146
Alarm Specialist & Electronics,alarmspecialist-stl.com,alarmspecialist-stl.com,,,Consumer Electronics,St. Louis,Missouri,US,63130
Alobar's Lighting and Sound,alobars.com,alobars.com,,,Consumer Electronics,St. Louis,Missouri,US,63144
Arch Audio Visual,archaudiovisual.com,archaudiovisual.com,,,Consumer Electronics,St. Louis,Missouri,US,63110
Arch City Audio Visual Services,archcityav.com,archcityav.com,,,Consumer Electronics,St. Louis,Missouri,US,63119
Beishir Audio Video & Home Automation,stlavtech.com,stlavtech.com,,,Consumer Electronics,St. Louis,Missouri,US,63123
Brody's,brodylamp.com,brodylamp.com,,,Consumer Electronics,St. Louis,Missouri,US,63143
CN Video,cn-video.com,cn-video.com,,,Consumer Electronics,St. Louis,Missouri,US,63116
Citywide Alarms,citywidealarms.com,citywidealarms.com,,,Consumer Electronics,St. Louis,Missouri,US,63105
ControlTech Automation,controltechautomation.com,controltechautomation.com,https://www.linkedin.com/company/controltech-automation---a-barry-wehmiller-company,,Consumer Electronics,St. Louis,Missouri,US,63146
Controlco Inc.,controlcostl.com,controlcostl.com,,,Consumer Electronics,St. Louis,Missouri,US,63103
Creative Audio Video and Automation,creativeavandautomation.com,creativeavandautomation.com,https://www.linkedin.com/company/2427564,,Consumer Electronics,St. Louis,Missouri,US,63127
Custom Sounds & Tint - South County,customsounds.com,customsounds.com,,,Consumer Electronics,St. Louis,Missouri,US,63129
DesigningSOUND,designingsound.net,designingsound.net,,,Consumer Electronics,St. Louis,Missouri,US,63103
DriveCentric,drivecentric.com,drivecentric.com,,,Consumer Electronics,St. Louis,Missouri,US,63127
Electrical Connection,electricalconnection.org,electricalconnection.org,,,Consumer Electronics,St. Louis,Missouri,US,63110
Electronic Solutions Inc,electronicsinc.com,electronicsinc.com,,,Consumer Electronics,St. Louis,Missouri,US,63132
Essential Audio Visual,essentialav.net,essentialav.net,,,Consumer Electronics,St. Louis,Missouri,US,63110
Frenchtown Audio,frenchtownrecords.com,frenchtownrecords.com,,,Consumer Electronics,St. Louis,Missouri,US,63116
Gateway Home Services,gatewayrealtyandhome.com,gatewayrealtyandhome.com,,,Consumer Electronics,St. Louis,Missouri,US,63123
HTE Technologies,htetechnologies.com,htetechnologies.com,,,Consumer Electronics,St. Louis,Missouri,US,63146
Imagine Multimedia Systems Inc,imaginemultimedia.co,imaginemultimedia.co,,,Consumer Electronics,St. Louis,Missouri,US,63117
Indoff,indoff.com,indoff.com,,,Consumer Electronics,St. Louis,Missouri,US,63146
Integration Controls,integrationcontrols.com,integrationcontrols.com,https://www.linkedin.com/company/integration-controls,,Consumer Electronics,St. Louis,Missouri,US,63127
John Henry Foster,jhf.com,jhf.com,https://www.linkedin.com/company/john-henry-foster_2,,Consumer Electronics,St. Louis,Missouri,US,63134
Kalb Lighting,kalblighting.com,kalblighting.com,,,Consumer Electronics,St. Louis,Missouri,US,63143
"Logic Systems Sound and Lighting, inc",logicsound.com,logicsound.com,,,Consumer Electronics,St. Louis,Missouri,US,63103
Marshall Electric Inc,marshallelectric.com,marshallelectric.com,,,Consumer Electronics,St. Louis,Missouri,US,63139
Momus LX,momuslx.com,momuslx.com,,,Consumer Electronics,St. Louis,Missouri,US,63103
Paramount Companies,paracompanies.com,paracompanies.com,,,Consumer Electronics,St. Louis,Missouri,US,63123
Primary Systems,primary-systems.com,primary-systems.com,,,Consumer Electronics,St. Louis,Missouri,US,63125
"Production Support Services, Inc.",productionsupportservices.com,productionsupportservices.com,,,Consumer Electronics,St. Louis,Missouri,US,63108
Quality Sight and Sound,qualitysightandsound.com,qualitysightandsound.com,,,Consumer Electronics,St. Louis,Missouri,US,63129
REEL IMPACT Audiovisual,reelimpact.com,reelimpact.com,,,Consumer Electronics,St. Louis,Missouri,US,63132
RJP Electric,rjpelectric.com,rjpelectric.com,,,Consumer Electronics,St. Louis,Missouri,US,63143
Reinhold Electric,reinholdelectric.com,reinholdelectric.com,,,Consumer Electronics,St. Louis,Missouri,US,63125
Rescue Audio,rescueaudio.shop,rescueaudio.shop,,,Consumer Electronics,St. Louis,Missouri,US,63146
SMART St. Louis.,smartstlouis.com,smartstlouis.com,,,Consumer Electronics,St. Louis,Missouri,US,63132
Schillers Audio Visual,schillersav.com,schillersav.com,,,Consumer Electronics,St. Louis,Missouri,US,63144
Schillers Camera,schillers.com,schillers.com,,,Consumer Electronics,St. Louis,Missouri,US,63144
SmartHouse,callsmarthouse.com,callsmarthouse.com,,,Consumer Electronics,St. Louis,Missouri,US,63130
St Louis Antique Lighting Co,slalco.com,slalco.com,,,Consumer Electronics,St. Louis,Missouri,US,63130
St. Louis Lighting Company,reinholdelectricsupply.com,reinholdelectricsupply.com,,,Consumer Electronics,St. Louis,Missouri,US,63125
St. Louis Video Production,stlouisvideoproduction.com,stlouisvideoproduction.com,,,Consumer Electronics,St. Louis,Missouri,US,63128
Streib Company,streibco.com,streibco.com,,,Consumer Electronics,St. Louis,Missouri,US,63126
TSV Sound & Vision,tsvsoundandvision.com,tsvsoundandvision.com,,,Consumer Electronics,St. Louis,Missouri,US,63139
Tech Electronics of St. Louis,techelectronics.com,techelectronics.com,,,Consumer Electronics,St. Louis,Missouri,US,63139
Tech2Call,tech2call.net,tech2call.net,,,Consumer Electronics,St. Louis,Missouri,US,63123
Vidzu Media,vidzu.com,vidzu.com,,,Consumer Electronics,St. Louis,Missouri,US,63102
iTrue Connect - Security,itruesecurity.com,itruesecurity.com,,,Consumer Electronics,St. Louis,Missouri,US,63134
"Advance Security & Technologies, LLC",aststl.com,aststl.com,,,Consumer Electronics,University City,Missouri,US,63130
A Sound and Video Company,asoundandvideo.com,asoundandvideo.com,,,Consumer Electronics,Valley Park,Missouri,US,63088
Music for Pleasure,musicforpleasure.com,musicforpleasure.com,,,Consumer Electronics,Webster Groves,Missouri,US,63119
The VHS Group,thevhsgroup.com,thevhsgroup.com,,,Consumer Electronics,Webster Groves,Missouri,US,63119
"St. Louis Smart Home, LLC",stlouissmarthome.com,stlouissmarthome.com,,,Consumer Electronics,Wildwood,Missouri,US,63038
Invisible Stereo,invisiblestereo.com,invisiblestereo.com,,,Consumer Electronics,Byhalia,Mississippi,US,38611
"Delta Electronics, Inc.",dedms.com,dedms.com,,,Consumer Electronics,Clinton,Mississippi,US,39056
Audio Solutions & Accessories,audiosolutionsms.com,audiosolutionsms.com,,,Consumer Electronics,Florence,Mississippi,US,39073
Audio Central,audiocentralms.com,audiocentralms.com,,,Consumer Electronics,Flowood,Mississippi,US,39232
Lighting & Power Solutions,lpsolutions-inc.com,lpsolutions-inc.com,,,Consumer Electronics,Flowood,Mississippi,US,39232
"Pennington & Trim Alarm Services, Inc.",penningtonandtrim.com,penningtonandtrim.com,,,Consumer Electronics,Flowood,Mississippi,US,39232
Upchurch Services LLC,upchurchservicesms.com,upchurchservicesms.com,,,Consumer Electronics,Flowood,Mississippi,US,39232
Audio Video Specialists,avsinc.ms,avsinc.ms,,,Consumer Electronics,Hattiesburg,Mississippi,US,39402
1Vision,1-vision.com,1-vision.com,,,Consumer Electronics,Jackson,Mississippi,US,39204
AED Security Services,aedsecurityservices.com,aedsecurityservices.com,,,Consumer Electronics,Jackson,Mississippi,US,39206
Beast Audio,beastaudio.net,beastaudio.net,,,Consumer Electronics,Jackson,Mississippi,US,39204
C&D TECH SOLUTIONS LLC,cdtechsolutionsllc.dev,cdtechsolutionsllc.dev,,,Consumer Electronics,Jackson,Mississippi,US,39213
Control Systems Inc,controlsysinc.com,controlsysinc.com,,,Consumer Electronics,Jackson,Mississippi,US,39202
Crawford Electric Supply,crawfordelectricsupply.com,crawfordelectricsupply.com,,,Consumer Electronics,Jackson,Mississippi,US,39201
Davaine,davaine.us,davaine.us,,,Consumer Electronics,Jackson,Mississippi,US,39201
Home Theater Solutions,hts601.com,hts601.com,,,Consumer Electronics,Jackson,Mississippi,US,39211
Industrial Control Solutions,goicsinc.net,goicsinc.net,,,Consumer Electronics,Jackson,Mississippi,US,39212
Light Bulb & Lighting Supplies,lightbulb.supplies,lightbulb.supplies,,,Consumer Electronics,Jackson,Mississippi,US,39213
TEC,tec.com,tec.com,,,Consumer Electronics,Jackson,Mississippi,US,39201
Two Wire Electric Supply Co,twowireelectric.com,twowireelectric.com,,,Consumer Electronics,Jackson,Mississippi,US,39201
Bowie Audio Visual,bowieav.com,bowieav.com,,,Consumer Electronics,Madison,Mississippi,US,39110
"Mississippi Sound And Video, LLC",mississippisoundandvideo.com,mississippisoundandvideo.com,,,Consumer Electronics,Pass Christian,Mississippi,US,39571
Jackson Communications Inc,jacksoncom.com,jacksoncom.com,,,Consumer Electronics,Pearl,Mississippi,US,39208
"Roberson Construction, LLC",robersonconstruct.com,robersonconstruct.com,,,Consumer Electronics,Pearl,Mississippi,US,39208
Sound & Communications LLC,soundcomav.com,soundcomav.com,,,Consumer Electronics,Pearl,Mississippi,US,39208
Total Electric,totalelectricms.com,totalelectricms.com,,,Consumer Electronics,Pearl,Mississippi,US,39208
Proctor and Chandler,proctorandchandler.com,proctorandchandler.com,,,Consumer Electronics,Raymond,Mississippi,US,39154
Pro Audio Center,proaudiocenter.com,proaudiocenter.com,,,Consumer Electronics,Richland,Mississippi,US,39218
Dk Digital Design Inc,dkddesign.com,dkddesign.com,,,Consumer Electronics,Ridgeland,Mississippi,US,39157
"Innovative Solutions and Communications, LLC",innovativesolutionsms.com,innovativesolutionsms.com,,,Consumer Electronics,Ridgeland,Mississippi,US,39157
Magnolia Lighting - Ridgeland,magnolialighting.com,magnolialighting.com,,,Consumer Electronics,Ridgeland,Mississippi,US,39157
Mississippi Smart Homes,mssmarthomes.com,mssmarthomes.com,https://www.linkedin.com/company/mississippi-smart-homes,,Consumer Electronics,Ridgeland,Mississippi,US,39157
Beck's Custom Audio & Video,beckscustomav.com,beckscustomav.com,,,Consumer Electronics,Tupelo,Mississippi,US,38804
Evolution AVA,evolutionava.com,evolutionava.com,,,Consumer Electronics,Belgrade,Montana,US,59714
Platinum Tech Services,platinumtechservices.net,platinumtechservices.net,,,Consumer Electronics,Belgrade,Montana,US,59714
Ace Hardware - Big Sky,acebigskytools.com,acebigskytools.com,,,Consumer Electronics,Big Sky,Montana,US,59716
Big Sky Home Management,bigskyhomemanagement.com,bigskyhomemanagement.com,https://www.linkedin.com/company/107565658,,Consumer Electronics,Big Sky,Montana,US,59716
Big Sky Luxury Vacations,bigskyluxuryvacations.com,bigskyluxuryvacations.com,https://www.linkedin.com/company/big-sky-luxury-vacations,,Consumer Electronics,Big Sky,Montana,US,59716
Big Sky Town Center,bigskytowncenter.com,bigskytowncenter.com,,,Consumer Electronics,Big Sky,Montana,US,59716
Montage Big Sky,montage.com,montage.com,,,Consumer Electronics,Big Sky,Montana,US,59716
Outlaw Partners,outlaw.partners,outlaw.partners,,,Consumer Electronics,Big Sky,Montana,US,59716
The Waypoint,thebigskywaypoint.com,thebigskywaypoint.com,,,Consumer Electronics,Big Sky,Montana,US,59716
Big Sky VCR Powered by Tallon Tech Solutions,bigskyvcr.com,bigskyvcr.com,,,Consumer Electronics,Billings,Montana,US,59101
CK Tech Security - Cabling - Integrations,cktechmt.com,cktechmt.com,,,Consumer Electronics,Billings,Montana,US,59101
Sunshine Productions Ltd,sunshinetheatrical.com,sunshinetheatrical.com,,,Consumer Electronics,Black Eagle,Montana,US,59414
Audio Artisans,theaudioartisans.com,theaudioartisans.com,,,Consumer Electronics,Bozeman,Montana,US,59718
Big Sky HiFi,bigskyhifi.org,bigskyhifi.org,,,Consumer Electronics,Bozeman,Montana,US,59718
Elevate Integrated Systems,elevateintegrated.com,elevateintegrated.com,https://www.linkedin.com/company/linkedin-elevate-integrated-systems,,Consumer Electronics,Bozeman,Montana,US,59718
High Mountain Technologies,highmtn.net,highmtn.net,,,Consumer Electronics,Bozeman,Montana,US,59718
Poindexter's,poindexters.com,poindexters.com,,,Consumer Electronics,Bozeman,Montana,US,59715
SAV Bozeman Showroom,savinc.net,savinc.net,https://www.linkedin.com/company/sav-digital-environments,,Consumer Electronics,Bozeman,Montana,US,59715
Smart Home Systems,shs-mt.com,shs-mt.com,,,Consumer Electronics,Bozeman,Montana,US,59718
Sound Pro,soundprobozeman.net,soundprobozeman.net,,,Consumer Electronics,Bozeman,Montana,US,59718
Turn It Up Technologies,turnituptech.com,turnituptech.com,,,Consumer Electronics,Bozeman,Montana,US,59718
Montana Pro Audio LLC,montanaproaudio.com,montanaproaudio.com,,,Consumer Electronics,Butte,Montana,US,59701
Northwestern Security Solutions LLC,northwesternsecuritysolutions.com,northwesternsecuritysolutions.com,,,Consumer Electronics,Butte,Montana,US,59701
Simple Tech,simpletechmt.com,simpletechmt.com,https://www.linkedin.com/company/simple-techmt,,Consumer Electronics,Columbia Falls,Montana,US,59912
Magnum Opus Audio Video,montanasmarthome.com,montanasmarthome.com,,,Consumer Electronics,Corvallis,Montana,US,59828
Montana Automation,montana-automation.com,montana-automation.com,,,Consumer Electronics,Cut Bank,Montana,US,59427
iFlyBigSky,iflybigsky.com,iflybigsky.com,,,Consumer Electronics,East Helena,Montana,US,59635
Audio Elation,audioelation.com,audioelation.com,,,Consumer Electronics,Florence,Montana,US,59833
Big Sky Tech Help,bigskytechhelp.com,bigskytechhelp.com,https://www.linkedin.com/company/leman-consulting-llc,,Consumer Electronics,Gallatin Gateway,Montana,US,59730
Friendly Handyman,milo-jaimes.com,milo-jaimes.com,,,Consumer Electronics,Gallatin Gateway,Montana,US,59730
Reference Audio Video,refav.com,refav.com,,,Consumer Electronics,Great Falls,Montana,US,59405
Big Sky Acoustics,bigskyacoustics.com,bigskyacoustics.com,,,Consumer Electronics,Helena,Montana,US,59601
Alpen Haus Technology,alpenhaustech.com,alpenhaustech.com,,,Consumer Electronics,Kalispell,Montana,US,59901
Ambient Electric,ambient-electric.com,ambient-electric.com,,,Consumer Electronics,Kalispell,Montana,US,59901
Aura Dynamic Systems,auradynamics.com,auradynamics.com,,,Consumer Electronics,Kalispell,Montana,US,59901
Eyehear Technology Group,eyehear.us,eyehear.us,,,Consumer Electronics,Kalispell,Montana,US,59901
Heaven's Peak Technologies,heavenspeakmt.com,heavenspeakmt.com,,,Consumer Electronics,Kalispell,Montana,US,59901
Home Pro - Smart Technology,homepro406.com,homepro406.com,,,Consumer Electronics,Kalispell,Montana,US,59901
Sounds.Easy Technology Solutions,soundseasy.us,soundseasy.us,,,Consumer Electronics,Kalispell,Montana,US,59901
Automated Living,automatedlivingmt.com,automatedlivingmt.com,,,Consumer Electronics,Missoula,Montana,US,59808
Big Sky Production Services,bigskyproductionservices.com,bigskyproductionservices.com,,,Consumer Electronics,Missoula,Montana,US,59804
Intelligent Controls,intelligentcontrols.io,intelligentcontrols.io,,,Consumer Electronics,Missoula,Montana,US,59808
Systems Northwest,snwmt.com,snwmt.com,,,Consumer Electronics,Missoula,Montana,US,59804
Real Audio Concepts,realaudioconcepts.com,realaudioconcepts.com,,,Consumer Electronics,Shepherd,Montana,US,59079
Alta Services Inc.,altaservices.net,altaservices.net,,,Consumer Electronics,Victor,Montana,US,59875
Big Sky Builders of Montana Inc,bigskybuilders.net,bigskybuilders.net,,,Consumer Electronics,Victor,Montana,US,59875
Bridgewater Innovative Builders,bridgewaterbuilds.com,bridgewaterbuilds.com,,,Consumer Electronics,Whitefish,Montana,US,59937
Digital Audio Technologies,digitalaudiotechnologies.com,digitalaudiotechnologies.com,,,Consumer Electronics,Whitefish,Montana,US,59937
Electric Montana,electricmontana.com,electricmontana.com,,,Consumer Electronics,Whitefish,Montana,US,59937
JMac Productions Media Marketing Company,jmacvideo.com,jmacvideo.com,,,Consumer Electronics,Whitefish,Montana,US,59937
"Whitefish Productions, LLC",whitefishproductions.com,whitefishproductions.com,,,Consumer Electronics,Whitefish,Montana,US,59937
Connesso,getconnesso.com,getconnesso.com,,,Consumer Electronics,Apex,North Carolina,US,27502
SECUR-TEK,mysecurtek.com,mysecurtek.com,,,Consumer Electronics,Apex,North Carolina,US,27502
Tronic Integration LLC,tronicintegration.com,tronicintegration.com,https://www.linkedin.com/company/tronic-integration,,Consumer Electronics,Apex,North Carolina,US,27502
"Jackson Electrical Contractors, Inc.",jacksonelect.com,jacksonelect.com,https://www.linkedin.com/company/jacksonelectnc,,Consumer Electronics,Arden,North Carolina,US,28704
SimplyHome Technology,simply-home.com,simply-home.com,,,Consumer Electronics,Arden,North Carolina,US,28704
Advanced Automated Solutions,aasmfg.com,aasmfg.com,,,Consumer Electronics,Asheville,North Carolina,US,28804
Asheville Security Systems,ashevillesecurity.com,ashevillesecurity.com,,,Consumer Electronics,Asheville,North Carolina,US,28806
Audio Inc.,audioinc.net,audioinc.net,,,Consumer Electronics,Asheville,North Carolina,US,28804
Edwards Equipment Company,edwardsequipmentinc.com,edwardsequipmentinc.com,,,Consumer Electronics,Asheville,North Carolina,US,28801
Harmony AVL+media,harmonyinteriors.com,harmonyinteriors.com,,,Consumer Electronics,Asheville,North Carolina,US,28805
Herrington Homes,herringtonhomesllc.com,herringtonhomesllc.com,,,Consumer Electronics,Asheville,North Carolina,US,28704
Hi-Tech Integrated Systems,hi-techsystems.com,hi-techsystems.com,,,Consumer Electronics,Asheville,North Carolina,US,28806
North Carolina Stage Company,ncstage.org,ncstage.org,,,Consumer Electronics,Asheville,North Carolina,US,28801
One Touch AVL,onetouchavl.com,onetouchavl.com,,,Consumer Electronics,Asheville,North Carolina,US,28801
Resolute Design Group,resolutedesigngroup.com,resolutedesigngroup.com,,,Consumer Electronics,Asheville,North Carolina,US,28704
Rexel,rexelusa.com,rexelusa.com,https://www.linkedin.com/company/rexelusa,,Consumer Electronics,Asheville,North Carolina,US,28801
SCW,getscw.com,getscw.com,,,Consumer Electronics,Asheville,North Carolina,US,28806
Silent Audio Co.,silentaudio.net,silentaudio.net,,,Consumer Electronics,Asheville,North Carolina,US,28801
StereoMan,ncstereoman.com,ncstereoman.com,,,Consumer Electronics,Asheville,North Carolina,US,28806
d&b audiotechnik Corporation,dbaudio.com,dbaudio.com,,,Consumer Electronics,Asheville,North Carolina,US,28803
Electrical Solutions USA,electricalsolutionusa.com,electricalsolutionusa.com,,,Consumer Electronics,Bolivia,North Carolina,US,28422
Triad Automation Inc.,triadautomation.com,triadautomation.com,,,Consumer Electronics,Browns Summit,North Carolina,US,27214
IT Automation LLC,itautomation.com,itautomation.com,https://www.linkedin.com/company/itautomation,,Consumer Electronics,Cary,North Carolina,US,27511
"MCR Integrated Technologies, Inc.",mcr-it.com,mcr-it.com,,,Consumer Electronics,Cary,North Carolina,US,27518
RDU TV Mounting & Audio Video,rduaudiovideo.com,rduaudiovideo.com,,,Consumer Electronics,Cary,North Carolina,US,27513
Technical Video Systems,techvid.tv,techvid.tv,,,Consumer Electronics,Cary,North Carolina,US,27511
Hoffey's Computers,hoffeys.com,hoffeys.com,,,Consumer Electronics,Cashiers,North Carolina,US,28717
Integrated ArchiTech,integratedarchitech.com,integratedarchitech.com,,,Consumer Electronics,Cashiers,North Carolina,US,28717
365 PRO AudioVideo,365proav.com,365proav.com,,,Consumer Electronics,Charlotte,North Carolina,US,28202
"A E Global Media, Inc.",aeglobalmedia.com,aeglobalmedia.com,,,Consumer Electronics,Charlotte,North Carolina,US,28214
AVgator Inc,avgator.com,avgator.com,https://www.linkedin.com/company/avgator,,Consumer Electronics,Charlotte,North Carolina,US,28210
AVwright Integration,avwright.com,avwright.com,https://www.linkedin.com/company/avwright,,Consumer Electronics,Charlotte,North Carolina,US,28277
Audio Video Specialties,avspecialties.net,avspecialties.net,,,Consumer Electronics,Charlotte,North Carolina,US,28217
Breiding Electronics,breidingelectronics.com,breidingelectronics.com,,,Consumer Electronics,Charlotte,North Carolina,US,28211
CATJACKS LLC,getcatjacks.com,getcatjacks.com,,,Consumer Electronics,Charlotte,North Carolina,US,28212
CPI Security Systems,cpisecurity.com,cpisecurity.com,,,Consumer Electronics,Charlotte,North Carolina,US,28273
Carolina Fixture Sales,carolinafixturesales.com,carolinafixturesales.com,,,Consumer Electronics,Charlotte,North Carolina,US,28203
Cenero,cenero.com,cenero.com,,,Consumer Electronics,Charlotte,North Carolina,US,28216
Charlotte Sound & Visual Systems,csvs.com,csvs.com,https://www.linkedin.com/company/charlotte-sound-&-visual-systems-inc-,,Consumer Electronics,Charlotte,North Carolina,US,28203
Clarity Incorporated --- AVL Experts,clarityincorporated.com,clarityincorporated.com,,,Consumer Electronics,Charlotte,North Carolina,US,28269
Clarity Sight Sound Design,clarityssd.com,clarityssd.com,,,Consumer Electronics,Charlotte,North Carolina,US,28205
ClarkPowell,clark-powell.com,clark-powell.com,,,Consumer Electronics,Charlotte,North Carolina,US,28208
Connextec,connextec.com,connextec.com,,,Consumer Electronics,Charlotte,North Carolina,US,28273
Custom House Home Entertainment,customhousetechnology.com,customhousetechnology.com,,,Consumer Electronics,Charlotte,North Carolina,US,28217
DKR AUDIO & VIDEO,dkraudio7.wixsite.com,dkraudio7.wixsite.com,,,Consumer Electronics,Charlotte,North Carolina,US,28211
Fairfield Pro AV INC.,fairfieldproav.com,fairfieldproav.com,,,Consumer Electronics,Charlotte,North Carolina,US,28206
"Hoffman Building Technologies, Inc.",hbtech.com,hbtech.com,https://www.linkedin.com/company/hoffman-building-technologies,,Consumer Electronics,Charlotte,North Carolina,US,28206
Home Technology Solutions,htscompanies.com,htscompanies.com,https://www.linkedin.com/company/home-technology-solutions,,Consumer Electronics,Charlotte,North Carolina,US,28270
Home Theater Solutions,htscarolinas.com,htscarolinas.com,,,Consumer Electronics,Charlotte,North Carolina,US,28206
INSIGHT AUTOMATION,insight-auto.com,insight-auto.com,https://www.linkedin.com/company/insightauto,,Consumer Electronics,Charlotte,North Carolina,US,28208
JSB Security Solutions Inc.,jsbsecuritysolutions.com,jsbsecuritysolutions.com,,,Consumer Electronics,Charlotte,North Carolina,US,28212
"LaVoie Audio/Video Integration, Installation and Design",lavoieav.net,lavoieav.net,,,Consumer Electronics,Charlotte,North Carolina,US,28269
Lantern & Scroll,lanternandscroll.com,lanternandscroll.com,,,Consumer Electronics,Charlotte,North Carolina,US,28205
Layer One Technologies,layeronetechnologies.com,layeronetechnologies.com,,,Consumer Electronics,Charlotte,North Carolina,US,28217
Lee Lighting Distribution Center (Not Open to Public),leelighting.com,leelighting.com,,,Consumer Electronics,Charlotte,North Carolina,US,28269
Level Up Tailored Window Coverings,levelupcharlotte.com,levelupcharlotte.com,,,Consumer Electronics,Charlotte,North Carolina,US,28277
Lighting & Bulbs Unlimited,lightingandbulbsunlimited.com,lightingandbulbsunlimited.com,,,Consumer Electronics,Charlotte,North Carolina,US,28205
Martin Taylor - Techliterati Smart Home & AV,techliterati.com,techliterati.com,,,Consumer Electronics,Charlotte,North Carolina,US,28273
Mounts That Count,mountsthatcount.com,mountsthatcount.com,,,Consumer Electronics,Charlotte,North Carolina,US,28216
New Age Lighting and Sound,newagelightingandsound.com,newagelightingandsound.com,,,Consumer Electronics,Charlotte,North Carolina,US,28217
Norman Sound & Productions,normansound.com,normansound.com,,,Consumer Electronics,Charlotte,North Carolina,US,28227
Phoenix Custom Systems,phoenixcustomsystems.com,phoenixcustomsystems.com,https://www.linkedin.com/company/phoenix-custom-systems,,Consumer Electronics,Charlotte,North Carolina,US,28204
Rovira Enterprise,roviraenterprise.com,roviraenterprise.com,,,Consumer Electronics,Charlotte,North Carolina,US,28262
Safe Home Security Charlotte,safehomesecuritycharlotte.com,safehomesecuritycharlotte.com,,,Consumer Electronics,Charlotte,North Carolina,US,28216
"Security Consult, Inc.",securityconsult411.com,securityconsult411.com,,,Consumer Electronics,Charlotte,North Carolina,US,28212
Smart Design Home Improvement,localproscharlottenc.com,localproscharlottenc.com,,,Consumer Electronics,Charlotte,North Carolina,US,28202
Smarter Systems,smartersys.com,smartersys.com,https://www.linkedin.com/company/smarter-systems,,Consumer Electronics,Charlotte,North Carolina,US,28273
Sound Advice,soundadvice.com,soundadvice.com,,,Consumer Electronics,Charlotte,North Carolina,US,28203
"State Line Lighting, Inc.",statelinelighting.com,statelinelighting.com,,,Consumer Electronics,Charlotte,North Carolina,US,28206
TV MOUNT TEAM LLC,tvmountteam.com,tvmountteam.com,,,Consumer Electronics,Charlotte,North Carolina,US,28203
The Integrated Home,theintegratedhome.net,theintegratedhome.net,https://www.linkedin.com/company/the-integrated-home,,Consumer Electronics,Charlotte,North Carolina,US,28273
Top Tier Security Solutions,toptier-securitysolutions.com,toptier-securitysolutions.com,,,Consumer Electronics,Charlotte,North Carolina,US,28217
Weave Automation,weave.technology,weave.technology,,,Consumer Electronics,Charlotte,North Carolina,US,28209
AbeGame Smart Home,abegame.com,abegame.com,,,Consumer Electronics,Concord,North Carolina,US,28027
Automation Technology Inc.,automationtechnologyinc.com,automationtechnologyinc.com,https://www.linkedin.com/company/gulf-controls-company,,Consumer Electronics,Concord,North Carolina,US,28025
Caliber Audio/Video,caliberav.com,caliberav.com,https://www.linkedin.com/company/caliber-audio-video,,Consumer Electronics,Concord,North Carolina,US,28027
Clean Installs,cleaninstalls.com,cleaninstalls.com,,,Consumer Electronics,Concord,North Carolina,US,28027
SES Integration,sesintegration.com,sesintegration.com,,,Consumer Electronics,Concord,North Carolina,US,28027
A\V Smarts LLC,audiovideosmarts.com,audiovideosmarts.com,,,Consumer Electronics,Cornelius,North Carolina,US,28031
"ElecTek, Inc.",electekinc.com,electekinc.com,,,Consumer Electronics,Cornelius,North Carolina,US,28031
KS Audio Video,ksaudiovideo.com,ksaudiovideo.com,,,Consumer Electronics,Cornelius,North Carolina,US,28031
Lake Norman Home Watch Services,lakenormanhomewatch.com,lakenormanhomewatch.com,,,Consumer Electronics,Cornelius,North Carolina,US,28031
Premiere Home Theater,hometheatercharlotte.com,hometheatercharlotte.com,,,Consumer Electronics,Cornelius,North Carolina,US,28031
Unique Audio Video Solutions llc,uavsllc.com,uavsllc.com,,,Consumer Electronics,Dallas,North Carolina,US,28034
RYGID AV,rygidav.com,rygidav.com,,,Consumer Electronics,Davidson,North Carolina,US,28036
HavenSmart Greater Charlotte,havensmart.com,havensmart.com,https://www.linkedin.com/company/havensmart,,Consumer Electronics,Denver,North Carolina,US,28037
Interactive Interiors,interactiveinteriors-av.com,interactiveinteriors-av.com,,,Consumer Electronics,Denver,North Carolina,US,28037
Lake Norman Electric,lakenormanelectric.com,lakenormanelectric.com,,,Consumer Electronics,Denver,North Carolina,US,28037
Safe N Sound Inc,safensoundinc.com,safensoundinc.com,,,Consumer Electronics,Denver,North Carolina,US,28037
"Analog Devices, Inc.",analog.com,analog.com,,,Consumer Electronics,Durham,North Carolina,US,27713
Auto Acoustics,autoacousticsnc.com,autoacousticsnc.com,,,Consumer Electronics,Durham,North Carolina,US,27707
Custom Light and Sound,customlightandsound.com,customlightandsound.com,,,Consumer Electronics,Durham,North Carolina,US,27705
Davenport Customs,davenportcustoms.com,davenportcustoms.com,,,Consumer Electronics,Durham,North Carolina,US,27705
Duke Smart Home,smarthome.duke.edu,smarthome.duke.edu,,,Consumer Electronics,Durham,North Carolina,US,27705
KONTEK Systems,kontek.com,kontek.com,,,Consumer Electronics,Durham,North Carolina,US,27701
No Regret Productions,noregretproductions.com,noregretproductions.com,,,Consumer Electronics,Durham,North Carolina,US,27713
Total Tech,totaltechwnc.com,totaltechwnc.com,,,Consumer Electronics,Etowah,North Carolina,US,28729
Smart Home Solutions,shsatrhudys.com,shsatrhudys.com,,,Consumer Electronics,Fayetteville,North Carolina,US,28301
"Optimal Tek, LLC",optimaltek.net,optimaltek.net,https://www.linkedin.com/company/25065341,,Consumer Electronics,Fletcher,North Carolina,US,28732
Pisgah Audio Video Lighting,pisgahavl.com,pisgahavl.com,,,Consumer Electronics,Fletcher,North Carolina,US,28732
Curtis TV-RadioShack Dealer,curtistvinc.com,curtistvinc.com,,,Consumer Electronics,Franklin,North Carolina,US,28734
Integrated Installations,integratedinst.com,integratedinst.com,,,Consumer Electronics,Franklin,North Carolina,US,28734
Southern Alarm & Security,southernalarm.com,southernalarm.com,,,Consumer Electronics,Franklin,North Carolina,US,28734
Automation Power and Controls,apandc.us,apandc.us,,,Consumer Electronics,Garner,North Carolina,US,27529
"E2 Technologies, Inc",e2ti.com,e2ti.com,,,Consumer Electronics,Garner,North Carolina,US,27529
"Just Push Play (JPP), Audio Visual",justpushplay.us,justpushplay.us,https://www.linkedin.com/company/74571130,,Consumer Electronics,Garner,North Carolina,US,27529
"ASAP Automation, Inc.",asapgeneratorsnc.com,asapgeneratorsnc.com,,,Consumer Electronics,Glenville,North Carolina,US,28736
ARS Automation Design Inc,arsautomationdesign.com,arsautomationdesign.com,,,Consumer Electronics,Greensboro,North Carolina,US,27410
"Advanced Tech Systems, Inc.",atstriad.com,atstriad.com,,,Consumer Electronics,Greensboro,North Carolina,US,27406
Alset Pro Systems,alsetpro.com,alsetpro.com,,,Consumer Electronics,Greensboro,North Carolina,US,27409
Amplified Electronic Design,ampedco.com,ampedco.com,,,Consumer Electronics,Greensboro,North Carolina,US,27409
Audio & Light Inc.,audio-light.com,audio-light.com,,,Consumer Electronics,Greensboro,North Carolina,US,27406
Automation Techniques Inc.,automationtechniques.com,automationtechniques.com,,,Consumer Electronics,Greensboro,North Carolina,US,27407
Business Improvement Technologies,bitnc.com,bitnc.com,,,Consumer Electronics,Greensboro,North Carolina,US,27407
CCAC Building Solutions,ccacbuildingsolutions.com,ccacbuildingsolutions.com,,,Consumer Electronics,Greensboro,North Carolina,US,27407
Carey Sound,careysoundavl.com,careysoundavl.com,,,Consumer Electronics,Greensboro,North Carolina,US,27409
Clarolux Landscape Lighting,clarolux.com,clarolux.com,,,Consumer Electronics,Greensboro,North Carolina,US,27406
D & A TV Master & Appliance Repair,dandatvmaster.com,dandatvmaster.com,,,Consumer Electronics,Greensboro,North Carolina,US,27405
Electric Supply and Equipment Co.,ese-co.com,ese-co.com,,,Consumer Electronics,Greensboro,North Carolina,US,27405
Home Service Pro,callhsp.com,callhsp.com,,,Consumer Electronics,Greensboro,North Carolina,US,27407
HomeSafe Lightning Protection LLC,homesafelp.com,homesafelp.com,,,Consumer Electronics,Greensboro,North Carolina,US,27406
Illuminating Technologies Inc,illuminatingtechnologies.com,illuminatingtechnologies.com,,,Consumer Electronics,Greensboro,North Carolina,US,27409
KEB Services,kebservicesinc.com,kebservicesinc.com,,,Consumer Electronics,Greensboro,North Carolina,US,27406
L&S Lighting Corporation.,ls-light.com,ls-light.com,,,Consumer Electronics,Greensboro,North Carolina,US,27410
"LegetteTech, LLC",legettetech.com,legettetech.com,,,Consumer Electronics,Greensboro,North Carolina,US,27408
SE Systems,sesystems.com,sesystems.com,,,Consumer Electronics,Greensboro,North Carolina,US,27406
Sightline Productions,sightline-productions.com,sightline-productions.com,,,Consumer Electronics,Greensboro,North Carolina,US,27407
Smart Home USA,mysmarthomeusa.com,mysmarthomeusa.com,,,Consumer Electronics,Greensboro,North Carolina,US,27410
Sound Solutions,ncsoundsolutions.com,ncsoundsolutions.com,,,Consumer Electronics,Greensboro,North Carolina,US,27407
Systems Contractors - A Fidelity Company,systemscontractors.com,systemscontractors.com,https://www.linkedin.com/company/systemscontractors,,Consumer Electronics,Greensboro,North Carolina,US,27407
TV mounting,tvmountgreensboro.com,tvmountgreensboro.com,,,Consumer Electronics,Greensboro,North Carolina,US,27407
Tiger Controls Inc LLC,tigercontrols.com,tigercontrols.com,,,Consumer Electronics,Greensboro,North Carolina,US,27409
"Triad Power and Controls, Inc.",triadpowerandcontrols.com,triadpowerandcontrols.com,,,Consumer Electronics,Greensboro,North Carolina,US,27406
Turn-Key Services,turn-keyservicesnc.hibuwebsites.com,turn-keyservicesnc.hibuwebsites.com,,,Consumer Electronics,Hickory,North Carolina,US,28601
Building Automation Services LLC,basllco.com,basllco.com,https://www.linkedin.com/company/building-automation-services-llc,,Consumer Electronics,High Point,North Carolina,US,27260
Butler Lighting Of High Point,butlerlightingusa.com,butlerlightingusa.com,,,Consumer Electronics,High Point,North Carolina,US,27265
200 Main,200main.com,200main.com,,,Consumer Electronics,Highlands,North Carolina,US,28741
Dollar General,dollargeneral.com,dollargeneral.com,,,Consumer Electronics,Highlands,North Carolina,US,28741
Glen Falls Luxury Cabin,glenfallscabin.com,glenfallscabin.com,,,Consumer Electronics,Highlands,North Carolina,US,28741
Half-Mile Farm,halfmilefarm.com,halfmilefarm.com,,,Consumer Electronics,Highlands,North Carolina,US,28741
Highlander Mountain House,highlandermountainhouse.com,highlandermountainhouse.com,,,Consumer Electronics,Highlands,North Carolina,US,28741
Highlands,highlandschamber.org,highlandschamber.org,,,Consumer Electronics,Highlands,North Carolina,US,28741
Highlands Inn,highlandsinn-nc.com,highlandsinn-nc.com,,,Consumer Electronics,Highlands,North Carolina,US,28741
Highlands Performing Arts Center,highlandsperformingarts.com,highlandsperformingarts.com,,,Consumer Electronics,Highlands,North Carolina,US,28741
Highlands Smokehouse,highlandssmokehouse.com,highlandssmokehouse.com,,,Consumer Electronics,Highlands,North Carolina,US,28741
Hotwire Communications Highlands,hotwirecommunications.com,hotwirecommunications.com,,,Consumer Electronics,Highlands,North Carolina,US,28741
Lunori | Highlands NC,lunorihighlands.com,lunorihighlands.com,,,Consumer Electronics,Highlands,North Carolina,US,28741
Mountain Findings,mountainfindings.org,mountainfindings.org,,,Consumer Electronics,Highlands,North Carolina,US,28741
Mountain Fresh Grocery,mfgro.com,mfgro.com,,,Consumer Electronics,Highlands,North Carolina,US,28741
Outpost Inn Highlands,outpostinnhighlands.com,outpostinnhighlands.com,,,Consumer Electronics,Highlands,North Carolina,US,28741
Reeves Hardware Co. Inc.,reevesacehardware.com,reevesacehardware.com,,,Consumer Electronics,Highlands,North Carolina,US,28741
Rent In Highlands,rentinhighlands.com,rentinhighlands.com,,,Consumer Electronics,Highlands,North Carolina,US,28741
Skyline Lodge,skyline-lodge.com,skyline-lodge.com,,,Consumer Electronics,Highlands,North Carolina,US,28741
The Park on Main,theparkonmain.com,theparkonmain.com,,,Consumer Electronics,Highlands,North Carolina,US,28741
Trailborn Highlands,trailborn.com,trailborn.com,,,Consumer Electronics,Highlands,North Carolina,US,28741
"Hillsborough IT Support Company and Managed IT Services in Durham, NC | Insight Tech Advisors",insighttechadv.com,insighttechadv.com,,,Consumer Electronics,Hillsborough,North Carolina,US,27278
Automated AV,automatedavnc.com,automatedavnc.com,,,Consumer Electronics,Huntersville,North Carolina,US,28078
"Automated Controls, LLC",automatedcontrolsnc.com,automatedcontrolsnc.com,,,Consumer Electronics,Huntersville,North Carolina,US,28078
A Plus Network,aplusnetwork.net,aplusnetwork.net,,,Consumer Electronics,Indian Trail,North Carolina,US,28079
AVA Technologies,ava-nc.com,ava-nc.com,,,Consumer Electronics,Indian Trail,North Carolina,US,28079
CO-DA,co-da.com,co-da.com,https://www.linkedin.com/company/co-da-lifestyle-technologies,,Consumer Electronics,Indian Trail,North Carolina,US,28079
National Audio Visual,national-av.com,national-av.com,,,Consumer Electronics,Indian Trail,North Carolina,US,28079
UTD Technology,utdtech.com,utdtech.com,,,Consumer Electronics,Indian Trail,North Carolina,US,28079
Champion Systems Inc,championsystemsinc.com,championsystemsinc.com,,,Consumer Electronics,Jamestown,North Carolina,US,27282
Easy Living Technologies,easylivingtechnologies.com,easylivingtechnologies.com,,,Consumer Electronics,Kannapolis,North Carolina,US,28081
ACE-HTI - Smart Security and Audio Video Solutions,ace-hti.com,ace-hti.com,,,Consumer Electronics,Kernersville,North Carolina,US,27284
AV Upgrades,avupgrades.com,avupgrades.com,,,Consumer Electronics,Kernersville,North Carolina,US,27284
AVE Integration,aveintegration.com,aveintegration.com,,,Consumer Electronics,Kernersville,North Carolina,US,27284
Caudill's,caudills.com,caudills.com,https://www.linkedin.com/company/caudill's,,Consumer Electronics,Kernersville,North Carolina,US,27284
Connected Home Inc.,connectedhomenc.com,connectedhomenc.com,,,Consumer Electronics,Leland,North Carolina,US,28451
Rytec Electric - Wilmington,rytecelectric.com,rytecelectric.com,https://www.linkedin.com/company/rytec-electric,,Consumer Electronics,Leland,North Carolina,US,28451
Convergence Technologies,convergenceusa.com,convergenceusa.com,https://www.linkedin.com/company/convergence-technologies---home-automation-&-home-theaters,,Consumer Electronics,Mebane,North Carolina,US,27302
Foothills Security & Technology,foothillsalarm.com,foothillsalarm.com,,,Consumer Electronics,Mill Spring,North Carolina,US,28756
Wave AVL,wave.us,wave.us,,,Consumer Electronics,Mint Hill,North Carolina,US,28227
AV Productions,avprosoundandvideo.com,avprosoundandvideo.com,,,Consumer Electronics,Monroe,North Carolina,US,28110
"David Alexander Electric, Inc",davidalexanderelectric.com,davidalexanderelectric.com,,,Consumer Electronics,Mooresville,North Carolina,US,28115
Harris Alarms,harrisalarms.com,harrisalarms.com,,,Consumer Electronics,Mooresville,North Carolina,US,28117
Lake Norman Tech Services,lkntechservices.com,lkntechservices.com,,,Consumer Electronics,Mooresville,North Carolina,US,28117
PoweredON Audio Visual,poweredonav.com,poweredonav.com,,,Consumer Electronics,Mooresville,North Carolina,US,28115
SoundVision LLC Audio Video Shades,svavnc.com,svavnc.com,https://www.linkedin.com/company/16151419,,Consumer Electronics,Mooresville,North Carolina,US,28117
Audio Video Enterprises,av-ent.com,av-ent.com,,,Consumer Electronics,Morganton,North Carolina,US,28655
Mountain Heritage Systems,mhstechnologies.com,mhstechnologies.com,,,Consumer Electronics,Newland,North Carolina,US,28657
B & R Audio LLC,bandraudio.com,bandraudio.com,,,Consumer Electronics,Penrose,North Carolina,US,28766
McGraw Electric of the Sandhills,mcgrawelectrical.com,mcgrawelectrical.com,,,Consumer Electronics,Pinebluff,North Carolina,US,28373
Masters Properties Custom Home Building & Remodeling,masterspropertiesinc.com,masterspropertiesinc.com,,,Consumer Electronics,Pinehurst,North Carolina,US,28374
"Persistent Systems, LLC",persistentsystems.com,persistentsystems.com,,,Consumer Electronics,Pinehurst,North Carolina,US,28374
"Tin Whistles Electric, LLC",tinwhistleselectric.com,tinwhistleselectric.com,,,Consumer Electronics,Pinehurst,North Carolina,US,28374
nuView Home Theaters & More,nuviewhometheaters.com,nuviewhometheaters.com,,,Consumer Electronics,Pinehurst,North Carolina,US,28374
AudioMasters,audiomastersnc.com,audiomastersnc.com,,,Consumer Electronics,Pineville,North Carolina,US,28134
Bright Audio Video,brightaudiovideo.com,brightaudiovideo.com,,,Consumer Electronics,Pineville,North Carolina,US,28134
Charlotte Audio Rentals LLC,charlotteaudiorentals.com,charlotteaudiorentals.com,,,Consumer Electronics,Pineville,North Carolina,US,28134
Sole Source AV Supply,solesourceav.com,solesourceav.com,https://www.linkedin.com/company/sole-source-av-supply,,Consumer Electronics,Pineville,North Carolina,US,28134
A V Metro Inc,avmetro.com,avmetro.com,,,Consumer Electronics,Raleigh,North Carolina,US,27607
A.Visual,pmc.works,pmc.works,,,Consumer Electronics,Raleigh,North Carolina,US,27607
AX Control Inc.,axcontrol.com,axcontrol.com,https://www.linkedin.com/company/ax-control-inc-,,Consumer Electronics,Raleigh,North Carolina,US,27603
Audio Advice,audioadvice.com,audioadvice.com,,,Consumer Electronics,Raleigh,North Carolina,US,27617
Audio Affects,audioaffects.org,audioaffects.org,,,Consumer Electronics,Raleigh,North Carolina,US,27615
Audio Exchange,audioexchangeofraleigh.com,audioexchangeofraleigh.com,,,Consumer Electronics,Raleigh,North Carolina,US,27606
Audio Video One,av1-ch.com,av1-ch.com,,,Consumer Electronics,Raleigh,North Carolina,US,27617
CMS Controls,cms-controls.com,cms-controls.com,,,Consumer Electronics,Raleigh,North Carolina,US,27606
Capital Installations,capital-installations.com,capital-installations.com,,,Consumer Electronics,Raleigh,North Carolina,US,27615
Chief Automation,chiefautomation.com,chiefautomation.com,,,Consumer Electronics,Raleigh,North Carolina,US,27603
Creative Acoustics,creativeacoustics6921.com,creativeacoustics6921.com,,,Consumer Electronics,Raleigh,North Carolina,US,27616
Creative Mind Technologies,creativemindllc.com,creativemindllc.com,,,Consumer Electronics,Raleigh,North Carolina,US,27606
DIST,dist.com,dist.com,,,Consumer Electronics,Raleigh,North Carolina,US,27606
DO Supply,dosupply.com,dosupply.com,,,Consumer Electronics,Raleigh,North Carolina,US,27603
DSI INNOVATIONS LLC,dsiinnovations.com,dsiinnovations.com,,,Consumer Electronics,Raleigh,North Carolina,US,27603
Edge Av Solutions,edgeav.solutions,edgeav.solutions,,,Consumer Electronics,Raleigh,North Carolina,US,27617
Element Integration,elementintegration.com,elementintegration.com,,,Consumer Electronics,Raleigh,North Carolina,US,27616
Elite Sight and Sound,elitesightandsoundnc.com,elitesightandsoundnc.com,https://www.linkedin.com/company/elite-sight-and-sound-inc,,Consumer Electronics,Raleigh,North Carolina,US,27603
"Imagenation Systems, Inc.",imagenationsystems.com,imagenationsystems.com,,,Consumer Electronics,Raleigh,North Carolina,US,27606
Industrial Automation Co.,industrialautomationco.com,industrialautomationco.com,,,Consumer Electronics,Raleigh,North Carolina,US,27606
Intelligent Electronics,intelligentelectronics.com,intelligentelectronics.com,https://www.linkedin.com/company/intelligent-electronics,,Consumer Electronics,Raleigh,North Carolina,US,27606
Iwatch Security,iwatchsecurity.com,iwatchsecurity.com,,,Consumer Electronics,Raleigh,North Carolina,US,27609
KITSCo Automation,kitscoautomation.com,kitscoautomation.com,,,Consumer Electronics,Raleigh,North Carolina,US,27603
Keyes AV & Integration,book.squareup.com,book.squareup.com,,,Consumer Electronics,Raleigh,North Carolina,US,27603
Myriad,myriad.video,myriad.video,,,Consumer Electronics,Raleigh,North Carolina,US,27604
Neuwave,neuwavesystems.com,neuwavesystems.com,https://www.linkedin.com/company/neuwave-systems,,Consumer Electronics,Raleigh,North Carolina,US,27604
Precision Audio,precisionaudio.com,precisionaudio.com,,,Consumer Electronics,Raleigh,North Carolina,US,27603
RDU TV Mounting & Audio Video,rdutvmounting.com,rdutvmounting.com,,,Consumer Electronics,Raleigh,North Carolina,US,27612
Raleigh Electric Company,raleighelectriccompany.com,raleighelectriccompany.com,,,Consumer Electronics,Raleigh,North Carolina,US,27606
"Royal Electric Services of Raleigh, NC",rduelectricians.com,rduelectricians.com,,,Consumer Electronics,Raleigh,North Carolina,US,27616
Security & Life Integrations,securitylifeinc.com,securitylifeinc.com,https://www.linkedin.com/company/securitylifeinc,,Consumer Electronics,Raleigh,North Carolina,US,27612
Security Force Inc,securityforceinc.com,securityforceinc.com,,,Consumer Electronics,Raleigh,North Carolina,US,27604
Security Force Inc. --- SFI Homes Department.,sfihomes.com,sfihomes.com,,,Consumer Electronics,Raleigh,North Carolina,US,27604
"Smart Home Security, LLC",smarthomesecuritync.com,smarthomesecuritync.com,,,Consumer Electronics,Raleigh,North Carolina,US,27615
Sound Advice,saenc.com,saenc.com,,,Consumer Electronics,Raleigh,North Carolina,US,27610
Sound Profiles Inc.,soundprofiles.com,soundprofiles.com,,,Consumer Electronics,Raleigh,North Carolina,US,27616
Sound Station and Security,soundstationsecurity.net,soundstationsecurity.net,,,Consumer Electronics,Raleigh,North Carolina,US,27612
Strategic Connections Inc,strategicconnections.net,strategicconnections.net,,,Consumer Electronics,Raleigh,North Carolina,US,27616
Synergy Integrated Systems,synergyintegratedsystems.com,synergyintegratedsystems.com,,,Consumer Electronics,Raleigh,North Carolina,US,27615
"TAMCO Technology Services, LLC",tamcotechraleigh.com,tamcotechraleigh.com,,,Consumer Electronics,Raleigh,North Carolina,US,27617
Wired South LLC,wiredsouth.com,wiredsouth.com,,,Consumer Electronics,Raleigh,North Carolina,US,27603
Unify NMS,trusolver.com,trusolver.com,,,Consumer Electronics,Research Triangle Park,North Carolina,US,27709
Set Up Home Theater,setuphometheater.com,setuphometheater.com,,,Consumer Electronics,Rocky Mount,North Carolina,US,27803
Smart Homes of Wilmington,smarthomesofwilmington.com,smarthomesofwilmington.com,,,Consumer Electronics,Rocky Point,North Carolina,US,28457
CAVSolution (Carolina Audio Video Solution),cav-solution.com,cav-solution.com,,,Consumer Electronics,Rolesville,North Carolina,US,27571
Immersive Home Technology,immersivehometech.com,immersivehometech.com,,,Consumer Electronics,Sherrills Ford,North Carolina,US,28673
@ Home PC Support,athomepcsupport.com,athomepcsupport.com,,,Consumer Electronics,Southern Pines,North Carolina,US,28387
Central Security Systems,centralsecuritync.com,centralsecuritync.com,,,Consumer Electronics,Southern Pines,North Carolina,US,28387
1TouchSolutions,1touchsolutions.tv,1touchsolutions.tv,,,Consumer Electronics,Stanley,North Carolina,US,28164
HIDR Electronics,hidrelectronics.com,hidrelectronics.com,,,Consumer Electronics,Stanley,North Carolina,US,28164
Sage Security Solutions LLC,sagesecuritysolutions.com,sagesecuritysolutions.com,,,Consumer Electronics,Troutman,North Carolina,US,28166
Today's Audio Video Warehouse,todaysaudiovideo.com,todaysaudiovideo.com,,,Consumer Electronics,Troutman,North Carolina,US,28166
Provision Audio Video Solutions,provisionavs.com,provisionavs.com,,,Consumer Electronics,Wake Forest,North Carolina,US,27587
Rackbuild Inc,rackbuild.com,rackbuild.com,https://www.linkedin.com/company/immersion-displays,,Consumer Electronics,Wake Forest,North Carolina,US,27587
SimplyAV,simplyavnc.com,simplyavnc.com,,,Consumer Electronics,Wake Forest,North Carolina,US,27587
Trident Residential Solutions,trident-residential.com,trident-residential.com,,,Consumer Electronics,Wake Forest,North Carolina,US,27587
CableNC,cablenc.com,cablenc.com,,,Consumer Electronics,Wendell,North Carolina,US,27591
Sandhills Home Security,sandhillshomesecurity.com,sandhillshomesecurity.com,,,Consumer Electronics,West End,North Carolina,US,27376
Sandhills Home Theater,sandhillshometheater.com,sandhillshometheater.com,https://www.linkedin.com/company/sandhills-home-theater,,Consumer Electronics,West End,North Carolina,US,27376
AValive,avalive.com,avalive.com,,,Consumer Electronics,Wilmington,North Carolina,US,28405
"AcoustiCreations, Inc.",acousticreations.com,acousticreations.com,,,Consumer Electronics,Wilmington,North Carolina,US,28405
Alpha Electric,alphaelectricwilmington.com,alphaelectricwilmington.com,,,Consumer Electronics,Wilmington,North Carolina,US,28403
Atmos AVL,atmosavl.com,atmosavl.com,,,Consumer Electronics,Wilmington,North Carolina,US,28405
Audio Visual Services Coastal,avscoastal.com,avscoastal.com,,,Consumer Electronics,Wilmington,North Carolina,US,28405
Bayside Electric Supply,baysidesupply.com,baysidesupply.com,,,Consumer Electronics,Wilmington,North Carolina,US,28403
CITSCORP,citscorp.com,citscorp.com,,,Consumer Electronics,Wilmington,North Carolina,US,28405
Cape Fear Automation,capefearautomation.com,capefearautomation.com,,,Consumer Electronics,Wilmington,North Carolina,US,28401
Cape Fear Group Homes Inc,capefeargh.org,capefeargh.org,,,Consumer Electronics,Wilmington,North Carolina,US,28403
Capital Electric,capitalelectricsupply.com,capitalelectricsupply.com,https://www.linkedin.com/company/capitalelectric,,Consumer Electronics,Wilmington,North Carolina,US,28403
Capital Electric Lighting Showroom,capitalelectriclighting.com,capitalelectriclighting.com,,,Consumer Electronics,Wilmington,North Carolina,US,28403
Coastal Comfort Electric,coastalcomfortelectricllc.com,coastalcomfortelectricllc.com,,,Consumer Electronics,Wilmington,North Carolina,US,28401
"Dowd Technology Group, LLC",dowd.io,dowd.io,,,Consumer Electronics,Wilmington,North Carolina,US,28401
Electronics2you,electronics2you.com,electronics2you.com,,,Consumer Electronics,Wilmington,North Carolina,US,28405
Flux Audio/Video,fluxav.net,fluxav.net,,,Consumer Electronics,Wilmington,North Carolina,US,28405
Holmes Security Systems,holmeselectricsecurity.com,holmeselectricsecurity.com,,,Consumer Electronics,Wilmington,North Carolina,US,28403
Inspire Solutions,jsav.com,jsav.com,,,Consumer Electronics,Wilmington,North Carolina,US,28401
Johnson Controls Wilmington Office,johnsoncontrols.com,johnsoncontrols.com,https://www.linkedin.com/company/johnson-controls,,Consumer Electronics,Wilmington,North Carolina,US,28405
Lancaster Electric Co.,lancasterelectricnc.com,lancasterelectricnc.com,,,Consumer Electronics,Wilmington,North Carolina,US,28405
Laney Electrical Construction,laneyelectric.com,laneyelectric.com,,,Consumer Electronics,Wilmington,North Carolina,US,28405
Latitude Electric Inc,latitudeelectricnc.com,latitudeelectricnc.com,,,Consumer Electronics,Wilmington,North Carolina,US,28409
Light Engineered Displays,ledinc.com,ledinc.com,,,Consumer Electronics,Wilmington,North Carolina,US,28412
Matrix Electrical Services LLC,matrixwilmington.com,matrixwilmington.com,,,Consumer Electronics,Wilmington,North Carolina,US,28411
Mayer Electric Supply,mayerelectric.com,mayerelectric.com,,,Consumer Electronics,Wilmington,North Carolina,US,28405
"Odyssey Mechanical, LLC",odysseymechanical.com,odysseymechanical.com,,,Consumer Electronics,Wilmington,North Carolina,US,28405
Outdoor Lighting Perspectives of Wilmington,outdoorlights.com,outdoorlights.com,,,Consumer Electronics,Wilmington,North Carolina,US,28405
Port City Sound and Security,portcitysound.com,portcitysound.com,https://www.linkedin.com/company/port-city-sound-and-security,,Consumer Electronics,Wilmington,North Carolina,US,28411
Pro AV Services,proavnow.com,proavnow.com,,,Consumer Electronics,Wilmington,North Carolina,US,28403
Pro AV Warehouse,proavwarehouse.com,proavwarehouse.com,,,Consumer Electronics,Wilmington,North Carolina,US,28405
SENSIT-Direct.com,sensit-direct.com,sensit-direct.com,,,Consumer Electronics,Wilmington,North Carolina,US,28412
Sound Decisions Inc,sounddecisions.biz,sounddecisions.biz,https://www.linkedin.com/company/108355830,,Consumer Electronics,Wilmington,North Carolina,US,28405
Soundtronics,carstereostorewilmington.com,carstereostorewilmington.com,,,Consumer Electronics,Wilmington,North Carolina,US,28405
Sourcemaker Inc,sourcemakerled.com,sourcemakerled.com,,,Consumer Electronics,Wilmington,North Carolina,US,28412
Strickland's Home,stricklandshome.com,stricklandshome.com,,,Consumer Electronics,Wilmington,North Carolina,US,28403
Surftech AV,surftechav.com,surftechav.com,,,Consumer Electronics,Wilmington,North Carolina,US,28405
Swell Systems Inc,swellsystem.com,swellsystem.com,https://www.linkedin.com/company/swell-systems-inc,,Consumer Electronics,Wilmington,North Carolina,US,28405
"Total Comfort Services, Inc.",totalcomfortservices.com,totalcomfortservices.com,,,Consumer Electronics,Wilmington,North Carolina,US,28405
Watson Electrical Construction Co. LLC,watsonelec.com,watsonelec.com,,,Consumer Electronics,Wilmington,North Carolina,US,28401
Wilmington Audio Visual & Lighting,wilmingtonavl.com,wilmingtonavl.com,,,Consumer Electronics,Wilmington,North Carolina,US,28405
Wilmington Electrical Supply,cedwilmington.portalced.com,cedwilmington.portalced.com,,,Consumer Electronics,Wilmington,North Carolina,US,28405
Wilmington TV Installs,wilmingtontvinstalls.com,wilmingtontvinstalls.com,,,Consumer Electronics,Wilmington,North Carolina,US,28405
Wilmington Winlectric,winsupplyinc.com,winsupplyinc.com,,,Consumer Electronics,Wilmington,North Carolina,US,28405
Wolf Security Solutions,wolfsecuritysolutions.com,wolfsecuritysolutions.com,,,Consumer Electronics,Wilmington,North Carolina,US,28405
Womack Electric Supply,womackelectric.com,womackelectric.com,,,Consumer Electronics,Wilmington,North Carolina,US,28405
wilmington nc electrician free quotes,sofatalking.com,sofatalking.com,,,Consumer Electronics,Wilmington,North Carolina,US,28401
Audio Video Solutions,avsnow.com,avsnow.com,,,Consumer Electronics,Winston-Salem,North Carolina,US,27106
Carolina Custom Sound,carolinacustomsound.com,carolinacustomsound.com,,,Consumer Electronics,Winston-Salem,North Carolina,US,27104
Church Interiors Audio and Video - CIAVL,ciavl.com,ciavl.com,https://www.linkedin.com/company/church-interiors-audio-video-and-lighting,,Consumer Electronics,Winston-Salem,North Carolina,US,27107
Integrated Visual Solutions,integratedvisualsolutions.com,integratedvisualsolutions.com,,,Consumer Electronics,Youngsville,North Carolina,US,27596
Smart Home Technologies,smarthomefargo.com,smarthomefargo.com,,,Consumer Electronics,West Fargo,North Dakota,US,58078
Gateway Electric,gatewayelectricne.com,gatewayelectricne.com,,,Consumer Electronics,Elkhorn,Nebraska,US,68022
Audio Video Specialist,audiovideofremont.com,audiovideofremont.com,,,Consumer Electronics,Fremont,Nebraska,US,68025
Denizen,denizenhome.com,denizenhome.com,https://www.linkedin.com/company/denizenhome,,Consumer Electronics,Gretna,Nebraska,US,68028
CSE Service,cse-ne.com,cse-ne.com,,,Consumer Electronics,La Vista,Nebraska,US,68128
3E - Electrical Engineering & Equipment Company,3e-co.com,3e-co.com,,,Consumer Electronics,Omaha,Nebraska,US,68127
4TEC Direct,4tecdirect.com,4tecdirect.com,,,Consumer Electronics,Omaha,Nebraska,US,68102
ASI Systems Pro,asisystemspro.com,asisystemspro.com,https://www.linkedin.com/company/asi-systems,,Consumer Electronics,Omaha,Nebraska,US,68127
Ankeny Automation LLC,ankenyautomation.com,ankenyautomation.com,,,Consumer Electronics,Omaha,Nebraska,US,68144
Apex Integration,aiomaha.net,aiomaha.net,,,Consumer Electronics,Omaha,Nebraska,US,68134
Architectural Lighting Resources,alrlighting.com,alrlighting.com,,,Consumer Electronics,Omaha,Nebraska,US,68137
Automated Drive Systems,automateddrives.com,automateddrives.com,,,Consumer Electronics,Omaha,Nebraska,US,68138
CCS Presentation Systems,ccsmidwest.com,ccsmidwest.com,https://www.linkedin.com/company/ccs-presentation-systems,,Consumer Electronics,Omaha,Nebraska,US,68137
CONCEPTS AV Integration,conceptsav.com,conceptsav.com,,,Consumer Electronics,Omaha,Nebraska,US,68137
CSE Automation LLC,cseautomationllc.com,cseautomationllc.com,,,Consumer Electronics,Omaha,Nebraska,US,68138
Control Depot,controldepotinc.com,controldepotinc.com,https://www.linkedin.com/company/controldepotinc,,Consumer Electronics,Omaha,Nebraska,US,68127
Control Masters Inc,control-masters.com,control-masters.com,,,Consumer Electronics,Omaha,Nebraska,US,68144
Control Services Inc.,controlservices.com,controlservices.com,,,Consumer Electronics,Omaha,Nebraska,US,68137
Custom Electronics,customelectronics.tv,customelectronics.tv,,,Consumer Electronics,Omaha,Nebraska,US,68114
Electronic Sound Inc,electronicsound.com,electronicsound.com,https://www.linkedin.com/company/electronic-sound-inc-,,Consumer Electronics,Omaha,Nebraska,US,68144
Full Circuit,fullcircuitomaha.com,fullcircuitomaha.com,,,Consumer Electronics,Omaha,Nebraska,US,68127
HTM Sales Inc,htmsales.com,htmsales.com,,,Consumer Electronics,Omaha,Nebraska,US,68127
Home Connect Solutions,homeconnectsolutions.com,homeconnectsolutions.com,,,Consumer Electronics,Omaha,Nebraska,US,68022
Inteconnex,inteconnex.com,inteconnex.com,,,Consumer Electronics,Omaha,Nebraska,US,68130
Lighting World Inc,lightingworldomaha.com,lightingworldomaha.com,,,Consumer Electronics,Omaha,Nebraska,US,68137
Midwest Sound & Lighting Inc,mwsound.com,mwsound.com,,,Consumer Electronics,Omaha,Nebraska,US,68117
Omaha Communications,omahacommunications.com,omahacommunications.com,,,Consumer Electronics,Omaha,Nebraska,US,68131
Omaha Security Cameras,omahasecuritycameras.com,omahasecuritycameras.com,,,Consumer Electronics,Omaha,Nebraska,US,68022
On The Wall Mounting Services,onthewallomaha.com,onthewallomaha.com,,,Consumer Electronics,Omaha,Nebraska,US,68137
Paladin Facilities and Construction,maintenance-facilities.com,maintenance-facilities.com,https://www.linkedin.com/company/paladinconstruction,,Consumer Electronics,Omaha,Nebraska,US,68107
SMARTLIFT US,smartlift.com,smartlift.com,,,Consumer Electronics,Omaha,Nebraska,US,68127
"Security Equipment, Inc.",seisecurity.com,seisecurity.com,,,Consumer Electronics,Omaha,Nebraska,US,68130
Sellhorst Security & Sound,sellhorst.com,sellhorst.com,,,Consumer Electronics,Omaha,Nebraska,US,68022
SmartHouse Pro,smarthousepro.io,smarthousepro.io,,,Consumer Electronics,Omaha,Nebraska,US,68116
SmartStep Systems,smartstepsystems.com,smartstepsystems.com,,,Consumer Electronics,Omaha,Nebraska,US,68127
Surveillance Equipment Omaha - SilverHammer Surveillance,silverhammersurveillance.com,silverhammersurveillance.com,,,Consumer Electronics,Omaha,Nebraska,US,68102
Technical Support Inc,techsi.com,techsi.com,,,Consumer Electronics,Omaha,Nebraska,US,68137
The Home Depot Pro Institutional,supplyworks.com,supplyworks.com,,,Consumer Electronics,Omaha,Nebraska,US,68110
The Light Palace,lightpalace.com,lightpalace.com,,,Consumer Electronics,Omaha,Nebraska,US,68137
The Sound Environment,soundenvironment.com,soundenvironment.com,,,Consumer Electronics,Omaha,Nebraska,US,68144
Thompson Solutions Group,thompsonsolutionsgroup.com,thompsonsolutionsgroup.com,,,Consumer Electronics,Omaha,Nebraska,US,68106
United Electric Supply Co.,uesomaha.com,uesomaha.com,,,Consumer Electronics,Omaha,Nebraska,US,68137
HD Sight & Sound,hdsightandsound.com,hdsightandsound.com,,,Consumer Electronics,Springfield,Nebraska,US,68059
Heritage Home Service,justcallheritage.com,justcallheritage.com,,,Consumer Electronics,Auburn,New Hampshire,US,03032
Bedford Home Theater,cinemaesquehometheater.com,cinemaesquehometheater.com,,,Consumer Electronics,Bedford,New Hampshire,US,03110
"Complete AV, LLC",completeav.us,completeav.us,,,Consumer Electronics,Bedford,New Hampshire,US,03110
Connected Home and business,goconnectedav.com,goconnectedav.com,,,Consumer Electronics,Bedford,New Hampshire,US,03110
Stimuli Sight & Sound LLC,stimulisightandsound.com,stimulisightandsound.com,,,Consumer Electronics,Dover,New Hampshire,US,03820
AudioBarn,audiobarn.com,audiobarn.com,,,Consumer Electronics,Exeter,New Hampshire,US,03833
Northeast Lantern,northeastlantern.com,northeastlantern.com,,,Consumer Electronics,Exeter,New Hampshire,US,03833
Cinemaesque Home Theater,cinemaesque.com,cinemaesque.com,,,Consumer Electronics,Gilford,New Hampshire,US,03249
The Sound Resort,soundresort.net,soundresort.net,,,Consumer Electronics,Gilford,New Hampshire,US,03249
Audio Video Experience,electronic-lifestyle.com,electronic-lifestyle.com,,,Consumer Electronics,Hampton,New Hampshire,US,03842
Arcomm Communications,arcomm1.com,arcomm1.com,,,Consumer Electronics,Hillsborough,New Hampshire,US,03244
"Pro Technologies-Safety Security & Comfort, LLC",protechnologiesllc.com,protechnologiesllc.com,,,Consumer Electronics,Hooksett,New Hampshire,US,03106
Securely Sound Inc,securelysound.com,securelysound.com,,,Consumer Electronics,Hooksett,New Hampshire,US,03106
Audio Elite,audioelite.pro,audioelite.pro,,,Consumer Electronics,Londonderry,New Hampshire,US,03053
Lake Winni Home Theater Inc,lakewinnitv.com,lakewinnitv.com,,,Consumer Electronics,Meredith,New Hampshire,US,03253
Avidex New Hampshire,avidex.com,avidex.com,,,Consumer Electronics,Nashua,New Hampshire,US,03062
Bernie & Phyl's Furniture,bernieandphyls.com,bernieandphyls.com,,,Consumer Electronics,Newington,New Hampshire,US,03801
The Lighting Center at NorthEast Electrical,needco.com,needco.com,https://www.linkedin.com/company/lighting-center-northeast-electrical,,Consumer Electronics,Newington,New Hampshire,US,03801
Integrated Audio Solutions,iaudiosolutions.com,iaudiosolutions.com,https://www.linkedin.com/company/6437979,,Consumer Electronics,Newmarket,New Hampshire,US,03857
Cinemaesque Home Theater,northhamptonhometheater.com,northhamptonhometheater.com,,,Consumer Electronics,North Hampton,New Hampshire,US,03862
"WHB Concert and Production Services, LLC",whbcaps.com,whbcaps.com,,,Consumer Electronics,North Hampton,New Hampshire,US,03862
Extreme Electrical Solutions,extremeelec.com,extremeelec.com,,,Consumer Electronics,Pelham,New Hampshire,US,03076
Xtreme Audio & Video,xtreme-av.com,xtreme-av.com,,,Consumer Electronics,Pelham,New Hampshire,US,03076
"2-Way Communications Service, Inc.",2-way.biz,2-way.biz,,,Consumer Electronics,Portsmouth,New Hampshire,US,03801
Adaptable Computer LLC,adaptablecomputer.com,adaptablecomputer.com,,,Consumer Electronics,Portsmouth,New Hampshire,US,03801
Advanced Automation,advautomation.us,advautomation.us,,,Consumer Electronics,Portsmouth,New Hampshire,US,03802
"Amadeus Hospitality, Inc.",amadeus-hospitality.com,amadeus-hospitality.com,,,Consumer Electronics,Portsmouth,New Hampshire,US,03801
Anchor Line,anchorline.tv,anchorline.tv,,,Consumer Electronics,Portsmouth,New Hampshire,US,03801
AudioNova,audionova.com,audionova.com,,,Consumer Electronics,Portsmouth,New Hampshire,US,03801
Bull Moose,bullmoose.com,bullmoose.com,,,Consumer Electronics,Portsmouth,New Hampshire,US,03801
DVRS Online,dvrsonline.com,dvrsonline.com,,,Consumer Electronics,Portsmouth,New Hampshire,US,03801
Ef Home Services,efhomeservices.com,efhomeservices.com,,,Consumer Electronics,Portsmouth,New Hampshire,US,03801
"Enviance, Inc.",enviance.com,enviance.com,,,Consumer Electronics,Portsmouth,New Hampshire,US,03801
Experimax Portsmouth,experimaxportsmouth.com,experimaxportsmouth.com,,,Consumer Electronics,Portsmouth,New Hampshire,US,03801
GlobalSign USA,globalsign.com,globalsign.com,https://www.linkedin.com/company/globalsign,,Consumer Electronics,Portsmouth,New Hampshire,US,03801
Homesense,locations.us.homesense.com,locations.us.homesense.com,,,Consumer Electronics,Portsmouth,New Hampshire,US,03801
Kate Anderson Studio,kateandersonstudio.com,kateandersonstudio.com,,,Consumer Electronics,Portsmouth,New Hampshire,US,03801
"LT Software Solutions, Inc.",ltsoftware.com,ltsoftware.com,,,Consumer Electronics,Portsmouth,New Hampshire,US,03801
LaBrie Media,labrie-media.com,labrie-media.com,,,Consumer Electronics,Portsmouth,New Hampshire,US,03801
NH Digital Group,nhdigitalgroup.com,nhdigitalgroup.com,,,Consumer Electronics,Portsmouth,New Hampshire,US,03801
"NeoMatrix, Inc.",neomatrixinc.com,neomatrixinc.com,,,Consumer Electronics,Portsmouth,New Hampshire,US,03801
New Era Technology,neweratech.com,neweratech.com,,,Consumer Electronics,Portsmouth,New Hampshire,US,03801
New Hampshire Theatre Project,nhtheatreproject.org,nhtheatreproject.org,,,Consumer Electronics,Portsmouth,New Hampshire,US,03801
Northern Pictures,northern-pictures.com,northern-pictures.com,,,Consumer Electronics,Portsmouth,New Hampshire,US,03801
Players Ring,playersring.org,playersring.org,,,Consumer Electronics,Portsmouth,New Hampshire,US,03801
Portsmouth Public Media,ppmtvnh.org,ppmtvnh.org,,,Consumer Electronics,Portsmouth,New Hampshire,US,03801
Premiere Home Services LLC,premierehomeservice.com,premierehomeservice.com,,,Consumer Electronics,Portsmouth,New Hampshire,US,03801
Resolve Technology - IT Support for Portsmouth and NH Businesses,resolvetech.biz,resolvetech.biz,,,Consumer Electronics,Portsmouth,New Hampshire,US,03801
"Russound/FMP, Inc.",russound.com,russound.com,https://www.linkedin.com/company/russound,,Consumer Electronics,Portsmouth,New Hampshire,US,03801
SC Digital,scdigital.com,scdigital.com,,,Consumer Electronics,Portsmouth,New Hampshire,US,03801
Seacoast Repertory Theatre,seacoastrep.org,seacoastrep.org,,,Consumer Electronics,Portsmouth,New Hampshire,US,03801
SoftShadowSecurity Inc.,softshadowsecurity.com,softshadowsecurity.com,,,Consumer Electronics,Portsmouth,New Hampshire,US,03801
Soundwaves,nhsoundwaves.net,nhsoundwaves.net,,,Consumer Electronics,Portsmouth,New Hampshire,US,03801
State Street Discount,statestreetdiscount.com,statestreetdiscount.com,,,Consumer Electronics,Portsmouth,New Hampshire,US,03801
T&J Builders,tandjbuilders.com,tandjbuilders.com,,,Consumer Electronics,Portsmouth,New Hampshire,US,03801
The ATOM Group,theatomgroup.com,theatomgroup.com,,,Consumer Electronics,Portsmouth,New Hampshire,US,03801
The Fifth Wheel Adult Superstore,fifthwheeladultsuperstore.com,fifthwheeladultsuperstore.com,,,Consumer Electronics,Portsmouth,New Hampshire,US,03801
"The Music Hall, Portsmouth, NH",themusichall.org,themusichall.org,,,Consumer Electronics,Portsmouth,New Hampshire,US,03801
Triple M Handyman,triplemhandyman.com,triplemhandyman.com,,,Consumer Electronics,Portsmouth,New Hampshire,US,03801
"United Automation, Inc",unitedautomation.com,unitedautomation.com,https://www.linkedin.com/company/unitedautomation-inc,,Consumer Electronics,Portsmouth,New Hampshire,US,03801
VENT Activity Rooms,ventwithus.com,ventwithus.com,,,Consumer Electronics,Portsmouth,New Hampshire,US,03801
Visual Media TV,visualmedia.tv,visualmedia.tv,,,Consumer Electronics,Portsmouth,New Hampshire,US,03801
SmartATIConstruction,smartati.com,smartati.com,,,Consumer Electronics,Rochester,New Hampshire,US,03867
"Audio Visual Concepts, Inc.",audiovisualconcepts.net,audiovisualconcepts.net,,,Consumer Electronics,Salem,New Hampshire,US,03079
"Your Custom Smart Home AV Integration Service & Support Company - IntelliHome, LLC",intellihomene.com,intellihomene.com,,,Consumer Electronics,Salem,New Hampshire,US,03079
Dependable Controls Services,dependablecontrolsservices.com,dependablecontrolsservices.com,,,Consumer Electronics,Seabrook,New Hampshire,US,03874
NH Audio & Video,audiovideonh.com,audiovideonh.com,,,Consumer Electronics,Springfield,New Hampshire,US,03284
Sound City Electronics,soundcitycorp.com,soundcitycorp.com,,,Consumer Electronics,Bayonne,New Jersey,US,07002
Integrate Comfort Systems,icshvac.com,icshvac.com,,,Consumer Electronics,Belleville,New Jersey,US,07109
DFX,dfxsoundvision.com,dfxsoundvision.com,,,Consumer Electronics,Berlin Township,New Jersey,US,08091
Elite Smart Companies,elitesmartcompanies.com,elitesmartcompanies.com,,,Consumer Electronics,Berlin Township,New Jersey,US,08091
Bravo AV Home Theater and Home Automation NJ,bravoav.com,bravoav.com,https://www.linkedin.com/company/bravo-av,,Consumer Electronics,Bernardsville,New Jersey,US,07924
ConectSys,conectsys.com,conectsys.com,https://www.linkedin.com/company/conectsys,,Consumer Electronics,Bordentown,New Jersey,US,08505
Automation and Services LLc,automationandservices.com,automationandservices.com,,,Consumer Electronics,Branchburg,New Jersey,US,08876
Audio Visual Experts LLC,avexpertsnj.com,avexpertsnj.com,,,Consumer Electronics,Brick Township,New Jersey,US,08724
Profound Sound & Video,profoundav.com,profoundav.com,https://www.linkedin.com/company/profound-sound-&-video,,Consumer Electronics,Cherry Hill Township,New Jersey,US,08003
Serenity Smart Homes,serenitysmarthomesnj.com,serenitysmarthomesnj.com,https://www.linkedin.com/company/serenity-smart-homes-nj,,Consumer Electronics,Cherry Hill Township,New Jersey,US,08002
A C Video Solutions LLC,acvideosolutions.com,acvideosolutions.com,,,Consumer Electronics,City of Orange,New Jersey,US,07050
Audio-Video Synergy Inc,audiovideosynergy.com,audiovideosynergy.com,https://www.linkedin.com/company/audio-video-synergy,,Consumer Electronics,Clinton,New Jersey,US,08809
CSAV Systems LLC,csavsystems.com,csavsystems.com,,,Consumer Electronics,Colts Neck,New Jersey,US,07722
Phoenix Smart Connect,phoenixsmartconnect.com,phoenixsmartconnect.com,,,Consumer Electronics,East Orange,New Jersey,US,07017
AV-911,av-911.com,av-911.com,,,Consumer Electronics,Edison,New Jersey,US,08820
AVS Installations LLC,avsillc.com,avsillc.com,,,Consumer Electronics,Edison,New Jersey,US,08837
"Intelligent Automation, LLC.",intelamation.com,intelamation.com,,,Consumer Electronics,Edison,New Jersey,US,08820
New World Solutions,newworldsolutions.com,newworldsolutions.com,https://www.linkedin.com/company/newworldsolutionsllc,,Consumer Electronics,Elizabeth,New Jersey,US,07202
Cyberhomes Systems LLC,cyberhomessystems.com,cyberhomessystems.com,,,Consumer Electronics,Englishtown,New Jersey,US,07726
"A-V Services, Inc.",avservices.net,avservices.net,https://www.linkedin.com/company/avservicesinc,,Consumer Electronics,Fairfield,New Jersey,US,07004
Audio Video Solutions NJ LLC.,avsolutions.tech,avsolutions.tech,,,Consumer Electronics,Fairfield,New Jersey,US,07004
Scott Hibbard Audio,scotthibbardaudio.com,scotthibbardaudio.com,,,Consumer Electronics,Florham Park,New Jersey,US,07932
"JD Audio & Video Design, Inc.",jdavdesign.com,jdavdesign.com,,,Consumer Electronics,Fort Lee,New Jersey,US,07024
Audio Visual Design,protek-avdesign.com,protek-avdesign.com,,,Consumer Electronics,Franklin Lakes,New Jersey,US,07417
Horizon AVL System Integration,horizonavl.com,horizonavl.com,https://www.linkedin.com/company/horizonavl,,Consumer Electronics,Gloucester Township,New Jersey,US,08012
Home Theater Group,hometheatergroup.com,hometheatergroup.com,,,Consumer Electronics,Green Brook Township,New Jersey,US,08812
Audio Visual Dynamics,avdusa.com,avdusa.com,https://www.linkedin.com/company/avdusa,,Consumer Electronics,Hackettstown,New Jersey,US,07840
"The Sound Professionals, Inc",soundprofessionals.com,soundprofessionals.com,,,Consumer Electronics,Hainesport,New Jersey,US,08036
IAV-Intl Audio Visual,iavnj.com,iavnj.com,,,Consumer Electronics,Hanover,New Jersey,US,07981
"Pezz Electrical Services, LLC",pezzelectric.com,pezzelectric.com,,,Consumer Electronics,Hillsborough Township,New Jersey,US,08844
Bergen Audio Visual & Live Streaming Service,bergenav.com,bergenav.com,,,Consumer Electronics,Jackson Township,New Jersey,US,08527
Cyber Elephant TV Mounting,cyber-elephant.com,cyber-elephant.com,,,Consumer Electronics,Jersey City,New Jersey,US,07306
Elite Systems America,elitesystemsamerica.com,elitesystemsamerica.com,,,Consumer Electronics,Jersey City,New Jersey,US,07306
Falcon Builders & General Contractor Jersey city,falconbuilders-nj.com,falconbuilders-nj.com,,,Consumer Electronics,Jersey City,New Jersey,US,07307
Assemble Pro NJ LLC,assemblepronj.com,assemblepronj.com,,,Consumer Electronics,Kearny,New Jersey,US,07032
Digital Home LLC,digihm.com,digihm.com,,,Consumer Electronics,Kearny,New Jersey,US,07032
Einstein Electrical & Automation LLC,einsteinautomation.com,einsteinautomation.com,,,Consumer Electronics,Kearny,New Jersey,US,07032
"Gateway Audio Visual, Inc.",gatewayav.com,gatewayav.com,,,Consumer Electronics,Kenilworth,New Jersey,US,07033
Resound Technologies,resoundav.com,resoundav.com,,,Consumer Electronics,Kenilworth,New Jersey,US,07033
"Smart Technology Plus, LLC",smarttech-us.com,smarttech-us.com,https://www.linkedin.com/company/smarttechnj,,Consumer Electronics,Kenilworth,New Jersey,US,07033
Advanced Automation Systems,advanced-automations.com,advanced-automations.com,,,Consumer Electronics,Kinnelon,New Jersey,US,07405
For-Tech Electric LLC,fortechelectric.com,fortechelectric.com,,,Consumer Electronics,Lakewood,New Jersey,US,08701
Bassett Furniture,stores.bassettfurniture.com,stores.bassettfurniture.com,,,Consumer Electronics,Lawrence Township,New Jersey,US,08648
Digital Surroundings,digitalsurroundings.com,digitalsurroundings.com,,,Consumer Electronics,Lawrence Township,New Jersey,US,08648
"Main Access Systems, Inc.",mainaccesssystems.com,mainaccesssystems.com,,,Consumer Electronics,Lawrence Township,New Jersey,US,08648
i-AV,i-av.com,i-av.com,https://www.linkedin.com/company/infinite-av-solutions,,Consumer Electronics,Little Silver,New Jersey,US,07739
Interactive Spaces,interactivespaces.com,interactivespaces.com,,,Consumer Electronics,Livingston,New Jersey,US,07039
AV Design Services,avds.tv,avds.tv,,,Consumer Electronics,Lumberton Township,New Jersey,US,08048
Waverly TV,waverlytv.com,waverlytv.com,,,Consumer Electronics,Madison,New Jersey,US,07940
Corbin Electrical Services,corbinelectric.com,corbinelectric.com,,,Consumer Electronics,Marlboro Township,New Jersey,US,07746
Audio Video Concepts & Design,audiovideoconcepts.net,audiovideoconcepts.net,,,Consumer Electronics,Medford,New Jersey,US,08055
NJ Lutron Lights & Shades Installer,cravtsman.com,cravtsman.com,,,Consumer Electronics,Millburn,New Jersey,US,07078
Professional Audio Consultants,pac-nj.com,pac-nj.com,https://www.linkedin.com/company/professional-audio-consultants,,Consumer Electronics,Millburn,New Jersey,US,07041
ynVISION Lutron Lighting and Motorized Blinds NJ,ynvision.design,ynvision.design,,,Consumer Electronics,Millburn,New Jersey,US,07041
HomeCinema4u,homecinema4u.com,homecinema4u.com,,,Consumer Electronics,Monroe Township,New Jersey,US,08831
Montgomery Cinemas,montgomerycinemas.com,montgomerycinemas.com,,,Consumer Electronics,Montgomery,New Jersey,US,08558
Stark System Design,starksystemdesign.com,starksystemdesign.com,,,Consumer Electronics,Moorestown,New Jersey,US,08057
Starlite,starlite.com,starlite.com,,,Consumer Electronics,Moorestown,New Jersey,US,08057
"Cine Acoustic LLC - Audio Video , Home Automation New Jersey & New York",cineacoustic.com,cineacoustic.com,,,Consumer Electronics,Morris Plains,New Jersey,US,07950
Hi Def Innovations,hidefinnovations.com,hidefinnovations.com,,,Consumer Electronics,Morris Plains,New Jersey,US,07950
Headquarters Audio Visual Services,headquartersav.com,headquartersav.com,,,Consumer Electronics,Morristown,New Jersey,US,07960
"JS Audio Video, Inc.",jsaudiovideo.com,jsaudiovideo.com,https://www.linkedin.com/company/js-audio-video,,Consumer Electronics,Morristown,New Jersey,US,07960
Smart Homes and Theaters,smartavinstall.com,smartavinstall.com,,,Consumer Electronics,Morristown,New Jersey,US,07960
SmartWay Integration,smartwayintegration.com,smartwayintegration.com,https://www.linkedin.com/company/smartwayintegration,,Consumer Electronics,Morristown,New Jersey,US,07960
Worlds Light Home Services LLC,worldslighthomeservices.com,worldslighthomeservices.com,,,Consumer Electronics,Morristown,New Jersey,US,07960
Dreamedia Home Theater,dreamediaav.com,dreamediaav.com,,,Consumer Electronics,Mountainside,New Jersey,US,07092
Epic Systems Tech Home Theater and Control4 Installation New Jersey,epicsystems.tech,epicsystems.tech,https://www.linkedin.com/company/epic-systems-tech,,Consumer Electronics,Mt Olive,New Jersey,US,07828
Custom AV Integrators,customavnj.com,customavnj.com,,,Consumer Electronics,Mullica Hill,New Jersey,US,08062
INTEGRA ENGINEERING,thumbtack.com,thumbtack.com,,,Consumer Electronics,Newark,New Jersey,US,07107
Mytechguyjoe,mytechguyjoe.com,mytechguyjoe.com,,,Consumer Electronics,Newark,New Jersey,US,07114
"National Retail Solutions, Inc. (NRS)",nrsplus.com,nrsplus.com,,,Consumer Electronics,Newark,New Jersey,US,07102
net2phone - Cloud Communications Solutions Provider,net2phone.com,net2phone.com,,,Consumer Electronics,Newark,New Jersey,US,07102
"CitiView Audio Visual, Ltd.",citiviewav.com,citiviewav.com,,,Consumer Electronics,North Bergen,New Jersey,US,07047
SHORE Smart Home,shoresmarthome.pro,shoresmarthome.pro,https://www.linkedin.com/company/shore-smart-home-nj,,Consumer Electronics,Northfield,New Jersey,US,08225
Alliance Technology Integrators,allitechnj.com,allitechnj.com,,,Consumer Electronics,Northvale,New Jersey,US,07647
Focused AV,focusedav.com,focusedav.com,,,Consumer Electronics,Norwood,New Jersey,US,07648
Smart Home Systems LLC,thesmarthomesystems.com,thesmarthomesystems.com,https://www.linkedin.com/company/64716462,,Consumer Electronics,Nutley,New Jersey,US,07110
Smart Home Integrations,smarthomeintegrations.com,smarthomeintegrations.com,https://www.linkedin.com/company/smart-home-integrations-llc,,Consumer Electronics,Ocean Township,New Jersey,US,07712
"Stereo & Video Integrators, Inc.",stereoandvideo.com,stereoandvideo.com,https://www.linkedin.com/company/stereo-and-video-integrators-inc-,,Consumer Electronics,Ocean Township,New Jersey,US,07712
GMI Automation,gmiautomation.com,gmiautomation.com,https://www.linkedin.com/company/gmi-automation,,Consumer Electronics,Old Bridge,New Jersey,US,08857
TD Smart Homes Inc,tdsmarthomes.com,tdsmarthomes.com,,,Consumer Electronics,Paramus,New Jersey,US,07652
DH Audio and Home Theater,dhaudioandhometheater.com,dhaudioandhometheater.com,,,Consumer Electronics,Parsippany-Troy Hills,New Jersey,US,07054
Summit AV Group,summitavrentals.com,summitavrentals.com,,,Consumer Electronics,Pennington,New Jersey,US,08534
Prime AV Solutions,primeavsolutions.com,primeavsolutions.com,,,Consumer Electronics,Pennsauken,New Jersey,US,08109
One Sound Choice,onesoundchoice.com,onesoundchoice.com,,,Consumer Electronics,Pequannock Township,New Jersey,US,07444
Stellar Audio Video LLC,stellaraudiovideo.com,stellaraudiovideo.com,,,Consumer Electronics,Point Pleasant,New Jersey,US,08742
4 Elements Wellness Center,4elementswellnesscenter.com,4elementswellnesscenter.com,,,Consumer Electronics,Princeton,New Jersey,US,08540
ABNH,abnhav.com,abnhav.com,https://www.linkedin.com/company/abnhav,,Consumer Electronics,Princeton,New Jersey,US,08540
B&L Woodworking,blwoodwork.com,blwoodwork.com,,,Consumer Electronics,Princeton,New Jersey,US,08540
Best High Technologies LLC,besthtech.com,besthtech.com,https://www.linkedin.com/company/9312786,,Consumer Electronics,Princeton,New Jersey,US,08540
BoConcept Princeton,boconcept.com,boconcept.com,,,Consumer Electronics,Princeton,New Jersey,US,08540
Brandywine Serenade by Monarch,brandycare.com,brandycare.com,,,Consumer Electronics,Princeton,New Jersey,US,08540
Brighton Electric,brighton-electric.com,brighton-electric.com,,,Consumer Electronics,Princeton,New Jersey,US,08540
Ethan Allen,ethanallen.com,ethanallen.com,,,Consumer Electronics,Princeton,New Jersey,US,08540
Firmus Electronics,firmus.com,firmus.com,,,Consumer Electronics,Princeton,New Jersey,US,08540
Five Below,locations.fivebelow.com,locations.fivebelow.com,,,Consumer Electronics,Princeton,New Jersey,US,08540
George Johnson & Son,marvelelectricians.com,marvelelectricians.com,,,Consumer Electronics,Princeton,New Jersey,US,08540
Homestead Princeton,homesteadprinceton.com,homesteadprinceton.com,,,Consumer Electronics,Princeton,New Jersey,US,08542
Hudson Table,hudsontable.com,hudsontable.com,,,Consumer Electronics,Princeton,New Jersey,US,08540
LUXE HOME COMPANY,luxehomecompany.com,luxehomecompany.com,,,Consumer Electronics,Princeton,New Jersey,US,08540
Mr. Handyman of Princeton and Robbinsville,mrhandymanprinceton.com,mrhandymanprinceton.com,,,Consumer Electronics,Princeton,New Jersey,US,08540
OFC,ofc.tv,ofc.tv,,,Consumer Electronics,Princeton,New Jersey,US,08542
Ori Home Improvement,orihomeimprovement.com,orihomeimprovement.com,,,Consumer Electronics,Princeton,New Jersey,US,08540
Patriot Media Consulting LLC,patriotmediaconsulting.com,patriotmediaconsulting.com,,,Consumer Electronics,Princeton,New Jersey,US,08540
Penta Hearing Care,pentahearingprinceton.com,pentahearingprinceton.com,,,Consumer Electronics,Princeton,New Jersey,US,08540
Pottery Barn,potterybarn.com,potterybarn.com,,,Consumer Electronics,Princeton,New Jersey,US,08540
Princeton Electrical Makeover,electricalmakeover.com,electricalmakeover.com,,,Consumer Electronics,Princeton,New Jersey,US,08540
"Princeton IT Services, Inc.",princetonits.com,princetonits.com,https://www.linkedin.com/company/princeton-it-services-inc,,Consumer Electronics,Princeton,New Jersey,US,08540
Princeton ProAV - A Division of Princeton IT Services,princetonproav.com,princetonproav.com,,,Consumer Electronics,Princeton,New Jersey,US,08540
Princeton Record Exchange,prex.com,prex.com,,,Consumer Electronics,Princeton,New Jersey,US,08542
"Resound Marketing, LLC",resoundmarketing.com,resoundmarketing.com,,,Consumer Electronics,Princeton,New Jersey,US,08540
Richardson Auditorium,princeton.edu,princeton.edu,,,Consumer Electronics,Princeton,New Jersey,US,08540
Surveillance Technologies,surveillancetechnologies.com,surveillancetechnologies.com,,,Consumer Electronics,Princeton,New Jersey,US,08540
Syspro Automation,sysproautomation.com,sysproautomation.com,https://www.linkedin.com/company/syspro-ingenieria,,Consumer Electronics,Princeton,New Jersey,US,08540
T&J Bathrooms by Design,tadasremodeling.com,tadasremodeling.com,,,Consumer Electronics,Princeton,New Jersey,US,08542
Target,target.com,target.com,,,Consumer Electronics,Princeton,New Jersey,US,08540
The Home X,thehomex.com,thehomex.com,,,Consumer Electronics,Princeton,New Jersey,US,08542
The Princeton Garden Theatre,princetongardentheatre.org,princetongardentheatre.org,,,Consumer Electronics,Princeton,New Jersey,US,08542
Triveni Digital Inc,trivenidigital.com,trivenidigital.com,https://www.linkedin.com/company/triveni-digital,,Consumer Electronics,Princeton,New Jersey,US,08540
west elm,westelm.com,westelm.com,,,Consumer Electronics,Princeton,New Jersey,US,08540
e-home,e-home.com,e-home.com,,,Consumer Electronics,Ridgefield,New Jersey,US,07657
JNS Audio Video: Home Automation | New Jersey & New York,jnsaudiovideo.com,jnsaudiovideo.com,,,Consumer Electronics,Ridgewood,New Jersey,US,07450
Total Home Technologies,totalhome.tech,totalhome.tech,,,Consumer Electronics,Roseland,New Jersey,US,07068
"AVData LLC, Audio Visual Services",avdata.tech,avdata.tech,,,Consumer Electronics,Roselle,New Jersey,US,07203
Blackpoint Technology,blackpointnj.com,blackpointnj.com,https://www.linkedin.com/company/blackpointnj,,Consumer Electronics,Rumson,New Jersey,US,07760
JMG Audio Video Inc.,jmgav.com,jmgav.com,https://www.linkedin.com/company/jmg-audio-video-inc,,Consumer Electronics,Saddle River,New Jersey,US,07458
Sound Advice & Video,visitsoundadvice.com,visitsoundadvice.com,,,Consumer Electronics,Stone Harbor,New Jersey,US,08247
Audio Nexus,audionexus.com,audionexus.com,,,Consumer Electronics,Summit,New Jersey,US,07901
Elite Home Technology,elitehometech.com,elitehometech.com,https://www.linkedin.com/company/elitehometech,,Consumer Electronics,Toms River,New Jersey,US,08753
MegaTV Installations,megatvinstallations.com,megatvinstallations.com,,,Consumer Electronics,Trenton,New Jersey,US,08619
P.C. Richard & Son,pcrichard.com,pcrichard.com,https://www.linkedin.com/company/pc-richard-&-son,,Consumer Electronics,Trenton,New Jersey,US,08648
Audio Inc,audioincorporated.com,audioincorporated.com,https://www.linkedin.com/company/audio-incorporated,,Consumer Electronics,Union,New Jersey,US,07083
"Larkin Controls - Engineering, Automation, and HVAC",larkincontrols.com,larkincontrols.com,https://www.linkedin.com/company/larkin-controls-llc,,Consumer Electronics,Union,New Jersey,US,07083
Broadcast Integration Services,bis-tv.com,bis-tv.com,,,Consumer Electronics,Union City,New Jersey,US,07087
Q1HD LLC,q1hd.com,q1hd.com,,,Consumer Electronics,Union City,New Jersey,US,07087
Berman Home Systems,bermanhomesystems.com,bermanhomesystems.com,,,Consumer Electronics,Verona,New Jersey,US,07044
Sounding Board Home Theatre Company,soundingboardhtp.com,soundingboardhtp.com,,,Consumer Electronics,Waldwick,New Jersey,US,07463
Custom Audio and Video Solutions,sonosinstallation.net,sonosinstallation.net,,,Consumer Electronics,Wall Township,New Jersey,US,07719
HiDEF Home Theater and TV Installation NJ,hidefnj.com,hidefnj.com,,,Consumer Electronics,Wall Township,New Jersey,US,07719
Two Smart Techs,2smarttechs.com,2smarttechs.com,,,Consumer Electronics,Watchung,New Jersey,US,07069
A to Z Tech Services,atoztechnj.com,atoztechnj.com,,,Consumer Electronics,Wayne,New Jersey,US,07470
Elite Smart Home,elitesmarthome.com,elitesmarthome.com,,,Consumer Electronics,West Berlin,New Jersey,US,08091
Audio Visual Results,audiovisualresults.com,audiovisualresults.com,,,Consumer Electronics,West Milford,New Jersey,US,07421
Smart Service Construction LLC,smartserviceconstruction.com,smartserviceconstruction.com,,,Consumer Electronics,West Windsor Township,New Jersey,US,08550
Almera Tech Services,almeratech.com,almeratech.com,,,Consumer Electronics,Westwood,New Jersey,US,07675
Connect Consulting Inc,connectht.com,connectht.com,https://www.linkedin.com/company/connect-consultingnj,,Consumer Electronics,Woodland Park,New Jersey,US,07424
Restrepo Innovations,restrepoinnovations.com,restrepoinnovations.com,https://www.linkedin.com/company/restrepo-innovations,,Consumer Electronics,Wyckoff,New Jersey,US,07481
"A-TECH Security, Inc.",atechsecurity.com,atechsecurity.com,,,Consumer Electronics,Albuquerque,New Mexico,US,87109
ABQ TV Mount,abqtvmount.com,abqtvmount.com,,,Consumer Electronics,Albuquerque,New Mexico,US,87110
ACT Alarm Control Technologies,alarmcontroltechnologies.com,alarmcontroltechnologies.com,,,Consumer Electronics,Albuquerque,New Mexico,US,87113
APIC Solutions,apicmsi.com,apicmsi.com,,,Consumer Electronics,Albuquerque,New Mexico,US,87109
Action Security Iron Inc,actionsecurityiron.com,actionsecurityiron.com,,,Consumer Electronics,Albuquerque,New Mexico,US,87113
"Advanced Communications and Electronics, Inc",advtwoway.com,advtwoway.com,,,Consumer Electronics,Albuquerque,New Mexico,US,87106
Advanced Presentation Systems,advancingav.com,advancingav.com,,,Consumer Electronics,Albuquerque,New Mexico,US,87109
Advantage Audio Visual,advantage-av.com,advantage-av.com,,,Consumer Electronics,Albuquerque,New Mexico,US,87102
"Alarm Research, LLC",alarmresearch.com,alarmresearch.com,,,Consumer Electronics,Albuquerque,New Mexico,US,87110
Albuquerque Sound and Vac,abqsoundandvac.com,abqsoundandvac.com,,,Consumer Electronics,Albuquerque,New Mexico,US,87113
Alliance Audio Visual,allianceav.com,allianceav.com,,,Consumer Electronics,Albuquerque,New Mexico,US,87109
Applied Automation & Sound,aasound.net,aasound.net,,,Consumer Electronics,Albuquerque,New Mexico,US,87111
Automated Logic Controls West (ALC WEST),automatedlogic.com,automatedlogic.com,,,Consumer Electronics,Albuquerque,New Mexico,US,87107
"B&D Industries, Inc.",banddindustries.com,banddindustries.com,,,Consumer Electronics,Albuquerque,New Mexico,US,87123
"Baillio's Appliances, Electronics and Mattress Store",baillios.com,baillios.com,,,Consumer Electronics,Albuquerque,New Mexico,US,87110
Bright Ideas Inc. Lighting Design Center,shop.lightingfordesign.com,shop.lightingfordesign.com,,,Consumer Electronics,Albuquerque,New Mexico,US,87113
Current Security and Electric,currentsecurityandelectric.com,currentsecurityandelectric.com,,,Consumer Electronics,Albuquerque,New Mexico,US,87114
Dubland Inc,dublandmedia.com,dublandmedia.com,,,Consumer Electronics,Albuquerque,New Mexico,US,87106
Electric Avenue Car Audio,eacaraudio.com,eacaraudio.com,,,Consumer Electronics,Albuquerque,New Mexico,US,87105
Electronic Technical Services Inc.,etsnm.com,etsnm.com,https://www.linkedin.com/company/etsnm,,Consumer Electronics,Albuquerque,New Mexico,US,87123
Energized Electric LLC,energizedelectric505.com,energizedelectric505.com,https://www.linkedin.com/company/energized-electric-llc,,Consumer Electronics,Albuquerque,New Mexico,US,87110
G C Video Inc,gcvideo.com,gcvideo.com,,,Consumer Electronics,Albuquerque,New Mexico,US,87113
Gamers Anonymous,instagram.com,instagram.com,,,Consumer Electronics,Albuquerque,New Mexico,US,87112
"HaloTech, LLC",halotech1.com,halotech1.com,,,Consumer Electronics,Albuquerque,New Mexico,US,87107
Heritage Audio Visual,heritageaudiovisual.com,heritageaudiovisual.com,,,Consumer Electronics,Albuquerque,New Mexico,US,87109
Herndon Audio,herndonaudio.com,herndonaudio.com,,,Consumer Electronics,Albuquerque,New Mexico,US,87110
High Fidelity Mastering,highfidelitymastering.com,highfidelitymastering.com,,,Consumer Electronics,Albuquerque,New Mexico,US,87113
"Home Modification Solutions, LLC",homemodsw.com,homemodsw.com,,,Consumer Electronics,Albuquerque,New Mexico,US,87113
Home Security Systems Inc,hssnm.com,hssnm.com,,,Consumer Electronics,Albuquerque,New Mexico,US,87107
Honest Sound LLC,honestsoundnm.com,honestsoundnm.com,,,Consumer Electronics,Albuquerque,New Mexico,US,87109
InCrowd Productions,incrowdproductions.net,incrowdproductions.net,,,Consumer Electronics,Albuquerque,New Mexico,US,87112
Industrial Electric Automation,gotoiea.com,gotoiea.com,,,Consumer Electronics,Albuquerque,New Mexico,US,87102
IntraWorks,intraworksusa.com,intraworksusa.com,,,Consumer Electronics,Albuquerque,New Mexico,US,87113
L & L Electronics,abqlle.com,abqlle.com,,,Consumer Electronics,Albuquerque,New Mexico,US,87107
"Lesmen's Pro Audio, Lighting, & Video",lesmens.com,lesmens.com,,,Consumer Electronics,Albuquerque,New Mexico,US,87110
Lomas True Value,truevalue.com,truevalue.com,,,Consumer Electronics,Albuquerque,New Mexico,US,87110
MoreThanGates,morethangates.com,morethangates.com,,,Consumer Electronics,Albuquerque,New Mexico,US,87123
Northridge Electric Inc,getvolts.com,getvolts.com,,,Consumer Electronics,Albuquerque,New Mexico,US,87114
Pace Audio Services,paceaudio.com,paceaudio.com,,,Consumer Electronics,Albuquerque,New Mexico,US,87110
Paradise Village the Electronic Specialists,paradisevillagenm.com,paradisevillagenm.com,,,Consumer Electronics,Albuquerque,New Mexico,US,87110
Production Outfitters,productionoutfitters.com,productionoutfitters.com,,,Consumer Electronics,Albuquerque,New Mexico,US,87110
"Quickbeam Systems, Inc.",quickbeam.com,quickbeam.com,,,Consumer Electronics,Albuquerque,New Mexico,US,87109
Retis Technologies Inc,retis.com,retis.com,,,Consumer Electronics,Albuquerque,New Mexico,US,87106
"SCI, Inc. Security Control Integration",scinm.net,scinm.net,,,Consumer Electronics,Albuquerque,New Mexico,US,87109
STM Enterprises Ltd,stment.com,stment.com,,,Consumer Electronics,Albuquerque,New Mexico,US,87113
Samon's Electric & Plumbing Supply,samonsdiy.com,samonsdiy.com,,,Consumer Electronics,Albuquerque,New Mexico,US,87107
Security Hardware Solutions,securityhardwaresolutions.com,securityhardwaresolutions.com,,,Consumer Electronics,Albuquerque,New Mexico,US,87107
Sentry Solutions NM,sentrysolutionsnmllc.com,sentrysolutionsnmllc.com,,,Consumer Electronics,Albuquerque,New Mexico,US,87102
Sharp Business Systems,business.sharpusa.com,business.sharpusa.com,,,Consumer Electronics,Albuquerque,New Mexico,US,87109
SmartVolt AV,smartvoltav.com,smartvoltav.com,,,Consumer Electronics,Albuquerque,New Mexico,US,87107
SoundIPTV,soundiptv.com,soundiptv.com,,,Consumer Electronics,Albuquerque,New Mexico,US,87108
Southwest Ceramic Lighting Inc,southwestceramiclighting.com,southwestceramiclighting.com,,,Consumer Electronics,Albuquerque,New Mexico,US,87108
Star Audio,staraudioabq.wix.com,staraudioabq.wix.com,,,Consumer Electronics,Albuquerque,New Mexico,US,87110
Star Audio #2,staraudioabq.wixsite.com,staraudioabq.wixsite.com,,,Consumer Electronics,Albuquerque,New Mexico,US,87105
TAS Security Systems,thealarmstore.com,thealarmstore.com,,,Consumer Electronics,Albuquerque,New Mexico,US,87110
"Team 1st Technologies, LLC",team1sttech.com,team1sttech.com,,,Consumer Electronics,Albuquerque,New Mexico,US,87113
The Natural Lighting Company,naturallightingco.com,naturallightingco.com,,,Consumer Electronics,Albuquerque,New Mexico,US,87107
The Vocalists Marketing Team - TVMT LLC,thevocalistsmarketingteam.com,thevocalistsmarketingteam.com,,,Consumer Electronics,Albuquerque,New Mexico,US,87120
Thompson Security,thompsonsecuritynm.com,thompsonsecuritynm.com,https://www.linkedin.com/company/thompsonss,,Consumer Electronics,Albuquerque,New Mexico,US,87111
Titan Controls,titancontrolsystems.com,titancontrolsystems.com,,,Consumer Electronics,Albuquerque,New Mexico,US,87109
TripleTone Audio Post,tripletoneaudiopost.com,tripletoneaudiopost.com,https://www.linkedin.com/company/tripletone-studios,,Consumer Electronics,Albuquerque,New Mexico,US,87102
Video Factory,videofactorynm.com,videofactorynm.com,,,Consumer Electronics,Albuquerque,New Mexico,US,87107
soundspremium Digital Services LLC,soundspremium.com,soundspremium.com,,,Consumer Electronics,Albuquerque,New Mexico,US,87110
Turn On Lighting,turnonlighting.com,turnonlighting.com,,,Consumer Electronics,Rio Rancho,New Mexico,US,87124
Constellation Home Electronics,constellationsantafe.com,constellationsantafe.com,,,Consumer Electronics,Santa Fe,New Mexico,US,87505
"Solar Smart Living, LLC",solarsmartliving.com,solarsmartliving.com,,,Consumer Electronics,Santa Teresa,New Mexico,US,88008
Capital Control Systems,nvgreenteam.com,nvgreenteam.com,,,Consumer Electronics,Carson City,Nevada,US,89706
Naffah Tech Solutions LLC,naffahtechsolutions.com,naffahtechsolutions.com,,,Consumer Electronics,Henderson,Nevada,US,89015
Air Concierge Lake Tahoe,airconcierge.net,airconcierge.net,,,Consumer Electronics,IVGID,Nevada,US,89451
Classical Tahoe Music Festival,classicaltahoe.org,classicaltahoe.org,,,Consumer Electronics,IVGID,Nevada,US,89451
Holm Electric,holmelectric.com,holmelectric.com,,,Consumer Electronics,IVGID,Nevada,US,89451
"Hyatt Regency Lake Tahoe Resort, Spa and Casino",hyatt.com,hyatt.com,,,Consumer Electronics,IVGID,Nevada,US,89451
Incline Village Cinema,cinemasonline.com,cinemasonline.com,,,Consumer Electronics,IVGID,Nevada,US,89451
Nexus Electrical and Smart Home,nexushome.com,nexushome.com,,,Consumer Electronics,IVGID,Nevada,US,89451
Socure - Digital Identity Verification and Fraud Prevention Solutions,socure.com,socure.com,,,Consumer Electronics,IVGID,Nevada,US,89451
Tahoe Specialty Flooring & Window Design,tahoespecialtyflooring.com,tahoespecialtyflooring.com,,,Consumer Electronics,IVGID,Nevada,US,89451
Wired Solutions,wireddirect.com,wireddirect.com,,,Consumer Electronics,IVGID,Nevada,US,89451
AV Labor Source Inc,avlaborsourceinc.com,avlaborsourceinc.com,,,Consumer Electronics,Las Vegas,Nevada,US,89107
AV Luxury Group,avluxurygroup.com,avluxurygroup.com,,,Consumer Electronics,Las Vegas,Nevada,US,89135
AV Technology Systems,avtechsys.com,avtechsys.com,,,Consumer Electronics,Las Vegas,Nevada,US,89103
"AV Vegas - Audio, Video, Lighting, Backline & Stage Rental",avvegas.com,avvegas.com,,,Consumer Electronics,Las Vegas,Nevada,US,89103
Access Control Technologies,accesscontrol.tech,accesscontrol.tech,https://www.linkedin.com/company/actllc,,Consumer Electronics,Las Vegas,Nevada,US,89128
Acoustic Design Systems,acousticdesignlv.com,acousticdesignlv.com,https://www.linkedin.com/company/acoustic-design-systems,,Consumer Electronics,Las Vegas,Nevada,US,89139
All in One Las Vegas TV Mounting & Home Theater,allinonelasvegas.com,allinonelasvegas.com,,,Consumer Electronics,Las Vegas,Nevada,US,89131
Audio Integrations Inc,audiointegrations.com,audiointegrations.com,,,Consumer Electronics,Las Vegas,Nevada,US,89113
Audio Visual Advantage,goavadvantage.com,goavadvantage.com,,,Consumer Electronics,Las Vegas,Nevada,US,89123
Audio Visual Advisors,avadvisors.net,avadvisors.net,,,Consumer Electronics,Las Vegas,Nevada,US,89120
DMC Systems LLC,dmcsystemsllc.com,dmcsystemsllc.com,,,Consumer Electronics,Las Vegas,Nevada,US,89118
EM System Integrators,emintegrators.com,emintegrators.com,,,Consumer Electronics,Las Vegas,Nevada,US,89102
Eagle Sentry,eaglesentry.com,eaglesentry.com,https://www.linkedin.com/company/eaglesentry,,Consumer Electronics,Las Vegas,Nevada,US,89120
Elite A/V | Smart Home & Automation Integration,hometheater.vegas,hometheater.vegas,https://www.linkedin.com/company/hometheaterlv,,Consumer Electronics,Las Vegas,Nevada,US,89103
Fusion Home Systems,fusionsystemslv.com,fusionsystemslv.com,,,Consumer Electronics,Las Vegas,Nevada,US,89118
Hartwalker Audio Video and Automation,hartwalkerav.com,hartwalkerav.com,,,Consumer Electronics,Las Vegas,Nevada,US,89119
HomeTronic,hometroniclv.com,hometroniclv.com,,,Consumer Electronics,Las Vegas,Nevada,US,89108
Hometech Installs,hometechinstalls.com,hometechinstalls.com,,,Consumer Electronics,Las Vegas,Nevada,US,89123
Immersive AV,immersive.vegas,immersive.vegas,,,Consumer Electronics,Las Vegas,Nevada,US,89103
Jc Enterprise LLC,jcenterpriselv.com,jcenterpriselv.com,,,Consumer Electronics,Las Vegas,Nevada,US,89131
LANCELOT Security AV Automation,mylancelot.com,mylancelot.com,https://www.linkedin.com/company/lancelot-security-av-automation,,Consumer Electronics,Las Vegas,Nevada,US,89120
Luxury Electronics Inc.,luxuryelectronicsinc.com,luxuryelectronicsinc.com,,,Consumer Electronics,Las Vegas,Nevada,US,89118
Media Services Worldwide,mediaservicesww.com,mediaservicesww.com,,,Consumer Electronics,Las Vegas,Nevada,US,89102
Millennium Systems & Integrations,msilv.com,msilv.com,,,Consumer Electronics,Las Vegas,Nevada,US,89149
Mounting Vegas - TV Mounting,mountingvegas.com,mountingvegas.com,,,Consumer Electronics,Las Vegas,Nevada,US,89103
Over The Top Mounts,overthetopmounts.com,overthetopmounts.com,,,Consumer Electronics,Las Vegas,Nevada,US,89108
PSX-inc Audio Visual Technologies,psx-inc.com,psx-inc.com,https://www.linkedin.com/company/psx-worldwide-audiovisual-technologies,,Consumer Electronics,Las Vegas,Nevada,US,89139
Pegasus Low Voltage,pegasuslv.com,pegasuslv.com,,,Consumer Electronics,Las Vegas,Nevada,US,89108
Premiere A/V Integration,premierelv.com,premierelv.com,,,Consumer Electronics,Las Vegas,Nevada,US,89148
Premiertek Solutions LLC,premierteksolutions.com,premierteksolutions.com,,,Consumer Electronics,Las Vegas,Nevada,US,89120
Premium Audio Services,premiumaudioservices.com,premiumaudioservices.com,,,Consumer Electronics,Las Vegas,Nevada,US,89118
Pro Audio Home Theater Installation | Control4 Home Automation,proaudiohometheaterinstallation.com,proaudiohometheaterinstallation.com,https://www.linkedin.com/company/hometheaterlv,,Consumer Electronics,Las Vegas,Nevada,US,89119
Progressive Smart Homes,progressivesmarthomes.com,progressivesmarthomes.com,,,Consumer Electronics,Las Vegas,Nevada,US,89118
RRS Audio Production,rrsaudio.com,rrsaudio.com,https://www.linkedin.com/company/rrs-audio,,Consumer Electronics,Las Vegas,Nevada,US,89119
Safe and Secure Alarms and Video,safeandsecurealarms.net,safeandsecurealarms.net,,,Consumer Electronics,Las Vegas,Nevada,US,89145
Smart Main Panel System,smartmainpanel.com,smartmainpanel.com,https://www.linkedin.com/company/smart-main-panel,,Consumer Electronics,Las Vegas,Nevada,US,89118
Sound Masters Music and Video Production,soundmasterslv.com,soundmasterslv.com,,,Consumer Electronics,Las Vegas,Nevada,US,89121
Sting Alarm,stingalarm.com,stingalarm.com,,,Consumer Electronics,Las Vegas,Nevada,US,89119
Sturdy Hands AV & Integration Solutions,sturdyhandslv.com,sturdyhandslv.com,,,Consumer Electronics,Las Vegas,Nevada,US,89131
Tech Solutions US,techsolutionsus.net,techsolutionsus.net,,,Consumer Electronics,Las Vegas,Nevada,US,89118
"Technology West Group, LLC",technologywestgroup.com,technologywestgroup.com,,,Consumer Electronics,Las Vegas,Nevada,US,89119
Teledata Technologies,teledatanv.com,teledatanv.com,,,Consumer Electronics,Las Vegas,Nevada,US,89113
The Wolf AV,thewolfav.com,thewolfav.com,,,Consumer Electronics,Las Vegas,Nevada,US,89118
Total Show Technology,totalshowtech.com,totalshowtech.com,,,Consumer Electronics,Las Vegas,Nevada,US,89120
TruLights Las Vegas,trulightslasvegas.com,trulightslasvegas.com,,,Consumer Electronics,Las Vegas,Nevada,US,89131
Ventura Integrated Systems,venturais.com,venturais.com,,,Consumer Electronics,Las Vegas,Nevada,US,89118
"ETIGroup Audio Video, Home Automation",etigroupav.com,etigroupav.com,https://www.linkedin.com/company/etigroup,,Consumer Electronics,North Las Vegas,Nevada,US,89031
STUDS TV MOUNTING SERVICES,studstvmountinglasvegas.com,studstvmountinglasvegas.com,,,Consumer Electronics,North Las Vegas,Nevada,US,89032
Turning Point Technologies,turningpointtechnology.net,turningpointtechnology.net,,,Consumer Electronics,North Las Vegas,Nevada,US,89030
All Pro Security,allprosecurityinc.com,allprosecurityinc.com,,,Consumer Electronics,Reno,Nevada,US,89502
Arborglyph Video Production,arborglyphltd.com,arborglyphltd.com,,,Consumer Electronics,Reno,Nevada,US,89509
Cabinet & Lighting Supply,cabinetandlighting.com,cabinetandlighting.com,,,Consumer Electronics,Reno,Nevada,US,89511
Cerris Systems,cerrissystems.com,cerrissystems.com,,,Consumer Electronics,Reno,Nevada,US,89502
Channels,channelsav.com,channelsav.com,,,Consumer Electronics,Reno,Nevada,US,89511
Craft Productions,craft.productions,craft.productions,,,Consumer Electronics,Reno,Nevada,US,89521
Custom Video Services Reno,renocustomvideoservices.com,renocustomvideoservices.com,,,Consumer Electronics,Reno,Nevada,US,89506
Dashcam Dynamics,dashcamdynamics.com,dashcamdynamics.com,,,Consumer Electronics,Reno,Nevada,US,89521
Datacomm Nevada,datacommnv.com,datacommnv.com,,,Consumer Electronics,Reno,Nevada,US,89523
Digital Craft USA,digitalcraftusa.com,digitalcraftusa.com,,,Consumer Electronics,Reno,Nevada,US,89502
Elemental Brands,elementalbrands.com,elementalbrands.com,,,Consumer Electronics,Reno,Nevada,US,89521
Fineline Media,finelinemedia.com,finelinemedia.com,,,Consumer Electronics,Reno,Nevada,US,89521
Grand Vision Gaming,playgvg.com,playgvg.com,https://www.linkedin.com/company/grand-vision-gaming,,Consumer Electronics,Reno,Nevada,US,89521
Innovative Communications Systems,ics-nv.com,ics-nv.com,,,Consumer Electronics,Reno,Nevada,US,89502
JL Digital LLC.,jandldigital.com,jandldigital.com,,,Consumer Electronics,Reno,Nevada,US,89502
Nevada Auto Sound,caraudioreno.com,caraudioreno.com,,,Consumer Electronics,Reno,Nevada,US,89502
OEM Systems Co,oemsystems.com,oemsystems.com,,,Consumer Electronics,Reno,Nevada,US,89502
PLC Automation Inc,plcautomation.co,plcautomation.co,,,Consumer Electronics,Reno,Nevada,US,89506
Pacific Office Automation,pacificoffice.com,pacificoffice.com,,,Consumer Electronics,Reno,Nevada,US,89502
PowerComm Solutions LLC,powercommsolutions.net,powercommsolutions.net,,,Consumer Electronics,Reno,Nevada,US,89502
Powerband Films,powerbandfilms.com,powerbandfilms.com,,,Consumer Electronics,Reno,Nevada,US,89501
Prestige Automation,prestigeautomation.com,prestigeautomation.com,,,Consumer Electronics,Reno,Nevada,US,89511
Reno Auto Sound Window Tinting,renoautosound.com,renoautosound.com,,,Consumer Electronics,Reno,Nevada,US,89502
"Sierra Controls, LLC",sierracontrols.com,sierracontrols.com,,,Consumer Electronics,Reno,Nevada,US,89511
Sierra Integrated Systems,sierraintegratedsystems.com,sierraintegratedsystems.com,https://www.linkedin.com/company/sierra-integrated-systems,,Consumer Electronics,Reno,Nevada,US,89511
Smart Facility Software,smartfacilitysoftware.com,smartfacilitysoftware.com,,,Consumer Electronics,Reno,Nevada,US,89521
SmartOffice,smartoffice.ai,smartoffice.ai,,,Consumer Electronics,Reno,Nevada,US,89502
Sound Planning AV,soundplanningav.com,soundplanningav.com,,,Consumer Electronics,Reno,Nevada,US,89509
"Starsound Audio, Inc.",starsound.com,starsound.com,,,Consumer Electronics,Reno,Nevada,US,89512
Statewide Lighting,statewidelightingreno.com,statewidelightingreno.com,,,Consumer Electronics,Reno,Nevada,US,89502
Streamline HiFi,streamlinehifi.com,streamlinehifi.com,,,Consumer Electronics,Reno,Nevada,US,89503
Structured Automation,structured-automation.com,structured-automation.com,,,Consumer Electronics,Reno,Nevada,US,89506
TID SYSTEMS,tidsystems.com,tidsystems.com,,,Consumer Electronics,Reno,Nevada,US,89502
Tec Communications,teccomav.com,teccomav.com,,,Consumer Electronics,Reno,Nevada,US,89502
The Security Handyman,thesecurityhandyman.com,thesecurityhandyman.com,,,Consumer Electronics,Reno,Nevada,US,89521
Vital Systems Corporation,vitalsystems.com,vitalsystems.com,,,Consumer Electronics,Reno,Nevada,US,89502
Wilkcomm Reno LLC,wilkcomm.net,wilkcomm.net,,,Consumer Electronics,Reno,Nevada,US,89511
BrightLife Electric NV,brightlifeelectricnv.com,brightlifeelectricnv.com,,,Consumer Electronics,Sparks,Nevada,US,89431
Fcc Communications,fcccom.com,fcccom.com,,,Consumer Electronics,Sparks,Nevada,US,89431
"Orbis Tech Services, LLC",orbistechservices.com,orbistechservices.com,,,Consumer Electronics,Sparks,Nevada,US,89431
PROSOURCE AV & INTEGRATION,prosourceav.com,prosourceav.com,,,Consumer Electronics,Sparks,Nevada,US,89431
Palomino Valley Electric,palominovalleyelectric.com,palominovalleyelectric.com,,,Consumer Electronics,Sparks,Nevada,US,89431
Soaring Audio Inc,soaringaudio.com,soaringaudio.com,,,Consumer Electronics,Sparks,Nevada,US,89441
Systems of Nevada Inc,systemsofnevada.com,systemsofnevada.com,,,Consumer Electronics,Sparks,Nevada,US,89431
Arctic Electricians,arcticelectricians.com,arcticelectricians.com,,,Consumer Electronics,Stateline,Nevada,US,89449
Elevated Home Systems,elevatedhomesystems.com,elevatedhomesystems.com,,,Consumer Electronics,Stateline,Nevada,US,89449
Sight & Sound Technologies,sightandsoundtahoe.com,sightandsoundtahoe.com,,,Consumer Electronics,Zephyr Cove,Nevada,US,89448
5 Wits Albany,5-wits.com,5-wits.com,,,Consumer Electronics,Albany,New York,US,12203
"A.E. Rosen Electrical Company, Inc.",aerosenelectrical.com,aerosenelectrical.com,,,Consumer Electronics,Albany,New York,US,12202
AAA Recording Studio C,aaa-recordingstudioc.com,aaa-recordingstudioc.com,,,Consumer Electronics,Albany,New York,US,12204
ADNET Technologies,thinkadnet.com,thinkadnet.com,https://www.linkedin.com/company/adnet-technologies-llc,,Consumer Electronics,Albany,New York,US,12205
AVNA Testing Center - Albany,avnalearningcenter.com,avnalearningcenter.com,,,Consumer Electronics,Albany,New York,US,12205
Akullian Creative - Video Production & Design Studio,akullian.com,akullian.com,,,Consumer Electronics,Albany,New York,US,12205
Albany Capital Center,albanycapitalcenter.com,albanycapitalcenter.com,,,Consumer Electronics,Albany,New York,US,12207
Albany Home Improvements LLC,albanyhomeimprovements.com,albanyhomeimprovements.com,,,Consumer Electronics,Albany,New York,US,12203
American Webtronics,americanwebtronics.com,americanwebtronics.com,,,Consumer Electronics,Albany,New York,US,12207
Anixter Albany,anixter.com,anixter.com,,,Consumer Electronics,Albany,New York,US,12205
Apex Automations,autoapx.com,autoapx.com,,,Consumer Electronics,Albany,New York,US,12207
At Home Solutions - Licensed Home Care Services Agency,homecare4all.org,homecare4all.org,,,Consumer Electronics,Albany,New York,US,12203
Audio Obsessions,audioobsessions.com,audioobsessions.com,,,Consumer Electronics,Albany,New York,US,12205
Boomer McLOUD™,boomer-mcloud.com,boomer-mcloud.com,https://www.linkedin.com/company/boomer-mcloud,,Consumer Electronics,Albany,New York,US,12205
Capital Customs,capital-customs.com,capital-customs.com,,,Consumer Electronics,Albany,New York,US,12205
Capital Digitronics Inc,capitaldig.com,capitaldig.com,,,Consumer Electronics,Albany,New York,US,12206
Capital Mixers Recording Studio,capitalmixers.com,capitalmixers.com,,,Consumer Electronics,Albany,New York,US,12205
Capital Repertory Theatre,capitalrep.org,capitalrep.org,https://www.linkedin.com/company/proctorscollaborative,,Consumer Electronics,Albany,New York,US,12207
"Comalli Group, Inc.",comalli.com,comalli.com,,,Consumer Electronics,Albany,New York,US,12205
"Complete: IT Evolved - Albany, NY Managed Service Provider",complete.net,complete.net,,,Consumer Electronics,Albany,New York,US,12211
Control Network Communications,controlnetwork.com,controlnetwork.com,https://www.linkedin.com/company/control-network-communications,,Consumer Electronics,Albany,New York,US,12205
Convergint,convergint.com,convergint.com,,,Consumer Electronics,Albany,New York,US,12205
DigiCareHouse,digicarehouse.com,digicarehouse.com,,,Consumer Electronics,Albany,New York,US,12206
Eclipse Network Solutions,eclipsens.com,eclipsens.com,https://www.linkedin.com/company/eclipse-network-solutions,,Consumer Electronics,Albany,New York,US,12205
Filmworks 109,filmworks109.com,filmworks109.com,,,Consumer Electronics,Albany,New York,US,12205
Fine Electric,fineelectric.electricalpro.net,fineelectric.electricalpro.net,,,Consumer Electronics,Albany,New York,US,12206
GCOM,gcomsoft.com,gcomsoft.com,https://www.linkedin.com/company/voyatek,,Consumer Electronics,Albany,New York,US,12203
"General Control Systems, Inc",generalcontrolsystems.com,generalcontrolsystems.com,,,Consumer Electronics,Albany,New York,US,12203
General Security,gensecurity.com,gensecurity.com,,,Consumer Electronics,Albany,New York,US,12205
Global Tech Designs,globaltechdesigns.com,globaltechdesigns.com,,,Consumer Electronics,Albany,New York,US,12205
Goodbee Controls,goodbeecontrols.com,goodbeecontrols.com,,,Consumer Electronics,Albany,New York,US,12206
Hippo's,hipposonline.com,hipposonline.com,https://www.linkedin.com/company/HipposHasIt,,Consumer Electronics,Albany,New York,US,12203
Houghtaling Electrical,houghtalingelectrical.com,houghtalingelectrical.com,,,Consumer Electronics,Albany,New York,US,12209
ImagineYours,fb.me,fb.me,,,Consumer Electronics,Albany,New York,US,12206
International Built In Systems,ibsalbany.com,ibsalbany.com,,,Consumer Electronics,Albany,New York,US,12205
Iq Infotek Inc,iqinfotek.com,iqinfotek.com,,,Consumer Electronics,Albany,New York,US,12205
Ivy Smart Consulting LLC,ivysmartconsulting.com,ivysmartconsulting.com,,,Consumer Electronics,Albany,New York,US,12211
JGI Media,jgimedia.com,jgimedia.com,,,Consumer Electronics,Albany,New York,US,12205
"Just IT Solutions - Albany NY Managed IT, Fiber, Cloud, and AI Services",jitstechnology.com,jitstechnology.com,,,Consumer Electronics,Albany,New York,US,12206
KOM Automation,komautomation.com,komautomation.com,,,Consumer Electronics,Albany,New York,US,12205
Living Resources,livingresources.org,livingresources.org,,,Consumer Electronics,Albany,New York,US,12203
Mel Carr Electric,melcarrelectric.com,melcarrelectric.com,,,Consumer Electronics,Albany,New York,US,12205
Scene One Spectrum 8 Theatres,btmcinemas.com,btmcinemas.com,,,Consumer Electronics,Albany,New York,US,12209
Shepherd Communication & Security,shepherdcny.com,shepherdcny.com,,,Consumer Electronics,Albany,New York,US,12205
Smart Systems Digital,smartsystemsdigital.com,smartsystemsdigital.com,,,Consumer Electronics,Albany,New York,US,12207
StoredTech - Managed IT Service Provider,storedtech.com,storedtech.com,,,Consumer Electronics,Albany,New York,US,12203
Studio A - Video Production & Animation,studioalbany.com,studioalbany.com,https://www.linkedin.com/company/akullian-creative-enterprises,,Consumer Electronics,Albany,New York,US,12205
Sunrise Smart Technology,sunrisesmarttech.com,sunrisesmarttech.com,,,Consumer Electronics,Albany,New York,US,12203
System Rebuild LLC,free-5424349.webadorsite.com,free-5424349.webadorsite.com,,,Consumer Electronics,Albany,New York,US,12207
TAG Solutions - Managed IT Albany,tagsolutions.com,tagsolutions.com,,,Consumer Electronics,Albany,New York,US,12204
"Tech-Smart Inspections, LLC",tshomeinspections.com,tshomeinspections.com,,,Consumer Electronics,Albany,New York,US,12210
TechBridge Group,techbridgegroup.com,techbridgegroup.com,https://www.linkedin.com/company/395648,,Consumer Electronics,Albany,New York,US,12205
"The Digital Eye, LLC",thedigitaleyellc.com,thedigitaleyellc.com,,,Consumer Electronics,Albany,New York,US,12206
Uptime Consulting,calluptime.com,calluptime.com,,,Consumer Electronics,Albany,New York,US,12205
Vertesol Limited Liability Company,vertesol.com,vertesol.com,https://www.linkedin.com/company/vertesol,,Consumer Electronics,Albany,New York,US,12206
Visual Planet LLC,visualplanetllc.com,visualplanetllc.com,,,Consumer Electronics,Albany,New York,US,12205
White Lake Music & Post,whitelakemusic.com,whitelakemusic.com,,,Consumer Electronics,Albany,New York,US,12205
Wolberg Electrical Supply,wolberg.com,wolberg.com,https://www.linkedin.com/company/78805707,,Consumer Electronics,Albany,New York,US,12206
Zero Stress Technology,zerostress.tech,zerostress.tech,,,Consumer Electronics,Albany,New York,US,12209
Zone 518 | Immersive Adventures & VR Escape rooms,zone518.com,zone518.com,,,Consumer Electronics,Albany,New York,US,12204
itechgroup,itechgroup.com.au,itechgroup.com.au,,,Consumer Electronics,Albany,New York,US,12207
HD Solutions,hdsolutions.com,hdsolutions.com,,,Consumer Electronics,Amityville,New York,US,11701
AUTONOMIC,autonomic.biz,autonomic.biz,,,Consumer Electronics,Armonk,New York,US,10504
Elevated Integration,elevatedintegration.com,elevatedintegration.com,,,Consumer Electronics,Armonk,New York,US,10504
Sound Ideas Inc,stereoguys.com,stereoguys.com,,,Consumer Electronics,Armonk,New York,US,10504
Smart House Tech NYC,smarthouse-ny.com,smarthouse-ny.com,,,Consumer Electronics,Astoria,New York,US,11106
Westchester Automated Gate,westchesterautomatedgate.com,westchesterautomatedgate.com,,,Consumer Electronics,Baldwin Place,New York,US,10505
Audio Images Sound & Lighting Inc,audioimagesonline.com,audioimagesonline.com,,,Consumer Electronics,Batavia,New York,US,14020
Reach Comprehensive Audio Solutions,reachcas.com,reachcas.com,,,Consumer Electronics,Bath,New York,US,14810
Premiere Systems Design,premieresystemsdesign.com,premieresystemsdesign.com,https://www.linkedin.com/company/premiere-systems-design,,Consumer Electronics,Bayport,New York,US,11705
immersa | Home Theaters,immersacinema.com,immersacinema.com,,,Consumer Electronics,Bohemia,New York,US,11716
Smarter Home Solutions,smarterhomesolutionsny.com,smarterhomesolutionsny.com,,,Consumer Electronics,Brentwood,New York,US,11717
Enveloping Sound,envelopingsound.com,envelopingsound.com,,,Consumer Electronics,Briarcliff Manor,New York,US,10510
Sunrise Smarthome,sunrisesmarthome.com,sunrisesmarthome.com,,,Consumer Electronics,Bridgehampton,New York,US,11932
A&D Integration inc.,212audiovideo.com,212audiovideo.com,,,Consumer Electronics,Brooklyn,New York,US,11223
Brooklyn TV Guys,brooklyntvguysny.com,brooklyntvguysny.com,,,Consumer Electronics,Brooklyn,New York,US,11230
ExpertTech USA,experttechusa.com,experttechusa.com,,,Consumer Electronics,Brooklyn,New York,US,11231
Hey Smart Home,heysmarthome.us,heysmarthome.us,,,Consumer Electronics,Brooklyn,New York,US,11224
NYC Intercom & Access Control Services,nycsecurityexperts.com,nycsecurityexperts.com,,,Consumer Electronics,Brooklyn,New York,US,11201
PSE Audio Visual,pse-av.com,pse-av.com,https://www.linkedin.com/company/pseav,,Consumer Electronics,Brooklyn,New York,US,11232
Resolution Audio Video,resolutionavnyc.com,resolutionavnyc.com,https://www.linkedin.com/company/resolution-audio-video-nyc,,Consumer Electronics,Brooklyn,New York,US,11205
Affinity Audio Visual & Events,affinitybuffalo.com,affinitybuffalo.com,,,Consumer Electronics,Buffalo,New York,US,14227
"Amherst TV, Inc.",amherst-tv.com,amherst-tv.com,,,Consumer Electronics,Buffalo,New York,US,14221
Black Rock Controls,blackrockcontrols.com,blackrockcontrols.com,,,Consumer Electronics,Buffalo,New York,US,14217
Buffalo Video Pros,buffalovideopros.com,buffalovideopros.com,,,Consumer Electronics,Buffalo,New York,US,14222
CIR Industrial Automation,cirweb.com,cirweb.com,,,Consumer Electronics,Buffalo,New York,US,14218
"Control System Labs, Inc.",controlrepair.com,controlrepair.com,https://www.linkedin.com/company/control-system-labs,,Consumer Electronics,Buffalo,New York,US,14215
GCR Audio at 510,gcraudio.com,gcraudio.com,,,Consumer Electronics,Buffalo,New York,US,14202
Harmonic Resolution Systems,avisolation.com,avisolation.com,,,Consumer Electronics,Buffalo,New York,US,14214
Indigo Productions,indigoproductions.net,indigoproductions.net,,,Consumer Electronics,Buffalo,New York,US,14214
Key Video Productions,keyvideo.com,keyvideo.com,,,Consumer Electronics,Buffalo,New York,US,14225
LINSTAR Security Systems - A Division of IdentiSys,linstar.com,linstar.com,,,Consumer Electronics,Buffalo,New York,US,14221
Life Safety Integrated Systems,lsisinc.com,lsisinc.com,,,Consumer Electronics,Buffalo,New York,US,14212
Litelab Corp.,litelab.com,litelab.com,,,Consumer Electronics,Buffalo,New York,US,14203
NewGen AV,newgenav.com,newgenav.com,,,Consumer Electronics,Buffalo,New York,US,14207
Park Place Installations,parkplaceinstallations.com,parkplaceinstallations.com,,,Consumer Electronics,Buffalo,New York,US,14207
Powered Protection Inc.,poweredprotection.com,poweredprotection.com,https://www.linkedin.com/company/powered-protection-inc-,,Consumer Electronics,Buffalo,New York,US,14218
Shades Unlimited,shades-unltd.com,shades-unltd.com,,,Consumer Electronics,Buffalo,New York,US,14225
Sound Video Solutions,svsny.com,svsny.com,,,Consumer Electronics,Buffalo,New York,US,14217
Speaker Shop,speakershop.com,speakershop.com,,,Consumer Electronics,Buffalo,New York,US,14226
TuneWorks Media LLC,tuneworksmedia.com,tuneworksmedia.com,,,Consumer Electronics,Buffalo,New York,US,14210
VOCAL Technologies Inc.,vocal.com,vocal.com,,,Consumer Electronics,Buffalo,New York,US,14228
Veraview LLC,veraview.com,veraview.com,,,Consumer Electronics,Buffalo,New York,US,14202
Smart Spaces Group,smartspacesgroup.com,smartspacesgroup.com,https://www.linkedin.com/company/smart-spaces-group,,Consumer Electronics,Canal Street,New York,US,10013
Buffalo Audio Visual,buffaloaudiovisual.com,buffaloaudiovisual.com,,,Consumer Electronics,Cheektowaga,New York,US,14227
"Rockland & Orange Security , Cameras and Low Voltage Installers",rockland-orange-security.com,rockland-orange-security.com,,,Consumer Electronics,Chester,New York,US,10918
Askifitcanbedone.com,askifitcanbedone.com,askifitcanbedone.com,,,Consumer Electronics,Clarence Center,New York,US,14032
Ambiance Systems,ambiancesystems.com,ambiancesystems.com,https://www.linkedin.com/company/ambiance-systems,,Consumer Electronics,Clifton Park,New York,US,12065
"ReQuest Serious Play, LLC",request.com,request.com,,,Consumer Electronics,Clifton Park,New York,US,12065
Specialized Audio-Visual Inc.,saviusa.com,saviusa.com,,,Consumer Electronics,Clifton Park,New York,US,12065
Audio11,theaudio11.com,theaudio11.com,,,Consumer Electronics,Cohoes,New York,US,12047
Dream Lab Productions,dreamlabpro.com,dreamlabpro.com,,,Consumer Electronics,Colonie,New York,US,12205
Home-Tec Heating and Cooling LLC,hometecny.com,hometecny.com,,,Consumer Electronics,Colonie,New York,US,12205
Open Systems Integrators,osicorp.net,osicorp.net,https://www.linkedin.com/company/sciensbuildingsolutions,,Consumer Electronics,Colonie,New York,US,12205
Upstate Audio Video,upstateaudiovideo.com,upstateaudiovideo.com,,,Consumer Electronics,Corinth,New York,US,12822
318 Technology Inc,318technology.com,318technology.com,,,Consumer Electronics,Cortlandt Manor,New York,US,10567
All Phase Technology,allphasetech.com,allphasetech.com,,,Consumer Electronics,Deer Park,New York,US,11729
JVN Systems Inc.,jvnsystems.com,jvnsystems.com,https://www.linkedin.com/company/jvn-systems,,Consumer Electronics,Deer Park,New York,US,11729
"Solutions By Design, Inc.",sbdtech.com,sbdtech.com,https://www.linkedin.com/company/solutions-by-design_2,,Consumer Electronics,Delmar,New York,US,12054
Custom Video Memories,buffalovideotransfer.com,buffalovideotransfer.com,,,Consumer Electronics,Depew,New York,US,14043
Connected Living Solutions,connectedlivingsolutions.com,connectedlivingsolutions.com,,,Consumer Electronics,East Amherst,New York,US,14051
Structured WNY,structuredwny.com,structuredwny.com,,,Consumer Electronics,East Amherst,New York,US,14051
Arz Electrical Corp,arzelectricalcorp.com,arzelectricalcorp.com,,,Consumer Electronics,East Hampton,New York,US,11937
DVolt Electric LLC - Home,dvoltelectric.com,dvoltelectric.com,,,Consumer Electronics,East Hampton,New York,US,11937
East Hampton Electric Inc,ehelectric.net,ehelectric.net,,,Consumer Electronics,East Hampton,New York,US,11937
HTG,htgny.com,htgny.com,,,Consumer Electronics,East Hampton,New York,US,11937
MBI Plus Electric Inc,mbipluselectric.com,mbipluselectric.com,,,Consumer Electronics,East Hampton,New York,US,11937
Tech Hampton,techhampton.com,techhampton.com,,,Consumer Electronics,East Hampton,New York,US,11937
Tech Solutions,hamptontechsolutions.net,hamptontechsolutions.net,,,Consumer Electronics,East Hampton,New York,US,11937
VME Electrical Contractor Inc.,vmeelectric.com,vmeelectric.com,,,Consumer Electronics,East Hampton,New York,US,11937
"Audio Video Design Group, Inc.",avdesigngroupinc.com,avdesigngroupinc.com,,,Consumer Electronics,East Quogue,New York,US,11942
Elevated Audio Video,elevated-av.com,elevated-av.com,,,Consumer Electronics,East Quogue,New York,US,11942
Innovative Technologies & Associates,innovativetechnologiesny.com,innovativetechnologiesny.com,,,Consumer Electronics,East Quogue,New York,US,11942
Fusion Digital LLC,fusiondig.com,fusiondig.com,,,Consumer Electronics,East Rochester,New York,US,14445
AV Solution LLC,avsolution.us,avsolution.us,,,Consumer Electronics,Eastchester,New York,US,10709
Output Design Audio Video,outputdesignav.com,outputdesignav.com,,,Consumer Electronics,Eastchester,New York,US,10709
PARADYME AUTOMATION,paradymeautomation.com,paradymeautomation.com,,,Consumer Electronics,Eggertsville,New York,US,14226
Perfect TV Mounting,perfecttvmounting.com,perfecttvmounting.com,,,Consumer Electronics,Elmont,New York,US,11003
Corporate Audio Visual Services,corporate-av.com,corporate-av.com,https://www.linkedin.com/company/corporate-audio-visual-services,,Consumer Electronics,Elmsford,New York,US,10523
Adwar Video,adwarvideo.com,adwarvideo.com,,,Consumer Electronics,Farmingdale,New York,US,11735
Astoria Productions,astoria.productions,astoria.productions,https://www.linkedin.com/company/astoria-productions,,Consumer Electronics,Farmingdale,New York,US,11735
Audio Visual Engineering LLC,engineeringav.com,engineeringav.com,,,Consumer Electronics,Farmingdale,New York,US,11735
Automat-Ed Gates and Shutters,automatedgateopeners.com,automatedgateopeners.com,,,Consumer Electronics,Farmingdale,New York,US,11735
HD Audio & Video,hdaudioandvideo.com,hdaudioandvideo.com,,,Consumer Electronics,Farmingdale,New York,US,11735
Genuine Media Audiovisual,genuinemediaav.com,genuinemediaav.com,,,Consumer Electronics,Forest Hills,New York,US,11375
Security & Camera NY,securitycamerany.com,securitycamerany.com,,,Consumer Electronics,Fresh Meadows,New York,US,11366
Sound Solutions,soundsolutionsofny.com,soundsolutionsofny.com,,,Consumer Electronics,Gansevoort,New York,US,12831
"Tech Team, LLC",wearetechteam.com,wearetechteam.com,,,Consumer Electronics,Garden City,New York,US,11530
"Long Island Video Enterprises LIVE, Inc.",longislandvideo.com,longislandvideo.com,,,Consumer Electronics,Glen Cove,New York,US,11542
Technology Depot - Island Audio Video Ltd,islandaudio.com,islandaudio.com,,,Consumer Electronics,Glen Cove,New York,US,11542
Telstar Integrated Solutions,telstaris.com,telstaris.com,,,Consumer Electronics,Glen Cove,New York,US,11542
Labbie Electrical Contractors,labbieelectrical.com,labbieelectrical.com,,,Consumer Electronics,Glenmont,New York,US,12077
Adirondack Audio & Video LLC,adkav.com,adkav.com,,,Consumer Electronics,Glens Falls North,New York,US,12804
"Select Audio and Video, Inc.",selectav.net,selectav.net,,,Consumer Electronics,Glens Falls North,New York,US,12804
ATTYWON,attywon.com,attywon.com,https://www.linkedin.com/company/attywon,,Consumer Electronics,Great Neck,New York,US,11021
SMARTTECH Security & Automation,smarttech.nyc,smarttech.nyc,https://www.linkedin.com/company/smarttech-communications,,Consumer Electronics,Great Neck,New York,US,11021
Scherer Electric,schererelectric.com,schererelectric.com,,,Consumer Electronics,Hamburg,New York,US,14075
Southtown Audio Video,southtownav.com,southtownav.com,,,Consumer Electronics,Hamburg,New York,US,14075
Acoustic Visions,acousticvisions.com,acousticvisions.com,,,Consumer Electronics,Hampton Bays,New York,US,11946
Greener Smart Homes,greenersmarthomes.com,greenersmarthomes.com,,,Consumer Electronics,Hampton Bays,New York,US,11946
Pop Audio,popaudio.net,popaudio.net,,,Consumer Electronics,Hampton Bays,New York,US,11946
Osbee,osbee.com,osbee.com,,,Consumer Electronics,Harrison,New York,US,10528
All Action Alarm,allactionalarm.com,allactionalarm.com,,,Consumer Electronics,Hauppauge,New York,US,11788
Audio Interiors Inc,audiointeriors.com,audiointeriors.com,,,Consumer Electronics,Hauppauge,New York,US,11788
Home Theater Man Inc.,hometheaterman.com,hometheaterman.com,,,Consumer Electronics,Hauppauge,New York,US,11788
IVCi LLC,ivci.com,ivci.com,,,Consumer Electronics,Hauppauge,New York,US,11788
"KMH Audio-Video Integration, Inc",kmh-integration.com,kmh-integration.com,,,Consumer Electronics,Hauppauge,New York,US,11788
GLOBAL CUSTOM INTEGRATIONS,gcintegrations.com,gcintegrations.com,,,Consumer Electronics,Hawthorne,New York,US,10532
Keating Electric & Technologies,keatingelectric.com,keatingelectric.com,,,Consumer Electronics,Hawthorne,New York,US,10532
Sultani Electric Service,sultanielectric.com,sultanielectric.com,,,Consumer Electronics,Henrietta,New York,US,14467
AV Pros NY,avprosny.com,avprosny.com,https://www.linkedin.com/company/av-pros-ny,,Consumer Electronics,Hicksville,New York,US,11801
Global AV Group,globalavgroup.com,globalavgroup.com,,,Consumer Electronics,Hicksville,New York,US,11801
Magnum Av Systems Inc.,magnumav.com,magnumav.com,,,Consumer Electronics,Hicksville,New York,US,11801
Security & Alarm Sales - Home Security & Burglar Systems Long Island & NYC,securityandalarmsales.com,securityandalarmsales.com,,,Consumer Electronics,Hicksville,New York,US,11801
United AV | Audio Visual & Lighting Rentals | New York,unitedavrentals.com,unitedavrentals.com,,,Consumer Electronics,Hicksville,New York,US,11801
Long Island Pro Audio Video,longislandav.com,longislandav.com,,,Consumer Electronics,Holbrook,New York,US,11741
"Island AVNS, LLC",islandavns.com,islandavns.com,,,Consumer Electronics,Holtsville,New York,US,11742
Interactive Control Systems Inc.,interactivecontrolsystems.com,interactivecontrolsystems.com,,,Consumer Electronics,Huntington,New York,US,11743
Sound Insight,sound-insight.com,sound-insight.com,,,Consumer Electronics,Huntington,New York,US,11743
Shanor Electric Supplies,shanorelectric.com,shanorelectric.com,,,Consumer Electronics,Kenmore,New York,US,14217
Alex Solutions Inc.,alexsolutionscorp.com,alexsolutionscorp.com,,,Consumer Electronics,Latham,New York,US,12110
"MicroKnowledge, Inc",microknowledge.com,microknowledge.com,,,Consumer Electronics,Latham,New York,US,12110
Technical Video Inc,technical-video.com,technical-video.com,https://www.linkedin.com/company/technical-video-inc,,Consumer Electronics,Latham,New York,US,12110
"Access Home Automation, Inc.",accesshomeautomation.com,accesshomeautomation.com,,,Consumer Electronics,Lindenhurst,New York,US,11757
JW Automations,jwautomations.com,jwautomations.com,,,Consumer Electronics,Little Neck,New York,US,11362
North Shore Sound & Vision,northshoresounds.com,northshoresounds.com,,,Consumer Electronics,Little Neck,New York,US,11362
Anzalone Electric Inc,anzalone.xologic.com,anzalone.xologic.com,,,Consumer Electronics,Lockport,New York,US,14094
Big Apple Intercom & Camera,rolling-doors-gates-manhattan-ny.com,rolling-doors-gates-manhattan-ny.com,,,Consumer Electronics,Long Island City,New York,US,11101
KRAUS Hi-Tech,kraushi-tech.com,kraushi-tech.com,,,Consumer Electronics,Long Island City,New York,US,11106
Precise AV Inc.,preciseav.com,preciseav.com,,,Consumer Electronics,Long Island City,New York,US,11101
Five18 Audio,five18audio.com,five18audio.com,,,Consumer Electronics,Loudonville,New York,US,12211
Wired Out Cabling and Security,wiredoutcabling.com,wiredoutcabling.com,,,Consumer Electronics,Malta,New York,US,12020
Integrated Electronic Solutions,iesav.net,iesav.net,,,Consumer Electronics,Mamaroneck,New York,US,10543
Audio Breakthroughs,audio1975.com,audio1975.com,,,Consumer Electronics,Manhasset,New York,US,11030
Home Theater of Long Island,htoli.com,htoli.com,https://www.linkedin.com/company/home-theater-of-long-island,,Consumer Electronics,Manhasset,New York,US,11030
Avvora Smart Home Security,avvora.com,avvora.com,,,Consumer Electronics,Mattituck,New York,US,11952
North Fork Custom Audio Video,nfav.com,nfav.com,,,Consumer Electronics,Mattituck,New York,US,11952
Brookhill NY Inc.,brookhillny.com,brookhillny.com,https://www.linkedin.com/company/brookhill,,Consumer Electronics,Melville,New York,US,11747
Leviton Manufacturing,leviton.com,leviton.com,https://www.linkedin.com/company/leviton,,Consumer Electronics,Melville,New York,US,11747
Titan Home Integration Systems,titanhomeav.com,titanhomeav.com,,,Consumer Electronics,Melville,New York,US,11747
Audio-Video Corporation,audiovideocorp.com,audiovideocorp.com,https://www.linkedin.com/company/10181762,,Consumer Electronics,Menands,New York,US,12204
Kasselman Solar,kasselmansolar.com,kasselmansolar.com,,,Consumer Electronics,Menands,New York,US,12204
"American Communications - Home Automation Services in Long Island, Queens, NYC",americancommunications.com,americancommunications.com,,,Consumer Electronics,Merrick,New York,US,11566
Electronics Concepts,electronicconcepts.net,electronicconcepts.net,,,Consumer Electronics,Merrick,New York,US,11566
Entertainment Technology,etaudiovideo.com,etaudiovideo.com,,,Consumer Electronics,Mt Kisco,New York,US,10549
Soundworks Inc,soundworksny.com,soundworksny.com,,,Consumer Electronics,Mt Kisco,New York,US,10549
Audio Den,audioden.com,audioden.com,https://www.linkedin.com/company/audio-den,,Consumer Electronics,Nesconset,New York,US,11767
Surveilco,surveilcoli.com,surveilcoli.com,,,Consumer Electronics,Nesconset,New York,US,11767
sight and sound communications,sightandsoundcommunications.com,sightandsoundcommunications.com,,,Consumer Electronics,New Hampton,New York,US,10958
IHD Integration,ihdny.com,ihdny.com,,,Consumer Electronics,New Hyde Park,New York,US,11040
Audio Visual NYC,audiovisualnyc.com,audiovisualnyc.com,,,Consumer Electronics,New Rochelle,New York,US,10801
Vincent Designs AV & Smart Homes,vincentdesigns.tv,vincentdesigns.tv,,,Consumer Electronics,New Rochelle,New York,US,10801
AV NYC,avnyc.com,avnyc.com,,,Consumer Electronics,New York,New York,US,10018
AV Workshop,avworkshop.com,avworkshop.com,https://www.linkedin.com/company/av-workshop,,Consumer Electronics,New York,New York,US,10018
AVENDOR,avendor.com,avendor.com,,,Consumer Electronics,New York,New York,US,10010
Argus HD: NYC Event Video Production & Livestream,argushd.co,argushd.co,,,Consumer Electronics,New York,New York,US,10001
Audio Videos NYC,audiovideosnyc.com,audiovideosnyc.com,,,Consumer Electronics,New York,New York,US,10001
Bright Home Theater and Audio Video NYC,brighthometheater.com,brighthometheater.com,,,Consumer Electronics,New York,New York,US,10018
City Smart Systems NYC - Security Systems & Camera Installation,city-smart.net,city-smart.net,,,Consumer Electronics,New York,New York,US,10001
Custom FX,cfxusa.com,cfxusa.com,,,Consumer Electronics,New York,New York,US,10017
DTV Installations,dtv-installations.com,dtv-installations.com,,,Consumer Electronics,New York,New York,US,10016
Distinctive Home Automation,distinctivehomeautomationnewyork.com,distinctivehomeautomationnewyork.com,,,Consumer Electronics,New York,New York,US,10010
Electronic Environments,eeny.net,eeny.net,https://www.linkedin.com/company/electronic-environments-new-york,,Consumer Electronics,New York,New York,US,10018
Fast Tech Pros TV Installation,fastechpros.com,fastechpros.com,,,Consumer Electronics,New York,New York,US,10012
Fiks Consultants,fiksconsultants.com,fiksconsultants.com,,,Consumer Electronics,New York,New York,US,10018
HDH TECH - Home Automation Company,hdhtech.com,hdhtech.com,,,Consumer Electronics,New York,New York,US,10018
HiFi Loft,hifi-loft.com,hifi-loft.com,,,Consumer Electronics,New York,New York,US,10036
Home Theater Advisors,hometheateradvisors.com,hometheateradvisors.com,,,Consumer Electronics,New York,New York,US,10128
House of Sound,houseofsoundnyc.com,houseofsoundnyc.com,,,Consumer Electronics,New York,New York,US,10011
INTEGRA AUDIO VIDEO,integraaudiovideo.com,integraaudiovideo.com,,,Consumer Electronics,New York,New York,US,10009
In Living Stereo,inlivingstereo.com,inlivingstereo.com,,,Consumer Electronics,New York,New York,US,10012
Innovative Audio Video Showrooms,innovative.nyc,innovative.nyc,https://www.linkedin.com/company/innovative-audio-video-showrooms,,Consumer Electronics,New York,New York,US,10155
Interactive Vision Solutions - rental for events,avequipmentrental.nyc,avequipmentrental.nyc,https://www.linkedin.com/company/interactive-vision-solutions,,Consumer Electronics,New York,New York,US,10018
Lutron Lighting,lutronlightingandshades.com,lutronlightingandshades.com,,,Consumer Electronics,New York,New York,US,10018
"Lutron Lights, Shades and Blinds Installer NYC",shadesinspiration.com,shadesinspiration.com,,,Consumer Electronics,New York,New York,US,10010
Luxe Audio Video Solutions,luxe-av.com,luxe-av.com,,,Consumer Electronics,New York,New York,US,10018
MetroCom Security,metrocomsecurity.com,metrocomsecurity.com,https://www.linkedin.com/company/metrocomsecurity,,Consumer Electronics,New York,New York,US,10013
Mounting NYC,mountingnyc.com,mountingnyc.com,,,Consumer Electronics,New York,New York,US,10018
"NY Highline Integrated Security Systems | Security Camera, Access Control Installation",nyhls.com,nyhls.com,,,Consumer Electronics,New York,New York,US,10018
"NYC IT Tech Audio Video, CCTV And Surveillance Camera Installation",nycittech.com,nycittech.com,,,Consumer Electronics,New York,New York,US,10017
NYC TV GUY,nyctvguy.com,nyctvguy.com,,,Consumer Electronics,New York,New York,US,10016
NYC TV Mounting - New York TV Mount Service,nyctvmounting.com,nyctvmounting.com,,,Consumer Electronics,New York,New York,US,10022
NYC TV Mounts,nyctvmounted.com,nyctvmounted.com,,,Consumer Electronics,New York,New York,US,10036
New York Empire Intercom & Security Systems,nycintercomsecuritysystems.com,nycintercomsecuritysystems.com,,,Consumer Electronics,New York,New York,US,10003
Nex AV,nexavt.com,nexavt.com,,,Consumer Electronics,New York,New York,US,10018
Opus One Home Automation,opus.one,opus.one,,,Consumer Electronics,New York,New York,US,10018
Parallax AV Design Inc.,parallaxav.com,parallaxav.com,,,Consumer Electronics,New York,New York,US,10017
Park Avenue Audio,parkavenueaudio.com,parkavenueaudio.com,https://www.linkedin.com/company/park-avenue-audio-inc,,Consumer Electronics,New York,New York,US,10016
Presentation Products Inc,presentationproducts.com,presentationproducts.com,,,Consumer Electronics,New York,New York,US,10016
Sage AV,sageav.com,sageav.com,,,Consumer Electronics,New York,New York,US,10016
Smart Home Worx | Home Automation,smarthomeworx.com,smarthomeworx.com,https://www.linkedin.com/company/smart-home-worx,,Consumer Electronics,New York,New York,US,10018
Sound Sight Technologies,soundsightonline.com,soundsightonline.com,,,Consumer Electronics,New York,New York,US,10001
Soundview Smart Tech Solutions,soundview.pro,soundview.pro,,,Consumer Electronics,New York,New York,US,10025
Standard Technology Integration Corp.,standard-integration.com,standard-integration.com,https://www.linkedin.com/company/standard-technology-integration-corp,,Consumer Electronics,New York,New York,US,10001
Stereo Exchange,stereoexchange.com,stereoexchange.com,https://www.linkedin.com/company/stereo-exchange-inc,,Consumer Electronics,New York,New York,US,10003
Surround Sound Installation,surroundsoundinstallationnyc.com,surroundsoundinstallationnyc.com,,,Consumer Electronics,New York,New York,US,10013
TV Installation by 5163co,tvinstallationnewyork.com,tvinstallationnewyork.com,,,Consumer Electronics,New York,New York,US,10018
TVMounting.NYC - TV Mounting Service in NYC,bit.ly,bit.ly,,,Consumer Electronics,New York,New York,US,10019
Tech Life Connection,techlifeconnection.com,techlifeconnection.com,,,Consumer Electronics,New York,New York,US,10001
TechnoConscious,technoconscious.com,technoconscious.com,,,Consumer Electronics,New York,New York,US,10014
Tv On My Wall,tvonmywall.com,tvonmywall.com,,,Consumer Electronics,New York,New York,US,10002
Unique Spaces,unique-spaces.com,unique-spaces.com,,,Consumer Electronics,New York,New York,US,10018
Vanish Designs,vanishdesigns.com,vanishdesigns.com,,,Consumer Electronics,New York,New York,US,10014
Vanish Home Theater,vanishhometheater.com,vanishhometheater.com,,,Consumer Electronics,New York,New York,US,10014
Voytech Technologies Inc.,voytech.com,voytech.com,,,Consumer Electronics,New York,New York,US,10024
We Mount Things,wemountthings.com,wemountthings.com,,,Consumer Electronics,New York,New York,US,10003
eInteractive,einteractiveinc.com,einteractiveinc.com,https://www.linkedin.com/company/einteractiveinc,,Consumer Electronics,New York,New York,US,10002
"h323HD, Inc.",h323hd.com,h323hd.com,,,Consumer Electronics,New York,New York,US,10001
5 Day Productions LLC,5dayproductions.com,5dayproductions.com,,,Consumer Electronics,Niagara Falls,New York,US,14305
Sound Adapters LLC,soundadapters.com,soundadapters.com,,,Consumer Electronics,Niagara Falls,New York,US,14305
"New York Sound & Vision, LLC",newyorksoundandvision.com,newyorksoundandvision.com,,,Consumer Electronics,North Babylon,New York,US,11703
Premier Audio Video Designs,premieravdesigns.com,premieravdesigns.com,,,Consumer Electronics,North White Plains,New York,US,10603
Hudson Valley Home Media,hvhomemedia.com,hvhomemedia.com,,,Consumer Electronics,Nyack,New York,US,10960
"Capstream Technologies, LLC",capstreamtech.com,capstreamtech.com,,,Consumer Electronics,Olean,New York,US,14760
CS Automation,csautomation.net,csautomation.net,https://www.linkedin.com/company/cs-automation,,Consumer Electronics,Ontario,New York,US,14519
Crown Electric Supply Co. Inc.,crownelectricsupply.com,crownelectricsupply.com,,,Consumer Electronics,Ontario,New York,US,14519
Cinema & Sound Of WNY,cinemaandsoundwny.com,cinemaandsoundwny.com,,,Consumer Electronics,Orchard Park,New York,US,14127
George's TV & Appliances,georgeshometheater.com,georgeshometheater.com,,,Consumer Electronics,Patchogue,New York,US,11772
All With Control Inc.,allwithcontrol.com,allwithcontrol.com,,,Consumer Electronics,Penfield,New York,US,14526
"Electronic Field Productions, Inc.",efponline.com,efponline.com,,,Consumer Electronics,Penfield,New York,US,14526
"MarketHOLD Productions, Inc.",markethold.com,markethold.com,https://www.linkedin.com/company/markethold-productions,,Consumer Electronics,Penfield,New York,US,14526
Simple Smart,simplesmart.tech,simplesmart.tech,,,Consumer Electronics,Piermont,New York,US,10968
"King's Audio Technologies, LLC",kingsaudiotechnologies.com,kingsaudiotechnologies.com,,,Consumer Electronics,Pittsford,New York,US,14534
Monroe Integrated Solutions,misnys.com,misnys.com,,,Consumer Electronics,Pittsford,New York,US,14534
ROC Vox Recording & Production,rocvox.com,rocvox.com,,,Consumer Electronics,Pittsford,New York,US,14534
Welcome Home Living,welcomehomeliving.com,welcomehomeliving.com,,,Consumer Electronics,Pittsford,New York,US,14534
Audio Video Invasion,audiovideoinvasion.com,audiovideoinvasion.com,https://www.linkedin.com/company/audio-video-invasion-inc-,,Consumer Electronics,Plainview,New York,US,11803
"Audio Video Systems, Inc.",audiovideosystems.com,audiovideosystems.com,https://www.linkedin.com/company/2491544,,Consumer Electronics,Plainview,New York,US,11803
IDS Audio Video & Technologies,idsaudiovideo.com,idsaudiovideo.com,,,Consumer Electronics,Plainview,New York,US,11803
Long Island Sound And Cinema,lisoundandcinema.com,lisoundandcinema.com,,,Consumer Electronics,Plainview,New York,US,11803
TechPro Home Automation,techprohomeautomation.com,techprohomeautomation.com,https://www.linkedin.com/company/techpro-solutions-ny,,Consumer Electronics,Plainview,New York,US,11803
Alpha Stereo,alphastereo.com,alphastereo.com,,,Consumer Electronics,Plattsburgh,New York,US,12901
Colortone Audio Visual,colortone-av.com,colortone-av.com,,,Consumer Electronics,Port Chester,New York,US,10573
Enhanced Home,enhanced-home.com,enhanced-home.com,,,Consumer Electronics,Port Chester,New York,US,10573
"Millennium Audio Video Design, Inc.",millennium-av.com,millennium-av.com,,,Consumer Electronics,Putnam Valley,New York,US,10579
Connected Home Systems,connectedhomesystems.net,connectedhomesystems.net,https://www.linkedin.com/company/connected-home-systems-ny,,Consumer Electronics,Quogue,New York,US,11959
DH Technology Contractor,dhometech.com,dhometech.com,,,Consumer Electronics,Quogue,New York,US,11959
Mood Media / Functional Communications Corporation,moodmediafcc.com,moodmediafcc.com,https://www.linkedin.com/company/moodmediafcc,,Consumer Electronics,Rensselaer,New York,US,12144
A V Science,avscience.com,avscience.com,,,Consumer Electronics,Rochester,New York,US,14610
ACAD Design Corporation,acaddesign.us,acaddesign.us,,,Consumer Electronics,Rochester,New York,US,14606
Action Security Group,actionsecuritygroup.com,actionsecuritygroup.com,,,Consumer Electronics,Rochester,New York,US,14607
Affordable Security Systems,affordablesecuritysys.com,affordablesecuritysys.com,,,Consumer Electronics,Rochester,New York,US,14623
Applied Audio & Theatre Supply,theatresupply.com,theatresupply.com,,,Consumer Electronics,Rochester,New York,US,14623
Arhaus,arhaus.com,arhaus.com,,,Consumer Electronics,Rochester,New York,US,14620
Atlas Automation,atlas-automation.com,atlas-automation.com,,,Consumer Electronics,Rochester,New York,US,14626
Auto Sound Systems,autosoundsystemsinc.com,autosoundsystemsinc.com,,,Consumer Electronics,Rochester,New York,US,14605
Avarus Solutions,avarussolutions.com,avarussolutions.com,,,Consumer Electronics,Rochester,New York,US,14623
"Billitier Electric, Inc.",billitierelectric.com,billitierelectric.com,,,Consumer Electronics,Rochester,New York,US,14619
Bitstream Media,bitstream.media,bitstream.media,,,Consumer Electronics,Rochester,New York,US,14617
C.M. Armitage Electrical Contracting,cmarmitage.com,cmarmitage.com,,,Consumer Electronics,Rochester,New York,US,14617
CETech,cetechno.com,cetechno.com,,,Consumer Electronics,Rochester,New York,US,14623
Campbell Services,cstvmounting.com,cstvmounting.com,,,Consumer Electronics,Rochester,New York,US,14626
Canal Town Electric,canaltownelectric.com,canaltownelectric.com,,,Consumer Electronics,Rochester,New York,US,14625
Cheshire Audio Visual,cheshireav.com,cheshireav.com,https://www.linkedin.com/company/cheshire-audio-visual,,Consumer Electronics,Rochester,New York,US,14624
CloudSmartz,cloudsmartz.com,cloudsmartz.com,,,Consumer Electronics,Rochester,New York,US,14620
"CypherWorx, Inc.",cypherworx.com,cypherworx.com,https://www.linkedin.com/company/cypherworx,,Consumer Electronics,Rochester,New York,US,14618
DAVE Digital Audio Visual Environments,comeseedave.com,comeseedave.com,,,Consumer Electronics,Rochester,New York,US,14623
Doyle Security Systems,godoyle.com,godoyle.com,,,Consumer Electronics,Rochester,New York,US,14623
Empire Automation Systems,maseas.com,maseas.com,,,Consumer Electronics,Rochester,New York,US,14624
Exe Productions,exeproductions.com,exeproductions.com,,,Consumer Electronics,Rochester,New York,US,14614
Fish & Crown Creative,fishandcrown.com,fishandcrown.com,,,Consumer Electronics,Rochester,New York,US,14610
Hamilton QAV,hamiltonqav.com,hamiltonqav.com,,,Consumer Electronics,Rochester,New York,US,14604
HouseDigital,myhousedigital.com,myhousedigital.com,,,Consumer Electronics,Rochester,New York,US,14607
Illuminating Expressions Distributions,ielighting.com,ielighting.com,,,Consumer Electronics,Rochester,New York,US,14626
Industry Video Productions,industryvideo.com,industryvideo.com,,,Consumer Electronics,Rochester,New York,US,14604
Innovations by VP (Maynards Electric Showroom),innovationsbyvp.com,innovationsbyvp.com,,,Consumer Electronics,Rochester,New York,US,14623
John Betlem Heating & Cooling,johnbetlem.com,johnbetlem.com,https://www.linkedin.com/company/johnbetlemhc,,Consumer Electronics,Rochester,New York,US,14625
Keystone Security Systems,keystonesecuritysystems.com,keystonesecuritysystems.com,,,Consumer Electronics,Rochester,New York,US,14624
Lamp Repair,lamp-repair.com,lamp-repair.com,,,Consumer Electronics,Rochester,New York,US,14609
Langie Audio Visual Systems,langieav.com,langieav.com,,,Consumer Electronics,Rochester,New York,US,14623
"Leader TV Sales, Installation & HiFi Stereo Repair Services",leadertv.com,leadertv.com,,,Consumer Electronics,Rochester,New York,US,14624
Lightspec,lightspec.com,lightspec.com,,,Consumer Electronics,Rochester,New York,US,14606
MAC Security LLC,mac-secure.com,mac-secure.com,,,Consumer Electronics,Rochester,New York,US,14609
MQ Electrical LLC,mqelectricalny.com,mqelectricalny.com,,,Consumer Electronics,Rochester,New York,US,14609
Marchand Electronics Inc.,marchandelec.com,marchandelec.com,,,Consumer Electronics,Rochester,New York,US,14618
MediaNet AV,aaasound.com,aaasound.com,,,Consumer Electronics,Rochester,New York,US,14611
Micro Instrument Corp,microinst.com,microinst.com,,,Consumer Electronics,Rochester,New York,US,14606
Motion Automation Intelligence,ai.motion.com,ai.motion.com,,,Consumer Electronics,Rochester,New York,US,14607
New Life Electronics,nleaudio.com,nleaudio.com,,,Consumer Electronics,Rochester,New York,US,14624
"Nichols Electric, Plumbing, Heating, & Cooling",nicholselectric.com,nicholselectric.com,,,Consumer Electronics,Rochester,New York,US,14623
OMNI Security Inc.,omnisecurityinc.com,omnisecurityinc.com,,,Consumer Electronics,Rochester,New York,US,14604
Optic Sky Productions,opticskypro.com,opticskypro.com,,,Consumer Electronics,Rochester,New York,US,14607
P & R Industries,pandrindustries.com,pandrindustries.com,,,Consumer Electronics,Rochester,New York,US,14621
Premier Alarms and Electric,gopremierelectric.com,gopremierelectric.com,,,Consumer Electronics,Rochester,New York,US,14624
"R-Options, Inc",roptionsinc.com,roptionsinc.com,,,Consumer Electronics,Rochester,New York,US,14624
Radec Electric Corporation,radec.com,radec.com,,,Consumer Electronics,Rochester,New York,US,14610
Riverside Automation,riversideautomation.com,riversideautomation.com,,,Consumer Electronics,Rochester,New York,US,14611
RocTech Solution,roctechsolution.com,roctechsolution.com,,,Consumer Electronics,Rochester,New York,US,14609
Rochester Automated Systems,rochauto.com,rochauto.com,,,Consumer Electronics,Rochester,New York,US,14624
Rochester Home Theater,rochesterhometheater.com,rochesterhometheater.com,,,Consumer Electronics,Rochester,New York,US,14622
Rochester Network Cabling & Fiber Optic,rochesternetworkcabling.com,rochesternetworkcabling.com,,,Consumer Electronics,Rochester,New York,US,14618
Rochester Video Pros,rochestervideopros.com,rochestervideopros.com,,,Consumer Electronics,Rochester,New York,US,14623
Rochester tv mounting service,pocketsuite.io,pocketsuite.io,,,Consumer Electronics,Rochester,New York,US,14608
SPS Fire & Security,spsfireandsecurity.com,spsfireandsecurity.com,,,Consumer Electronics,Rochester,New York,US,14626
Schuler-Haas Electric Corp.,schuler-haas.com,schuler-haas.com,,,Consumer Electronics,Rochester,New York,US,14623
SimuTech Group,simutechgroup.com,simutechgroup.com,,,Consumer Electronics,Rochester,New York,US,14625
Staples,stores.staples.com,stores.staples.com,,,Consumer Electronics,Rochester,New York,US,14615
StoryTrust Media,jonathangoehring.com,jonathangoehring.com,,,Consumer Electronics,Rochester,New York,US,14612
Sunstone Digital Tech,sunstonedigitaltech.com,sunstonedigitaltech.com,,,Consumer Electronics,Rochester,New York,US,14604
The Stereo Shop,stereoshoponline.com,stereoshoponline.com,,,Consumer Electronics,Rochester,New York,US,14626
Titan Technology Systems,titantechnologysystems.com,titantechnologysystems.com,,,Consumer Electronics,Rochester,New York,US,14608
"Tuthill Lighting , Inc.",tuthilllighting.com,tuthilllighting.com,,,Consumer Electronics,Rochester,New York,US,14618
Unitrac / IlluminFx,illuminfx.com,illuminfx.com,,,Consumer Electronics,Rochester,New York,US,14606
Upstate Alarm LLC,upstatealarm.com,upstatealarm.com,,,Consumer Electronics,Rochester,New York,US,14623
VHS Studios Pro,vhsstudiospro.com,vhsstudiospro.com,,,Consumer Electronics,Rochester,New York,US,14604
globalevents,globalevents.com,globalevents.com,,,Consumer Electronics,Rochester,New York,US,14610
Jvf Audio Video Installations,jvfaudiovideo.com,jvfaudiovideo.com,,,Consumer Electronics,Rocky Point,New York,US,11778
ICC Automation,iccautomation.com,iccautomation.com,https://www.linkedin.com/company/icc-automation,,Consumer Electronics,Ronkonkoma,New York,US,11779
"Smart Energy Automation, LLC",sea-nyc.com,sea-nyc.com,,,Consumer Electronics,Ronkonkoma,New York,US,11779
greensite Security Systems,gogreensite.com,gogreensite.com,,,Consumer Electronics,Ronkonkoma,New York,US,11779
Audio Video Long Island,audiovideolongisland.com,audiovideolongisland.com,,,Consumer Electronics,Roslyn,New York,US,11576
"Minerva Audio Visual, Inc.",minervaav.com,minervaav.com,,,Consumer Electronics,Roslyn Heights,New York,US,11577
Digital Home Systems,digitalhomesystems.com,digitalhomesystems.com,https://www.linkedin.com/company/digital-home-systems-inc,,Consumer Electronics,Rye Brook,New York,US,10573
DS Home Tech,dshometechny.com,dshometechny.com,,,Consumer Electronics,Saratoga Springs,New York,US,12866
Upstate Automation,upstateautomation.com,upstateautomation.com,,,Consumer Electronics,Saratoga Springs,New York,US,12866
Electrical Systems Integrators,electricalsystemsintegrators.com,electricalsystemsintegrators.com,,,Consumer Electronics,Scarsdale,New York,US,10583
Navas Audio Video Solution,navasav.com,navasav.com,,,Consumer Electronics,Scarsdale,New York,US,10583
Value Electronics,valueelectronics.com,valueelectronics.com,,,Consumer Electronics,Scarsdale,New York,US,10583
MR SmartHome,mrsmarthomes.com,mrsmarthomes.com,,,Consumer Electronics,Schenectady,New York,US,12303
Towne TV,townetv.com,townetv.com,,,Consumer Electronics,Schenectady,New York,US,12303
ADR Media Integrators LLC,adrmi.com,adrmi.com,,,Consumer Electronics,Sea Cliff,New York,US,11579
Sights N Sounds,hometheater.biz,hometheater.biz,,,Consumer Electronics,Seaford,New York,US,11783
Extreme AVS Home Theater Installers Control4 Long Island,extremeavs.com,extremeavs.com,,,Consumer Electronics,Smithtown,New York,US,11787
AAV Audio & Video Ltd,aavaudio.com,aavaudio.com,,,Consumer Electronics,Southampton,New York,US,11968
AD Systems Integrators,adesignsystems.com,adesignsystems.com,,,Consumer Electronics,Southampton,New York,US,11968
Automated Ideas and Solutions,automatedideas.com,automatedideas.com,,,Consumer Electronics,Southampton,New York,US,11968
DSG Distributors Southhampton,dsgdist.com,dsgdist.com,,,Consumer Electronics,Southampton,New York,US,11968
East End Audio Video Inc,eastendaudio.com,eastendaudio.com,,,Consumer Electronics,Southampton,New York,US,11968
HTE (Home Technology Experts) - Headquarters,hteny.com,hteny.com,https://www.linkedin.com/company/hte-home-technology-experts-,,Consumer Electronics,Southampton,New York,US,11968
Symfony,symfonyinc.com,symfonyinc.com,,,Consumer Electronics,Southampton,New York,US,11968
Advanced Home AV,ahav.com,ahav.com,,,Consumer Electronics,Spring Valley,New York,US,10977
Dara AV Audio/Visual Specialists,daraav.com,daraav.com,https://www.linkedin.com/company/dara-av,,Consumer Electronics,Staten Island,New York,US,10309
Digital Habitat Store,digitalhabitatstore.com,digitalhabitatstore.com,,,Consumer Electronics,Syosset,New York,US,11791
Intech,intechav.com,intechav.com,,,Consumer Electronics,Syosset,New York,US,11791
Sound Dimensions Plus,sounddimensionsplus.com,sounddimensionsplus.com,,,Consumer Electronics,Syosset,New York,US,11791
Visual Technologies,visualtec.com,visualtec.com,,,Consumer Electronics,Syracuse,New York,US,13206
"Audio Services NY, Inc.",audioservicesny.com,audioservicesny.com,,,Consumer Electronics,Tappan,New York,US,10983
Doctor Security Systems,doctorintercom.net,doctorintercom.net,,,Consumer Electronics,Tarrytown,New York,US,10591
Advanced Alarm Inc,advancedalarm.net,advancedalarm.net,https://www.linkedin.com/company/10101207,,Consumer Electronics,Tonawanda,New York,US,14150
"Digital Instruments, Inc.",digitalinstruments.com,digitalinstruments.com,,,Consumer Electronics,Tonawanda,New York,US,14150
Curley Electric LLC,curley-electric.com,curley-electric.com,,,Consumer Electronics,Troy,New York,US,12180
HandyDim,handydim.com,handydim.com,,,Consumer Electronics,Troy,New York,US,12180
Live Sound Inc,livesoundinc.com,livesoundinc.com,,,Consumer Electronics,Troy,New York,US,12180
AV Design & Integration,avdesigninc.com,avdesigninc.com,https://www.linkedin.com/company/av-design-integration,,Consumer Electronics,Valhalla,New York,US,10595
Data Wire Solutions,datawiresolutions.com,datawiresolutions.com,,,Consumer Electronics,Valhalla,New York,US,10595
Global Systems Integrators,gsintegrators.com,gsintegrators.com,,,Consumer Electronics,Valhalla,New York,US,10595
Intelligent Technology Group,itgdesigns.com,itgdesigns.com,,,Consumer Electronics,Valhalla,New York,US,10595
RAYVA Home Theaters,rayva.com,rayva.com,https://www.linkedin.com/company/rayva-international,,Consumer Electronics,Valhalla,New York,US,10595
Day Automation Systems Inc,dayautomation.com,dayautomation.com,,,Consumer Electronics,Victor,New York,US,14564
Lantek Security & Automation,lanteksecurity.com,lanteksecurity.com,,,Consumer Electronics,Victor,New York,US,14564
"Lippolis Electric, Inc.",lippoliselectric.com,lippoliselectric.com,https://www.linkedin.com/company/lippolis-electric-inc,,Consumer Electronics,Village of Pelham,New York,US,10803
Visera Media LLC,viseramedia.com,viseramedia.com,,,Consumer Electronics,Wappingers Falls,New York,US,12590
"Digital Home Creations, Inc",digitalhomecreations.com,digitalhomecreations.com,https://www.linkedin.com/company/digital-home-creations-inc,,Consumer Electronics,Webster,New York,US,14580
"Shield Alarm Systems, Inc.",shieldalarms.com,shieldalarms.com,,,Consumer Electronics,Webster,New York,US,14580
"3D Sound and Security, Inc",3dsoundandsecurity.com,3dsoundandsecurity.com,,,Consumer Electronics,West Islip,New York,US,11795
Uplifter Video,upliftervideo.com,upliftervideo.com,,,Consumer Electronics,West Seneca,New York,US,14224
Audio Command Systems,audiocommand.com,audiocommand.com,,,Consumer Electronics,Westbury,New York,US,11590
Crescendo Designs,crescendodesigns.com,crescendodesigns.com,,,Consumer Electronics,Westhampton Beach,New York,US,11978
Shoreline Connected Systems,shorelineconnected.com,shorelineconnected.com,,,Consumer Electronics,Westhampton Beach,New York,US,11978
Systems Design Co.,systemsdesignco.com,systemsdesignco.com,https://www.linkedin.com/company/systems-design-company,,Consumer Electronics,Westhampton Beach,New York,US,11978
Depot Auto Sound & Security INC,depotautosound.com,depotautosound.com,,,Consumer Electronics,White Plains,New York,US,10606
Elite Security Group,jandmsecurity.com,jandmsecurity.com,,,Consumer Electronics,White Plains,New York,US,10605
Westchester A/V,westchesterav.com,westchesterav.com,https://www.linkedin.com/company/elevated-integration-ny,,Consumer Electronics,White Plains,New York,US,10604
Binatech System Solutions - Outsourced IT Support & Managed IT Services Buffalo,binatech.com,binatech.com,,,Consumer Electronics,Williamsville,New York,US,14221
System Integrators Group,wnyav.com,wnyav.com,,,Consumer Electronics,Williamsville,New York,US,14221
Digital Labor Solutions,digitallaborsolutions.com,digitallaborsolutions.com,https://www.linkedin.com/company/digital-labor-solutions,,Consumer Electronics,Woodbury,New York,US,11797
Ultimate Sound & Installations,ultisound.com,ultisound.com,https://www.linkedin.com/company/ultisound,,Consumer Electronics,Woodside,New York,US,11377
Lights On Design,lightsondesign.com,lightsondesign.com,,,Consumer Electronics,Yonkers,New York,US,10710
Oversightt Fire And Security Solutions,oversightt.com,oversightt.com,,,Consumer Electronics,Yonkers,New York,US,10704
eHOME NYC LLC,ehome.nyc,ehome.nyc,,,Consumer Electronics,Yonkers,New York,US,10704
Lighting BOSS,lighting-boss.com,lighting-boss.com,https://www.linkedin.com/company/the-lighting-boss,,Consumer Electronics,Akron,Ohio,US,44312
Pure Av Corp. Smart Home Professionals,pureavcorp.com,pureavcorp.com,,,Consumer Electronics,Akron,Ohio,US,44312
S3 Technologies,mys3tech.com,mys3tech.com,https://www.linkedin.com/company/s3-technologies,,Consumer Electronics,Akron,Ohio,US,44304
Sound Advice,soundadviceofcinti.com,soundadviceofcinti.com,,,Consumer Electronics,Amelia,Ohio,US,45102
Factory Lighting Center,factorylightingcenter.com,factorylightingcenter.com,,,Consumer Electronics,Beavercreek,Ohio,US,45440
Premiere Lighting Gallery,premierehc.com,premierehc.com,,,Consumer Electronics,Beavercreek,Ohio,US,45434
Security Cameras of Dayton,securitycamerasofdayton.com,securitycamerasofdayton.com,,,Consumer Electronics,Beavercreek,Ohio,US,45431
Media Design Imaging,mdifilm.com,mdifilm.com,https://www.linkedin.com/company/mediadesignimaging,,Consumer Electronics,Bedford,Ohio,US,44146
My Smart Home Ohio,mysmarthomeohio.com,mysmarthomeohio.com,,,Consumer Electronics,Bedford Heights,Ohio,US,44146
Zenith Systems,zenithsystems.com,zenithsystems.com,,,Consumer Electronics,Bedford Heights,Ohio,US,44128
Leitner Electric Co,leitnerelectric.com,leitnerelectric.com,,,Consumer Electronics,Blue Ash,Ohio,US,45242
Progressive Automations Inc - Electric Linear Actuators,progressiveautomations.com,progressiveautomations.com,,,Consumer Electronics,Blue Ash,Ohio,US,45242
Clear Gold Audio & Lighting,cleargoldaudio.com,cleargoldaudio.com,,,Consumer Electronics,Broadview Heights,Ohio,US,44147
Xtend Technologies,xtendav.com,xtendav.com,https://www.linkedin.com/company/xtend-technologies,,Consumer Electronics,Broadview Heights,Ohio,US,44147
Kamrock Lights LLC,lights.us.com,lights.us.com,,,Consumer Electronics,Brooklyn,Ohio,US,44144
Westminster AV,westminsterav.com,westminsterav.com,,,Consumer Electronics,Brooklyn Heights,Ohio,US,44131
Scene75 Entertainment Center | Cleveland,scene75.com,scene75.com,,,Consumer Electronics,Brunswick,Ohio,US,44212
K+ Integration and Audio,k-integration.com,k-integration.com,,,Consumer Electronics,Chagrin Falls,Ohio,US,44022
A-HI Computers & Electronics Norwood Hyde Park TV,a-hi.com,a-hi.com,,,Consumer Electronics,Cincinnati,Ohio,US,45212
"Access Audio, Inc.",accessaudio.com,accessaudio.com,https://www.linkedin.com/company/2546510,,Consumer Electronics,Cincinnati,Ohio,US,45215
Advanced Installation Solutions,advancedinstallations.us,advancedinstallations.us,,,Consumer Electronics,Cincinnati,Ohio,US,45243
Air Plus,cincinnatiheatingandcooling.com,cincinnatiheatingandcooling.com,,,Consumer Electronics,Cincinnati,Ohio,US,45215
Apollo Home,apollohome.com,apollohome.com,https://www.linkedin.com/company/apollo-heating-cooling-and-plumbing,,Consumer Electronics,Cincinnati,Ohio,US,45209
"Automated Machine Systems, Inc.",amsmachinesinc.com,amsmachinesinc.com,,,Consumer Electronics,Cincinnati,Ohio,US,45215
Automated Smart Living LLC,automatedsmartliving.com,automatedsmartliving.com,https://www.linkedin.com/company/wix-com,,Consumer Electronics,Cincinnati,Ohio,US,45233
Beacon Audio Video Systems,beaconaudiovideosystems.com,beaconaudiovideosystems.com,,,Consumer Electronics,Cincinnati,Ohio,US,45208
BrownCOW Technology - IT Support of Cincinnati,browncowtech.com,browncowtech.com,https://www.linkedin.com/company/browncow-technology,,Consumer Electronics,Cincinnati,Ohio,US,45249
Cincinnati Home Theaters & Car Audio,cincinnatihometheaters.com,cincinnatihometheaters.com,,,Consumer Electronics,Cincinnati,Ohio,US,45245
Cinema Sounds,cinema-sounds.com,cinema-sounds.com,,,Consumer Electronics,Cincinnati,Ohio,US,45239
ConstructConnect,constructconnect.com,constructconnect.com,,,Consumer Electronics,Cincinnati,Ohio,US,45209
Cornerstone Controls Inc,cornerstonecontrols.com,cornerstonecontrols.com,,,Consumer Electronics,Cincinnati,Ohio,US,45249
Dial One Security,dialonesecurity.com,dialonesecurity.com,https://www.linkedin.com/company/dial-one-security-inc,,Consumer Electronics,Cincinnati,Ohio,US,45227
Electronauts,electronauts.com,electronauts.com,,,Consumer Electronics,Cincinnati,Ohio,US,45226
Emcor Services Automated Controls,emcorac.com,emcorac.com,,,Consumer Electronics,Cincinnati,Ohio,US,45227
Hanson Audio Video,hansonav.com,hansonav.com,,,Consumer Electronics,Cincinnati,Ohio,US,45242
ICB Audio and Video,icbav.com,icbav.com,https://www.linkedin.com/company/icb-audio-and-video,,Consumer Electronics,Cincinnati,Ohio,US,45229
ITA Audio Visual Solutions,ita.com,ita.com,,,Consumer Electronics,Cincinnati,Ohio,US,45207
Industrial Communication and Sound,icands.com,icands.com,,,Consumer Electronics,Cincinnati,Ohio,US,45240
Kemper Automation,kempercontrols.com,kempercontrols.com,,,Consumer Electronics,Cincinnati,Ohio,US,45242
Lighthouse YT LLC,lighthouseytllc.com,lighthouseytllc.com,,,Consumer Electronics,Cincinnati,Ohio,US,45242
"Loud and Clear, Inc.",loudandclear.com,loudandclear.com,,,Consumer Electronics,Cincinnati,Ohio,US,45215
M Alan Associates LLC,manatee-salamander-jash.squarespace.com,manatee-salamander-jash.squarespace.com,,,Consumer Electronics,Cincinnati,Ohio,US,45226
MQ Automation,mqautomation.com,mqautomation.com,,,Consumer Electronics,Cincinnati,Ohio,US,45237
Meineke Audio Video Security,meinekeav.com,meinekeav.com,,,Consumer Electronics,Cincinnati,Ohio,US,45244
Mt Lookout Television and Electronics,mtlookouttv.com,mtlookouttv.com,,,Consumer Electronics,Cincinnati,Ohio,US,45208
Nova Live Productions,nova.productions,nova.productions,,,Consumer Electronics,Cincinnati,Ohio,US,45219
"OP Home Security, LLC",ophomesecurity.com,ophomesecurity.com,,,Consumer Electronics,Cincinnati,Ohio,US,45236
Paff Electric & Solar,paffelectricandsolar.com,paffelectricandsolar.com,,,Consumer Electronics,Cincinnati,Ohio,US,45238
Pixel Technologies,pixel.tech,pixel.tech,https://www.linkedin.com/company/pixeltechnologies,,Consumer Electronics,Cincinnati,Ohio,US,45214
Play Audio Agency,playaudioagency.com,playaudioagency.com,,,Consumer Electronics,Cincinnati,Ohio,US,45202
Prestige AV & Creative Services,prestigeav.com,prestigeav.com,https://www.linkedin.com/company/prestige-av-&-creative-services,,Consumer Electronics,Cincinnati,Ohio,US,45237
"Quality Controls, Inc.",qcipanels.com,qcipanels.com,,,Consumer Electronics,Cincinnati,Ohio,US,45244
"Resolutions-Sights, Sounds, Simplicity",resolutions-av.com,resolutions-av.com,,,Consumer Electronics,Cincinnati,Ohio,US,45249
Sheer Security,sheer-security.com,sheer-security.com,,,Consumer Electronics,Cincinnati,Ohio,US,45242
Sheer Technologies,sheertec.com,sheertec.com,,,Consumer Electronics,Cincinnati,Ohio,US,45242
Stereo ADV,stereo-adv.company.site,stereo-adv.company.site,,,Consumer Electronics,Cincinnati,Ohio,US,45208
TEK | Technology Experience Knowledge LLC,tekcincinnati.com,tekcincinnati.com,,,Consumer Electronics,Cincinnati,Ohio,US,45242
Techsol Integrations,techsolintegrations.com,techsolintegrations.com,,,Consumer Electronics,Cincinnati,Ohio,US,45237
Tri-State Audio Visual Co,tristateav.com,tristateav.com,,,Consumer Electronics,Cincinnati,Ohio,US,45255
Unique Home Systems,uniquehomesystems.com,uniquehomesystems.com,,,Consumer Electronics,Cincinnati,Ohio,US,45236
Visionary Meeting Technologies LLC,visionarymeetingtechnologies.com,visionarymeetingtechnologies.com,,,Consumer Electronics,Cincinnati,Ohio,US,45246
Worship Resources,worshipres.com,worshipres.com,,,Consumer Electronics,Cincinnati,Ohio,US,45245
A-Wing Visuals | Cleveland Video Production,awingvisuals.com,awingvisuals.com,,,Consumer Electronics,Cleveland,Ohio,US,44113
AC Electric,acelectricohio.com,acelectricohio.com,,,Consumer Electronics,Cleveland,Ohio,US,44127
Access 1 Alarm & Audio,access1alarm.com,access1alarm.com,,,Consumer Electronics,Cleveland,Ohio,US,44111
Althar L.L.C.,altharaudio.com,altharaudio.com,,,Consumer Electronics,Cleveland,Ohio,US,44127
"Avera Media Group, LLC",averaohio.com,averaohio.com,,,Consumer Electronics,Cleveland,Ohio,US,44103
BG Video Production Company Cleveland OH – Cleveland Video Production Company,bgvideocompany.com,bgvideocompany.com,,,Consumer Electronics,Cleveland,Ohio,US,44114
BoxCast,boxcast.com,boxcast.com,,,Consumer Electronics,Cleveland,Ohio,US,44113
Cinecraft Productions,cinecraft.com,cinecraft.com,,,Consumer Electronics,Cleveland,Ohio,US,44113
Cleveland Clinic DOME Theater,greatscience.com,greatscience.com,https://www.linkedin.com/company/great-lakes-science-center,,Consumer Electronics,Cleveland,Ohio,US,44114
Cleveland Lighting,clevelandlighting.com,clevelandlighting.com,,,Consumer Electronics,Cleveland,Ohio,US,44124
Control Components Company,controlcomponentscompany.com,controlcomponentscompany.com,,,Consumer Electronics,Cleveland,Ohio,US,44119
Crescent Digital,crescentdigital.com,crescentdigital.com,https://www.linkedin.com/company/crescentdigital,,Consumer Electronics,Cleveland,Ohio,US,44115
"Custom Audio Designs, Inc",customaudiodesignsinc.com,customaudiodesignsinc.com,,,Consumer Electronics,Cleveland,Ohio,US,44124
"Eighth Day Sound Systems, Inc.",8thdaysound.com,8thdaysound.com,,,Consumer Electronics,Cleveland,Ohio,US,44143
Emergency Vehicle Lights and Colors,starlightingproducts.com,starlightingproducts.com,,,Consumer Electronics,Cleveland,Ohio,US,44130
Empirical Sound,empiricalsound.com,empiricalsound.com,,,Consumer Electronics,Cleveland,Ohio,US,44114
"GE Lighting, A Savant Company",gelighting.com,gelighting.com,,,Consumer Electronics,Cleveland,Ohio,US,44112
Hughie's Event Production Services,hughies.com,hughies.com,,,Consumer Electronics,Cleveland,Ohio,US,44114
IAC Technologies,iactechnologies.net,iactechnologies.net,,,Consumer Electronics,Cleveland,Ohio,US,44120
Integrated homes LLC,integratedhomes.net,integratedhomes.net,,,Consumer Electronics,Cleveland,Ohio,US,44113
LoRoo Security & Technology,loroosecurity.com,loroosecurity.com,,,Consumer Electronics,Cleveland,Ohio,US,44102
Menards,menards.com,menards.com,,,Consumer Electronics,Cleveland,Ohio,US,44129
NPi Audio Visual Solutions,npiav.com,npiav.com,,,Consumer Electronics,Cleveland,Ohio,US,44125
NPi Entertainment,npientertain.com,npientertain.com,,,Consumer Electronics,Cleveland,Ohio,US,44125
Ohio Cinemotion,ohiocinemotion.com,ohiocinemotion.com,,,Consumer Electronics,Cleveland,Ohio,US,44144
Play It Again Sam,playitagainsam.com,playitagainsam.com,,,Consumer Electronics,Cleveland,Ohio,US,44107
Playhouse Square,playhousesquare.org,playhousesquare.org,,,Consumer Electronics,Cleveland,Ohio,US,44115
ProShow Sound LLC,proshowsound.com,proshowsound.com,,,Consumer Electronics,Cleveland,Ohio,US,44129
Q Audio Visual,qaudiovisual.com,qaudiovisual.com,,,Consumer Electronics,Cleveland,Ohio,US,44143
RCS Event Production,rcseventproduction.com,rcseventproduction.com,,,Consumer Electronics,Cleveland,Ohio,US,44102
TV The Vision,g.co,g.co,,,Consumer Electronics,Cleveland,Ohio,US,44108
The All A/V Solutions Grp.,broadwavesstudios.com,broadwavesstudios.com,,,Consumer Electronics,Cleveland,Ohio,US,44113
Vertical Sound,verticalsoundpro.com,verticalsoundpro.com,,,Consumer Electronics,Cleveland,Ohio,US,44102
"Wellman & Griffith, Inc.",wellmangriffith.com,wellmangriffith.com,,,Consumer Electronics,Cleveland,Ohio,US,44126
ACES | Aaron Carmack Electronic Services,acestech.net,acestech.net,,,Consumer Electronics,Columbus,Ohio,US,43201
Actuality Media,actualitymedia.co,actualitymedia.co,https://www.linkedin.com/company/actualitymedia,,Consumer Electronics,Columbus,Ohio,US,43215
Affordable Home Security ADT Dealer,affordablehomesecurity.net,affordablehomesecurity.net,,,Consumer Electronics,Columbus,Ohio,US,43202
Ansera,ansera.com,ansera.com,https://www.linkedin.com/company/anserahq,,Consumer Electronics,Columbus,Ohio,US,43219
Audio Video Installs,columbusaudiovideoinstallation.com,columbusaudiovideoinstallation.com,,,Consumer Electronics,Columbus,Ohio,US,43230
Best Light Video,bestlightvideo.com,bestlightvideo.com,https://www.linkedin.com/company/2783642,,Consumer Electronics,Columbus,Ohio,US,43215
Central Ohio Audio Video,centralohav.com,centralohav.com,,,Consumer Electronics,Columbus,Ohio,US,43229
"Columbus Controls, Inc.",columbuscontrols.com,columbuscontrols.com,,,Consumer Electronics,Columbus,Ohio,US,43231
Columbus Winlectric Co.,winwholesale.com,winwholesale.com,,,Consumer Electronics,Columbus,Ohio,US,43219
Crystal Clear Audio & Video,crystalclearaudioandvideo.com,crystalclearaudioandvideo.com,,,Consumer Electronics,Columbus,Ohio,US,43204
Digital Home Designs,dhdpros.com,dhdpros.com,https://www.linkedin.com/company/digital-home-designs,,Consumer Electronics,Columbus,Ohio,US,43235
Directions AV,directionsav.com,directionsav.com,,,Consumer Electronics,Columbus,Ohio,US,43231
Extreme Audio Outlet,extremeaudiooutlet.com,extremeaudiooutlet.com,,,Consumer Electronics,Columbus,Ohio,US,43204
Home Shield Alarm Monitoring & Security Systems,homeshieldalarm.com,homeshieldalarm.com,,,Consumer Electronics,Columbus,Ohio,US,43231
IAMedia Video Production,iamfilmco.com,iamfilmco.com,,,Consumer Electronics,Columbus,Ohio,US,43215
Innovative Media Systems,imsohio.com,imsohio.com,,,Consumer Electronics,Columbus,Ohio,US,43219
Integrated Building Systems,ibswebsite.com,ibswebsite.com,,,Consumer Electronics,Columbus,Ohio,US,43201
"Interactive Protection Services, LLC",ipstechnow.com,ipstechnow.com,,,Consumer Electronics,Columbus,Ohio,US,43229
Jerry TV Mounting Services,mountingservices.mobirisesite.com,mountingservices.mobirisesite.com,,,Consumer Electronics,Columbus,Ohio,US,43207
Lighting Columbus Showroom & Design Center,lightingcolumbus.com,lightingcolumbus.com,,,Consumer Electronics,Columbus,Ohio,US,43219
Loeb Electric,loebelectric.com,loebelectric.com,,,Consumer Electronics,Columbus,Ohio,US,43219
MOUNT ME,mountme.godaddysites.com,mountme.godaddysites.com,,,Consumer Electronics,Columbus,Ohio,US,43215
Methodical Automation LLC,methodicalautomation.com,methodicalautomation.com,,,Consumer Electronics,Columbus,Ohio,US,43206
"Ohio Valley Integration Services, Inc.",ovis.cc,ovis.cc,,,Consumer Electronics,Columbus,Ohio,US,43228
Panic Lighting Co,paniclightingco.com,paniclightingco.com,,,Consumer Electronics,Columbus,Ohio,US,43224
Schreiner Ace Hardware,schreinerhardware.com,schreinerhardware.com,,,Consumer Electronics,Columbus,Ohio,US,43212
Studio AMG,studio-amg.com,studio-amg.com,,,Consumer Electronics,Columbus,Ohio,US,43235
The Theater People,thetheaterpeople.com,thetheaterpeople.com,,,Consumer Electronics,Columbus,Ohio,US,43213
Tiger Systems Inc.,tsicolumbus.com,tsicolumbus.com,,,Consumer Electronics,Columbus,Ohio,US,43229
Truth Seeker Productions,geartechs.com,geartechs.com,,,Consumer Electronics,Columbus,Ohio,US,43204
Vortex IT Systems,vortexitsystems.com,vortexitsystems.com,,,Consumer Electronics,Columbus,Ohio,US,43214
iVideo Technologies,ivideo.com,ivideo.com,https://www.linkedin.com/company/ivideo-technologies,,Consumer Electronics,Columbus,Ohio,US,43235
MediaObsessions,mediaobsessions.com,mediaobsessions.com,https://www.linkedin.com/company/mediaobsessions,,Consumer Electronics,Cuyahoga Falls,Ohio,US,44221
Sound & Vision,soundandvisionohio.com,soundandvisionohio.com,,,Consumer Electronics,Cuyahoga Falls,Ohio,US,44221
AMG Custom Controls,amgcustomcontrols.com,amgcustomcontrols.com,,,Consumer Electronics,Dayton,Ohio,US,45414
Advanced Digital Security,adsecurity.biz,adsecurity.biz,,,Consumer Electronics,Dayton,Ohio,US,45420
Ambient AVL,ambientavl.com,ambientavl.com,,,Consumer Electronics,Dayton,Ohio,US,45426
Andrew Casey Electrical Contractors,electriciandaytonohio.com,electriciandaytonohio.com,https://www.linkedin.com/company/andrew-casey-electrical-contractors,,Consumer Electronics,Dayton,Ohio,US,45414
Audio Etc...,audioetc.tv,audioetc.tv,,,Consumer Electronics,Dayton,Ohio,US,45459
Audio Video Concepts,avconceptsohio.com,avconceptsohio.com,,,Consumer Electronics,Dayton,Ohio,US,45402
Automation Systems & Designs,asddayton.com,asddayton.com,,,Consumer Electronics,Dayton,Ohio,US,45439
Automation Technology Inc,atidayton.com,atidayton.com,,,Consumer Electronics,Dayton,Ohio,US,45404
Benjamin & Marian Schuster Performing Arts Center,daytonlive.org,daytonlive.org,,,Consumer Electronics,Dayton,Ohio,US,45402
Cable and Control Solutions,cacsllc.com,cacsllc.com,,,Consumer Electronics,Dayton,Ohio,US,45431
"ClearCiti Technology, LLC",clearciti.com,clearciti.com,,,Consumer Electronics,Dayton,Ohio,US,45415
"Combined Technologies Group, Inc.",comtechgrp.com,comtechgrp.com,,,Consumer Electronics,Dayton,Ohio,US,45414
"Custom Distributors, Inc.",customdistributors.com,customdistributors.com,,,Consumer Electronics,Dayton,Ohio,US,45449
Delta Power Group,deltapowergroup.com,deltapowergroup.com,,,Consumer Electronics,Dayton,Ohio,US,45402
"Dickman Supply, Inc. - Dayton",dickmansupply.com,dickmansupply.com,,,Consumer Electronics,Dayton,Ohio,US,45402
EnviroControl Systems,envirocontrolsystems.com,envirocontrolsystems.com,,,Consumer Electronics,Dayton,Ohio,US,45404
Global Automation Service,globalautomationservice.com,globalautomationservice.com,,,Consumer Electronics,Dayton,Ohio,US,45414
Henlee Electric,henleeelectric.com,henleeelectric.com,,,Consumer Electronics,Dayton,Ohio,US,45403
Industrial Automation Controls,iacohio.com,iacohio.com,,,Consumer Electronics,Dayton,Ohio,US,45414
JDI Handyman Services,jdihandymanservices.com,jdihandymanservices.com,,,Consumer Electronics,Dayton,Ohio,US,45404
"Just In Time Audio Video, LLC",justintimeav.com,justintimeav.com,https://www.linkedin.com/company/just-in-time-audio-video-llc,,Consumer Electronics,Dayton,Ohio,US,45424
"Lee Supply Dayton: Plumbing, HVAC, & Appliances",gotolee.com,gotolee.com,,,Consumer Electronics,Dayton,Ohio,US,45404
Lyons Lighting Showroom,lyonslightingshowroom.com,lyonslightingshowroom.com,,,Consumer Electronics,Dayton,Ohio,US,45402
Magnetic Homes,magnetichomeservices.com,magnetichomeservices.com,,,Consumer Electronics,Dayton,Ohio,US,45402
"Miami Valley Audio Video, LLC",mooddayton.com,mooddayton.com,,,Consumer Electronics,Dayton,Ohio,US,45459
Miami Valley Lighting & Supply,miamivalleylighting.com,miamivalleylighting.com,,,Consumer Electronics,Dayton,Ohio,US,45414
PDSI - Automation Solutions,pdsicorp.com,pdsicorp.com,https://www.linkedin.com/company/pdsicorp,,Consumer Electronics,Dayton,Ohio,US,45402
"Production Solutions, Inc.",psiohio.com,psiohio.com,,,Consumer Electronics,Dayton,Ohio,US,45449
Singer Vaughn Electric,singervaughnelectric.com,singervaughnelectric.com,,,Consumer Electronics,Dayton,Ohio,US,45429
Sound Force Inc.,soundforceinc.com,soundforceinc.com,,,Consumer Electronics,Dayton,Ohio,US,45410
The Neon,neonmovies.com,neonmovies.com,,,Consumer Electronics,Dayton,Ohio,US,45402
Adapted Tech,adapted.tech,adapted.tech,https://www.linkedin.com/company/adapted-tech,,Consumer Electronics,Dublin,Ohio,US,43016
EZ-Integration,ez-integration.com,ez-integration.com,,,Consumer Electronics,Dublin,Ohio,US,43017
Home Connect,homeconnectnow.com,homeconnectnow.com,,,Consumer Electronics,Dublin,Ohio,US,43017
New Vision Media Inc,newvisionmediainc.com,newvisionmediainc.com,,,Consumer Electronics,Dublin,Ohio,US,43017
Premiere Home Technologies LLC,premiereht.com,premiereht.com,,,Consumer Electronics,Dublin,Ohio,US,43016
"ProVideo Systems, Inc.",provideosystems.com,provideosystems.com,,,Consumer Electronics,Dublin,Ohio,US,43017
SoundCom Systems,soundcom.net,soundcom.net,,,Consumer Electronics,Dublin,Ohio,US,43017
Contractor Lighting & Supply,contractorlighting.com,contractorlighting.com,,,Consumer Electronics,Etna,Ohio,US,43018
Black Valve Media,blackvalvemedia.com,blackvalvemedia.com,,,Consumer Electronics,Euclid,Ohio,US,44132
Connect You,connectyou.tech,connectyou.tech,,,Consumer Electronics,Gahanna,Ohio,US,43230
Genesis Audio Ltd,genesisaudio.com,genesisaudio.com,,,Consumer Electronics,Gahanna,Ohio,US,43230
"US Communications and Electric, Inc.",uscande.com,uscande.com,https://www.linkedin.com/company/uscommunications,,Consumer Electronics,Garfield Heights,Ohio,US,44128
Sound Communications,soundcommunications.com,soundcommunications.com,,,Consumer Electronics,Grove City,Ohio,US,43123
"Protech Projection Systems, Inc",protechprojection.com,protechprojection.com,,,Consumer Electronics,Hinckley,Ohio,US,44233
Home Theater Solutions,htstoledo.com,htstoledo.com,,,Consumer Electronics,Holland,Ohio,US,43528
"OmniSpear, Inc.",omnispear.com,omnispear.com,,,Consumer Electronics,Kettering,Ohio,US,45429
Lighting Systems of Columbus,lightingsystemscol.com,lightingsystemscol.com,,,Consumer Electronics,Lewis Center,Ohio,US,43035
"Radiant Technology, Inc.",radianttech.net,radianttech.net,https://www.linkedin.com/company/radiant-technology-group-inc,,Consumer Electronics,Lewis Center,Ohio,US,43035
At Home Integrations Inc,yoursmarthome.com,yoursmarthome.com,,,Consumer Electronics,Loveland,Ohio,US,45140
Cincy Security and Sound,cincysecuritysound.com,cincysecuritysound.com,,,Consumer Electronics,Loveland,Ohio,US,45140
Phantom Sound,phantomsound.com,phantomsound.com,,,Consumer Electronics,Loveland,Ohio,US,45140
Smartech LLC,smartech-oki.com,smartech-oki.com,,,Consumer Electronics,Maineville,Ohio,US,45039
"Horner Networks, LLC",hornernetworks.com,hornernetworks.com,https://www.linkedin.com/company/horner-networks,,Consumer Electronics,Mentor,Ohio,US,44060
Mentor TV,mentortv.com,mentortv.com,,,Consumer Electronics,Mentor,Ohio,US,44060
C&E Advanced Technologies,ceadvancedtech.com,ceadvancedtech.com,,,Consumer Electronics,Miamisburg,Ohio,US,45342
"Integrity Audio Video, LLC",integrityaudiovideo.com,integrityaudiovideo.com,,,Consumer Electronics,Miamisburg,Ohio,US,45342
Audio Craft,audiocraft.com,audiocraft.com,,,Consumer Electronics,Middleburg Heights,Ohio,US,44130
Audible Elegance,audibleelegance.com,audibleelegance.com,,,Consumer Electronics,Montgomery,Ohio,US,45242
HSI Security,hsisecurity.com,hsisecurity.com,,,Consumer Electronics,Moraine,Ohio,US,45439
Precision Automation and Robotics,parautomation.com,parautomation.com,,,Consumer Electronics,Moraine,Ohio,US,45439
EQ Technologies,eqtechnologies.com,eqtechnologies.com,,,Consumer Electronics,North Ridgeville,Ohio,US,44039
A/V Environments,avedirect.com,avedirect.com,https://www.linkedin.com/company/horner-networks,,Consumer Electronics,North Royalton,Ohio,US,44133
Eko Solutions,ekosolutions.us,ekosolutions.us,,,Consumer Electronics,North Royalton,Ohio,US,44133
Genesis Lamp Corporation,genesislamp.com,genesislamp.com,,,Consumer Electronics,Painesville,Ohio,US,44077
OhioSound.com Pro Audio & Commercial Sound Systems,ohiosound.com,ohiosound.com,,,Consumer Electronics,Parma,Ohio,US,44129
All - Lite & Home Accents,all-lite.com,all-lite.com,,,Consumer Electronics,Parma Heights,Ohio,US,44130
Best Lighting Products,bestlighting.net,bestlighting.net,,,Consumer Electronics,Pataskala,Ohio,US,43062
Building Control Integrators,bcicontrols.com,bcicontrols.com,,,Consumer Electronics,Powell,Ohio,US,43065
"CCG Automation, Inc.",ccgautomation.com,ccgautomation.com,,,Consumer Electronics,Richfield,Ohio,US,44286
Recording Studio Cleveland,recordingstudiocleveland.com,recordingstudiocleveland.com,,,Consumer Electronics,Seven Hills,Ohio,US,44131
Cleveland Sound & Lighting,clevelandsound.net,clevelandsound.net,,,Consumer Electronics,Shaker Heights,Ohio,US,44120
CAD Audio,cadaudio.com,cadaudio.com,,,Consumer Electronics,Solon,Ohio,US,44139
Stilson Video Services,stilson.com,stilson.com,,,Consumer Electronics,Solon,Ohio,US,44139
Digital Home Solutions,solutionbydhs.com,solutionbydhs.com,,,Consumer Electronics,Springfield,Ohio,US,45505
"MediaNet AV - AVL Installation Experts | Cleveland, OH",medianetav.com,medianetav.com,,,Consumer Electronics,Stow,Ohio,US,44224
Total Home Entertainment LLC,totalhomeent.com,totalhomeent.com,,,Consumer Electronics,Strongsville,Ohio,US,44149
"Ultimate Technology & Security Solutions, LLC",utssohio.com,utssohio.com,,,Consumer Electronics,Sunbury,Ohio,US,43074
Perfect Solutions AV,perfectsolutionsav.com,perfectsolutionsav.com,,,Consumer Electronics,Terrace Park,Ohio,US,45174
Ovation Audiovisual,ovationaudiovisual.com,ovationaudiovisual.com,,,Consumer Electronics,Tipp City,Ohio,US,45371
"Centurion Security Systems, LLC",centuriondyt.com,centuriondyt.com,,,Consumer Electronics,Troy,Ohio,US,45373
The Lamp Shop,thelampshopintroy.com,thelampshopintroy.com,,,Consumer Electronics,Troy,Ohio,US,45373
A To Z Audio,atozaudio.com,atozaudio.com,,,Consumer Electronics,Valley View,Ohio,US,44125
Brothers Integrated Technologies,bit-techs.com,bit-techs.com,https://www.linkedin.com/company/brosinttech,,Consumer Electronics,Vandalia,Ohio,US,45377
DLM Installations,dlminstallations.com,dlminstallations.com,,,Consumer Electronics,Vandalia,Ohio,US,45377
Home Entertainment Solutions,hesohio.com,hesohio.com,,,Consumer Electronics,Wadsworth,Ohio,US,44281
Cinemark Dayton South 16 and XD,cinemark.com,cinemark.com,,,Consumer Electronics,West Carrollton,Ohio,US,45449
Bugaboo Controls,bugaboocontrols.com,bugaboocontrols.com,,,Consumer Electronics,West Chester Township,Ohio,US,45246
Controlling Technology LLC,controllingtech.net,controllingtech.net,,,Consumer Electronics,West Chester Township,Ohio,US,45246
Multisource Home Electro Inc,multisourcehe.net,multisourcehe.net,,,Consumer Electronics,West Chester Township,Ohio,US,45246
Advanced Data Projection,advanceddataprojection.com,advanceddataprojection.com,,,Consumer Electronics,Westerville,Ohio,US,43082
Clearpoint Technology & Design LLC,clearpointtechdesign.com,clearpointtechdesign.com,,,Consumer Electronics,Westerville,Ohio,US,43081
KaraTech - Technology Services,karatechnologies.net,karatechnologies.net,,,Consumer Electronics,Westerville,Ohio,US,43081
Northern Lighting,northernlighting.net,northernlighting.net,,,Consumer Electronics,Westerville,Ohio,US,43081
NCIT Cleveland Security Systems,ncitclevelandsecurity.com,ncitclevelandsecurity.com,,,Consumer Electronics,Westlake,Ohio,US,44145
"NCIT, INC Home Automation / Theater",clevelandhometheater.net,clevelandhometheater.net,,,Consumer Electronics,Westlake,Ohio,US,44145
j.Patrick Audio & Video,jpatrickav.com,jpatrickav.com,,,Consumer Electronics,Wickliffe,Ohio,US,44092
Smart House,smarthouseohio.com,smarthouseohio.com,,,Consumer Electronics,Worthington,Ohio,US,43085
Tether House,tether.house,tether.house,,,Consumer Electronics,Worthington,Ohio,US,43085
"Smart Solutions Unlimited, Inc",smartsuinc.com,smartsuinc.com,,,Consumer Electronics,Youngstown,Ohio,US,44514
Audio Video Connections LLC,audiovideoconnections.com,audiovideoconnections.com,,,Consumer Electronics,Bixby,Oklahoma,US,74008
Infinity Home Solutions,infinitytulsa.com,infinitytulsa.com,,,Consumer Electronics,Bixby,Oklahoma,US,74008
Native Audio Visual Tulsa,nativeav.com,nativeav.com,,,Consumer Electronics,Bixby,Oklahoma,US,74008
Allied Broadcast Group | New and Used Broadcast Equipment | Cinema Equipment,alliedbroadcastgroup.com,alliedbroadcastgroup.com,,,Consumer Electronics,Broken Arrow,Oklahoma,US,74012
Creative Audio Lab,creativeaudiolab.com,creativeaudiolab.com,,,Consumer Electronics,Broken Arrow,Oklahoma,US,74012
Custom Technologies Plus,customtechplus.com,customtechplus.com,,,Consumer Electronics,Broken Arrow,Oklahoma,US,74012
DC Pro LVA,dcprolva.com,dcprolva.com,,,Consumer Electronics,Broken Arrow,Oklahoma,US,74012
Lighting Inc,lightinginc.us,lightinginc.us,,,Consumer Electronics,Broken Arrow,Oklahoma,US,74012
The Smart Home Experience,thesmarthomeexperience.com,thesmarthomeexperience.com,,,Consumer Electronics,Broken Arrow,Oklahoma,US,74011
PSI Security,psisecurity.com,psisecurity.com,,,Consumer Electronics,Del City,Oklahoma,US,73115
AVL Systems Design,avl1.com,avl1.com,,,Consumer Electronics,Edmond,Oklahoma,US,73013
Audio Midwest,audiomidwest.com,audiomidwest.com,,,Consumer Electronics,Edmond,Oklahoma,US,73013
Great Choice Audio Video,greatchoiceav.com,greatchoiceav.com,,,Consumer Electronics,Edmond,Oklahoma,US,73034
Integrated AV,integratedavco.com,integratedavco.com,,,Consumer Electronics,Edmond,Oklahoma,US,73013
Integrated Electric,integratedok.com,integratedok.com,,,Consumer Electronics,Edmond,Oklahoma,US,73013
Sikes Interiors,sikesokc.com,sikesokc.com,,,Consumer Electronics,Edmond,Oklahoma,US,73013
Sound in Church,soundinchurch.com,soundinchurch.com,,,Consumer Electronics,Edmond,Oklahoma,US,73012
STATUS AV,status918.com,status918.com,,,Consumer Electronics,Jenks,Oklahoma,US,74037
Alcom Security Systems LLC,alcomsecurity.com,alcomsecurity.com,,,Consumer Electronics,Midwest City,Oklahoma,US,73130
Audio \ Video Designs. Inc.,avd.org,avd.org,,,Consumer Electronics,Moore,Oklahoma,US,73160
AAE Automation,aaeautomation.com,aaeautomation.com,,,Consumer Electronics,Oklahoma City,Oklahoma,US,73128
Acoustic Designs,acousticdesignsok.com,acousticdesignsok.com,,,Consumer Electronics,Oklahoma City,Oklahoma,US,73127
Alert 360 Home & Business Security Oklahoma City,alert360.com,alert360.com,https://www.linkedin.com/company/alert360usa,,Consumer Electronics,Oklahoma City,Oklahoma,US,73116
All Custom Goods & Entertainment LLC,acgent.com,acgent.com,,,Consumer Electronics,Oklahoma City,Oklahoma,US,73123
All Pro Audio Visual Rentals,allproaudiovisual.com,allproaudiovisual.com,https://www.linkedin.com/company/all-pro-audio-visual,,Consumer Electronics,Oklahoma City,Oklahoma,US,73173
Artisan Security Integration,artisansecurityint.com,artisansecurityint.com,,,Consumer Electronics,Oklahoma City,Oklahoma,US,73116
"Audio Extremist, LLC",audioextremistokc.com,audioextremistokc.com,,,Consumer Electronics,Oklahoma City,Oklahoma,US,73129
Automation Integrated,ai-sys.com,ai-sys.com,,,Consumer Electronics,Oklahoma City,Oklahoma,US,73128
Barnett Electrical Heating and Air,barnettelectrical.com,barnettelectrical.com,,,Consumer Electronics,Oklahoma City,Oklahoma,US,73129
Benson Sound Lights & Video,bensonsound.com,bensonsound.com,,,Consumer Electronics,Oklahoma City,Oklahoma,US,73135
Communicate One,communicateone.net,communicateone.net,,,Consumer Electronics,Oklahoma City,Oklahoma,US,73114
Cory's,corys.pro,corys.pro,https://www.linkedin.com/company/corysconnects,,Consumer Electronics,Oklahoma City,Oklahoma,US,73127
DD Audio,ddaudio.com,ddaudio.com,,,Consumer Electronics,Oklahoma City,Oklahoma,US,73112
Dallas Pro Sound,dallasprosound.com,dallasprosound.com,,,Consumer Electronics,Oklahoma City,Oklahoma,US,73127
Dealers Electrical Supply,dealerselectrical.com,dealerselectrical.com,,,Consumer Electronics,Oklahoma City,Oklahoma,US,73127
DesignTunnel Video Production & Podcast Studios,designtunnel.com,designtunnel.com,,,Consumer Electronics,Oklahoma City,Oklahoma,US,73104
Earthsmart Controls LLC,earthsmartcontrols.com,earthsmartcontrols.com,,,Consumer Electronics,Oklahoma City,Oklahoma,US,73118
Ford AV - Oklahoma City,fordav.com,fordav.com,https://www.linkedin.com/company/ford-audio-video,,Consumer Electronics,Oklahoma City,Oklahoma,US,73128
Globelink Security $12.99 Alarm Monitoring LLC,globelinksystems.com,globelinksystems.com,,,Consumer Electronics,Oklahoma City,Oklahoma,US,73106
Great Plains Audio,greatplainsaudio.com,greatplainsaudio.com,,,Consumer Electronics,Oklahoma City,Oklahoma,US,73127
Hetronic USA,hetronic.com,hetronic.com,https://www.linkedin.com/company/hetonic-usa,,Consumer Electronics,Oklahoma City,Oklahoma,US,73112
KRAMER PRO,kramer.pro,kramer.pro,,,Consumer Electronics,Oklahoma City,Oklahoma,US,73108
Maverick Event Technology,maverickevent.tech,maverickevent.tech,,,Consumer Electronics,Oklahoma City,Oklahoma,US,73129
Miller Pro Audio,millerproavl.com,millerproavl.com,,,Consumer Electronics,Oklahoma City,Oklahoma,US,73119
Monico Systems Group,monicogroup.com,monicogroup.com,,,Consumer Electronics,Oklahoma City,Oklahoma,US,73162
OKC PROJECTOR RENTAL,okcprojectorrental.com,okcprojectorrental.com,,,Consumer Electronics,Oklahoma City,Oklahoma,US,73129
Premier Visions AV & Security,premiervisions.com,premiervisions.com,,,Consumer Electronics,Oklahoma City,Oklahoma,US,73131
Safelink Systems: Smart Alarm & Camera Systems,securitysystemsokc.com,securitysystemsokc.com,https://www.linkedin.com/company/safelink-security-systems-okc,,Consumer Electronics,Oklahoma City,Oklahoma,US,73116
Security Options,securityoptions.com,securityoptions.com,,,Consumer Electronics,Oklahoma City,Oklahoma,US,73139
Simon Pro Audio,simonproaudio.com,simonproaudio.com,,,Consumer Electronics,Oklahoma City,Oklahoma,US,73116
SkylarkAV,skylarkav.com,skylarkav.com,,,Consumer Electronics,Oklahoma City,Oklahoma,US,73118
Smart Spaces - OKC,smartspacesok.com,smartspacesok.com,,,Consumer Electronics,Oklahoma City,Oklahoma,US,73120
Smith Lighting Sales,smithlighting.com,smithlighting.com,,,Consumer Electronics,Oklahoma City,Oklahoma,US,73105
SoSmart Security,sosmartsecurity.com,sosmartsecurity.com,,,Consumer Electronics,Oklahoma City,Oklahoma,US,73114
Sound Advice Audio/Video,soundadviceokc.com,soundadviceokc.com,,,Consumer Electronics,Oklahoma City,Oklahoma,US,73120
Synegy/Industrial Controls Solutions,okics.com,okics.com,,,Consumer Electronics,Oklahoma City,Oklahoma,US,73108
The Groove OKC,thegrooveokc.com,thegrooveokc.com,,,Consumer Electronics,Oklahoma City,Oklahoma,US,73116
Titan AVL,titanavl.com,titanavl.com,,,Consumer Electronics,Oklahoma City,Oklahoma,US,73108
Tom King Electric,tomkingelectric.com,tomkingelectric.com,,,Consumer Electronics,Oklahoma City,Oklahoma,US,73116
Tone Films | Oklahoma City Video Production Company,tonefilms.com,tonefilms.com,,,Consumer Electronics,Oklahoma City,Oklahoma,US,73104
Unique Home Audio LLC,uniquehomeaudio.com,uniquehomeaudio.com,,,Consumer Electronics,Oklahoma City,Oklahoma,US,73116
"Video Reality, Inc.",videoreality.com,videoreality.com,,,Consumer Electronics,Oklahoma City,Oklahoma,US,73132
Vox Audio Visual,voxaudiovisual.com,voxaudiovisual.com,https://www.linkedin.com/company/vox-audio-visual,,Consumer Electronics,Oklahoma City,Oklahoma,US,73102
ECSLiving,ecsliving.com,ecsliving.com,,,Consumer Electronics,Sand Springs,Oklahoma,US,74063
The TV Pro's,thetvpros.com,thetvpros.com,,,Consumer Electronics,Skiatook,Oklahoma,US,74070
All Media Integration,pro-ami.com,pro-ami.com,,,Consumer Electronics,Tulsa,Oklahoma,US,74146
Applied Media Concepts Inc,appliedmediaconcepts.com,appliedmediaconcepts.com,,,Consumer Electronics,Tulsa,Oklahoma,US,74128
ArcLight Group,arclightgroup.com,arclightgroup.com,,,Consumer Electronics,Tulsa,Oklahoma,US,74105
Audio Advice,audioadvicetulsa.com,audioadvicetulsa.com,,,Consumer Electronics,Tulsa,Oklahoma,US,74146
Axiom Audio,axiom.audio,axiom.audio,,,Consumer Electronics,Tulsa,Oklahoma,US,74115
BLAKE'S AV SOLUTIONS LLC,blakesav.com,blakesav.com,,,Consumer Electronics,Tulsa,Oklahoma,US,74145
BLUESPEED,bluespeedllc.com,bluespeedllc.com,,,Consumer Electronics,Tulsa,Oklahoma,US,74145
Blue Couch Studio,bluecouchstudio.com,bluecouchstudio.com,,,Consumer Electronics,Tulsa,Oklahoma,US,74120
"Clark Audio, Visual, Lighting & DJ Service",clarkavl.com,clarkavl.com,,,Consumer Electronics,Tulsa,Oklahoma,US,74132
Direct Communications Inc,directok.com,directok.com,,,Consumer Electronics,Tulsa,Oklahoma,US,74133
Dynamic Audio,dynamicaudiotulsa.com,dynamicaudiotulsa.com,,,Consumer Electronics,Tulsa,Oklahoma,US,74119
Elevate Audio Visual,elevate-av.com,elevate-av.com,,,Consumer Electronics,Tulsa,Oklahoma,US,74146
Elliott Electric Supply,elliottelectric.com,elliottelectric.com,https://www.linkedin.com/company/elliott-electric-supply,,Consumer Electronics,Tulsa,Oklahoma,US,74129
Empire Events & AV,empireoklahoma.com,empireoklahoma.com,,,Consumer Electronics,Tulsa,Oklahoma,US,74104
Enovation Controls,enovationcontrols.com,enovationcontrols.com,https://www.linkedin.com/company/enovationcontrols,,Consumer Electronics,Tulsa,Oklahoma,US,74146
Evo Smart Security,evosmartsecurity.io,evosmartsecurity.io,https://www.linkedin.com/company/evo-automation,,Consumer Electronics,Tulsa,Oklahoma,US,74137
"Industrial Controls of Oklahoma, LLC",ico-inc.com,ico-inc.com,,,Consumer Electronics,Tulsa,Oklahoma,US,74112
Infinity Home Services,callinfinity.com,callinfinity.com,,,Consumer Electronics,Tulsa,Oklahoma,US,74146
"Integration at Work, AV",iatwork.net,iatwork.net,,,Consumer Electronics,Tulsa,Oklahoma,US,74133
Integrity Lighting Inc,integritylighting.com,integritylighting.com,,,Consumer Electronics,Tulsa,Oklahoma,US,74115
Intent Productions,intentfilms.com,intentfilms.com,,,Consumer Electronics,Tulsa,Oklahoma,US,74103
KAZAR Audio Video,kazaraudiovideo.com,kazaraudiovideo.com,,,Consumer Electronics,Tulsa,Oklahoma,US,74120
Kazar Security,kazarsecurity.com,kazarsecurity.com,,,Consumer Electronics,Tulsa,Oklahoma,US,74120
"Kouland Technology, Inc",koulandtechnology.com,koulandtechnology.com,,,Consumer Electronics,Tulsa,Oklahoma,US,74146
"LawFX, a division of Industrial3D",lawfx.com,lawfx.com,,,Consumer Electronics,Tulsa,Oklahoma,US,74103
Lektron Branding Solutions,lektroninc.com,lektroninc.com,,,Consumer Electronics,Tulsa,Oklahoma,US,74145
"Lektron Lighting and Supply, Inc.",lektronlighting.com,lektronlighting.com,,,Consumer Electronics,Tulsa,Oklahoma,US,74116
Lighthouse Integrated Systems-Security Systems,listulsa.com,listulsa.com,,,Consumer Electronics,Tulsa,Oklahoma,US,74117
Limitless AVL,limitlessavl.com,limitlessavl.com,https://www.linkedin.com/company/limitlessavl,,Consumer Electronics,Tulsa,Oklahoma,US,74145
Media Concepts,mediaconcepts.tv,mediaconcepts.tv,,,Consumer Electronics,Tulsa,Oklahoma,US,74137
Newave Solutions - Managed It Services,newavesolutions.com,newavesolutions.com,https://www.linkedin.com/company/newave-solutions,,Consumer Electronics,Tulsa,Oklahoma,US,74105
Newave Technology of Tulsa,newavetulsa.com,newavetulsa.com,,,Consumer Electronics,Tulsa,Oklahoma,US,74146
"Performance Stage, Inc",performancestage.com,performancestage.com,,,Consumer Electronics,Tulsa,Oklahoma,US,74112
Phōs,phostulsa.com,phostulsa.com,,,Consumer Electronics,Tulsa,Oklahoma,US,74107
Quintessence Audio LLC,quintessence.com,quintessence.com,,,Consumer Electronics,Tulsa,Oklahoma,US,74104
Shade Co USA,shadecousa.com,shadecousa.com,,,Consumer Electronics,Tulsa,Oklahoma,US,74145
Signal Communications Inc.,signalmenow.com,signalmenow.com,,,Consumer Electronics,Tulsa,Oklahoma,US,74135
Stormfront Studios,stormfrontstudios.net,stormfrontstudios.net,,,Consumer Electronics,Tulsa,Oklahoma,US,74110
Tes Productions,tesproductions.com,tesproductions.com,https://www.linkedin.com/company/tes-productions,,Consumer Electronics,Tulsa,Oklahoma,US,74145
The Audio Planet,theaudioplanet.com,theaudioplanet.com,,,Consumer Electronics,Tulsa,Oklahoma,US,74137
Truex Lighting,truexlighting.com,truexlighting.com,,,Consumer Electronics,Tulsa,Oklahoma,US,74146
Tulsa Home + Design | Real Estate & Design Firm,tulsahomeanddesign.com,tulsahomeanddesign.com,,,Consumer Electronics,Tulsa,Oklahoma,US,74104
Tulsa Surveillance Technologies,tulsasurvtech.com,tulsasurvtech.com,,,Consumer Electronics,Tulsa,Oklahoma,US,74145
Tulsa Video Magazine,tulsalivestream.com,tulsalivestream.com,,,Consumer Electronics,Tulsa,Oklahoma,US,74145
Unique Audio Visual Rentals,uniqueavrentals.com,uniqueavrentals.com,,,Consumer Electronics,Tulsa,Oklahoma,US,74146
"Video Revolution, Inc.",videorevolution.com,videorevolution.com,,,Consumer Electronics,Tulsa,Oklahoma,US,74136
Witness Security | Broken Arrow Security Systems,witnessllc.com,witnessllc.com,,,Consumer Electronics,Tulsa,Oklahoma,US,74112
Amped Security,ampedsecurity.com,ampedsecurity.com,,,Consumer Electronics,Warr Acres,Oklahoma,US,73122
Advantage Audiovisual LLC,advantageaudio-visual.com,advantageaudio-visual.com,,,Consumer Electronics,Beaverton,Oregon,US,97006
Elite Home Audio Visual,eliteportland.com,eliteportland.com,,,Consumer Electronics,Beaverton,Oregon,US,97078
Hook Me Up Solutions,hookmeupsolutions.com,hookmeupsolutions.com,,,Consumer Electronics,Beaverton,Oregon,US,97006
KlassTech,klasstech.com,klasstech.com,,,Consumer Electronics,Beaverton,Oregon,US,97008
Paramount Security Solutions,pss-team.com,pss-team.com,,,Consumer Electronics,Beaverton,Oregon,US,97008
Pro Tech Solutions,protechpdx.com,protechpdx.com,https://www.linkedin.com/company/pro-tech-solutions-llc-pdx,,Consumer Electronics,Beaverton,Oregon,US,97008
RoomReady,roomready.com,roomready.com,https://www.linkedin.com/company/roomready,,Consumer Electronics,Beaverton,Oregon,US,97006
Tekology Inc.,tekologyinc.com,tekologyinc.com,,,Consumer Electronics,Beaverton,Oregon,US,97008
Ace of Hearts Films,aceofheartsfilms.com,aceofheartsfilms.com,,,Consumer Electronics,Bend,Oregon,US,97701
All-Systems Electric LLC,asebend.com,asebend.com,https://www.linkedin.com/company/all-systems-electric-llc,,Consumer Electronics,Bend,Oregon,US,97702
"Audio Video Design Group, dba Av Designs Now",avdesignsnow.com,avdesignsnow.com,,,Consumer Electronics,Bend,Oregon,US,97701
Central Oregon Audio Video,centraloregonav.com,centraloregonav.com,,,Consumer Electronics,Bend,Oregon,US,97702
"DH Builders, Inc.",dh-builders.com,dh-builders.com,,,Consumer Electronics,Bend,Oregon,US,97702
Enhance AV,enhanceav.net,enhanceav.net,https://www.linkedin.com/company/enhanceav,,Consumer Electronics,Bend,Oregon,US,97702
Hand in Hand Productions,handinhandproductions.com,handinhandproductions.com,https://www.linkedin.com/company/hand-in-hand-productions,,Consumer Electronics,Bend,Oregon,US,97701
Home System Solutions,hssbend.com,hssbend.com,,,Consumer Electronics,Bend,Oregon,US,97701
"Innovate, Security for Life Inc.",innovatesfl.com,innovatesfl.com,,,Consumer Electronics,Bend,Oregon,US,97701
Omega Media Solutions LLC,omegamediasolutions.com,omegamediasolutions.com,,,Consumer Electronics,Bend,Oregon,US,97702
REVEL Pro AV and Acoustics,revelproav.com,revelproav.com,,,Consumer Electronics,Bend,Oregon,US,97701
"SMART CONTRACTORS GROUP, LLC",smartcontractorsgroup.com,smartcontractorsgroup.com,,,Consumer Electronics,Bend,Oregon,US,97703
Safe & Sound Alarm Systems,safeandsound.systems,safeandsound.systems,,,Consumer Electronics,Bend,Oregon,US,97701
SecuraCore,mysecuracore.com,mysecuracore.com,,,Consumer Electronics,Bend,Oregon,US,97701
Sensible Audio Solutions,sensibleaudiosolutions.com,sensibleaudiosolutions.com,,,Consumer Electronics,Bend,Oregon,US,97702
Sera Custom Integrators,seracustomintegrators.com,seracustomintegrators.com,https://www.linkedin.com/company/sera-custom-integrators,,Consumer Electronics,Bend,Oregon,US,97702
Sounds Fast,soundsfast.net,soundsfast.net,,,Consumer Electronics,Bend,Oregon,US,97701
Stereo Planet,stereoplanet.com,stereoplanet.com,,,Consumer Electronics,Bend,Oregon,US,97703
Tailored Audio Video,tailoredaudiovideo.com,tailoredaudiovideo.com,https://www.linkedin.com/company/tailoredaudiovideo,,Consumer Electronics,Bend,Oregon,US,97703
Technology Design Associates,techdesignassociates.com,techdesignassociates.com,https://www.linkedin.com/company/technology-design-associates,,Consumer Electronics,Bend,Oregon,US,97701
Yates Sound System,bendsecuritycameras.com,bendsecuritycameras.com,,,Consumer Electronics,Bend,Oregon,US,97701
Accurate Electronic Interiors,aeinteriors.com,aeinteriors.com,,,Consumer Electronics,Central Point,Oregon,US,97502
Velara,experiencevelara.com,experiencevelara.com,https://www.linkedin.com/company/expvelara,,Consumer Electronics,Clackamas,Oregon,US,97015
"Eighteen Group, LLC",eighteengroup.com,eighteengroup.com,,,Consumer Electronics,Damascus,Oregon,US,97089
Homesafe Living Solutions,homesafelivingsolutions.com,homesafelivingsolutions.com,,,Consumer Electronics,Damascus,Oregon,US,97089
Delta AV,deltaav.com,deltaav.com,,,Consumer Electronics,Gresham,Oregon,US,97030
Soundguy Productions,prosoundguy.com,prosoundguy.com,,,Consumer Electronics,Gresham,Oregon,US,97030
Tone Proper,toneproper.com,toneproper.com,,,Consumer Electronics,Gresham,Oregon,US,97030
R&D Audio Video Inc,rdaudiovideo.com,rdaudiovideo.com,,,Consumer Electronics,Hillsboro,Oregon,US,97124
Gorge Audio Video / AV Automation Pros,avautomationpros.com,avautomationpros.com,,,Consumer Electronics,Hood River,Oregon,US,97031
A-1 Installations NW LLC,a-1installations.com,a-1installations.com,,,Consumer Electronics,Lake Oswego,Oregon,US,97035
AC ELECTRICAL CONTRACTOR LLC,acelectricalcontractorllc.com,acelectricalcontractorllc.com,,,Consumer Electronics,Lake Oswego,Oregon,US,97035
ATS,atsdata.com,atsdata.com,,,Consumer Electronics,Lake Oswego,Oregon,US,97035
AV Awakenings,avawakenings.com,avawakenings.com,,,Consumer Electronics,Lake Oswego,Oregon,US,97034
Clarity Media Group,claritymediagroup.net,claritymediagroup.net,,,Consumer Electronics,Lake Oswego,Oregon,US,97035
Concept Systems Inc,conceptsystemsinc.com,conceptsystemsinc.com,,,Consumer Electronics,Lake Oswego,Oregon,US,97035
In Your Home,iyhusa.com,iyhusa.com,,,Consumer Electronics,Lake Oswego,Oregon,US,97035
KEY Home Furnishings,keyhomefurnishings.com,keyhomefurnishings.com,,,Consumer Electronics,Lake Oswego,Oregon,US,97035
Lakeside Heating & Cooling,lakesidehc.com,lakesidehc.com,,,Consumer Electronics,Lake Oswego,Oregon,US,97035
Living at Home Services,livingathomeservices.com,livingathomeservices.com,,,Consumer Electronics,Lake Oswego,Oregon,US,97035
Metafi Audio,metafiaudio.com,metafiaudio.com,,,Consumer Electronics,Lake Oswego,Oregon,US,97035
Pacific Networks,pacnetworks.com,pacnetworks.com,,,Consumer Electronics,Lake Oswego,Oregon,US,97035
Point Monitor Corporation,pointmonitor.com,pointmonitor.com,https://www.linkedin.com/company/point-monitor-corp,,Consumer Electronics,Lake Oswego,Oregon,US,97035
Quailtech,quailtech.com,quailtech.com,,,Consumer Electronics,Lake Oswego,Oregon,US,97035
audiosource,audiosource.net,audiosource.net,,,Consumer Electronics,Lake Oswego,Oregon,US,97035
Innova NW,innovanw.com,innovanw.com,,,Consumer Electronics,McMinnville,Oregon,US,97128
Evolved Home,evolved-home.com,evolved-home.com,,,Consumer Electronics,Milwaukie,Oregon,US,97222
NetworksPDX,networkspdx.com,networkspdx.com,https://www.linkedin.com/company/18796317,,Consumer Electronics,Milwaukie,Oregon,US,97222
Oregon Outdoor Lighting,oregonoutdoorlighting.com,oregonoutdoorlighting.com,https://www.linkedin.com/company/oregonoutdoorlighting,,Consumer Electronics,Oregon City,Oregon,US,97045
Quality Install,quality-install.com,quality-install.com,,,Consumer Electronics,Oregon City,Oregon,US,97045
"AK Systems, LLC",ak.systems,ak.systems,,,Consumer Electronics,Portland,Oregon,US,97229
AV Rental Services,avrentalservices.com,avrentalservices.com,,,Consumer Electronics,Portland,Oregon,US,97211
AVP Media,avpmedia.com,avpmedia.com,,,Consumer Electronics,Portland,Oregon,US,97206
Accend Audio,accendaudio.com,accendaudio.com,,,Consumer Electronics,Portland,Oregon,US,97215
Allison Smith Design,allisonsmithdesign.com,allisonsmithdesign.com,,,Consumer Electronics,Portland,Oregon,US,97239
Audiosiege,audiosiege.com,audiosiege.com,,,Consumer Electronics,Portland,Oregon,US,97214
Bastian Solutions Oregon,toyota-automated-logistics.com,toyota-automated-logistics.com,https://www.linkedin.com/company/toyotaautomatedlogistics,,Consumer Electronics,Portland,Oregon,US,97212
Bridge City Media,bridgecitymedia.com,bridgecitymedia.com,https://www.linkedin.com/company/bridge-city-media,,Consumer Electronics,Portland,Oregon,US,97227
Car Toys,cartoysoregon.com,cartoysoregon.com,,,Consumer Electronics,Portland,Oregon,US,97086
Central Electronic Alarm Inc,centralelectronicalarm.com,centralelectronicalarm.com,,,Consumer Electronics,Portland,Oregon,US,97216
Chelsea Audio Video,chelseaaudiovideo.com,chelseaaudiovideo.com,,,Consumer Electronics,Portland,Oregon,US,97223
Control Voltage,controlvoltage.net,controlvoltage.net,,,Consumer Electronics,Portland,Oregon,US,97227
Cook Solutions Group,cooksolutionsgroup.com,cooksolutionsgroup.com,,,Consumer Electronics,Portland,Oregon,US,97220
"Design Sound NW, Inc.",designsoundnw.com,designsoundnw.com,,,Consumer Electronics,Portland,Oregon,US,97206
Digital One,digone.com,digone.com,,,Consumer Electronics,Portland,Oregon,US,97201
Echo Audio,echohifi.com,echohifi.com,,,Consumer Electronics,Portland,Oregon,US,97221
Encore Audio Video,encoreaudiovideo.com,encoreaudiovideo.com,,,Consumer Electronics,Portland,Oregon,US,97209
Fred's Sound Of Music Audio Video Inc.,fredsoundofmusic.com,fredsoundofmusic.com,,,Consumer Electronics,Portland,Oregon,US,97214
Huser Integrated Technologies,huserintegrated.com,huserintegrated.com,,,Consumer Electronics,Portland,Oregon,US,97209
IOTAS Home,iotashome.com,iotashome.com,https://www.linkedin.com/company/everon-solutions,,Consumer Electronics,Portland,Oregon,US,97209
Invisible Harness LLC - Video Production for the Arts and Education,invisibleharness.com,invisibleharness.com,,,Consumer Electronics,Portland,Oregon,US,97214
LUMA Lighting Design,lumald.com,lumald.com,https://www.linkedin.com/company/luma-lighting-design,,Consumer Electronics,Portland,Oregon,US,97204
Left Mind Media,leftmindmedia.com,leftmindmedia.com,,,Consumer Electronics,Portland,Oregon,US,97232
Lounge Lizard,pdxloungelizard.com,pdxloungelizard.com,,,Consumer Electronics,Portland,Oregon,US,97214
Lupen Systems,lupensystems.com,lupensystems.com,,,Consumer Electronics,Portland,Oregon,US,97217
Musicar Northwest,musicarnw.com,musicarnw.com,,,Consumer Electronics,Portland,Oregon,US,97202
"New West Technologies, Inc.",nwt365.com,nwt365.com,,,Consumer Electronics,Portland,Oregon,US,97206
Northwest Automation Products,nwaproducts.com,nwaproducts.com,,,Consumer Electronics,Portland,Oregon,US,97223
Ohm Systems: A Christenson Company,ohmsystems.com,ohmsystems.com,https://www.linkedin.com/company/ohm-systems-llc,,Consumer Electronics,Portland,Oregon,US,97214
Omni Wire Security | Security System Installation Portland,omniwireinc.com,omniwireinc.com,https://www.linkedin.com/company/wix-com,,Consumer Electronics,Portland,Oregon,US,97233
Pearl Audio,pearlaudio.com,pearlaudio.com,,,Consumer Electronics,Portland,Oregon,US,97209
People's AV Company,peoplesav.com,peoplesav.com,,,Consumer Electronics,Portland,Oregon,US,97214
Phillips Alarm,phillipsalarm.com,phillipsalarm.com,https://www.linkedin.com/company/phillips-electronics-alarm,,Consumer Electronics,Portland,Oregon,US,97219
Picture This Production Services - Equipment Rentals,pixthis.com,pixthis.com,,,Consumer Electronics,Portland,Oregon,US,97232
"Prime Integration Systems, Inc",primeintegrationsystems.com,primeintegrationsystems.com,,,Consumer Electronics,Portland,Oregon,US,97236
Pro Connect Group,pcg.live,pcg.live,,,Consumer Electronics,Portland,Oregon,US,97206
Pro Sound & Lighting,prosoundonline.com,prosoundonline.com,,,Consumer Electronics,Portland,Oregon,US,97214
Projectus,projectus.com,projectus.com,,,Consumer Electronics,Portland,Oregon,US,97224
R&S Automation Inc.,rsoperators.com,rsoperators.com,https://www.linkedin.com/company/15560668,,Consumer Electronics,Portland,Oregon,US,97266
Seamless Event Solutions,seamlessevents.com,seamlessevents.com,,,Consumer Electronics,Portland,Oregon,US,97214
Setmore,setmore.com,setmore.com,,,Consumer Electronics,Portland,Oregon,US,97214
Smart IT Firm,smartitfirm.com,smartitfirm.com,,,Consumer Electronics,Portland,Oregon,US,97223
Stereotypes Audio,stereotypesaudio.com,stereotypesaudio.com,,,Consumer Electronics,Portland,Oregon,US,97214
"Technology First, LLC",technologyfirstllcportland.com,technologyfirstllcportland.com,,,Consumer Electronics,Portland,Oregon,US,97211
The AV Department,theavdept.com,theavdept.com,,,Consumer Electronics,Portland,Oregon,US,97212
True Audiophile,trueaudiophile.com,trueaudiophile.com,,,Consumer Electronics,Portland,Oregon,US,97212
Visual+Aid Productions,visualaid.com,visualaid.com,,,Consumer Electronics,Portland,Oregon,US,97239
Young Electric LLC,youngelectricco.com,youngelectricco.com,,,Consumer Electronics,Portland,Oregon,US,97225
Zidy,zidy.com,zidy.com,,,Consumer Electronics,Portland,Oregon,US,97214
Audio Visions Plus,audiovisionsplus.com,audiovisionsplus.com,,,Consumer Electronics,Redmond,Oregon,US,97756
Novus AV,novusav.com,novusav.com,,,Consumer Electronics,Scappoose,Oregon,US,97056
Ambient Automations,ambientautomation.com,ambientautomation.com,,,Consumer Electronics,Tigard,Oregon,US,97223
Cache Valley Electric,cve.com,cve.com,https://www.linkedin.com/company/cachevalleyelectric,,Consumer Electronics,Tigard,Oregon,US,97223
Sun Glow Inc.,sunglowinc.com,sunglowinc.com,,,Consumer Electronics,Tigard,Oregon,US,97223
Winsome Construction,winsomeconstruction.com,winsomeconstruction.com,,,Consumer Electronics,Tigard,Oregon,US,97224
May Technologies Inc,ccblookup.com,ccblookup.com,,,Consumer Electronics,Troutdale,Oregon,US,97060
Leon’s Automatic Gates & Security,leonsgates.com,leonsgates.com,,,Consumer Electronics,Tualatin,Oregon,US,97062
Myriad Home Entertainment Solutions,myriadhes.com,myriadhes.com,,,Consumer Electronics,West Linn,Oregon,US,97068
Aperion Audio,aperionaudio.com,aperionaudio.com,,,Consumer Electronics,Wilsonville,Oregon,US,97070
Lutron Electronics,lutron.com,lutron.com,,,Consumer Electronics,Alburtis,Pennsylvania,US,18011
All Systems Go AV,allsystemsgoav.com,allsystemsgoav.com,,,Consumer Electronics,Bensalem,Pennsylvania,US,19020
Innovative Audio Video Designs,innovativeavd.com,innovativeavd.com,https://www.linkedin.com/company/innovativeavd,,Consumer Electronics,Bensalem,Pennsylvania,US,19020
A/V Solutions LLC,pasound.com,pasound.com,,,Consumer Electronics,Biglerville,Pennsylvania,US,17307
Intelligent Electronic Systems,iespgh.com,iespgh.com,,,Consumer Electronics,Bridgeville,Pennsylvania,US,15017
Phoenix A/V Specialists,phoenixav.com,phoenixav.com,,,Consumer Electronics,Broomall,Pennsylvania,US,19008
Visual Sound Inc,visualsound.com,visualsound.com,https://www.linkedin.com/company/visual-sound,,Consumer Electronics,Broomall,Pennsylvania,US,19008
Home Remodeling Pros of Central PA LLC,homeprosofcentralpa.com,homeprosofcentralpa.com,,,Consumer Electronics,Camp Hill,Pennsylvania,US,17011
R. T. Grim Company,rtgrim.com,rtgrim.com,,,Consumer Electronics,Camp Hill,Pennsylvania,US,17011
Goosebumps Inc.,goosebumpshome.com,goosebumpshome.com,https://www.linkedin.com/company/goosebumpshome,,Consumer Electronics,Canonsburg,Pennsylvania,US,15317
Custom Audio Works,customaudiopgh.com,customaudiopgh.com,,,Consumer Electronics,Carnegie,Pennsylvania,US,15106
Uprise Audio Video,upriseaudiovideo.com,upriseaudiovideo.com,,,Consumer Electronics,Carnot-Moon,Pennsylvania,US,15108
Future Communications,futurecommunications.biz,futurecommunications.biz,,,Consumer Electronics,Cecil-Bishop,Pennsylvania,US,15321
Wired Integrations,wiredintegrations.com,wiredintegrations.com,,,Consumer Electronics,Chambersburg,Pennsylvania,US,17202
OxAudio,oxaudio.com,oxaudio.com,,,Consumer Electronics,Cheltenham Village,Pennsylvania,US,19012
Profound Technologies,profound-tech.com,profound-tech.com,,,Consumer Electronics,Chester Springs,Pennsylvania,US,19425
The Sound Station,dumpyourcable.com,dumpyourcable.com,,,Consumer Electronics,Cokeburg,Pennsylvania,US,15324
Creative Systems USA,creativesystemsusa.com,creativesystemsusa.com,https://www.linkedin.com/company/creative-systems-usa-llc,,Consumer Electronics,Collegeville,Pennsylvania,US,19426
"Epic Tech Group, Inc",epictechgrp.com,epictechgrp.com,,,Consumer Electronics,Collingdale,Pennsylvania,US,19023
Artistic Video & Sound,artisticvs.com,artisticvs.com,https://www.linkedin.com/company/artisticvs,,Consumer Electronics,Coopersburg,Pennsylvania,US,18036
TheaterXtreme,txpgh.com,txpgh.com,,,Consumer Electronics,Cranberry Twp,Pennsylvania,US,16066
"Uproot Creative Services, LLC.",uprootcreativeservices.com,uprootcreativeservices.com,,,Consumer Electronics,Dillsburg,Pennsylvania,US,17019
Haverford Systems Inc.,haverford.com,haverford.com,,,Consumer Electronics,Downingtown,Pennsylvania,US,19335
Innovative Controls Inc,innovativecontrolsinc.com,innovativecontrolsinc.com,https://www.linkedin.com/company/innovative-controls-inc,,Consumer Electronics,East Pittsburgh,Pennsylvania,US,15112
Mondo Media Solutions,mmsproav.com,mmsproav.com,https://www.linkedin.com/company/mmsproav,,Consumer Electronics,Essington,Pennsylvania,US,19029
"Phoenix Security Systems, Inc.",phxsec.com,phxsec.com,,,Consumer Electronics,Essington,Pennsylvania,US,19029
Audio Video Consultants,avccom.com,avccom.com,,,Consumer Electronics,Exton,Pennsylvania,US,19341
Surround Sounds,surroundsounds.com,surroundsounds.com,,,Consumer Electronics,Exton,Pennsylvania,US,19341
"Video Visions, Inc.",video-visions.com,video-visions.com,,,Consumer Electronics,Feasterville-Trevose,Pennsylvania,US,19053
Loxone US Inc.,loxone.com,loxone.com,,,Consumer Electronics,Garnet Valley,Pennsylvania,US,19060
SoundWaves Custom Home Integration,s-waves.com,s-waves.com,,,Consumer Electronics,Gladwyne,Pennsylvania,US,19035
Automated Digital Homes,automateddigitalhomes.com,automateddigitalhomes.com,,,Consumer Electronics,Glen Mills,Pennsylvania,US,19342
"Today's Home & Leisure Products, Inc",thlproducts.com,thlproducts.com,,,Consumer Electronics,Hampden Township,Pennsylvania,US,17050
Audio & Visual Entertainment,audioandvisualentertainment.com,audioandvisualentertainment.com,,,Consumer Electronics,Hanover,Pennsylvania,US,17331
Nye Technical Services,nyetechnicalservices.com,nyetechnicalservices.com,https://www.linkedin.com/company/nye-technical-services,,Consumer Electronics,Harmony,Pennsylvania,US,16037
AMJ Electrical Services LLC,amjelectricalservices.com,amjelectricalservices.com,,,Consumer Electronics,Harrisburg,Pennsylvania,US,17111
Above Da Rim,abovedarim.com,abovedarim.com,,,Consumer Electronics,Harrisburg,Pennsylvania,US,17104
Acclaim Systems Inc,acclaimsystems.com,acclaimsystems.com,,,Consumer Electronics,Harrisburg,Pennsylvania,US,17101
Anderson Audio,andersonaudio.com,andersonaudio.com,,,Consumer Electronics,Harrisburg,Pennsylvania,US,17111
Automated Logic - Harrisburg Branch,branches.automatedlogic.com,branches.automatedlogic.com,,,Consumer Electronics,Harrisburg,Pennsylvania,US,17112
Cumberland Electronics Strategic Supply Solutions (CE3S),ce3s.com,ce3s.com,https://www.linkedin.com/company/cumberland-electronics-strategic-supply-solutions,,Consumer Electronics,Harrisburg,Pennsylvania,US,17111
Custer Sound Services,custersound.com,custersound.com,,,Consumer Electronics,Harrisburg,Pennsylvania,US,17111
Edwin L. Heim Company,edwinlheim.com,edwinlheim.com,,,Consumer Electronics,Harrisburg,Pennsylvania,US,17111
FCI Technologies Group,fcitechgroup.com,fcitechgroup.com,https://www.linkedin.com/company/fcitechgroup,,Consumer Electronics,Harrisburg,Pennsylvania,US,17111
G.R. Sponaugle & Sons Inc.,grsponaugle.com,grsponaugle.com,,,Consumer Electronics,Harrisburg,Pennsylvania,US,17111
GES Automation Technology,ges-automation.com,ges-automation.com,,,Consumer Electronics,Harrisburg,Pennsylvania,US,17111
Gamut Theatre Group,gamuttheatre.org,gamuttheatre.org,,,Consumer Electronics,Harrisburg,Pennsylvania,US,17101
HB McClure/HB Home Service Team,hbmcclure.com,hbmcclure.com,https://www.linkedin.com/company/hb-home-services,,Consumer Electronics,Harrisburg,Pennsylvania,US,17104
Haller Enterprises,hallerent.com,hallerent.com,,,Consumer Electronics,Harrisburg,Pennsylvania,US,17111
"Home to Stay, Inc.",hometostaypa.com,hometostaypa.com,,,Consumer Electronics,Harrisburg,Pennsylvania,US,17112
"JP Lilley & Son, Inc.",jplilley.com,jplilley.com,,,Consumer Electronics,Harrisburg,Pennsylvania,US,17102
Klock Entertainment,klockentertainment.com,klockentertainment.com,,,Consumer Electronics,Harrisburg,Pennsylvania,US,17112
MI Windows & Doors LLC,miwindows.com,miwindows.com,,,Consumer Electronics,Harrisburg,Pennsylvania,US,17110
McClure Company,mcclureco.com,mcclureco.com,https://www.linkedin.com/company/mcclure-company,,Consumer Electronics,Harrisburg,Pennsylvania,US,17110
Media Solutions,mediamadeeasy.com,mediamadeeasy.com,https://www.linkedin.com/company/media-solutions---media-made-easy,,Consumer Electronics,Harrisburg,Pennsylvania,US,17111
Mister Systems LLC,mistersystems.net,mistersystems.net,,,Consumer Electronics,Harrisburg,Pennsylvania,US,17112
"Momentum Sound & Media, LLC",momentumsound.com,momentumsound.com,,,Consumer Electronics,Harrisburg,Pennsylvania,US,17112
N-Home A/V,nhomeav.com,nhomeav.com,,,Consumer Electronics,Harrisburg,Pennsylvania,US,17104
"Nexgen Automation, LLC",nexgenpa.com,nexgenpa.com,,,Consumer Electronics,Harrisburg,Pennsylvania,US,17111
Open Stage,openstagehbg.com,openstagehbg.com,,,Consumer Electronics,Harrisburg,Pennsylvania,US,17101
PA Entertainment Group,paentertainmentgroup.com,paentertainmentgroup.com,,,Consumer Electronics,Harrisburg,Pennsylvania,US,17103
Professional Sound Recording Studi LLC,prosoundrecordingstudios.com,prosoundrecordingstudios.com,,,Consumer Electronics,Harrisburg,Pennsylvania,US,17101
Schaedler Yesco Distribution,sydist.com,sydist.com,,,Consumer Electronics,Harrisburg,Pennsylvania,US,17111
Secure Home Care,securehomecareservices.com,securehomecareservices.com,,,Consumer Electronics,Harrisburg,Pennsylvania,US,17110
Securewire Technologies,securewiretech.com,securewiretech.com,,,Consumer Electronics,Harrisburg,Pennsylvania,US,17110
Shearer Locksmith Inc,shearersecurity.com,shearersecurity.com,,,Consumer Electronics,Harrisburg,Pennsylvania,US,17111
Yale Electric Supply Co.,yaleelectricsupply.com,yaleelectricsupply.com,,,Consumer Electronics,Harrisburg,Pennsylvania,US,17111
All Systems Audio & Video,allsystemsav.com,allsystemsav.com,,,Consumer Electronics,Hatboro,Pennsylvania,US,19040
Smart Home and HiFi,smarthomehifi.com,smarthomehifi.com,,,Consumer Electronics,Hatfield,Pennsylvania,US,19440
Tavor Security Systems,tavorsecurity.com,tavorsecurity.com,,,Consumer Electronics,Havertown,Pennsylvania,US,19083
Q'd Up,qd-up.com,qd-up.com,,,Consumer Electronics,Hummelstown,Pennsylvania,US,17036
Audio General,audiogeneral.com,audiogeneral.com,,,Consumer Electronics,Huntingdon Valley,Pennsylvania,US,19006
Hi Solutions - Philadelphia,hi.solutions,hi.solutions,,,Consumer Electronics,Huntingdon Valley,Pennsylvania,US,19006
Vortechs Automation Inc,vtxauto.com,vtxauto.com,,,Consumer Electronics,Huntingdon Valley,Pennsylvania,US,19006
BR Electric & Audio Visual,brelectricaudiovisual.com,brelectricaudiovisual.com,,,Consumer Electronics,Indiana,Pennsylvania,US,15701
Kinetics AV,kineticsav.com,kineticsav.com,,,Consumer Electronics,Jefferson Hills,Pennsylvania,US,15025
SoundXperience,soundxperience.com,soundxperience.com,https://www.linkedin.com/company/sound-xperience,,Consumer Electronics,Jenkintown,Pennsylvania,US,19046
Audio Visual Solutions,avmeetings.com,avmeetings.com,,,Consumer Electronics,King of Prussia,Pennsylvania,US,19406
JM Resources,jmresources.com,jmresources.com,https://www.linkedin.com/company/jm-resources,,Consumer Electronics,King of Prussia,Pennsylvania,US,19406
Netflix House Philadelphia,netflix.com,netflix.com,,,Consumer Electronics,King of Prussia,Pennsylvania,US,19406
B&B Integrations,bbintegrations.com,bbintegrations.com,,,Consumer Electronics,Lancaster,Pennsylvania,US,17602
Conklin Home Theater,conklinhometheater.com,conklinhometheater.com,,,Consumer Electronics,Lancaster,Pennsylvania,US,17603
TCW-GAV (TCW Computer Systems/Glick Audio & Video),tcw-gav.com,tcw-gav.com,,,Consumer Electronics,Lancaster,Pennsylvania,US,17601
Audiobahn Professional,audiobahn.net,audiobahn.net,,,Consumer Electronics,Lansdale,Pennsylvania,US,19446
Control Point Technology,control-point.com,control-point.com,,,Consumer Electronics,Lebanon,Pennsylvania,US,17042
Luma Lighting,lumapgh.com,lumapgh.com,https://www.linkedin.com/company/simply-automated,,Consumer Electronics,Leetsdale,Pennsylvania,US,15056
Simply Automated,sapgh.com,sapgh.com,https://www.linkedin.com/company/simply-automated,,Consumer Electronics,Leetsdale,Pennsylvania,US,15056
Creative Car-Tunes,creativecartunes.com,creativecartunes.com,,,Consumer Electronics,Lemoyne,Pennsylvania,US,17043
Omni Interactive Systems,omniisinc.com,omniisinc.com,,,Consumer Electronics,Lemoyne,Pennsylvania,US,17043
iAV Design,iavdesign.com,iavdesign.com,https://www.linkedin.com/company/intelligentavdesign,,Consumer Electronics,Lemoyne,Pennsylvania,US,17043
Clair Global - Product Manufacturing,clairglobal.com,clairglobal.com,,,Consumer Electronics,Lititz,Pennsylvania,US,17543
Stray Production Services,straypro.com,straypro.com,,,Consumer Electronics,Lititz,Pennsylvania,US,17543
JL Entertainment Designs,jlentertainmentdesigns.com,jlentertainmentdesigns.com,,,Consumer Electronics,Malvern,Pennsylvania,US,19355
Martin Communications,martincomm.com,martincomm.com,,,Consumer Electronics,McKees Rocks,Pennsylvania,US,15136
GT Sound & Tint,giatechllc.com,giatechllc.com,,,Consumer Electronics,Mechanicsburg,Pennsylvania,US,17055
Genesis Tech,genesistech.net,genesistech.net,https://www.linkedin.com/company/genesistechnet,,Consumer Electronics,Mechanicsburg,Pennsylvania,US,17055
Grimwood's Home Systems,grimwoodllc.com,grimwoodllc.com,,,Consumer Electronics,Mechanicsburg,Pennsylvania,US,17055
Hershey Audio Video Solutions,hershey.solutions,hershey.solutions,,,Consumer Electronics,Mechanicsburg,Pennsylvania,US,17055
World Premiere,worldpremiere.net,worldpremiere.net,,,Consumer Electronics,Mechanicsburg,Pennsylvania,US,17055
"Conexus, Inc.",conexuscommunity.com,conexuscommunity.com,https://www.linkedin.com/company/conexus-inc-bas-integrator-,,Consumer Electronics,Middletown,Pennsylvania,US,17057
"Illuminated Integration - Audio, Video, Lighting Company",illuminated-integration.com,illuminated-integration.com,,,Consumer Electronics,Middletown,Pennsylvania,US,17057
Solutions Audio/Video & Technology,solutionsavt.com,solutionsavt.com,,,Consumer Electronics,Mohnton,Pennsylvania,US,19540
World Wide Stereo,worldwidestereo.com,worldwidestereo.com,,,Consumer Electronics,Montgomeryville,Pennsylvania,US,18936
AV Innovations,avinnovationsllc.com,avinnovationsllc.com,https://www.linkedin.com/company/av-innovations-llc,,Consumer Electronics,Morgan,Pennsylvania,US,15064
Automated Lifestyles,automated-lifestyles.com,automated-lifestyles.com,https://www.linkedin.com/company/automated-lifestyles-llc,,Consumer Electronics,Mt Cobb,Pennsylvania,US,18436
Mind's Eye Audio/Video Productions,mindseyeaudiovideoproductions.com,mindseyeaudiovideoproductions.com,,,Consumer Electronics,New Columbia,Pennsylvania,US,17856
"Controls Service & Engineering Co., Inc. (CSE)",cse2222.com,cse2222.com,https://www.linkedin.com/company/cse2222,,Consumer Electronics,New Cumberland,Pennsylvania,US,17070
Affordable Audio and Video,affordableaudioandvideo.com,affordableaudioandvideo.com,,,Consumer Electronics,Newtown,Pennsylvania,US,18940
Delco Solutions,delcosolutions.com,delcosolutions.com,https://www.linkedin.com/company/delco-solutions,,Consumer Electronics,Newtown Square,Pennsylvania,US,19073
Industrial Controls Distributors,industrialcontrolsonline.com,industrialcontrolsonline.com,,,Consumer Electronics,Newtown Square,Pennsylvania,US,19073
ZNH Technologies,znhtechnologies.com,znhtechnologies.com,,,Consumer Electronics,Norristown,Pennsylvania,US,19401
"Runaway Productions, LLC",runawayrecordsproductions.com,runawayrecordsproductions.com,,,Consumer Electronics,Oakdale,Pennsylvania,US,15071
Texolve Digital Inc,texolve.com,texolve.com,,,Consumer Electronics,Oakmont,Pennsylvania,US,15139
Nestology.pro - smart home automation and security systems,nestology.pro,nestology.pro,https://www.linkedin.com/company/nestologypro,,Consumer Electronics,Palmyra,Pennsylvania,US,17078
A-Z Smart Home LLC,a-zsmarthome.com,a-zsmarthome.com,,,Consumer Electronics,Philadelphia,Pennsylvania,US,19102
A.C. Radio Supply Inc.,acradiosupply.com,acradiosupply.com,,,Consumer Electronics,Philadelphia,Pennsylvania,US,19145
"AV Rental Services, Inc.",audiovisualrenting.com,audiovisualrenting.com,https://www.linkedin.com/company/a-v-rental-services-inc-,,Consumer Electronics,Philadelphia,Pennsylvania,US,19137
All That Jazz Sound & Security,allthatjazzphilly.com,allthatjazzphilly.com,,,Consumer Electronics,Philadelphia,Pennsylvania,US,19131
Boyermah Electronics Services LLC.,boyermahelectronics.com,boyermahelectronics.com,,,Consumer Electronics,Philadelphia,Pennsylvania,US,19131
BridgeSet Sound,bridgesetsound.com,bridgesetsound.com,,,Consumer Electronics,Philadelphia,Pennsylvania,US,19147
"Complete Automation Controls, LLC",cac-llc.com,cac-llc.com,,,Consumer Electronics,Philadelphia,Pennsylvania,US,19146
D24K Productions,d24ksound.com,d24ksound.com,https://www.linkedin.com/company/d24k-productions,,Consumer Electronics,Philadelphia,Pennsylvania,US,19122
DeluxeTech LLC,deluxetechllc.com,deluxetechllc.com,,,Consumer Electronics,Philadelphia,Pennsylvania,US,19122
"E.L.I.T.E. Control & Design, LLC",elitecontrolanddesign.com,elitecontrolanddesign.com,,,Consumer Electronics,Philadelphia,Pennsylvania,US,19122
Expressway Cinema Rentals,expresswaycine.com,expresswaycine.com,,,Consumer Electronics,Philadelphia,Pennsylvania,US,19132
Hybrid Home Security - ADT Authorized Dealer,hybridhomesecurity.com,hybridhomesecurity.com,,,Consumer Electronics,Philadelphia,Pennsylvania,US,19115
InterAct Theatre Company at The Proscenium Theatre,interacttheatre.org,interacttheatre.org,,,Consumer Electronics,Philadelphia,Pennsylvania,US,19102
JAL Advanced Security & Automation - ADT Authorized Dealer,jalsecurity.com,jalsecurity.com,,,Consumer Electronics,Philadelphia,Pennsylvania,US,19114
Liberties Handyman Services,philadelphiahandyman.net,philadelphiahandyman.net,,,Consumer Electronics,Philadelphia,Pennsylvania,US,19102
NoLimiTech,nolimitech.com,nolimitech.com,,,Consumer Electronics,Philadelphia,Pennsylvania,US,19106
Panther Pro Audio,pantherproaudio.com,pantherproaudio.com,,,Consumer Electronics,Philadelphia,Pennsylvania,US,19120
"Philadelphia Sound Productions, Inc.",phillysound.com,phillysound.com,,,Consumer Electronics,Philadelphia,Pennsylvania,US,19143
Safe Protect,safeprotecthome.net,safeprotecthome.net,,,Consumer Electronics,Philadelphia,Pennsylvania,US,19138
Springboard Automation,springboardautomation.com,springboardautomation.com,,,Consumer Electronics,Philadelphia,Pennsylvania,US,19103
SuperHome Smart Home Solutions,yoursuperhome.com,yoursuperhome.com,,,Consumer Electronics,Philadelphia,Pennsylvania,US,19128
TV TRAP,tvtrap.com,tvtrap.com,,,Consumer Electronics,Philadelphia,Pennsylvania,US,19118
TeamTech Security,365teamtech.com,365teamtech.com,,,Consumer Electronics,Philadelphia,Pennsylvania,US,19116
Tha Tv Dude Tv Mounting Service,thatvdudellc.com,thatvdudellc.com,,,Consumer Electronics,Philadelphia,Pennsylvania,US,19134
VU World Smart Home,vuworld.net,vuworld.net,,,Consumer Electronics,Philadelphia,Pennsylvania,US,19134
"WYC Security Technology, INC",wycsecurity.com,wycsecurity.com,,,Consumer Electronics,Philadelphia,Pennsylvania,US,19107
Applied Video Technology (AVT),appliedvideo.com,appliedvideo.com,,,Consumer Electronics,Phoenixville,Pennsylvania,US,19460
ARM Security Systems,armsecurity-systems.com,armsecurity-systems.com,,,Consumer Electronics,Pittsburgh,Pennsylvania,US,15217
AVyze! Audio Visual Integrators,goavyze.com,goavyze.com,,,Consumer Electronics,Pittsburgh,Pennsylvania,US,15222
Alpine Advancements,alpineadvancements.com,alpineadvancements.com,,,Consumer Electronics,Pittsburgh,Pennsylvania,US,15237
Control Design Inc,controldesigninc.com,controldesigninc.com,,,Consumer Electronics,Pittsburgh,Pennsylvania,US,15275
Edward Simon Co,simonsound.com,simonsound.com,,,Consumer Electronics,Pittsburgh,Pennsylvania,US,15215
Elemental Home Theater,elementalhometheater.com,elementalhometheater.com,,,Consumer Electronics,Pittsburgh,Pennsylvania,US,15237
Fresh Tech Integrated,freshtech.me,freshtech.me,,,Consumer Electronics,Pittsburgh,Pennsylvania,US,15208
Graham Professional Sound & Video,grahamaudio.com,grahamaudio.com,,,Consumer Electronics,Pittsburgh,Pennsylvania,US,15237
HEARCORP,hearcorp.com,hearcorp.com,,,Consumer Electronics,Pittsburgh,Pennsylvania,US,15210
HomeConnect LLC,homeconnectllc.com,homeconnectllc.com,,,Consumer Electronics,Pittsburgh,Pennsylvania,US,15234
InventionHome,inventionhome.com,inventionhome.com,,,Consumer Electronics,Pittsburgh,Pennsylvania,US,15239
Kozi Media Design,kozimediadesign.com,kozimediadesign.com,https://www.linkedin.com/company/kozi-media-design,,Consumer Electronics,Pittsburgh,Pennsylvania,US,15235
"Lex Home Tech, LLC",lexhometech.com,lexhometech.com,https://www.linkedin.com/company/18383166,,Consumer Electronics,Pittsburgh,Pennsylvania,US,15212
Listen Hear Home Entertainment And Automation,listenhearsmarthomes.com,listenhearsmarthomes.com,,,Consumer Electronics,Pittsburgh,Pennsylvania,US,15232
NV5 Engineering & Technology,thesextantgroup.com,thesextantgroup.com,,,Consumer Electronics,Pittsburgh,Pennsylvania,US,15233
Northern Audio,northernaudio.com,northernaudio.com,https://www.linkedin.com/company/northern-audio,,Consumer Electronics,Pittsburgh,Pennsylvania,US,15237
"PGH A/V Solutions, LLC.",stevemaffeijr.com,stevemaffeijr.com,,,Consumer Electronics,Pittsburgh,Pennsylvania,US,15223
"Pittsburgh Controls & Consulting, Inc.",pittsburghcontrols.com,pittsburghcontrols.com,https://www.linkedin.com/company/pcc-solutions,,Consumer Electronics,Pittsburgh,Pennsylvania,US,15237
Pittsburgh Custom Home Technologies,pghcustomht.com,pghcustomht.com,,,Consumer Electronics,Pittsburgh,Pennsylvania,US,15201
Red Spark Technology,redspark.tech,redspark.tech,,,Consumer Electronics,Pittsburgh,Pennsylvania,US,15238
Repco II Inc,repcoii.com,repcoii.com,,,Consumer Electronics,Pittsburgh,Pennsylvania,US,15216
Those TV Guys LLC,thosetvguys.com,thosetvguys.com,,,Consumer Electronics,Pittsburgh,Pennsylvania,US,15203
Sciens ESS Division,sciensusa.com,sciensusa.com,https://www.linkedin.com/company/sciensbuildingsolutions,,Consumer Electronics,Plymouth Meeting,Pennsylvania,US,19462
Nicholas Electric Co,nicholaselectric.com,nicholaselectric.com,,,Consumer Electronics,Rankin,Pennsylvania,US,15104
Sight & Sound Theatres,sight-sound.com,sight-sound.com,,,Consumer Electronics,Ronks,Pennsylvania,US,17572
Custom Connection Systems L.L.C.,ccspittsburgh.com,ccspittsburgh.com,,,Consumer Electronics,Sewickley,Pennsylvania,US,15143
Stereo Stereo,stereostereopgh.com,stereostereopgh.com,,,Consumer Electronics,Warrendale,Pennsylvania,US,15086
"Synergy Media Group - Pittsburgh, PA",synmediagroup.com,synmediagroup.com,,,Consumer Electronics,Warrendale,Pennsylvania,US,15086
Judge Audio Visual Solutions,judgeav.com,judgeav.com,,,Consumer Electronics,Wayne,Pennsylvania,US,19087
Elite Media Installations,elitemediainstallations.com,elitemediainstallations.com,,,Consumer Electronics,West View,Pennsylvania,US,15229
Cinemagic Home Theater,hometheaterpgh.com,hometheaterpgh.com,,,Consumer Electronics,Wexford,Pennsylvania,US,15090
Assorted Studios,assortedstudios.com,assortedstudios.com,,,Consumer Electronics,York,Pennsylvania,US,17401
"Electronic Systems Installers, Inc.",electronicsystemsinstallers.com,electronicsystemsinstallers.com,,,Consumer Electronics,York,Pennsylvania,US,17406
RS Automation Inc,rsautomationinc.com,rsautomationinc.com,,,Consumer Electronics,York,Pennsylvania,US,17406
The WireMD,thewiremd.com,thewiremd.com,,,Consumer Electronics,York,Pennsylvania,US,17403
Better Days Technology,betterdaystechnology.com,betterdaystechnology.com,,,Consumer Electronics,Bristol,Rhode Island,US,02809
Jon Mendel Sound,jonmendelsound.com,jonmendelsound.com,,,Consumer Electronics,Bristol,Rhode Island,US,02809
Superior Comfort Incorporated,superiorcomfortinc.com,superiorcomfortinc.com,https://www.linkedin.com/company/superior-comfort-inc-,,Consumer Electronics,Bristol,Rhode Island,US,02809
South County Sound and Video,scsv.net,scsv.net,,,Consumer Electronics,Charlestown,Rhode Island,US,02813
Ocean State Mechanical Inc,oceanstatemechanicalinc.com,oceanstatemechanicalinc.com,,,Consumer Electronics,Coventry,Rhode Island,US,02816
Phillips Electro Alarm & Telecomm LLC,phillipselectroalarmandtelecomm.com,phillipselectroalarmandtelecomm.com,,,Consumer Electronics,Coventry,Rhode Island,US,02816
B&K Electric,bandkelectric.net,bandkelectric.net,,,Consumer Electronics,Cranston,Rhode Island,US,02910
OPPS | On-Point Presentation Services,oppsav.com,oppsav.com,,,Consumer Electronics,Cranston,Rhode Island,US,02920
Shanix Technology Inc.,shanix.com,shanix.com,,,Consumer Electronics,Cranston,Rhode Island,US,02920
Providence Art Glass & Lighting,providenceartglass.com,providenceartglass.com,,,Consumer Electronics,Cumberland,Rhode Island,US,02864
Sean McVeigh Media,seanmcveighmedia.com,seanmcveighmedia.com,,,Consumer Electronics,Cumberland,Rhode Island,US,02864
StoryPulse Media,storypulsemedia.com,storypulsemedia.com,https://www.linkedin.com/company/storypulsemedia,,Consumer Electronics,Cumberland,Rhode Island,US,02864
Sound Technologies,sndtechnologies.com,sndtechnologies.com,,,Consumer Electronics,East Greenwich,Rhode Island,US,02818
Sonitrol New England - Rhode Island,sonitrolnewengland.com,sonitrolnewengland.com,,,Consumer Electronics,East Providence,Rhode Island,US,02915
SoundFX Home Theater Automation Audio Networking RI,soundfxhometheater.com,soundfxhometheater.com,,,Consumer Electronics,East Providence,Rhode Island,US,02914
Star Automation,starautomation.com,starautomation.com,https://www.linkedin.com/company/star-automation-inc,,Consumer Electronics,East Providence,Rhode Island,US,02914
Stereo Discount,sdcav.com,sdcav.com,,,Consumer Electronics,East Providence,Rhode Island,US,02914
Stereo Plus Inc,lojaportugalep.com,lojaportugalep.com,,,Consumer Electronics,East Providence,Rhode Island,US,02914
Vantage Lighting,vantageltg.com,vantageltg.com,,,Consumer Electronics,East Providence,Rhode Island,US,02916
iolabs,iolabsinc.com,iolabsinc.com,,,Consumer Electronics,East Providence,Rhode Island,US,02914
Lighting & Design By J&K Electric,jkelectric.com,jkelectric.com,,,Consumer Electronics,Johnston,Rhode Island,US,02919
New England Live Audio,neliveaudio.com,neliveaudio.com,,,Consumer Electronics,Johnston,Rhode Island,US,02919
Audio Dezign,audiodezign.com,audiodezign.com,,,Consumer Electronics,Middletown,Rhode Island,US,02842
Flint Audio Video,flint-audio.com,flint-audio.com,https://www.linkedin.com/company/flint-audio-video,,Consumer Electronics,Middletown,Rhode Island,US,02842
Innovative Home Systems,innovativehomes.net,innovativehomes.net,,,Consumer Electronics,Middletown,Rhode Island,US,02842
Newport Gates,newportgates.com,newportgates.com,,,Consumer Electronics,Middletown,Rhode Island,US,02842
Toner Electric Company,tonerelectric.com,tonerelectric.com,,,Consumer Electronics,Middletown,Rhode Island,US,02842
Speck Electric Smart Homes,speck-electric.com,speck-electric.com,,,Consumer Electronics,Narragansett,Rhode Island,US,02882
"FSTR By Automation, Inc.",fstr.city,fstr.city,,,Consumer Electronics,Newport,Rhode Island,US,02840
Homeport,homeportri.com,homeportri.com,,,Consumer Electronics,Newport,Rhode Island,US,02840
J. Arthur & Co.,jarthur.co,jarthur.co,https://www.linkedin.com/company/jarthurco,,Consumer Electronics,Newport,Rhode Island,US,02840
Stagecraft Audio,stagecraftaudio.com,stagecraftaudio.com,,,Consumer Electronics,Newport,Rhode Island,US,02840
TJ's Audio and Electronics,tjsaudionewport.com,tjsaudionewport.com,,,Consumer Electronics,Newport,Rhode Island,US,02840
Triangle Refrigeration & AC,triangleref.com,triangleref.com,,,Consumer Electronics,Newport,Rhode Island,US,02840
Constant Technologies,constanttech.com,constanttech.com,,,Consumer Electronics,North Kingstown,Rhode Island,US,02852
Wickford Appliance Sales & Service,wickfordappliance.com,wickfordappliance.com,,,Consumer Electronics,North Kingstown,Rhode Island,US,02852
A Continental Alarms,continentalalarmsri.com,continentalalarmsri.com,,,Consumer Electronics,North Providence,Rhode Island,US,02911
ADB Media,adbmedia.com,adbmedia.com,https://www.linkedin.com/company/adb-media,,Consumer Electronics,North Providence,Rhode Island,US,02911
AlexKProduction | Music Recording Studio - Providence RI,alexkproduction.com,alexkproduction.com,,,Consumer Electronics,North Providence,Rhode Island,US,02904
Block Island Alarm,blockislandalarm.com,blockislandalarm.com,,,Consumer Electronics,North Providence,Rhode Island,US,02911
"Compass IT Compliance, LLC",compassitc.com,compassitc.com,,,Consumer Electronics,North Providence,Rhode Island,US,02904
"Mobile Mic Studios, LLC",mobilemicstudios.com,mobilemicstudios.com,,,Consumer Electronics,North Providence,Rhode Island,US,02911
Premier Electrical Services and Generators,premierelectricalservicesllc.com,premierelectricalservicesllc.com,,,Consumer Electronics,North Providence,Rhode Island,US,02911
Security Solutions,kmss-us.com,kmss-us.com,,,Consumer Electronics,North Providence,Rhode Island,US,02911
Electronic Tech Security,etsecurity.net,etsecurity.net,,,Consumer Electronics,Pawtucket,Rhode Island,US,02860
Omni Technology Services,omnitechnologyusa.com,omnitechnologyusa.com,,,Consumer Electronics,Pawtucket,Rhode Island,US,02861
Simone Lukas-Jogl Rolfing,rolfing-providence.com,rolfing-providence.com,,,Consumer Electronics,Pawtucket,Rhode Island,US,02860
Aquidneck Island Technologies,aqtechri.com,aqtechri.com,https://www.linkedin.com/company/aq-techri,,Consumer Electronics,Portsmouth,Rhode Island,US,02871
ATR Treehouse,atrtreehouse.com,atrtreehouse.com,,,Consumer Electronics,Providence,Rhode Island,US,02904
Abernathy Lighting Design,abernathylightdesign.com,abernathylightdesign.com,,,Consumer Electronics,Providence,Rhode Island,US,02909
Attain Technology Inc.,attaintechnology.com,attaintechnology.com,,,Consumer Electronics,Providence,Rhode Island,US,02907
Controller Service Sales Co,controllerservice.com,controllerservice.com,https://www.linkedin.com/company/controller-service-&-sales-inc-,,Consumer Electronics,Providence,Rhode Island,US,02905
Crown Supply,crownsupply.com,crownsupply.com,,,Consumer Electronics,Providence,Rhode Island,US,02904
Deft Film | Video Production,deftfilm.com,deftfilm.com,,,Consumer Electronics,Providence,Rhode Island,US,02903
Focus Forward Media,focusforwardmedia.com,focusforwardmedia.com,,,Consumer Electronics,Providence,Rhode Island,US,02903
Grow Smart Rhode Island,growsmartri.org,growsmartri.org,,,Consumer Electronics,Providence,Rhode Island,US,02903
Just Audio,justaudiovideo.com,justaudiovideo.com,,,Consumer Electronics,Providence,Rhode Island,US,02907
LEDalux,ledalux.com,ledalux.com,,,Consumer Electronics,Providence,Rhode Island,US,02905
Mastro Electric Supply Co Inc,mastroelectric.com,mastroelectric.com,,,Consumer Electronics,Providence,Rhode Island,US,02907
No Sweat Techs,nosweattechs.com,nosweattechs.com,,,Consumer Electronics,Providence,Rhode Island,US,02903
OneGrid Energy Integration,onegrid.earth,onegrid.earth,,,Consumer Electronics,Providence,Rhode Island,US,02903
Primetimedigital,primetimedigital.com,primetimedigital.com,,,Consumer Electronics,Providence,Rhode Island,US,02905
Retail Solutions Inc,retailsolutions.com,retailsolutions.com,,,Consumer Electronics,Providence,Rhode Island,US,02903
Stellar Sound Labs,stellarsoundlabs.com,stellarsoundlabs.com,,,Consumer Electronics,Providence,Rhode Island,US,02906
Success Methodology,teamacuity.biz,teamacuity.biz,,,Consumer Electronics,Providence,Rhode Island,US,02908
The Lighting Shoppe,thelightingshoppe.com,thelightingshoppe.com,,,Consumer Electronics,Providence,Rhode Island,US,02904
Tops Electric Supply,topslighting.com,topslighting.com,,,Consumer Electronics,Providence,Rhode Island,US,02903
⭐ Remi IT Solutions | IT MSP | IT Support & Managed IT Services,remi-it.com,remi-it.com,,,Consumer Electronics,Providence,Rhode Island,US,02903
Ambient Sound Inc,ambientsound.com,ambientsound.com,,,Consumer Electronics,Warwick,Rhode Island,US,02886
Control Automation Group LLC,cag-ri.com,cag-ri.com,,,Consumer Electronics,Warwick,Rhode Island,US,02886
Crescendo AV,crescendo-av.com,crescendo-av.com,,,Consumer Electronics,Warwick,Rhode Island,US,02886
EPRAV,audiovisualservices.com,audiovisualservices.com,,,Consumer Electronics,Warwick,Rhode Island,US,02888
New England Custom Alarms,newenglandcustomalarms.com,newenglandcustomalarms.com,,,Consumer Electronics,Warwick,Rhode Island,US,02887
RI Home Security,rihomesecurity.com,rihomesecurity.com,,,Consumer Electronics,Warwick,Rhode Island,US,02888
Secure Future Tech Solutions,securefuturetech.com,securefuturetech.com,https://www.linkedin.com/company/pc-troubleshooters-inc.,,Consumer Electronics,Warwick,Rhode Island,US,02886
Software Que IT Solutions,softwareque.com,softwareque.com,,,Consumer Electronics,Warwick,Rhode Island,US,02886
SoundFX,soundfxonline.com,soundfxonline.com,,,Consumer Electronics,West Warwick,Rhode Island,US,02893
SoundFX AV,soundfxav.com,soundfxav.com,,,Consumer Electronics,West Warwick,Rhode Island,US,02893
Home Theater Inc,hometheaterofsc.com,hometheaterofsc.com,,,Consumer Electronics,Anderson,South Carolina,US,29625
WirePro AV - Audio Video and Smart Home Solutions,wireproav.com,wireproav.com,,,Consumer Electronics,Beaufort,South Carolina,US,29906
Advanced Audio Video Technologies,advancedaudiovideotechnologies.com,advancedaudiovideotechnologies.com,,,Consumer Electronics,Bluffton,South Carolina,US,29910
Advanced Integrated Controls,hiltonheadhometheater.com,hiltonheadhometheater.com,https://www.linkedin.com/company/5899062,,Consumer Electronics,Bluffton,South Carolina,US,29910
"Air Control Systems, LLC",aircontrolsystemsllc.com,aircontrolsystemsllc.com,,,Consumer Electronics,Bluffton,South Carolina,US,29910
Arc Angel Electric,arcangelelectric.com,arcangelelectric.com,https://www.linkedin.com/company/arc-angel-electric,,Consumer Electronics,Bluffton,South Carolina,US,29910
Audio Video Outfitters,avoutfitters.com,avoutfitters.com,,,Consumer Electronics,Bluffton,South Carolina,US,29910
CAV Integrated Home,cavintegratedhome.com,cavintegratedhome.com,https://www.linkedin.com/company/cavintegratedhome,,Consumer Electronics,Bluffton,South Carolina,US,29910
CS Thomas Construction,csthomasconstruction.com,csthomasconstruction.com,,,Consumer Electronics,Bluffton,South Carolina,US,29910
Kendrick Design-Build,kendrick.us,kendrick.us,,,Consumer Electronics,Bluffton,South Carolina,US,29910
Play Custom Home Technology,playhometechnology.com,playhometechnology.com,,,Consumer Electronics,Bluffton,South Carolina,US,29910
Summit Services,callsummitservices.com,callsummitservices.com,https://www.linkedin.com/company/summit-services-heating-and-air,,Consumer Electronics,Bluffton,South Carolina,US,29910
Vessel Audio,vesselaudio.com,vesselaudio.com,,,Consumer Electronics,Bluffton,South Carolina,US,29910
Electronic Security Solutions LLC,electronicsecuritysolutionsllc.com,electronicsecuritysolutionsllc.com,,,Consumer Electronics,Blythewood,South Carolina,US,29016
Integrated Media,integratedmediainc.com,integratedmediainc.com,,,Consumer Electronics,Chapin,South Carolina,US,29036
TekScene,tekscene.com,tekscene.com,,,Consumer Electronics,Chapin,South Carolina,US,29036
AV Connections,avconnectionssc.com,avconnectionssc.com,https://www.linkedin.com/company/av-connections,,Consumer Electronics,Charleston,South Carolina,US,29407
Accucom Integrations Group,accucomig.com,accucomig.com,,,Consumer Electronics,Charleston,South Carolina,US,29407
All Wiring Needs,allwiringneeds.com,allwiringneeds.com,,,Consumer Electronics,Charleston,South Carolina,US,29403
Audio Evolution,audioevolutionsc.com,audioevolutionsc.com,,,Consumer Electronics,Charleston,South Carolina,US,29407
Audio Warehouse,theaudiowarehouse.com,theaudiowarehouse.com,,,Consumer Electronics,Charleston,South Carolina,US,29407
Black Fedora Comedy Mystery Theatre and Shoppe,charlestonmysteries.com,charlestonmysteries.com,,,Consumer Electronics,Charleston,South Carolina,US,29401
"Car Audio, Radio and Security, Window Tint too",cars843.com,cars843.com,,,Consumer Electronics,Charleston,South Carolina,US,29492
Charleston AI,ai-chs.com,ai-chs.com,,,Consumer Electronics,Charleston,South Carolina,US,29492
Charleston Lighting and Interiors,charlestonlightingandinteriors.com,charlestonlightingandinteriors.com,,,Consumer Electronics,Charleston,South Carolina,US,29407
Custom Car Stereo,customcarstereosc.com,customcarstereosc.com,,,Consumer Electronics,Charleston,South Carolina,US,29407
Custom Home Sound,customhomesound.com,customhomesound.com,,,Consumer Electronics,Charleston,South Carolina,US,29412
Dock Street Theatre,charlestonstage.com,charlestonstage.com,,,Consumer Electronics,Charleston,South Carolina,US,29401
Fox Audio Visual,foxaudiovisual.com,foxaudiovisual.com,,,Consumer Electronics,Charleston,South Carolina,US,29405
Holy Automation,holyautomation.com,holyautomation.com,,,Consumer Electronics,Charleston,South Carolina,US,29412
Home Telecom - Daniel Island,homesc.com,homesc.com,https://www.linkedin.com/company/home-telephone-company,,Consumer Electronics,Charleston,South Carolina,US,29492
Meade Agency,meadeagency.cc,meadeagency.cc,,,Consumer Electronics,Charleston,South Carolina,US,29403
Palmetto Smart Home,palmettosmarthome.com,palmettosmarthome.com,,,Consumer Electronics,Charleston,South Carolina,US,29407
Portside Technology,portsidetechnology.com,portsidetechnology.com,,,Consumer Electronics,Charleston,South Carolina,US,29403
Primitive Success Group,primitivesuccessgroup.com,primitivesuccessgroup.com,,,Consumer Electronics,Charleston,South Carolina,US,29403
QEI Security and Technology,qeisecurity.com,qeisecurity.com,,,Consumer Electronics,Charleston,South Carolina,US,29492
Queen Street Playhouse: Home of the Footlight Players,footlightplayers.net,footlightplayers.net,,,Consumer Electronics,Charleston,South Carolina,US,29401
SNAP Integrations,snapintegrations.net,snapintegrations.net,,,Consumer Electronics,Charleston,South Carolina,US,29407
SOUTHEASTON Systems,southeastonsystems.com,southeastonsystems.com,,,Consumer Electronics,Charleston,South Carolina,US,29492
Sapience Automation,sapienceautomation.com,sapienceautomation.com,,,Consumer Electronics,Charleston,South Carolina,US,29492
Acoustical Design LLC,acousticaldesign.com,acousticaldesign.com,,,Consumer Electronics,Columbia,South Carolina,US,29210
As Told By | Video Storytelling South Carolina,astoldbyagency.com,astoldbyagency.com,,,Consumer Electronics,Columbia,South Carolina,US,29210
Carolina Smart Home - An ADT Authorized Dealer & Security System Installation,adtcarolinasmarthome.com,adtcarolinasmarthome.com,,,Consumer Electronics,Columbia,South Carolina,US,29210
"Carolina Wiring Service, LLC",wiredbycws.com,wiredbycws.com,,,Consumer Electronics,Columbia,South Carolina,US,29201
Easy Electric LLC,easyelectricalsolutions.com,easyelectricalsolutions.com,,,Consumer Electronics,Columbia,South Carolina,US,29205
Electric Control & Supply Inc,ecscolumbia.com,ecscolumbia.com,,,Consumer Electronics,Columbia,South Carolina,US,29203
Fogle & Sons Electric,fogleandsons.com,fogleandsons.com,,,Consumer Electronics,Columbia,South Carolina,US,29203
Intech Systems of South Carolina Inc,intechsystems-sc.com,intechsystems-sc.com,,,Consumer Electronics,Columbia,South Carolina,US,29223
KING Automation,kingautomation.com,kingautomation.com,,,Consumer Electronics,Columbia,South Carolina,US,29210
"Legends Security & Sound, Inc.",legendssecurity.com,legendssecurity.com,,,Consumer Electronics,Columbia,South Carolina,US,29223
Perry Mann Electric,columbia.portalced.com,columbia.portalced.com,,,Consumer Electronics,Columbia,South Carolina,US,29201
RAVE Installation LLC,raveinstallation.com,raveinstallation.com,,,Consumer Electronics,Columbia,South Carolina,US,29204
REI Automation Inc,hahnautomation.group,hahnautomation.group,https://www.linkedin.com/company/hahnautomationgroup,,Consumer Electronics,Columbia,South Carolina,US,29209
Studio-On-Main,studioonmainsc.com,studioonmainsc.com,,,Consumer Electronics,Columbia,South Carolina,US,29201
Vision Entertainment Sound and Lighting,vesoundcompany.com,vesoundcompany.com,,,Consumer Electronics,Columbia,South Carolina,US,29229
Weaver Systems Inc,weaversystems.com,weaversystems.com,,,Consumer Electronics,Columbia,South Carolina,US,29209
"XL Mediaworks, Inc",xlmediaworks.com,xlmediaworks.com,,,Consumer Electronics,Columbia,South Carolina,US,29223
Smarter Home of the Carolinas,smarterhomeofthecarolinas.com,smarterhomeofthecarolinas.com,,,Consumer Electronics,Conway,South Carolina,US,29527
Movement Audio Visual,movementav.net,movementav.net,,,Consumer Electronics,Duncan,South Carolina,US,29334
Sound and Lighting Solutions,soundnlightz.com,soundnlightz.com,,,Consumer Electronics,Easley,South Carolina,US,29642
AVD Pros,audiovideodata.com,audiovideodata.com,,,Consumer Electronics,Fort Mill,South Carolina,US,29708
Carolina Custom Automation,ccasecure.com,ccasecure.com,,,Consumer Electronics,Fort Mill,South Carolina,US,29708
Sight and Sound by Design LLC,sightandsound-av.com,sightandsound-av.com,,,Consumer Electronics,Fort Mill,South Carolina,US,29707
KYOCERA AVX Components Corporation,kyocera-avx.com,kyocera-avx.com,https://www.linkedin.com/company/kavxcorp,,Consumer Electronics,Fountain Inn,South Carolina,US,29644
ADP Security Systems,adpsecuritysystems.com,adpsecuritysystems.com,,,Consumer Electronics,Greenville,South Carolina,US,29607
AVL Solutions,avlsusa.com,avlsusa.com,,,Consumer Electronics,Greenville,South Carolina,US,29607
Anyone Home Inc. (SC),anyonehome.com,anyonehome.com,,,Consumer Electronics,Greenville,South Carolina,US,29607
Bilco Electric and Datacom - Security camera installations,bilcoelectric.com,bilcoelectric.com,,,Consumer Electronics,Greenville,South Carolina,US,29611
"Broadline - Greenville, SC",mybroadline.com,mybroadline.com,,,Consumer Electronics,Greenville,South Carolina,US,29615
Carolina Motion Controls,carolinamotioncontrols.com,carolinamotioncontrols.com,,,Consumer Electronics,Greenville,South Carolina,US,29607
CinemaQuest,cinema-quest.com,cinema-quest.com,,,Consumer Electronics,Greenville,South Carolina,US,29615
Classic Vintage Audio,classicvintageaudio.com,classicvintageaudio.com,,,Consumer Electronics,Greenville,South Carolina,US,29609
Don Jones Custom Home Stereo Inc,donjonesstereo.com,donjonesstereo.com,,,Consumer Electronics,Greenville,South Carolina,US,29607
Electric Soul,electricsoulcreative.com,electricsoulcreative.com,https://www.linkedin.com/company/electric-soul,,Consumer Electronics,Greenville,South Carolina,US,29607
Element Smart Control Systems,elementsmartcontrol.com,elementsmartcontrol.com,,,Consumer Electronics,Greenville,South Carolina,US,29605
Find TV Installer,findtvinstaller.com,findtvinstaller.com,https://www.linkedin.com/company/grandcentralwiring,,Consumer Electronics,Greenville,South Carolina,US,29608
Fusion Audio + Video,fusionaudiovideo.com,fusionaudiovideo.com,https://www.linkedin.com/company/fusion-systems,,Consumer Electronics,Greenville,South Carolina,US,29601
Gallery of Lighting,galleryoflighting.com,galleryoflighting.com,,,Consumer Electronics,Greenville,South Carolina,US,29607
Gexpro,gexpro.com,gexpro.com,https://www.linkedin.com/company/gexpro,,Consumer Electronics,Greenville,South Carolina,US,29607
Good Sense Automation,goodsenseautomation.com,goodsenseautomation.com,,,Consumer Electronics,Greenville,South Carolina,US,29601
Grand Central Wiring,grandcentralwiring.com,grandcentralwiring.com,https://www.linkedin.com/company/grandcentralwiring,,Consumer Electronics,Greenville,South Carolina,US,29608
Greenville Media,greenvillemedia.com,greenvillemedia.com,,,Consumer Electronics,Greenville,South Carolina,US,29615
Jeff Lynch Appliance and TV Center,jefflynch.com,jefflynch.com,,,Consumer Electronics,Greenville,South Carolina,US,29607
Kasted Design Group,getkasted.com,getkasted.com,,,Consumer Electronics,Greenville,South Carolina,US,29601
Koops Automation Systems,koops.com,koops.com,https://www.linkedin.com/company/koops-automation-systems,,Consumer Electronics,Greenville,South Carolina,US,29605
"Liquid Video Technologies, Inc.",liquidvideotechnologies.com,liquidvideotechnologies.com,https://www.linkedin.com/company/liquid-video-technologies-inc,,Consumer Electronics,Greenville,South Carolina,US,29615
Masters Car Stereo & Tint,masterscarstereo.com,masterscarstereo.com,,,Consumer Electronics,Greenville,South Carolina,US,29605
McNaughton-McKay Electric Company - Greenville,mc-mc.com,mc-mc.com,,,Consumer Electronics,Greenville,South Carolina,US,29607
Multitech Corporation Inc,multitechcorporation.com,multitechcorporation.com,,,Consumer Electronics,Greenville,South Carolina,US,29607
On Point Security and Video,onpointsecuritysc.com,onpointsecuritysc.com,,,Consumer Electronics,Greenville,South Carolina,US,29615
RELANT Automation - South Carolina,relant-us.com,relant-us.com,https://www.linkedin.com/company/relant-automation,,Consumer Electronics,Greenville,South Carolina,US,29607
Rogers Stereo,rogersstereo.com,rogersstereo.com,,,Consumer Electronics,Greenville,South Carolina,US,29607
SCI Electronics Inc,scielectronicsinc.com,scielectronicsinc.com,,,Consumer Electronics,Greenville,South Carolina,US,29607
"TELECO, Inc.",teleco.com,teleco.com,https://www.linkedin.com/company/teleco-inc.,,Consumer Electronics,Greenville,South Carolina,US,29607
United Electrical Distributors Inc UED,uedinc.com,uedinc.com,,,Consumer Electronics,Greenville,South Carolina,US,29607
Upstate Controls,upstatecontrols.com,upstatecontrols.com,,,Consumer Electronics,Greenville,South Carolina,US,29609
Uptown Pro AV,uptownaudiovisual.com,uptownaudiovisual.com,,,Consumer Electronics,Greenville,South Carolina,US,29607
myhomeIQ,myhomeiq.com,myhomeiq.com,,,Consumer Electronics,Greenville,South Carolina,US,29601
AV Upstate LLC,avupstate.com,avupstate.com,,,Consumer Electronics,Greer,South Carolina,US,29650
Empire AV LLC,empireav.net,empireav.net,,,Consumer Electronics,Greer,South Carolina,US,29651
OnDuty SC Inc,ondutysc.com,ondutysc.com,,,Consumer Electronics,Greer,South Carolina,US,29651
Palmetto Security Systems,palmettosecurity.com,palmettosecurity.com,,,Consumer Electronics,Hardeeville,South Carolina,US,29927
"Ambrosic Home Theater Designs, LLC",ahtdesigns.com,ahtdesigns.com,https://www.linkedin.com/company/ambrosichometheaterdesigns,,Consumer Electronics,Hilton Head Island,South Carolina,US,29928
Connected HHI,connectedhhi.com,connectedhhi.com,,,Consumer Electronics,Hilton Head Island,South Carolina,US,29926
DJ AVS SOLUTIONS LLC,djavssolutionsllc.com,djavssolutionsllc.com,,,Consumer Electronics,Hilton Head Island,South Carolina,US,29926
E.A.C. Heating & Air,eacair.com,eacair.com,,,Consumer Electronics,Hilton Head Island,South Carolina,US,29926
Event Technology Services,impact-group.com,impact-group.com,,,Consumer Electronics,Hilton Head Island,South Carolina,US,29926
H2 Engineering Services,h2engineeringservice.com,h2engineeringservice.com,,,Consumer Electronics,Hilton Head Island,South Carolina,US,29928
"Hilton Head Security Systems, Inc",hhsecurity.com,hhsecurity.com,,,Consumer Electronics,Hilton Head Island,South Carolina,US,29926
May Electric,mayelectric.com,mayelectric.com,,,Consumer Electronics,Hilton Head Island,South Carolina,US,29926
Oceanside Electric,oceanside-electric.com,oceanside-electric.com,,,Consumer Electronics,Hilton Head Island,South Carolina,US,29926
Overwatch Home Services - Home Watch & Property Management - Hilton Head Island,overwatchhomeservices.com,overwatchhomeservices.com,,,Consumer Electronics,Hilton Head Island,South Carolina,US,29928
Smart Solutions Contractors LLC,smartsolutions.contractors,smartsolutions.contractors,,,Consumer Electronics,Hilton Head Island,South Carolina,US,29926
Southern Services,southernserviceshhi.com,southernserviceshhi.com,,,Consumer Electronics,Hilton Head Island,South Carolina,US,29926
"Focus Audio Video, LLC",focusaudiovideo.com,focusaudiovideo.com,,,Consumer Electronics,Inman,South Carolina,US,29349
"Advanced Video Group, Inc.",avgroup-sc.com,avgroup-sc.com,https://www.linkedin.com/company/advanced-video-group,,Consumer Electronics,Irmo,South Carolina,US,29063
Family First Security,familyfirstsecuritysc.com,familyfirstsecuritysc.com,,,Consumer Electronics,Irmo,South Carolina,US,29063
Romore Music Sales and Installation,romoremusicsi.com,romoremusicsi.com,,,Consumer Electronics,Irmo,South Carolina,US,29063
Progressive Integrations,progressiveintegrations.com,progressiveintegrations.com,,,Consumer Electronics,Johns Island,South Carolina,US,29455
"Power Plus System, LLC",ppselectrical.com,ppselectrical.com,,,Consumer Electronics,Ladson,South Carolina,US,29456
Audio One,audioone.bz,audioone.bz,,,Consumer Electronics,Lexington,South Carolina,US,29072
Elite Audio,scaudio.com,scaudio.com,,,Consumer Electronics,Lexington,South Carolina,US,29072
Gattis Pro Audio,gattisproaudio.com,gattisproaudio.com,,,Consumer Electronics,Lexington,South Carolina,US,29072
Palmetto Southern ™️,palmettosouthern.com,palmettosouthern.com,,,Consumer Electronics,Lexington,South Carolina,US,29072
SESCO Lighting - Columbia,theschneidercompany.com,theschneidercompany.com,,,Consumer Electronics,Lexington,South Carolina,US,29072
Tech Guide,techguide.net,techguide.net,https://www.linkedin.com/company/mytechguide,,Consumer Electronics,Lexington,South Carolina,US,29072
Stewart Electronics Security,stewart-security.com,stewart-security.com,,,Consumer Electronics,Lyman,South Carolina,US,29365
Tech It EZ,techitezsc.com,techitezsc.com,,,Consumer Electronics,Mauldin,South Carolina,US,29662
Carolina Custom Security & Sound,carolinacustomsecurity.com,carolinacustomsecurity.com,,,Consumer Electronics,Mt Pleasant,South Carolina,US,29464
Carolina Lanterns & Lighting,carolinalanterns.com,carolinalanterns.com,,,Consumer Electronics,Mt Pleasant,South Carolina,US,29464
Daniel Island Audio & Video,danielislandaudio.com,danielislandaudio.com,,,Consumer Electronics,Mt Pleasant,South Carolina,US,29466
Low Country Home & Handyman Services LLC,lchomemaintenance.com,lchomemaintenance.com,,,Consumer Electronics,Mt Pleasant,South Carolina,US,29466
Wire Monkeys Audio & Video,wiremonkeys.com,wiremonkeys.com,,,Consumer Electronics,Mt Pleasant,South Carolina,US,29464
Custom Theater & Audio,customtheaterandaudio.com,customtheaterandaudio.com,,,Consumer Electronics,Murrells Inlet,South Carolina,US,29576
AV Performance Innovations,avperformanceinnovations.com,avperformanceinnovations.com,,,Consumer Electronics,Myrtle Beach,South Carolina,US,29588
Premier Sound Security & Automation,premiersoundmb.com,premiersoundmb.com,,,Consumer Electronics,Myrtle Beach,South Carolina,US,29577
ASI Solutions,alarm.com,alarm.com,,,Consumer Electronics,North Charleston,South Carolina,US,29406
Charleston Security Systems,charlestonsecuritysystems.net,charlestonsecuritysystems.net,,,Consumer Electronics,North Charleston,South Carolina,US,29405
Coastal Burglar Alarm,coastalburglaralarm.com,coastalburglaralarm.com,,,Consumer Electronics,North Charleston,South Carolina,US,29405
Elite Security Systems LLC,elitesecuritysystemsllc.com,elitesecuritysystemsllc.com,,,Consumer Electronics,North Charleston,South Carolina,US,29420
HD Automation,hdautomationus.com,hdautomationus.com,,,Consumer Electronics,North Charleston,South Carolina,US,29418
High Output Charleston,highoutput.com,highoutput.com,,,Consumer Electronics,North Charleston,South Carolina,US,29405
Integration & Control Solutions,ics-sc.com,ics-sc.com,,,Consumer Electronics,North Charleston,South Carolina,US,29405
"L & M Structured Wiring, Inc.",landmstructuredwiring.com,landmstructuredwiring.com,,,Consumer Electronics,North Charleston,South Carolina,US,29405
Meridian Automation & Communication Inc,meridianac.com,meridianac.com,,,Consumer Electronics,North Charleston,South Carolina,US,29418
Nextgen Automated,nextgenautomated.com,nextgenautomated.com,,,Consumer Electronics,North Charleston,South Carolina,US,29406
Powerful Electrical LLC,powerfulelectricalllc.com,powerfulelectricalllc.com,https://www.linkedin.com/company/powerful-electrical-llc,,Consumer Electronics,North Charleston,South Carolina,US,29404
Premiere Automation LLC,premiereautomation.com,premiereautomation.com,https://www.linkedin.com/company/premiere-automation,,Consumer Electronics,North Charleston,South Carolina,US,29418
ResCom Designs - South Carolina,rescomdesigns.com,rescomdesigns.com,,,Consumer Electronics,North Charleston,South Carolina,US,29406
Sound Solutions,soundsolutionscarstereo.com,soundsolutionscarstereo.com,,,Consumer Electronics,North Charleston,South Carolina,US,29405
GenX Security Solutions,genxsecurity.com,genxsecurity.com,https://www.linkedin.com/company/genxsecuritysolutions,,Consumer Electronics,Piedmont,South Carolina,US,29673
"JAMA, LLC",jamallc.com,jamallc.com,,,Consumer Electronics,Piedmont,South Carolina,US,29673
"Custom Security Specialists, Inc.",customsecure.com,customsecure.com,https://www.linkedin.com/company/4068248,,Consumer Electronics,Ridgeland,South Carolina,US,29936
"Dynamic Control Systems, LLC",dynamiccontrolsystems.com,dynamiccontrolsystems.com,,,Consumer Electronics,Ridgeland,South Carolina,US,29936
Superior Sound & Consulting,superiorsound.net,superiorsound.net,,,Consumer Electronics,Seneca,South Carolina,US,29678
AVIT Systems,avit.is,avit.is,,,Consumer Electronics,Simpsonville,South Carolina,US,29681
"3J Creations, LLC",3jent.com,3jent.com,,,Consumer Electronics,Spartanburg,South Carolina,US,29301
"Automation Experts Charleston, Inc.",automationexperts.com,automationexperts.com,,,Consumer Electronics,Summerville,South Carolina,US,29485
Charlestowne Integrations,chsintegrations.com,chsintegrations.com,,,Consumer Electronics,Summerville,South Carolina,US,29485
Intelligent Home Services,ihomes.solutions,ihomes.solutions,,,Consumer Electronics,Summerville,South Carolina,US,29485
Absolute Security,absolutesecuritysc.com,absolutesecuritysc.com,,,Consumer Electronics,Taylors,South Carolina,US,29687
Greer Lighting Center,greerlightingcenter.com,greerlightingcenter.com,,,Consumer Electronics,Taylors,South Carolina,US,29687
Harris Home Services,myharrishome.com,myharrishome.com,,,Consumer Electronics,Taylors,South Carolina,US,29687
Simply AV,simplyav.com,simplyav.com,,,Consumer Electronics,Travelers Rest,South Carolina,US,29690
Palmetto Integration,palmettodesignandintegration.com,palmettodesignandintegration.com,,,Consumer Electronics,Warrenville,South Carolina,US,29851
ACS Sound & Lighting,acsweb.com,acsweb.com,,,Consumer Electronics,West Columbia,South Carolina,US,29169
Access Multimedia,accessmultimedia.com,accessmultimedia.com,,,Consumer Electronics,West Columbia,South Carolina,US,29169
Amteck Technologies,amteck.com,amteck.com,https://www.linkedin.com/company/amteck,,Consumer Electronics,West Columbia,South Carolina,US,29169
Avista,goavista.com,goavista.com,,,Consumer Electronics,West Columbia,South Carolina,US,29169
DES - Dealer Electronic Services,go-des.com,go-des.com,,,Consumer Electronics,West Columbia,South Carolina,US,29169
Digital Home Solutions,columbiahometheaters.com,columbiahometheaters.com,,,Consumer Electronics,West Columbia,South Carolina,US,29169
"Palmetto Alarm, LLC",palmettoalarm.com,palmettoalarm.com,,,Consumer Electronics,West Columbia,South Carolina,US,29169
TV Mounting Columbia,tvmountingcolumbia.com,tvmountingcolumbia.com,,,Consumer Electronics,West Columbia,South Carolina,US,29169
Ultimate Marketing,umdistributors.com,umdistributors.com,,,Consumer Electronics,West Columbia,South Carolina,US,29169
Audio Video Integrations,avicentral.com,avicentral.com,,,Consumer Electronics,Sioux Falls,South Dakota,US,57108
ProductionOne Audio Visual,productionone.com,productionone.com,,,Consumer Electronics,Arlington,Tennessee,US,38002
"Just-N-Case Security, L.L.C.",justncasesecurity.com,justncasesecurity.com,,,Consumer Electronics,Atoka,Tennessee,US,38004
"Automatic Gates Construction, LLC",myautomaticgates.com,myautomaticgates.com,,,Consumer Electronics,Bartlett,Tennessee,US,38134
ProMount Mounting and Tech Solutions LLC,promountech.com,promountech.com,https://www.linkedin.com/company/wix-com,,Consumer Electronics,Bartlett,Tennessee,US,38134
Absolute AV Consulting Inc,absavtn.com,absavtn.com,,,Consumer Electronics,Brentwood,Tennessee,US,37027
Audio Video Experience,av-experience.com,av-experience.com,,,Consumer Electronics,Brentwood,Tennessee,US,37027
CTS AVL,ctsavl.com,ctsavl.com,,,Consumer Electronics,Brentwood,Tennessee,US,37027
CloudSmart IT,cloudsmartit.com,cloudsmartit.com,,,Consumer Electronics,Brentwood,Tennessee,US,37027
Island Sight and Sound,islandsightandsound.com,islandsightandsound.com,,,Consumer Electronics,Brentwood,Tennessee,US,37027
Nashville Security Camera Installation LLC,nashvillesecuritycamerainstallation.com,nashvillesecuritycamerainstallation.com,,,Consumer Electronics,Brentwood,Tennessee,US,37027
Nashville TV Mounting,nashvillemounts.com,nashvillemounts.com,,,Consumer Electronics,Brentwood,Tennessee,US,37027
Symspire,symspire.com,symspire.com,https://www.linkedin.com/company/symspire,,Consumer Electronics,Brentwood,Tennessee,US,37027
Ace Hardware of Lookout,acehardware.com,acehardware.com,,,Consumer Electronics,Chattanooga,Tennessee,US,37419
Automation IG,automationig.com,automationig.com,,,Consumer Electronics,Chattanooga,Tennessee,US,37405
"Beacon Electrical Services, LLC",beaconelectricalchatt.com,beaconelectricalchatt.com,,,Consumer Electronics,Chattanooga,Tennessee,US,37415
Blindsmax,blindsmax.com,blindsmax.com,,,Consumer Electronics,Chattanooga,Tennessee,US,37421
Bluff City Electrical Contractors,bluffcityelectrical.com,bluffcityelectrical.com,,,Consumer Electronics,Chattanooga,Tennessee,US,37450
College Hi Fi Home Audio,collegehifi.wordpress.com,collegehifi.wordpress.com,,,Consumer Electronics,Chattanooga,Tennessee,US,37421
Control Services Inc.,controlservicestn.com,controlservicestn.com,,,Consumer Electronics,Chattanooga,Tennessee,US,37343
Cornerstone Automation,cornerstone-automation.com,cornerstone-automation.com,,,Consumer Electronics,Chattanooga,Tennessee,US,37421
Elder's Ace Hardware - Chattanooga,eldershardware.com,eldershardware.com,,,Consumer Electronics,Chattanooga,Tennessee,US,37416
Electronic Express,electronicexpress.com,electronicexpress.com,,,Consumer Electronics,Chattanooga,Tennessee,US,37343
Elevate Home Staging & Design,elevatehomestagings.com,elevatehomestagings.com,,,Consumer Electronics,Chattanooga,Tennessee,US,37416
FORTECH,fortechtn.com,fortechtn.com,,,Consumer Electronics,Chattanooga,Tennessee,US,37402
Factory Sales Agency,fsalighting.com,fsalighting.com,,,Consumer Electronics,Chattanooga,Tennessee,US,37343
"Gault & Associates, Inc.",gaultav.com,gaultav.com,,,Consumer Electronics,Chattanooga,Tennessee,US,37411
Hi Tech Controls and Automation,hi-techcontrols.com,hi-techcontrols.com,,,Consumer Electronics,Chattanooga,Tennessee,US,37421
Inline Lighting,inlinelighting.com,inlinelighting.com,,,Consumer Electronics,Chattanooga,Tennessee,US,37421
Light Consultants LLC,lightconsultantsllc.com,lightconsultantsllc.com,,,Consumer Electronics,Chattanooga,Tennessee,US,37421
Lincoln Electric Automation - Chattanooga,tennrand.com,tennrand.com,https://www.linkedin.com/company/tennessee-rand,,Consumer Electronics,Chattanooga,Tennessee,US,37405
Metro Services,metroservicesinc.com,metroservicesinc.com,,,Consumer Electronics,Chattanooga,Tennessee,US,37415
NY SYSTEMS INC.,ny-systems.com,ny-systems.com,https://www.linkedin.com/company/ny-systems-inc.,,Consumer Electronics,Chattanooga,Tennessee,US,37403
"NetGain Technologies, LLC",netgainit.com,netgainit.com,https://www.linkedin.com/company/netgain-technologies-llc,,Consumer Electronics,Chattanooga,Tennessee,US,37421
PM Alarms Security Solutions,pmalarms.net,pmalarms.net,,,Consumer Electronics,Chattanooga,Tennessee,US,37421
Pathfinder Films,pathfinderfilms.com,pathfinderfilms.com,,,Consumer Electronics,Chattanooga,Tennessee,US,37408
Patriot Services,mypatriot.us,mypatriot.us,,,Consumer Electronics,Chattanooga,Tennessee,US,37421
Proficient Industrial,proficientindustrial.com,proficientindustrial.com,,,Consumer Electronics,Chattanooga,Tennessee,US,37421
"Retro Television, Inc.",myretrotv.com,myretrotv.com,,,Consumer Electronics,Chattanooga,Tennessee,US,37402
SESCO Lighting - Chattanooga,sescolighting.com,sescolighting.com,,,Consumer Electronics,Chattanooga,Tennessee,US,37402
Seals Productions,sealsproductions.com,sealsproductions.com,,,Consumer Electronics,Chattanooga,Tennessee,US,37406
Smart Systems,smartsysinc.com,smartsysinc.com,https://www.linkedin.com/company/smarthomes-chattanooga,,Consumer Electronics,Chattanooga,Tennessee,US,37343
Solutions Integrated Systems,solutionsintegratedsystems.com,solutionsintegratedsystems.com,,,Consumer Electronics,Chattanooga,Tennessee,US,37421
Sound Force,soundforce.com,soundforce.com,,,Consumer Electronics,Chattanooga,Tennessee,US,37415
Southern Lighting,southern-lighting.com,southern-lighting.com,,,Consumer Electronics,Chattanooga,Tennessee,US,37421
Tekwell Panel Shop,tekwellservices.com,tekwellservices.com,https://www.linkedin.com/company/tekwell-services,,Consumer Electronics,Chattanooga,Tennessee,US,37408
Tennessee Aquarium IMAX Theater,tnaqua.org,tnaqua.org,https://www.linkedin.com/company/tennessee-aquarium,,Consumer Electronics,Chattanooga,Tennessee,US,37402
The Radio Clinic,theradioclinic.com,theradioclinic.com,,,Consumer Electronics,Chattanooga,Tennessee,US,37421
TruBlue Home Service Ally of Chattanooga,trubluehousecare.com,trubluehousecare.com,,,Consumer Electronics,Chattanooga,Tennessee,US,37343
Turner Security,turnersecurity.us,turnersecurity.us,https://www.linkedin.com/company/turner-security-company,,Consumer Electronics,Chattanooga,Tennessee,US,37421
Ultimate Sounds & Tinting,ultimatesoundstn.com,ultimatesoundstn.com,,,Consumer Electronics,Chattanooga,Tennessee,US,37421
Wallpaper Wholesaler,wallpaperwholesaler.com,wallpaperwholesaler.com,,,Consumer Electronics,Chattanooga,Tennessee,US,37421
eSecurityTech,esecuritytech.com,esecuritytech.com,https://www.linkedin.com/company/esecuritytech,,Consumer Electronics,Chattanooga,Tennessee,US,37408
Harmonic Production Services,hps.live,hps.live,,,Consumer Electronics,Cleveland,Tennessee,US,37311
At Home Repair Services,memphishandymanservices.net,memphishandymanservices.net,,,Consumer Electronics,Collierville,Tennessee,US,38017
Professional Security,1homeautomation.com,1homeautomation.com,,,Consumer Electronics,Collierville,Tennessee,US,38017
Smart Home by Design,smarthomebydesign.com,smarthomebydesign.com,,,Consumer Electronics,Collierville,Tennessee,US,38017
Creative home audio,creativehomeaudio.com,creativehomeaudio.com,,,Consumer Electronics,Cookeville,Tennessee,US,38501
Safe N' Sound Creative Technologies,safensound.com,safensound.com,,,Consumer Electronics,Corryton,Tennessee,US,37721
Fortis Audio,fortisaudio.com,fortisaudio.com,,,Consumer Electronics,Dickson,Tennessee,US,37055
Mister Sparky,mistersparky.com,mistersparky.com,,,Consumer Electronics,East Ridge,Tennessee,US,37412
His Security & Technology,hissecurity.com,hissecurity.com,,,Consumer Electronics,Farragut,Tennessee,US,37934
AVLX,avlx.com,avlx.com,,,Consumer Electronics,Franklin,Tennessee,US,37064
Emotiva Audio Corporation,emotiva.com,emotiva.com,,,Consumer Electronics,Franklin,Tennessee,US,37064
IPS - Integrated Production Solutions,ips.live,ips.live,https://www.linkedin.com/company/integrated-production-solutions,,Consumer Electronics,Franklin,Tennessee,US,37067
Integrity Audio & Video,integrityav.net,integrityav.net,https://www.linkedin.com/company/integrity-audio-&-video,,Consumer Electronics,Franklin,Tennessee,US,37067
Mankin Media Systems,mankinmedia.com,mankinmedia.com,,,Consumer Electronics,Franklin,Tennessee,US,37064
Matson Alarm Of Tennessee,matsonalarmtn.com,matsonalarmtn.com,,,Consumer Electronics,Franklin,Tennessee,US,37067
Nashville Teleproductions Inc,nashvilleteleproductions.com,nashvilleteleproductions.com,,,Consumer Electronics,Franklin,Tennessee,US,37064
PAVS - Professional AV Systems,pavs.com,pavs.com,,,Consumer Electronics,Franklin,Tennessee,US,37064
Theater Leaders,theaterleaders.com,theaterleaders.com,,,Consumer Electronics,Franklin,Tennessee,US,37064
Stage Rite Sound,stageritesound.com,stageritesound.com,,,Consumer Electronics,Goodlettsville,Tennessee,US,37072
Tennessee Audio Video,tnav.net,tnav.net,,,Consumer Electronics,Goodlettsville,Tennessee,US,37072
Immersive Audio & Cinema LLC,immersiveac.com,immersiveac.com,,,Consumer Electronics,Johnson City,Tennessee,US,37604
@home Audio Video Technology - Retail Location / Showroom,athomeavtech.com,athomeavtech.com,,,Consumer Electronics,Knoxville,Tennessee,US,37919
"AVCO Technologies, Inc.",avcotech.com,avcotech.com,,,Consumer Electronics,Knoxville,Tennessee,US,37918
AVS Design Concepts,avsdc.com,avsdc.com,,,Consumer Electronics,Knoxville,Tennessee,US,37917
Advanced Lighting and Audio,advlightaudio.com,advlightaudio.com,,,Consumer Electronics,Knoxville,Tennessee,US,37929
American Lighting,americanlightinginc.net,americanlightinginc.net,,,Consumer Electronics,Knoxville,Tennessee,US,37919
Calloway's Lamp & Shade,callowayslighting.com,callowayslighting.com,,,Consumer Electronics,Knoxville,Tennessee,US,37919
Clearview Security,clearviewtn.com,clearviewtn.com,,,Consumer Electronics,Knoxville,Tennessee,US,37917
Commercial Lighting Supply Inc,commercialltg.com,commercialltg.com,,,Consumer Electronics,Knoxville,Tennessee,US,37909
Control Center Inc,controlcentertn.com,controlcentertn.com,,,Consumer Electronics,Knoxville,Tennessee,US,37919
Ctrl Alt Repair,ctrlaltrepair.com,ctrlaltrepair.com,,,Consumer Electronics,Knoxville,Tennessee,US,37934
DF Production Services,dfp865.video,dfp865.video,,,Consumer Electronics,Knoxville,Tennessee,US,37917
DFA Solutions / A Tennessee Lighting Company,dfasolutions.com,dfasolutions.com,,,Consumer Electronics,Knoxville,Tennessee,US,37917
Dynamic Audio Video Design,dynamicavdesign.com,dynamicavdesign.com,,,Consumer Electronics,Knoxville,Tennessee,US,37921
East Tennessee Trimlight,etntrimlight.com,etntrimlight.com,,,Consumer Electronics,Knoxville,Tennessee,US,37922
Fleenor Security Systems,fleenorsecurity.com,fleenorsecurity.com,,,Consumer Electronics,Knoxville,Tennessee,US,37932
FunFlicks Southeast,funflicks.com,funflicks.com,,,Consumer Electronics,Knoxville,Tennessee,US,37919
HPVideo,hpvideo.com,hpvideo.com,,,Consumer Electronics,Knoxville,Tennessee,US,37917
"Industrial Electronics, Inc",ieknox.com,ieknox.com,,,Consumer Electronics,Knoxville,Tennessee,US,37932
Informed Logic LLC,informedlogic.com,informedlogic.com,https://www.linkedin.com/company/informed-logic-llc,,Consumer Electronics,Knoxville,Tennessee,US,37938
Invent Automation,inventautomation.com,inventautomation.com,,,Consumer Electronics,Knoxville,Tennessee,US,37921
KnoxCET LLC,knoxcet.com,knoxcet.com,https://www.linkedin.com/company/knoxcet-llc,,Consumer Electronics,Knoxville,Tennessee,US,37922
Lighting Trends,ltgtrends.com,ltgtrends.com,,,Consumer Electronics,Knoxville,Tennessee,US,37921
Lloyd's Electric Service,lloydselectricservice.com,lloydselectricservice.com,https://www.linkedin.com/company/lloyd%27s-electric-service-inc-,,Consumer Electronics,Knoxville,Tennessee,US,37931
Loch & Key Productions,lochandkeyproductions.com,lochandkeyproductions.com,https://www.linkedin.com/company/lochkeyvideo,,Consumer Electronics,Knoxville,Tennessee,US,37917
"ML Sound, Inc",mlsound.com,mlsound.com,,,Consumer Electronics,Knoxville,Tennessee,US,37921
Milton Tech Commercial Security Systems,miltontech.net,miltontech.net,,,Consumer Electronics,Knoxville,Tennessee,US,37919
Modern Supply,modernsupplyshowroom.com,modernsupplyshowroom.com,,,Consumer Electronics,Knoxville,Tennessee,US,37932
Modern Supply Co,modernsupplymiddlebrook.com,modernsupplymiddlebrook.com,,,Consumer Electronics,Knoxville,Tennessee,US,37921
Nates TV Mounting LLC,natestvmounting.com,natestvmounting.com,,,Consumer Electronics,Knoxville,Tennessee,US,37923
"Prince Technologies, LLC",ptcabling.com,ptcabling.com,,,Consumer Electronics,Knoxville,Tennessee,US,37917
"SafeT Systems, Inc.",safetsystems.com,safetsystems.com,,,Consumer Electronics,Knoxville,Tennessee,US,37932
Statement Home Theater,statementht.com,statementht.com,,,Consumer Electronics,Knoxville,Tennessee,US,37919
Stellar Visions & Sound,stellarvisions.net,stellarvisions.net,,,Consumer Electronics,Knoxville,Tennessee,US,37918
Stokes Lighting Center,stokeslightingcenter.com,stokeslightingcenter.com,,,Consumer Electronics,Knoxville,Tennessee,US,37919
The Production Source,theproductionsource.net,theproductionsource.net,,,Consumer Electronics,Knoxville,Tennessee,US,37909
The Sound Factory,soundfactoryonline.com,soundfactoryonline.com,,,Consumer Electronics,Knoxville,Tennessee,US,37912
"TruSense Electric, LLC",trusenseelectric.com,trusenseelectric.com,,,Consumer Electronics,Knoxville,Tennessee,US,37919
"elliTek, Inc.",ellitek.com,ellitek.com,,,Consumer Electronics,Knoxville,Tennessee,US,37918
iSS LLC,isstenn.com,isstenn.com,,,Consumer Electronics,Knoxville,Tennessee,US,37919
Automation Nth,automationnth.com,automationnth.com,https://www.linkedin.com/company/automation-nth,,Consumer Electronics,La Vergne,Tennessee,US,37086
"Integrated Control Systems, Inc.",integrated-controls.com,integrated-controls.com,,,Consumer Electronics,La Vergne,Tennessee,US,37086
Knox Integrated Systems / Life & Property Security Systems,alarmcontractor.com,alarmcontractor.com,,,Consumer Electronics,Lenoir City,Tennessee,US,37771
Technical Solutions of East TN LLC,tnchurchaudio.com,tnchurchaudio.com,,,Consumer Electronics,Lenoir City,Tennessee,US,37771
ABB Installation Products,thomasbetts.net,thomasbetts.net,,,Consumer Electronics,Memphis,Tennessee,US,38120
"AV Solutions Plus, LLC",avsolutions-plus.com,avsolutions-plus.com,,,Consumer Electronics,Memphis,Tennessee,US,38112
Audio Video Artistry,avartistry.com,avartistry.com,,,Consumer Electronics,Memphis,Tennessee,US,38117
Bluff City Electronics,bluffcityelectronicsinc.com,bluffcityelectronicsinc.com,,,Consumer Electronics,Memphis,Tennessee,US,38116
E.S.S.C. Inc – Electronics Security Specialists & Cabling,electronicsecurityspecialists.com,electronicsecurityspecialists.com,,,Consumer Electronics,Memphis,Tennessee,US,38134
Electronic Environments,eememphis.net,eememphis.net,,,Consumer Electronics,Memphis,Tennessee,US,38133
First Light Lighting Systems,firstlightmemphis.portalced.com,firstlightmemphis.portalced.com,,,Consumer Electronics,Memphis,Tennessee,US,38112
Fourteenth Colony Lighting,fourteenthcolonylighting.com,fourteenthcolonylighting.com,,,Consumer Electronics,Memphis,Tennessee,US,38104
Franklin Automation Inc.,fainc.net,fainc.net,,,Consumer Electronics,Memphis,Tennessee,US,38118
Frase Protection,fraseprotection.com,fraseprotection.com,,,Consumer Electronics,Memphis,Tennessee,US,38018
Graham's Fixtures Inc,grahamslighting.com,grahamslighting.com,,,Consumer Electronics,Memphis,Tennessee,US,38104
HSI Security Services LLC,hsisecurityservices.com,hsisecurityservices.com,,,Consumer Electronics,Memphis,Tennessee,US,38120
LED LIGHTING,slsmem.com,slsmem.com,,,Consumer Electronics,Memphis,Tennessee,US,38122
Lamp Shade House,lshmemphis.com,lshmemphis.com,,,Consumer Electronics,Memphis,Tennessee,US,38122
Lighting Source,lightingsource.net,lightingsource.net,,,Consumer Electronics,Memphis,Tennessee,US,38112
"Logical Systems, LLC",logicalsysinc.com,logicalsysinc.com,https://www.linkedin.com/company/logicalsysinc,,Consumer Electronics,Memphis,Tennessee,US,38133
Lumalier,lumalier.com,lumalier.com,,,Consumer Electronics,Memphis,Tennessee,US,38134
Mechanical Automated Control Systems (MACS),macsinc.com,macsinc.com,,,Consumer Electronics,Memphis,Tennessee,US,38133
"Memphis Audio, LLC.",memphisaudio.com,memphisaudio.com,https://www.linkedin.com/company/memphis-audio,,Consumer Electronics,Memphis,Tennessee,US,38133
"Memphis Control Center, Inc.",memphiscontrol.com,memphiscontrol.com,,,Consumer Electronics,Memphis,Tennessee,US,38112
Memphis Sound Lab,memphissoundlab.com,memphissoundlab.com,,,Consumer Electronics,Memphis,Tennessee,US,38104
Miestro: Home Integration,mymiestro.com,mymiestro.com,,,Consumer Electronics,Memphis,Tennessee,US,38117
Mobile Vision Technologies,mobilevisiontechnologies.com,mobilevisiontechnologies.com,https://www.linkedin.com/company/mobile-vision-technologies,,Consumer Electronics,Memphis,Tennessee,US,38112
Nolan Inc,nolansav.com,nolansav.com,,,Consumer Electronics,Memphis,Tennessee,US,38134
Perkins-Everitt Lighting & Controls,perkinseveritt.net,perkinseveritt.net,,,Consumer Electronics,Memphis,Tennessee,US,38119
Precise Circuit Solutions,precisecircuitsolutions.com,precisecircuitsolutions.com,,,Consumer Electronics,Memphis,Tennessee,US,38134
SMC Lighting Supply,smclighting.com,smclighting.com,,,Consumer Electronics,Memphis,Tennessee,US,38116
SNELL VISION LLC,snellvision.com,snellvision.com,,,Consumer Electronics,Memphis,Tennessee,US,38118
Seth's Lighting & Accessories Inc,sethslighting.com,sethslighting.com,,,Consumer Electronics,Memphis,Tennessee,US,38133
Smart Security,smartsecuritypro.com,smartsecuritypro.com,,,Consumer Electronics,Memphis,Tennessee,US,38112
IKBSystems,ikbsystems.com,ikbsystems.com,,,Consumer Electronics,Mt. Juliet,Tennessee,US,37122
Austin Audio Visual Design,austinav.com,austinav.com,,,Consumer Electronics,Murfreesboro,Tennessee,US,37129
615 Sound Equipment Rentals - #1Rent speakers & Microphones in Nashville,615sounds.com,615sounds.com,,,Consumer Electronics,Nashville,Tennessee,US,37207
Audilux,audilux.co,audilux.co,,,Consumer Electronics,Nashville,Tennessee,US,37209
Brian's Custom Theaters & Hi-Fi,brianscustomtheaters.com,brianscustomtheaters.com,,,Consumer Electronics,Nashville,Tennessee,US,37205
Briggs A/V Solutions,briggsavsolutions.com,briggsavsolutions.com,,,Consumer Electronics,Nashville,Tennessee,US,37203
CMAV,cm-audiovisual.com,cm-audiovisual.com,https://www.linkedin.com/company/corporate-meeting-av,,Consumer Electronics,Nashville,Tennessee,US,37238
Contractors Choice Electric,contractorschoiceelectric.com,contractorschoiceelectric.com,,,Consumer Electronics,Nashville,Tennessee,US,37211
Defense Integration Solutions,defense-is.com,defense-is.com,,,Consumer Electronics,Nashville,Tennessee,US,37220
Gestalt Audio Design,gestalt.audio,gestalt.audio,,,Consumer Electronics,Nashville,Tennessee,US,37209
Hi Fi Audio Visual,hifiaudiovisual.com,hifiaudiovisual.com,,,Consumer Electronics,Nashville,Tennessee,US,37204
Hifi Buys Nashville,hifibuysnashville.com,hifibuysnashville.com,,,Consumer Electronics,Nashville,Tennessee,US,37211
INTELLIHOME,intellihome-tn.com,intellihome-tn.com,,,Consumer Electronics,Nashville,Tennessee,US,37211
Integrated Mulimedia Systems Inc,imsi.us,imsi.us,,,Consumer Electronics,Nashville,Tennessee,US,37222
Lighting for Less,lightingforless.com,lightingforless.com,,,Consumer Electronics,Nashville,Tennessee,US,37204
"M3 Technology Group, Inc.",m3techgroup.com,m3techgroup.com,https://www.linkedin.com/company/m3-technology-group-inc,,Consumer Electronics,Nashville,Tennessee,US,37217
MOUNTING MUSIC CITY,mountingmusiccity.tv,mountingmusiccity.tv,,,Consumer Electronics,Nashville,Tennessee,US,37204
MSI Media,msi-media.com,msi-media.com,,,Consumer Electronics,Nashville,Tennessee,US,37204
Mavien,mavien.com,mavien.com,,,Consumer Electronics,Nashville,Tennessee,US,37204
Mega Sound,megasoundnashville.com,megasoundnashville.com,,,Consumer Electronics,Nashville,Tennessee,US,37211
NCA Alarms,nca-alarms.com,nca-alarms.com,https://www.linkedin.com/company/national-certified-alarms-inc,,Consumer Electronics,Nashville,Tennessee,US,37209
Nashville Audio Visual LLC,nashvilleaudiovisual.com,nashvilleaudiovisual.com,,,Consumer Electronics,Nashville,Tennessee,US,37210
Nashville Visual - Audio & Visual Rental Equipment,nashvillevisual.com,nashvillevisual.com,,,Consumer Electronics,Nashville,Tennessee,US,37209
Nashville's Media Services,nashvillesmedia.com,nashvillesmedia.com,,,Consumer Electronics,Nashville,Tennessee,US,37210
Open Source Controls,opensourcecontrols.com,opensourcecontrols.com,,,Consumer Electronics,Nashville,Tennessee,US,37211
PAVE LLC (Professional Audio Video Engineering),proave.com,proave.com,,,Consumer Electronics,Nashville,Tennessee,US,37204
Smart Tech Solutions,wearesmarttech.com,wearesmarttech.com,https://www.linkedin.com/company/nashvillesmarthomes,,Consumer Electronics,Nashville,Tennessee,US,37210
Solotech - Nashville,solotech.com,solotech.com,https://www.linkedin.com/company/solotech-inc.,,Consumer Electronics,Nashville,Tennessee,US,37013
Soundscapes,soundscapesusa.com,soundscapesusa.com,,,Consumer Electronics,Nashville,Tennessee,US,37209
South Central A\V,southcentralav.com,southcentralav.com,,,Consumer Electronics,Nashville,Tennessee,US,37211
Spectrum Sound Inc.,spectrumsound.net,spectrumsound.net,,,Consumer Electronics,Nashville,Tennessee,US,37210
Spring Automation,springautomation.com,springautomation.com,https://www.linkedin.com/company/spring-automation,,Consumer Electronics,Nashville,Tennessee,US,37204
The Showroom Nashville,theshowroomnash.com,theshowroomnash.com,,,Consumer Electronics,Nashville,Tennessee,US,37203
Tolleson Inc,tollesoninc.com,tollesoninc.com,,,Consumer Electronics,Nashville,Tennessee,US,37217
Traffic Control Group Inc.,trafficcontrolgroupinc.com,trafficcontrolgroupinc.com,,,Consumer Electronics,Nashville,Tennessee,US,37210
Trew Audio Nashville,trewaudio.com,trewaudio.com,,,Consumer Electronics,Nashville,Tennessee,US,37228
Wolf Hill Technologies,wolfhilltechnologies.com,wolfhilltechnologies.com,,,Consumer Electronics,Nashville,Tennessee,US,37217
Powers Custom Home Theater,powerscustomhometheater.com,powerscustomhometheater.com,,,Consumer Electronics,Portland,Tennessee,US,37148
Atomic Electric Service Inc.,atomicelectricservice.com,atomicelectricservice.com,,,Consumer Electronics,Powell,Tennessee,US,37849
Turner Audio and Video LLC,turneraudiovideo.com,turneraudiovideo.com,,,Consumer Electronics,Powell,Tennessee,US,37849
Foothills Audio Video,foothillsav.com,foothillsav.com,,,Consumer Electronics,Seymour,Tennessee,US,37865
Prodigy,prodigyav.com,prodigyav.com,,,Consumer Electronics,Smyrna,Tennessee,US,37167
Security First Home Integration,smartwiring247.com,smartwiring247.com,,,Consumer Electronics,Smyrna,Tennessee,US,37167
Morgan Alarm Systems,morganalarmsystems.com,morganalarmsystems.com,,,Consumer Electronics,Soddy-Daisy,Tennessee,US,37343
Warner Audio & Video,warneraudiovideo.com,warneraudiovideo.com,,,Consumer Electronics,Taft,Tennessee,US,38488
"Cobb Home Innovations,LLC/ Smart Home,Home Theater,Electronics",cobbhomeinnovations.com,cobbhomeinnovations.com,,,Consumer Electronics,Woodbury,Tennessee,US,37190
"Sound and Screen, LLC",soundandscreen.net,soundandscreen.net,,,Consumer Electronics,Abilene,Texas,US,79602
"CinemaTech Home Theater Seating, Design, & Showroom",mycinematech.com,mycinematech.com,https://www.linkedin.com/company/cinematech-inc-,,Consumer Electronics,Addison,Texas,US,75001
"MediaHead, LLC",mediahead.co,mediahead.co,https://www.linkedin.com/company/mediahead-llc,,Consumer Electronics,Addison,Texas,US,75001
New Era AV Technologies LLC,neweradfw.com,neweradfw.com,,,Consumer Electronics,Addison,Texas,US,75001
Texadia Systems LLC,texadiasystems.com,texadiasystems.com,https://www.linkedin.com/company/texadia-systems,,Consumer Electronics,Addison,Texas,US,75001
Thoughtful Integrations,thoughtfulintegrations.com,thoughtfulintegrations.com,,,Consumer Electronics,Addison,Texas,US,75001
Full Tilt Customs,fulltiltcustoms.com,fulltiltcustoms.com,,,Consumer Electronics,Alamo,Texas,US,78516
A1 Security Gate & Intercom - Allen,a1gateintercom.com,a1gateintercom.com,,,Consumer Electronics,Allen,Texas,US,75002
Metroplex | Audio & Video,metrosmarthomes.com,metrosmarthomes.com,,,Consumer Electronics,Allen,Texas,US,75013
STELLAR HOME THEATER,livestellarnow.com,livestellarnow.com,,,Consumer Electronics,Allen,Texas,US,75013
Texas Custom Av & Security,tcavdallas.com,tcavdallas.com,,,Consumer Electronics,Allen,Texas,US,75013
WH Technologies,whsmarthome.com,whsmarthome.com,,,Consumer Electronics,Allen,Texas,US,75013
Pro AV Store,dfwhighendmedia.com,dfwhighendmedia.com,,,Consumer Electronics,Alvarado,Texas,US,76009
DB/AV System Designs,dbav.co,dbav.co,,,Consumer Electronics,Alvord,Texas,US,76225
EliteTech Innovations,etinnovations.net,etinnovations.net,,,Consumer Electronics,Anna,Texas,US,75409
Wired Technology Solutions,wired-ts.com,wired-ts.com,https://www.linkedin.com/company/wix-com,,Consumer Electronics,Anna,Texas,US,75409
AV Genius,avgenius.com,avgenius.com,,,Consumer Electronics,Arlington,Texas,US,76002
Stars Automation,starsautomation.com,starsautomation.com,,,Consumer Electronics,Arlington,Texas,US,76015
Vivint Smart Home,vivintsmarthomesystems.com,vivintsmarthomesystems.com,,,Consumer Electronics,Arlington,Texas,US,76011
Profocus Home Entertainment,profocushe.com,profocushe.com,https://www.linkedin.com/company/profocus-audio-video-inc,,Consumer Electronics,Aubrey,Texas,US,76227
U.G. Sat Tech & AV System LLC,ugsattechavsystemllc.com,ugsattechavsystemllc.com,,,Consumer Electronics,Aubrey,Texas,US,76227
A&B TV,abtvaustin.com,abtvaustin.com,,,Consumer Electronics,Austin,Texas,US,78757
AAA Control,goaaacontrol.com,goaaacontrol.com,https://www.linkedin.com/company/aaa-control-llc,,Consumer Electronics,Austin,Texas,US,78704
ATX Audio Post,atxaudiopost.com,atxaudiopost.com,,,Consumer Electronics,Austin,Texas,US,78702
ATX Automations LLC,atxautomations.com,atxautomations.com,,,Consumer Electronics,Austin,Texas,US,78702
ATX TV Mounting,atxtvmounting.com,atxtvmounting.com,,,Consumer Electronics,Austin,Texas,US,78701
ATXSmartHomes,atxsmarthomes.com,atxsmarthomes.com,,,Consumer Electronics,Austin,Texas,US,78701
AV Connect Smart Home Automation of Austin,avconnectonline.com,avconnectonline.com,,,Consumer Electronics,Austin,Texas,US,78757
All Star Home Security and Alarm Austin,allstarsecurity.com,allstarsecurity.com,,,Consumer Electronics,Austin,Texas,US,78751
Audion LLC,audionllc.com,audionllc.com,,,Consumer Electronics,Austin,Texas,US,78704
Austin Audio Video Simplified,austinaudiovideosimplified.com,austinaudiovideosimplified.com,,,Consumer Electronics,Austin,Texas,US,78748
Austin Home Automation,homeautomationaustin.com,homeautomationaustin.com,,,Consumer Electronics,Austin,Texas,US,78757
Austin Home Systems,austinhomesystems.com,austinhomesystems.com,,,Consumer Electronics,Austin,Texas,US,78756
BOND'S Television & Electronics,bondstv.com,bondstv.com,,,Consumer Electronics,Austin,Texas,US,78703
Bat City TV,batcitytv.com,batcitytv.com,,,Consumer Electronics,Austin,Texas,US,78752
Benny’s Home Tech Solutions LLC,bennyshometechsolutions.com,bennyshometechsolutions.com,,,Consumer Electronics,Austin,Texas,US,78731
Blu-Star Integrated Systems,blustarinstalls.com,blustarinstalls.com,,,Consumer Electronics,Austin,Texas,US,78754
Brivo - Cloud Security Access and Video Surveillance,brivo.com,brivo.com,,,Consumer Electronics,Austin,Texas,US,78746
CMIT Solutions of Austin Central,austinitsupport.com,austinitsupport.com,,,Consumer Electronics,Austin,Texas,US,78752
Digital AVenue,digitalavenue.us,digitalavenue.us,,,Consumer Electronics,Austin,Texas,US,78757
Electra Link,electralink.com,electralink.com,https://www.linkedin.com/company/electra-link,,Consumer Electronics,Austin,Texas,US,78759
"Elegant Audio Solutions, Inc.",elegantaudiosolutions.com,elegantaudiosolutions.com,,,Consumer Electronics,Austin,Texas,US,78737
Felix Media Solutions,felixmediasolutions.com,felixmediasolutions.com,,,Consumer Electronics,Austin,Texas,US,78704
Goto Automation,gotoautomation.com,gotoautomation.com,,,Consumer Electronics,Austin,Texas,US,78758
HAAS Home Technologies,haasht.com,haasht.com,https://www.linkedin.com/company/haas-home-technologies,,Consumer Electronics,Austin,Texas,US,78702
Hifi Install,hifiinstall.com,hifiinstall.com,,,Consumer Electronics,Austin,Texas,US,78703
HomePro,homeprotech.com,homeprotech.com,https://www.linkedin.com/company/homepro-inc.,,Consumer Electronics,Austin,Texas,US,78758
Homeva,thehomeva.com,thehomeva.com,https://www.linkedin.com/company/homeva,,Consumer Electronics,Austin,Texas,US,78757
Ideal Productions Austin Ltd,idealproductions.com,idealproductions.com,,,Consumer Electronics,Austin,Texas,US,78757
Lava Handyman (TV Mounting and Art installation),lavahandyman.com,lavahandyman.com,,,Consumer Electronics,Austin,Texas,US,78757
Lutron Ketra,ketra.com,ketra.com,,,Consumer Electronics,Austin,Texas,US,78741
Macauley Technologies,macauleytechnologies.com,macauleytechnologies.com,,,Consumer Electronics,Austin,Texas,US,78758
"Maestro Integrations, LLC",maestrointegrations.com,maestrointegrations.com,https://www.linkedin.com/company/maestro-integrations-llc,,Consumer Electronics,Austin,Texas,US,78758
Monarch Technologies,monarchtechtx.com,monarchtechtx.com,,,Consumer Electronics,Austin,Texas,US,78738
Net Solutions and Security LLC,nss1.org,nss1.org,,,Consumer Electronics,Austin,Texas,US,78748
Omega Broadcast & Cinema,omegabroadcast.com,omegabroadcast.com,,,Consumer Electronics,Austin,Texas,US,78753
Origin HiFi,originhifi.com,originhifi.com,,,Consumer Electronics,Austin,Texas,US,78729
ProVideo Solutions,pvsreps.com,pvsreps.com,,,Consumer Electronics,Austin,Texas,US,78731
Professional TV Mounting,professionaltvmounting.com,professionaltvmounting.com,,,Consumer Electronics,Austin,Texas,US,78749
QA Systems,qasystems.com,qasystems.com,,,Consumer Electronics,Austin,Texas,US,78724
Simple AV,simpleavaustintx.com,simpleavaustintx.com,https://www.linkedin.com/company/simpleavaustin,,Consumer Electronics,Austin,Texas,US,78752
SmartHauz,smarthauz.me,smarthauz.me,https://www.linkedin.com/company/smarthauz,,Consumer Electronics,Austin,Texas,US,78701
Sound Sanctuary Austin,soundsanctuaryaustin.com,soundsanctuaryaustin.com,,,Consumer Electronics,Austin,Texas,US,78738
TSV Sound & Vision,tsvatx.com,tsvatx.com,,,Consumer Electronics,Austin,Texas,US,78758
TV Mounting Austin TX,tvmountingaustintx.com,tvmountingaustintx.com,,,Consumer Electronics,Austin,Texas,US,78703
Texas Media Systems,texasmediasystems.com,texasmediasystems.com,,,Consumer Electronics,Austin,Texas,US,78756
Total Home Technologies,totalhometx.com,totalhometx.com,https://www.linkedin.com/company/total-home-technologies,,Consumer Electronics,Austin,Texas,US,78757
True Protection,truehomeprotection.com,truehomeprotection.com,,,Consumer Electronics,Austin,Texas,US,78704
Tv Mounting Austin,tvmountingaustin.com,tvmountingaustin.com,,,Consumer Electronics,Austin,Texas,US,78745
Underdog Audio Visual,underdogaudiorentals.com,underdogaudiorentals.com,,,Consumer Electronics,Austin,Texas,US,78756
"Waterloo Integrations, LLC",waterloointegrations.org,waterloointegrations.org,,,Consumer Electronics,Austin,Texas,US,78759
Brock Technology Group,brocktg.com,brocktg.com,,,Consumer Electronics,Beaumont,Texas,US,77707
Modern HiFi Nut,modernhifinut.com,modernhifinut.com,,,Consumer Electronics,Bedford,Texas,US,76021
Allied Home Technologies,ahttexas.com,ahttexas.com,,,Consumer Electronics,Benbrook,Texas,US,76126
Taylor Home Theater,taylorhometheater.net,taylorhometheater.net,,,Consumer Electronics,Brock,Texas,US,76087
Power Solutions Electric,powersolutionsep.com,powersolutionsep.com,,,Consumer Electronics,Canutillo,Texas,US,79835
AVL Dallas,avldallas.com,avldallas.com,,,Consumer Electronics,Carrollton,Texas,US,75006
Dallas Audio Post,dallasaudiopost.com,dallasaudiopost.com,,,Consumer Electronics,Carrollton,Texas,US,75006
DeVance Electronic Lifestyle,devance.tv,devance.tv,https://www.linkedin.com/company/devance-av-design-llc,,Consumer Electronics,Carrollton,Texas,US,75006
Home Theater Gallery,thehometheatergallery.com,thehometheatergallery.com,,,Consumer Electronics,Carrollton,Texas,US,75007
Bennett Technologies,gobentec.com,gobentec.com,https://www.linkedin.com/company/gobentec,,Consumer Electronics,Cedar Park,Texas,US,78613
Service Tech Inc,servicetechav.com,servicetechav.com,https://www.linkedin.com/company/service-tech-lsav,,Consumer Electronics,Cedar Park,Texas,US,78613
mero CONCEPTS,meroconcepts.com,meroconcepts.com,https://www.linkedin.com/company/mero-concepts,,Consumer Electronics,Cedar Park,Texas,US,78613
Automation Integration,automationintegration.net,automationintegration.net,,,Consumer Electronics,Celina,Texas,US,75009
Smart Home Solutions,smarthometexas.net,smarthometexas.net,,,Consumer Electronics,Colleyville,Texas,US,76034
Elite Automation & Technology,elite-at.com,elite-at.com,,,Consumer Electronics,Conroe,Texas,US,77302
New Generation Home Pro Inc – Home Alarm and Camera Systems,newgenerationhomepro.com,newgenerationhomepro.com,,,Consumer Electronics,Conroe,Texas,US,77304
Verum AV Solutions,verumav.com,verumav.com,,,Consumer Electronics,Conroe,Texas,US,77301
"Wired 4 Sound & Video, LLC",321wire.com,321wire.com,,,Consumer Electronics,Corinth,Texas,US,76210
360 Solutions Group,360tcpm.com,360tcpm.com,,,Consumer Electronics,Corpus Christi,Texas,US,78415
"Absolute Alarm, Inc.",absolutealarminc.com,absolutealarminc.com,,,Consumer Electronics,Corpus Christi,Texas,US,78413
Advanced Nations Audio Video,anavrentals.com,anavrentals.com,,,Consumer Electronics,Corpus Christi,Texas,US,78405
"American Integrated Solutions, Inc.",aisfirst.com,aisfirst.com,,,Consumer Electronics,Corpus Christi,Texas,US,78412
Avitech,avitech.org,avitech.org,,,Consumer Electronics,Corpus Christi,Texas,US,78418
B & R Telephone,brtelephone.com,brtelephone.com,,,Consumer Electronics,Corpus Christi,Texas,US,78411
Bodine-Scott Air Conditioning & Plumbing Co.,bodinescott.com,bodinescott.com,,,Consumer Electronics,Corpus Christi,Texas,US,78405
Circle Industries,circleind.com,circleind.com,https://www.linkedin.com/company/circle-industries-inc.,,Consumer Electronics,Corpus Christi,Texas,US,78418
Connect My New Home,connectmynewhome.com,connectmynewhome.com,,,Consumer Electronics,Corpus Christi,Texas,US,78415
Directek Inc.,directekinc.com,directekinc.com,,,Consumer Electronics,Corpus Christi,Texas,US,78415
Dynamark Security Centers,dynamark.cc,dynamark.cc,,,Consumer Electronics,Corpus Christi,Texas,US,78413
"E-Alarm & Surveillance, LLC",ealarmandsurveillance.com,ealarmandsurveillance.com,,,Consumer Electronics,Corpus Christi,Texas,US,78411
Eagle Automation Corporation,posci.net,posci.net,,,Consumer Electronics,Corpus Christi,Texas,US,78409
Echelon Home Theater and Security,echelonhts.com,echelonhts.com,,,Consumer Electronics,Corpus Christi,Texas,US,78411
Electronic Solutions Inc,texaselectronicsolutions.com,texaselectronicsolutions.com,,,Consumer Electronics,Corpus Christi,Texas,US,78413
G&C Optimization,gcoptimization.com,gcoptimization.com,,,Consumer Electronics,Corpus Christi,Texas,US,78408
High Touch Technologies,hightouchtechnologies.com,hightouchtechnologies.com,https://www.linkedin.com/company/high-touch-technologies,,Consumer Electronics,Corpus Christi,Texas,US,78411
Integrated Communication Services,icsdigitalmarketing.com,icsdigitalmarketing.com,,,Consumer Electronics,Corpus Christi,Texas,US,78411
LEDZ Production Studios,ledzproduction.com,ledzproduction.com,,,Consumer Electronics,Corpus Christi,Texas,US,78413
Legacy Alarms,legacyalarm.com,legacyalarm.com,,,Consumer Electronics,Corpus Christi,Texas,US,78413
MRI Automation,mriautomation.com,mriautomation.com,,,Consumer Electronics,Corpus Christi,Texas,US,78408
"Mathews CCAC Heating, Cooling, Plumbing & Electrical",ccacac.com,ccacac.com,,,Consumer Electronics,Corpus Christi,Texas,US,78411
NRG Engineering,nrgcc.com,nrgcc.com,https://www.linkedin.com/company/nrgcc,,Consumer Electronics,Corpus Christi,Texas,US,78411
"Praesidium Systems, Inc.",psionsite.com,psionsite.com,,,Consumer Electronics,Corpus Christi,Texas,US,78411
Precision Air,precisionaircc.com,precisionaircc.com,,,Consumer Electronics,Corpus Christi,Texas,US,78401
"Pro Tech Mechanical, Inc.",protechmech.com,protechmech.com,,,Consumer Electronics,Corpus Christi,Texas,US,78417
"RH Electrical and Maintenance, Inc.",rhelectricalandmaintenance.com,rhelectricalandmaintenance.com,,,Consumer Electronics,Corpus Christi,Texas,US,78415
Randolph Door & Lighting,randolphscc.com,randolphscc.com,,,Consumer Electronics,Corpus Christi,Texas,US,78415
Red Alarm,redalarmsecurity.com,redalarmsecurity.com,,,Consumer Electronics,Corpus Christi,Texas,US,78412
Schiit Audio,schiit.com,schiit.com,,,Consumer Electronics,Corpus Christi,Texas,US,78408
"Sec-Ops, Inc.",secopsinc.com,secopsinc.com,,,Consumer Electronics,Corpus Christi,Texas,US,78404
Solar Power Integrator,solarpowerintegrator.com,solarpowerintegrator.com,,,Consumer Electronics,Corpus Christi,Texas,US,78418
South Texas Comfort Control L.L.C,stccaire.com,stccaire.com,,,Consumer Electronics,Corpus Christi,Texas,US,78418
Swift Air,swiftaircc.com,swiftaircc.com,,,Consumer Electronics,Corpus Christi,Texas,US,78408
Synergy Home and Commercial Services,synergyhomeandcommercial.com,synergyhomeandcommercial.com,,,Consumer Electronics,Corpus Christi,Texas,US,78413
TexasTechs Pro AV Support,avcorpuschristi.com,avcorpuschristi.com,,,Consumer Electronics,Corpus Christi,Texas,US,78411
Third Coast Controls,thirdcoastcontrols.com,thirdcoastcontrols.com,,,Consumer Electronics,Corpus Christi,Texas,US,78401
coastal digital home technologies,coastaldigitalhometechnologies.com,coastaldigitalhometechnologies.com,,,Consumer Electronics,Corpus Christi,Texas,US,78418
Capitol Technology Group,capitoltechnologygroup.com,capitoltechnologygroup.com,https://www.linkedin.com/company/capitoltechnologygroup,,Consumer Electronics,Cypress,Texas,US,77429
Ace Integrated Technologies,aceintegratedtech.com,aceintegratedtech.com,,,Consumer Electronics,Dallas,Texas,US,75220
Audio Video Solutions,audiovideosolutions.org,audiovideosolutions.org,https://www.linkedin.com/company/audio-video-solutions-dfw,,Consumer Electronics,Dallas,Texas,US,75230
AudioConcepts,audio-concepts.com,audio-concepts.com,,,Consumer Electronics,Dallas,Texas,US,75230
Crossroads Audio Inc.,crossroadsaudio.com,crossroadsaudio.com,,,Consumer Electronics,Dallas,Texas,US,75220
Dallas Extreme,dallasextreme.com,dallasextreme.com,,,Consumer Electronics,Dallas,Texas,US,75252
Douglas Systems LLC,hometheaterinstallationdfw.com,hometheaterinstallationdfw.com,,,Consumer Electronics,Dallas,Texas,US,75254
Electronic Interiors Inc,electronicinteriors.net,electronicinteriors.net,,,Consumer Electronics,Dallas,Texas,US,75207
Elliston Systems & Design,ellistonsystems.com,ellistonsystems.com,,,Consumer Electronics,Dallas,Texas,US,75207
Evolve Technologies,evolvedallas.com,evolvedallas.com,https://www.linkedin.com/company/evolvedallas,,Consumer Electronics,Dallas,Texas,US,75208
Frontline AVS,frontlineavs.com,frontlineavs.com,,,Consumer Electronics,Dallas,Texas,US,75252
Highlife Audio Fabrication,highlife-audio.com,highlife-audio.com,,,Consumer Electronics,Dallas,Texas,US,75231
Hometronics Inc,hometronics.com,hometronics.com,,,Consumer Electronics,Dallas,Texas,US,75252
IQueue Media Company,iqueuemediacompany.com,iqueuemediacompany.com,,,Consumer Electronics,Dallas,Texas,US,75243
Integrated Lifestyles,integratedlifestylesinc.com,integratedlifestylesinc.com,https://www.linkedin.com/company/integrated-lifestyles,,Consumer Electronics,Dallas,Texas,US,75243
JM Integrators,jmintegrators.com,jmintegrators.com,,,Consumer Electronics,Dallas,Texas,US,75230
Kelltech Systems,kelltech.com,kelltech.com,,,Consumer Electronics,Dallas,Texas,US,75226
Kore Multimedia Solutions,koremmsolutions.com,koremmsolutions.com,,,Consumer Electronics,Dallas,Texas,US,75243
Metroplex Smart Homes,metroplexsmarthomes.com,metroplexsmarthomes.com,https://www.linkedin.com/company/metroplex-smart-homes,,Consumer Electronics,Dallas,Texas,US,75247
NTi Technologies Structured & Network Cabling,justcabling.com,justcabling.com,,,Consumer Electronics,Dallas,Texas,US,75234
OPTIMA,myoptimaservices.com,myoptimaservices.com,,,Consumer Electronics,Dallas,Texas,US,75254
Park Cities Audio Video,parkcitiesaudiovideo.com,parkcitiesaudiovideo.com,,,Consumer Electronics,Dallas,Texas,US,75206
Paul Labute Inc.,plabute.com,plabute.com,,,Consumer Electronics,Dallas,Texas,US,75238
Showtech Productions Inc,showtechproductions.com,showtechproductions.com,https://www.linkedin.com/company/2412988,,Consumer Electronics,Dallas,Texas,US,75247
SmartHome Electric Pros,pertok.com,pertok.com,,,Consumer Electronics,Dallas,Texas,US,75247
Starpower,star-power.com,star-power.com,,,Consumer Electronics,Dallas,Texas,US,75248
TV Mounting DFW LLC,tvmountingdfw.com,tvmountingdfw.com,,,Consumer Electronics,Dallas,Texas,US,75201
TV Mounting Dallas,tvmountingdallas.com,tvmountingdallas.com,,,Consumer Electronics,Dallas,Texas,US,75219
TekMax Technologies,tekmaxtechnologies.com,tekmaxtechnologies.com,,,Consumer Electronics,Dallas,Texas,US,75252
TruControls,trucontrols.com,trucontrols.com,,,Consumer Electronics,Dallas,Texas,US,75229
TruDefinition,trudefinition.com,trudefinition.com,https://www.linkedin.com/company/trudefinition,,Consumer Electronics,Dallas,Texas,US,75208
USA Smart Homes,usa-smarthomes.com,usa-smarthomes.com,,,Consumer Electronics,Dallas,Texas,US,75243
YES INSTALLATION,yesinstallation.com,yesinstallation.com,https://www.linkedin.com/company/yes-audio-video,,Consumer Electronics,Dallas,Texas,US,75228
AWS Smart Home,awssmarthome.com,awssmarthome.com,https://www.linkedin.com/company/aws-smart-home,,Consumer Electronics,DeSoto,Texas,US,75115
Adaptiv Automation,adaptivautomation.com,adaptivautomation.com,,,Consumer Electronics,Deer Park,Texas,US,77536
"CGI Systems Group, LLC",cgi-systems.com,cgi-systems.com,,,Consumer Electronics,Denton,Texas,US,76208
RGV Performance & Audio Shop,rgvperformance.com,rgvperformance.com,,,Consumer Electronics,Donna,Texas,US,78537
ElTech Electrical & Instrumentation LLP,eltechelectricinstruments.com,eltechelectricinstruments.com,,,Consumer Electronics,Edinburg,Texas,US,78539
"Texas Security Systems, LLC",tssrgv.com,tssrgv.com,,,Consumer Electronics,Edinburg,Texas,US,78541
1st Alarm Security El Paso,firstalarmsecurity.net,firstalarmsecurity.net,,,Consumer Electronics,El Paso,Texas,US,79938
A/V CONCEPTS AND SECURITY LLC,avconceptsandsecurity.com,avconceptsandsecurity.com,,,Consumer Electronics,El Paso,Texas,US,79935
"AVS Special Systems, Inc.",avselpaso.com,avselpaso.com,,,Consumer Electronics,El Paso,Texas,US,79924
AVX Tech Warehouse,avx-tech.com,avx-tech.com,,,Consumer Electronics,El Paso,Texas,US,79925
"Access Communications Group, LLC",acglp.com,acglp.com,,,Consumer Electronics,El Paso,Texas,US,79901
Advanced Broadcast Services,advancedbroadcastservices.com,advancedbroadcastservices.com,,,Consumer Electronics,El Paso,Texas,US,79912
Audio Express,audioexpress.com,audioexpress.com,,,Consumer Electronics,El Paso,Texas,US,79936
Audio Fanatics Llc,audiofanaticsllc.com,audiofanaticsllc.com,,,Consumer Electronics,El Paso,Texas,US,79904
Axess Multimedia,axess.agency,axess.agency,,,Consumer Electronics,El Paso,Texas,US,79903
Caldwell Electric,caldwellelectrical.com,caldwellelectrical.com,,,Consumer Electronics,El Paso,Texas,US,79935
"Camera Hogs, LLC",camerahogsllc.com,camerahogsllc.com,,,Consumer Electronics,El Paso,Texas,US,79932
Control & Electronics P G Co,controlelectronicspg.com,controlelectronicspg.com,,,Consumer Electronics,El Paso,Texas,US,79915
Control & Equipment Company,controlandequipment.com,controlandequipment.com,,,Consumer Electronics,El Paso,Texas,US,79903
"Custom AV, L.L.C.",customavd.com,customavd.com,,,Consumer Electronics,El Paso,Texas,US,79912
"Custom Domotics, LLC",customdomotics.com,customdomotics.com,,,Consumer Electronics,El Paso,Texas,US,79922
Dark and Loud,darkandloud.com,darkandloud.com,,,Consumer Electronics,El Paso,Texas,US,79936
Designer's Mart Showroom,designers-mart.com,designers-mart.com,,,Consumer Electronics,El Paso,Texas,US,79915
Elevate Home Services,elevatehomeupgradeservices.com,elevatehomeupgradeservices.com,,,Consumer Electronics,El Paso,Texas,US,79901
Entero Automation,enteroautomation.com,enteroautomation.com,,,Consumer Electronics,El Paso,Texas,US,79902
Everon,everonsolutions.com,everonsolutions.com,https://www.linkedin.com/company/everon-solutions,,Consumer Electronics,El Paso,Texas,US,79936
FRAME Studios,frame-video.com,frame-video.com,,,Consumer Electronics,El Paso,Texas,US,79905
Frontier Automation Inc.,frontierautomation.com,frontierautomation.com,,,Consumer Electronics,El Paso,Texas,US,79907
Goliath Security Services are El Paso's Surveillance and Smart Home Systems Experts,goliathsecurityservices.com,goliathsecurityservices.com,,,Consumer Electronics,El Paso,Texas,US,79907
HB Pro Sound,hbprosound.com,hbprosound.com,,,Consumer Electronics,El Paso,Texas,US,79905
"Hoffer Technologies, LLC.",hoffertechnologies.com,hoffertechnologies.com,,,Consumer Electronics,El Paso,Texas,US,79912
HomeWorx Solutions,homeworxsolutions.com,homeworxsolutions.com,,,Consumer Electronics,El Paso,Texas,US,79936
Itech Automation,itechelpaso.com,itechelpaso.com,,,Consumer Electronics,El Paso,Texas,US,79925
LEED Home and Business Solutions,leednow.com,leednow.com,,,Consumer Electronics,El Paso,Texas,US,79905
MDM Entertainment Productions​,mdmelp.com,mdmelp.com,,,Consumer Electronics,El Paso,Texas,US,79912
Maser Security Alarms INC,masersecurity.com,masersecurity.com,,,Consumer Electronics,El Paso,Texas,US,79936
Master Alarm Tech Systems LLC,masteralarmtech.com,masteralarmtech.com,,,Consumer Electronics,El Paso,Texas,US,79928
Owl Cartel Event Productions LLC,owlcartel.com,owlcartel.com,,,Consumer Electronics,El Paso,Texas,US,79936
"PC Automated Controls, Inc.",pcautomatedcontrols.com,pcautomatedcontrols.com,https://www.linkedin.com/company/pc-automated-controls-inc.,,Consumer Electronics,El Paso,Texas,US,79924
Prewire of El Paso Inc,prewireofelpaso.com,prewireofelpaso.com,,,Consumer Electronics,El Paso,Texas,US,79935
Protech Home Systems,protechhomesystems.com,protechhomesystems.com,,,Consumer Electronics,El Paso,Texas,US,79912
Resident Technology Security Services,resident-technology.com,resident-technology.com,,,Consumer Electronics,El Paso,Texas,US,79936
Results Video LLC,resultsvideo.com,resultsvideo.com,,,Consumer Electronics,El Paso,Texas,US,79922
Royal Elect Studios,royalelectstudios.com,royalelectstudios.com,,,Consumer Electronics,El Paso,Texas,US,79936
SRB PRO,srbpro.com,srbpro.com,,,Consumer Electronics,El Paso,Texas,US,79936
Secure Electrical Contractors Inc,securecontractorsinc.com,securecontractorsinc.com,,,Consumer Electronics,El Paso,Texas,US,79938
Smart House Improvement LLC,smarthouseimprovement.com,smarthouseimprovement.com,,,Consumer Electronics,El Paso,Texas,US,79936
SoundQuest,soundquestinc.com,soundquestinc.com,,,Consumer Electronics,El Paso,Texas,US,79912
South Coast Audio,southcoastaudio.com,southcoastaudio.com,,,Consumer Electronics,El Paso,Texas,US,79932
"System Integrations | El Paso, TX",systemintegrationsep.com,systemintegrationsep.com,,,Consumer Electronics,El Paso,Texas,US,79936
TechPro Audio and Video,techpro-av.com,techpro-av.com,,,Consumer Electronics,El Paso,Texas,US,79912
Texas Boombox Factory,texasboombox.com,texasboombox.com,,,Consumer Electronics,El Paso,Texas,US,79905
The Home Depot,homedepot.com,homedepot.com,,,Consumer Electronics,El Paso,Texas,US,79936
Thunderbird Digital,thunderbirddigital.com,thunderbirddigital.com,,,Consumer Electronics,El Paso,Texas,US,79912
Empire AV Services and Installations,empireservicesdallas.com,empireservicesdallas.com,,,Consumer Electronics,Farmers Branch,Texas,US,75244
Home Theater Design Group,h-t-d.com,h-t-d.com,https://www.linkedin.com/company/home-theater-design-group,,Consumer Electronics,Farmers Branch,Texas,US,75244
"Multimedia Solutions, Inc",multimediasolutionsgroup.com,multimediasolutionsgroup.com,,,Consumer Electronics,Farmers Branch,Texas,US,75234
Pro-TechT,pro-techt.com,pro-techt.com,,,Consumer Electronics,Farmers Branch,Texas,US,75234
Audio Video Solutions,avsolutionstx.com,avsolutionstx.com,https://www.linkedin.com/company/audio-video-solutions-denton,,Consumer Electronics,Flower Mound,Texas,US,75022
Fort Worth Lighting,ftworthlighting.com,ftworthlighting.com,,,Consumer Electronics,Forest Hill,Texas,US,76119
Smart Digital Life Home Security,atandtdigitallifehomesecurity.mybusiness.site,atandtdigitallifehomesecurity.mybusiness.site,,,Consumer Electronics,Fort Hood,Texas,US,76544
"Any Event Productions, LLC",anyevent.productions,anyevent.productions,,,Consumer Electronics,Fort Worth,Texas,US,76133
CED Group,cedgroupusa.com,cedgroupusa.com,,,Consumer Electronics,Fort Worth,Texas,US,76102
Chisholm Security,chisholmsecurity.com,chisholmsecurity.com,https://www.linkedin.com/company/chisholm-security,,Consumer Electronics,Fort Worth,Texas,US,76132
DC Car Audio,d-c-car-audio.poi.place,d-c-car-audio.poi.place,,,Consumer Electronics,Fort Worth,Texas,US,76119
DFW Security,dfwsecurity.com,dfwsecurity.com,https://www.linkedin.com/company/dfw-security,,Consumer Electronics,Fort Worth,Texas,US,76118
Digital Power House,hometheatersolutionsfortworth.com,hometheatersolutionsfortworth.com,,,Consumer Electronics,Fort Worth,Texas,US,76108
Eagle AVL,eagleavl.com,eagleavl.com,,,Consumer Electronics,Fort Worth,Texas,US,76140
H Customs Audio Video,hcustoms.com,hcustoms.com,,,Consumer Electronics,Fort Worth,Texas,US,76119
MechTrend Solutions LLC,mechtrend.com,mechtrend.com,,,Consumer Electronics,Fort Worth,Texas,US,76140
Seaton Automation LLC,seatonas.com,seatonas.com,,,Consumer Electronics,Fort Worth,Texas,US,76119
Sound Ideas,sihometheater.com,sihometheater.com,,,Consumer Electronics,Fort Worth,Texas,US,76116
TRUELOVE SECURITY,truelovesecurity.com,truelovesecurity.com,,,Consumer Electronics,Fort Worth,Texas,US,76104
Visionary Smarthomes,visionarysmarthomes.com,visionarysmarthomes.com,,,Consumer Electronics,Fort Worth,Texas,US,76137
Fused Electric,fusedelectrictx.com,fusedelectrictx.com,,,Consumer Electronics,Fredericksburg,Texas,US,78624
Ricks Audio Video,ricksav.com,ricksav.com,,,Consumer Electronics,Fredericksburg,Texas,US,78624
Jarvis Smart Homes,jarvissmarthomes.com,jarvissmarthomes.com,https://www.linkedin.com/company/jarvis-smart-homes,,Consumer Electronics,Friendswood,Texas,US,77546
AutoNation Ford Frisco,autonationfordfrisco.com,autonationfordfrisco.com,,,Consumer Electronics,Frisco,Texas,US,75034
BritePro AV Home Theater Showroom,briteproav.com,briteproav.com,,,Consumer Electronics,Frisco,Texas,US,75035
Center Stage A/V,centerstagetx.com,centerstagetx.com,,,Consumer Electronics,Frisco,Texas,US,75033
DFW AV PROS,dfwavpros.com,dfwavpros.com,,,Consumer Electronics,Frisco,Texas,US,75035
Divine Audio Visual,avoftomorrow.com,avoftomorrow.com,,,Consumer Electronics,Frisco,Texas,US,75033
Home Cinema Solutions,homecinema.solutions,homecinema.solutions,,,Consumer Electronics,Frisco,Texas,US,75034
Ideal Installs,idealinstalls.com,idealinstalls.com,,,Consumer Electronics,Frisco,Texas,US,75035
MS Installations,msinstallationsav.com,msinstallationsav.com,,,Consumer Electronics,Frisco,Texas,US,75034
PRO TV MOUNTING PLUS LLC,protvmountingplusllc.com,protvmountingplusllc.com,,,Consumer Electronics,Frisco,Texas,US,75034
Renewed Concepts,renewedconcepts.com,renewedconcepts.com,,,Consumer Electronics,Frisco,Texas,US,75034
Safe and Sound Unlimited,friscohomesecuritysystems.com,friscohomesecuritysystems.com,,,Consumer Electronics,Frisco,Texas,US,75034
Simpele,simpele.co,simpele.co,,,Consumer Electronics,Frisco,Texas,US,75036
Stereo East Home Theater,stereoeast.com,stereoeast.com,,,Consumer Electronics,Frisco,Texas,US,75034
TV MOUNTING SOLUTIONS,tvmounting-solutions.com,tvmounting-solutions.com,,,Consumer Electronics,Frisco,Texas,US,75034
Texas Smart Home Systems,texshs.com,texshs.com,,,Consumer Electronics,Frisco,Texas,US,75034
Theater Advice,theateradvice.com,theateradvice.com,,,Consumer Electronics,Frisco,Texas,US,75033
Texas Automation Systems,txautosys.com,txautosys.com,https://www.linkedin.com/company/texas-automation-systems,,Consumer Electronics,Grand Prairie,Texas,US,75050
Video General,videogeneral.com,videogeneral.com,https://www.linkedin.com/company/video-general-inc.,,Consumer Electronics,Grand Prairie,Texas,US,75050
"AGPAV, LLC",agpav.com,agpav.com,https://www.linkedin.com/company/agpav-llc,,Consumer Electronics,Grapevine,Texas,US,76051
Smart Home Construction,smarthomeconstruction.com,smarthomeconstruction.com,https://www.linkedin.com/company/smart-home-construction-ltd,,Consumer Electronics,Harlingen,Texas,US,78552
Next Level Automations,nextlevelautomations.net,nextlevelautomations.net,,,Consumer Electronics,Haslet,Texas,US,76052
Hoarty's Home & Commercial Services,timhoarty.com,timhoarty.com,,,Consumer Electronics,Heath,Texas,US,75032
Triumph AV,triumphav.com,triumphav.com,,,Consumer Electronics,Heath,Texas,US,75032
System Works Inc,systemworkshometheatre.com,systemworkshometheatre.com,,,Consumer Electronics,Helotes,Texas,US,78023
"Custom Integrators, LLC",mycustomintegrators.com,mycustomintegrators.com,,,Consumer Electronics,Hewitt,Texas,US,76643
Elite Audio Solutions,marblefallsaudio.com,marblefallsaudio.com,,,Consumer Electronics,Horseshoe Bay,Texas,US,78657
Horseshoe Bay Audio Video,hsbaudiovideo.com,hsbaudiovideo.com,,,Consumer Electronics,Horseshoe Bay,Texas,US,78657
Sound Design,sounddesigntx.com,sounddesigntx.com,,,Consumer Electronics,Horseshoe Bay,Texas,US,78657
3mA Audio,3maaudio.com,3maaudio.com,,,Consumer Electronics,Houston,Texas,US,77027
A Plus Audio Video Conferencing,aplusconferencing.com,aplusconferencing.com,,,Consumer Electronics,Houston,Texas,US,77063
AV2GO,av2go.com,av2go.com,,,Consumer Electronics,Houston,Texas,US,77081
AVS Concepts,avschouston.com,avschouston.com,,,Consumer Electronics,Houston,Texas,US,77040
Allied Home Security & Alarm Monitoring Houston,alliedhomesecurity.net,alliedhomesecurity.net,,,Consumer Electronics,Houston,Texas,US,77066
Audio Video Guys Inc.,avguys.net,avguys.net,,,Consumer Electronics,Houston,Texas,US,77040
Aveon Inc.,aveon.com,aveon.com,,,Consumer Electronics,Houston,Texas,US,77098
Brightengale,brightengale.com,brightengale.com,,,Consumer Electronics,Houston,Texas,US,77018
CTI - Houston,cti.com,cti.com,https://www.linkedin.com/company/conference-technologies,,Consumer Electronics,Houston,Texas,US,77055
ConnectOne,connectonesmarthome.com,connectonesmarthome.com,,,Consumer Electronics,Houston,Texas,US,77064
Custom Theater Solutions LLC,ctstheater.com,ctstheater.com,,,Consumer Electronics,Houston,Texas,US,77063
DataVox,datavox.net,datavox.net,,,Consumer Electronics,Houston,Texas,US,77072
Datasmart Home Technologies & Duncan Security Technology Showroom,datasmartllc.com,datasmartllc.com,https://www.linkedin.com/company/datasmart-duncansecurity,,Consumer Electronics,Houston,Texas,US,77064
Digital Delight,digitaldelight.com,digitaldelight.com,,,Consumer Electronics,Houston,Texas,US,77036
Digital Pro A/V Installations,dpinstall.com,dpinstall.com,,,Consumer Electronics,Houston,Texas,US,77074
Echo Workshop,echoworkshop.com,echoworkshop.com,,,Consumer Electronics,Houston,Texas,US,77082
Electronic Dreams,electronicdreams.biz,electronicdreams.biz,,,Consumer Electronics,Houston,Texas,US,77081
"Elevated AV Production, LLC",elevatedavproduction.com,elevatedavproduction.com,,,Consumer Electronics,Houston,Texas,US,77065
Empire AV Services & Installations LLC,empireavservices.com,empireavservices.com,,,Consumer Electronics,Houston,Texas,US,77027
EyeOn Integrated Systems,eyeonis.com,eyeonis.com,,,Consumer Electronics,Houston,Texas,US,77040
FE Smart Home,fesmarthome.com,fesmarthome.com,https://www.linkedin.com/company/fe-solutions,,Consumer Electronics,Houston,Texas,US,77057
First Source Electrical,fs-electrical.com,fs-electrical.com,,,Consumer Electronics,Houston,Texas,US,77041
Grid HiFi & Home Theater,gridhifi.com,gridhifi.com,https://www.linkedin.com/company/grid-hifi,,Consumer Electronics,Houston,Texas,US,77081
HOME SECURITY SYSTEMS,homesecuritysystemsinc.com,homesecuritysystemsinc.com,,,Consumer Electronics,Houston,Texas,US,77043
Hargrett Electronics LLC,hargrettelectronics.com,hargrettelectronics.com,https://www.linkedin.com/company/hargrett-electronics,,Consumer Electronics,Houston,Texas,US,77079
Home Gadgets,homegadget.net,homegadget.net,,,Consumer Electronics,Houston,Texas,US,77098
Home Theater Houston,hometheaterhouston.com,hometheaterhouston.com,,,Consumer Electronics,Houston,Texas,US,77056
Houston Custom Installers,houstoncustominstallers.com,houstoncustominstallers.com,https://www.linkedin.com/company/houstoncustominstallers,,Consumer Electronics,Houston,Texas,US,77056
Houston PerfectView TV Mounting,houstonperfectviewtvmounting.com,houstonperfectviewtvmounting.com,,,Consumer Electronics,Houston,Texas,US,77098
Houston Tv Installers LLC,houstontvinstallersllc.com,houstontvinstallersllc.com,,,Consumer Electronics,Houston,Texas,US,77057
Icon Luxury Sound,iconluxurysound.com,iconluxurysound.com,,,Consumer Electronics,Houston,Texas,US,77007
Infassure,infassure.com,infassure.com,,,Consumer Electronics,Houston,Texas,US,77063
Intralife Consulting - Home Technology,intralifeconsulting.com,intralifeconsulting.com,,,Consumer Electronics,Houston,Texas,US,77092
LD Systems,ldsystems.com,ldsystems.com,,,Consumer Electronics,Houston,Texas,US,77018
Light-Tech Inc.,lighttechinc.com,lighttechinc.com,,,Consumer Electronics,Houston,Texas,US,77035
Logan Home Theater & Automation,loganhometheater.com,loganhometheater.com,https://www.linkedin.com/company/logan-home-theater-automation,,Consumer Electronics,Houston,Texas,US,77099
M&M Lighting,mmlighting.com,mmlighting.com,,,Consumer Electronics,Houston,Texas,US,77081
MODIA Immersive Entertainment,modia.com,modia.com,,,Consumer Electronics,Houston,Texas,US,77057
"MODMEDIA SYSTEMS, LLC",modmediasystems.com,modmediasystems.com,,,Consumer Electronics,Houston,Texas,US,77024
Media Design,mediadesigninc.com,mediadesigninc.com,,,Consumer Electronics,Houston,Texas,US,77055
Media Systems Inc.,mediasystems.com,mediasystems.com,https://www.linkedin.com/company/media-systems-inc.,,Consumer Electronics,Houston,Texas,US,77024
Multimedia Tech Houston,mymultimediatech.com,mymultimediatech.com,,,Consumer Electronics,Houston,Texas,US,77006
NXT Level Smart Home,nxtlevelsmarthome.com,nxtlevelsmarthome.com,https://www.linkedin.com/company/nxt-level-smart-home-llc,,Consumer Electronics,Houston,Texas,US,77043
Noslar Ti,noslarti.com,noslarti.com,https://www.linkedin.com/company/noslar-t-i-inc-,,Consumer Electronics,Houston,Texas,US,77092
ONE10AV LLC,one10av.com,one10av.com,,,Consumer Electronics,Houston,Texas,US,77024
Otwav,otwav.com,otwav.com,https://www.linkedin.com/company/officialotwav,,Consumer Electronics,Houston,Texas,US,77036
Protech Communications Inc,protech-home.com,protech-home.com,,,Consumer Electronics,Houston,Texas,US,77033
RND Technology (Home Theater & Automation),rndtek.com,rndtek.com,,,Consumer Electronics,Houston,Texas,US,77084
Relative Home Systems,relativehomesystems.com,relativehomesystems.com,https://www.linkedin.com/company/relative-home-systems,,Consumer Electronics,Houston,Texas,US,77069
Simplistic Audio Video,simplisticav.com,simplisticav.com,,,Consumer Electronics,Houston,Texas,US,77055
SmartNUP,smartnuphomeautomation.com,smartnuphomeautomation.com,https://www.linkedin.com/company/smartnupllc,,Consumer Electronics,Houston,Texas,US,77042
Smooth Waves Home Automation Services,smoothwaveshouston.com,smoothwaveshouston.com,,,Consumer Electronics,Houston,Texas,US,77057
SounDesign.io,soundesign.io,soundesign.io,,,Consumer Electronics,Houston,Texas,US,77092
TV Installation Houston,tvinstallationhouston.com,tvinstallationhouston.com,,,Consumer Electronics,Houston,Texas,US,77002
TWIST Integration Solutions Technology (a TapeWorks Texas company),twistist.com,twistist.com,https://www.linkedin.com/company/twistist,,Consumer Electronics,Houston,Texas,US,77092
TX AV Productions,txavpro.com,txavpro.com,,,Consumer Electronics,Houston,Texas,US,77099
Techology-Experts,techology-experts.com,techology-experts.com,,,Consumer Electronics,Houston,Texas,US,77084
Texas Smart Integration,integratetx.com,integratetx.com,,,Consumer Electronics,Houston,Texas,US,77046
"The Shade Shop, Inc.",theshadeshop.net,theshadeshop.net,,,Consumer Electronics,Houston,Texas,US,77027
Titan Technology,titantechnology.tv,titantechnology.tv,https://www.linkedin.com/company/titan-technology-llc,,Consumer Electronics,Houston,Texas,US,77082
US I.T Infrastructure,usitinfrastructures.com,usitinfrastructures.com,,,Consumer Electronics,Houston,Texas,US,77079
Unique HD Audio Video Designs,uniquehd.net,uniquehd.net,https://www.linkedin.com/company/unique-hd,,Consumer Electronics,Houston,Texas,US,77055
Unlimited Integration,unlimitedintegration.com,unlimitedintegration.com,,,Consumer Electronics,Houston,Texas,US,77074
Way Better Sound and Visuals,wbsav.com,wbsav.com,https://www.linkedin.com/company/way-better-sound,,Consumer Electronics,Houston,Texas,US,77018
Xtreme Audio & Video,xtreme-audio-video.com,xtreme-audio-video.com,https://www.linkedin.com/company/xtreme-audio-and-video,,Consumer Electronics,Houston,Texas,US,77033
Zain Audiovisuals and Computer Sevices,zainav.com,zainav.com,,,Consumer Electronics,Houston,Texas,US,77099
iconic.systems,iconicinc.com,iconicinc.com,,,Consumer Electronics,Houston,Texas,US,77007
Clover Automation & Design,clovermyhome.com,clovermyhome.com,https://www.linkedin.com/company/cloverautomationanddesign,,Consumer Electronics,Hurst,Texas,US,76053
SAFE Solutions,safesolutions.us,safesolutions.us,,,Consumer Electronics,Hurst,Texas,US,76053
"BryComm, LLC",brycomm.com,brycomm.com,,,Consumer Electronics,Hutto,Texas,US,78634
Securimax Inc.,securimaxinc.com,securimaxinc.com,,,Consumer Electronics,Hutto,Texas,US,78634
Sterling AV Systems,sterlingavsystems.com,sterlingavsystems.com,,,Consumer Electronics,Hutto,Texas,US,78634
The Install Spot,theinstallspot.com,theinstallspot.com,,,Consumer Electronics,Irving,Texas,US,75063
FNC Home Theater,fnchometheater.com,fnchometheater.com,,,Consumer Electronics,Katy,Texas,US,77494
KMR AV,kmrav.com,kmrav.com,,,Consumer Electronics,Katy,Texas,US,77494
A V H D,advancedavhd.com,advancedavhd.com,,,Consumer Electronics,Keller,Texas,US,76248
Audio Video Technologies,myavt.com,myavt.com,,,Consumer Electronics,Kerrville,Texas,US,78028
MR Home Automation,mrhomeav.com,mrhomeav.com,,,Consumer Electronics,Kerrville,Texas,US,78028
"HomeSmart Experts, LLC",homesmartexperts.com,homesmartexperts.com,,,Consumer Electronics,Kingsland,Texas,US,78639
Simply VAST,simplyvast.com,simplyvast.com,,,Consumer Electronics,La Feria,Texas,US,78559
Texas State Alarm LLC,texasstatealarm.com,texasstatealarm.com,,,Consumer Electronics,La Feria,Texas,US,78559
AV Automation,avautomation.com,avautomation.com,,,Consumer Electronics,Lakeway,Texas,US,78734
"Next Electronic Systems, Inc.",nextav.com,nextav.com,https://www.linkedin.com/company/next-electronic-systems-inc-,,Consumer Electronics,Lakeway,Texas,US,78734
Genesis Home Theater & Hi-Fi,genesishts.com,genesishts.com,https://www.linkedin.com/company/genesis-home-theater-systems,,Consumer Electronics,Lewisville,Texas,US,75056
TJK Security & Automation,tjksecurity.com,tjksecurity.com,,,Consumer Electronics,Liberty Hill,Texas,US,78642
IGS Homeworks,igshomeworks.com,igshomeworks.com,https://www.linkedin.com/company/sellviadropshipping,,Consumer Electronics,Magnolia,Texas,US,77354
Para Integration,paraintegration.com,paraintegration.com,,,Consumer Electronics,Magnolia,Texas,US,77354
Simplified Integrations,simplifiedintegrations.com,simplifiedintegrations.com,https://www.linkedin.com/company/simplified-integrations,,Consumer Electronics,Magnolia,Texas,US,77355
Vision Integrated Systems,vision-texas.com,vision-texas.com,,,Consumer Electronics,Magnolia,Texas,US,77354
Demand Tech Now,demandtechnow.com,demandtechnow.com,,,Consumer Electronics,Mansfield,Texas,US,76063
"Infinity Sound, Ltd",infinity-sound.com,infinity-sound.com,https://www.linkedin.com/company/infinity-sound-co.,,Consumer Electronics,Mansfield,Texas,US,76063
Smart Home DFW,smarthomedfw.com,smarthomedfw.com,,,Consumer Electronics,Mansfield,Texas,US,76063
Designed Atmospheres,designedatmospheres.com,designedatmospheres.com,,,Consumer Electronics,Marble Falls,Texas,US,78654
Imagine Solutions,toimagine.com,toimagine.com,,,Consumer Electronics,Marble Falls,Texas,US,78654
A+ Glass Tinting,aplusglasstinting.com,aplusglasstinting.com,,,Consumer Electronics,McAllen,Texas,US,78501
ABSOLUTE Services,absolutemcallen.com,absolutemcallen.com,,,Consumer Electronics,McAllen,Texas,US,78504
Antares Systems,antares.systems,antares.systems,,,Consumer Electronics,McAllen,Texas,US,78504
Argus Alarms,argusalarms.com,argusalarms.com,,,Consumer Electronics,McAllen,Texas,US,78504
Automation Station,automationstation.net,automationstation.net,,,Consumer Electronics,McAllen,Texas,US,78504
Backstage Productions LLC,backstageproductions.us,backstageproductions.us,,,Consumer Electronics,McAllen,Texas,US,78504
By Contractor Renovation,bycontractor.com,bycontractor.com,,,Consumer Electronics,McAllen,Texas,US,78501
CUSTOM DESIGNS,customdesignstx.com,customdesignstx.com,,,Consumer Electronics,McAllen,Texas,US,78501
Cine El Rey,facebook.com,facebook.com,,,Consumer Electronics,McAllen,Texas,US,78501
Custom Audio Video,customavpros.com,customavpros.com,,,Consumer Electronics,McAllen,Texas,US,78504
D-Tronics - Car Audio & Window Tint,d-tronics.com,d-tronics.com,,,Consumer Electronics,McAllen,Texas,US,78501
D-Tronics Home & Business,dtronicshomeandbusiness.com,dtronicshomeandbusiness.com,https://www.linkedin.com/company/home-entertainment-by-d-tronics,,Consumer Electronics,McAllen,Texas,US,78501
D-Tronics Security,dtronicssecurity.com,dtronicssecurity.com,https://www.linkedin.com/company/home-entertainment-by-d-tronics,,Consumer Electronics,McAllen,Texas,US,78504
Elite Electric,eliteelectric-rgv.com,eliteelectric-rgv.com,,,Consumer Electronics,McAllen,Texas,US,78504
European Custom Lighting & Furnishing,europeancustomlighting.com,europeancustomlighting.com,,,Consumer Electronics,McAllen,Texas,US,78501
Guitar Center,stores.guitarcenter.com,stores.guitarcenter.com,,,Consumer Electronics,McAllen,Texas,US,78501
Hermes Music,hermesmusic.com,hermesmusic.com,,,Consumer Electronics,McAllen,Texas,US,78501
INGENIUM Projects Solutions and Services LLC,ingeniumpss.com,ingeniumpss.com,,,Consumer Electronics,McAllen,Texas,US,78504
Illuminations,illuminationsrgv.com,illuminationsrgv.com,,,Consumer Electronics,McAllen,Texas,US,78504
Intelligent Engineering Services,ie-services.com,ie-services.com,https://www.linkedin.com/company/intelligent-engineering-services-llp,,Consumer Electronics,McAllen,Texas,US,78501
LFD Home Furnishings,lfdfurniture.com,lfdfurniture.com,,,Consumer Electronics,McAllen,Texas,US,78503
Lexine Structured Wiring,lexinegroup.com,lexinegroup.com,,,Consumer Electronics,McAllen,Texas,US,78501
MARLEN'S GALLERY,marlensgallery.com,marlensgallery.com,,,Consumer Electronics,McAllen,Texas,US,78501
Mach 1 Media,m1mtx.com,m1mtx.com,,,Consumer Electronics,McAllen,Texas,US,78501
My Home LLC,myhomellc.us,myhomellc.us,,,Consumer Electronics,McAllen,Texas,US,78504
"ProElectric, LLC",proelectric.biz,proelectric.biz,,,Consumer Electronics,McAllen,Texas,US,78504
Rio Films,riofilms.tv,riofilms.tv,,,Consumer Electronics,McAllen,Texas,US,78501
Security International Inc State Lic #B02878,sialarm.net,sialarm.net,,,Consumer Electronics,McAllen,Texas,US,78504
Signature Homes,signaturehomestx.com,signaturehomestx.com,,,Consumer Electronics,McAllen,Texas,US,78501
Smart City Soft,smartcitysoft.com,smartcitysoft.com,,,Consumer Electronics,McAllen,Texas,US,78504
SmartBuild Construction,smartbuildtx.com,smartbuildtx.com,,,Consumer Electronics,McAllen,Texas,US,78504
Southern HA Automation,shaaonline.com,shaaonline.com,,,Consumer Electronics,McAllen,Texas,US,78501
"Southpoint Systems, LLC",southpointsystems.com,southpointsystems.com,,,Consumer Electronics,McAllen,Texas,US,78504
Super Alarms & Supplies LLC,supalarms.com,supalarms.com,,,Consumer Electronics,McAllen,Texas,US,78501
Superior Alarms,superioralarms.com,superioralarms.com,,,Consumer Electronics,McAllen,Texas,US,78501
TMR Services ITAD Life Cycle Solutions,tmr-services.com,tmr-services.com,,,Consumer Electronics,McAllen,Texas,US,78501
"Techstyles, a Division of Encompass Group, LLC",encompassgroup.net,encompassgroup.net,,,Consumer Electronics,McAllen,Texas,US,78503
The Exceptional Home Center,theexceptionalhomecenter.com,theexceptionalhomecenter.com,,,Consumer Electronics,McAllen,Texas,US,78504
Turnkey Communications,turnkeycommunications.com,turnkeycommunications.com,,,Consumer Electronics,McAllen,Texas,US,78504
Vicomm Video & Communications,vicommvc.com,vicommvc.com,,,Consumer Electronics,McAllen,Texas,US,78504
Precision Home Pros,precisionhomepro.com,precisionhomepro.com,,,Consumer Electronics,McKinney,Texas,US,75069
"Safe & Sound Technologies, Inc.",safeandsoundtechnologies.com,safeandsoundtechnologies.com,,,Consumer Electronics,McKinney,Texas,US,75070
TRUST TV MOUNTING & HOME SOLUTIONS,trusttvmounting.com,trusttvmounting.com,,,Consumer Electronics,McKinney,Texas,US,75069
myHomedia Home Theater,myhomedia.com,myhomedia.com,,,Consumer Electronics,McKinney,Texas,US,75070
Audio Video Solutions Texas LLC,avstex.com,avstex.com,,,Consumer Electronics,Mesquite,Texas,US,75150
Ace's Audio Alarm & Tint,acesaudio1.com,acesaudio1.com,,,Consumer Electronics,Mission,Texas,US,78572
"Esto Security Systems TX Lic#B18497, "" Your Authorized Home Alarm Brinks Dealer""",estosecuritysystems.com,estosecuritysystems.com,,,Consumer Electronics,Mission,Texas,US,78573
Home Digital Solutions LLC,homedigisolutions.net,homedigisolutions.net,,,Consumer Electronics,Mission,Texas,US,78573
Indigo Projectors,ebay.com,ebay.com,,,Consumer Electronics,Mission,Texas,US,78574
Entertainment Technology Solutions (ETS),imagineets.com,imagineets.com,,,Consumer Electronics,Missouri City,Texas,US,77489
Lighthouse Technologies,onelighthouse.com,onelighthouse.com,,,Consumer Electronics,Montgomery,Texas,US,77316
R2R Technology,r2rtechnology.com,r2rtechnology.com,,,Consumer Electronics,Montgomery,Texas,US,77316
Hydrotunes - Texas Audio Video Integration,hydrotunes.com,hydrotunes.com,,,Consumer Electronics,New Braunfels,Texas,US,78132
Texas Home Systems,texashomesystems.com,texashomesystems.com,,,Consumer Electronics,New Braunfels,Texas,US,78130
Grupo Telco LLC,gptelco.com,gptelco.com,,,Consumer Electronics,Palmview,Texas,US,78572
Zilla IT Consulting,zillaitconsulting.com,zillaitconsulting.com,,,Consumer Electronics,Pharr,Texas,US,78577
DFW Home Theater LLC,dfwaffordablehometheater.com,dfwaffordablehometheater.com,,,Consumer Electronics,Pilot Point,Texas,US,76258
Advanced Home Theater Systems,advancedhometheater.com,advancedhometheater.com,,,Consumer Electronics,Plano,Texas,US,75075
Arteriors The Outlet,arteriorshome.com,arteriorshome.com,,,Consumer Electronics,Plano,Texas,US,75093
Ashley Store,stores.ashleyfurniture.com,stores.ashleyfurniture.com,,,Consumer Electronics,Plano,Texas,US,75075
BK Pro TV Mounting +,tvmountingplanotx.com,tvmountingplanotx.com,,,Consumer Electronics,Plano,Texas,US,75093
Core AV Solutions,coreav.net,coreav.net,,,Consumer Electronics,Plano,Texas,US,75074
Digitalholics,digitalholics.com,digitalholics.com,,,Consumer Electronics,Plano,Texas,US,75024
Grainger Industrial Supply,grainger.com,grainger.com,,,Consumer Electronics,Plano,Texas,US,75074
InHouse Systems - Plano,inhousesys.com,inhousesys.com,,,Consumer Electronics,Plano,Texas,US,75074
Lamps Plus,lampsplus.com,lampsplus.com,https://www.linkedin.com/company/lamps-plus,,Consumer Electronics,Plano,Texas,US,75093
Plano Outdoor Lighting Co,planooutdoorlightingco.com,planooutdoorlightingco.com,,,Consumer Electronics,Plano,Texas,US,75074
Premier Lighting & Home Automation,premierhas.com,premierhas.com,,,Consumer Electronics,Plano,Texas,US,75024
Smith Thompson Home Security and Alarm Dallas,smiththompson.com,smiththompson.com,,,Consumer Electronics,Plano,Texas,US,75024
Solomon Security Plano,solomonsecuritytx.com,solomonsecuritytx.com,,,Consumer Electronics,Plano,Texas,US,75093
"Sound Ideas Production Group, Inc.",soundideastx.com,soundideastx.com,https://www.linkedin.com/company/sipg,,Consumer Electronics,Plano,Texas,US,75074
TV Installation Service - Same Day Install,tvinstallationdfw.com,tvinstallationdfw.com,,,Consumer Electronics,Plano,Texas,US,75093
Tesla Alarm and Electrical,teslaae.com,teslaae.com,,,Consumer Electronics,Plano,Texas,US,75074
Time Matters Entertainment,timemattersentertainment.com,timemattersentertainment.com,,,Consumer Electronics,Plano,Texas,US,75074
"Tyler Technologies, Inc.",tylertech.com,tylertech.com,https://www.linkedin.com/company/tyler-technologies,,Consumer Electronics,Plano,Texas,US,75024
ebode,ebodetech.com,ebodetech.com,,,Consumer Electronics,Plano,Texas,US,75093
71 Concepts LLC,71concepts.com,71concepts.com,,,Consumer Electronics,Richardson,Texas,US,75081
Integrity Control Services,ics-tx.com,ics-tx.com,,,Consumer Electronics,Richardson,Texas,US,75081
Athans Audio Visual,athansaudiovisual.com,athansaudiovisual.com,,,Consumer Electronics,Richland Hills,Texas,US,76118
SOL Automation LLC,solautomationllc.com,solautomationllc.com,,,Consumer Electronics,Richmond,Texas,US,77469
"Master Video Systems, Inc.",mastervideo.net,mastervideo.net,https://www.linkedin.com/company/master-video-systems-inc-,,Consumer Electronics,Rockwall,Texas,US,75087
NXG Services,nxgservice.com,nxgservice.com,,,Consumer Electronics,Rockwall,Texas,US,75032
Omni Audio Video LLC,omniav.com,omniav.com,,,Consumer Electronics,Rockwall,Texas,US,75032
Raptor IT Solutions,raptor.solutions,raptor.solutions,https://www.linkedin.com/company/raptor-it-solutions,,Consumer Electronics,Rockwall,Texas,US,75032
Trademark Install,trademarkinstall.com,trademarkinstall.com,,,Consumer Electronics,Rockwall,Texas,US,75032
"Wired! Audio Video, LLC",wiredaudiovideo.com,wiredaudiovideo.com,,,Consumer Electronics,Rockwall,Texas,US,75087
Audio Visual Consultations,avconsultations.com,avconsultations.com,,,Consumer Electronics,Round Rock,Texas,US,78681
Budget Audio and Video,budgetaudiovideo.business.site,budgetaudiovideo.business.site,,,Consumer Electronics,Round Rock,Texas,US,78664
PLURfect Smart Home Innovations,plurinnovate.com,plurinnovate.com,,,Consumer Electronics,Round Rock,Texas,US,78665
Green Electronic Solutions,greenelectronicsolutions.com,greenelectronicsolutions.com,,,Consumer Electronics,Rowlett,Texas,US,75088
"Hyatt Technical Services, Inc.",hytechservices.com,hytechservices.com,https://www.linkedin.com/company/hyatt-technical-services-inc-,,Consumer Electronics,Rowlett,Texas,US,75088
"Nelson Automation Systems, Inc.",nelsonautomation.com,nelsonautomation.com,,,Consumer Electronics,Rowlett,Texas,US,75088
SECUREPRO - Home and Business Security Systems and Camera Systems,secureprodfw.com,secureprodfw.com,,,Consumer Electronics,Saginaw,Texas,US,76179
316 Security & Home Automation,316security.com,316security.com,,,Consumer Electronics,San Antonio,Texas,US,78251
3Sixty Integrated,3sixtyintegrated.com,3sixtyintegrated.com,,,Consumer Electronics,San Antonio,Texas,US,78216
A V Technologies,a-vtechnologies.com,a-vtechnologies.com,,,Consumer Electronics,San Antonio,Texas,US,78216
APEX Smart Home,getapexsmart.com,getapexsmart.com,https://www.linkedin.com/company/apex-smart-home-protection,,Consumer Electronics,San Antonio,Texas,US,78229
"AV Calibrations, LLC",avcalibrationstx.com,avcalibrationstx.com,https://www.linkedin.com/company/av-calibrations-llc,,Consumer Electronics,San Antonio,Texas,US,78216
AV Source,avsourcerentals.com,avsourcerentals.com,,,Consumer Electronics,San Antonio,Texas,US,78216
AV Technical Support,avtechnicalsupport.com,avtechnicalsupport.com,https://www.linkedin.com/company/av-technical-support,,Consumer Electronics,San Antonio,Texas,US,78233
Accurate Automation and Controls,aac-tx.com,aac-tx.com,,,Consumer Electronics,San Antonio,Texas,US,78217
Advanced Homes,advancedhomestx.com,advancedhomestx.com,,,Consumer Electronics,San Antonio,Texas,US,78229
Alamo Smart Home,alamosmarthome.com,alamosmarthome.com,,,Consumer Electronics,San Antonio,Texas,US,78216
Alamo TV Mounting Service,alamotvmountingservice.com,alamotvmountingservice.com,https://www.linkedin.com/company/alamo-tv-mounting-service,,Consumer Electronics,San Antonio,Texas,US,78202
"Alarm Consult - Home Security in San Antonio, Texas",alarmconsult.com,alarmconsult.com,,,Consumer Electronics,San Antonio,Texas,US,78258
Audio By Art,audiobyart.com,audiobyart.com,,,Consumer Electronics,San Antonio,Texas,US,78238
Audio EnginEARing Institute,audio-eng.com,audio-eng.com,,,Consumer Electronics,San Antonio,Texas,US,78240
Audio Geeks,audiogeeks.com,audiogeeks.com,,,Consumer Electronics,San Antonio,Texas,US,78249
Audio Visual Aids,audiovisualaids.com,audiovisualaids.com,,,Consumer Electronics,San Antonio,Texas,US,78212
Automated Wiring Systems LLC,automatedwiringsystems.com,automatedwiringsystems.com,,,Consumer Electronics,San Antonio,Texas,US,78249
Bjorn's Audio Video,bjorns.com,bjorns.com,,,Consumer Electronics,San Antonio,Texas,US,78232
CG Smart Home,cgsmarthome.com,cgsmarthome.com,,,Consumer Electronics,San Antonio,Texas,US,78216
Chorus Security,callchorus.com,callchorus.com,https://www.linkedin.com/company/callchorus,,Consumer Electronics,San Antonio,Texas,US,78216
Cosmo Technology Rentals,cosmoaudiovisual.com,cosmoaudiovisual.com,,,Consumer Electronics,San Antonio,Texas,US,78216
Direct Motion Technologies,directmotiontechnologies.com,directmotiontechnologies.com,,,Consumer Electronics,San Antonio,Texas,US,78205
Dominion Design and Integration,dominiontx.com,dominiontx.com,,,Consumer Electronics,San Antonio,Texas,US,78249
EControls,econtrols.com,econtrols.com,https://www.linkedin.com/company/econtrols,,Consumer Electronics,San Antonio,Texas,US,78249
"ETech Integration, LLC",etechintegration.com,etechintegration.com,,,Consumer Electronics,San Antonio,Texas,US,78216
Fort Knox Home Security and Alarm San Antonio,fortknoxhomesecurity.com,fortknoxhomesecurity.com,,,Consumer Electronics,San Antonio,Texas,US,78217
"Fortress Link Security & Integration, LLC",fortresslinksecurity.com,fortresslinksecurity.com,,,Consumer Electronics,San Antonio,Texas,US,78266
H3 Automation & Controls LLC,h3automationcontrols.com,h3automationcontrols.com,,,Consumer Electronics,San Antonio,Texas,US,78233
Home Pros for Texas,homepros4tx.com,homepros4tx.com,,,Consumer Electronics,San Antonio,Texas,US,78216
Home Technology Group,satheater.com,satheater.com,,,Consumer Electronics,San Antonio,Texas,US,78216
Home Theater Installation,sanantoniohometheaterinstallationpros.com,sanantoniohometheaterinstallationpros.com,,,Consumer Electronics,San Antonio,Texas,US,78212
"Home on a Hill.LLC Lighting, Electric services & Home Automation",homeonahillsa.com,homeonahillsa.com,,,Consumer Electronics,San Antonio,Texas,US,78256
Hunter Service Group,hunterservicegroup.com,hunterservicegroup.com,https://www.linkedin.com/company/hunter-service-group,,Consumer Electronics,San Antonio,Texas,US,78249
Integral AV Solutions,integral-av.com,integral-av.com,,,Consumer Electronics,San Antonio,Texas,US,78216
JAVI A/V,javiav.com,javiav.com,,,Consumer Electronics,San Antonio,Texas,US,78249
JV Solutions TX LLC,jvsolutionstx.com,jvsolutionstx.com,,,Consumer Electronics,San Antonio,Texas,US,78203
LAW Security,lawsecurity.com,lawsecurity.com,,,Consumer Electronics,San Antonio,Texas,US,78230
Lighting Inc.,lightinginc.com,lightinginc.com,,,Consumer Electronics,San Antonio,Texas,US,78248
Lonestar Electric Supply,lonestarelectricsupply.com,lonestarelectricsupply.com,https://www.linkedin.com/company/lonestar,,Consumer Electronics,San Antonio,Texas,US,78217
Markey's AV,markeys.com,markeys.com,https://www.linkedin.com/company/markeys-experiences,,Consumer Electronics,San Antonio,Texas,US,78258
Mimis Audio & Video,sanantonioaudiovideo.com,sanantonioaudiovideo.com,,,Consumer Electronics,San Antonio,Texas,US,78216
Mission Controls & Automation,mission-controls.com,mission-controls.com,,,Consumer Electronics,San Antonio,Texas,US,78220
Mood Texas,moodtexas.com,moodtexas.com,,,Consumer Electronics,San Antonio,Texas,US,78218
NOVA Integrated Systems,novaintegrated.co,novaintegrated.co,,,Consumer Electronics,San Antonio,Texas,US,78257
"Nelco Media, Inc.",nelcomedia.net,nelcomedia.net,,,Consumer Electronics,San Antonio,Texas,US,78212
"RTH Automation, Inc.",rthautomation.com,rthautomation.com,,,Consumer Electronics,San Antonio,Texas,US,78219
Revamped Security - ADT Authorized Dealer,revampedsecurity.com,revampedsecurity.com,,,Consumer Electronics,San Antonio,Texas,US,78230
Rue Technologies,ruetechnologies.com,ruetechnologies.com,,,Consumer Electronics,San Antonio,Texas,US,78258
S&G Technologies,sgtechoftexas.com,sgtechoftexas.com,,,Consumer Electronics,San Antonio,Texas,US,78264
SAT Audio Visual,sataudiovisualtx.com,sataudiovisualtx.com,,,Consumer Electronics,San Antonio,Texas,US,78216
San Antonio Alarm Company Inc.,sanantonioalarmcompany.com,sanantonioalarmcompany.com,,,Consumer Electronics,San Antonio,Texas,US,78232
San Antonio Smart Solutions,satxsmart.com,satxsmart.com,,,Consumer Electronics,San Antonio,Texas,US,78217
San Antonio Sound & Light,saslonline.com,saslonline.com,,,Consumer Electronics,San Antonio,Texas,US,78216
TCL Tech Solutions,tcltechsolutions.com,tcltechsolutions.com,,,Consumer Electronics,San Antonio,Texas,US,78254
TV On The Wall – TV Mounting Service,tvonthewall.com,tvonthewall.com,,,Consumer Electronics,San Antonio,Texas,US,78251
Technical Services Group of San Antonio,tsgsan.com,tsgsan.com,,,Consumer Electronics,San Antonio,Texas,US,78232
Texas AVL,texasavl.com,texasavl.com,https://www.linkedin.com/company/texasavl,,Consumer Electronics,San Antonio,Texas,US,78205
Texas Media Experts,texasmediaexperts.com,texasmediaexperts.com,,,Consumer Electronics,San Antonio,Texas,US,78216
Tower Electric,towerelectric.net,towerelectric.net,,,Consumer Electronics,San Antonio,Texas,US,78219
Turney Lighting & Electric,turneylighting.com,turneylighting.com,,,Consumer Electronics,San Antonio,Texas,US,78230
Urban Audio Video,urbanav.com,urbanav.com,,,Consumer Electronics,San Antonio,Texas,US,78257
Vivint,vivint.com,vivint.com,https://www.linkedin.com/company/vivint,,Consumer Electronics,San Antonio,Texas,US,78256
WAVE Electronics,wave-electronics.com,wave-electronics.com,,,Consumer Electronics,San Antonio,Texas,US,78216
Multitech Inc.,multitechincorporated.com,multitechincorporated.com,,,Consumer Electronics,San Benito,Texas,US,78586
"Automation Designs, Inc.",automationdesignsinc.com,automationdesignsinc.com,,,Consumer Electronics,San Marcos,Texas,US,78666
J3 Automated Systems,j3.systems,j3.systems,,,Consumer Electronics,Selma,Texas,US,78154
"Coyote Automation Solutions, Inc",coyoteautomation.com,coyoteautomation.com,,,Consumer Electronics,Socorro,Texas,US,79927
Comware AV,comwareav.com,comwareav.com,,,Consumer Electronics,Southlake,Texas,US,76092
"Custom Media, Inc",dfwcustommedia.com,dfwcustommedia.com,,,Consumer Electronics,Southlake,Texas,US,76092
DB Media Solutions,dbmediasolutions.com,dbmediasolutions.com,,,Consumer Electronics,Southlake,Texas,US,76092
Digital Resources Inc,digitalresources.com,digitalresources.com,,,Consumer Electronics,Southlake,Texas,US,76092
Elite AV and Lighting,eliteavi.com,eliteavi.com,,,Consumer Electronics,Southlake,Texas,US,76092
Futurian Systems - North Texas,futuriansystems.com,futuriansystems.com,,,Consumer Electronics,Southlake,Texas,US,76092
Modern Media,modernmediaav.com,modernmediaav.com,,,Consumer Electronics,Southlake,Texas,US,76092
TechLife,techlifeav.com,techlifeav.com,,,Consumer Electronics,Southlake,Texas,US,76092
Define Audio Video,defineav.com,defineav.com,,,Consumer Electronics,Spring,Texas,US,77380
Grizzly Tec,grizzlytec.com,grizzlytec.com,https://www.linkedin.com/company/grizzlytec,,Consumer Electronics,Spring,Texas,US,77386
J & K Electronics - Houston Home Automation,jandkelectronics.com,jandkelectronics.com,,,Consumer Electronics,Spring,Texas,US,77373
Refined Systems,refinedsystems.com,refinedsystems.com,https://www.linkedin.com/company/refined-systems-llc,,Consumer Electronics,Spring,Texas,US,77373
Superior TV Mounting,superiortvmounting.com,superiortvmounting.com,,,Consumer Electronics,Spring,Texas,US,77386
TV Mounting & Home Theater Of Spring,houstontvmounting.com,houstontvmounting.com,,,Consumer Electronics,Spring,Texas,US,77379
i.e. Smart Systems,iesmartsystems.com,iesmartsystems.com,https://www.linkedin.com/company/iesmartsystems-l.l.c.,,Consumer Electronics,Spring,Texas,US,77373
"iTech Monitoring, Inc.",itechmonitoring.com,itechmonitoring.com,,,Consumer Electronics,Spring,Texas,US,77386
Ultimate Security & Audio Video,usavpro.com,usavpro.com,,,Consumer Electronics,Spring Branch,Texas,US,78070
Audio Visual Technologies Group,avtg.com,avtg.com,,,Consumer Electronics,Stafford,Texas,US,77477
AV Security's Inc,avsecuritys.com,avsecuritys.com,,,Consumer Electronics,Sugar Land,Texas,US,77478
Mission Digital LLC,missiondigital.io,missiondigital.io,,,Consumer Electronics,Sugar Land,Texas,US,77479
Bravas Dallas-Fort Worth,bravas.com,bravas.com,https://www.linkedin.com/company/bravas-llc,,Consumer Electronics,The Colony,Texas,US,75056
Advocate Security LLC.,thewoodlandshomeautomation.com,thewoodlandshomeautomation.com,,,Consumer Electronics,The Woodlands,Texas,US,77380
Innovative Concepts Tx,innovativeconceptstx.com,innovativeconceptstx.com,,,Consumer Electronics,The Woodlands,Texas,US,77380
Smart Builder TX,smartbuildertx.com,smartbuildertx.com,,,Consumer Electronics,The Woodlands,Texas,US,77380
Trademark Systems,trademarkav.com,trademarkav.com,,,Consumer Electronics,The Woodlands,Texas,US,77389
"Bespoke Automation, LLC",bespokeautomationtx.com,bespokeautomationtx.com,,,Consumer Electronics,Tomball,Texas,US,77377
KBA Electric and Home Media Pros,homemediapros.com,homemediapros.com,https://www.linkedin.com/company/home-media-professionals,,Consumer Electronics,Tomball,Texas,US,77375
Audio Video Innovations,audiovideoinnovations.us,audiovideoinnovations.us,,,Consumer Electronics,Victoria,Texas,US,77904
Smarter Homes,smarterhomesaustin.com,smarterhomesaustin.com,https://www.linkedin.com/company/33294282,,Consumer Electronics,West Lake Hills,Texas,US,78746
Digital Habitats,mydigitalhabitat.com,mydigitalhabitat.com,,,Consumer Electronics,Wylie,Texas,US,75098
FullHouse Smart Homes,fullhousesmarthomes.com,fullhousesmarthomes.com,,,Consumer Electronics,Wylie,Texas,US,75098
Home Theater Direct,htd.com,htd.com,,,Consumer Electronics,Wylie,Texas,US,75098
TZM Tech,tzmtechservices.com,tzmtechservices.com,,,Consumer Electronics,Wylie,Texas,US,75098
Monster Media & Automation,monsterautomation.com,monsterautomation.com,,,Consumer Electronics,Alpine,Utah,US,84004
Show & Tell AV Solutions,showandtellav.com,showandtellav.com,https://www.linkedin.com/company/av-solutions-of-utah,,Consumer Electronics,Bountiful,Utah,US,84010
Utah Audio,utahaudio.com,utahaudio.com,,,Consumer Electronics,Cottonwood Heights,Utah,US,84121
AVI Systems,avi-utah.com,avi-utah.com,,,Consumer Electronics,Draper,Utah,US,84020
Big Fish Audio Video,bigfishautomation.com,bigfishautomation.com,,,Consumer Electronics,Draper,Utah,US,84020
Lighting Design,lightingdesign.com,lightingdesign.com,,,Consumer Electronics,Draper,Utah,US,84020
Lighting Group Utah,lgulc.com,lgulc.com,,,Consumer Electronics,Draper,Utah,US,84020
Philm Gear Audio Visual Solutions,philmgear.com,philmgear.com,https://www.linkedin.com/company/philm-gear-inc-,,Consumer Electronics,Draper,Utah,US,84020
WISE Security Solutions,wisesecuritysolutions.com,wisesecuritysolutions.com,,,Consumer Electronics,Draper,Utah,US,84020
Riverbend Automation,riverbendautomation.com,riverbendautomation.com,,,Consumer Electronics,Fruit Heights,Utah,US,84037
Techi AV,techiav.com,techiav.com,,,Consumer Electronics,Heber City,Utah,US,84032
Clover Smart Home,cloversmarthome.com,cloversmarthome.com,,,Consumer Electronics,Kaysville,Utah,US,84037
Lynn's Audio Video,lynnsaudiovideo.com,lynnsaudiovideo.com,,,Consumer Electronics,Logan,Utah,US,84341
Nova Lighting,novalighting.com,novalighting.com,,,Consumer Electronics,Midvale,Utah,US,84047
AMT Integration,amtintegration.com,amtintegration.com,,,Consumer Electronics,Murray,Utah,US,84107
Absolute AV,aavtechnology.com,aavtechnology.com,https://www.linkedin.com/company/absolute-audio-visuals,,Consumer Electronics,Murray,Utah,US,84123
CSD Audio,csdaudio.com,csdaudio.com,,,Consumer Electronics,Murray,Utah,US,84107
Smart Tech Designs,smarttechutah.com,smarttechutah.com,,,Consumer Electronics,Murray,Utah,US,84121
Smt Services Inc,smtutah.com,smtutah.com,,,Consumer Electronics,Murray,Utah,US,84123
SOLUS Living,solusliving.com,solusliving.com,,,Consumer Electronics,North Salt Lake,Utah,US,84054
Home Pros Home Services,hpros.com,hpros.com,,,Consumer Electronics,Orem,Utah,US,84058
Legion Automation,legionav.com,legionav.com,,,Consumer Electronics,Orem,Utah,US,84058
Link AV,linkavutah.com,linkavutah.com,https://www.linkedin.com/company/link-av,,Consumer Electronics,Orem,Utah,US,84058
Onyx Automation,onyx-automation.com,onyx-automation.com,,,Consumer Electronics,Orem,Utah,US,84058
ATI of America/SOLUS,ati-america.com,ati-america.com,https://www.linkedin.com/company/ati-of-america,,Consumer Electronics,Park City,Utah,US,84060
Brite AV Solutions,briteav.com,briteav.com,https://www.linkedin.com/company/brite-av-solutions-llc,,Consumer Electronics,Park City,Utah,US,84098
Chesley Electric,chesleyelectric.com,chesleyelectric.com,,,Consumer Electronics,Park City,Utah,US,84098
Elevation Sight and Sound,elevationsightandsound.com,elevationsightandsound.com,,,Consumer Electronics,Park City,Utah,US,84060
GTC Electric,gtcelectric.com,gtcelectric.com,,,Consumer Electronics,Park City,Utah,US,84098
Lifestyle Electronics,lifestyleelectronics.com,lifestyleelectronics.com,https://www.linkedin.com/company/lifestyle-electronics-1,,Consumer Electronics,Park City,Utah,US,84098
Nerve Park City,nerve.tv,nerve.tv,,,Consumer Electronics,Park City,Utah,US,84098
Park City Home Theater,parkcityhometheater.com,parkcityhometheater.com,,,Consumer Electronics,Park City,Utah,US,84098
Park City Integration,parkcityintegration.com,parkcityintegration.com,,,Consumer Electronics,Park City,Utah,US,84060
Peak Alarm Company,peakalarm.com,peakalarm.com,,,Consumer Electronics,Park City,Utah,US,84060
Renovate Park City,renovateparkcity.com,renovateparkcity.com,,,Consumer Electronics,Park City,Utah,US,84098
Wasatch Audio Visual & Productions,wasatchav.com,wasatchav.com,,,Consumer Electronics,Park City,Utah,US,84098
Audio Design & Automation,audiodesign-ut.com,audiodesign-ut.com,,,Consumer Electronics,Salt Lake City,Utah,US,84101
"AudioWorks, Inc. — Luxury Home Automation & AV Design | Lighting Control | Networks | Security | Shades",audioworks.net,audioworks.net,,,Consumer Electronics,Salt Lake City,Utah,US,84115
Build26,build26.com,build26.com,,,Consumer Electronics,Salt Lake City,Utah,US,84104
Building Controls and Solutions - Salt Lake City | Building Automation Parts Distributor,building-controls.com,building-controls.com,,,Consumer Electronics,Salt Lake City,Utah,US,84115
ClearVista,goclearvista.com,goclearvista.com,,,Consumer Electronics,Salt Lake City,Utah,US,84115
Davis Audio Visual,davisav.com,davisav.com,,,Consumer Electronics,Salt Lake City,Utah,US,84101
Desktop Visual Products,desktopvisuals.com,desktopvisuals.com,,,Consumer Electronics,Salt Lake City,Utah,US,84101
Digital Bytes - Production & Design,digitalbytes.tv,digitalbytes.tv,,,Consumer Electronics,Salt Lake City,Utah,US,84121
Directlink Marketing & Comm,directlinkmar.com,directlinkmar.com,,,Consumer Electronics,Salt Lake City,Utah,US,84101
Downtown Audio,downtownaudio-slc.com,downtownaudio-slc.com,,,Consumer Electronics,Salt Lake City,Utah,US,84101
General Theatrical Supply,gtsmarketplace.com,gtsmarketplace.com,,,Consumer Electronics,Salt Lake City,Utah,US,84115
Hammerton,hammerton.com,hammerton.com,,,Consumer Electronics,Salt Lake City,Utah,US,84116
IP Pro Tech,ipprotech.com,ipprotech.com,,,Consumer Electronics,Salt Lake City,Utah,US,84106
Lynk Engineers,lynkengineers.com,lynkengineers.com,https://www.linkedin.com/company/lynkengineers,,Consumer Electronics,Salt Lake City,Utah,US,84111
Marshall Industries,marshallind.com,marshallind.com,,,Consumer Electronics,Salt Lake City,Utah,US,84120
Mountain States Home Automation,mtnstates.net,mtnstates.net,,,Consumer Electronics,Salt Lake City,Utah,US,84115
"Performance Audio, LLC",performanceaudio.com,performanceaudio.com,,,Consumer Electronics,Salt Lake City,Utah,US,84115
Pictureline,pictureline.com,pictureline.com,,,Consumer Electronics,Salt Lake City,Utah,US,84101
Poll Sound,pollsound.com,pollsound.com,,,Consumer Electronics,Salt Lake City,Utah,US,84107
Pro Audio Recording and Editing.,audiostarinc.com,audiostarinc.com,,,Consumer Electronics,Salt Lake City,Utah,US,84101
Pro Automation Inc,proautomationusa.com,proautomationusa.com,,,Consumer Electronics,Salt Lake City,Utah,US,84104
RC Willey,rcwilley.com,rcwilley.com,,,Consumer Electronics,Salt Lake City,Utah,US,84115
ShadeCo,myshadeco.com,myshadeco.com,,,Consumer Electronics,Salt Lake City,Utah,US,84105
Take One Audiovisual,takeoneav.com,takeoneav.com,https://www.linkedin.com/company/takeoneav,,Consumer Electronics,Salt Lake City,Utah,US,84115
Techmedia Films,techmediafilms.com,techmediafilms.com,,,Consumer Electronics,Salt Lake City,Utah,US,84118
"Technology Providers, Inc.",technoprov.com,technoprov.com,https://www.linkedin.com/company/213896,,Consumer Electronics,Salt Lake City,Utah,US,84104
Tri-City Alarm Co,tricityalarm.com,tricityalarm.com,,,Consumer Electronics,Salt Lake City,Utah,US,84115
Visual Production Studios,visualproductionstudios.com,visualproductionstudios.com,https://www.linkedin.com/company/visual-production-studios,,Consumer Electronics,Salt Lake City,Utah,US,84117
WEBB Integration,webbintegration.com,webbintegration.com,https://www.linkedin.com/company/42921843,,Consumer Electronics,Salt Lake City,Utah,US,84104
Argenta Home Theaters and Automation,argentanow.com,argentanow.com,,,Consumer Electronics,Sandy,Utah,US,84070
Big Sky AV,bigskyav-utah.com,bigskyav-utah.com,,,Consumer Electronics,Sandy,Utah,US,84070
"Complete Automation Design, LLC",complete-ad.com,complete-ad.com,,,Consumer Electronics,Snyderville,Utah,US,84098
Park City Audio Visual,pcavutah.com,pcavutah.com,,,Consumer Electronics,Snyderville,Utah,US,84098
Newport Audio Video & Electric,newport-ave.com,newport-ave.com,https://www.linkedin.com/company/newport-audio-video-&-electrical,,Consumer Electronics,South Jordan,Utah,US,84095
Smart Home of Utah,contractappliancesales.com,contractappliancesales.com,,,Consumer Electronics,South Jordan,Utah,US,84095
"Audio Video Systems, Inc.",avsutah.com,avsutah.com,,,Consumer Electronics,South Salt Lake,Utah,US,84115
Commercial Lighting Supply Inc,commerciallightinginc.com,commerciallightinginc.com,,,Consumer Electronics,South Salt Lake,Utah,US,84119
Custom Sound Company,customsoundco.com,customsoundco.com,,,Consumer Electronics,South Salt Lake,Utah,US,84115
Smart Building Solutions DBA Intellivex,intellivex.com,intellivex.com,https://www.linkedin.com/company/intellivex,,Consumer Electronics,South Salt Lake,Utah,US,84115
Sound Warehouse,soundwarehouse.com,soundwarehouse.com,,,Consumer Electronics,South Salt Lake,Utah,US,84115
Advanced Integrated Systems - Smart Home Automation & Home Theater,aisav.com,aisav.com,https://www.linkedin.com/company/utah-advanced-integrated-systems,,Consumer Electronics,Tremonton,Utah,US,84337
Audio Enhancement,audioenhancement.com,audioenhancement.com,https://www.linkedin.com/company/audioenhancement,,Consumer Electronics,West Jordan,Utah,US,84081
Trimlight of Salt Lake,trimlight.com,trimlight.com,,,Consumer Electronics,West Jordan,Utah,US,84081
Vast Integration & Power,vastintegration.com,vastintegration.com,https://www.linkedin.com/company/vast-integration,,Consumer Electronics,West Jordan,Utah,US,84081
CCS Presentation Systems,ccsprojects.com,ccsprojects.com,,,Consumer Electronics,West Valley City,Utah,US,84120
California Audio,california-audio.com,california-audio.com,,,Consumer Electronics,West Valley City,Utah,US,84120
Controlled Products Systems Group,controlledproducts.com,controlledproducts.com,https://www.linkedin.com/company/controlled-products-systems-group,,Consumer Electronics,West Valley City,Utah,US,84120
On Call AV event production services,oncallav.com,oncallav.com,,,Consumer Electronics,West Valley City,Utah,US,84119
Real.Tech,real.tech,real.tech,,,Consumer Electronics,West Valley City,Utah,US,84119
Frequency Mobile Innovations,frqncyaudio.com,frqncyaudio.com,,,Consumer Electronics,Woods Cross,Utah,US,84010
Ratio AV,ratioav.com,ratioav.com,,,Consumer Electronics,Woods Cross,Utah,US,84087
"Sam Audio Video & Technology, LLC",av1technology.com,av1technology.com,,,Consumer Electronics,Aldie,Virginia,US,20105
Audio Visual Actions - Professional Video Filming,avactions.com,avactions.com,https://www.linkedin.com/company/audio-visual-actions-inc,,Consumer Electronics,Alexandria,Virginia,US,22304
The Mounting Man - Washington DC,themountingman.tv,themountingman.tv,,,Consumer Electronics,Arlington,Virginia,US,22201
Aegis Technologies - Security Services,aegistechnologies.com,aegistechnologies.com,https://www.linkedin.com/company/aegistechnologies,,Consumer Electronics,Ashburn,Virginia,US,20147
Loudoun Basements,loudounbasements.com,loudounbasements.com,,,Consumer Electronics,Ashburn,Virginia,US,20147
ZAGO DATA WIRE,zagodatawire.com,zagodatawire.com,,,Consumer Electronics,Ashburn,Virginia,US,20147
All Secure LLC,allsecurellc.net,allsecurellc.net,,,Consumer Electronics,Ashland,Virginia,US,23005
Connec Inc,connec-inc.com,connec-inc.com,,,Consumer Electronics,Ashland,Virginia,US,23005
Smartwire LLC,smartwire360.com,smartwire360.com,https://www.linkedin.com/company/smartwire-llc,,Consumer Electronics,Ashland,Virginia,US,23005
Home Performance Masters,homeperformancemasters.com,homeperformancemasters.com,https://www.linkedin.com/company/home-performance-solutions,,Consumer Electronics,Burke,Virginia,US,22015
Accelerant Home Solutions,acchomesolutions.com,acchomesolutions.com,,,Consumer Electronics,Centreville,Virginia,US,20120
AV Integrated,avintegrated.com,avintegrated.com,,,Consumer Electronics,Chantilly,Virginia,US,20152
"Genesis Technology, LLC",genesistek.net,genesistek.net,,,Consumer Electronics,Chantilly,Virginia,US,20151
Prime AV,goprimeav.com,goprimeav.com,,,Consumer Electronics,Chantilly,Virginia,US,20151
Prism Audio Visual,prismaudiovisual.com,prismaudiovisual.com,,,Consumer Electronics,Chantilly,Virginia,US,20151
SunShine AV,sunshineav.net,sunshineav.net,,,Consumer Electronics,Chantilly,Virginia,US,20152
Total Multimedia Inc,tmediausa.com,tmediausa.com,,,Consumer Electronics,Chantilly,Virginia,US,20151
Spectrum Integrators,spectrumintegrators.com,spectrumintegrators.com,,,Consumer Electronics,Charlottesville,Virginia,US,22901
Elite Audio+Visual Elements,eliteavelements.com,eliteavelements.com,,,Consumer Electronics,Chesapeake,Virginia,US,23320
Home Technology by Masters,htm-va.com,htm-va.com,,,Consumer Electronics,Chesapeake,Virginia,US,23320
Plasma Guys,plasmaguys.com,plasmaguys.com,,,Consumer Electronics,Chesapeake,Virginia,US,23322
Security Technology Group,securitytechnologygroup.com,securitytechnologygroup.com,https://www.linkedin.com/company/securitytechnologygroup,,Consumer Electronics,Chesapeake,Virginia,US,23320
The Next Level Audio Video,thenextlevelaudiovideo.com,thenextlevelaudiovideo.com,,,Consumer Electronics,Chesapeake,Virginia,US,23321
WSC Smart Home Designers,virginiahomeaudio.com,virginiahomeaudio.com,,,Consumer Electronics,Chesapeake,Virginia,US,23320
Capitol Home Theater,capitolhometheater.com,capitolhometheater.com,,,Consumer Electronics,Dulles,Virginia,US,20166
AJ Long Electric,ajlongelectric.com,ajlongelectric.com,,,Consumer Electronics,Fairfax,Virginia,US,22031
AVIT Service - Logitech Rally conference room installation,avitservice.com,avitservice.com,,,Consumer Electronics,Fairfax,Virginia,US,22030
"DotSight Solutions, LLC",dotsightsolutions.com,dotsightsolutions.com,https://www.linkedin.com/company/dotsight-solutions-llc,,Consumer Electronics,Fairfax,Virginia,US,22030
EZ TV Mounting,tvmounting-va.com,tvmounting-va.com,,,Consumer Electronics,Fairfax,Virginia,US,22030
Home Performance Solutions - Home Energy Audits,yourhps.net,yourhps.net,,,Consumer Electronics,Fairfax,Virginia,US,22031
Home Tech Restoration,hometechrestoration.com,hometechrestoration.com,,,Consumer Electronics,Fairfax,Virginia,US,22030
IQ Home Entertainment,iq-av.com,iq-av.com,,,Consumer Electronics,Fairfax,Virginia,US,22030
"Infinity Home Improvement,LLC",infinityhomeimpro.com,infinityhomeimpro.com,,,Consumer Electronics,Fairfax,Virginia,US,22030
Michael Nash Design & Build,michaelnashdesignbuild.com,michaelnashdesignbuild.com,,,Consumer Electronics,Fairfax,Virginia,US,22031
"National Security, Inc.",nationalsecurityinc.com,nationalsecurityinc.com,,,Consumer Electronics,Fairfax,Virginia,US,22030
Phoenix Home Services Inc,phoenixhomeservices.com,phoenixhomeservices.com,https://www.linkedin.com/company/phoenix-home-services-inc,,Consumer Electronics,Fairfax,Virginia,US,22031
Vision Custom Build & Remodel,visioncustom.com,visioncustom.com,,,Consumer Electronics,Fairfax,Virginia,US,22031
"AVPro360, LLC",avpro360.com,avpro360.com,,,Consumer Electronics,Falls Church,Virginia,US,22046
Archer High Fidelity,archerhifi.com,archerhifi.com,,,Consumer Electronics,Falls Church,Virginia,US,22046
Smartcom Home Technologies,smartcomht.net,smartcomht.net,,,Consumer Electronics,Fredericksburg,Virginia,US,22406
Audio Buys,audiobuysinc.com,audiobuysinc.com,,,Consumer Electronics,Gainesville,Virginia,US,20155
Blue Ridge Custom Homes,blueridgecustomhomesofva.com,blueridgecustomhomesofva.com,,,Consumer Electronics,Goochland,Virginia,US,23063
Renovation daddy llc,renovationdaddyllc.com,renovationdaddyllc.com,,,Consumer Electronics,Great Falls,Virginia,US,22066
Streamline Custom AV,streamlinecustomav.com,streamlinecustomav.com,,,Consumer Electronics,Great Falls,Virginia,US,22066
Adkins TV Mounting,adkinstvmounting.com,adkinstvmounting.com,,,Consumer Electronics,Henrico,Virginia,US,23228
Aegis Network and Security Solutions,aegisnetworkandsecuritysolutions.com,aegisnetworkandsecuritysolutions.com,,,Consumer Electronics,Henrico,Virginia,US,23294
"Dominion Automation, LLC",dominionautomation.net,dominionautomation.net,,,Consumer Electronics,Henrico,Virginia,US,23231
Electric Solutions Of Richmond LLC,electricsolutionsofrichmond.com,electricsolutionsofrichmond.com,,,Consumer Electronics,Henrico,Virginia,US,23228
Security Plus LLC,securityplusav.com,securityplusav.com,,,Consumer Electronics,Henrico,Virginia,US,23233
Sonitrol of Greater Richmond,sonitrolrichmond.com,sonitrolrichmond.com,https://www.linkedin.com/company/sonitrol-of-greater-richmond-inc.,,Consumer Electronics,Henrico,Virginia,US,23238
Structured Cable of VA / Security Specialists Inc.,structuredcableofva.com,structuredcableofva.com,https://www.linkedin.com/company/structured-cable-of-va,,Consumer Electronics,Henrico,Virginia,US,23233
VIcom - Virginia Integrated Communication,vicom-corp.com,vicom-corp.com,,,Consumer Electronics,Henrico,Virginia,US,23228
Homes Tech LLC,homestech.net,homestech.net,,,Consumer Electronics,Herndon,Virginia,US,20170
"Loudoun Property Solutions, Inc. (LPS Residential)",lpsresidential.com,lpsresidential.com,,,Consumer Electronics,Leesburg,Virginia,US,20176
Rum AV Solutions,rumavsolutions.com,rumavsolutions.com,,,Consumer Electronics,Leesburg,Virginia,US,20175
Deja Vu Audio Ltd.,dejavuaudio.com,dejavuaudio.com,,,Consumer Electronics,McLean,Virginia,US,22102
Nard's Entertainment,nardsentertainment.com,nardsentertainment.com,,,Consumer Electronics,McLean,Virginia,US,22101
The Basement Lab,thebasementlab.com,thebasementlab.com,,,Consumer Electronics,McLean,Virginia,US,22101
Tv mount,easy-tv-mounting.com,easy-tv-mounting.com,,,Consumer Electronics,McLean,Virginia,US,22102
"Visual Systems Group, Inc.",vsgi.com,vsgi.com,,,Consumer Electronics,McLean,Virginia,US,22102
Attaway's Videoworks,lawvideova.com,lawvideova.com,,,Consumer Electronics,Mechanicsville,Virginia,US,23116
Extreme Audio,extremeaudio.org,extremeaudio.org,,,Consumer Electronics,Mechanicsville,Virginia,US,23111
MMIS,mmis.biz,mmis.biz,,,Consumer Electronics,Mechanicsville,Virginia,US,23111
Audiotech,richmondaudiovideo.com,richmondaudiovideo.com,,,Consumer Electronics,Midlothian,Virginia,US,23112
Boitnott Visual Communications Corporation,boitnottvisual.com,boitnottvisual.com,,,Consumer Electronics,Midlothian,Virginia,US,23113
Code3AV Inc.,code3av.com,code3av.com,https://www.linkedin.com/company/code-3-av-inc-,,Consumer Electronics,Midlothian,Virginia,US,23113
Moseley Electronics,moseleyelectronics.com,moseleyelectronics.com,https://www.linkedin.com/company/moseley-electronics,,Consumer Electronics,Midlothian,Virginia,US,23113
Networking Technologies + Support,thinknts.com,thinknts.com,https://www.linkedin.com/company/networking-technologies-and-support-inc.,,Consumer Electronics,Midlothian,Virginia,US,23113
Ryse Home Authorized Dealer,rysehome.com,rysehome.com,,,Consumer Electronics,Midlothian,Virginia,US,23112
JOINTECH LLC,jointech-us.com,jointech-us.com,,,Consumer Electronics,New Kent,Virginia,US,23124
Automation Controls - OEM Panels,oempanels.com,oempanels.com,,,Consumer Electronics,Newport News,Virginia,US,23601
Johns Brothers Security,johnsbrotherssecurity.com,johnsbrotherssecurity.com,,,Consumer Electronics,Norfolk,Virginia,US,23523
RTW Media- Audio Visual Solutions,rtwav.com,rtwav.com,,,Consumer Electronics,Oilville,Virginia,US,23129
"Botero Homes, LLC",boterohomes.com,boterohomes.com,,,Consumer Electronics,Reston,Virginia,US,20190
AMC Technology L.L.C,amctechnology.com,amctechnology.com,https://www.linkedin.com/company/amc-technology,,Consumer Electronics,Richmond,Virginia,US,23220
Advanced Visual Production,avprva.com,avprva.com,,,Consumer Electronics,Richmond,Virginia,US,23228
Audio Exchange,audio-exchange.com,audio-exchange.com,,,Consumer Electronics,Richmond,Virginia,US,23230
Audio/Video Creations LLC.,audiovideocreationsllc.com,audiovideocreationsllc.com,,,Consumer Electronics,Richmond,Virginia,US,23238
AudioImage Recording,audioimagerecording.com,audioimagerecording.com,,,Consumer Electronics,Richmond,Virginia,US,23220
"Aviva Rental Systems, LLC",audiovisualrentalsvirginia.com,audiovisualrentalsvirginia.com,,,Consumer Electronics,Richmond,Virginia,US,23220
Collaborative AV,collaborative-av.com,collaborative-av.com,,,Consumer Electronics,Richmond,Virginia,US,23233
DVD Networks - Managed IT Services & IT Support,dvdnetworks.com,dvdnetworks.com,,,Consumer Electronics,Richmond,Virginia,US,23236
"Delta Automation, Inc.",deltaautomation.com,deltaautomation.com,,,Consumer Electronics,Richmond,Virginia,US,23231
Digital Media and Security,dmsofva.com,dmsofva.com,,,Consumer Electronics,Richmond,Virginia,US,23236
Dwell Home Services,dwellhs.com,dwellhs.com,,,Consumer Electronics,Richmond,Virginia,US,23230
"ESITECH, Inc",esitechinc.com,esitechinc.com,,,Consumer Electronics,Richmond,Virginia,US,23294
"Encompass Supply, LLC",encompasssupply.com,encompasssupply.com,,,Consumer Electronics,Richmond,Virginia,US,23220
Hit Play,hitplay.co,hitplay.co,,,Consumer Electronics,Richmond,Virginia,US,23224
INARAY Design Group,inaray.com,inaray.com,,,Consumer Electronics,Richmond,Virginia,US,23230
IT Support Company and managed IT Services Provider in Richmond | Hermetic Networks,hermeticnetworks.com,hermeticnetworks.com,https://www.linkedin.com/company/4979004,,Consumer Electronics,Richmond,Virginia,US,23235
"Integrated Technology Solution, LLC",itsinstall.com,itsinstall.com,,,Consumer Electronics,Richmond,Virginia,US,23231
J&A Audio,ja-audio.net,ja-audio.net,,,Consumer Electronics,Richmond,Virginia,US,23221
Livewire,getlivewire.com,getlivewire.com,https://www.linkedin.com/company/livewire-llc,,Consumer Electronics,Richmond,Virginia,US,23230
Praos Smart Security,praossolutions.com,praossolutions.com,,,Consumer Electronics,Richmond,Virginia,US,23230
"Prism Industries, LLC",prism-industries.com,prism-industries.com,,,Consumer Electronics,Richmond,Virginia,US,23230
Productive AV,productive-companies.com,productive-companies.com,https://www.linkedin.com/company/tsc-management,,Consumer Electronics,Richmond,Virginia,US,23230
RVAV,rvav.com,rvav.com,,,Consumer Electronics,Richmond,Virginia,US,23229
Red Amp Audio,redampaudio.com,redampaudio.com,,,Consumer Electronics,Richmond,Virginia,US,23220
Security Alarm Systems VA of Richmond,securityalarmsystemsva.com,securityalarmsystemsva.com,https://www.linkedin.com/company/security-alarm-corporation,,Consumer Electronics,Richmond,Virginia,US,23230
Shades of Light,shadesoflight.com,shadesoflight.com,,,Consumer Electronics,Richmond,Virginia,US,23230
Sound and Image Design,soundandimage.com,soundandimage.com,,,Consumer Electronics,Richmond,Virginia,US,23227
Soundworks of Virginia,soundworksva.com,soundworksva.com,,,Consumer Electronics,Richmond,Virginia,US,23228
Stereo Image Recording,stereoimagerecording.com,stereoimagerecording.com,,,Consumer Electronics,Richmond,Virginia,US,23221
"Synergy Technical, LLC",synergy-technical.com,synergy-technical.com,,,Consumer Electronics,Richmond,Virginia,US,23220
Translucent Design Lighting & AV - Richmond,tdightingav.com,tdightingav.com,,,Consumer Electronics,Richmond,Virginia,US,23220
"Voigt Enterprises, LLC",voigtenterprises.net,voigtenterprises.net,,,Consumer Electronics,Richmond,Virginia,US,23220
"Corban Communications & Security, LLC",corbansecure.com,corbansecure.com,,,Consumer Electronics,Rockville,Virginia,US,23146
EYECASTLE CCTV,eyecss.com,eyecss.com,,,Consumer Electronics,Springfield,Virginia,US,22151
ASPIRE AUDIO VIDEO SOLUTIONS,aspireavs.com,aspireavs.com,https://www.linkedin.com/company/aspire-avs,,Consumer Electronics,Sterling,Virginia,US,20166
Dulles Electric,dulleselectric.com,dulleselectric.com,https://www.linkedin.com/company/dulles-electric-supply-corp,,Consumer Electronics,Sterling,Virginia,US,20166
Hogar Controls,hogarcontrols.com,hogarcontrols.com,https://www.linkedin.com/company/hogar-controls-india-pvt-ltd,,Consumer Electronics,Sterling,Virginia,US,20166
Snappymount,snappymount.com,snappymount.com,,,Consumer Electronics,Sterling,Virginia,US,20166
Integrated Audio Video,iavva.com,iavva.com,,,Consumer Electronics,Suffolk,Virginia,US,23435
Metamorphosis Environments,metamorphosis.solutions,metamorphosis.solutions,https://www.linkedin.com/company/metamorphosis-environments,,Consumer Electronics,The Plains,Virginia,US,20198
James River Audio Visual Services,jravs.com,jravs.com,,,Consumer Electronics,Toano,Virginia,US,23168
Adrenaline Solutions,adrenalinesolutions.net,adrenalinesolutions.net,,,Consumer Electronics,Virginia Beach,Virginia,US,23453
Advancement Home Solutions,advancementhomesolutions.com,advancementhomesolutions.com,,,Consumer Electronics,Virginia Beach,Virginia,US,23464
Audio Services,audio-services.com,audio-services.com,,,Consumer Electronics,Virginia Beach,Virginia,US,23454
Built-In Systems Inc,builtinsystems.com,builtinsystems.com,,,Consumer Electronics,Virginia Beach,Virginia,US,23462
Chesapeake Sound & Communications,chesapeakesound.com,chesapeakesound.com,,,Consumer Electronics,Virginia Beach,Virginia,US,23464
"Definitive Concepts, Inc.",definitiveconcepts.com,definitiveconcepts.com,,,Consumer Electronics,Virginia Beach,Virginia,US,23454
Digital Sound,digitalsoundva.com,digitalsoundva.com,,,Consumer Electronics,Virginia Beach,Virginia,US,23462
Domes Audio Video Environments,domesav.com,domesav.com,,,Consumer Electronics,Virginia Beach,Virginia,US,23451
Dynamic Systems Integration,dsivb.com,dsivb.com,,,Consumer Electronics,Virginia Beach,Virginia,US,23454
EDM Automation,edmautomation.com,edmautomation.com,,,Consumer Electronics,Virginia Beach,Virginia,US,23462
FM Tech | Smart Home & Security in Virginia Beach,fmtech.pro,fmtech.pro,,,Consumer Electronics,Virginia Beach,Virginia,US,23455
Family Security,alarmsbyfamily.com,alarmsbyfamily.com,,,Consumer Electronics,Virginia Beach,Virginia,US,23454
Greenbrier Lighting at Hilltop,greenbrierlightingathilltop.com,greenbrierlightingathilltop.com,,,Consumer Electronics,Virginia Beach,Virginia,US,23454
Isoft Solutions LLC,isoftusa.net,isoftusa.net,https://www.linkedin.com/company/isoft-solutions-llc---usa,,Consumer Electronics,Virginia Beach,Virginia,US,23462
Jellystream Lighting Inc.,jellystreamlighting.com,jellystreamlighting.com,,,Consumer Electronics,Virginia Beach,Virginia,US,23455
LAVA Integration,lava-int.com,lava-int.com,,,Consumer Electronics,Virginia Beach,Virginia,US,23452
Loyola Enterprises Inc,av.loyola.com,av.loyola.com,,,Consumer Electronics,Virginia Beach,Virginia,US,23452
MSCO Inc. Heating & Cooling,msco.pro,msco.pro,,,Consumer Electronics,Virginia Beach,Virginia,US,23452
Nipper Electric,nipperelectric.com,nipperelectric.com,,,Consumer Electronics,Virginia Beach,Virginia,US,23451
Productive AV,productiveav.com,productiveav.com,,,Consumer Electronics,Virginia Beach,Virginia,US,23452
Pure Custom Audio Video,purecustomav.com,purecustomav.com,,,Consumer Electronics,Virginia Beach,Virginia,US,23453
"S&S Production Services, LLC",sspro.co,sspro.co,,,Consumer Electronics,Virginia Beach,Virginia,US,23462
Smart Home Security LLC,smarthomesecurityllc.com,smarthomesecurityllc.com,,,Consumer Electronics,Virginia Beach,Virginia,US,23452
Studio Center,studiocenter.com,studiocenter.com,https://www.linkedin.com/company/studio-center,,Consumer Electronics,Virginia Beach,Virginia,US,23462
TechWorshipPro,techworshippro.com,techworshippro.com,,,Consumer Electronics,Virginia Beach,Virginia,US,23454
Tri-Zone Automation,trizoneautomation.com,trizoneautomation.com,,,Consumer Electronics,Warrenton,Virginia,US,20187
Bay Audio Video,bayaudiovideo.com,bayaudiovideo.com,,,Consumer Electronics,White Stone,Virginia,US,22578
OPTECH - Integrated Technology Solutions,optech.net,optech.net,,,Consumer Electronics,Williamsburg,Virginia,US,23185
Protection By Design,protectionbydesign.com,protectionbydesign.com,,,Consumer Electronics,Williamsburg,Virginia,US,23188
Make It Now LLC,makeitnowhomeservices.com,makeitnowhomeservices.com,,,Consumer Electronics,Woodbridge,Virginia,US,22192
Home Technologies,hometechva.com,hometechva.com,,,Consumer Electronics,Yorktown,Virginia,US,23693
Music Room Vt,musicroomvt.com,musicroomvt.com,,,Consumer Electronics,Barre,Vermont,US,05641
Alarmco Inc,alarmcovt.com,alarmcovt.com,,,Consumer Electronics,Bradford,Vermont,US,05033
BTV Drones,btvdrones.com,btvdrones.com,,,Consumer Electronics,Burlington,Vermont,US,05401
Burlington Telecom,burlingtontelecom.com,burlingtontelecom.com,,,Consumer Electronics,Burlington,Vermont,US,05401
CCTV Productions,cctv.org,cctv.org,,,Consumer Electronics,Burlington,Vermont,US,05401
CCTV/TownMeeting TV,ch17.tv,ch17.tv,,,Consumer Electronics,Burlington,Vermont,US,05401
City Lights,city-lights.com,city-lights.com,,,Consumer Electronics,Burlington,Vermont,US,05401
Computers for Change,computersforchange.com,computersforchange.com,,,Consumer Electronics,Burlington,Vermont,US,05401
Conant Metal & Light,conantmetalandlight.com,conantmetalandlight.com,,,Consumer Electronics,Burlington,Vermont,US,05401
DZ Security,dz-systems.com,dz-systems.com,,,Consumer Electronics,Burlington,Vermont,US,05401
Eternity,eternitymarketing.com,eternitymarketing.com,https://www.linkedin.com/company/eternity-web,,Consumer Electronics,Burlington,Vermont,US,05401
Media Factory,mediafactory.org,mediafactory.org,,,Consumer Electronics,Burlington,Vermont,US,05401
Music & Arts,stores.musicarts.com,stores.musicarts.com,,,Consumer Electronics,Burlington,Vermont,US,05401
My Project Concierge LLC,hireaninspector.com,hireaninspector.com,,,Consumer Electronics,Burlington,Vermont,US,05408
Pure Pop Records,purepoprecords.com,purepoprecords.com,,,Consumer Electronics,Burlington,Vermont,US,05401
Somali Bantu TV,banllywood.tv,banllywood.tv,,,Consumer Electronics,Burlington,Vermont,US,05401
Soundtoys,soundtoys.com,soundtoys.com,,,Consumer Electronics,Burlington,Vermont,US,05401
Speaking Volumes Records,speakingvolumesvt.com,speakingvolumesvt.com,,,Consumer Electronics,Burlington,Vermont,US,05401
Synergy Fire and Security,synergy-vt.com,synergy-vt.com,,,Consumer Electronics,Burlington,Vermont,US,05408
The Flynn,flynnvt.org,flynnvt.org,,,Consumer Electronics,Burlington,Vermont,US,05401
The Lamp Shop,shopthelamp.com,shopthelamp.com,,,Consumer Electronics,Burlington,Vermont,US,05401
Tina's Home Designs,tinashomedesigns.com,tinashomedesigns.com,,,Consumer Electronics,Burlington,Vermont,US,05401
VT Audio Visual,vtaudiovisual.com,vtaudiovisual.com,,,Consumer Electronics,Burlington,Vermont,US,05401
Vermont Stage,vermontstage.org,vermontstage.org,,,Consumer Electronics,Burlington,Vermont,US,05401
Very Merry Theatre,verymerrytheatre.org,verymerrytheatre.org,,,Consumer Electronics,Burlington,Vermont,US,05401
Wires Computing,wirescomputing.com,wirescomputing.com,,,Consumer Electronics,Burlington,Vermont,US,05401
Wizard Tech,wizardtechvt.com,wizardtechvt.com,,,Consumer Electronics,Burlington,Vermont,US,05401
iMarket Solutions,imarketsolutions.com,imarketsolutions.com,,,Consumer Electronics,Burlington,Vermont,US,05401
infiswift,infiswift.com,infiswift.com,https://www.linkedin.com/company/infiswift-technologies,,Consumer Electronics,Burlington,Vermont,US,05401
"Atomic Professional Audio, Inc.",atomicproaudio.com,atomicproaudio.com,,,Consumer Electronics,Clarendon,Vermont,US,05759
Egan Media,eganmedia.com,eganmedia.com,,,Consumer Electronics,Colchester,Vermont,US,05446
Green Mountain Electric Supply,gmes.com,gmes.com,,,Consumer Electronics,Colchester,Vermont,US,05446
simpleroute,simpleroute.com,simpleroute.com,,,Consumer Electronics,Colchester,Vermont,US,05446
Essex Cinemas,essexcinemas.com,essexcinemas.com,,,Consumer Electronics,Essex Junction,Vermont,US,05452
SmartHome,smarthomefurnishingsej.com,smarthomefurnishingsej.com,,,Consumer Electronics,Essex Junction,Vermont,US,05452
Sun Ray Fire & Security,sunrayvt.com,sunrayvt.com,,,Consumer Electronics,Essex Junction,Vermont,US,05452
Lamos Electric LLC,lamoselectric.com,lamoselectric.com,,,Consumer Electronics,Franklin,Vermont,US,05457
Audio Video Advisors,audiovideoadvisors.com,audiovideoadvisors.com,,,Consumer Electronics,Hartford,Vermont,US,05001
"Northeast Sound Mixer, LLC",northeastsoundmixer.com,northeastsoundmixer.com,,,Consumer Electronics,Hartland,Vermont,US,05048
Dark Star Lighting & Production,darkstarproductions.com,darkstarproductions.com,,,Consumer Electronics,Hinesburg,Vermont,US,05461
"AV Innovations, LLC",vtavi.com,vtavi.com,,,Consumer Electronics,Ludlow,Vermont,US,05149
Intelligent Audio Video Consulting,iavcaudio.com,iavcaudio.com,,,Consumer Electronics,Ludlow,Vermont,US,05149
Equinox Audio Visuals,equinoxaudiovisuals.com,equinoxaudiovisuals.com,,,Consumer Electronics,Manchester,Vermont,US,05255
"Audio Visual Environments, LLC",avevt.com,avevt.com,,,Consumer Electronics,Milton,Vermont,US,05468
Vermont Security,vermontsecurity.com,vermontsecurity.com,,,Consumer Electronics,Montpelier,Vermont,US,05602
"Upper Valley Home Technologies - Home Theater, Surround Sound, Sonos, Wifi, Samsung TV, Wall Mounts",uppervalleyhometech.com,uppervalleyhometech.com,,,Consumer Electronics,Pomfret,Vermont,US,05067
Installation Station,installationstationvt.com,installationstationvt.com,,,Consumer Electronics,Rutland,Vermont,US,05701
The Audiobook Experience,theaudiobookexperience.com,theaudiobookexperience.com,,,Consumer Electronics,Shelburne,Vermont,US,05482
The Lighting House,vermontlightinghouse.com,vermontlightinghouse.com,,,Consumer Electronics,Shelburne,Vermont,US,05482
Absolute Automation,absoluteautomationvt.com,absoluteautomationvt.com,,,Consumer Electronics,South Burlington,Vermont,US,05403
Barnes & Noble,stores.barnesandnoble.com,stores.barnesandnoble.com,,,Consumer Electronics,South Burlington,Vermont,US,05403
Bath Fitter,bathfitter.com,bathfitter.com,,,Consumer Electronics,South Burlington,Vermont,US,05403
"Benoure Plumbing, Heating & Air Conditioning",benoure.com,benoure.com,,,Consumer Electronics,South Burlington,Vermont,US,05403
Cummings Electric,cummingselectric.com,cummingselectric.com,,,Consumer Electronics,South Burlington,Vermont,US,05403
Extensity Creative,extensitycreative.com,extensitycreative.com,,,Consumer Electronics,South Burlington,Vermont,US,05403
"Fuzzbuzz Technologies, Inc.",fuzzbuzzav.com,fuzzbuzzav.com,,,Consumer Electronics,South Burlington,Vermont,US,05403
Hen House Media LLC,henhousemedia.com,henhousemedia.com,https://www.linkedin.com/company/hen-house-media-llc,,Consumer Electronics,South Burlington,Vermont,US,05403
IT IN VT,itinvt.com,itinvt.com,,,Consumer Electronics,South Burlington,Vermont,US,05403
Lakeside Electric Inc.,lakesideelectricvt.com,lakesideelectricvt.com,,,Consumer Electronics,South Burlington,Vermont,US,05403
"Life Safety Systems, Inc",lifesafetysystemsne.com,lifesafetysystemsne.com,,,Consumer Electronics,South Burlington,Vermont,US,05403
Mt Mansfield Media Inc,mtmansfieldmedia.com,mtmansfieldmedia.com,,,Consumer Electronics,South Burlington,Vermont,US,05403
Omega Electric,omegavt.com,omegavt.com,,,Consumer Electronics,South Burlington,Vermont,US,05403
OnLogic,onlogic.com,onlogic.com,,,Consumer Electronics,South Burlington,Vermont,US,05403
Spotlight Vermont,spotlightvermont.com,spotlightvermont.com,,,Consumer Electronics,South Burlington,Vermont,US,05403
"Tech Group, Inc.",tgvt.net,tgvt.net,https://www.linkedin.com/company/the-tech-group-inc.,,Consumer Electronics,South Burlington,Vermont,US,05403
Vermont Association For The Blind And Visually Impaired,vabvi.org,vabvi.org,,,Consumer Electronics,South Burlington,Vermont,US,05403
Vermont Gaming Academy,vermontgamingacademy.com,vermontgamingacademy.com,,,Consumer Electronics,South Burlington,Vermont,US,05403
WCAX-TV,wcax.com,wcax.com,,,Consumer Electronics,South Burlington,Vermont,US,05403
Byrne Electronic Services Center,radioshack.com,radioshack.com,https://www.linkedin.com/company/radioshack,,Consumer Electronics,St Johnsbury,Vermont,US,05819
Vermont Electronics,vermontelectronics.biz,vermontelectronics.biz,,,Consumer Electronics,Stowe,Vermont,US,05672
Supersounds Entertainment Inc.,supersounds.com,supersounds.com,,,Consumer Electronics,Underhill,Vermont,US,05489
Control Technologies Inc.,controltechinc.com,controltechinc.com,,,Consumer Electronics,Williston,Vermont,US,05495
Creative Sound,creativesoundvt.com,creativesoundvt.com,,,Consumer Electronics,Williston,Vermont,US,05495
Majestic 10,majestic10.com,majestic10.com,,,Consumer Electronics,Williston,Vermont,US,05495
Quality Electric LLC,qualityelectricburlington.com,qualityelectricburlington.com,,,Consumer Electronics,Williston,Vermont,US,05495
Royal Group,royalvt.com,royalvt.com,,,Consumer Electronics,Williston,Vermont,US,05495
Shift Construction and Consulting LLC,shiftconstruction.com,shiftconstruction.com,,,Consumer Electronics,Williston,Vermont,US,05495
System Integrators,sivermont.com,sivermont.com,,,Consumer Electronics,Williston,Vermont,US,05495
Sight And Sound Solutions,vtsightandsoundsolutions.com,vtsightandsoundsolutions.com,,,Consumer Electronics,Windsor,Vermont,US,05089
VHV Company - Full Service HVAC/R & Plumbing Construction and Service Repair,vhv.com,vhv.com,,,Consumer Electronics,Winooski,Vermont,US,05404
Horizon Audio & Video,horizonavs.com,horizonavs.com,,,Consumer Electronics,Anacortes,Washington,US,98221
Distinctive Audio & Video,distinctiveaudiovideo.com,distinctiveaudiovideo.com,,,Consumer Electronics,Auburn,Washington,US,98001
Puget Systems,pugetsystems.com,pugetsystems.com,,,Consumer Electronics,Auburn,Washington,US,98001
Bainbridge Island Audio Tours,bainbridgeisland.tours,bainbridgeisland.tours,,,Consumer Electronics,Bainbridge Island,Washington,US,98110
Bainbridge Tech,bainbridgetech.com,bainbridgetech.com,,,Consumer Electronics,Bainbridge Island,Washington,US,98110
Bainbridge Wireless Computers,bainbridgewireless.com,bainbridgewireless.com,,,Consumer Electronics,Bainbridge Island,Washington,US,98110
Big Door,thebigdoorcompany.com,thebigdoorcompany.com,,,Consumer Electronics,Bainbridge Island,Washington,US,98110
Audio Plus,audioplusllc.com,audioplusllc.com,,,Consumer Electronics,Bellevue,Washington,US,98005
BB-Builders Pro,bb-builders.pro,bb-builders.pro,,,Consumer Electronics,Bellevue,Washington,US,98005
Beyond Hi-Fi,beyondhifi.com,beyondhifi.com,https://www.linkedin.com/company/beyond-hi-fi,,Consumer Electronics,Bellevue,Washington,US,98005
C2S Technologies Inc. USA,c2stechs.com,c2stechs.com,https://www.linkedin.com/company/c2stechs,,Consumer Electronics,Bellevue,Washington,US,98007
Cielo WiGle,cielowigle.com,cielowigle.com,https://www.linkedin.com/company/cielowigle,,Consumer Electronics,Bellevue,Washington,US,98007
Definitive Seattle Experience Center,definitive.com,definitive.com,https://www.linkedin.com/company/definitive-audio,,Consumer Electronics,Bellevue,Washington,US,98007
Eastside Electrical LLC,eastsideelectricalwa.com,eastsideelectricalwa.com,,,Consumer Electronics,Bellevue,Washington,US,98004
Evergreen Electric Gates And Fences,evergreenelectricgates.com,evergreenelectricgates.com,,,Consumer Electronics,Bellevue,Washington,US,98004
Gallison Systems,gallisonsystems.com,gallisonsystems.com,,,Consumer Electronics,Bellevue,Washington,US,98004
ITTIA,ittia.com,ittia.com,https://www.linkedin.com/company/ittia,,Consumer Electronics,Bellevue,Washington,US,98004
Innovative Homes NW,innovativehomesnw.com,innovativehomesnw.com,,,Consumer Electronics,Bellevue,Washington,US,98005
Interactive Gates & Security,interactivegates.com,interactivegates.com,,,Consumer Electronics,Bellevue,Washington,US,98005
Intercrus Decks,intercrusdecks.com,intercrusdecks.com,,,Consumer Electronics,Bellevue,Washington,US,98004
Jacob Electric LLC,jacobelect.com,jacobelect.com,https://www.linkedin.com/company/jacob-electric-group,,Consumer Electronics,Bellevue,Washington,US,98004
Jaguar Audio,jaguaraudio.com,jaguaraudio.com,,,Consumer Electronics,Bellevue,Washington,US,98004
Lander Electric,landerelectric.com,landerelectric.com,,,Consumer Electronics,Bellevue,Washington,US,98005
Lotus Media,lotusmedia.us,lotusmedia.us,,,Consumer Electronics,Bellevue,Washington,US,98006
Madrona Digital,madronadigital.com,madronadigital.com,,,Consumer Electronics,Bellevue,Washington,US,98006
Nest Solutions LLC,nestsolutions.llc,nestsolutions.llc,,,Consumer Electronics,Bellevue,Washington,US,98005
Obot Electric,obotelectric.com,obotelectric.com,,,Consumer Electronics,Bellevue,Washington,US,98005
"OutToday Electrical, Plumbing, Heating and Air",outtoday.com,outtoday.com,,,Consumer Electronics,Bellevue,Washington,US,98005
RH Outlet Bellevue,rh.com,rh.com,,,Consumer Electronics,Bellevue,Washington,US,98006
Real Wave,realwave.com,realwave.com,,,Consumer Electronics,Bellevue,Washington,US,98004
Renofix Builders,renofixbuilders.com,renofixbuilders.com,,,Consumer Electronics,Bellevue,Washington,US,98005
Sandru Technologies,sandrutech.com,sandrutech.com,,,Consumer Electronics,Bellevue,Washington,US,98005
Smart Green Design and Construction,smartgdc.com,smartgdc.com,,,Consumer Electronics,Bellevue,Washington,US,98005
Smart Office Environments,smartofficeenvironments.com,smartofficeenvironments.com,,,Consumer Electronics,Bellevue,Washington,US,98006
Smartsheet Inc,smartsheet.com,smartsheet.com,https://www.linkedin.com/company/smartsheet-com,,Consumer Electronics,Bellevue,Washington,US,98004
"Structured Communication Systems, Inc.",structured.com,structured.com,,,Consumer Electronics,Bellevue,Washington,US,98005
Systems Unlimited,systemsunltd.com,systemsunltd.com,,,Consumer Electronics,Bellevue,Washington,US,98005
"TecAce Software, Ltd",tecace.com,tecace.com,,,Consumer Electronics,Bellevue,Washington,US,98005
Vetco Electronics,vetco.net,vetco.net,,,Consumer Electronics,Bellevue,Washington,US,98005
Zenoti,zenoti.com,zenoti.com,,,Consumer Electronics,Bellevue,Washington,US,98008
Wolf AV,wolfav.com,wolfav.com,,,Consumer Electronics,Camas,Washington,US,98607
Advanced Electric & Security,advancedelectric.com,advancedelectric.com,,,Consumer Electronics,Edgewood,Washington,US,98372
Audio Video Exclusives,avexclusives.com,avexclusives.com,https://www.linkedin.com/company/audio-video-exclusives,,Consumer Electronics,Edmonds,Washington,US,98026
"MasterClass Audio Video, LLC.",masterclassaudiovideo.com,masterclassaudiovideo.com,,,Consumer Electronics,Edmonds,Washington,US,98020
AV Smart Solutions,avsmartsolutions.com,avsmartsolutions.com,https://www.linkedin.com/company/audio-visual-smart-solutions,,Consumer Electronics,Everett,Washington,US,98204
Fuller Electric,fullerelec.com,fullerelec.com,,,Consumer Electronics,Federal Way,Washington,US,98003
Protec Security & Smart Home - Tacoma WA,protecnw.com,protecnw.com,https://www.linkedin.com/company/red-services,,Consumer Electronics,Federal Way,Washington,US,98003
"RED Safety, Security, & Home Automation Systems",redsafety.com,redsafety.com,https://www.linkedin.com/company/red-services,,Consumer Electronics,Federal Way,Washington,US,98003
Agility AVL,agilityavl.com,agilityavl.com,https://www.linkedin.com/company/agility-avl,,Consumer Electronics,Fife,Washington,US,98424
IKONIKA,ikonika.com,ikonika.com,,,Consumer Electronics,Fife,Washington,US,98424
Provo Electronics - Vintage audio repair.,provolab.com,provolab.com,,,Consumer Electronics,Fife,Washington,US,98424
Whidbey Audio • Video • Electric,whidbey-av.com,whidbey-av.com,,,Consumer Electronics,Freeland,Washington,US,98249
Gig Harbor Audio,gigharboraudio.com,gigharboraudio.com,,,Consumer Electronics,Gig Harbor,Washington,US,98335
Integrity Home Integration Inc,ihi-nw.com,ihi-nw.com,,,Consumer Electronics,Issaquah,Washington,US,98027
Surge Electrical LLC,surgelectrical.com,surgelectrical.com,,,Consumer Electronics,Issaquah,Washington,US,98027
"Tempest Technologies, LLC",tempest-av.com,tempest-av.com,https://www.linkedin.com/company/tempest-technologies-llc,,Consumer Electronics,Issaquah,Washington,US,98027
Visual Commands,visualcommands.com,visualcommands.com,https://www.linkedin.com/company/avidex,,Consumer Electronics,Issaquah,Washington,US,98027
"ABS, a division of Key Code Media",advancedbroadcastsolutions.com,advancedbroadcastsolutions.com,,,Consumer Electronics,Kent,Washington,US,98032
AV Factory,avfactory.com,avfactory.com,,,Consumer Electronics,Kent,Washington,US,98032
Kele,kele.com,kele.com,https://www.linkedin.com/company/kele-inc.,,Consumer Electronics,Kent,Washington,US,98032
Rivas Technology Group,rivastechgroup.com,rivastechgroup.com,https://www.linkedin.com/company/rivas-technology-group,,Consumer Electronics,Kent,Washington,US,98032
Beemer Smart Home,beemerhome.com,beemerhome.com,,,Consumer Electronics,Kirkland,Washington,US,98034
Streamline Electric,streamlinenw.com,streamlinenw.com,,,Consumer Electronics,Kirkland,Washington,US,98033
E-Squared Systems LLC,e2systemsllc.com,e2systemsllc.com,,,Consumer Electronics,Lakewood,Washington,US,98499
Net Zero Electric,netzeroelectricllc.com,netzeroelectricllc.com,,,Consumer Electronics,Lakewood,Washington,US,98498
Acme Integration,acmeintegration.com,acmeintegration.com,,,Consumer Electronics,Liberty Lake,Washington,US,99019
Premier Sight and Sound,premiersightandsound.com,premiersightandsound.com,,,Consumer Electronics,Liberty Lake,Washington,US,99019
"Audio Visual Specialists, Inc.",avslynnwood.com,avslynnwood.com,,,Consumer Electronics,Lynnwood,Washington,US,98036
"High-Tech Living, LLC",high-techliving.com,high-techliving.com,,,Consumer Electronics,Lynnwood,Washington,US,98037
Olson's HiFi,olsonshifi.com,olsonshifi.com,,,Consumer Electronics,Lynnwood,Washington,US,98036
All Tech Security Systems & Home Theater Installers,alltechsystemsinc.net,alltechsystemsinc.net,,,Consumer Electronics,Marysville,Washington,US,98270
Audio Engineers Northwest,audioengineersnorthwest.com,audioengineersnorthwest.com,,,Consumer Electronics,Marysville,Washington,US,98270
Seattle AI Automations,seattleautomations.ai,seattleautomations.ai,,,Consumer Electronics,Marysville,Washington,US,98270
Chore-ology Restoration & Handyman,chore-ology.com,chore-ology.com,,,Consumer Electronics,Mercer Island,Washington,US,98040
EZ Smart home Automations Seattle,ezsmarthomeautomations.com,ezsmarthomeautomations.com,,,Consumer Electronics,Mercer Island,Washington,US,98040
Island House Assisted Living,mbkseniorliving.com,mbkseniorliving.com,https://www.linkedin.com/company/mbkseniorliving,,Consumer Electronics,Mercer Island,Washington,US,98040
Island Security Systems Inc,islandsecurity.com,islandsecurity.com,,,Consumer Electronics,Mercer Island,Washington,US,98040
Island Square,islandsquareapts.com,islandsquareapts.com,,,Consumer Electronics,Mercer Island,Washington,US,98040
JayMarc Custom Homes,jaymarchomes.com,jaymarchomes.com,https://www.linkedin.com/company/jaymarc-homes,,Consumer Electronics,Mercer Island,Washington,US,98040
Mercer Island Community & Event Center,mercerisland.gov,mercerisland.gov,,,Consumer Electronics,Mercer Island,Washington,US,98040
Mr. Minar's Moving Magic LLC,minarmoving.com,minarmoving.com,,,Consumer Electronics,Mercer Island,Washington,US,98040
Old World Handyman,oldworldhandyman.com,oldworldhandyman.com,,,Consumer Electronics,Mercer Island,Washington,US,98040
Six Walls,six-walls.com,six-walls.com,,,Consumer Electronics,Mercer Island,Washington,US,98040
TapedMemories.com,tapedmemories.com,tapedmemories.com,,,Consumer Electronics,Mercer Island,Washington,US,98040
The Hadley Apartments,hadleymercerisland.com,hadleymercerisland.com,,,Consumer Electronics,Mercer Island,Washington,US,98040
Switch Electric Home Energy,myswitchelectric.com,myswitchelectric.com,,,Consumer Electronics,Monroe,Washington,US,98272
Washington Smart Home Solutions,wa-smarthomesolutions.com,wa-smarthomesolutions.com,https://www.linkedin.com/company/wix-com,,Consumer Electronics,Monroe,Washington,US,98272
Audio Video Resource Inc,digitalavr.com,digitalavr.com,,,Consumer Electronics,Mount Vernon,Washington,US,98274
Blue Stream Integrations LLC,bluestreamintegrations.com,bluestreamintegrations.com,,,Consumer Electronics,Mount Vernon,Washington,US,98273
InTech Systems,intechsystems.net,intechsystems.net,,,Consumer Electronics,Mount Vernon,Washington,US,98273
WAVE Designs,wavedesignsinc.com,wavedesignsinc.com,https://www.linkedin.com/company/wave-designs-seattle,,Consumer Electronics,Mountlake Terrace,Washington,US,98043
"Cutting Edge Design, Inc",cedi.tv,cedi.tv,,,Consumer Electronics,Mukilteo,Washington,US,98275
Nexus Integration | Electrical Contractor,nexusintegrationnw.com,nexusintegrationnw.com,,,Consumer Electronics,Newport,Washington,US,99156
AV Tech Innovations,avtechinnovations.com,avtechinnovations.com,,,Consumer Electronics,Nine Mile Falls,Washington,US,99026
Home Technology,gethousesmart.com,gethousesmart.com,,,Consumer Electronics,Port Orchard,Washington,US,98366
Intellisystems Inc,intelli-systems.com,intelli-systems.com,,,Consumer Electronics,Port Orchard,Washington,US,98366
"Nexus Electric, Inc.",nexuselectric.co,nexuselectric.co,,,Consumer Electronics,Port Orchard,Washington,US,98367
"All Systems Integrated, Inc.",asinw.com,asinw.com,,,Consumer Electronics,Puyallup,Washington,US,98372
Car Toys & Tint Puyallup,cartoys.com,cartoys.com,,,Consumer Electronics,Puyallup,Washington,US,98373
Pacific Home Electric | Electrician,pacifichomeelectric.com,pacifichomeelectric.com,,,Consumer Electronics,Puyallup,Washington,US,98373
Serenity Air Heating & Air Conditioning,serenityairinc.com,serenityairinc.com,,,Consumer Electronics,Puyallup,Washington,US,98373
Elite Automation,eliteautomation.us,eliteautomation.us,https://www.linkedin.com/company/eliteautomation,,Consumer Electronics,Redmond,Washington,US,98052
Remote Control Technology,remotecontroltech.com,remotecontroltech.com,,,Consumer Electronics,Redmond,Washington,US,98052
AV Works,av.works,av.works,,,Consumer Electronics,Renton,Washington,US,98057
Digital Cinema Design,digitalcinemadesign.com,digitalcinemadesign.com,,,Consumer Electronics,Renton,Washington,US,98056
IDS Audio & Video Inc,ids-nw.net,ids-nw.net,,,Consumer Electronics,Renton,Washington,US,98058
J&E Integration,je-integration.com,je-integration.com,,,Consumer Electronics,Renton,Washington,US,98059
LLUMINET LLC,lluminet.com,lluminet.com,https://www.linkedin.com/company/lluminet-llc,,Consumer Electronics,Renton,Washington,US,98058
Puget Sound Electric Gates LLC,pugetsoundelectricgates.com,pugetsoundelectricgates.com,,,Consumer Electronics,Renton,Washington,US,98059
Puzzle Construction Group,puzzleconstructiongroup.com,puzzleconstructiongroup.com,,,Consumer Electronics,Renton,Washington,US,98057
Rainier Custom Homes,rainiercustomhomes.com,rainiercustomhomes.com,,,Consumer Electronics,Renton,Washington,US,98057
4th Systems,4thsystems.com,4thsystems.com,,,Consumer Electronics,Seattle,Washington,US,98146
AVI Solutions Inc,avisolutions.net,avisolutions.net,,,Consumer Electronics,Seattle,Washington,US,98104
Apex Energy Solutions,apexenergygroup.com,apexenergygroup.com,https://www.linkedin.com/company/apex-energy-group,,Consumer Electronics,Seattle,Washington,US,98118
"As You Wish Electric, Plumbing, Heating & Air",asyouwishelectric.com,asyouwishelectric.com,,,Consumer Electronics,Seattle,Washington,US,98134
Audio Visual Management Solutions,avms.com,avms.com,https://www.linkedin.com/company/pinnacle-live,,Consumer Electronics,Seattle,Washington,US,98134
Avalara,avalara.com,avalara.com,https://www.linkedin.com/company/avalara,,Consumer Electronics,Seattle,Washington,US,98104
Ballard Custom Audio,ballardcustomaudio.com,ballardcustomaudio.com,,,Consumer Electronics,Seattle,Washington,US,98107
"CI Tech, LLC",wacitech.com,wacitech.com,,,Consumer Electronics,Seattle,Washington,US,98133
Carlisle Classic Homes LLC,cchbuilds.com,cchbuilds.com,,,Consumer Electronics,Seattle,Washington,US,98117
Carlson Audio Systems,carlson-audio.com,carlson-audio.com,,,Consumer Electronics,Seattle,Washington,US,98134
CityProTech - Tv Mounting Service,cityprotech.com,cityprotech.com,,,Consumer Electronics,Seattle,Washington,US,98125
Cloud1iT - Managed IT Support | IT Networks Support Seattle,cloud1it.com,cloud1it.com,https://www.linkedin.com/company/cloud1it,,Consumer Electronics,Seattle,Washington,US,98119
Connect&Protect,connectandprotectllc.com,connectandprotectllc.com,,,Consumer Electronics,Seattle,Washington,US,98101
Deako,deako.com,deako.com,https://www.linkedin.com/company/deako,,Consumer Electronics,Seattle,Washington,US,98105
Diatomic Product Development,diatomicpd.com,diatomicpd.com,,,Consumer Electronics,Seattle,Washington,US,98102
Digital Age Sound,digitalagesound.com,digitalagesound.com,,,Consumer Electronics,Seattle,Washington,US,98125
ERW Lighting,erwlighting.com,erwlighting.com,https://www.linkedin.com/company/erw-lighting-controls,,Consumer Electronics,Seattle,Washington,US,98108
EXP Technical,exptechnical.com,exptechnical.com,,,Consumer Electronics,Seattle,Washington,US,98101
Elluminati,elluminatiinc.com,elluminatiinc.com,https://www.linkedin.com/company/elluminati,,Consumer Electronics,Seattle,Washington,US,98104
Evergreen Home Heating and Energy,evergreenhomeheatingandenergy.com,evergreenhomeheatingandenergy.com,,,Consumer Electronics,Seattle,Washington,US,98108
"ExtraHop Networks, Inc.",extrahop.com,extrahop.com,https://www.linkedin.com/company/extrahop-networks,,Consumer Electronics,Seattle,Washington,US,98101
"Great Western Security, Inc.",greatwesternsecurity.com,greatwesternsecurity.com,https://www.linkedin.com/company/great-western-security-inc,,Consumer Electronics,Seattle,Washington,US,98117
Guardian Security,guardiansecurity.com,guardiansecurity.com,,,Consumer Electronics,Seattle,Washington,US,98134
Hawthorne Stereo,hawthornestereo.com,hawthornestereo.com,,,Consumer Electronics,Seattle,Washington,US,98115
Highspot,highspot.com,highspot.com,https://www.linkedin.com/company/highspot,,Consumer Electronics,Seattle,Washington,US,98121
Industrial Communications LLC,industrialcomm.net,industrialcomm.net,https://www.linkedin.com/company/industrial-communications-wa,,Consumer Electronics,Seattle,Washington,US,98134
Jason L Campbell System Design,jlcsd.com,jlcsd.com,,,Consumer Electronics,Seattle,Washington,US,98104
Live Oak Audio Visual Inc,liveoakav.com,liveoakav.com,https://www.linkedin.com/company/live-oak-audio-visual-inc,,Consumer Electronics,Seattle,Washington,US,98108
Luxe Cabinet & Stone,luxecs.com,luxecs.com,,,Consumer Electronics,Seattle,Washington,US,98108
Mirsky Electric,mirskyelectric.com,mirskyelectric.com,,,Consumer Electronics,Seattle,Washington,US,98107
Olis Robotics,olisrobotics.com,olisrobotics.com,https://www.linkedin.com/company/olisrobotics,,Consumer Electronics,Seattle,Washington,US,98104
Omnidian,omnidian.com,omnidian.com,,,Consumer Electronics,Seattle,Washington,US,98104
One Workplace - Seattle Headquarters & Showroom,oneworkplace.com,oneworkplace.com,https://www.linkedin.com/company/one-workplace,,Consumer Electronics,Seattle,Washington,US,98108
PhishCloud,phishcloud.com,phishcloud.com,https://www.linkedin.com/company/18758150,,Consumer Electronics,Seattle,Washington,US,98134
Pipe17,pipe17.com,pipe17.com,https://www.linkedin.com/company/pipe17,,Consumer Electronics,Seattle,Washington,US,98121
React Audiovisual Systems,react-av.com,react-av.com,https://www.linkedin.com/company/react-audiovisual-systems,,Consumer Electronics,Seattle,Washington,US,98188
Region 6 Systems Integration,region6.systems,region6.systems,,,Consumer Electronics,Seattle,Washington,US,98109
RentSpree,rentspree.com,rentspree.com,,,Consumer Electronics,Seattle,Washington,US,98101
Resonant Mastering,resonantmastering.com,resonantmastering.com,,,Consumer Electronics,Seattle,Washington,US,98112
Schenkar Construction LLC,schenkarconstruction.com,schenkarconstruction.com,,,Consumer Electronics,Seattle,Washington,US,98107
Seattle Access Control System,seattleaccesscontrolsystem.com,seattleaccesscontrolsystem.com,,,Consumer Electronics,Seattle,Washington,US,98108
Seattle Sight and Sound,seattlesightandsound.com,seattlesightandsound.com,,,Consumer Electronics,Seattle,Washington,US,98109
Seattle TV Mounting,seattle-tv-mounting.com,seattle-tv-mounting.com,https://www.linkedin.com/company/seattle-tv-mounting,,Consumer Electronics,Seattle,Washington,US,98107
Silo IT Group dba Helpdesk.Live,helpdesk.live,helpdesk.live,,,Consumer Electronics,Seattle,Washington,US,98107
SolTerra,solar.solterra.com,solar.solterra.com,https://www.linkedin.com/company/solterra-solar,,Consumer Electronics,Seattle,Washington,US,98134
Sound Network Integration,snic.com,snic.com,,,Consumer Electronics,Seattle,Washington,US,98115
Space Theory,spacetheory.com,spacetheory.com,,,Consumer Electronics,Seattle,Washington,US,98134
Streamline Solutions,streamlineinstall.com,streamlineinstall.com,,,Consumer Electronics,Seattle,Washington,US,98106
TBH Sterling Inc.,tbhsterling.com,tbhsterling.com,https://www.linkedin.com/company/tbh-sterling-inc,,Consumer Electronics,Seattle,Washington,US,98108
Textio,textio.com,textio.com,,,Consumer Electronics,Seattle,Washington,US,98104
"Theobald Software, Inc.",theobald-software.com,theobald-software.com,,,Consumer Electronics,Seattle,Washington,US,98121
Tune: Hi-Fi for Humans,tunehifi.com,tunehifi.com,,,Consumer Electronics,Seattle,Washington,US,98121
"Volcano Builders, Inc.",volcanobuilders.com,volcanobuilders.com,,,Consumer Electronics,Seattle,Washington,US,98121
WEBCON Inc.,webcon.com,webcon.com,https://www.linkedin.com/company/webcon,,Consumer Electronics,Seattle,Washington,US,98101
WatchGuard Technologies Inc,watchguard.com,watchguard.com,https://www.linkedin.com/company/watchguard-technologies,,Consumer Electronics,Seattle,Washington,US,98104
Yavar IT Solutions,yavar.it,yavar.it,https://www.linkedin.com/company/3591134,,Consumer Electronics,Seattle,Washington,US,98101
ZTransform,ztransform.com,ztransform.com,,,Consumer Electronics,Seattle,Washington,US,98108
Zen Techworks | Business IT Support Company in Seattle,zentechworks.com,zentechworks.com,,,Consumer Electronics,Seattle,Washington,US,98103
Ztechnicians | TV Mounting Service,ztechnicians.com,ztechnicians.com,,,Consumer Electronics,Seattle,Washington,US,98119
aaDigital Solutions,aadigi.com,aadigi.com,,,Consumer Electronics,Seattle,Washington,US,98103
iGMS,igms.com,igms.com,https://www.linkedin.com/company/igmscom,,Consumer Electronics,Seattle,Washington,US,98101
iTrellis,itrellis.com,itrellis.com,https://www.linkedin.com/company/itrellis,,Consumer Electronics,Seattle,Washington,US,98104
idieh studio,idiehstudio.com,idiehstudio.com,,,Consumer Electronics,Seattle,Washington,US,98116
Galaxy Electric,galaxyel.com,galaxyel.com,,,Consumer Electronics,Shoreline,Washington,US,98133
Integrated Living Solutions,integrated-living-solutions.com,integrated-living-solutions.com,,,Consumer Electronics,Shoreline,Washington,US,98155
Wicked Home Theater,wickedhometheater.com,wickedhometheater.com,,,Consumer Electronics,Silverdale,Washington,US,98383
Bain Custom Integrations,bcinw.com,bcinw.com,,,Consumer Electronics,Snohomish,Washington,US,98290
FSI Security & Technology,fsisecurityandtech.com,fsisecurityandtech.com,,,Consumer Electronics,Snohomish,Washington,US,98290
AF Honest Home Services LLC | Heating | Cooling | Electrical,honestafservices.com,honestafservices.com,,,Consumer Electronics,Spokane,Washington,US,99202
American Security Consultants,amcsinc.com,amcsinc.com,,,Consumer Electronics,Spokane,Washington,US,99205
Camtek Inc.,camtekinc.com,camtekinc.com,,,Consumer Electronics,Spokane,Washington,US,99217
Cycrest Systems Inc.,cycrest.com,cycrest.com,,,Consumer Electronics,Spokane,Washington,US,99201
"ETS Automation, Inc",etsautomation.com,etsautomation.com,,,Consumer Electronics,Spokane,Washington,US,99208
"Epic Electric, Heating, Cooling & Plumbing",epicfixedit.com,epicfixedit.com,,,Consumer Electronics,Spokane,Washington,US,99202
Inland Audio Visual Company,inlandav.com,inlandav.com,,,Consumer Electronics,Spokane,Washington,US,99205
J C Wright Lighting Sales Inc,jcwrightlighting.com,jcwrightlighting.com,,,Consumer Electronics,Spokane,Washington,US,99202
Lowe's Home Improvement,lowes.com,lowes.com,,,Consumer Electronics,Spokane,Washington,US,99208
Revival Lighting,revivallighting.com,revivallighting.com,,,Consumer Electronics,Spokane,Washington,US,99201
Sync AVI,syncavi.com,syncavi.com,,,Consumer Electronics,Spokane,Washington,US,99217
VIP Production Northwest,vipproductionnw.com,vipproductionnw.com,https://www.linkedin.com/company/vip-production-nw,,Consumer Electronics,Spokane,Washington,US,99202
prodigy arrow,prodigyarrow.com,prodigyarrow.com,,,Consumer Electronics,Spokane,Washington,US,99201
A-TEC Commercial Surveillance and Access Control,a-tec.net,a-tec.net,,,Consumer Electronics,Spokane Valley,Washington,US,99212
AMPD Lighting & Audio Visual,ampdspokane.com,ampdspokane.com,,,Consumer Electronics,Spokane Valley,Washington,US,99216
"Advanced Electric & Alarm Systems, Inc.",advelectric.com,advelectric.com,,,Consumer Electronics,Spokane Valley,Washington,US,99206
Certified Security & Integration,certified-security.com,certified-security.com,,,Consumer Electronics,Spokane Valley,Washington,US,99206
Control Solutions North West,controlsolutionsnw.com,controlsolutionsnw.com,,,Consumer Electronics,Spokane Valley,Washington,US,99212
"Electronic Concierge, LLC",ec-nw.com,ec-nw.com,,,Consumer Electronics,Spokane Valley,Washington,US,99212
Homescapes,homescapes.me,homescapes.me,,,Consumer Electronics,Spokane Valley,Washington,US,99206
Infinite Electric,infiniteelectrician.com,infiniteelectrician.com,,,Consumer Electronics,Spokane Valley,Washington,US,99206
"Mainstream Electric, Heating, Cooling and Plumbing",mainstreamhomeservices.com,mainstreamhomeservices.com,https://www.linkedin.com/company/mainstream-electric-heating-cooling-plumbing,,Consumer Electronics,Spokane Valley,Washington,US,99216
Monaco Enterprises Inc.,monaco-inc.com,monaco-inc.com,,,Consumer Electronics,Spokane Valley,Washington,US,99216
"OneCall | TV, Home Theater & Small Appliances",onecall.com,onecall.com,,,Consumer Electronics,Spokane Valley,Washington,US,99212
Valley Audio Install,valleyaudioinstall.com,valleyaudioinstall.com,,,Consumer Electronics,Spokane Valley,Washington,US,99212
Wipliance,wipliance.com,wipliance.com,https://www.linkedin.com/company/wipliance,,Consumer Electronics,Spokane Valley,Washington,US,99216
Audio-Ultra,audio-ultra.com,audio-ultra.com,,,Consumer Electronics,Sumner,Washington,US,98390
"Tapps Electric, Heating & Air",tappselectric.com,tappselectric.com,https://www.linkedin.com/company/tapps-electric,,Consumer Electronics,Sumner,Washington,US,98390
Alltech Electric Inc,alltechelectricinc.com,alltechelectricinc.com,,,Consumer Electronics,Tacoma,Washington,US,98402
CCTVROOM,cctvroom.com,cctvroom.com,,,Consumer Electronics,Tacoma,Washington,US,98402
DUBREEZY ENTERTAINMENT,dubreezyent.com,dubreezyent.com,https://www.linkedin.com/company/dubreezy-entertainment,,Consumer Electronics,Tacoma,Washington,US,98402
DwellOne,dwellone.com,dwellone.com,,,Consumer Electronics,Tacoma,Washington,US,98403
Dynamic AVI Inc.,dynamicavi.com,dynamicavi.com,,,Consumer Electronics,Tacoma,Washington,US,98444
Electronic Home Monitoring - EHM Washington,ehmwa.com,ehmwa.com,,,Consumer Electronics,Tacoma,Washington,US,98402
"Guardian Security Group, Inc.",robblees.com,robblees.com,,,Consumer Electronics,Tacoma,Washington,US,98409
High Note Audio,highnoteaudio.com,highnoteaudio.com,,,Consumer Electronics,Tacoma,Washington,US,98409
Inform Puget Sound,informpugetsound.com,informpugetsound.com,,,Consumer Electronics,Tacoma,Washington,US,98408
L61 Productions,l61productions.com,l61productions.com,,,Consumer Electronics,Tacoma,Washington,US,98402
LightningX Electrical,lightningxelectrical.com,lightningxelectrical.com,,,Consumer Electronics,Tacoma,Washington,US,98443
Madsen Electric,madsenelectric.com,madsenelectric.com,,,Consumer Electronics,Tacoma,Washington,US,98466
NW Security and Automation,nwsecurityandautomation.com,nwsecurityandautomation.com,,,Consumer Electronics,Tacoma,Washington,US,98402
Platt Electric Supply,platt.com,platt.com,https://www.linkedin.com/company/platt-electric-supply,,Consumer Electronics,Tacoma,Washington,US,98409
RSI Technologies LLC,rsitek.com,rsitek.com,https://www.linkedin.com/company/rsi-technologies-llc,,Consumer Electronics,Tacoma,Washington,US,98444
Seattle Lighting,seattlelighting.com,seattlelighting.com,,,Consumer Electronics,Tacoma,Washington,US,98409
Smart PNW - Shades and Smart Home Tech,smartpnw-windowcoverings.com,smartpnw-windowcoverings.com,,,Consumer Electronics,Tacoma,Washington,US,98406
Sound Electronics,soundelectronics.com,soundelectronics.com,,,Consumer Electronics,Tacoma,Washington,US,98409
Sound Films,sound-films.com,sound-films.com,,,Consumer Electronics,Tacoma,Washington,US,98402
Stay Home Monitoring,stayhomemonitoring.com,stayhomemonitoring.com,,,Consumer Electronics,Tacoma,Washington,US,98402
Superior Sounds Car Audio & Window Tint | Stereos & Custom Subwoofer Boxes,caraudiotacoma.com,caraudiotacoma.com,,,Consumer Electronics,Tacoma,Washington,US,98445
Tacoma Electric Supply,tacomaelectric.com,tacomaelectric.com,,,Consumer Electronics,Tacoma,Washington,US,98444
The Glass Candle,theglasscandle.com,theglasscandle.com,,,Consumer Electronics,Tacoma,Washington,US,98408
United Lamp Supply Inc,unitedlamp.com,unitedlamp.com,,,Consumer Electronics,Tacoma,Washington,US,98408
Video Lab,videolabnw.com,videolabnw.com,,,Consumer Electronics,Tacoma,Washington,US,98409
Video Only - Tacoma,videoonly.com,videoonly.com,,,Consumer Electronics,Tacoma,Washington,US,98409
Video Prosperity USA,videoprosperityusa.com,videoprosperityusa.com,,,Consumer Electronics,Tacoma,Washington,US,98402
Videos Crafted,videoscrafted.com,videoscrafted.com,,,Consumer Electronics,Tacoma,Washington,US,98402
Visual Options Inc,visualoptions.net,visualoptions.net,https://www.linkedin.com/company/visual-options,,Consumer Electronics,Tacoma,Washington,US,98409
Advantage AV Systems,advantageavsystems.com,advantageavsystems.com,,,Consumer Electronics,Tukwila,Washington,US,98188
Automated Gates & Equipment,aegates.com,aegates.com,,,Consumer Electronics,Tukwila,Washington,US,98168
Northwest Digital Media,northwestdigitalmedia.com,northwestdigitalmedia.com,,,Consumer Electronics,Tukwila,Washington,US,98188
System Design & Integration,sdiav.com,sdiav.com,,,Consumer Electronics,Tukwila,Washington,US,98188
ThoseTechGuys,thosetechguys.com,thosetechguys.com,,,Consumer Electronics,Tukwila,Washington,US,98188
Gray Media Productions,graymp.com,graymp.com,https://www.linkedin.com/company/gray-media-productions,,Consumer Electronics,University Place,Washington,US,98466
"Resicon Heating and Air, Plumbing & Electrical",resiconllc.com,resiconllc.com,,,Consumer Electronics,University Place,Washington,US,98466
"Current Home Technologies, llc",currenthometechnologies.com,currenthometechnologies.com,,,Consumer Electronics,Vancouver,Washington,US,98660
Expert Smart Homes,expertsmarthomes.com,expertsmarthomes.com,,,Consumer Electronics,Vancouver,Washington,US,98662
"Myers Kent Industries, Inc. (formerly Myers Electric and Automation Inc.)",myerskent.com,myerskent.com,https://www.linkedin.com/company/myers-kent-industries,,Consumer Electronics,Vancouver,Washington,US,98661
Sarkinen Electrical,sarkinenelectrical.com,sarkinenelectrical.com,,,Consumer Electronics,Vancouver,Washington,US,98665
Suess Electronics,suesselectronics.com,suesselectronics.com,https://www.linkedin.com/company/suess-electronics,,Consumer Electronics,Appleton,Wisconsin,US,54914
Audio Video Enterprises,audiovideoenterprises.com,audiovideoenterprises.com,,,Consumer Electronics,Arlington,Wisconsin,US,53911
America In-Home,americainhome.com,americainhome.com,,,Consumer Electronics,Brookfield,Wisconsin,US,53005
Custom Surveillance and Networking LLC,customsurveillanceandnetworking.net,customsurveillanceandnetworking.net,,,Consumer Electronics,Brookfield,Wisconsin,US,53005
IQ Automation,iqautomation.net,iqautomation.net,https://www.linkedin.com/company/iqautomationllc,,Consumer Electronics,Brookfield,Wisconsin,US,53072
Sound Dynamics LLC,sounddynamicsusa.com,sounddynamicsusa.com,,,Consumer Electronics,Brookfield,Wisconsin,US,53005
Apex Audio/Video,apexavwi.com,apexavwi.com,https://www.linkedin.com/company/apex-audio-video-wi,,Consumer Electronics,Brown Deer,Wisconsin,US,53223
"Global Sight & Sound, Inc.",globalsightandsound.com,globalsightandsound.com,,,Consumer Electronics,Brown Deer,Wisconsin,US,53223
Fox River Audio,foxriveraudio.com,foxriveraudio.com,,,Consumer Electronics,Burlington,Wisconsin,US,53105
American Home Consultants,madisoninsulation.com,madisoninsulation.com,https://www.linkedin.com/company/zander-solutions-llc,,Consumer Electronics,DeForest,Wisconsin,US,53532
OOSHT LLC.,oosht.com,oosht.com,,,Consumer Electronics,Delafield,Wisconsin,US,53018
Travis Sound Design,travissounddesign.com,travissounddesign.com,,,Consumer Electronics,Delavan,Wisconsin,US,53115
Alpine Valley Music Theatre,alpinevalleymusic.com,alpinevalleymusic.com,,,Consumer Electronics,East Troy,Wisconsin,US,53120
ARCTEK LLC,arctekwi.com,arctekwi.com,,,Consumer Electronics,Fond du Lac,Wisconsin,US,54935
Fireside Theatre,firesidetheatre.com,firesidetheatre.com,,,Consumer Electronics,Fort Atkinson,Wisconsin,US,53538
Austin White Audio,austinwhiteaudio.com,austinwhiteaudio.com,,,Consumer Electronics,Fox Lake,Wisconsin,US,53933
Go Audio LLC,goaudiolive.com,goaudiolive.com,,,Consumer Electronics,Franklin,Wisconsin,US,53132
Pure Sound & Vision,puresoundvision.com,puresoundvision.com,,,Consumer Electronics,Franklin,Wisconsin,US,53132
Automation Solutions LLC,automationsolutionsllc.com,automationsolutionsllc.com,https://www.linkedin.com/company/automation-solutions-llc,,Consumer Electronics,Germantown,Wisconsin,US,53022
InfoCor,infocor.com,infocor.com,https://www.linkedin.com/company/infocor,,Consumer Electronics,Germantown,Wisconsin,US,53022
Evolved Habitat LLC,evolvedhabitat.com,evolvedhabitat.com,,,Consumer Electronics,Green Bay,Wisconsin,US,54303
Pulse Home Tech,pulsehometech.com,pulsehometech.com,,,Consumer Electronics,Green Bay,Wisconsin,US,54301
"Smart Automation Solutions, LLC",smartroboticautomationsolutions.com,smartroboticautomationsolutions.com,https://www.linkedin.com/company/smart-automation-solutions-llc,,Consumer Electronics,Hartland,Wisconsin,US,53029
Smart Custom Homes and Interiors,smartcustomhomes.com,smartcustomhomes.com,,,Consumer Electronics,Hobart,Wisconsin,US,54155
Home Electronic Systems,hesusa.com,hesusa.com,,,Consumer Electronics,Hudson,Wisconsin,US,54016
Superior Technologies,superiortechwi.com,superiortechwi.com,https://www.linkedin.com/company/superior-technologies-llc,,Consumer Electronics,Janesville,Wisconsin,US,53546
Interstate Sound,interstatesound.com,interstatesound.com,,,Consumer Electronics,La Crosse,Wisconsin,US,54601
@Home,athomelg.com,athomelg.com,,,Consumer Electronics,Lake Geneva,Wisconsin,US,53147
Dunn Lumber - Hardware & Rental,dunnlbr.com,dunnlbr.com,https://www.linkedin.com/company/30090857,,Consumer Electronics,Lake Geneva,Wisconsin,US,53147
Electronics Solutions LLC,electronicsolutions.biz,electronicsolutions.biz,,,Consumer Electronics,Lake Geneva,Wisconsin,US,53147
"Foremost Electric, L.L.C.",foremost-electric.com,foremost-electric.com,,,Consumer Electronics,Lake Geneva,Wisconsin,US,53147
Geneva Stage,genevastage.com,genevastage.com,,,Consumer Electronics,Lake Geneva,Wisconsin,US,53147
Grand Geneva Resort & Spa,grandgeneva.com,grandgeneva.com,,,Consumer Electronics,Lake Geneva,Wisconsin,US,53147
Grand Welcome Lake Geneva Vacation Rental Management,lakegenevahost.com,lakegenevahost.com,https://www.linkedin.com/company/grand-welcome-orange-beach,,Consumer Electronics,Lake Geneva,Wisconsin,US,53147
HT SERVICES LLC,htserviceslg.com,htserviceslg.com,,,Consumer Electronics,Lake Geneva,Wisconsin,US,53147
Harbor Shores on Lake Geneva,harborshoreslg.com,harborshoreslg.com,,,Consumer Electronics,Lake Geneva,Wisconsin,US,53147
HomeGoods,homegoods.com,homegoods.com,,,Consumer Electronics,Lake Geneva,Wisconsin,US,53147
HomeSmart Connect - Lake Geneva,joinhomesmartconnect.com,joinhomesmartconnect.com,,,Consumer Electronics,Lake Geneva,Wisconsin,US,53147
Lake Geneva,cityoflakegeneva.com,cityoflakegeneva.com,,,Consumer Electronics,Lake Geneva,Wisconsin,US,53147
Lake Geneva Antique Mall,lgantiquemall.com,lgantiquemall.com,,,Consumer Electronics,Lake Geneva,Wisconsin,US,53147
Lake Geneva Clue Room,lakegenevaclueroom.com,lakegenevaclueroom.com,,,Consumer Electronics,Lake Geneva,Wisconsin,US,53147
Lake Geneva Cruise Line,cruiselakegeneva.com,cruiselakegeneva.com,https://www.linkedin.com/company/lake-geneva-cruise-line-gage,,Consumer Electronics,Lake Geneva,Wisconsin,US,53147
Lake Geneva Rentals,lgrwi.com,lgrwi.com,,,Consumer Electronics,Lake Geneva,Wisconsin,US,53147
Lakes Area Home Inspections Inc.,lahigroup.com,lahigroup.com,,,Consumer Electronics,Lake Geneva,Wisconsin,US,53147
Maxwell Mansion Hotel,staymaxwell.com,staymaxwell.com,https://www.linkedin.com/company/maxwell-mansion,,Consumer Electronics,Lake Geneva,Wisconsin,US,53147
NL Custom works llc,nlcustomworks.com,nlcustomworks.com,,,Consumer Electronics,Lake Geneva,Wisconsin,US,53147
Paper Dolls Home Furnishings,paperdollsinteriors.com,paperdollsinteriors.com,,,Consumer Electronics,Lake Geneva,Wisconsin,US,53147
Poolblu,poolblu.com,poolblu.com,,,Consumer Electronics,Lake Geneva,Wisconsin,US,53147
Rk Electronics,rkelectronics.net,rkelectronics.net,,,Consumer Electronics,Lake Geneva,Wisconsin,US,53147
"Security Rep, Inc.",securityrep.com,securityrep.com,,,Consumer Electronics,Lake Geneva,Wisconsin,US,53147
Seven Oaks Bed & Breakfast,sevenoakslakegeneva.com,sevenoakslakegeneva.com,,,Consumer Electronics,Lake Geneva,Wisconsin,US,53147
Spectrum Store,spectrum.com,spectrum.com,,,Consumer Electronics,Lake Geneva,Wisconsin,US,53147
Studio Dori House of Movement,studiodori.com,studiodori.com,,,Consumer Electronics,Lake Geneva,Wisconsin,US,53147
Studio M Interiors,studiom-int.com,studiom-int.com,https://www.linkedin.com/company/studio-m-interiors-llc,,Consumer Electronics,Lake Geneva,Wisconsin,US,53147
T C Smith Historic Inn Bed & Breakfast,tcsmithhistoricinn.com,tcsmithhistoricinn.com,,,Consumer Electronics,Lake Geneva,Wisconsin,US,53147
The Baker House and Lake Geneva Steak House,bakerhouse1885.com,bakerhouse1885.com,,,Consumer Electronics,Lake Geneva,Wisconsin,US,53147
The Cove of Lake Geneva,coveoflakegeneva.com,coveoflakegeneva.com,,,Consumer Electronics,Lake Geneva,Wisconsin,US,53147
Treble Sound & Lighting,treblesoundlighting.com,treblesoundlighting.com,,,Consumer Electronics,Lake Geneva,Wisconsin,US,53147
Tristan Crist Magic Theatre,lakegenevamagic.com,lakegenevamagic.com,,,Consumer Electronics,Lake Geneva,Wisconsin,US,53147
"Vanderstappen Power Plus, Inc. (dba VP Plus, Inc.)",vpplus.net,vpplus.net,,,Consumer Electronics,Lake Geneva,Wisconsin,US,53147
Verizon,victra.com,victra.com,https://www.linkedin.com/company/victra,,Consumer Electronics,Lake Geneva,Wisconsin,US,53147
Walmart Supercenter,walmart.com,walmart.com,,,Consumer Electronics,Lake Geneva,Wisconsin,US,53147
A Way of Life Media,awayoflifemedia.com,awayoflifemedia.com,,,Consumer Electronics,Madison,Wisconsin,US,53704
AMS,amsmadison.com,amsmadison.com,,,Consumer Electronics,Madison,Wisconsin,US,53719
Advanced Project Solutions,advancedprosolutions.com,advancedprosolutions.com,,,Consumer Electronics,Madison,Wisconsin,US,53716
All-Star Maintenance Services LLC,allstarmaintenancellc.com,allstarmaintenancellc.com,,,Consumer Electronics,Madison,Wisconsin,US,53719
Artisan Home Technologies,artisanhometechnologies.com,artisanhometechnologies.com,,,Consumer Electronics,Madison,Wisconsin,US,53718
Audacy,audacyinc.com,audacyinc.com,https://www.linkedin.com/company/audacy-inc,,Consumer Electronics,Madison,Wisconsin,US,53719
Audio Visual of Madison,avmonline.com,avmonline.com,,,Consumer Electronics,Madison,Wisconsin,US,53718
Audio for the Arts,audioforthearts.com,audioforthearts.com,,,Consumer Electronics,Madison,Wisconsin,US,53703
Automation Arts,automationarts.com,automationarts.com,https://www.linkedin.com/company/automation-arts-inc,,Consumer Electronics,Madison,Wisconsin,US,53718
Bare Minimum Audio,bareminimumaudio.com,bareminimumaudio.com,,,Consumer Electronics,Madison,Wisconsin,US,53704
Crescent Electric Supply Company,crescentelectric.com,crescentelectric.com,,,Consumer Electronics,Madison,Wisconsin,US,53704
Fearing's Audio Video Security,fearings.com,fearings.com,,,Consumer Electronics,Madison,Wisconsin,US,53714
"Gerhard's Kitchen, Bath & Lighting Store",gerhardsstore.com,gerhardsstore.com,,,Consumer Electronics,Madison,Wisconsin,US,53713
"Global Systems Design & Installation, LLC",gsdinstallation.com,gsdinstallation.com,,,Consumer Electronics,Madison,Wisconsin,US,53713
Globalcom Technologies,gctech.us,gctech.us,,,Consumer Electronics,Madison,Wisconsin,US,53718
Haggar Audio Productions,haggaraudio.com,haggaraudio.com,,,Consumer Electronics,Madison,Wisconsin,US,53713
HiFi Haus,hifi-haus.com,hifi-haus.com,,,Consumer Electronics,Madison,Wisconsin,US,53704
Home Technology Place,hometechnologyplace.com,hometechnologyplace.com,,,Consumer Electronics,Madison,Wisconsin,US,53713
"Integral Building Systems, Inc.",ibsystemsinc.com,ibsystemsinc.com,https://www.linkedin.com/company/integral-building-systems-inc,,Consumer Electronics,Madison,Wisconsin,US,53713
J&K Security Solutions,jksecurity.com,jksecurity.com,,,Consumer Electronics,Madison,Wisconsin,US,53715
Liston Location Audio,listonaudio.com,listonaudio.com,,,Consumer Electronics,Madison,Wisconsin,US,53713
Madison Lighting,madisonlighting.com,madisonlighting.com,,,Consumer Electronics,Madison,Wisconsin,US,53719
Madison Pro Audio,madisonproaudio.com,madisonproaudio.com,https://www.linkedin.com/company/madison-pro-audio,,Consumer Electronics,Madison,Wisconsin,US,53714
Madison tech services,madisontechservices.com,madisontechservices.com,,,Consumer Electronics,Madison,Wisconsin,US,53704
Martin Systems (formerly SGTS Inc.),martinsystems.com,martinsystems.com,,,Consumer Electronics,Madison,Wisconsin,US,53718
Masters Building Solutions,mastershvac.com,mastershvac.com,,,Consumer Electronics,Madison,Wisconsin,US,53713
Meter Studio Madison,meterstudio.com,meterstudio.com,,,Consumer Electronics,Madison,Wisconsin,US,53714
"Red Square Audio, LLC",redsquareaudio.com,redsquareaudio.com,,,Consumer Electronics,Madison,Wisconsin,US,53718
Requisite Video Productions,requisitevideo.com,requisitevideo.com,https://www.linkedin.com/company/331766,,Consumer Electronics,Madison,Wisconsin,US,53704
SOSONIC,sosonic.com,sosonic.com,,,Consumer Electronics,Madison,Wisconsin,US,53713
Singlewire Software,visit.singlewire.com,visit.singlewire.com,,,Consumer Electronics,Madison,Wisconsin,US,53717
Smart Home Electric,smarthomemadison.com,smarthomemadison.com,,,Consumer Electronics,Madison,Wisconsin,US,53714
"Smart Solutions, Inc.",smart-solutions.com,smart-solutions.com,,,Consumer Electronics,Madison,Wisconsin,US,53716
"Sound Devices, LLC - Madison Office",sounddevices.com,sounddevices.com,,,Consumer Electronics,Madison,Wisconsin,US,53717
Soundvision Co.,soundvisionco.com,soundvisionco.com,,,Consumer Electronics,Madison,Wisconsin,US,53716
Spoken Frame Media,spokenframemedia.com,spokenframemedia.com,https://www.linkedin.com/company/spokenframemedia,,Consumer Electronics,Madison,Wisconsin,US,53719
Tack Video Production LLC,tackvid.com,tackvid.com,,,Consumer Electronics,Madison,Wisconsin,US,53705
University Audio,universityaudio.com,universityaudio.com,,,Consumer Electronics,Madison,Wisconsin,US,53715
Video Solutions,videosolutions.pro,videosolutions.pro,,,Consumer Electronics,Madison,Wisconsin,US,53703
Lightman Technology,lightmantechnology.com,lightmantechnology.com,https://www.linkedin.com/company/lightman-technology-llc,,Consumer Electronics,McFarland,Wisconsin,US,53558
Wisconsin Audio Video,wisconsin-audiovideo.com,wisconsin-audiovideo.com,https://www.linkedin.com/company/wisconsin-audio-video,,Consumer Electronics,McFarland,Wisconsin,US,53558
Horizon Integrations Audio/Video,horizonintegrations.com,horizonintegrations.com,,,Consumer Electronics,Mequon,Wisconsin,US,53092
"Sound Designs, Inc.",sound-designs.net,sound-designs.net,,,Consumer Electronics,Mequon,Wisconsin,US,53092
Flynn Audio,flynnaudio.com,flynnaudio.com,,,Consumer Electronics,Middleton,Wisconsin,US,53562
Larson Electric,larsonelectricmadison.com,larsonelectricmadison.com,,,Consumer Electronics,Middleton,Wisconsin,US,53562
Volt AV LLC,volt-av.com,volt-av.com,,,Consumer Electronics,Middleton,Wisconsin,US,53562
Alarmtronix,alarm-tronix.com,alarm-tronix.com,,,Consumer Electronics,Milwaukee,Wisconsin,US,53214
Audio Emporium,audioemporium.com,audioemporium.com,,,Consumer Electronics,Milwaukee,Wisconsin,US,53209
Avenue Systems,avenue.systems,avenue.systems,https://www.linkedin.com/company/avenue-systems,,Consumer Electronics,Milwaukee,Wisconsin,US,53212
BBC Lighting,bbclighting.com,bbclighting.com,,,Consumer Electronics,Milwaukee,Wisconsin,US,53233
Brass Light Gallery,brasslightgallery.com,brasslightgallery.com,,,Consumer Electronics,Milwaukee,Wisconsin,US,53233
Bright Future Productions,brightfuturepro.com,brightfuturepro.com,,,Consumer Electronics,Milwaukee,Wisconsin,US,53215
DaVinci Media,davincimedia.com,davincimedia.com,,,Consumer Electronics,Milwaukee,Wisconsin,US,53203
Datavisions Inc,edatavision.com,edatavision.com,,,Consumer Electronics,Milwaukee,Wisconsin,US,53221
Design House,todaysdesignhouse.com,todaysdesignhouse.com,https://www.linkedin.com/company/dhi-corp,,Consumer Electronics,Milwaukee,Wisconsin,US,53205
Hawk Installations,hawkinstallations.net,hawkinstallations.net,,,Consumer Electronics,Milwaukee,Wisconsin,US,53225
LUCE Lighting + Luxuries,lucelighting.com,lucelighting.com,,,Consumer Electronics,Milwaukee,Wisconsin,US,53208
Plum Media,plummedia.com,plummedia.com,,,Consumer Electronics,Milwaukee,Wisconsin,US,53233
Professional Audio Designs Inc,proaudiodesigns.com,proaudiodesigns.com,https://www.linkedin.com/company/professional-audio-designs-inc.,,Consumer Electronics,Milwaukee,Wisconsin,US,53226
Purely IT Solutions,tvmounting.services,tvmounting.services,,,Consumer Electronics,Milwaukee,Wisconsin,US,53202
RedBird Technology Solutions (IT Services and Security Camera Installations),redbirdit.net,redbirdit.net,https://www.linkedin.com/company/redbirdmke-itservices,,Consumer Electronics,Milwaukee,Wisconsin,US,53226
SmartMeasurement - Flow Meter Manufacturer,smartmeasurement.com,smartmeasurement.com,https://www.linkedin.com/company/smartmeasurement-llc,,Consumer Electronics,Milwaukee,Wisconsin,US,53226
TremTech AV Installations,tremtechav.com,tremtechav.com,,,Consumer Electronics,Milwaukee,Wisconsin,US,53207
Any & All Media,avmediageeks.com,avmediageeks.com,,,Consumer Electronics,Monona,Wisconsin,US,53716
Home AV Pros,homeavpros.com,homeavpros.com,,,Consumer Electronics,Monona,Wisconsin,US,53716
MyEasytek Corporation,myeasytek.com,myeasytek.com,,,Consumer Electronics,Mt Pleasant,Wisconsin,US,53406
Sound Decision Productions,sounddecisionproductions.com,sounddecisionproductions.com,,,Consumer Electronics,Muskego,Wisconsin,US,53150
"Advanced Communication Services, Inc",advanced-comm.com,advanced-comm.com,,,Consumer Electronics,New Berlin,Wisconsin,US,53151
BC Neville Technologies,bcnevilletech.com,bcnevilletech.com,,,Consumer Electronics,New Berlin,Wisconsin,US,53146
Complex Security Solutions Inc.,complexsecuritysolutions.com,complexsecuritysolutions.com,https://www.linkedin.com/company/complex-security-solutions-inc.,,Consumer Electronics,New Berlin,Wisconsin,US,53151
Metro Sound and Video,metro-sound.com,metro-sound.com,,,Consumer Electronics,New Berlin,Wisconsin,US,53151
"Audio Video Pros, Inc.",theaudiovideopros.com,theaudiovideopros.com,https://www.linkedin.com/company/theaudiovideopros,,Consumer Electronics,Onalaska,Wisconsin,US,54650
Audio Contractors,audiocontractorsllc.com,audiocontractorsllc.com,,,Consumer Electronics,Oregon,Wisconsin,US,53575
Automation Solutions of Wi Inc,autosolwi.com,autosolwi.com,,,Consumer Electronics,Pewaukee,Wisconsin,US,53072
HiTech Homes (DBA)- Electronic Lifestyles Inc,hitechhomes.com,hitechhomes.com,,,Consumer Electronics,Pewaukee,Wisconsin,US,53072
Sound Specialty Co,soundspecialty.biz,soundspecialty.biz,https://www.linkedin.com/company/sound-specialty-company,,Consumer Electronics,Racine,Wisconsin,US,53405
Peak Systems Group,peaksystemsgroup.com,peaksystemsgroup.com,,,Consumer Electronics,Reedsburg,Wisconsin,US,53959
A-1 Light Doctor,lightdoctor1.com,lightdoctor1.com,,,Consumer Electronics,Shorewood,Wisconsin,US,53211
"Einstein Audio Systems, Inc.",einsteinaudiosystems.com,einsteinaudiosystems.com,,,Consumer Electronics,Stoughton,Wisconsin,US,53589
Elemental Home Technologies LLC,elementalhometech.com,elementalhometech.com,,,Consumer Electronics,Stoughton,Wisconsin,US,53589
Production Studio 29,productionstudio29.com,productionstudio29.com,,,Consumer Electronics,Stoughton,Wisconsin,US,53589
Aptus LLC,aptuswi.com,aptuswi.com,,,Consumer Electronics,Sun Prairie,Wisconsin,US,53590
"Naviant, Inc.",naviant.com,naviant.com,https://www.linkedin.com/company/naviant-llc,,Consumer Electronics,Verona,Wisconsin,US,53593
Audio Video Installations,aviwi.com,aviwi.com,,,Consumer Electronics,Wales,Wisconsin,US,53183
Wisconsin Automation,wisconsinautomation.com,wisconsinautomation.com,https://www.linkedin.com/company/wisconsin-automation,,Consumer Electronics,Wales,Wisconsin,US,53183
Digitek Digital,digitekdigital.com,digitekdigital.com,,,Consumer Electronics,Waukesha,Wisconsin,US,53186
Lewis Sound & Video Professionals,lewissound.com,lewissound.com,,,Consumer Electronics,Waukesha,Wisconsin,US,53186
SMART SPACES,smartspaceswi.com,smartspaceswi.com,,,Consumer Electronics,Waukesha,Wisconsin,US,53186
Pulse Automation & Security LLC,pulse-automation.com,pulse-automation.com,https://www.linkedin.com/company/pulseautomationsecurity,,Consumer Electronics,Waunakee,Wisconsin,US,53597
"Audio Video Solutions, Inc.",audiovideosolutions.net,audiovideosolutions.net,,,Consumer Electronics,Waupun,Wisconsin,US,53963
Elektra Lights & Fans Inc.,elektralights.com,elektralights.com,,,Consumer Electronics,Wauwatosa,Wisconsin,US,53213
Ultra Fidelis Audio & Home Theater,ultrafidelis.com,ultrafidelis.com,,,Consumer Electronics,Wauwatosa,Wisconsin,US,53213
Associated Technical Services Inc,atswi.com,atswi.com,https://www.linkedin.com/company/6649416,,Consumer Electronics,West Allis,Wisconsin,US,53214
Flanner's Home Entertainment,flanners.com,flanners.com,,,Consumer Electronics,West Allis,Wisconsin,US,53214
Automated Solutions WI,aswi.us,aswi.us,,,Consumer Electronics,Wind Lake,Wisconsin,US,53185
Audio Video Environments,ave4u.net,ave4u.net,,,Consumer Electronics,Wisconsin Rapids,Wisconsin,US,54494
Hitek Communications,hitekcommunications.com,hitekcommunications.com,,,Consumer Electronics,Casper,Wyoming,US,82609
Encore Sight & Sound,encoresightandsound.com,encoresightandsound.com,https://www.linkedin.com/company/60394698,,Consumer Electronics,Cheyenne,Wyoming,US,82009
A Sound Image,asoundimage.info,asoundimage.info,,,Consumer Electronics,Jackson,Wyoming,US,83001
ALARMLOGIX,alarmlogix.com,alarmlogix.com,https://www.linkedin.com/company/alarmlogix,,Consumer Electronics,Jackson,Wyoming,US,83001
Advanced Custom Electric Inc.,acelectricjh.com,acelectricjh.com,,,Consumer Electronics,Jackson,Wyoming,US,83001
Audio Video Specialists,avswy.com,avswy.com,,,Consumer Electronics,Jackson,Wyoming,US,83001
Beyond Efficiency,beyondefficiency.us,beyondefficiency.us,,,Consumer Electronics,Jackson,Wyoming,US,83001
Hughes Production,hughesproduction.com,hughesproduction.com,,,Consumer Electronics,Jackson,Wyoming,US,83001
IntegrationAVonline,integrationavonline.com,integrationavonline.com,,,Consumer Electronics,Jackson,Wyoming,US,83001
Izzy Tech Computer Repair,izzytechjh.com,izzytechjh.com,,,Consumer Electronics,Jackson,Wyoming,US,83001
Jackson Hole AV,jacksonholeav.com,jacksonholeav.com,,,Consumer Electronics,Jackson,Wyoming,US,83001
Jackson Hole Playhouse,jacksonholeplayhouse.com,jacksonholeplayhouse.com,,,Consumer Electronics,Jackson,Wyoming,US,83001
"Jackson Tint and Sound | 3M Window Films, Smart Tint, Automotive Electronics",jacksontintandsound.com,jacksontintandsound.com,,,Consumer Electronics,Jackson,Wyoming,US,83001
Jeff & Kelli Ward,sellingjacksonhole.com,sellingjacksonhole.com,,,Consumer Electronics,Jackson,Wyoming,US,83001
Noon Solutions Inc,noon.inc,noon.inc,,,Consumer Electronics,Jackson,Wyoming,US,83001
"Premiere SAV Jackson, WY",premieresav.com,premieresav.com,https://www.linkedin.com/company/premieresav,,Consumer Electronics,Jackson,Wyoming,US,83001
"Relief Technologies, Inc.",relieftech.com,relieftech.com,,,Consumer Electronics,Jackson,Wyoming,US,83001
Serenity Development Management,serenityinc.com,serenityinc.com,,,Consumer Electronics,Jackson,Wyoming,US,83001
Sourcetech Services Inc,sourcetechservicesinc.com,sourcetechservicesinc.com,https://www.linkedin.com/company/sourcetech-services-inc,,Consumer Electronics,Jackson,Wyoming,US,83001
Square One Systems Design,sqr-1.com,sqr-1.com,,,Consumer Electronics,Jackson,Wyoming,US,83001
Synergy Labs - Mobile App and Web Developers Agency in Jackson,synergylabs.co,synergylabs.co,https://www.linkedin.com/company/synergy-labs-agency,,Consumer Electronics,Jackson,Wyoming,US,83001
"Video Vision, Inc.",videovisioninc.com,videovisioninc.com,,,Consumer Electronics,Jackson,Wyoming,US,83001
Web Builder CS,secure.emochila.com,secure.emochila.com,,,Consumer Electronics,Jackson,Wyoming,US,83001
"Home Technology Solutions, LLC",hts-wyo.com,hts-wyo.com,,,Consumer Electronics,Lovell,Wyoming,US,82431
D.B. Smart Homes & Security,dbsmarthomes.com,dbsmarthomes.com,,,Consumer Electronics,Sheridan,Wyoming,US,82801
Direct-Smarter Technology,direct-smarter.com,direct-smarter.com,,,Consumer Electronics,Sheridan,Wyoming,US,82801
Smart Responses LLC,smartresponses.cloud,smartresponses.cloud,,,Consumer Electronics,Sheridan,Wyoming,US,82801
