companyname,companywebsite,companyemaildomain,linkedincompanypageurl,stocksymbol,industry,city,state,companycountry,zipcode
Alaskan Network Security,alaskansecurity.com,alaskansecurity.com,https://www.linkedin.com/company/alaskan-network-security-llc,,Consumer Electronics,Anchorage,Alaska,US,99503
Door Systems of Alaska,doorsystemsak.com,doorsystemsak.com,https://www.linkedin.com/company/4529857,,Consumer Electronics,Anchorage,Alaska,US,99567
Frontier Precision,frontierprecision.com,frontierprecision.com,https://www.linkedin.com/company/frontier-precision-inc.,,Consumer Electronics,Anchorage,Alaska,US,99518
IMIG Audio/Video,imigav.com,imigav.com,https://www.linkedin.com/company/imig-audio-video,,Consumer Electronics,Anchorage,Alaska,US,99503
Meridian Systems Inc.,msicontrols.com,msicontrols.com,https://www.linkedin.com/company/meridian-systems-inc-,,Consumer Electronics,Anchorage,Alaska,US,99518
Alabama Controls,albireoenergy.com,albireoenergy.com,https://www.linkedin.com/company/albireo-energy,,Consumer Electronics,Birmingham,Alabama,US,35233
Automation Solutions Inc.,automationsolinc.com,automationsolinc.com,https://www.linkedin.com/company/automation-solutions-inc-,,Consumer Electronics,Birmingham,Alabama,US,35211
NRTC Automation,nrtcautomation.com,nrtcautomation.com,https://www.linkedin.com/company/nrtc-automation,,Consumer Electronics,Birmingham,Alabama,US,35215
Reliant Media LLC,reliantmediallc.com,reliantmediallc.com,https://www.linkedin.com/company/reliantmedia,,Consumer Electronics,Birmingham,Alabama,US,35211
Sphere Audio Video,sphereav.com,sphereav.com,https://www.linkedin.com/company/sphere-home-technologies-inc,,Consumer Electronics,Birmingham,Alabama,US,35242
"Automation Systems, Inc.",autosystemsinc.com,autosystemsinc.com,https://www.linkedin.com/company/71736148,,Consumer Electronics,Falkville,Alabama,US,35622
"Audio Video Excellence, Inc. (AVX)",avxinc.com,avxinc.com,https://www.linkedin.com/company/avxinc,,Consumer Electronics,Homewood,Alabama,US,35209
SWITCH AV & Security,switchaudiovideo.com,switchaudiovideo.com,https://www.linkedin.com/company/switchav,,Consumer Electronics,Homewood,Alabama,US,35209
AVIQ Huntsville,aviqhsv.com,aviqhsv.com,https://www.linkedin.com/company/aviqhsv,,Consumer Electronics,Huntsville,Alabama,US,35801
Aleta Technologies,aletatechnologies.com,aletatechnologies.com,https://www.linkedin.com/company/aleta-technologies-inc.,,Consumer Electronics,Huntsville,Alabama,US,35806
Blake Brothers Services Corporation,blakebrothers.com,blakebrothers.com,https://www.linkedin.com/company/blake-brothers-service-corporation,,Consumer Electronics,Huntsville,Alabama,US,35810
Bluewood Productions,bluewoodproductions.com,bluewoodproductions.com,https://www.linkedin.com/company/bluewood-productions,,Consumer Electronics,Huntsville,Alabama,US,35801
Conditioned Air Solutions,conditionedairsolutions.com,conditionedairsolutions.com,https://www.linkedin.com/company/conditioned-air-solutions,,Consumer Electronics,Huntsville,Alabama,US,35806
Inline Electric Supply Co. - Huntsville,inlineelectric.com,inlineelectric.com,https://www.linkedin.com/company/1876895,,Consumer Electronics,Huntsville,Alabama,US,35805
Matthews Integration,matthewsintegration.com,matthewsintegration.com,https://www.linkedin.com/company/wix-com,,Consumer Electronics,Huntsville,Alabama,US,35805
Mr. Electric of Huntsville,mrelectric.com,mrelectric.com,https://www.linkedin.com/company/mr--electric,,Consumer Electronics,Huntsville,Alabama,US,35806
Redstone Electric Supply,redstoneelectricsupply.com,redstoneelectricsupply.com,https://www.linkedin.com/company/redstone-electric-supply,,Consumer Electronics,Huntsville,Alabama,US,35811
Verta Technologies,verta.tech,verta.tech,https://www.linkedin.com/company/verta-tech,,Consumer Electronics,Huntsville,Alabama,US,35806
"nou Systems, Inc",nou-systems.com,nou-systems.com,https://www.linkedin.com/company/nou-systems-inc,,Consumer Electronics,Huntsville,Alabama,US,35806
Lee Company,leecompany.com,leecompany.com,https://www.linkedin.com/company/leecompany,,Consumer Electronics,Madison,Alabama,US,35756
Icon Automation,iconautomation.com,iconautomation.com,https://www.linkedin.com/company/iconautomationllc,,Consumer Electronics,Tanner,Alabama,US,35671
Tech Hourly,techhourly.com,techhourly.com,https://www.linkedin.com/company/tech-hourly-com,,Consumer Electronics,Vestavia Hills,Alabama,US,35243
Hometronix,myhometronix.com,myhometronix.com,https://www.linkedin.com/company/hometronix,,Consumer Electronics,Jonesboro,Arkansas,US,72404
"Genesis Datacom, LLC",genesisdatacom.com,genesisdatacom.com,https://www.linkedin.com/company/genesis-datacom,,Consumer Electronics,Little Rock,Arkansas,US,72210
"IES - Industrial Electronic Supply, Inc.",goies.com,goies.com,https://www.linkedin.com/company/industrial-electronic-supply-inc,,Consumer Electronics,Little Rock,Arkansas,US,72209
Staley Electric,staleyelectric.com,staleyelectric.com,https://www.linkedin.com/company/staley-electric-ar,,Consumer Electronics,Little Rock,Arkansas,US,72209
Staley Technologies,staleytechnologies.com,staleytechnologies.com,https://www.linkedin.com/company/staleytechnologies,,Consumer Electronics,Little Rock,Arkansas,US,72204
AV Design Consultants Inc,avdci.com,avdci.com,https://www.linkedin.com/company/av-design-consultants,,Consumer Electronics,Springdale,Arkansas,US,72762
Planet Geek,planetgeekllc.com,planetgeekllc.com,https://www.linkedin.com/company/planet-geek,,Consumer Electronics,Chandler,Arizona,US,85225
Sedona Technology LLC,sedonatec.com,sedonatec.com,https://www.linkedin.com/company/sedona-technology-llc,,Consumer Electronics,Chandler,Arizona,US,85286
Amp AV,amp-av.com,amp-av.com,https://www.linkedin.com/company/amp-av,,Consumer Electronics,Mesa,Arizona,US,85202
Stabley Home Theater,stabley.net,stabley.net,https://www.linkedin.com/company/stabley-home-entertainment,,Consumer Electronics,Mesa,Arizona,US,85206
Summit Automation,summitautomation.com,summitautomation.com,https://www.linkedin.com/company/summit-automationusa,,Consumer Electronics,Mesa,Arizona,US,85210
Casa Tech Systems,cts-us.com,cts-us.com,https://www.linkedin.com/company/casa-technology-systems,,Consumer Electronics,Phoenix,Arizona,US,85027
Cinematic Home A/V,cinematichomeav.com,cinematichomeav.com,https://www.linkedin.com/company/cinematichomeav,,Consumer Electronics,Phoenix,Arizona,US,85028
Clearwing,clearwing.com,clearwing.com,https://www.linkedin.com/company/clearwing,,Consumer Electronics,Phoenix,Arizona,US,85009
Elite Integration Inc,azeliteintegration.com,azeliteintegration.com,https://www.linkedin.com/company/az-elite-integration,,Consumer Electronics,Phoenix,Arizona,US,85027
Ideal Automation,myidealav.com,myidealav.com,https://www.linkedin.com/company/ideal-automation-llc,,Consumer Electronics,Phoenix,Arizona,US,85028
Kinetic Automation,kinetic.auto,kinetic.auto,https://www.linkedin.com/company/kinetic-automati0n,,Consumer Electronics,Phoenix,Arizona,US,85027
Next Level,nextlevelus.com,nextlevelus.com,https://www.linkedin.com/company/next-level-home-audio-and-video,,Consumer Electronics,Phoenix,Arizona,US,85027
ON Services - Phoenix,onservices.com,onservices.com,https://www.linkedin.com/company/onservicesav,,Consumer Electronics,Phoenix,Arizona,US,85008
West Shore Home,westshorehome.com,westshorehome.com,https://www.linkedin.com/company/westshorehome,,Consumer Electronics,Phoenix,Arizona,US,85040
Artisan Systems,artisanaz.com,artisanaz.com,https://www.linkedin.com/company/artisan-systems,,Consumer Electronics,Scottsdale,Arizona,US,85260
Audio Video Excellence,audiovideoexcellence.com,audiovideoexcellence.com,https://www.linkedin.com/company/audio-video-excellence-az,,Consumer Electronics,Scottsdale,Arizona,US,85255
Creative Sound & Integration,creativesound.info,creativesound.info,https://www.linkedin.com/company/creative-sound-and-integration,,Consumer Electronics,Scottsdale,Arizona,US,85257
Immedia,immedia-tech.com,immedia-tech.com,https://www.linkedin.com/company/immedia-llc,,Consumer Electronics,Scottsdale,Arizona,US,85255
Insight Automation International,insightai.com,insightai.com,https://www.linkedin.com/company/insight-automation-international,,Consumer Electronics,Scottsdale,Arizona,US,85260
LMC Home Entertainment Ltd,lmche.com,lmche.com,https://www.linkedin.com/company/lmc-home-entertainment,,Consumer Electronics,Scottsdale,Arizona,US,85254
Leverage Technology Group,ltgaz.com,ltgaz.com,https://www.linkedin.com/company/leverage-technology-group,,Consumer Electronics,Scottsdale,Arizona,US,85260
Varner Sight & Sound,varnerss.com,varnerss.com,https://www.linkedin.com/company/varner-sight-and-sound-llc,,Consumer Electronics,Scottsdale,Arizona,US,85260
AAA Smart Home Security,mwg.aaa.com,mwg.aaa.com,https://www.linkedin.com/company/aaamountainwestgroup,,Consumer Electronics,Tempe,Arizona,US,85284
Arizona Audio Visual,arizonaav.com,arizonaav.com,https://www.linkedin.com/company/3672874,,Consumer Electronics,Tempe,Arizona,US,85288
E1 Audiovisual Technologies (ExhibitOne Corporation),e1avtech.com,e1avtech.com,https://www.linkedin.com/company/e1avtech,,Consumer Electronics,Tempe,Arizona,US,85284
Phoenix Technology Audio Visual,phoenixtechav.com,phoenixtechav.com,https://www.linkedin.com/company/phoenix-technology-audio-visual-llc,,Consumer Electronics,Tempe,Arizona,US,85282
iDesign Home Solutions,idesignhs.com,idesignhs.com,https://www.linkedin.com/company/idesign-home-solutions,,Consumer Electronics,Tempe,Arizona,US,85288
"AV Innovations, Inc.",avinnovations.com,avinnovations.com,https://www.linkedin.com/company/av-innovations-inc.,,Consumer Electronics,Tucson,Arizona,US,85712
Advanced Controls Corporation,advancedcontrols.net,advancedcontrols.net,https://www.linkedin.com/company/advanced-controls-corporation,,Consumer Electronics,Tucson,Arizona,US,85705
"AudioEye, Inc.",audioeye.com,audioeye.com,https://www.linkedin.com/company/audioeye-inc,,Consumer Electronics,Tucson,Arizona,US,85711
Cabling Solutions Group,cablingsolutionsgroup.com,cablingsolutionsgroup.com,https://www.linkedin.com/company/cabling-solutions-group,,Consumer Electronics,Tucson,Arizona,US,85705
Connect Security,connectsecurity.com,connectsecurity.com,https://www.linkedin.com/company/capital-connect-inc,,Consumer Electronics,Tucson,Arizona,US,85715
Solutions i3,solutionsi3.com,solutionsi3.com,https://www.linkedin.com/company/solutions-i3-llc,,Consumer Electronics,Tucson,Arizona,US,85713
"Whole Hearted Pro AV, LLC",wholeheartedpro.com,wholeheartedpro.com,https://www.linkedin.com/company/whproav,,Consumer Electronics,Tucson,Arizona,US,85713
RGB Spectrum,rgb.com,rgb.com,https://www.linkedin.com/company/rgb-spectrum,,Consumer Electronics,Alameda,California,US,94501
Connect and Protect - Smart Home Showrrom,smarthomesecuritycontrol.com,smarthomesecuritycontrol.com,https://www.linkedin.com/company/shsc-energy-management,,Consumer Electronics,Alamo,California,US,94507
"Ace January Productions, LLC",acejanuaryproductions.com,acejanuaryproductions.com,https://www.linkedin.com/company/ace-january-productions,,Consumer Electronics,Alhambra,California,US,91803
Adaptive Networks,adaptive-net.com,adaptive-net.com,https://www.linkedin.com/company/adaptive-networks,,Consumer Electronics,Bakersfield,California,US,93309
B.I.S. Technologies and Communications Inc.,bistec.net,bistec.net,https://www.linkedin.com/company/b.i.s.-technologies,,Consumer Electronics,Bakersfield,California,US,93313
Controlled Motion Solutions,comoso.com,comoso.com,https://www.linkedin.com/company/mfcp,,Consumer Electronics,Bakersfield,California,US,93307
Industrial Automation Professionals,iapengineering.com,iapengineering.com,https://www.linkedin.com/company/industrial-automation-professionals-inc,,Consumer Electronics,Bakersfield,California,US,93301
Kalieb Designs,kaliebdesigns.com,kaliebdesigns.com,https://www.linkedin.com/company/kalieb-designs,,Consumer Electronics,Bakersfield,California,US,93311
"PLCs Plus International, Inc.",bkppi.com,bkppi.com,https://www.linkedin.com/company/plcs-plus-international,,Consumer Electronics,Bakersfield,California,US,93312
Pacific West Sound,pacificwestsound.com,pacificwestsound.com,https://www.linkedin.com/company/pacific-west-sound,,Consumer Electronics,Bakersfield,California,US,93305
Royal Industrial Solutions,royalbakersfield.com,royalbakersfield.com,https://www.linkedin.com/company/royal-industrial-solutions,,Consumer Electronics,Bakersfield,California,US,93308
Secure Systems,mysecuresystems.com,mysecuresystems.com,https://www.linkedin.com/company/secure-systems-alarm-company,,Consumer Electronics,Bakersfield,California,US,93301
Spectrum Systems,spectrumsystemssf.net,spectrumsystemssf.net,https://www.linkedin.com/company/spectrum-systems-sf,,Consumer Electronics,Belmont,California,US,94002
Meyer Sound,meyersound.com,meyersound.com,https://www.linkedin.com/company/meyer-sound,,Consumer Electronics,Berkeley,California,US,94702
Electrosonic,electrosonic.com,electrosonic.com,https://www.linkedin.com/company/electrosonic,,Consumer Electronics,Burbank,California,US,91506
Ficrest Integration Inc Smart Home Automation,ficrest.com,ficrest.com,https://www.linkedin.com/company/ficrest-inc,,Consumer Electronics,Burbank,California,US,91501
Key Code Media,keycodemedia.com,keycodemedia.com,https://www.linkedin.com/company/key-code-media,,Consumer Electronics,Burbank,California,US,91502
"Vizual Symphony, Inc",vizualsymphony.com,vizualsymphony.com,https://www.linkedin.com/company/vizual-symphony-inc,,Consumer Electronics,Burbank,California,US,91505
Inland AV Solutions,inlandavsolutions.com,inlandavsolutions.com,https://www.linkedin.com/company/inland-av-solutions,,Consumer Electronics,Calimesa,California,US,92320
House of 8 Media,houseof8media.com,houseof8media.com,https://www.linkedin.com/company/house-of-8-media,,Consumer Electronics,Carmel Valley,California,US,93924
Capture Technologies a Division of IdentiSys,capturet.com,capturet.com,https://www.linkedin.com/company/capture-technologies,,Consumer Electronics,Citrus Heights,California,US,95610
Beyond Tech Solutions Inc.,beyondtechsolutions.com,beyondtechsolutions.com,https://www.linkedin.com/company/beyond-tech-solutions-inc,,Consumer Electronics,Clovis,California,US,93612
Fresno I.T. Inc.,fresnoit.com,fresnoit.com,https://www.linkedin.com/company/real-time-information-services,,Consumer Electronics,Clovis,California,US,93619
Hi-Tech Home,hitechhome.net,hitechhome.net,https://www.linkedin.com/company/hi-tech-home,,Consumer Electronics,Clovis,California,US,93611
Industrial Control and Design (ICAD Automation),icadautomation.com,icadautomation.com,https://www.linkedin.com/company/icadautomation,,Consumer Electronics,Clovis,California,US,93611
"Creation Networks, Inc.",creationnetworks.net,creationnetworks.net,https://www.linkedin.com/company/creation-networks,,Consumer Electronics,Concord,California,US,94518
e4 Control Systems,e4control.com,e4control.com,https://www.linkedin.com/company/e4-control-systems,,Consumer Electronics,Corona,California,US,92878
"Svitla Systems, Inc.",svitla.com,svitla.com,https://www.linkedin.com/company/svitla-systems-inc-,,Consumer Electronics,Corte Madera,California,US,94925
GTS (Glabman Technology Solutions),glabman.com,glabman.com,https://www.linkedin.com/company/glabman-technology-solutions,,Consumer Electronics,Costa Mesa,California,US,92627
NXT AV,nxtav.com,nxtav.com,https://www.linkedin.com/company/nxtav,,Consumer Electronics,Costa Mesa,California,US,92627
Advanced Systems Group,asgllc.com,asgllc.com,https://www.linkedin.com/company/943713,,Consumer Electronics,Emeryville,California,US,94608
Avidex Northern California,hubs.li,hubs.li,https://www.linkedin.com/company/avidex,,Consumer Electronics,Fremont,California,US,94538
ADvine,advineagency.com,advineagency.com,https://www.linkedin.com/company/advineagency,,Consumer Electronics,Fresno,California,US,93710
Aplos,aplos.com,aplos.com,https://www.linkedin.com/company/aplos-software-llc,,Consumer Electronics,Fresno,California,US,93720
DPS Telecom,dpstele.com,dpstele.com,https://www.linkedin.com/company/dps-telecom,,Consumer Electronics,Fresno,California,US,93727
E Tech Group,etechgroup.com,etechgroup.com,https://www.linkedin.com/company/e-technologies-group,,Consumer Electronics,Fresno,California,US,93720
"EKC Enterprises, Inc.",ekccorp.com,ekccorp.com,https://www.linkedin.com/company/1972982,,Consumer Electronics,Fresno,California,US,93727
Electrical Power Source,electricalpowersourceinc.com,electricalpowersourceinc.com,https://www.linkedin.com/company/electrical-power-source,,Consumer Electronics,Fresno,California,US,93706
Equity Home Solutions LLC,thefresnohomebuyers.com,thefresnohomebuyers.com,https://www.linkedin.com/company/equity-home-solutions-california,,Consumer Electronics,Fresno,California,US,93721
HomeSmart PV & Associates,homesmart.com,homesmart.com,https://www.linkedin.com/company/homesmart-realestate,,Consumer Electronics,Fresno,California,US,93711
IT Management Corporation dba. ITM.CX,itm.cx,itm.cx,https://www.linkedin.com/company/itmc-net,,Consumer Electronics,Fresno,California,US,93721
Integrated Electronics,iefresno.com,iefresno.com,https://www.linkedin.com/company/integrated-electronics,,Consumer Electronics,Fresno,California,US,93727
JTI Electric Inc,jtielectric.net,jtielectric.net,https://www.linkedin.com/company/jti-electrical-ul-panel-shop,,Consumer Electronics,Fresno,California,US,93722
Maximus Media Inc,maximusmedia.net,maximusmedia.net,https://www.linkedin.com/company/maximus-media-inc,,Consumer Electronics,Fresno,California,US,93727
Media Solutions Inc,msieventproductions.com,msieventproductions.com,https://www.linkedin.com/company/msi-media-solutions-inc,,Consumer Electronics,Fresno,California,US,93727
Outlier Automation,outlierautomation.com,outlierautomation.com,https://www.linkedin.com/company/outlierautomation,,Consumer Electronics,Fresno,California,US,93711
Quality Home Services,qualityhomeservices.com,qualityhomeservices.com,https://www.linkedin.com/company/qhslife,,Consumer Electronics,Fresno,California,US,93726
"Real Time Information Services, Inc - Fresno Managed IT Service & Support For Business",realtimeca.com,realtimeca.com,https://www.linkedin.com/company/real-time-information-services,,Consumer Electronics,Fresno,California,US,93704
Rex Moore Electrical & Systems Contractors & Engineers,rexmoore.com,rexmoore.com,https://www.linkedin.com/company/rex-moore-electrical-contractors-&-engineers,,Consumer Electronics,Fresno,California,US,93727
WiseConn,wiseconn.com,wiseconn.com,https://www.linkedin.com/company/wiseconn-usa,,Consumer Electronics,Fresno,California,US,93722
Worldlight Media,worldlightmedia.com,worldlightmedia.com,https://www.linkedin.com/company/worldlight-media,,Consumer Electronics,Fresno,California,US,93711
Bay Alarm Company,bayalarm.com,bayalarm.com,https://www.linkedin.com/company/bay-alarm-company,,Consumer Electronics,Hayward,California,US,94545
Sound Image,sound-image.com,sound-image.com,https://www.linkedin.com/company/southern-california-sound-image,,Consumer Electronics,Hayward,California,US,94545
AUDIOVISIONS,audiovisions.com,audiovisions.com,https://www.linkedin.com/company/audiovisions,,Consumer Electronics,Irvine,California,US,92618
AudioQuest,audioquest.com,audioquest.com,https://www.linkedin.com/company/audioquest,,Consumer Electronics,Irvine,California,US,92614
BCS Consultants | AV Contractor | Security Surveillance Contractor | Cabling Contractor | C7 Low Voltage | Video Conferencing,bcsconsultants.com,bcsconsultants.com,https://www.linkedin.com/company/business-communications-solutions,,Consumer Electronics,Irvine,California,US,92618
"ETAP / Operation Technology, Inc.",etap.com,etap.com,https://www.linkedin.com/company/operation-technology-inc-,,Consumer Electronics,Irvine,California,US,92618
Eagle Communications,two-wayradio.com,two-wayradio.com,https://www.linkedin.com/company/eagle-communications-irvine-ca,,Consumer Electronics,Irvine,California,US,92618
FixaCal Electrician,fixacal.com,fixacal.com,https://www.linkedin.com/company/fixacal,,Consumer Electronics,Irvine,California,US,92619
Fuzion3,fuzion3lv.com,fuzion3lv.com,https://www.linkedin.com/company/fuzion-3,,Consumer Electronics,Irvine,California,US,92618
Golden State Audio Video,goldenstateav.com,goldenstateav.com,https://www.linkedin.com/company/golden-state-audio-video,,Consumer Electronics,Irvine,California,US,92614
MiMedia - Audio Visual Productions,mmpav.com,mmpav.com,https://www.linkedin.com/company/mmpav,,Consumer Electronics,Irvine,California,US,92618
NIBAV LIFTS INC,nibavlifts.us,nibavlifts.us,https://www.linkedin.com/company/nibav-home-elevators-usa,,Consumer Electronics,Irvine,California,US,92618
OC Tech Innovations,octech.com,octech.com,https://www.linkedin.com/company/oc-tech-innovations,,Consumer Electronics,Irvine,California,US,92618
"Professional Audio Video Communications, INC.",proavcomm.com,proavcomm.com,https://www.linkedin.com/company/professional-audio-video-communications-inc,,Consumer Electronics,Irvine,California,US,92618
Shape Software,setshape.com,setshape.com,https://www.linkedin.com/company/shape-software,,Consumer Electronics,Irvine,California,US,92618
Wachter Regional Technology Office Irvine,wachter.com,wachter.com,https://www.linkedin.com/company/38222,,Consumer Electronics,Irvine,California,US,92618
moviTHERM,movitherm.com,movitherm.com,https://www.linkedin.com/company/movitherm,,Consumer Electronics,Irvine,California,US,92618
Stellar Technology & Automation,s-tekk.com,s-tekk.com,https://www.linkedin.com/company/stellar-technology-automation,,Consumer Electronics,Jurupa Valley,California,US,92509
Technical Comfort,technicalcomfort.com,technicalcomfort.com,https://www.linkedin.com/company/technical-comfort,,Consumer Electronics,Laguna Niguel,California,US,92677
VCI Events,vcievents.com,vcievents.com,https://www.linkedin.com/company/vcievents,,Consumer Electronics,Lake Forest,California,US,92630
As Builts - Precision Property Measurements,asbuiltdrawings.com,asbuiltdrawings.com,https://www.linkedin.com/company/2810269,,Consumer Electronics,Long Beach,California,US,90804
"Blue Network, Inc. | IT Experts | Managed IT Services | IT Support",bluenetworkinc.com,bluenetworkinc.com,https://www.linkedin.com/company/blue-network-inc,,Consumer Electronics,Long Beach,California,US,90802
Pacific Blue Engineering,pacificblueengineering.com,pacificblueengineering.com,https://www.linkedin.com/company/pacific-blue-engineering,,Consumer Electronics,Long Beach,California,US,90755
IGI - Audio Visual Solutions,werigi.com,werigi.com,https://www.linkedin.com/company/igi---advanced-visualization-systems,,Consumer Electronics,Los Alamitos,California,US,90720
AV Planners,avplanners.com,avplanners.com,https://www.linkedin.com/company/avplanners,,Consumer Electronics,Los Angeles,California,US,90036
Accurate Communication Services,accuratecommunicationservices.com,accuratecommunicationservices.com,https://www.linkedin.com/company/accurate-communication-services-inc,,Consumer Electronics,Los Angeles,California,US,90027
"Armtech Satellites, Inc",armtechservices.com,armtechservices.com,https://www.linkedin.com/company/armtech-satellites-inc,,Consumer Electronics,Los Angeles,California,US,90027
BB One Technologies,bbone.tech,bbone.tech,https://www.linkedin.com/company/bbone-tech,,Consumer Electronics,Los Angeles,California,US,90068
Empire Lakes Productions,empirelakes.co,empirelakes.co,https://www.linkedin.com/company/empire-lakes-productions,,Consumer Electronics,Los Angeles,California,US,90032
"ForTech Solutions, Inc.",fortechsolutions.com,fortechsolutions.com,https://www.linkedin.com/company/fortech-solutions-inc-,,Consumer Electronics,Los Angeles,California,US,91605
Lumina Special Event Lighting & LED Video Wall Rentals,luminaeventlighting.com,luminaeventlighting.com,https://www.linkedin.com/company/luminala,,Consumer Electronics,Los Angeles,California,US,90021
MIR Audio Video,miraudiovideo.com,miraudiovideo.com,https://www.linkedin.com/company/mir-audio-video,,Consumer Electronics,Los Angeles,California,US,90025
Nirvana Home Entertainment,nirvanahomeentertainment.com,nirvanahomeentertainment.com,https://www.linkedin.com/company/nirvana-home-entertainment-inc,,Consumer Electronics,Los Angeles,California,US,90065
Powerfull Systems,powerfullsystems.com,powerfullsystems.com,https://www.linkedin.com/company/powerfull-systems,,Consumer Electronics,Los Angeles,California,US,90019
The Hunter Group,control4.com,control4.com,https://www.linkedin.com/company/control4,,Consumer Electronics,Los Angeles,California,US,90045
WOVA Event Technology Production and LED Video Wall,wova.com,wova.com,https://www.linkedin.com/company/wova---world-of-video-&-audio,,Consumer Electronics,Los Angeles,California,US,90016
Spectrum Audio Visual,spectrumavmarin.com,spectrumavmarin.com,https://www.linkedin.com/company/spectrum-av-llc,,Consumer Electronics,Mill Valley,California,US,94941
Visions Audio Video,visionsav.com,visionsav.com,https://www.linkedin.com/company/visions-audio-video-inc-,,Consumer Electronics,Moorpark,California,US,93021
INDIGO LIVE | Napa Audio Visual,napa.indigolive.com,napa.indigolive.com,https://www.linkedin.com/company/3793674,,Consumer Electronics,Napa,California,US,94559
Pinnacle Live - Audio Visual Productions,pinnaclelive.com,pinnaclelive.com,https://www.linkedin.com/company/pinnacle-live,,Consumer Electronics,Napa,California,US,94558
Safety Training Seminars,safetytrainingseminars.com,safetytrainingseminars.com,https://www.linkedin.com/company/safety-training-seminars,,Consumer Electronics,Napa,California,US,94558
Automated Now,automatednow.com,automatednow.com,https://www.linkedin.com/company/automatednow,,Consumer Electronics,Newport Beach,California,US,92660
GitsTel - Sacramento Managed IT Services Company,gitstel.com,gitstel.com,https://www.linkedin.com/company/gitstel,,Consumer Electronics,North Highlands,California,US,95660
ION AVT Inc.,ionavt.com,ionavt.com,https://www.linkedin.com/company/ionavt,,Consumer Electronics,North Hollywood,California,US,91605
Audio Visual Consultants,avconsultants.com,avconsultants.com,https://www.linkedin.com/company/audio-visual-consultants,,Consumer Electronics,Oakland,California,US,94610
CA&C Video Productions,cacvideo.com,cacvideo.com,https://www.linkedin.com/company/cacvideo,,Consumer Electronics,Oakland,California,US,94612
Safe and Sound Security,getsafeandsound.com,getsafeandsound.com,https://www.linkedin.com/company/safe-and-sound-security,,Consumer Electronics,Oakland,California,US,94612
XK Estates,xk-estates.com,xk-estates.com,https://www.linkedin.com/company/104832227,,Consumer Electronics,Oakland,California,US,94607
"Alcala Consulting, Inc.",alcalaconsulting.com,alcalaconsulting.com,https://www.linkedin.com/company/alcala-consulting-inc,,Consumer Electronics,Pasadena,California,US,91101
HCI Systems Inc.,hcisystems.net,hcisystems.net,https://www.linkedin.com/company/hci-systems-inc,,Consumer Electronics,Pasadena,California,US,91101
Sound & Shades,soundandshades.com,soundandshades.com,https://www.linkedin.com/company/soundandshades,,Consumer Electronics,Pasadena,California,US,91101
ELAN HOME SYSTEMS,elanu.com,elanu.com,https://www.linkedin.com/company/nice-spa,,Consumer Electronics,Petaluma,California,US,94954
World of Sound & Vision,wosv.com,wosv.com,https://www.linkedin.com/company/world-of-sound-vision,,Consumer Electronics,Pleasant Hill,California,US,94523
VIP Audio Visual Company,vipav.com,vipav.com,https://www.linkedin.com/company/vip-audio-visual-company,,Consumer Electronics,Pleasanton,California,US,94588
SoLV Audio Video,solvsd.com,solvsd.com,https://www.linkedin.com/company/solv-sd,,Consumer Electronics,Rancho Santa Fe,California,US,92067
"Alarmax Distributors, Riverside CA",alarmax.com,alarmax.com,https://www.linkedin.com/company/alarmaxusa,,Consumer Electronics,Riverside,California,US,92507
Empire Technologies Group Inc.,empiretechs.com,empiretechs.com,https://www.linkedin.com/company/empire-technologies-group-inc-,,Consumer Electronics,Riverside,California,US,92503
IE Alarm Systems,iealarm.com,iealarm.com,https://www.linkedin.com/company/ie-alarm-systems,,Consumer Electronics,Riverside,California,US,92507
KME (Formerly Active IT Solutions) - Riverside Managed IT Services,kmesystems.com,kmesystems.com,https://www.linkedin.com/company/kme-systems,,Consumer Electronics,Riverside,California,US,92507
KPS Alarms,kpsalarms.com,kpsalarms.com,https://www.linkedin.com/company/kps-alarms-inc.-d-b-a-kps-powerhome-%26-kps-fire-sprinklers-inc.,,Consumer Electronics,Riverside,California,US,92505
Hood Branco Innovations Inc,hb-innovations.com,hb-innovations.com,https://www.linkedin.com/company/263018,,Consumer Electronics,Rocklin,California,US,95677
Bug I'd,bugid.com,bugid.com,https://www.linkedin.com/company/bug-id-inc,,Consumer Electronics,SF,California,US,94133
Republic Elite Integration,republiceliteintegration.com,republiceliteintegration.com,https://www.linkedin.com/company/republic-elite-integration-inc-,,Consumer Electronics,Sacramento,California,US,95827
SYNC AVN,syncavn.com,syncavn.com,https://www.linkedin.com/company/wix-com,,Consumer Electronics,Sacramento,California,US,95834
ATI- Affordable Technology Inc,atipro.net,atipro.net,https://www.linkedin.com/company/affordable-technology-inc,,Consumer Electronics,San Bernardino,California,US,92408
Levines Lights,levineslights.com,levineslights.com,https://www.linkedin.com/company/levine-s-lights,,Consumer Electronics,San Carlos,California,US,94070
Acoustic Evolution,acousticevolution.com,acousticevolution.com,https://www.linkedin.com/company/acoustic-evolution-llc,,Consumer Electronics,San Diego,California,US,92128
Ameritechs,ameritechs.co,ameritechs.co,https://www.linkedin.com/company/ameritechs,,Consumer Electronics,San Diego,California,US,92111
Enviro-Tech Industries - San Diego,envirotechsd.com,envirotechsd.com,https://www.linkedin.com/company/envirotechsd,,Consumer Electronics,San Diego,California,US,92126
Fuse Integration,fuseintegration.com,fuseintegration.com,https://www.linkedin.com/company/fuse-integration,,Consumer Electronics,San Diego,California,US,92111
Home Controls,homecontrols.com,homecontrols.com,https://www.linkedin.com/company/home-controls-inc,,Consumer Electronics,San Diego,California,US,92126
LIGHTWORKS,sdlightworks.com,sdlightworks.com,https://www.linkedin.com/company/sdlightworks,,Consumer Electronics,San Diego,California,US,92126
Modern Home Systems,modernhomesystems.com,modernhomesystems.com,https://www.linkedin.com/company/modern-home-systems,,Consumer Electronics,San Diego,California,US,92121
Smart Shield Systems Commercial & Residential Security,smartshieldsystems.com,smartshieldsystems.com,https://www.linkedin.com/company/smart-shield-systems,,Consumer Electronics,San Diego,California,US,92123
Tazz Lighting Inc,tazzlighting.com,tazzlighting.com,https://www.linkedin.com/company/wix-com,,Consumer Electronics,San Diego,California,US,92121
AVS,avsnext.com,avsnext.com,https://www.linkedin.com/company/avsnext,,Consumer Electronics,San Francisco,California,US,94110
Avenue Code,avenuecode.com,avenuecode.com,https://www.linkedin.com/company/airevolutioncompany,,Consumer Electronics,San Francisco,California,US,94108
Canary Technologies,canarytechnologies.com,canarytechnologies.com,https://www.linkedin.com/company/canarytech,,Consumer Electronics,San Francisco,California,US,94111
Fieldwire by Hilti,fieldwire.com,fieldwire.com,https://www.linkedin.com/company/fieldwirebyhilti,,Consumer Electronics,San Francisco,California,US,94105
IPSOFACTO IT Services,now.ipsofacto.net,now.ipsofacto.net,https://www.linkedin.com/company/ipsofacto,,Consumer Electronics,San Francisco,California,US,94114
Jones IT,itjones.com,itjones.com,https://www.linkedin.com/company/jonesitsf,,Consumer Electronics,San Francisco,California,US,94103
ManageCasa HOA and Rental Property Management Software,managecasa.com,managecasa.com,https://www.linkedin.com/company/managecasa,,Consumer Electronics,San Francisco,California,US,94111
Mapbox,mapbox.com,mapbox.com,https://www.linkedin.com/company/mapbox,,Consumer Electronics,San Francisco,California,US,94111
Neetek Systems Integration,neetek.com,neetek.com,https://www.linkedin.com/company/neetek-systems-integration,,Consumer Electronics,San Francisco,California,US,94111
Rollout AI - San Francisco Managed IT Services Company,rollout.ai,rollout.ai,https://www.linkedin.com/company/rollout-ai,,Consumer Electronics,San Francisco,California,US,94105
"TechInSF Consulting | IT Solutions, Computer Repair, Web Design, Digital Marketing & E-Commerce in San Francisco Bay Area",techinsf.com,techinsf.com,https://www.linkedin.com/company/techinsf,,Consumer Electronics,San Francisco,California,US,94107
TekRevol - Mobile App Development Company in San Francisco,tekrevol.com,tekrevol.com,https://www.linkedin.com/company/tekrevol,,Consumer Electronics,San Francisco,California,US,94105
AV Land,av.land,av.land,https://www.linkedin.com/company/19154065,,Consumer Electronics,San Jose,California,US,95126
Automated Solutions Group,asgbms.com,asgbms.com,https://www.linkedin.com/company/asgbms,,Consumer Electronics,San Jose,California,US,95131
Automation Anywhere,automationanywhere.com,automationanywhere.com,https://www.linkedin.com/company/automation-anywhere,,Consumer Electronics,San Jose,California,US,95134
Aviz Networks (HQ),aviznetworks.com,aviznetworks.com,https://www.linkedin.com/company/aviz-networks,,Consumer Electronics,San Jose,California,US,95131
CCIntegration,ccintegration.com,ccintegration.com,https://www.linkedin.com/company/ccintegration-inc.,,Consumer Electronics,San Jose,California,US,95131
"CRATUS Technology, Inc.",cratustech.com,cratustech.com,https://www.linkedin.com/company/cratustechnology,,Consumer Electronics,San Jose,California,US,95125
Cadence Design Systems,cadence.com,cadence.com,https://www.linkedin.com/company/Cadence,,Consumer Electronics,San Jose,California,US,95134
California Theatre,sanjosetheaters.org,sanjosetheaters.org,https://www.linkedin.com/company/visitsanjose,,Consumer Electronics,San Jose,California,US,95113
Diffco,diffco.us,diffco.us,https://www.linkedin.com/company/diffco,,Consumer Electronics,San Jose,California,US,95110
"Home Networks, Electric & Solar, Inc. (CA)",homenes.com,homenes.com,https://www.linkedin.com/company/home-networks-&-electrical,,Consumer Electronics,San Jose,California,US,95131
ICS Integrated Communication Systems,ics-integration.com,ics-integration.com,https://www.linkedin.com/company/ics---integrated-communication-systems,,Consumer Electronics,San Jose,California,US,95119
Intelligence Security LLC,intelligencesecurity.net,intelligencesecurity.net,https://www.linkedin.com/company/intelligence-security4,,Consumer Electronics,San Jose,California,US,95128
LevelUp MSP - Managed IT Services San Jose,levelupmsp.com,levelupmsp.com,https://www.linkedin.com/company/jt-solutions-inc-,,Consumer Electronics,San Jose,California,US,95131
"Platform9 Systems, Inc.",platform9.com,platform9.com,https://www.linkedin.com/company/platform9-systems,,Consumer Electronics,San Jose,California,US,95113
Precision Communications Systems,precisioncommsystems.com,precisioncommsystems.com,https://www.linkedin.com/company/precision-communications-systems,,Consumer Electronics,San Jose,California,US,95131
"Roboteon, Inc.",roboteon.com,roboteon.com,https://www.linkedin.com/company/roboteon,,Consumer Electronics,San Jose,California,US,95110
Smart Monitor,smart-monitor.com,smart-monitor.com,https://www.linkedin.com/company/smart-monitor,,Consumer Electronics,San Jose,California,US,95119
The Tech Interactive,thetech.org,thetech.org,https://www.linkedin.com/company/the-tech-interactive,,Consumer Electronics,San Jose,California,US,95113
TruAdvantage,truadvantage.com,truadvantage.com,https://www.linkedin.com/company/truadvantage,,Consumer Electronics,San Jose,California,US,95128
Wired Integrations Inc,wiredint.com,wiredint.com,https://www.linkedin.com/company/wired-integrations-inc,,Consumer Electronics,San Jose,California,US,95110
ZAG Technical Services,zagtech.com,zagtech.com,https://www.linkedin.com/company/harbor-msp,,Consumer Electronics,San Jose,California,US,95134
On Point Audio Visual,onpointaudiovisual.com,onpointaudiovisual.com,https://www.linkedin.com/company/on-point-audio-visual,,Consumer Electronics,San Leandro,California,US,94577
Above Grade Automation,abovegradeautomation.com,abovegradeautomation.com,https://www.linkedin.com/company/above-grade-automation,,Consumer Electronics,San Luis Obispo,California,US,93401
Brilliant NextGen,brilliant.tech,brilliant.tech,https://www.linkedin.com/company/brillianthome,,Consumer Electronics,San Mateo,California,US,94401
Security 101 - San Mateo,security101.com,security101.com,https://www.linkedin.com/company/security-101,,Consumer Electronics,San Mateo,California,US,94401
AnyTech CA,anytechca.com,anytechca.com,https://www.linkedin.com/company/anytechca,,Consumer Electronics,Santa Barbara,California,US,93101
Consolidated Overhead Door & Gate,consolidatedoverheaddoor.com,consolidatedoverheaddoor.com,https://www.linkedin.com/company/consolidated-overhead-door-gate,,Consumer Electronics,Santa Barbara,California,US,93103
Mission Audio Video,missionaudiovideo.com,missionaudiovideo.com,https://www.linkedin.com/company/mission-audio-video,,Consumer Electronics,Santa Barbara,California,US,93101
Moona Smart Inc.,moonasmart.com,moonasmart.com,https://www.linkedin.com/company/37230168,,Consumer Electronics,Santa Clara,California,US,95054
Premier AV Tech Inc.,pavtechnology.com,pavtechnology.com,https://www.linkedin.com/company/premier-av-tech,,Consumer Electronics,Santa Clara,California,US,95050
Beyond Home Theater,beyondhometheater.com,beyondhometheater.com,https://www.linkedin.com/company/beyond-home-theater,,Consumer Electronics,Santa Monica,California,US,90405
ATL Events/Academy Theatrical Lighting Inc.,atlevents.com,atlevents.com,https://www.linkedin.com/company/atl-events,,Consumer Electronics,Santa Rosa,California,US,95407
Air Monitor Corporation,airmonitor.com,airmonitor.com,https://www.linkedin.com/company/air-monitor-corporation,,Consumer Electronics,Santa Rosa,California,US,95403
Clear Telecommunications,cleartelecommunications.com,cleartelecommunications.com,https://www.linkedin.com/company/clear-telecommunications,,Consumer Electronics,Santa Rosa,California,US,95403
Rinkor Technology Solutions,rinkortech.com,rinkortech.com,https://www.linkedin.com/company/rinkor-technology-solutions,,Consumer Electronics,Santa Rosa,California,US,95403
Summit Technology Group,summit-e.com,summit-e.com,https://www.linkedin.com/company/summit-technology-group-inc.,,Consumer Electronics,Santa Rosa,California,US,95403
Sync Systems,syncsystemsav.com,syncsystemsav.com,https://www.linkedin.com/company/sync-systems-av,,Consumer Electronics,Santa Rosa,California,US,95403
Smart Wires LLC,smartwireselectric.com,smartwireselectric.com,https://www.linkedin.com/company/smart-wires-llc,,Consumer Electronics,Saratoga,California,US,95070
Get Wired Tec Inc.,getwiredtec.com,getwiredtec.com,https://www.linkedin.com/company/get-wired-tec.-inc,,Consumer Electronics,Simi Valley,California,US,93065
Digital Living Inc.,digitalliving.com,digitalliving.com,https://www.linkedin.com/company/digital-living-inc.,,Consumer Electronics,Sonoma,California,US,95476
Sierra @ Home,sierraathome.com,sierraathome.com,https://www.linkedin.com/company/sierraathome,,Consumer Electronics,Sonoma,California,US,95476
Low Cost Ignition Interlock,lowcostinterlock.com,lowcostinterlock.com,https://www.linkedin.com/company/low-cost-interlock-inc,,Consumer Electronics,South Lake Tahoe,California,US,96150
Defined A/V,definedav.com,definedav.com,https://www.linkedin.com/company/defined-entertainment-design,,Consumer Electronics,Thousand Oaks,California,US,91320
Epic Smart Homes,epicsmarthomes.com,epicsmarthomes.com,https://www.linkedin.com/company/epic-tech-designs,,Consumer Electronics,Truckee,California,US,96161
Citrom Home Automation,citrom.com,citrom.com,https://www.linkedin.com/company/citrom.com,,Consumer Electronics,West Hills,California,US,91304
Jetson Home - Sacramento,jetsonhome.com,jetsonhome.com,https://www.linkedin.com/company/jetsonhome,,Consumer Electronics,West Sacramento,California,US,95691
Wilshire Media Systems,wilshirehe.com,wilshirehe.com,https://www.linkedin.com/company/wilshire-home-entertainment,,Consumer Electronics,Westlake Village,California,US,91361
Cinegration LLC,cinegration.com,cinegration.com,https://www.linkedin.com/company/cinegration,,Consumer Electronics,Arvada,Colorado,US,80002
"King Systems LLC - Denver, CO",kingsystemsllc.com,kingsystemsllc.com,https://www.linkedin.com/company/king-systems-llc,,Consumer Electronics,Arvada,Colorado,US,80002
Decypher Technologies,decyphertech.com,decyphertech.com,https://www.linkedin.com/company/decypher-technologies-inc-,,Consumer Electronics,Aspen,Colorado,US,81611
Vail Electronics,vailelectronics.net,vailelectronics.net,https://www.linkedin.com/company/vail-electronics,,Consumer Electronics,Avon,Colorado,US,81620
SOPRIS AV,soprisav.com,soprisav.com,https://www.linkedin.com/company/soprisav,,Consumer Electronics,Basalt,Colorado,US,81621
"Terracom Systems, Inc.",terracomtheatre.com,terracomtheatre.com,https://www.linkedin.com/company/2529408,,Consumer Electronics,Broomfield,Colorado,US,80020
Denver Sight and Sound,denversightandsound.com,denversightandsound.com,https://www.linkedin.com/company/denver-sight-and-sound,,Consumer Electronics,Castle Pines,Colorado,US,80108
Digital Media Innovations,digitalmediainnovations.com,digitalmediainnovations.com,https://www.linkedin.com/company/digital-media-innovations,,Consumer Electronics,Centennial,Colorado,US,80112
GoQAV Experience Center,qualityaudiovideo.com,qualityaudiovideo.com,https://www.linkedin.com/company/goqav,,Consumer Electronics,Centennial,Colorado,US,80112
"Access Media Group, Inc.",amgtv.com,amgtv.com,https://www.linkedin.com/company/access-media-group,,Consumer Electronics,Colorado Springs,Colorado,US,80919
LVW Electronics,lvw.com,lvw.com,https://www.linkedin.com/company/lvw-electronics,,Consumer Electronics,Colorado Springs,Colorado,US,80906
Salt Creek Integrated Systems,saltcreekintegrated.com,saltcreekintegrated.com,https://www.linkedin.com/company/saltcreekintegrated,,Consumer Electronics,Colorado Springs,Colorado,US,80907
Aurum Home Technology,aurumhometech.com,aurumhometech.com,https://www.linkedin.com/company/aurum-home-tech,,Consumer Electronics,Denver,Colorado,US,80223
Electronic Integration,eiexperts.com,eiexperts.com,https://www.linkedin.com/company/electronic-integration,,Consumer Electronics,Denver,Colorado,US,80223
Envision Automation,envision10.com,envision10.com,https://www.linkedin.com/company/wix-com,,Consumer Electronics,Denver,Colorado,US,80206
ListenUp®,listenup.com,listenup.com,https://www.linkedin.com/company/listenup,,Consumer Electronics,Denver,Colorado,US,80209
Reliable Home Technology,reliablehometechnology.com,reliablehometechnology.com,https://www.linkedin.com/company/reliable-home-security,,Consumer Electronics,Denver,Colorado,US,80214
Switch Automation,switchautomation.com,switchautomation.com,https://www.linkedin.com/company/switch-automation,,Consumer Electronics,Denver,Colorado,US,80202
Xssentials,xssentials.com,xssentials.com,https://www.linkedin.com/company/xssentials,,Consumer Electronics,Denver,Colorado,US,80204
Colorado Controls,colorado-controls.com,colorado-controls.com,https://www.linkedin.com/company/coloradocontrols,,Consumer Electronics,Fort Collins,Colorado,US,80524
Rockfan AVL Production & Integration,rockfan.rocks,rockfan.rocks,https://www.linkedin.com/company/rockfan-entertainment,,Consumer Electronics,Fort Collins,Colorado,US,80524
Sound Investments,soundinvestmentsco.com,soundinvestmentsco.com,https://www.linkedin.com/company/sound-investments-home-theater-installation,,Consumer Electronics,Greeley,Colorado,US,80634
"Harrison Home Systems, Inc.",harrisonhomesystems.com,harrisonhomesystems.com,https://www.linkedin.com/company/harrison-home-systems,,Consumer Electronics,Lakewood,Colorado,US,80214
Logic Integration,logicav.net,logicav.net,https://www.linkedin.com/company/667289,,Consumer Electronics,Lone Tree,Colorado,US,80124
Integral Home Systems,integralhomesystems.com,integralhomesystems.com,https://www.linkedin.com/company/integral-home-systems,,Consumer Electronics,Loveland,Colorado,US,80537
Precision Media Solutions,pmav.co,pmav.co,https://www.linkedin.com/company/precision-media-solutions,,Consumer Electronics,Sheridan,Colorado,US,80110
Cloud 9 Integrated Systems,teamc9.com,teamc9.com,https://www.linkedin.com/company/cloud-9-integrated-systems,,Consumer Electronics,Steamboat Springs,Colorado,US,80487
"Control Designer, Inc.",controldesigner.com,controldesigner.com,https://www.linkedin.com/company/control-designer-inc-,,Consumer Electronics,Steamboat Springs,Colorado,US,80487
Sensor Solutions (A Standex Electronics Company),sensorso.com,sensorso.com,https://www.linkedin.com/company/sensor-solutions,,Consumer Electronics,Steamboat Springs,Colorado,US,80487
InvitedHome Vail,invitedhome.com,invitedhome.com,https://www.linkedin.com/company/invitedhome,,Consumer Electronics,Vail,Colorado,US,81657
Secure Communications Group,securecomm.us,securecomm.us,https://www.linkedin.com/company/76887970,,Consumer Electronics,Westminster,Colorado,US,80003
Imagine More Automation Showroom & Distribution Center,shopimaginemore.com,shopimaginemore.com,https://www.linkedin.com/company/imaginemorestores,,Consumer Electronics,Windsor,Colorado,US,80550
Video Production CT,mackmediagroup.com,mackmediagroup.com,https://www.linkedin.com/company/mack-media-group,,Consumer Electronics,Brookfield,Connecticut,US,06804
Phoenix Audio Video & Systems Integration,phoenixaudiovideo.com,phoenixaudiovideo.com,https://www.linkedin.com/company/phoenix-audio-video-llc,,Consumer Electronics,Fairfield,Connecticut,US,06825
Bri-Tech Inc,bri-tech.com,bri-tech.com,https://www.linkedin.com/company/bri-tech-inc.,,Consumer Electronics,Greenwich,Connecticut,US,06830
Rolo Electronics Cameras Security Systems Security Audio Video Installation Sales Services,roloelectronics.com,roloelectronics.com,https://www.linkedin.com/company/rolo-electronics,,Consumer Electronics,Greenwich,Connecticut,US,06831
Real Art Ways,realartways.org,realartways.org,https://www.linkedin.com/company/real-art-ways,,Consumer Electronics,Hartford,Connecticut,US,06106
Sound Guyz Event Solutions Inc.,sgzpro.com,sgzpro.com,https://www.linkedin.com/company/soundguyz,,Consumer Electronics,Hartford,Connecticut,US,06103
Square 9 Softworks,square-9.com,square-9.com,https://www.linkedin.com/company/square-9-softworks_2,,Consumer Electronics,New Haven,Connecticut,US,06510
Opus Audio Video Control Inc.,opusavc.com,opusavc.com,https://www.linkedin.com/company/opus-audio-video-control-inc,,Consumer Electronics,North Haven,Connecticut,US,06473
Cabling Technologies Corp.,ctcable.com,ctcable.com,https://www.linkedin.com/company/wix-com,,Consumer Electronics,Norwalk,Connecticut,US,06854
Just Audio Visual,justaudiovisual.com,justaudiovisual.com,https://www.linkedin.com/company/just-av-llc,,Consumer Electronics,Norwalk,Connecticut,US,06851
Stratatech Group,stratatech.net,stratatech.net,https://www.linkedin.com/company/stratatech-group-llc,,Consumer Electronics,Norwalk,Connecticut,US,06850
Home Media Designs,homemediadesigns.com,homemediadesigns.com,https://www.linkedin.com/company/home-media-designs,,Consumer Electronics,Ridgefield,Connecticut,US,06877
Grand Light,grandlight.com,grandlight.com,https://www.linkedin.com/company/grand-light,,Consumer Electronics,Seymour,Connecticut,US,06483
"Solution Innovators, LLC",solutioninnovators.com,solutioninnovators.com,https://www.linkedin.com/company/solution-innovators,,Consumer Electronics,South Windsor,Connecticut,US,06074
Allied Universal,aus.com,aus.com,https://www.linkedin.com/company/allied-universal,,Consumer Electronics,Stamford,Connecticut,US,06902
Focus Vision Worldwide Inc,focusvision.com,focusvision.com,https://www.linkedin.com/company/forstainfo,,Consumer Electronics,Stamford,Connecticut,US,06902
InterTech Media LLC,intertechmedia.com,intertechmedia.com,https://www.linkedin.com/company/intertech-media,,Consumer Electronics,Stamford,Connecticut,US,06906
Venture Home,venturehome.com,venturehome.com,https://www.linkedin.com/company/venture-home-solar,,Consumer Electronics,Stamford,Connecticut,US,06902
JMD AV LLC,jmdav.com,jmdav.com,https://www.linkedin.com/company/jmdavllc,,Consumer Electronics,Thompson,Connecticut,US,06255
Property Protection Consulting LLC,ppcalarms.com,ppcalarms.com,https://www.linkedin.com/company/property-protection-consulting-llc,,Consumer Electronics,Trumbull,Connecticut,US,06611
C&T Systems,candtsystems.com,candtsystems.com,https://www.linkedin.com/company/c&t-systems,,Consumer Electronics,Vernon,Connecticut,US,06066
"Aiello Home Services- Plumbing, Heating, AC, Electrical & Drain Cleaning",aiellohomeservices.com,aiellohomeservices.com,https://www.linkedin.com/company/aiello-home-services,,Consumer Electronics,Wallingford,Connecticut,US,06492
TecKnow Smart Living Ecosystems,tecknowhomes.com,tecknowhomes.com,https://www.linkedin.com/company/11179583,,Consumer Electronics,Westport,Connecticut,US,06880
TSA Systems Integration Facility,tsa.gov,tsa.gov,https://www.linkedin.com/company/2994,,Consumer Electronics,Arlington,District of Columbia,US,22202
"Sight & Sound Systems, Inc.",sightandsoundsystems.com,sightandsoundsystems.com,https://www.linkedin.com/company/sightandsoundsystems,,Consumer Electronics,Dulles,District of Columbia,US,20166
"AVR Expos - Washington, DC",avrexpos.com,avrexpos.com,https://www.linkedin.com/company/avr-expos,,Consumer Electronics,Washington,District of Columbia,US,20002
Build Design Center Kitchen & Bath,builddesigncenter.com,builddesigncenter.com,https://www.linkedin.com/company/build-design-center-kitchen-bath,,Consumer Electronics,Washington,District of Columbia,US,20007
Extended ERP,extendederp.com,extendederp.com,https://www.linkedin.com/company/extended-erp,,Consumer Electronics,Washington,District of Columbia,US,20009
"FWG Solutions, Inc.",fwgsolutions.com,fwgsolutions.com,https://www.linkedin.com/company/fwg-solutions,,Consumer Electronics,Washington,District of Columbia,US,20004
GlobalinkIT,globalinkit.com,globalinkit.com,https://www.linkedin.com/company/globalinkit,,Consumer Electronics,Washington,District of Columbia,US,20001
Hatha Systems Llc,hathasystems.com,hathasystems.com,https://www.linkedin.com/company/hatha-systems,,Consumer Electronics,Washington,District of Columbia,US,20004
Hostme,hostmeapp.com,hostmeapp.com,https://www.linkedin.com/company/hostme,,Consumer Electronics,Washington,District of Columbia,US,20007
Matrix MSP LLC,matrixmspllc.com,matrixmspllc.com,https://www.linkedin.com/company/matrix-msp-llc,,Consumer Electronics,Washington,District of Columbia,US,20006
Obverse Inc.,obverseinc.com,obverseinc.com,https://www.linkedin.com/company/15535326,,Consumer Electronics,Washington,District of Columbia,US,20012
"Softek Services, Inc.",softekdc.com,softekdc.com,https://www.linkedin.com/company/softek-services-inc-,,Consumer Electronics,Washington,District of Columbia,US,20005
Strada Services,stradaservices.com,stradaservices.com,https://www.linkedin.com/company/strada-services,,Consumer Electronics,Alachua,Florida,US,32615
RelianceAV,relianceav.com,relianceav.com,https://www.linkedin.com/company/relianceav,,Consumer Electronics,Altamonte Springs,Florida,US,32714
Boca Tech and Automation,bocatech.com,bocatech.com,https://www.linkedin.com/company/boca-tech-and-automation,,Consumer Electronics,Boca Raton,Florida,US,33434
Elite Smart Group - Boca Raton,elitesmartgroup.com,elitesmartgroup.com,https://www.linkedin.com/company/elite-smart-group-smart-home-integration-automation,,Consumer Electronics,Boca Raton,Florida,US,33431
Tech Squad AV & Automation,tsav.net,tsav.net,https://www.linkedin.com/company/ts-av-automation-tech-squad,,Consumer Electronics,Boca Raton,Florida,US,33487
"Techpro Security Products, LLC",techprosecurity.com,techprosecurity.com,https://www.linkedin.com/company/techpro-security,,Consumer Electronics,Boca Raton,Florida,US,33432
Blue Sky Automation,blueskyautomationllc.com,blueskyautomationllc.com,https://www.linkedin.com/company/blueskyautomation,,Consumer Electronics,Boynton Beach,Florida,US,33426
SouthTech Automation,southtechfl.com,southtechfl.com,https://www.linkedin.com/company/107996903,,Consumer Electronics,Boynton Beach,Florida,US,33435
Integral Home Technology,integralfl.com,integralfl.com,https://www.linkedin.com/company/integral-home-technology,,Consumer Electronics,Clearwater,Florida,US,33765
Deltron Electric FL,deltronelectricfl.com,deltronelectricfl.com,https://www.linkedin.com/company/deltron-electric-florida,,Consumer Electronics,Cocoa,Florida,US,32926
HWA Home Automation & Security Systems,hwautomation.com,hwautomation.com,https://www.linkedin.com/company/hw-automation-inc.,,Consumer Electronics,Dania Beach,Florida,US,33004
L S Enterprises LLC,l-senterprises.com,l-senterprises.com,https://www.linkedin.com/company/l&s-enterprises-llc,,Consumer Electronics,Daytona Beach,Florida,US,32114
Southeastern Lighting Solutions & Signs Florida,selightingsolutions.com,selightingsolutions.com,https://www.linkedin.com/company/southeastern-lighting-solutions,,Consumer Electronics,Daytona Beach,Florida,US,32117
"HT-Install, Inc.",htinstall.com,htinstall.com,https://www.linkedin.com/company/ht-install-inc.,,Consumer Electronics,Delray Beach,Florida,US,33444
"OnPoint Audio Video, Automation, Security & Electric",simplyonpoint.com,simplyonpoint.com,https://www.linkedin.com/company/onpoint-tech-systems,,Consumer Electronics,Delray Beach,Florida,US,33444
Melody,melodyav.com,melodyav.com,https://www.linkedin.com/company/melody-av-mood-media-of-south-florida,,Consumer Electronics,Doral,Florida,US,33166
SoundWhere Media Furniture,soundwhereusa.com,soundwhereusa.com,https://www.linkedin.com/company/soundwhere-media-furniture-llc,,Consumer Electronics,Fort Lauderdale,Florida,US,33314
"All American Alarm, Inc",allamericanalarm.com,allamericanalarm.com,https://www.linkedin.com/company/all-american-alarm,,Consumer Electronics,Fort Myers,Florida,US,33901
All Phase Electric Service,allphase-electric.com,allphase-electric.com,https://www.linkedin.com/company/all-phase-electric-service-of-florida-inc.,,Consumer Electronics,Fort Myers,Florida,US,33912
BCI Technologies,bcitech.com,bcitech.com,https://www.linkedin.com/company/bcitech,,Consumer Electronics,Fort Myers,Florida,US,33913
Completely Connected LLC,completelyconnected.net,completelyconnected.net,https://www.linkedin.com/company/completely-connected-llc,,Consumer Electronics,Fort Myers,Florida,US,33967
Micro Controls Systems,mcscontrols.com,mcscontrols.com,https://www.linkedin.com/company/micro-control-systems,,Consumer Electronics,Fort Myers,Florida,US,33905
Peninsular Electric Distributors,peninsular.secondphaselive.net,peninsular.secondphaselive.net,https://www.linkedin.com/company/peninsular-electric-distributors,,Consumer Electronics,Fort Myers,Florida,US,33967
World Electric,worldelectricsupply.com,worldelectricsupply.com,https://www.linkedin.com/company/world-electric-supply,,Consumer Electronics,Fort Myers,Florida,US,33916
Think Technologies Group LLC,thinktechnologiesgroup.com,thinktechnologiesgroup.com,https://www.linkedin.com/company/thinktechfl,,Consumer Electronics,Gainesville,Florida,US,32607
Twinkle Nights,twinklenights.com,twinklenights.com,https://www.linkedin.com/company/twinklenights,,Consumer Electronics,Gainesville,Florida,US,32609
Hangman Audio Video,hangmanaudiovideo.com,hangmanaudiovideo.com,https://www.linkedin.com/company/wix.com,,Consumer Electronics,Greenacres,Florida,US,33467
Brite LED Lighting,briteledlighting.com,briteledlighting.com,https://www.linkedin.com/company/brite-led-lighting,,Consumer Electronics,Hialeah,Florida,US,33012
AVL Productions,avlproductions.com,avlproductions.com,https://www.linkedin.com/company/avl-productions,,Consumer Electronics,Jacksonville,Florida,US,32219
Elite Tech Solutions,elite-tech-solutions.com,elite-tech-solutions.com,https://www.linkedin.com/company/elite-tech-solutions,,Consumer Electronics,Jacksonville,Florida,US,32256
FDC - Florida Door Control,jacksonville.fdc.com,jacksonville.fdc.com,https://www.linkedin.com/company/florida-door-control-of-orlando-inc-,,Consumer Electronics,Jacksonville,Florida,US,32202
Five Smooth Stones Audio - Video - Smart Home,fivesmoothstonesav.com,fivesmoothstonesav.com,https://www.linkedin.com/company/atlantic-home-technologies,,Consumer Electronics,Jacksonville,Florida,US,32257
"Fultech Solutions, Inc",fultechsolutions.com,fultechsolutions.com,https://www.linkedin.com/company/fultech-solutions-inc,,Consumer Electronics,Jacksonville,Florida,US,32256
Sound Innovations of North Florida,soundinnovationsnfl.com,soundinnovationsnfl.com,https://www.linkedin.com/company/2198508,,Consumer Electronics,Jacksonville,Florida,US,32223
Definitive Electronics,definitiveelectronics.com,definitiveelectronics.com,https://www.linkedin.com/company/definitive-electronics-fl,,Consumer Electronics,Jupiter,Florida,US,33458
Passerini Design | Interior Designer,passerini.design,passerini.design,https://www.linkedin.com/company/passerini-casa-interior-design-consulting,,Consumer Electronics,Jupiter,Florida,US,33458
Stephen K. Denny,stephenkdenny.com,stephenkdenny.com,https://www.linkedin.com/company/stephen-k-denny,,Consumer Electronics,Jupiter,Florida,US,33458
Teel Electric Company LLC,teelelectricco.com,teelelectricco.com,https://www.linkedin.com/company/wix-com,,Consumer Electronics,Jupiter,Florida,US,33458
Vortex 1 Security,vortexsecurityfl.com,vortexsecurityfl.com,https://www.linkedin.com/company/guardianprotection,,Consumer Electronics,Jupiter,Florida,US,33477
AMP Lighting,amplighting.com,amplighting.com,https://www.linkedin.com/company/amp-lighting,,Consumer Electronics,Lutz,Florida,US,33549
ATG - Custom AV and Automation,atgamerica.com,atgamerica.com,https://www.linkedin.com/company/atgamerica,,Consumer Electronics,Miami,Florida,US,33186
Bardan International,bardaninternational.com,bardaninternational.com,https://www.linkedin.com/company/bardandigital,,Consumer Electronics,Miami,Florida,US,33131
Geeks of Technology,geeksfl.com,geeksfl.com,https://www.linkedin.com/company/geeks-of-technology,,Consumer Electronics,Miami,Florida,US,33131
LUC electric LLC,lucelectric.com,lucelectric.com,https://www.linkedin.com/company/lucelectric-com,,Consumer Electronics,Miami,Florida,US,33138
Lighting Reps,lightingreps.net,lightingreps.net,https://www.linkedin.com/company/lighting-reps,,Consumer Electronics,Miami,Florida,US,33125
MAXICON - Experience Intelligent Living | Home Automation | Home Theater | Smart Living | South Florida,maxiconusa.com,maxiconusa.com,https://www.linkedin.com/company/maxicon-llc,,Consumer Electronics,Miami,Florida,US,33179
Midtown Video,midtownvideo.com,midtownvideo.com,https://www.linkedin.com/company/midtown-video,,Consumer Electronics,Miami,Florida,US,33155
AHT Global,ahtglobal.com,ahtglobal.com,https://www.linkedin.com/company/advanced-home-theater,,Consumer Electronics,Naples,Florida,US,34109
Arrow Electric Inc,1aei.com,1aei.com,https://www.linkedin.com/company/arrow-electric-inc-,,Consumer Electronics,Naples,Florida,US,34110
BluRoo Automation & Lighting,blurooav.com,blurooav.com,https://www.linkedin.com/company/blue-kangaroo-llc,,Consumer Electronics,Naples,Florida,US,34109
CITE Solutions,cite-solutions.com,cite-solutions.com,https://www.linkedin.com/company/citesolutions,,Consumer Electronics,Naples,Florida,US,34110
Gamma Tech Services,gammatechservices.com,gammatechservices.com,https://www.linkedin.com/company/gamma-tech-services,,Consumer Electronics,Naples,Florida,US,34104
System 64,securityinstall.us,securityinstall.us,https://www.linkedin.com/company/system64llc,,Consumer Electronics,North Miami,Florida,US,33161
Home Theater and Audio Video Services by Frequencies,frequenciesusa.com,frequenciesusa.com,https://www.linkedin.com/company/frequencies-usa,,Consumer Electronics,Odessa,Florida,US,33556
Crunchy Tech,crunchytech.com,crunchytech.com,https://www.linkedin.com/company/crunchy-tech,,Consumer Electronics,Orlando,Florida,US,32806
ECCAM CORP - Low Voltage & Automation,eccamcorp.com,eccamcorp.com,https://www.linkedin.com/company/eccamcorp,,Consumer Electronics,Orlando,Florida,US,32828
Eminence AV,eminenceav.com,eminenceav.com,https://www.linkedin.com/company/eminence-av,,Consumer Electronics,Orlando,Florida,US,32801
Evolution AV,evo-av.com,evo-av.com,https://www.linkedin.com/company/evoavfl,,Consumer Electronics,Orlando,Florida,US,32811
"GSE Audiovisual, Inc.",gseav.com,gseav.com,https://www.linkedin.com/company/gse-audiovisual-inc.,,Consumer Electronics,Orlando,Florida,US,32819
Level Up Automation Florida,levelupautomationfl.com,levelupautomationfl.com,https://www.linkedin.com/company/level-up-automation-florida,,Consumer Electronics,Orlando,Florida,US,32828
Control4 Smart Home Installers,omwavehome.com,omwavehome.com,https://www.linkedin.com/company/79956243,,Consumer Electronics,Palm Beach,Florida,US,33480
Smart Home Technologies,smarthometechpc.com,smarthometechpc.com,https://www.linkedin.com/company/wix-com,,Consumer Electronics,Panama City,Florida,US,32401
Comfort System Usa,comfortsystemsusa.com,comfortsystemsusa.com,https://www.linkedin.com/company/comfort-systems-usa,,Consumer Electronics,Pensacola,Florida,US,32503
Current Luxury,currentluxury.com,currentluxury.com,https://www.linkedin.com/company/currentluxury,,Consumer Electronics,Pensacola,Florida,US,32505
Gulf States Automation,gulfstatesautomation.com,gulfstatesautomation.com,https://www.linkedin.com/company/gulf-states-automation-dot-com,,Consumer Electronics,Pensacola,Florida,US,32505
Parks & Long Healthcare Construction & Compliance,parksandlong.com,parksandlong.com,https://www.linkedin.com/company/parksandlong,,Consumer Electronics,Pensacola,Florida,US,32505
Sound Audio LLC,soundaudio.net,soundaudio.net,https://www.linkedin.com/company/epidemic-sound,,Consumer Electronics,Pensacola,Florida,US,32501
Trane Commercial Sales Office,trane.com,trane.com,https://www.linkedin.com/company/trane,,Consumer Electronics,Pensacola,Florida,US,32504
Daisy,daisyco.com,daisyco.com,https://www.linkedin.com/company/daisyco,,Consumer Electronics,Pompano Beach,Florida,US,33069
Incon Lighting,inconlighting.com,inconlighting.com,https://www.linkedin.com/company/incon-lighting,,Consumer Electronics,Sanford,Florida,US,32773
Doberman AV,dobermanav.com,dobermanav.com,https://www.linkedin.com/company/wix-com,,Consumer Electronics,Santa Rosa Beach,Florida,US,32459
BBD Lifestyle,bbdlifestyle.com,bbdlifestyle.com,https://www.linkedin.com/company/bbd-lifestyle,,Consumer Electronics,Sarasota,Florida,US,34236
Sarasota Security Alarm Corporation,securityalarmcorp.com,securityalarmcorp.com,https://www.linkedin.com/company/security-alarm-corporation,,Consumer Electronics,Sarasota,Florida,US,34239
Sarasota Smart Homes,sarasotasmarthomes.com,sarasotasmarthomes.com,https://www.linkedin.com/company/wix-com,,Consumer Electronics,Sarasota,Florida,US,34238
SmartHouse Integration,smarthouseintegration.com,smarthouseintegration.com,https://www.linkedin.com/company/smarthouse-integration,,Consumer Electronics,Sarasota,Florida,US,34236
Wicked Smart Homes,wickedsmarthomes.com,wickedsmarthomes.com,https://www.linkedin.com/company/wicked-smart-homes,,Consumer Electronics,Sarasota,Florida,US,34236
Intelligent Audio/Video Inc,intelligentav.com,intelligentav.com,https://www.linkedin.com/company/wix-com,,Consumer Electronics,Sunrise,Florida,US,33351
Media Stage,mediastage.com,mediastage.com,https://www.linkedin.com/company/media-stage,,Consumer Electronics,Sunrise,Florida,US,33325
Brooks Building Solutions,brookssolutions.net,brookssolutions.net,https://www.linkedin.com/company/brooks-air-systems,,Consumer Electronics,Tallahassee,Florida,US,32301
"Hi-Tech System Associates, Inc.",hitechflorida.com,hitechflorida.com,https://www.linkedin.com/company/hi-tech-system-associates-inc-,,Consumer Electronics,Tallahassee,Florida,US,32308
Redwire Security,redwire.com,redwire.com,https://www.linkedin.com/company/1319609,,Consumer Electronics,Tallahassee,Florida,US,32303
Superior Fence & Rail of Tallahassee,superiorfenceandrail.com,superiorfenceandrail.com,https://www.linkedin.com/company/superior-fence-and-rail,,Consumer Electronics,Tallahassee,Florida,US,32304
Theatre Tallahassee,theatretallahassee.org,theatretallahassee.org,https://www.linkedin.com/company/tallahassee-little-theatre,,Consumer Electronics,Tallahassee,Florida,US,32303
AVI-SPL,avispl.com,avispl.com,https://www.linkedin.com/company/avi-spl,,Consumer Electronics,Tampa,Florida,US,33634
"AVIT, LLC",avitpartners.com,avitpartners.com,https://www.linkedin.com/company/avit,,Consumer Electronics,Tampa,Florida,US,33634
Automation Personnel Services - Tampa,apstemps.com,apstemps.com,https://www.linkedin.com/company/automation-personnel-services-inc-,,Consumer Electronics,Tampa,Florida,US,33614
"Flash Security Integrators Tampa, FL",flashsecurity.com,flashsecurity.com,https://www.linkedin.com/company/82286646,,Consumer Electronics,Tampa,Florida,US,33609
"Guardian Protection - Tampa, FL",guardianprotection.com,guardianprotection.com,https://www.linkedin.com/company/guardianprotection,,Consumer Electronics,Tampa,Florida,US,33634
Hive Design Center,hivestyle.com,hivestyle.com,https://www.linkedin.com/company/hiveintegration,,Consumer Electronics,Tampa,Florida,US,33607
Hive Integration,hiveintegration.com,hiveintegration.com,https://www.linkedin.com/company/hiveintegration,,Consumer Electronics,Tampa,Florida,US,33606
Hoppen Home Systems: Smart Home Automation & Integration,hoppenhomesystems.com,hoppenhomesystems.com,https://www.linkedin.com/company/hoppen-smart-home-automation,,Consumer Electronics,Tampa,Florida,US,33619
ION,iontechnology.net,iontechnology.net,https://www.linkedin.com/company/ion-technology-integrators,,Consumer Electronics,Tampa,Florida,US,33611
Pinnacle Audio Visual,pinnacleav.net,pinnacleav.net,https://www.linkedin.com/company/pinnacle-installations-and-services-inc,,Consumer Electronics,Tampa,Florida,US,33619
SYNCT,synctfl.com,synctfl.com,https://www.linkedin.com/company/synctfl,,Consumer Electronics,Tampa,Florida,US,33647
The ProMedia Group,thepromediagroup.com,thepromediagroup.com,https://www.linkedin.com/company/the-promedia-group,,Consumer Electronics,Tampa,Florida,US,33634
Bill's TV & Audio Video Innovations,billstv.com,billstv.com,https://www.linkedin.com/company/etcsimplify,,Consumer Electronics,Vero Beach,Florida,US,32960
Omega Technology Solutions,omegatechs.co,omegatechs.co,https://www.linkedin.com/company/28145451,,Consumer Electronics,Vero Beach,Florida,US,32960
"Event Resource Group, Inc",erg247.com,erg247.com,https://www.linkedin.com/company/erg247,,Consumer Electronics,Wesley Chapel,Florida,US,33544
ETC Florida,etc-florida.com,etc-florida.com,https://www.linkedin.com/company/etcsimplify,,Consumer Electronics,West Palm Beach,Florida,US,33409
"Electro Arts Enterprises, Inc.",eaeinfo.com,eaeinfo.com,https://www.linkedin.com/company/electro-arts-enterprises-inc-,,Consumer Electronics,West Palm Beach,Florida,US,33404
Orion Integrated Systems,orionintegrated.com,orionintegrated.com,https://www.linkedin.com/company/orion-integrated-systems,,Consumer Electronics,West Palm Beach,Florida,US,33411
Palm Beach Audio Visions,pbavsmarthomes.com,pbavsmarthomes.com,https://www.linkedin.com/company/palm-beach-audio-visions,,Consumer Electronics,West Palm Beach,Florida,US,33411
Palm Beach Custom A/V - Smart Home Automation / Home Theaters Installations,palmbeachcustomav.com,palmbeachcustomav.com,https://www.linkedin.com/company/palm-beach-custom-a-v,,Consumer Electronics,West Palm Beach,Florida,US,33412
Prestige Home Automation,phastav.com,phastav.com,https://www.linkedin.com/company/prestige-home-automation,,Consumer Electronics,West Palm Beach,Florida,US,33414
Florida Smart Homes,floridasmarthomes.org,floridasmarthomes.org,https://www.linkedin.com/company/florida-smart-homes,,Consumer Electronics,Winter Garden,Florida,US,34787
Callaway Security & Sound,callawaysecurity.com,callawaysecurity.com,https://www.linkedin.com/company/callaway-security-&-sound,,Consumer Electronics,Alpharetta,Georgia,US,30004
"H2K Infosys,LLC",h2kinfosys.com,h2kinfosys.com,https://www.linkedin.com/company/h2kinfosys,,Consumer Electronics,Alpharetta,Georgia,US,30005
"IPTE, LLC",ipte.com,ipte.com,https://www.linkedin.com/company/31173,,Consumer Electronics,Alpharetta,Georgia,US,30005
Phoenix Systems,phoenixsystems.tv,phoenixsystems.tv,https://www.linkedin.com/company/phoenixsystems,,Consumer Electronics,Alpharetta,Georgia,US,30005
"Strong Systems International, Inc.",strongsystems.com,strongsystems.com,https://www.linkedin.com/company/strong-systems-international,,Consumer Electronics,Alpharetta,Georgia,US,30005
Atlanta Audio & Automation,atlantaaudio.com,atlantaaudio.com,https://www.linkedin.com/company/atlanta-audio-&-automation,,Consumer Electronics,Atlanta,Georgia,US,30324
Clear Sound Atlanta,clearsoundatlanta.com,clearsoundatlanta.com,https://www.linkedin.com/company/clear-sound-atlanta,,Consumer Electronics,Atlanta,Georgia,US,30326
"INEX Systems and Designs, inc.",inexsystemsdesigns.com,inexsystemsdesigns.com,https://www.linkedin.com/company/inexsystems,,Consumer Electronics,Atlanta,Georgia,US,30313
Modus AV Listening Lounge,modusav.com,modusav.com,https://www.linkedin.com/company/modus-av,,Consumer Electronics,Atlanta,Georgia,US,30341
Smart Integrators 4 U,smarti4u.com,smarti4u.com,https://www.linkedin.com/company/smart-integrators-4-u-llc,,Consumer Electronics,Atlanta,Georgia,US,30349
Sound Associates Inc,soundassociates.com,soundassociates.com,https://www.linkedin.com/company/sound-associates,,Consumer Electronics,Atlanta,Georgia,US,30306
Sunbelt Technology,sunbelttechnology.com,sunbelttechnology.com,https://www.linkedin.com/company/sunbelt-technologies-inc,,Consumer Electronics,Atlanta,Georgia,US,30342
Carolina Burglar & Fire Alarm,carolinaburglaralarm.com,carolinaburglaralarm.com,https://www.linkedin.com/company/carolina-burglar-&-fire-alarm-company,,Consumer Electronics,Augusta,Georgia,US,30904
Factory Automation Systems,factoryautomation.com,factoryautomation.com,https://www.linkedin.com/company/factory-automation-systems,,Consumer Electronics,College Park,Georgia,US,30349
AV Excellence - Home Theater & Low Voltage Solutions,myavx.com,myavx.com,https://www.linkedin.com/company/myavx,,Consumer Electronics,Cumming,Georgia,US,30040
AV Solutions Atlanta,avsolutionsatlanta.com,avsolutionsatlanta.com,https://www.linkedin.com/company/av-solutions-inc.,,Consumer Electronics,Cumming,Georgia,US,30041
Aaron's Home Tech,aaronshometech.com,aaronshometech.com,https://www.linkedin.com/company/aaronshometech,,Consumer Electronics,Greensboro,Georgia,US,30642
AV Pro Design LLC,avprodesign.com,avprodesign.com,https://www.linkedin.com/company/av-pro-design-llc,,Consumer Electronics,Kennesaw,Georgia,US,30152
GHT Group,ghtgroup.com,ghtgroup.com,https://www.linkedin.com/company/ght-group-atl,,Consumer Electronics,Marietta,Georgia,US,30060
Performance Audio & Video,pavatlanta.com,pavatlanta.com,https://www.linkedin.com/company/pavatlanta,,Consumer Electronics,Marietta,Georgia,US,30067
Diversified,onediversified.com,onediversified.com,https://www.linkedin.com/company/diversified-,,Consumer Electronics,Peachtree Corners,Georgia,US,30071
Allegiance Technology Solutions,allegiancetech.io,allegiancetech.io,https://www.linkedin.com/company/allegiance-technology-solutions,,Consumer Electronics,Pembroke,Georgia,US,31321
AV-Tech Media Solutions,avtechmedia.com,avtechmedia.com,https://www.linkedin.com/company/avtech-services-inc,,Consumer Electronics,Roswell,Georgia,US,30076
"NetPlanner Systems, Inc.",netplanner.com,netplanner.com,https://www.linkedin.com/company/netplanner-systems-inc-,,Consumer Electronics,Savannah,Georgia,US,31405
Modtech Solutions,modtechsolutions.com,modtechsolutions.com,https://www.linkedin.com/company/10696589,,Consumer Electronics,Aiea,Hawaii,US,96701
The Audio Visual Company,theavco.com,theavco.com,https://www.linkedin.com/company/theavco,,Consumer Electronics,Aiea,Hawaii,US,96701
Bright Light Digital LLC,brightlight.biz,brightlight.biz,https://www.linkedin.com/company/bright-light-digital,,Consumer Electronics,Honolulu,Hawaii,US,96813
Intech Pacific | Cybersecurity & Managed IT Services,intech-pacific.com,intech-pacific.com,https://www.linkedin.com/company/intech-hawaii,,Consumer Electronics,Honolulu,Hawaii,US,96813
Ohana Control Systems Inc,ohanacontrols.com,ohanacontrols.com,https://www.linkedin.com/company/ohana-control-systems-inc.,,Consumer Electronics,Honolulu,Hawaii,US,96819
Pacific Audio & Communications Oahu,pachawaii.com,pachawaii.com,https://www.linkedin.com/company/pacific-audio-communications-inc,,Consumer Electronics,Honolulu,Hawaii,US,96819
ZMANA Residential and Commercial Security Systems,zmana.com,zmana.com,https://www.linkedin.com/company/zmana,,Consumer Electronics,Honolulu,Hawaii,US,96814
Integrated Technology Solutions | ITS Hawaii,itshawaii.com,itshawaii.com,https://www.linkedin.com/company/itshawaii,,Consumer Electronics,Waipahu,Hawaii,US,96797
Iowa Audio Video,iowaaudiovideo.com,iowaaudiovideo.com,https://www.linkedin.com/company/iowaaudiovideo,,Consumer Electronics,Clive,Iowa,US,50325
Reference Smart Systems,referencesmart.com,referencesmart.com,https://www.linkedin.com/company/reference-audio-video-security,,Consumer Electronics,Davenport,Iowa,US,52807
CLE Productions,cleproductions.com,cleproductions.com,https://www.linkedin.com/company/2997622,,Consumer Electronics,Des Moines,Iowa,US,50321
Electronic Engineering Co.,eengineering.com,eengineering.com,https://www.linkedin.com/company/electronic-engineering,,Consumer Electronics,Des Moines,Iowa,US,50309
The Waldinger Corporation,waldinger.com,waldinger.com,https://www.linkedin.com/company/the-waldinger-corporation,,Consumer Electronics,Des Moines,Iowa,US,50321
A+ Communications & Security,onlineaplus.com,onlineaplus.com,https://www.linkedin.com/company/a-communication-security-home-solutions,,Consumer Electronics,Grimes,Iowa,US,50111
Iowa Smart Home,iowasmarthome.com,iowasmarthome.com,https://www.linkedin.com/company/partner-communications-cooperative,,Consumer Electronics,Kellogg,Iowa,US,50135
Midwest Alarm Services,midwestalarmservices.com,midwestalarmservices.com,https://www.linkedin.com/company/midwest-alarm-services,,Consumer Electronics,Urbandale,Iowa,US,50322
Reference Smart Systems,referenceavs.com,referenceavs.com,https://www.linkedin.com/company/reference-audio-video-security,,Consumer Electronics,Urbandale,Iowa,US,50322
Team UltraVue Satellite & Security,teamultravue.com,teamultravue.com,https://www.linkedin.com/company/custom-install-solutions-team-ultravue-satellite,,Consumer Electronics,Urbandale,Iowa,US,50322
Red Noise 6,rednoise6.com,rednoise6.com,https://www.linkedin.com/company/red-noise-6,,Consumer Electronics,Waukee,Iowa,US,50263
Electronic Office,electronicbiz.com,electronicbiz.com,https://www.linkedin.com/company/electronicoffice,,Consumer Electronics,West Des Moines,Iowa,US,50265
Embark,embarkit.com,embarkit.com,https://www.linkedin.com/company/embarkit-inc.,,Consumer Electronics,West Des Moines,Iowa,US,50265
Garrett Integrated Systems,garrettsystems.net,garrettsystems.net,https://www.linkedin.com/company/garrett-integrated-systems,,Consumer Electronics,Boise,Idaho,US,83713
MEDIA 7/LAYERED LIGHTING DESIGN,esprosystems.com,esprosystems.com,https://www.linkedin.com/company/media7inc,,Consumer Electronics,Boise,Idaho,US,83703
The Stereo Shoppe,thestereoshoppe.com,thestereoshoppe.com,https://www.linkedin.com/company/the-stereo-shoppe,,Consumer Electronics,Boise,Idaho,US,83709
Production Services International (PSI) Boise,psiiusa.com,psiiusa.com,https://www.linkedin.com/company/production-services-international,,Consumer Electronics,Garden City,Idaho,US,83714
Total Automation Concepts Inc,ta-concepts.com,ta-concepts.com,https://www.linkedin.com/company/total-automation-concepts,,Consumer Electronics,Alsip,Illinois,US,60803
"Midwest Screens, LLC",midwestscreens.com,midwestscreens.com,https://www.linkedin.com/company/midwestscreens,,Consumer Electronics,Antioch,Illinois,US,60002
Alarm Detection Systems,adsalarm.com,adsalarm.com,https://www.linkedin.com/company/138738,,Consumer Electronics,Aurora,Illinois,US,60505
Barrington Electric,barringtonelectric.co,barringtonelectric.co,https://www.linkedin.com/company/barringtonelectric,,Consumer Electronics,Barrington,Illinois,US,60010
Sound Living,soundliving.com,soundliving.com,https://www.linkedin.com/company/sound-living,,Consumer Electronics,Barrington,Illinois,US,60010
AVDG,avdg.com,avdg.com,https://www.linkedin.com/company/avdg-gcpro,,Consumer Electronics,Chicago,Illinois,US,60622
Artisan Electronics Group,artisantheaterseating.com,artisantheaterseating.com,https://www.linkedin.com/company/artisan-electronics-group,,Consumer Electronics,Chicago,Illinois,US,60654
Digital Systems & Integration,digitalsystemsav.com,digitalsystemsav.com,https://www.linkedin.com/company/digital-systems-and-integration,,Consumer Electronics,Chicago,Illinois,US,60647
Home Tech Computer Solutions,thehometechs.com,thehometechs.com,https://www.linkedin.com/company/hometech-computer-soliutions,,Consumer Electronics,Chicago,Illinois,US,60626
Pineapple Audio,pineappleaudio.com,pineappleaudio.com,https://www.linkedin.com/company/pineappleaudio,,Consumer Electronics,Chicago,Illinois,US,60641
Premiere Systems,premieresystems.com,premieresystems.com,https://www.linkedin.com/company/premiere-systems,,Consumer Electronics,Chicago,Illinois,US,60618
Sapient Home,sapienthome.co,sapienthome.co,https://www.linkedin.com/company/sapienthome,,Consumer Electronics,Chicago,Illinois,US,60612
Sound Investment Chicago,soundinvestmentav.com,soundinvestmentav.com,https://www.linkedin.com/company/sound-investment-a-v,,Consumer Electronics,Chicago,Illinois,US,60642
Sound Specialists Inc,soundspecialists.com,soundspecialists.com,https://www.linkedin.com/company/sound-specialists,,Consumer Electronics,Chicago,Illinois,US,60642
Liaison Technology Group,liaisontechgroup.com,liaisontechgroup.com,https://www.linkedin.com/company/liaison-technology-group,,Consumer Electronics,Decatur,Illinois,US,62523
"Goldy Locks, Inc.",goldylocksinc.com,goldylocksinc.com,https://www.linkedin.com/company/goldy-locks-inc,,Consumer Electronics,Downers Grove,Illinois,US,60515
Audio Video Specialists,audiovideospecialists.net,audiovideospecialists.net,https://www.linkedin.com/company/audio-video-specialists-llc,,Consumer Electronics,Elgin,Illinois,US,60124
Encompass Connect,encompassconnect.com,encompassconnect.com,https://www.linkedin.com/company/encompassconnect,,Consumer Electronics,Elk Grove Village,Illinois,US,60007
"Frequency Audio Visual Services, Inc.",frequencyav.com,frequencyav.com,https://www.linkedin.com/company/frequency-audio-chicago,,Consumer Electronics,Elk Grove Village,Illinois,US,60007
Enline Technologies,enlinetech.com,enlinetech.com,https://www.linkedin.com/company/enlinetech,,Consumer Electronics,Elmhurst,Illinois,US,60126
Barrett's Technology Solutions,barretts.tech,barretts.tech,https://www.linkedin.com/company/221859,,Consumer Electronics,Lombard,Illinois,US,60148
Denali Tech - Home Automation & Custom AV Solutions in Chicago,denalitechs.com,denalitechs.com,https://www.linkedin.com/company/denalitechs,,Consumer Electronics,Mt Prospect,Illinois,US,60056
CodeAutomation,codeautomation.ai,codeautomation.ai,https://www.linkedin.com/company/codeautomationai,,Consumer Electronics,Naperville,Illinois,US,60540
"First Security Systems, Inc",first-sec.com,first-sec.com,https://www.linkedin.com/company/infiplex,,Consumer Electronics,Naperville,Illinois,US,60540
Five-Star Audio Visual,five-starav.com,five-starav.com,https://www.linkedin.com/company/five-staraudiovisual,,Consumer Electronics,Naperville,Illinois,US,60540
Lumi Minds Inc,lumimindsinc.com,lumimindsinc.com,https://www.linkedin.com/company/lumimindsinc,,Consumer Electronics,Naperville,Illinois,US,60540
MY GUYS KNOW HOW,myguysknowhow.com,myguysknowhow.com,https://www.linkedin.com/company/my-guys-know-how,,Consumer Electronics,Naperville,Illinois,US,60564
Synergy Systems Inc,synsysinc.com,synsysinc.com,https://www.linkedin.com/company/-synergy-systems-inc,,Consumer Electronics,Naperville,Illinois,US,60540
Video & Sound Service Inc,videosoundinc.com,videosoundinc.com,https://www.linkedin.com/company/video-and-sound-service,,Consumer Electronics,Northlake,Illinois,US,60164
Luxury AV Professionals,luxuryavpros.com,luxuryavpros.com,https://www.linkedin.com/company/luxury-av-professionals-inc,,Consumer Electronics,Oakbrook Terrace,Illinois,US,60181
Sound Design Inc.,sounddesigninc.com,sounddesigninc.com,https://www.linkedin.com/company/soundesign-inc,,Consumer Electronics,Plainfield,Illinois,US,60585
Ultra Smart Home,ultrasmarthome.com,ultrasmarthome.com,https://www.linkedin.com/company/ultra-smarthome-inc.,,Consumer Electronics,Prospect Heights,Illinois,US,60070
"Custom Residential Systems, Inc",customresidential.com,customresidential.com,https://www.linkedin.com/company/custom-residential-systems-inc-,,Consumer Electronics,Rolling Meadows,Illinois,US,60008
Qorvantis,qorvantis.com,qorvantis.com,https://www.linkedin.com/company/qorvantis,,Consumer Electronics,Rosemont,Illinois,US,60018
Mills Technologies,mills-technologies.com,mills-technologies.com,https://www.linkedin.com/company/millstechnologies,,Consumer Electronics,Skokie,Illinois,US,60076
Corsiga Audio-Visual Service,corsigaav.com,corsigaav.com,https://www.linkedin.com/company/corsiga-audio-visual-service,,Consumer Electronics,Woodridge,Illinois,US,60517
Intense Fire & Burglar Alarms,intensealarms.com,intensealarms.com,https://www.linkedin.com/company/intensealarms,,Consumer Electronics,Brownsburg,Indiana,US,46112
Ovation Audio Video,ovationav.com,ovationav.com,https://www.linkedin.com/company/477613,,Consumer Electronics,Carmel,Indiana,US,46032
The Premier Group - Luxury Electronic Lifestyles,premier-group.com,premier-group.com,https://www.linkedin.com/company/the-premier-group_2,,Consumer Electronics,Carmel,Indiana,US,46032
DTW Smart Homes & Networking,dtwsmarthomes.com,dtwsmarthomes.com,https://www.linkedin.com/company/wix-com,,Consumer Electronics,De Motte,Indiana,US,46310
ABC Warehouse,abcwarehouse.com,abcwarehouse.com,https://www.linkedin.com/company/abc-warehouse,,Consumer Electronics,Fort Wayne,Indiana,US,46805
Accent Consulting,accentconsulting.com,accentconsulting.com,https://www.linkedin.com/company/accent-consulting-services,,Consumer Electronics,Fort Wayne,Indiana,US,46845
Applied Technology Group,atgfw.com,atgfw.com,https://www.linkedin.com/company/3064845,,Consumer Electronics,Fort Wayne,Indiana,US,46818
Audio Video Lifestyles,avlifestyles.com,avlifestyles.com,https://www.linkedin.com/company/3596395,,Consumer Electronics,Fort Wayne,Indiana,US,46804
"Cregger Company, Inc.",creggercompany.com,creggercompany.com,https://www.linkedin.com/company/cregger-company-inc.,,Consumer Electronics,Fort Wayne,Indiana,US,46825
Electric Works,fortwayneelectricworks.com,fortwayneelectricworks.com,https://www.linkedin.com/company/fort-wayne-electric-works,,Consumer Electronics,Fort Wayne,Indiana,US,46802
FDC Event Technology,fdcav.com,fdcav.com,https://www.linkedin.com/company/fdcav,,Consumer Electronics,Fort Wayne,Indiana,US,46808
Upper Valley Film Co.,up-vl.com,up-vl.com,https://www.linkedin.com/company/upper-valley-film-co,,Consumer Electronics,Fort Wayne,Indiana,US,46802
Chicagoland Home Theatre Inc,chicagolandht.com,chicagolandht.com,https://www.linkedin.com/company/chicagolandht,,Consumer Electronics,Hammond,Indiana,US,46324
Allied Automation Inc,allied-automation.com,allied-automation.com,https://www.linkedin.com/company/2304804,,Consumer Electronics,Indianapolis,Indiana,US,46220
Design 27,design27.com,design27.com,https://www.linkedin.com/company/2569957,,Consumer Electronics,Indianapolis,Indiana,US,46205
"Fairchild Communication Systems, Inc.",fairchildcommunications.com,fairchildcommunications.com,https://www.linkedin.com/company/fairchild-communication-systems,,Consumer Electronics,Indianapolis,Indiana,US,46226
"MIS Solutions, LLC",mis.tech,mis.tech,https://www.linkedin.com/company/mis-solutions-llc-ohio-,,Consumer Electronics,Indianapolis,Indiana,US,46227
"Outbound Technologies Indiana, Inc.",outboundtech.com,outboundtech.com,https://www.linkedin.com/company/actemiumusa,,Consumer Electronics,Indianapolis,Indiana,US,46278
Security Automation Systems,securityautomationsystems.com,securityautomationsystems.com,https://www.linkedin.com/company/security-automation-systems-inc,,Consumer Electronics,Indianapolis,Indiana,US,46256
Security Force,securityforcenow.com,securityforcenow.com,https://www.linkedin.com/company/securityforce,,Consumer Electronics,Indianapolis,Indiana,US,46239
Technology Interiors,technologyinteriors.com,technologyinteriors.com,https://www.linkedin.com/company/technology-interiors,,Consumer Electronics,Indianapolis,Indiana,US,46250
Tri Tech Automation,tritechamerica.com,tritechamerica.com,https://www.linkedin.com/company/tri-tech-automation,,Consumer Electronics,Indianapolis,Indiana,US,46268
Turnkey Instrument Solutions,turnkeyinstrumentsolutions.com,turnkeyinstrumentsolutions.com,https://www.linkedin.com/company/allied-instrumentation-1,,Consumer Electronics,Indianapolis,Indiana,US,46202
ClearVision AV,clearvision-av.com,clearvision-av.com,https://www.linkedin.com/company/clearvision-av,,Consumer Electronics,Noblesville,Indiana,US,46060
Millennium Sounds,millenniumsounds.com,millenniumsounds.com,https://www.linkedin.com/company/millennium-sounds-inc,,Consumer Electronics,Westfield,Indiana,US,46074
Intelligent Living Solutions,intelligentlivingindy.com,intelligentlivingindy.com,https://www.linkedin.com/company/64634801,,Consumer Electronics,Zionsville,Indiana,US,46077
TRIPhase Technologies,triphase-tech.com,triphase-tech.com,https://www.linkedin.com/company/1550193,,Consumer Electronics,Zionsville,Indiana,US,46077
TW Automation,tw-automation.com,tw-automation.com,https://www.linkedin.com/company/tw-automation,,Consumer Electronics,Kansas City,Kansas,US,66106
AVDOXA AVL Design Experience Group,avdoxa.com,avdoxa.com,https://www.linkedin.com/company/avdoxa,,Consumer Electronics,Lenexa,Kansas,US,66214
Atronic Alarms,atronicalarms.com,atronicalarms.com,https://www.linkedin.com/company/atronic-alarms-inc.,,Consumer Electronics,Lenexa,Kansas,US,66214
Fits Security and Technology Solutions,fitssecurity.com,fitssecurity.com,https://www.linkedin.com/company/fits-security-gate,,Consumer Electronics,Lenexa,Kansas,US,66219
Teague iCtrl,teagueictrl.com,teagueictrl.com,https://www.linkedin.com/company/teagueictrl,,Consumer Electronics,Lenexa,Kansas,US,66215
Elite Automation,eliteautomate.com,eliteautomate.com,https://www.linkedin.com/company/eliteautomate,,Consumer Electronics,Overland Park,Kansas,US,66212
IntegrateIT LLC,integrateit.tech,integrateit.tech,https://www.linkedin.com/company/integrateit1,,Consumer Electronics,Overland Park,Kansas,US,66223
Kinkade,kinkadehome.com,kinkadehome.com,https://www.linkedin.com/company/kinkadehometheater,,Consumer Electronics,Overland Park,Kansas,US,66214
Naturally Wired,naturallywiredkc.com,naturallywiredkc.com,https://www.linkedin.com/company/naturallywired,,Consumer Electronics,Overland Park,Kansas,US,66085
"Real Media & Video Production Company, Kansas City",realmediakc.com,realmediakc.com,https://www.linkedin.com/company/real-media-llc,,Consumer Electronics,Overland Park,Kansas,US,66214
Homedia Solutions,homediasolutions.com,homediasolutions.com,https://www.linkedin.com/company/homedia-solutions,,Consumer Electronics,Shawnee,Kansas,US,66218
Applause Custom Sight & Sound,applausetheater.com,applausetheater.com,https://www.linkedin.com/company/applause-custom-sight-&-sound,,Consumer Electronics,Stilwell,Kansas,US,66085
Adams Brown Technology Specialists,adamsbrowntech.com,adamsbrowntech.com,https://www.linkedin.com/company/adams-brown-technology-specialists,,Consumer Electronics,Wichita,Kansas,US,67209
ECC,eccoinc.com,eccoinc.com,https://www.linkedin.com/company/ecc-integrator,,Consumer Electronics,Wichita,Kansas,US,67207
Integra Technologies,integra-tech.com,integra-tech.com,https://www.linkedin.com/company/integratechinc,,Consumer Electronics,Wichita,Kansas,US,67226
Locke Supply Co - #130 - Plumbing Supply,lockesupply.com,lockesupply.com,https://www.linkedin.com/company/locke-supply-co,,Consumer Electronics,Wichita,Kansas,US,67213
McClelland Inc,macsound.com,macsound.com,https://www.linkedin.com/company/mcclelland-sound-inc.,,Consumer Electronics,Wichita,Kansas,US,67214
Relevant Audio + Visual,relevantaudiovisual.com,relevantaudiovisual.com,https://www.linkedin.com/company/relevant-audio-visual,,Consumer Electronics,Wichita,Kansas,US,67212
Senior Protection USA | formerly HTS,seniorprotection.us,seniorprotection.us,https://www.linkedin.com/company/senior-protection,,Consumer Electronics,Wichita,Kansas,US,67209
Smart Start Ignition Interlock,smartstartinc.com,smartstartinc.com,https://www.linkedin.com/company/smart-start-inc-,,Consumer Electronics,Wichita,Kansas,US,67203
TEC Systems Group,tecsystemsgroup.com,tecsystemsgroup.com,https://www.linkedin.com/company/tec-systems-group,,Consumer Electronics,Wichita,Kansas,US,67202
Wescon Controls,wesconproducts.com,wesconproducts.com,https://www.linkedin.com/company/wescon-controls,,Consumer Electronics,Wichita,Kansas,US,67217
Wichita Home Works LLC,wichitahomeworks.com,wichitahomeworks.com,https://www.linkedin.com/company/wichitahomeworks,,Consumer Electronics,Wichita,Kansas,US,67211
"MAC Productions, Inc. - Audio Visual",mac-av.com,mac-av.com,https://www.linkedin.com/company/mac-productions,,Consumer Electronics,Covington,Kentucky,US,41011
A Total Solution llc,atotalsolutionllc.com,atotalsolutionllc.com,https://www.linkedin.com/company/a-total-solution-llc,,Consumer Electronics,Fisherville,Kentucky,US,40023
46Solutions,46solutions.com,46solutions.com,https://www.linkedin.com/company/46solutions,,Consumer Electronics,Lexington,Kentucky,US,40509
Audio Authority Corp.,audioauthority.com,audioauthority.com,https://www.linkedin.com/company/208951,,Consumer Electronics,Lexington,Kentucky,US,40511
Barney Miller's,barneymillers.com,barneymillers.com,https://www.linkedin.com/company/barney-miller's-inc.,,Consumer Electronics,Lexington,Kentucky,US,40507
Comtronics Inc Cobalt Audio Video,cobaltav.com,cobaltav.com,https://www.linkedin.com/company/what-we-offer-,,Consumer Electronics,Lexington,Kentucky,US,40509
"Global Information Systems, LLC",globalinformationsystems.com,globalinformationsystems.com,https://www.linkedin.com/company/1613265,,Consumer Electronics,Lexington,Kentucky,US,40509
"Hammond Communications Group, Inc.",hammondcg.com,hammondcg.com,https://www.linkedin.com/company/hammond-communications-group,,Consumer Electronics,Lexington,Kentucky,US,40511
Integrated Protection Services (IPS),integratedprotection.com,integratedprotection.com,https://www.linkedin.com/company/integrated-protection-services,,Consumer Electronics,Lexington,Kentucky,US,40511
LAVA,wantlava.com,wantlava.com,https://www.linkedin.com/company/lava-systems,,Consumer Electronics,Lexington,Kentucky,US,40505
Rely Technology,relytechnology.com,relytechnology.com,https://www.linkedin.com/company/rely-technology,,Consumer Electronics,Lexington,Kentucky,US,40503
Studio46 Media,studio46media.com,studio46media.com,https://www.linkedin.com/company/studio46media,,Consumer Electronics,Lexington,Kentucky,US,40509
ATS Integrated Solutions,atsintegrators.com,atsintegrators.com,https://www.linkedin.com/company/10149843,,Consumer Electronics,Louisville,Kentucky,US,40217
Applied Digital Solutions,adsrecorders.com,adsrecorders.com,https://www.linkedin.com/company/applied-digital-solutions,,Consumer Electronics,Louisville,Kentucky,US,40243
"Automated Living, LLC",automatedlivingllc.com,automatedlivingllc.com,https://www.linkedin.com/company/automatedliving,,Consumer Electronics,Louisville,Kentucky,US,40203
"CisCom Solutions, LLC",ciscom.com,ciscom.com,https://www.linkedin.com/company/ciscom-solutions-llc,,Consumer Electronics,Louisville,Kentucky,US,40222
ControlTouch Systems,controltouch.com,controltouch.com,https://www.linkedin.com/company/controltouch,,Consumer Electronics,Louisville,Kentucky,US,40218
Laswell Electric & Security,laswellco.com,laswellco.com,https://www.linkedin.com/company/laswellelectric,,Consumer Electronics,Louisville,Kentucky,US,40219
AV Solutions,avsolutions.com,avsolutions.com,https://www.linkedin.com/company/avsolutionsbr,,Consumer Electronics,Baton Rouge,Louisiana,US,70816
Acadian Home Theater & Automation,aciexperts.com,aciexperts.com,https://www.linkedin.com/company/acadian-home-theater-and-automation,,Consumer Electronics,Baton Rouge,Louisiana,US,70810
General Informatics,geninf.com,geninf.com,https://www.linkedin.com/company/general-informatics,,Consumer Electronics,Baton Rouge,Louisiana,US,70810
"Technical Services Group, Inc.",tsgcom.com,tsgcom.com,https://www.linkedin.com/company/technical-services-group-inc-,,Consumer Electronics,Baton Rouge,Louisiana,US,70809
Assurance A/V Solutions,assuranceavsolutions.com,assuranceavsolutions.com,https://www.linkedin.com/company/assurance-av-solutions-llc,,Consumer Electronics,Mandeville,Louisiana,US,70471
Tone Production | New Orleans Video Production Company,toneproduction.net,toneproduction.net,https://www.linkedin.com/company/104807638,,Consumer Electronics,Metairie,Louisiana,US,70001
Corporate Lighting & Audio,corplighting.com,corplighting.com,https://www.linkedin.com/company/corporate-lighting-and-audio,,Consumer Electronics,New Orleans,Louisiana,US,70123
Home Resolution LLC,homeresolutionllc.com,homeresolutionllc.com,https://www.linkedin.com/company/home-resolution-llc,,Consumer Electronics,New Orleans,Louisiana,US,70130
McCann Systems,mccannsystems.com,mccannsystems.com,https://www.linkedin.com/company/mccann-systems,,Consumer Electronics,Billerica,Massachusetts,US,01862
"Boston Security Integration, LLC | Access Control Systems | Security Camera Installation",bsi-boston.com,bsi-boston.com,https://www.linkedin.com/company/bostonsecurityintegrationllc,,Consumer Electronics,Boston,Massachusetts,US,02116
ITHomeDesign,ithomedesign.com,ithomedesign.com,https://www.linkedin.com/company/ithomedesign,,Consumer Electronics,Boston,Massachusetts,US,02127
Masters of Automation,themasters.ai,themasters.ai,https://www.linkedin.com/company/mastersofautomation,,Consumer Electronics,Boston,Massachusetts,US,02116
"TCG Network Services - Boston IT Support, Managed IT Services & IT Consulting",tcgns.com,tcgns.com,https://www.linkedin.com/company/magna5,,Consumer Electronics,Boston,Massachusetts,US,02110
TSP Smart Spaces,tsp.space,tsp.space,https://www.linkedin.com/company/tsp-smart-spaces,,Consumer Electronics,Boston,Massachusetts,US,02118
Running Solutions Audio Video,runsol.com,runsol.com,https://www.linkedin.com/company/running-solutions,,Consumer Electronics,Hanover,Massachusetts,US,02339
"CloudMIS, LLC",cloudmis.net,cloudmis.net,https://www.linkedin.com/company/cloud-mis-llc,,Consumer Electronics,Holliston,Massachusetts,US,01746
"Boston Security Integration, LLC | Access Control Systems NH | Security Camera Installation NH",bostonsecurityintegration.com,bostonsecurityintegration.com,https://www.linkedin.com/company/bostonsecurityintegrationllc,,Consumer Electronics,Methuen,Massachusetts,US,01844
Jobe Systems,jobesystems.com,jobesystems.com,https://www.linkedin.com/company/jobe-systems,,Consumer Electronics,Nantucket,Massachusetts,US,02554
McMahon Media Services,mcmahonmedia.com,mcmahonmedia.com,https://www.linkedin.com/company/mcmahon-media-services,,Consumer Electronics,Natick,Massachusetts,US,01760
"Systems Design & Integration, Inc. (SDIBOSTON)",sdiboston.com,sdiboston.com,https://www.linkedin.com/company/systems-design-integration-inc,,Consumer Electronics,Needham,Massachusetts,US,02494
"Huntington Home Systems, Inc.",huntingtonhomesystems.com,huntingtonhomesystems.com,https://www.linkedin.com/company/huntington-home-systems,,Consumer Electronics,Newton,Massachusetts,US,02459
Boston Automations,bostonautomations.com,bostonautomations.com,https://www.linkedin.com/company/boston-automations,,Consumer Electronics,North Easton,Massachusetts,US,02356
The Lifestyle Company,thelifestylecompany.co,thelifestylecompany.co,https://www.linkedin.com/company/the-lifestyle-company-tlc,,Consumer Electronics,Raynham,Massachusetts,US,02767
Sound and Vision Media,soundandvisionmedia.com,soundandvisionmedia.com,https://www.linkedin.com/company/sound-and-vision-media,,Consumer Electronics,Revere,Massachusetts,US,02151
Mulholland AUDIO VIDEO,mulhollandaudiovideo.com,mulhollandaudiovideo.com,https://www.linkedin.com/company/mulholland-audio-video,,Consumer Electronics,Seekonk,Massachusetts,US,02771
Riordan Brothers Integration,riordanbrothers.com,riordanbrothers.com,https://www.linkedin.com/company/5710575,,Consumer Electronics,Stoughton,Massachusetts,US,02072
Vineyard Sound Integration,vineyardsoundint.com,vineyardsoundint.com,https://www.linkedin.com/company/vineyard-sound-integration,,Consumer Electronics,Tisbury,Massachusetts,US,02568
iHome Systems,ihomesys.com,ihomesys.com,https://www.linkedin.com/company/2412151,,Consumer Electronics,Watertown,Massachusetts,US,02472
SimpleHome,simplehome.net,simplehome.net,https://www.linkedin.com/company/SimpleHomene,,Consumer Electronics,Westwood,Massachusetts,US,02090
"Building Automation Systems, Inc.",building-automation.com,building-automation.com,https://www.linkedin.com/company/building-automation-systems-inc,,Consumer Electronics,Weymouth,Massachusetts,US,02189
Aztec Sound and Communications,aztecsound.com,aztecsound.com,https://www.linkedin.com/company/aztec-sound-and-communications-inc,,Consumer Electronics,Wilmington,Massachusetts,US,01887
Atlantic Control Technologies,atlcontrol.com,atlcontrol.com,https://www.linkedin.com/company/atlantic-control-technologies,,Consumer Electronics,Annapolis,Maryland,US,21401
ICSI - International Computer Services Inc.,icsi.com,icsi.com,https://www.linkedin.com/company/international-computer-services-inc.,,Consumer Electronics,Annapolis,Maryland,US,21403
Emergent Home Solutions,emergenths.com,emergenths.com,https://www.linkedin.com/company/bright-wire-solutions-llc,,Consumer Electronics,Annapolis Junction,Maryland,US,20701
"E.B. Lighting & Supplies, Inc",eblights.com,eblights.com,https://www.linkedin.com/company/e-b-lighting-supplies-inc-,,Consumer Electronics,Baltimore,Maryland,US,21202
Smart Building Technologies,smartbuildingtec.com,smartbuildingtec.com,https://www.linkedin.com/company/smart-bt,,Consumer Electronics,Bethesda,Maryland,US,20814
"SCD Information Technology, LLC - MSP IT Support, Low Voltage Fiber Optic Data Cable, Access Control Company",scdit.com,scdit.com,https://www.linkedin.com/company/scd-information-technology,,Consumer Electronics,Columbia,Maryland,US,21046
SmartTouchUSA,smarttouchusa.com,smarttouchusa.com,https://www.linkedin.com/company/smarttouch---av,,Consumer Electronics,Columbia,Maryland,US,21045
System Automation,systemautomation.com,systemautomation.com,https://www.linkedin.com/company/system-automation-corporation,,Consumer Electronics,Columbia,Maryland,US,21046
Best Integrated Systems,bestintegratedsystems.com,bestintegratedsystems.com,https://www.linkedin.com/company/best-integrated-systems,,Consumer Electronics,Elkridge,Maryland,US,21075
Ultimate Electronic Solutions,uesav.com,uesav.com,https://www.linkedin.com/company/ultimate-electronic-solutions,,Consumer Electronics,Fort Washington,Maryland,US,20744
One Source Systems,onesourcesystems.com,onesourcesystems.com,https://www.linkedin.com/company/one-source-llc,,Consumer Electronics,Gaithersburg,Maryland,US,20879
Level Up Automation Maryland,levelupautomationmd.com,levelupautomationmd.com,https://www.linkedin.com/company/level-up-your-home,,Consumer Electronics,Kingsville,Maryland,US,21087
Smarthost Design Technologies,smarthostdesign.com,smarthostdesign.com,https://www.linkedin.com/company/smarthosttech,,Consumer Electronics,Lanham,Maryland,US,20706
Metro Technical Services,metrotechnical.com,metrotechnical.com,https://www.linkedin.com/company/metro-technical-services-inc,,Consumer Electronics,Laurel,Maryland,US,20707
HS Technology Group,hstechgroup.com,hstechgroup.com,https://www.linkedin.com/company/hs-technology-group,,Consumer Electronics,Pikesville,Maryland,US,21208
A.B.E. Networks,abenetworks.com,abenetworks.com,https://www.linkedin.com/company/abe-networks,,Consumer Electronics,Rockville,Maryland,US,20852
Home Technology Architects,htarchitects.com,htarchitects.com,https://www.linkedin.com/company/home-technology-architects,,Consumer Electronics,Rockville,Maryland,US,20852
Atlantic AV,atlanticav.com,atlanticav.com,https://www.linkedin.com/company/atlantic-av,,Consumer Electronics,Brunswick,Maine,US,04011
"SmartHome Solutions, Inc",smarthomesolutionsinc.com,smarthomesolutionsinc.com,https://www.linkedin.com/company/smarthome-solutions-inc-,,Consumer Electronics,Kennebunk,Maine,US,04043
360 Media Ventures,360mediaventures.com,360mediaventures.com,https://www.linkedin.com/company/360mediaventures,,Consumer Electronics,Portland,Maine,US,04101
Bell Electric,thebellelectric.com,thebellelectric.com,https://www.linkedin.com/company/bell-electric207,,Consumer Electronics,Portland,Maine,US,04103
DC Home Systems-Maine,dchomesystems.com,dchomesystems.com,https://www.linkedin.com/company/daisyco,,Consumer Electronics,Portland,Maine,US,04102
Headlight Audio Visual Inc,headlightav.com,headlightav.com,https://www.linkedin.com/company/headlight-audio-visual,,Consumer Electronics,Portland,Maine,US,04103
Industrial Automation Supply,iasinc.com,iasinc.com,https://www.linkedin.com/company/industrial-automation-supply,,Consumer Electronics,Portland,Maine,US,04103
flyte new media,takeflyte.com,takeflyte.com,https://www.linkedin.com/company/flyte-new-media,,Consumer Electronics,Portland,Maine,US,04101
BCM Controls Corporation ( formerly Advance Technology Inc),bcmcontrols.com,bcmcontrols.com,https://www.linkedin.com/company/bcm-controls-corporation,,Consumer Electronics,Scarborough,Maine,US,04074
"HistoSonics, Inc.",histosonics.com,histosonics.com,https://www.linkedin.com/company/histosonics-inc-,,Consumer Electronics,Ann Arbor,Michigan,US,48108
Managed IT Services In Ann Arbor - CTS Companies,cts-companies.com,cts-companies.com,https://www.linkedin.com/company/cts-companies,,Consumer Electronics,Ann Arbor,Michigan,US,48108
Rosemark System,rosemarksystem.com,rosemarksystem.com,https://www.linkedin.com/company/shoshana-technologies-inc-,,Consumer Electronics,Ann Arbor,Michigan,US,48105
TEL Systems - Thalner Electronics,thalner.com,thalner.com,https://www.linkedin.com/company/tel-systems-thalner,,Consumer Electronics,Ann Arbor,Michigan,US,48103
Wolverine Low Voltage,wolverinelowvoltage.com,wolverinelowvoltage.com,https://www.linkedin.com/company/wolverine-low-voltage,,Consumer Electronics,Ann Arbor,Michigan,US,48108
Audio Engineers of Detroit,aedetroit.com,aedetroit.com,https://www.linkedin.com/company/aedetroit,,Consumer Electronics,Detroit,Michigan,US,48201
Elevate Production Group,elevateproductiongroup.com,elevateproductiongroup.com,https://www.linkedin.com/company/corporate-production-services-group-llc,,Consumer Electronics,Detroit,Michigan,US,48226
Motor City Electric Technologies,mceco.com,mceco.com,https://www.linkedin.com/company/mceco,,Consumer Electronics,Detroit,Michigan,US,48213
Vista Solutions Inc.,vistasolutions.ca,vistasolutions.ca,https://www.linkedin.com/company/249527,,Consumer Electronics,Detroit,Michigan,US,48202
Wescomm Technologies Inc.,wescommtech.com,wescommtech.com,https://www.linkedin.com/company/wescomm-technologies-inc.,,Consumer Electronics,Detroit,Michigan,US,48243
Ambience Home Technology,ambiencehometech.com,ambiencehometech.com,https://www.linkedin.com/company/6330429,,Consumer Electronics,Douglas,Michigan,US,49406
Paulson's Audio & Video Inc,paulsonsav.com,paulsonsav.com,https://www.linkedin.com/company/paulson%27s-audio-&-video,,Consumer Electronics,Farmington Hills,Michigan,US,48331
"Fuse Technology Group | IT Consulting and IT Services Provider Ferndale, MI",fusetg.com,fusetg.com,https://www.linkedin.com/company/fusetg,,Consumer Electronics,Ferndale,Michigan,US,48220
The Sound Vision,thesoundvision.com,thesoundvision.com,https://www.linkedin.com/company/the-sound-vision,,Consumer Electronics,Franklin,Michigan,US,48025
All-Phase Electric Supply,allphasegr.com,allphasegr.com,https://www.linkedin.com/company/all-phase-electric-supply-grand-rapids-mi,,Consumer Electronics,Grand Rapids,Michigan,US,49504
Cochrane Supply & Engineering,cochranesupply.com,cochranesupply.com,https://www.linkedin.com/company/cochrane-supply-&-engineering,,Consumer Electronics,Grand Rapids,Michigan,US,49504
Control Logic of Michigan,clomi.com,clomi.com,https://www.linkedin.com/company/control-logic-of-michigan,,Consumer Electronics,Grand Rapids,Michigan,US,49512
Great Lakes Automation Supply,glasupply.com,glasupply.com,https://www.linkedin.com/company/great-lakes-automation-supply,,Consumer Electronics,Grand Rapids,Michigan,US,49548
HS Inc. Automation,hsinc.us,hsinc.us,https://www.linkedin.com/company/h-s-die-engineering,,Consumer Electronics,Grand Rapids,Michigan,US,49544
K Group Companies,kgroupcompanies.com,kgroupcompanies.com,https://www.linkedin.com/company/k-group-companies,,Consumer Electronics,Grand Rapids,Michigan,US,49504
Light Bulb Co,thelightbulbco.com,thelightbulbco.com,https://www.linkedin.com/company/the-light-bulb-co,,Consumer Electronics,Grand Rapids,Michigan,US,49548
LiveSpace,livespace.com,livespace.com,https://www.linkedin.com/company/livespaceavl,,Consumer Electronics,Grand Rapids,Michigan,US,49546
Shaltz Automation,shaltzautomation.com,shaltzautomation.com,https://www.linkedin.com/company/shaltz-automation,,Consumer Electronics,Grand Rapids,Michigan,US,49548
Tuff Automation,tuffautomation.com,tuffautomation.com,https://www.linkedin.com/company/tuff-automation,,Consumer Electronics,Grand Rapids,Michigan,US,49534
Grand Home Automation,grandhome.com,grandhome.com,https://www.linkedin.com/company/grand-home-automation,,Consumer Electronics,Hudsonville,Michigan,US,49426
Automation Design + Entertainment,automation-design.com,automation-design.com,https://www.linkedin.com/company/automationdesign,,Consumer Electronics,Kalamazoo,Michigan,US,49009
Tint World,tintworld.com,tintworld.com,https://www.linkedin.com/company/tint-world,,Consumer Electronics,Livonia,Michigan,US,48150
On Site Specialists,ossdetroit.com,ossdetroit.com,https://www.linkedin.com/company/on-site-specialists,,Consumer Electronics,Madison Heights,Michigan,US,48071
Smart Offices and Smart Homes,smartofficesandsmarthomes.com,smartofficesandsmarthomes.com,https://www.linkedin.com/company/smart-homes-&-smart-offices,,Consumer Electronics,Mason,Michigan,US,48854
JBM Automation,jbmautomation.com,jbmautomation.com,https://www.linkedin.com/company/jbm-automation,,Consumer Electronics,Portage,Michigan,US,49002
Syntronic Systems ~ Michigan Home Theater and Technology Experts,syntronicav.com,syntronicav.com,https://www.linkedin.com/company/syntronic-systems-llc,,Consumer Electronics,Rochester,Michigan,US,48309
FPAV Electronics,fpavelectronics.com,fpavelectronics.com,https://www.linkedin.com/company/feature-presentation-audio-&-video-llc.,,Consumer Electronics,Shelby Township,Michigan,US,48315
IntelliTech Systems Inc.,intellitech-systems.com,intellitech-systems.com,https://www.linkedin.com/company/intellitech-systems,,Consumer Electronics,Troy,Michigan,US,48083
Spire Integrated Systems,spireintegrated.com,spireintegrated.com,https://www.linkedin.com/company/spire-integrated-systems,,Consumer Electronics,Troy,Michigan,US,48084
Tech Automation Inc.,tech-automation.com,tech-automation.com,https://www.linkedin.com/company/tech-automation-inc-,,Consumer Electronics,Troy,Michigan,US,48083
Harbert Home Systems,harberthomesystems.com,harberthomesystems.com,https://www.linkedin.com/company/harberthomesystems,,Consumer Electronics,Williamston,Michigan,US,48895
Omni Cabling & Technology Integration,omnicabling.com,omnicabling.com,https://www.linkedin.com/company/omni-cabling,,Consumer Electronics,Wixom,Michigan,US,48393
Custom Automation Inc.,customautomationinc.net,customautomationinc.net,https://www.linkedin.com/company/custom-automation-inc,,Consumer Electronics,Blaine,Minnesota,US,55449
Per Mar Security Services,permarsecurity.com,permarsecurity.com,https://www.linkedin.com/company/per-mar-security-services,,Consumer Electronics,Bloomington,Minnesota,US,55420
ECSI System Integrators,ecsillc.com,ecsillc.com,https://www.linkedin.com/company/3330807,,Consumer Electronics,Eagan,Minnesota,US,55121
FORTÉ,ourforte.com,ourforte.com,https://www.linkedin.com/company/our-forte,,Consumer Electronics,Eden Prairie,Minnesota,US,55344
Innovative Control Systems,icsminn.com,icsminn.com,https://www.linkedin.com/company/icsminn,,Consumer Electronics,Excelsior,Minnesota,US,55331
Halsten Systems Integration,hsintegration.com,hsintegration.com,https://www.linkedin.com/company/halsten-entertainment,,Consumer Electronics,Golden Valley,Minnesota,US,55426
"Revolution Systems, Inc",revolutionsystemsinc.com,revolutionsystemsinc.com,https://www.linkedin.com/company/revolution-systems-inc,,Consumer Electronics,Mendota Heights,Minnesota,US,55120
"Entertainment Designs, Inc.",entertainmentdesigns.tv,entertainmentdesigns.tv,https://www.linkedin.com/company/residential-technology-systems,,Consumer Electronics,Minneapolis,Minnesota,US,55405
IMAV: Production Services,imav.pro,imav.pro,https://www.linkedin.com/company/imav-professional-audio-visual-services,,Consumer Electronics,Minneapolis,Minnesota,US,55418
Legacy Security Technology Inc,legacysecurity.technology,legacysecurity.technology,https://www.linkedin.com/company/legacy-security-technology-inc,,Consumer Electronics,Minneapolis,Minnesota,US,55421
Spye,spye.co,spye.co,https://www.linkedin.com/company/spye,,Consumer Electronics,Minneapolis,Minnesota,US,55406
"Timesavers, LLC. - Minneapolis",timesaversinc.com,timesaversinc.com,https://www.linkedin.com/company/timesavers-inc-,,Consumer Electronics,Minneapolis,Minnesota,US,55406
"Z Systems, Inc.",zsyst.com,zsyst.com,https://www.linkedin.com/company/z-systems-inc.,,Consumer Electronics,Minneapolis,Minnesota,US,55426
Lelch,golelch.com,golelch.com,https://www.linkedin.com/company/lelch-inc,,Consumer Electronics,Minnetonka,Minnesota,US,55345
Pro-Tec Design,pro-tecdesign.com,pro-tecdesign.com,https://www.linkedin.com/company/pro-tec-design,,Consumer Electronics,Minnetonka,Minnesota,US,55345
Production Automation Corporation,gotopac.com,gotopac.com,https://www.linkedin.com/company/production-automation-corporation,,Consumer Electronics,Minnetonka,Minnesota,US,55305
Vaddio,vaddio.com,vaddio.com,https://www.linkedin.com/company/28186909,,Consumer Electronics,Minnetonka,Minnesota,US,55305
Great River Automation LLC,greatriverautomation.com,greatriverautomation.com,https://www.linkedin.com/company/10245667,,Consumer Electronics,New Brighton,Minnesota,US,55112
ResTech Systems,restechsystems.com,restechsystems.com,https://www.linkedin.com/company/residential-technology-systems,,Consumer Electronics,Plymouth,Minnesota,US,55441
Architechne,architechne.net,architechne.net,https://www.linkedin.com/company/architechne,,Consumer Electronics,Rochester,Minnesota,US,55906
Audio Video Extremes,audiovideoextremes.com,audiovideoextremes.com,https://www.linkedin.com/company/audio-video-extremes,,Consumer Electronics,St Joseph,Minnesota,US,56374
E-Tronix,e-tronix.com,e-tronix.com,https://www.linkedin.com/company/e-tronix-a-stromberg-company,,Consumer Electronics,St Louis Park,Minnesota,US,55416
In-Focus Systems,infocussystems.com,infocussystems.com,https://www.linkedin.com/company/in-focus-systems,,Consumer Electronics,St Louis Park,Minnesota,US,55426
"RapidFire Safety & Security, St. Louis",rapidfiress.com,rapidfiress.com,https://www.linkedin.com/company/rapid-fire-safety-security,,Consumer Electronics,Affton,Missouri,US,63123
HD Media Systems,hd-mediasystems.com,hd-mediasystems.com,https://www.linkedin.com/company/hd-media-systems,,Consumer Electronics,Cape Girardeau,Missouri,US,63701
Westco Security & Technology Systems,westcosecurity.com,westcosecurity.com,https://www.linkedin.com/company/westcosecuritystl,,Consumer Electronics,Chesterfield,Missouri,US,63005
CaTia Integrated Systems,catiais.com,catiais.com,https://www.linkedin.com/company/catia-integrated-systems,,Consumer Electronics,Independence,Missouri,US,64055
Brickwall Solutions,brickwallkc.com,brickwallkc.com,https://www.linkedin.com/company/brickwall-solutions,,Consumer Electronics,Kansas City,Missouri,US,64112
GENESYS Systems Integrator,genesyscorp.net,genesyscorp.net,https://www.linkedin.com/company/genesys-systems-integrator,,Consumer Electronics,Kansas City,Missouri,US,64132
Healthcare Integrations,healthcareintegrations.com,healthcareintegrations.com,https://www.linkedin.com/company/healthcare-integrations,,Consumer Electronics,Kansas City,Missouri,US,64154
Kansas City Audio-Visual (KCAV),kcav.com,kcav.com,https://www.linkedin.com/company/KCAV,,Consumer Electronics,Kansas City,Missouri,US,64131
Rensenhouse Industrial Solutions,industrialsolutionsnetwork.com,industrialsolutionsnetwork.com,https://www.linkedin.com/company/rensenhouse,,Consumer Electronics,Kansas City,Missouri,US,64132
Tricension,tricension.com,tricension.com,https://www.linkedin.com/company/tricension,,Consumer Electronics,Kansas City,Missouri,US,64116
Xakia Technologies,xakiatech.com,xakiatech.com,https://www.linkedin.com/company/xakia-technologies,,Consumer Electronics,Kansas City,Missouri,US,64112
"Pavion (Formerly Short Circuit Electronics, Inc.)",pavion.com,pavion.com,https://www.linkedin.com/company/pavioncorp,,Consumer Electronics,Lee's Summit,Missouri,US,64064
Markey's - St Louis Regional Office,ironmansound.com,ironmansound.com,https://www.linkedin.com/company/markeys-experiences,,Consumer Electronics,Maplewood,Missouri,US,63143
Saint Louis Lighting Group,stlouislightinggroup.com,stlouislightinggroup.com,https://www.linkedin.com/company/st-louis-lighting-group,,Consumer Electronics,Maplewood,Missouri,US,63143
TSI Global Companies,tsi-global.com,tsi-global.com,https://www.linkedin.com/company/149350,,Consumer Electronics,St Charles,Missouri,US,63301
Elite Technology Solutions,elite1988.com,elite1988.com,https://www.linkedin.com/company/elite1988,,Consumer Electronics,St Peters,Missouri,US,63376
Agilix Solutions,goagilix.com,goagilix.com,https://www.linkedin.com/company/goagilix,,Consumer Electronics,St. Louis,Missouri,US,63146
ControlTech Automation,controltechautomation.com,controltechautomation.com,https://www.linkedin.com/company/controltech-automation---a-barry-wehmiller-company,,Consumer Electronics,St. Louis,Missouri,US,63146
Creative Audio Video and Automation,creativeavandautomation.com,creativeavandautomation.com,https://www.linkedin.com/company/2427564,,Consumer Electronics,St. Louis,Missouri,US,63127
Integration Controls,integrationcontrols.com,integrationcontrols.com,https://www.linkedin.com/company/integration-controls,,Consumer Electronics,St. Louis,Missouri,US,63127
John Henry Foster,jhf.com,jhf.com,https://www.linkedin.com/company/john-henry-foster_2,,Consumer Electronics,St. Louis,Missouri,US,63134
Mississippi Smart Homes,mssmarthomes.com,mssmarthomes.com,https://www.linkedin.com/company/mississippi-smart-homes,,Consumer Electronics,Ridgeland,Mississippi,US,39157
Big Sky Home Management,bigskyhomemanagement.com,bigskyhomemanagement.com,https://www.linkedin.com/company/107565658,,Consumer Electronics,Big Sky,Montana,US,59716
Big Sky Luxury Vacations,bigskyluxuryvacations.com,bigskyluxuryvacations.com,https://www.linkedin.com/company/big-sky-luxury-vacations,,Consumer Electronics,Big Sky,Montana,US,59716
Elevate Integrated Systems,elevateintegrated.com,elevateintegrated.com,https://www.linkedin.com/company/linkedin-elevate-integrated-systems,,Consumer Electronics,Bozeman,Montana,US,59718
SAV Bozeman Showroom,savinc.net,savinc.net,https://www.linkedin.com/company/sav-digital-environments,,Consumer Electronics,Bozeman,Montana,US,59715
Simple Tech,simpletechmt.com,simpletechmt.com,https://www.linkedin.com/company/simple-techmt,,Consumer Electronics,Columbia Falls,Montana,US,59912
Big Sky Tech Help,bigskytechhelp.com,bigskytechhelp.com,https://www.linkedin.com/company/leman-consulting-llc,,Consumer Electronics,Gallatin Gateway,Montana,US,59730
Tronic Integration LLC,tronicintegration.com,tronicintegration.com,https://www.linkedin.com/company/tronic-integration,,Consumer Electronics,Apex,North Carolina,US,27502
"Jackson Electrical Contractors, Inc.",jacksonelect.com,jacksonelect.com,https://www.linkedin.com/company/jacksonelectnc,,Consumer Electronics,Arden,North Carolina,US,28704
Rexel,rexelusa.com,rexelusa.com,https://www.linkedin.com/company/rexelusa,,Consumer Electronics,Asheville,North Carolina,US,28801
IT Automation LLC,itautomation.com,itautomation.com,https://www.linkedin.com/company/itautomation,,Consumer Electronics,Cary,North Carolina,US,27511
AVgator Inc,avgator.com,avgator.com,https://www.linkedin.com/company/avgator,,Consumer Electronics,Charlotte,North Carolina,US,28210
AVwright Integration,avwright.com,avwright.com,https://www.linkedin.com/company/avwright,,Consumer Electronics,Charlotte,North Carolina,US,28277
Charlotte Sound & Visual Systems,csvs.com,csvs.com,https://www.linkedin.com/company/charlotte-sound-&-visual-systems-inc-,,Consumer Electronics,Charlotte,North Carolina,US,28203
"Hoffman Building Technologies, Inc.",hbtech.com,hbtech.com,https://www.linkedin.com/company/hoffman-building-technologies,,Consumer Electronics,Charlotte,North Carolina,US,28206
Home Technology Solutions,htscompanies.com,htscompanies.com,https://www.linkedin.com/company/home-technology-solutions,,Consumer Electronics,Charlotte,North Carolina,US,28270
INSIGHT AUTOMATION,insight-auto.com,insight-auto.com,https://www.linkedin.com/company/insightauto,,Consumer Electronics,Charlotte,North Carolina,US,28208
Phoenix Custom Systems,phoenixcustomsystems.com,phoenixcustomsystems.com,https://www.linkedin.com/company/phoenix-custom-systems,,Consumer Electronics,Charlotte,North Carolina,US,28204
Smarter Systems,smartersys.com,smartersys.com,https://www.linkedin.com/company/smarter-systems,,Consumer Electronics,Charlotte,North Carolina,US,28273
The Integrated Home,theintegratedhome.net,theintegratedhome.net,https://www.linkedin.com/company/the-integrated-home,,Consumer Electronics,Charlotte,North Carolina,US,28273
Automation Technology Inc.,automationtechnologyinc.com,automationtechnologyinc.com,https://www.linkedin.com/company/gulf-controls-company,,Consumer Electronics,Concord,North Carolina,US,28025
Caliber Audio/Video,caliberav.com,caliberav.com,https://www.linkedin.com/company/caliber-audio-video,,Consumer Electronics,Concord,North Carolina,US,28027
HavenSmart Greater Charlotte,havensmart.com,havensmart.com,https://www.linkedin.com/company/havensmart,,Consumer Electronics,Denver,North Carolina,US,28037
"Optimal Tek, LLC",optimaltek.net,optimaltek.net,https://www.linkedin.com/company/25065341,,Consumer Electronics,Fletcher,North Carolina,US,28732
"Just Push Play (JPP), Audio Visual",justpushplay.us,justpushplay.us,https://www.linkedin.com/company/74571130,,Consumer Electronics,Garner,North Carolina,US,27529
Systems Contractors - A Fidelity Company,systemscontractors.com,systemscontractors.com,https://www.linkedin.com/company/systemscontractors,,Consumer Electronics,Greensboro,North Carolina,US,27407
Building Automation Services LLC,basllco.com,basllco.com,https://www.linkedin.com/company/building-automation-services-llc,,Consumer Electronics,High Point,North Carolina,US,27260
CO-DA,co-da.com,co-da.com,https://www.linkedin.com/company/co-da-lifestyle-technologies,,Consumer Electronics,Indian Trail,North Carolina,US,28079
Caudill's,caudills.com,caudills.com,https://www.linkedin.com/company/caudill's,,Consumer Electronics,Kernersville,North Carolina,US,27284
Rytec Electric - Wilmington,rytecelectric.com,rytecelectric.com,https://www.linkedin.com/company/rytec-electric,,Consumer Electronics,Leland,North Carolina,US,28451
Convergence Technologies,convergenceusa.com,convergenceusa.com,https://www.linkedin.com/company/convergence-technologies---home-automation-&-home-theaters,,Consumer Electronics,Mebane,North Carolina,US,27302
SoundVision LLC Audio Video Shades,svavnc.com,svavnc.com,https://www.linkedin.com/company/16151419,,Consumer Electronics,Mooresville,North Carolina,US,28117
Sole Source AV Supply,solesourceav.com,solesourceav.com,https://www.linkedin.com/company/sole-source-av-supply,,Consumer Electronics,Pineville,North Carolina,US,28134
AX Control Inc.,axcontrol.com,axcontrol.com,https://www.linkedin.com/company/ax-control-inc-,,Consumer Electronics,Raleigh,North Carolina,US,27603
Elite Sight and Sound,elitesightandsoundnc.com,elitesightandsoundnc.com,https://www.linkedin.com/company/elite-sight-and-sound-inc,,Consumer Electronics,Raleigh,North Carolina,US,27603
Intelligent Electronics,intelligentelectronics.com,intelligentelectronics.com,https://www.linkedin.com/company/intelligent-electronics,,Consumer Electronics,Raleigh,North Carolina,US,27606
Neuwave,neuwavesystems.com,neuwavesystems.com,https://www.linkedin.com/company/neuwave-systems,,Consumer Electronics,Raleigh,North Carolina,US,27604
Security & Life Integrations,securitylifeinc.com,securitylifeinc.com,https://www.linkedin.com/company/securitylifeinc,,Consumer Electronics,Raleigh,North Carolina,US,27612
Rackbuild Inc,rackbuild.com,rackbuild.com,https://www.linkedin.com/company/immersion-displays,,Consumer Electronics,Wake Forest,North Carolina,US,27587
Sandhills Home Theater,sandhillshometheater.com,sandhillshometheater.com,https://www.linkedin.com/company/sandhills-home-theater,,Consumer Electronics,West End,North Carolina,US,27376
Capital Electric,capitalelectricsupply.com,capitalelectricsupply.com,https://www.linkedin.com/company/capitalelectric,,Consumer Electronics,Wilmington,North Carolina,US,28403
Johnson Controls Wilmington Office,johnsoncontrols.com,johnsoncontrols.com,https://www.linkedin.com/company/johnson-controls,,Consumer Electronics,Wilmington,North Carolina,US,28405
Port City Sound and Security,portcitysound.com,portcitysound.com,https://www.linkedin.com/company/port-city-sound-and-security,,Consumer Electronics,Wilmington,North Carolina,US,28411
Sound Decisions Inc,sounddecisions.biz,sounddecisions.biz,https://www.linkedin.com/company/108355830,,Consumer Electronics,Wilmington,North Carolina,US,28405
Swell Systems Inc,swellsystem.com,swellsystem.com,https://www.linkedin.com/company/swell-systems-inc,,Consumer Electronics,Wilmington,North Carolina,US,28405
Church Interiors Audio and Video - CIAVL,ciavl.com,ciavl.com,https://www.linkedin.com/company/church-interiors-audio-video-and-lighting,,Consumer Electronics,Winston-Salem,North Carolina,US,27107
Denizen,denizenhome.com,denizenhome.com,https://www.linkedin.com/company/denizenhome,,Consumer Electronics,Gretna,Nebraska,US,68028
ASI Systems Pro,asisystemspro.com,asisystemspro.com,https://www.linkedin.com/company/asi-systems,,Consumer Electronics,Omaha,Nebraska,US,68127
CCS Presentation Systems,ccsmidwest.com,ccsmidwest.com,https://www.linkedin.com/company/ccs-presentation-systems,,Consumer Electronics,Omaha,Nebraska,US,68137
Control Depot,controldepotinc.com,controldepotinc.com,https://www.linkedin.com/company/controldepotinc,,Consumer Electronics,Omaha,Nebraska,US,68127
Electronic Sound Inc,electronicsound.com,electronicsound.com,https://www.linkedin.com/company/electronic-sound-inc-,,Consumer Electronics,Omaha,Nebraska,US,68144
Paladin Facilities and Construction,maintenance-facilities.com,maintenance-facilities.com,https://www.linkedin.com/company/paladinconstruction,,Consumer Electronics,Omaha,Nebraska,US,68107
The Lighting Center at NorthEast Electrical,needco.com,needco.com,https://www.linkedin.com/company/lighting-center-northeast-electrical,,Consumer Electronics,Newington,New Hampshire,US,03801
Integrated Audio Solutions,iaudiosolutions.com,iaudiosolutions.com,https://www.linkedin.com/company/6437979,,Consumer Electronics,Newmarket,New Hampshire,US,03857
GlobalSign USA,globalsign.com,globalsign.com,https://www.linkedin.com/company/globalsign,,Consumer Electronics,Portsmouth,New Hampshire,US,03801
"Russound/FMP, Inc.",russound.com,russound.com,https://www.linkedin.com/company/russound,,Consumer Electronics,Portsmouth,New Hampshire,US,03801
"United Automation, Inc",unitedautomation.com,unitedautomation.com,https://www.linkedin.com/company/unitedautomation-inc,,Consumer Electronics,Portsmouth,New Hampshire,US,03801
Bravo AV Home Theater and Home Automation NJ,bravoav.com,bravoav.com,https://www.linkedin.com/company/bravo-av,,Consumer Electronics,Bernardsville,New Jersey,US,07924
ConectSys,conectsys.com,conectsys.com,https://www.linkedin.com/company/conectsys,,Consumer Electronics,Bordentown,New Jersey,US,08505
Profound Sound & Video,profoundav.com,profoundav.com,https://www.linkedin.com/company/profound-sound-&-video,,Consumer Electronics,Cherry Hill Township,New Jersey,US,08003
Serenity Smart Homes,serenitysmarthomesnj.com,serenitysmarthomesnj.com,https://www.linkedin.com/company/serenity-smart-homes-nj,,Consumer Electronics,Cherry Hill Township,New Jersey,US,08002
Audio-Video Synergy Inc,audiovideosynergy.com,audiovideosynergy.com,https://www.linkedin.com/company/audio-video-synergy,,Consumer Electronics,Clinton,New Jersey,US,08809
New World Solutions,newworldsolutions.com,newworldsolutions.com,https://www.linkedin.com/company/newworldsolutionsllc,,Consumer Electronics,Elizabeth,New Jersey,US,07202
"A-V Services, Inc.",avservices.net,avservices.net,https://www.linkedin.com/company/avservicesinc,,Consumer Electronics,Fairfield,New Jersey,US,07004
Horizon AVL System Integration,horizonavl.com,horizonavl.com,https://www.linkedin.com/company/horizonavl,,Consumer Electronics,Gloucester Township,New Jersey,US,08012
Audio Visual Dynamics,avdusa.com,avdusa.com,https://www.linkedin.com/company/avdusa,,Consumer Electronics,Hackettstown,New Jersey,US,07840
"Smart Technology Plus, LLC",smarttech-us.com,smarttech-us.com,https://www.linkedin.com/company/smarttechnj,,Consumer Electronics,Kenilworth,New Jersey,US,07033
i-AV,i-av.com,i-av.com,https://www.linkedin.com/company/infinite-av-solutions,,Consumer Electronics,Little Silver,New Jersey,US,07739
Professional Audio Consultants,pac-nj.com,pac-nj.com,https://www.linkedin.com/company/professional-audio-consultants,,Consumer Electronics,Millburn,New Jersey,US,07041
"JS Audio Video, Inc.",jsaudiovideo.com,jsaudiovideo.com,https://www.linkedin.com/company/js-audio-video,,Consumer Electronics,Morristown,New Jersey,US,07960
SmartWay Integration,smartwayintegration.com,smartwayintegration.com,https://www.linkedin.com/company/smartwayintegration,,Consumer Electronics,Morristown,New Jersey,US,07960
Epic Systems Tech Home Theater and Control4 Installation New Jersey,epicsystems.tech,epicsystems.tech,https://www.linkedin.com/company/epic-systems-tech,,Consumer Electronics,Mt Olive,New Jersey,US,07828
SHORE Smart Home,shoresmarthome.pro,shoresmarthome.pro,https://www.linkedin.com/company/shore-smart-home-nj,,Consumer Electronics,Northfield,New Jersey,US,08225
Smart Home Systems LLC,thesmarthomesystems.com,thesmarthomesystems.com,https://www.linkedin.com/company/64716462,,Consumer Electronics,Nutley,New Jersey,US,07110
Smart Home Integrations,smarthomeintegrations.com,smarthomeintegrations.com,https://www.linkedin.com/company/smart-home-integrations-llc,,Consumer Electronics,Ocean Township,New Jersey,US,07712
"Stereo & Video Integrators, Inc.",stereoandvideo.com,stereoandvideo.com,https://www.linkedin.com/company/stereo-and-video-integrators-inc-,,Consumer Electronics,Ocean Township,New Jersey,US,07712
GMI Automation,gmiautomation.com,gmiautomation.com,https://www.linkedin.com/company/gmi-automation,,Consumer Electronics,Old Bridge,New Jersey,US,08857
ABNH,abnhav.com,abnhav.com,https://www.linkedin.com/company/abnhav,,Consumer Electronics,Princeton,New Jersey,US,08540
Best High Technologies LLC,besthtech.com,besthtech.com,https://www.linkedin.com/company/9312786,,Consumer Electronics,Princeton,New Jersey,US,08540
"Princeton IT Services, Inc.",princetonits.com,princetonits.com,https://www.linkedin.com/company/princeton-it-services-inc,,Consumer Electronics,Princeton,New Jersey,US,08540
Syspro Automation,sysproautomation.com,sysproautomation.com,https://www.linkedin.com/company/syspro-ingenieria,,Consumer Electronics,Princeton,New Jersey,US,08540
Triveni Digital Inc,trivenidigital.com,trivenidigital.com,https://www.linkedin.com/company/triveni-digital,,Consumer Electronics,Princeton,New Jersey,US,08540
Blackpoint Technology,blackpointnj.com,blackpointnj.com,https://www.linkedin.com/company/blackpointnj,,Consumer Electronics,Rumson,New Jersey,US,07760
JMG Audio Video Inc.,jmgav.com,jmgav.com,https://www.linkedin.com/company/jmg-audio-video-inc,,Consumer Electronics,Saddle River,New Jersey,US,07458
Elite Home Technology,elitehometech.com,elitehometech.com,https://www.linkedin.com/company/elitehometech,,Consumer Electronics,Toms River,New Jersey,US,08753
P.C. Richard & Son,pcrichard.com,pcrichard.com,https://www.linkedin.com/company/pc-richard-&-son,,Consumer Electronics,Trenton,New Jersey,US,08648
Audio Inc,audioincorporated.com,audioincorporated.com,https://www.linkedin.com/company/audio-incorporated,,Consumer Electronics,Union,New Jersey,US,07083
"Larkin Controls - Engineering, Automation, and HVAC",larkincontrols.com,larkincontrols.com,https://www.linkedin.com/company/larkin-controls-llc,,Consumer Electronics,Union,New Jersey,US,07083
Connect Consulting Inc,connectht.com,connectht.com,https://www.linkedin.com/company/connect-consultingnj,,Consumer Electronics,Woodland Park,New Jersey,US,07424
Restrepo Innovations,restrepoinnovations.com,restrepoinnovations.com,https://www.linkedin.com/company/restrepo-innovations,,Consumer Electronics,Wyckoff,New Jersey,US,07481
Electronic Technical Services Inc.,etsnm.com,etsnm.com,https://www.linkedin.com/company/etsnm,,Consumer Electronics,Albuquerque,New Mexico,US,87123
Energized Electric LLC,energizedelectric505.com,energizedelectric505.com,https://www.linkedin.com/company/energized-electric-llc,,Consumer Electronics,Albuquerque,New Mexico,US,87110
Thompson Security,thompsonsecuritynm.com,thompsonsecuritynm.com,https://www.linkedin.com/company/thompsonss,,Consumer Electronics,Albuquerque,New Mexico,US,87111
TripleTone Audio Post,tripletoneaudiopost.com,tripletoneaudiopost.com,https://www.linkedin.com/company/tripletone-studios,,Consumer Electronics,Albuquerque,New Mexico,US,87102
Access Control Technologies,accesscontrol.tech,accesscontrol.tech,https://www.linkedin.com/company/actllc,,Consumer Electronics,Las Vegas,Nevada,US,89128
Acoustic Design Systems,acousticdesignlv.com,acousticdesignlv.com,https://www.linkedin.com/company/acoustic-design-systems,,Consumer Electronics,Las Vegas,Nevada,US,89139
Eagle Sentry,eaglesentry.com,eaglesentry.com,https://www.linkedin.com/company/eaglesentry,,Consumer Electronics,Las Vegas,Nevada,US,89120
Elite A/V | Smart Home & Automation Integration,hometheater.vegas,hometheater.vegas,https://www.linkedin.com/company/hometheaterlv,,Consumer Electronics,Las Vegas,Nevada,US,89103
LANCELOT Security AV Automation,mylancelot.com,mylancelot.com,https://www.linkedin.com/company/lancelot-security-av-automation,,Consumer Electronics,Las Vegas,Nevada,US,89120
PSX-inc Audio Visual Technologies,psx-inc.com,psx-inc.com,https://www.linkedin.com/company/psx-worldwide-audiovisual-technologies,,Consumer Electronics,Las Vegas,Nevada,US,89139
Pro Audio Home Theater Installation | Control4 Home Automation,proaudiohometheaterinstallation.com,proaudiohometheaterinstallation.com,https://www.linkedin.com/company/hometheaterlv,,Consumer Electronics,Las Vegas,Nevada,US,89119
RRS Audio Production,rrsaudio.com,rrsaudio.com,https://www.linkedin.com/company/rrs-audio,,Consumer Electronics,Las Vegas,Nevada,US,89119
Smart Main Panel System,smartmainpanel.com,smartmainpanel.com,https://www.linkedin.com/company/smart-main-panel,,Consumer Electronics,Las Vegas,Nevada,US,89118
"ETIGroup Audio Video, Home Automation",etigroupav.com,etigroupav.com,https://www.linkedin.com/company/etigroup,,Consumer Electronics,North Las Vegas,Nevada,US,89031
Grand Vision Gaming,playgvg.com,playgvg.com,https://www.linkedin.com/company/grand-vision-gaming,,Consumer Electronics,Reno,Nevada,US,89521
Sierra Integrated Systems,sierraintegratedsystems.com,sierraintegratedsystems.com,https://www.linkedin.com/company/sierra-integrated-systems,,Consumer Electronics,Reno,Nevada,US,89511
ADNET Technologies,thinkadnet.com,thinkadnet.com,https://www.linkedin.com/company/adnet-technologies-llc,,Consumer Electronics,Albany,New York,US,12205
Boomer McLOUD™,boomer-mcloud.com,boomer-mcloud.com,https://www.linkedin.com/company/boomer-mcloud,,Consumer Electronics,Albany,New York,US,12205
Capital Repertory Theatre,capitalrep.org,capitalrep.org,https://www.linkedin.com/company/proctorscollaborative,,Consumer Electronics,Albany,New York,US,12207
Control Network Communications,controlnetwork.com,controlnetwork.com,https://www.linkedin.com/company/control-network-communications,,Consumer Electronics,Albany,New York,US,12205
Eclipse Network Solutions,eclipsens.com,eclipsens.com,https://www.linkedin.com/company/eclipse-network-solutions,,Consumer Electronics,Albany,New York,US,12205
GCOM,gcomsoft.com,gcomsoft.com,https://www.linkedin.com/company/voyatek,,Consumer Electronics,Albany,New York,US,12203
Hippo's,hipposonline.com,hipposonline.com,https://www.linkedin.com/company/HipposHasIt,,Consumer Electronics,Albany,New York,US,12203
Studio A - Video Production & Animation,studioalbany.com,studioalbany.com,https://www.linkedin.com/company/akullian-creative-enterprises,,Consumer Electronics,Albany,New York,US,12205
TechBridge Group,techbridgegroup.com,techbridgegroup.com,https://www.linkedin.com/company/395648,,Consumer Electronics,Albany,New York,US,12205
Vertesol Limited Liability Company,vertesol.com,vertesol.com,https://www.linkedin.com/company/vertesol,,Consumer Electronics,Albany,New York,US,12206
Wolberg Electrical Supply,wolberg.com,wolberg.com,https://www.linkedin.com/company/78805707,,Consumer Electronics,Albany,New York,US,12206
Premiere Systems Design,premieresystemsdesign.com,premieresystemsdesign.com,https://www.linkedin.com/company/premiere-systems-design,,Consumer Electronics,Bayport,New York,US,11705
PSE Audio Visual,pse-av.com,pse-av.com,https://www.linkedin.com/company/pseav,,Consumer Electronics,Brooklyn,New York,US,11232
Resolution Audio Video,resolutionavnyc.com,resolutionavnyc.com,https://www.linkedin.com/company/resolution-audio-video-nyc,,Consumer Electronics,Brooklyn,New York,US,11205
"Control System Labs, Inc.",controlrepair.com,controlrepair.com,https://www.linkedin.com/company/control-system-labs,,Consumer Electronics,Buffalo,New York,US,14215
Powered Protection Inc.,poweredprotection.com,poweredprotection.com,https://www.linkedin.com/company/powered-protection-inc-,,Consumer Electronics,Buffalo,New York,US,14218
Smart Spaces Group,smartspacesgroup.com,smartspacesgroup.com,https://www.linkedin.com/company/smart-spaces-group,,Consumer Electronics,Canal Street,New York,US,10013
Ambiance Systems,ambiancesystems.com,ambiancesystems.com,https://www.linkedin.com/company/ambiance-systems,,Consumer Electronics,Clifton Park,New York,US,12065
Open Systems Integrators,osicorp.net,osicorp.net,https://www.linkedin.com/company/sciensbuildingsolutions,,Consumer Electronics,Colonie,New York,US,12205
JVN Systems Inc.,jvnsystems.com,jvnsystems.com,https://www.linkedin.com/company/jvn-systems,,Consumer Electronics,Deer Park,New York,US,11729
"Solutions By Design, Inc.",sbdtech.com,sbdtech.com,https://www.linkedin.com/company/solutions-by-design_2,,Consumer Electronics,Delmar,New York,US,12054
Corporate Audio Visual Services,corporate-av.com,corporate-av.com,https://www.linkedin.com/company/corporate-audio-visual-services,,Consumer Electronics,Elmsford,New York,US,10523
Astoria Productions,astoria.productions,astoria.productions,https://www.linkedin.com/company/astoria-productions,,Consumer Electronics,Farmingdale,New York,US,11735
ATTYWON,attywon.com,attywon.com,https://www.linkedin.com/company/attywon,,Consumer Electronics,Great Neck,New York,US,11021
SMARTTECH Security & Automation,smarttech.nyc,smarttech.nyc,https://www.linkedin.com/company/smarttech-communications,,Consumer Electronics,Great Neck,New York,US,11021
AV Pros NY,avprosny.com,avprosny.com,https://www.linkedin.com/company/av-pros-ny,,Consumer Electronics,Hicksville,New York,US,11801
Technical Video Inc,technical-video.com,technical-video.com,https://www.linkedin.com/company/technical-video-inc,,Consumer Electronics,Latham,New York,US,12110
Home Theater of Long Island,htoli.com,htoli.com,https://www.linkedin.com/company/home-theater-of-long-island,,Consumer Electronics,Manhasset,New York,US,11030
Brookhill NY Inc.,brookhillny.com,brookhillny.com,https://www.linkedin.com/company/brookhill,,Consumer Electronics,Melville,New York,US,11747
Leviton Manufacturing,leviton.com,leviton.com,https://www.linkedin.com/company/leviton,,Consumer Electronics,Melville,New York,US,11747
Audio-Video Corporation,audiovideocorp.com,audiovideocorp.com,https://www.linkedin.com/company/10181762,,Consumer Electronics,Menands,New York,US,12204
Audio Den,audioden.com,audioden.com,https://www.linkedin.com/company/audio-den,,Consumer Electronics,Nesconset,New York,US,11767
AV Workshop,avworkshop.com,avworkshop.com,https://www.linkedin.com/company/av-workshop,,Consumer Electronics,New York,New York,US,10018
Electronic Environments,eeny.net,eeny.net,https://www.linkedin.com/company/electronic-environments-new-york,,Consumer Electronics,New York,New York,US,10018
Innovative Audio Video Showrooms,innovative.nyc,innovative.nyc,https://www.linkedin.com/company/innovative-audio-video-showrooms,,Consumer Electronics,New York,New York,US,10155
Interactive Vision Solutions - rental for events,avequipmentrental.nyc,avequipmentrental.nyc,https://www.linkedin.com/company/interactive-vision-solutions,,Consumer Electronics,New York,New York,US,10018
MetroCom Security,metrocomsecurity.com,metrocomsecurity.com,https://www.linkedin.com/company/metrocomsecurity,,Consumer Electronics,New York,New York,US,10013
Park Avenue Audio,parkavenueaudio.com,parkavenueaudio.com,https://www.linkedin.com/company/park-avenue-audio-inc,,Consumer Electronics,New York,New York,US,10016
Smart Home Worx | Home Automation,smarthomeworx.com,smarthomeworx.com,https://www.linkedin.com/company/smart-home-worx,,Consumer Electronics,New York,New York,US,10018
Standard Technology Integration Corp.,standard-integration.com,standard-integration.com,https://www.linkedin.com/company/standard-technology-integration-corp,,Consumer Electronics,New York,New York,US,10001
Stereo Exchange,stereoexchange.com,stereoexchange.com,https://www.linkedin.com/company/stereo-exchange-inc,,Consumer Electronics,New York,New York,US,10003
eInteractive,einteractiveinc.com,einteractiveinc.com,https://www.linkedin.com/company/einteractiveinc,,Consumer Electronics,New York,New York,US,10002
CS Automation,csautomation.net,csautomation.net,https://www.linkedin.com/company/cs-automation,,Consumer Electronics,Ontario,New York,US,14519
"MarketHOLD Productions, Inc.",markethold.com,markethold.com,https://www.linkedin.com/company/markethold-productions,,Consumer Electronics,Penfield,New York,US,14526
Audio Video Invasion,audiovideoinvasion.com,audiovideoinvasion.com,https://www.linkedin.com/company/audio-video-invasion-inc-,,Consumer Electronics,Plainview,New York,US,11803
"Audio Video Systems, Inc.",audiovideosystems.com,audiovideosystems.com,https://www.linkedin.com/company/2491544,,Consumer Electronics,Plainview,New York,US,11803
TechPro Home Automation,techprohomeautomation.com,techprohomeautomation.com,https://www.linkedin.com/company/techpro-solutions-ny,,Consumer Electronics,Plainview,New York,US,11803
Connected Home Systems,connectedhomesystems.net,connectedhomesystems.net,https://www.linkedin.com/company/connected-home-systems-ny,,Consumer Electronics,Quogue,New York,US,11959
Mood Media / Functional Communications Corporation,moodmediafcc.com,moodmediafcc.com,https://www.linkedin.com/company/moodmediafcc,,Consumer Electronics,Rensselaer,New York,US,12144
Cheshire Audio Visual,cheshireav.com,cheshireav.com,https://www.linkedin.com/company/cheshire-audio-visual,,Consumer Electronics,Rochester,New York,US,14624
"CypherWorx, Inc.",cypherworx.com,cypherworx.com,https://www.linkedin.com/company/cypherworx,,Consumer Electronics,Rochester,New York,US,14618
John Betlem Heating & Cooling,johnbetlem.com,johnbetlem.com,https://www.linkedin.com/company/johnbetlemhc,,Consumer Electronics,Rochester,New York,US,14625
ICC Automation,iccautomation.com,iccautomation.com,https://www.linkedin.com/company/icc-automation,,Consumer Electronics,Ronkonkoma,New York,US,11779
Digital Home Systems,digitalhomesystems.com,digitalhomesystems.com,https://www.linkedin.com/company/digital-home-systems-inc,,Consumer Electronics,Rye Brook,New York,US,10573
HTE (Home Technology Experts) - Headquarters,hteny.com,hteny.com,https://www.linkedin.com/company/hte-home-technology-experts-,,Consumer Electronics,Southampton,New York,US,11968
Dara AV Audio/Visual Specialists,daraav.com,daraav.com,https://www.linkedin.com/company/dara-av,,Consumer Electronics,Staten Island,New York,US,10309
Advanced Alarm Inc,advancedalarm.net,advancedalarm.net,https://www.linkedin.com/company/10101207,,Consumer Electronics,Tonawanda,New York,US,14150
AV Design & Integration,avdesigninc.com,avdesigninc.com,https://www.linkedin.com/company/av-design-integration,,Consumer Electronics,Valhalla,New York,US,10595
RAYVA Home Theaters,rayva.com,rayva.com,https://www.linkedin.com/company/rayva-international,,Consumer Electronics,Valhalla,New York,US,10595
"Lippolis Electric, Inc.",lippoliselectric.com,lippoliselectric.com,https://www.linkedin.com/company/lippolis-electric-inc,,Consumer Electronics,Village of Pelham,New York,US,10803
"Digital Home Creations, Inc",digitalhomecreations.com,digitalhomecreations.com,https://www.linkedin.com/company/digital-home-creations-inc,,Consumer Electronics,Webster,New York,US,14580
Systems Design Co.,systemsdesignco.com,systemsdesignco.com,https://www.linkedin.com/company/systems-design-company,,Consumer Electronics,Westhampton Beach,New York,US,11978
Westchester A/V,westchesterav.com,westchesterav.com,https://www.linkedin.com/company/elevated-integration-ny,,Consumer Electronics,White Plains,New York,US,10604
Digital Labor Solutions,digitallaborsolutions.com,digitallaborsolutions.com,https://www.linkedin.com/company/digital-labor-solutions,,Consumer Electronics,Woodbury,New York,US,11797
Ultimate Sound & Installations,ultisound.com,ultisound.com,https://www.linkedin.com/company/ultisound,,Consumer Electronics,Woodside,New York,US,11377
Lighting BOSS,lighting-boss.com,lighting-boss.com,https://www.linkedin.com/company/the-lighting-boss,,Consumer Electronics,Akron,Ohio,US,44312
S3 Technologies,mys3tech.com,mys3tech.com,https://www.linkedin.com/company/s3-technologies,,Consumer Electronics,Akron,Ohio,US,44304
Media Design Imaging,mdifilm.com,mdifilm.com,https://www.linkedin.com/company/mediadesignimaging,,Consumer Electronics,Bedford,Ohio,US,44146
Xtend Technologies,xtendav.com,xtendav.com,https://www.linkedin.com/company/xtend-technologies,,Consumer Electronics,Broadview Heights,Ohio,US,44147
"Access Audio, Inc.",accessaudio.com,accessaudio.com,https://www.linkedin.com/company/2546510,,Consumer Electronics,Cincinnati,Ohio,US,45215
Apollo Home,apollohome.com,apollohome.com,https://www.linkedin.com/company/apollo-heating-cooling-and-plumbing,,Consumer Electronics,Cincinnati,Ohio,US,45209
Automated Smart Living LLC,automatedsmartliving.com,automatedsmartliving.com,https://www.linkedin.com/company/wix-com,,Consumer Electronics,Cincinnati,Ohio,US,45233
BrownCOW Technology - IT Support of Cincinnati,browncowtech.com,browncowtech.com,https://www.linkedin.com/company/browncow-technology,,Consumer Electronics,Cincinnati,Ohio,US,45249
Dial One Security,dialonesecurity.com,dialonesecurity.com,https://www.linkedin.com/company/dial-one-security-inc,,Consumer Electronics,Cincinnati,Ohio,US,45227
ICB Audio and Video,icbav.com,icbav.com,https://www.linkedin.com/company/icb-audio-and-video,,Consumer Electronics,Cincinnati,Ohio,US,45229
Pixel Technologies,pixel.tech,pixel.tech,https://www.linkedin.com/company/pixeltechnologies,,Consumer Electronics,Cincinnati,Ohio,US,45214
Prestige AV & Creative Services,prestigeav.com,prestigeav.com,https://www.linkedin.com/company/prestige-av-&-creative-services,,Consumer Electronics,Cincinnati,Ohio,US,45237
Cleveland Clinic DOME Theater,greatscience.com,greatscience.com,https://www.linkedin.com/company/great-lakes-science-center,,Consumer Electronics,Cleveland,Ohio,US,44114
Crescent Digital,crescentdigital.com,crescentdigital.com,https://www.linkedin.com/company/crescentdigital,,Consumer Electronics,Cleveland,Ohio,US,44115
Actuality Media,actualitymedia.co,actualitymedia.co,https://www.linkedin.com/company/actualitymedia,,Consumer Electronics,Columbus,Ohio,US,43215
Ansera,ansera.com,ansera.com,https://www.linkedin.com/company/anserahq,,Consumer Electronics,Columbus,Ohio,US,43219
Best Light Video,bestlightvideo.com,bestlightvideo.com,https://www.linkedin.com/company/2783642,,Consumer Electronics,Columbus,Ohio,US,43215
Digital Home Designs,dhdpros.com,dhdpros.com,https://www.linkedin.com/company/digital-home-designs,,Consumer Electronics,Columbus,Ohio,US,43235
iVideo Technologies,ivideo.com,ivideo.com,https://www.linkedin.com/company/ivideo-technologies,,Consumer Electronics,Columbus,Ohio,US,43235
MediaObsessions,mediaobsessions.com,mediaobsessions.com,https://www.linkedin.com/company/mediaobsessions,,Consumer Electronics,Cuyahoga Falls,Ohio,US,44221
Andrew Casey Electrical Contractors,electriciandaytonohio.com,electriciandaytonohio.com,https://www.linkedin.com/company/andrew-casey-electrical-contractors,,Consumer Electronics,Dayton,Ohio,US,45414
"Just In Time Audio Video, LLC",justintimeav.com,justintimeav.com,https://www.linkedin.com/company/just-in-time-audio-video-llc,,Consumer Electronics,Dayton,Ohio,US,45424
PDSI - Automation Solutions,pdsicorp.com,pdsicorp.com,https://www.linkedin.com/company/pdsicorp,,Consumer Electronics,Dayton,Ohio,US,45402
Adapted Tech,adapted.tech,adapted.tech,https://www.linkedin.com/company/adapted-tech,,Consumer Electronics,Dublin,Ohio,US,43016
"US Communications and Electric, Inc.",uscande.com,uscande.com,https://www.linkedin.com/company/uscommunications,,Consumer Electronics,Garfield Heights,Ohio,US,44128
"Radiant Technology, Inc.",radianttech.net,radianttech.net,https://www.linkedin.com/company/radiant-technology-group-inc,,Consumer Electronics,Lewis Center,Ohio,US,43035
"Horner Networks, LLC",hornernetworks.com,hornernetworks.com,https://www.linkedin.com/company/horner-networks,,Consumer Electronics,Mentor,Ohio,US,44060
A/V Environments,avedirect.com,avedirect.com,https://www.linkedin.com/company/horner-networks,,Consumer Electronics,North Royalton,Ohio,US,44133
Brothers Integrated Technologies,bit-techs.com,bit-techs.com,https://www.linkedin.com/company/brosinttech,,Consumer Electronics,Vandalia,Ohio,US,45377
Alert 360 Home & Business Security Oklahoma City,alert360.com,alert360.com,https://www.linkedin.com/company/alert360usa,,Consumer Electronics,Oklahoma City,Oklahoma,US,73116
All Pro Audio Visual Rentals,allproaudiovisual.com,allproaudiovisual.com,https://www.linkedin.com/company/all-pro-audio-visual,,Consumer Electronics,Oklahoma City,Oklahoma,US,73173
Cory's,corys.pro,corys.pro,https://www.linkedin.com/company/corysconnects,,Consumer Electronics,Oklahoma City,Oklahoma,US,73127
Ford AV - Oklahoma City,fordav.com,fordav.com,https://www.linkedin.com/company/ford-audio-video,,Consumer Electronics,Oklahoma City,Oklahoma,US,73128
Hetronic USA,hetronic.com,hetronic.com,https://www.linkedin.com/company/hetonic-usa,,Consumer Electronics,Oklahoma City,Oklahoma,US,73112
Safelink Systems: Smart Alarm & Camera Systems,securitysystemsokc.com,securitysystemsokc.com,https://www.linkedin.com/company/safelink-security-systems-okc,,Consumer Electronics,Oklahoma City,Oklahoma,US,73116
Vox Audio Visual,voxaudiovisual.com,voxaudiovisual.com,https://www.linkedin.com/company/vox-audio-visual,,Consumer Electronics,Oklahoma City,Oklahoma,US,73102
Elliott Electric Supply,elliottelectric.com,elliottelectric.com,https://www.linkedin.com/company/elliott-electric-supply,,Consumer Electronics,Tulsa,Oklahoma,US,74129
Enovation Controls,enovationcontrols.com,enovationcontrols.com,https://www.linkedin.com/company/enovationcontrols,,Consumer Electronics,Tulsa,Oklahoma,US,74146
Evo Smart Security,evosmartsecurity.io,evosmartsecurity.io,https://www.linkedin.com/company/evo-automation,,Consumer Electronics,Tulsa,Oklahoma,US,74137
Limitless AVL,limitlessavl.com,limitlessavl.com,https://www.linkedin.com/company/limitlessavl,,Consumer Electronics,Tulsa,Oklahoma,US,74145
Newave Solutions - Managed It Services,newavesolutions.com,newavesolutions.com,https://www.linkedin.com/company/newave-solutions,,Consumer Electronics,Tulsa,Oklahoma,US,74105
Tes Productions,tesproductions.com,tesproductions.com,https://www.linkedin.com/company/tes-productions,,Consumer Electronics,Tulsa,Oklahoma,US,74145
Pro Tech Solutions,protechpdx.com,protechpdx.com,https://www.linkedin.com/company/pro-tech-solutions-llc-pdx,,Consumer Electronics,Beaverton,Oregon,US,97008
RoomReady,roomready.com,roomready.com,https://www.linkedin.com/company/roomready,,Consumer Electronics,Beaverton,Oregon,US,97006
All-Systems Electric LLC,asebend.com,asebend.com,https://www.linkedin.com/company/all-systems-electric-llc,,Consumer Electronics,Bend,Oregon,US,97702
Enhance AV,enhanceav.net,enhanceav.net,https://www.linkedin.com/company/enhanceav,,Consumer Electronics,Bend,Oregon,US,97702
Hand in Hand Productions,handinhandproductions.com,handinhandproductions.com,https://www.linkedin.com/company/hand-in-hand-productions,,Consumer Electronics,Bend,Oregon,US,97701
Sera Custom Integrators,seracustomintegrators.com,seracustomintegrators.com,https://www.linkedin.com/company/sera-custom-integrators,,Consumer Electronics,Bend,Oregon,US,97702
Tailored Audio Video,tailoredaudiovideo.com,tailoredaudiovideo.com,https://www.linkedin.com/company/tailoredaudiovideo,,Consumer Electronics,Bend,Oregon,US,97703
Technology Design Associates,techdesignassociates.com,techdesignassociates.com,https://www.linkedin.com/company/technology-design-associates,,Consumer Electronics,Bend,Oregon,US,97701
Velara,experiencevelara.com,experiencevelara.com,https://www.linkedin.com/company/expvelara,,Consumer Electronics,Clackamas,Oregon,US,97015
Point Monitor Corporation,pointmonitor.com,pointmonitor.com,https://www.linkedin.com/company/point-monitor-corp,,Consumer Electronics,Lake Oswego,Oregon,US,97035
NetworksPDX,networkspdx.com,networkspdx.com,https://www.linkedin.com/company/18796317,,Consumer Electronics,Milwaukie,Oregon,US,97222
Oregon Outdoor Lighting,oregonoutdoorlighting.com,oregonoutdoorlighting.com,https://www.linkedin.com/company/oregonoutdoorlighting,,Consumer Electronics,Oregon City,Oregon,US,97045
Bastian Solutions Oregon,toyota-automated-logistics.com,toyota-automated-logistics.com,https://www.linkedin.com/company/toyotaautomatedlogistics,,Consumer Electronics,Portland,Oregon,US,97212
Bridge City Media,bridgecitymedia.com,bridgecitymedia.com,https://www.linkedin.com/company/bridge-city-media,,Consumer Electronics,Portland,Oregon,US,97227
IOTAS Home,iotashome.com,iotashome.com,https://www.linkedin.com/company/everon-solutions,,Consumer Electronics,Portland,Oregon,US,97209
LUMA Lighting Design,lumald.com,lumald.com,https://www.linkedin.com/company/luma-lighting-design,,Consumer Electronics,Portland,Oregon,US,97204
Ohm Systems: A Christenson Company,ohmsystems.com,ohmsystems.com,https://www.linkedin.com/company/ohm-systems-llc,,Consumer Electronics,Portland,Oregon,US,97214
Omni Wire Security | Security System Installation Portland,omniwireinc.com,omniwireinc.com,https://www.linkedin.com/company/wix-com,,Consumer Electronics,Portland,Oregon,US,97233
Phillips Alarm,phillipsalarm.com,phillipsalarm.com,https://www.linkedin.com/company/phillips-electronics-alarm,,Consumer Electronics,Portland,Oregon,US,97219
R&S Automation Inc.,rsoperators.com,rsoperators.com,https://www.linkedin.com/company/15560668,,Consumer Electronics,Portland,Oregon,US,97266
Cache Valley Electric,cve.com,cve.com,https://www.linkedin.com/company/cachevalleyelectric,,Consumer Electronics,Tigard,Oregon,US,97223
Innovative Audio Video Designs,innovativeavd.com,innovativeavd.com,https://www.linkedin.com/company/innovativeavd,,Consumer Electronics,Bensalem,Pennsylvania,US,19020
Visual Sound Inc,visualsound.com,visualsound.com,https://www.linkedin.com/company/visual-sound,,Consumer Electronics,Broomall,Pennsylvania,US,19008
Goosebumps Inc.,goosebumpshome.com,goosebumpshome.com,https://www.linkedin.com/company/goosebumpshome,,Consumer Electronics,Canonsburg,Pennsylvania,US,15317
Creative Systems USA,creativesystemsusa.com,creativesystemsusa.com,https://www.linkedin.com/company/creative-systems-usa-llc,,Consumer Electronics,Collegeville,Pennsylvania,US,19426
Artistic Video & Sound,artisticvs.com,artisticvs.com,https://www.linkedin.com/company/artisticvs,,Consumer Electronics,Coopersburg,Pennsylvania,US,18036
Innovative Controls Inc,innovativecontrolsinc.com,innovativecontrolsinc.com,https://www.linkedin.com/company/innovative-controls-inc,,Consumer Electronics,East Pittsburgh,Pennsylvania,US,15112
Mondo Media Solutions,mmsproav.com,mmsproav.com,https://www.linkedin.com/company/mmsproav,,Consumer Electronics,Essington,Pennsylvania,US,19029
Nye Technical Services,nyetechnicalservices.com,nyetechnicalservices.com,https://www.linkedin.com/company/nye-technical-services,,Consumer Electronics,Harmony,Pennsylvania,US,16037
Cumberland Electronics Strategic Supply Solutions (CE3S),ce3s.com,ce3s.com,https://www.linkedin.com/company/cumberland-electronics-strategic-supply-solutions,,Consumer Electronics,Harrisburg,Pennsylvania,US,17111
FCI Technologies Group,fcitechgroup.com,fcitechgroup.com,https://www.linkedin.com/company/fcitechgroup,,Consumer Electronics,Harrisburg,Pennsylvania,US,17111
HB McClure/HB Home Service Team,hbmcclure.com,hbmcclure.com,https://www.linkedin.com/company/hb-home-services,,Consumer Electronics,Harrisburg,Pennsylvania,US,17104
McClure Company,mcclureco.com,mcclureco.com,https://www.linkedin.com/company/mcclure-company,,Consumer Electronics,Harrisburg,Pennsylvania,US,17110
Media Solutions,mediamadeeasy.com,mediamadeeasy.com,https://www.linkedin.com/company/media-solutions---media-made-easy,,Consumer Electronics,Harrisburg,Pennsylvania,US,17111
SoundXperience,soundxperience.com,soundxperience.com,https://www.linkedin.com/company/sound-xperience,,Consumer Electronics,Jenkintown,Pennsylvania,US,19046
JM Resources,jmresources.com,jmresources.com,https://www.linkedin.com/company/jm-resources,,Consumer Electronics,King of Prussia,Pennsylvania,US,19406
Luma Lighting,lumapgh.com,lumapgh.com,https://www.linkedin.com/company/simply-automated,,Consumer Electronics,Leetsdale,Pennsylvania,US,15056
Simply Automated,sapgh.com,sapgh.com,https://www.linkedin.com/company/simply-automated,,Consumer Electronics,Leetsdale,Pennsylvania,US,15056
iAV Design,iavdesign.com,iavdesign.com,https://www.linkedin.com/company/intelligentavdesign,,Consumer Electronics,Lemoyne,Pennsylvania,US,17043
Genesis Tech,genesistech.net,genesistech.net,https://www.linkedin.com/company/genesistechnet,,Consumer Electronics,Mechanicsburg,Pennsylvania,US,17055
"Conexus, Inc.",conexuscommunity.com,conexuscommunity.com,https://www.linkedin.com/company/conexus-inc-bas-integrator-,,Consumer Electronics,Middletown,Pennsylvania,US,17057
AV Innovations,avinnovationsllc.com,avinnovationsllc.com,https://www.linkedin.com/company/av-innovations-llc,,Consumer Electronics,Morgan,Pennsylvania,US,15064
Automated Lifestyles,automated-lifestyles.com,automated-lifestyles.com,https://www.linkedin.com/company/automated-lifestyles-llc,,Consumer Electronics,Mt Cobb,Pennsylvania,US,18436
"Controls Service & Engineering Co., Inc. (CSE)",cse2222.com,cse2222.com,https://www.linkedin.com/company/cse2222,,Consumer Electronics,New Cumberland,Pennsylvania,US,17070
Delco Solutions,delcosolutions.com,delcosolutions.com,https://www.linkedin.com/company/delco-solutions,,Consumer Electronics,Newtown Square,Pennsylvania,US,19073
Nestology.pro - smart home automation and security systems,nestology.pro,nestology.pro,https://www.linkedin.com/company/nestologypro,,Consumer Electronics,Palmyra,Pennsylvania,US,17078
"AV Rental Services, Inc.",audiovisualrenting.com,audiovisualrenting.com,https://www.linkedin.com/company/a-v-rental-services-inc-,,Consumer Electronics,Philadelphia,Pennsylvania,US,19137
D24K Productions,d24ksound.com,d24ksound.com,https://www.linkedin.com/company/d24k-productions,,Consumer Electronics,Philadelphia,Pennsylvania,US,19122
Kozi Media Design,kozimediadesign.com,kozimediadesign.com,https://www.linkedin.com/company/kozi-media-design,,Consumer Electronics,Pittsburgh,Pennsylvania,US,15235
"Lex Home Tech, LLC",lexhometech.com,lexhometech.com,https://www.linkedin.com/company/18383166,,Consumer Electronics,Pittsburgh,Pennsylvania,US,15212
Northern Audio,northernaudio.com,northernaudio.com,https://www.linkedin.com/company/northern-audio,,Consumer Electronics,Pittsburgh,Pennsylvania,US,15237
"Pittsburgh Controls & Consulting, Inc.",pittsburghcontrols.com,pittsburghcontrols.com,https://www.linkedin.com/company/pcc-solutions,,Consumer Electronics,Pittsburgh,Pennsylvania,US,15237
Sciens ESS Division,sciensusa.com,sciensusa.com,https://www.linkedin.com/company/sciensbuildingsolutions,,Consumer Electronics,Plymouth Meeting,Pennsylvania,US,19462
Superior Comfort Incorporated,superiorcomfortinc.com,superiorcomfortinc.com,https://www.linkedin.com/company/superior-comfort-inc-,,Consumer Electronics,Bristol,Rhode Island,US,02809
StoryPulse Media,storypulsemedia.com,storypulsemedia.com,https://www.linkedin.com/company/storypulsemedia,,Consumer Electronics,Cumberland,Rhode Island,US,02864
Star Automation,starautomation.com,starautomation.com,https://www.linkedin.com/company/star-automation-inc,,Consumer Electronics,East Providence,Rhode Island,US,02914
Flint Audio Video,flint-audio.com,flint-audio.com,https://www.linkedin.com/company/flint-audio-video,,Consumer Electronics,Middletown,Rhode Island,US,02842
J. Arthur & Co.,jarthur.co,jarthur.co,https://www.linkedin.com/company/jarthurco,,Consumer Electronics,Newport,Rhode Island,US,02840
ADB Media,adbmedia.com,adbmedia.com,https://www.linkedin.com/company/adb-media,,Consumer Electronics,North Providence,Rhode Island,US,02911
Aquidneck Island Technologies,aqtechri.com,aqtechri.com,https://www.linkedin.com/company/aq-techri,,Consumer Electronics,Portsmouth,Rhode Island,US,02871
Controller Service Sales Co,controllerservice.com,controllerservice.com,https://www.linkedin.com/company/controller-service-&-sales-inc-,,Consumer Electronics,Providence,Rhode Island,US,02905
Secure Future Tech Solutions,securefuturetech.com,securefuturetech.com,https://www.linkedin.com/company/pc-troubleshooters-inc.,,Consumer Electronics,Warwick,Rhode Island,US,02886
Advanced Integrated Controls,hiltonheadhometheater.com,hiltonheadhometheater.com,https://www.linkedin.com/company/5899062,,Consumer Electronics,Bluffton,South Carolina,US,29910
Arc Angel Electric,arcangelelectric.com,arcangelelectric.com,https://www.linkedin.com/company/arc-angel-electric,,Consumer Electronics,Bluffton,South Carolina,US,29910
CAV Integrated Home,cavintegratedhome.com,cavintegratedhome.com,https://www.linkedin.com/company/cavintegratedhome,,Consumer Electronics,Bluffton,South Carolina,US,29910
Summit Services,callsummitservices.com,callsummitservices.com,https://www.linkedin.com/company/summit-services-heating-and-air,,Consumer Electronics,Bluffton,South Carolina,US,29910
AV Connections,avconnectionssc.com,avconnectionssc.com,https://www.linkedin.com/company/av-connections,,Consumer Electronics,Charleston,South Carolina,US,29407
Home Telecom - Daniel Island,homesc.com,homesc.com,https://www.linkedin.com/company/home-telephone-company,,Consumer Electronics,Charleston,South Carolina,US,29492
REI Automation Inc,hahnautomation.group,hahnautomation.group,https://www.linkedin.com/company/hahnautomationgroup,,Consumer Electronics,Columbia,South Carolina,US,29209
KYOCERA AVX Components Corporation,kyocera-avx.com,kyocera-avx.com,https://www.linkedin.com/company/kavxcorp,,Consumer Electronics,Fountain Inn,South Carolina,US,29644
Electric Soul,electricsoulcreative.com,electricsoulcreative.com,https://www.linkedin.com/company/electric-soul,,Consumer Electronics,Greenville,South Carolina,US,29607
Find TV Installer,findtvinstaller.com,findtvinstaller.com,https://www.linkedin.com/company/grandcentralwiring,,Consumer Electronics,Greenville,South Carolina,US,29608
Fusion Audio + Video,fusionaudiovideo.com,fusionaudiovideo.com,https://www.linkedin.com/company/fusion-systems,,Consumer Electronics,Greenville,South Carolina,US,29601
Gexpro,gexpro.com,gexpro.com,https://www.linkedin.com/company/gexpro,,Consumer Electronics,Greenville,South Carolina,US,29607
Grand Central Wiring,grandcentralwiring.com,grandcentralwiring.com,https://www.linkedin.com/company/grandcentralwiring,,Consumer Electronics,Greenville,South Carolina,US,29608
Koops Automation Systems,koops.com,koops.com,https://www.linkedin.com/company/koops-automation-systems,,Consumer Electronics,Greenville,South Carolina,US,29605
"Liquid Video Technologies, Inc.",liquidvideotechnologies.com,liquidvideotechnologies.com,https://www.linkedin.com/company/liquid-video-technologies-inc,,Consumer Electronics,Greenville,South Carolina,US,29615
RELANT Automation - South Carolina,relant-us.com,relant-us.com,https://www.linkedin.com/company/relant-automation,,Consumer Electronics,Greenville,South Carolina,US,29607
"TELECO, Inc.",teleco.com,teleco.com,https://www.linkedin.com/company/teleco-inc.,,Consumer Electronics,Greenville,South Carolina,US,29607
"Ambrosic Home Theater Designs, LLC",ahtdesigns.com,ahtdesigns.com,https://www.linkedin.com/company/ambrosichometheaterdesigns,,Consumer Electronics,Hilton Head Island,South Carolina,US,29928
"Advanced Video Group, Inc.",avgroup-sc.com,avgroup-sc.com,https://www.linkedin.com/company/advanced-video-group,,Consumer Electronics,Irmo,South Carolina,US,29063
Tech Guide,techguide.net,techguide.net,https://www.linkedin.com/company/mytechguide,,Consumer Electronics,Lexington,South Carolina,US,29072
Powerful Electrical LLC,powerfulelectricalllc.com,powerfulelectricalllc.com,https://www.linkedin.com/company/powerful-electrical-llc,,Consumer Electronics,North Charleston,South Carolina,US,29404
Premiere Automation LLC,premiereautomation.com,premiereautomation.com,https://www.linkedin.com/company/premiere-automation,,Consumer Electronics,North Charleston,South Carolina,US,29418
GenX Security Solutions,genxsecurity.com,genxsecurity.com,https://www.linkedin.com/company/genxsecuritysolutions,,Consumer Electronics,Piedmont,South Carolina,US,29673
"Custom Security Specialists, Inc.",customsecure.com,customsecure.com,https://www.linkedin.com/company/4068248,,Consumer Electronics,Ridgeland,South Carolina,US,29936
Amteck Technologies,amteck.com,amteck.com,https://www.linkedin.com/company/amteck,,Consumer Electronics,West Columbia,South Carolina,US,29169
ProMount Mounting and Tech Solutions LLC,promountech.com,promountech.com,https://www.linkedin.com/company/wix-com,,Consumer Electronics,Bartlett,Tennessee,US,38134
Symspire,symspire.com,symspire.com,https://www.linkedin.com/company/symspire,,Consumer Electronics,Brentwood,Tennessee,US,37027
Lincoln Electric Automation - Chattanooga,tennrand.com,tennrand.com,https://www.linkedin.com/company/tennessee-rand,,Consumer Electronics,Chattanooga,Tennessee,US,37405
NY SYSTEMS INC.,ny-systems.com,ny-systems.com,https://www.linkedin.com/company/ny-systems-inc.,,Consumer Electronics,Chattanooga,Tennessee,US,37403
"NetGain Technologies, LLC",netgainit.com,netgainit.com,https://www.linkedin.com/company/netgain-technologies-llc,,Consumer Electronics,Chattanooga,Tennessee,US,37421
Smart Systems,smartsysinc.com,smartsysinc.com,https://www.linkedin.com/company/smarthomes-chattanooga,,Consumer Electronics,Chattanooga,Tennessee,US,37343
Tekwell Panel Shop,tekwellservices.com,tekwellservices.com,https://www.linkedin.com/company/tekwell-services,,Consumer Electronics,Chattanooga,Tennessee,US,37408
Tennessee Aquarium IMAX Theater,tnaqua.org,tnaqua.org,https://www.linkedin.com/company/tennessee-aquarium,,Consumer Electronics,Chattanooga,Tennessee,US,37402
Turner Security,turnersecurity.us,turnersecurity.us,https://www.linkedin.com/company/turner-security-company,,Consumer Electronics,Chattanooga,Tennessee,US,37421
eSecurityTech,esecuritytech.com,esecuritytech.com,https://www.linkedin.com/company/esecuritytech,,Consumer Electronics,Chattanooga,Tennessee,US,37408
IPS - Integrated Production Solutions,ips.live,ips.live,https://www.linkedin.com/company/integrated-production-solutions,,Consumer Electronics,Franklin,Tennessee,US,37067
Integrity Audio & Video,integrityav.net,integrityav.net,https://www.linkedin.com/company/integrity-audio-&-video,,Consumer Electronics,Franklin,Tennessee,US,37067
Informed Logic LLC,informedlogic.com,informedlogic.com,https://www.linkedin.com/company/informed-logic-llc,,Consumer Electronics,Knoxville,Tennessee,US,37938
KnoxCET LLC,knoxcet.com,knoxcet.com,https://www.linkedin.com/company/knoxcet-llc,,Consumer Electronics,Knoxville,Tennessee,US,37922
Lloyd's Electric Service,lloydselectricservice.com,lloydselectricservice.com,https://www.linkedin.com/company/lloyd%27s-electric-service-inc-,,Consumer Electronics,Knoxville,Tennessee,US,37931
Loch & Key Productions,lochandkeyproductions.com,lochandkeyproductions.com,https://www.linkedin.com/company/lochkeyvideo,,Consumer Electronics,Knoxville,Tennessee,US,37917
Automation Nth,automationnth.com,automationnth.com,https://www.linkedin.com/company/automation-nth,,Consumer Electronics,La Vergne,Tennessee,US,37086
"Logical Systems, LLC",logicalsysinc.com,logicalsysinc.com,https://www.linkedin.com/company/logicalsysinc,,Consumer Electronics,Memphis,Tennessee,US,38133
"Memphis Audio, LLC.",memphisaudio.com,memphisaudio.com,https://www.linkedin.com/company/memphis-audio,,Consumer Electronics,Memphis,Tennessee,US,38133
Mobile Vision Technologies,mobilevisiontechnologies.com,mobilevisiontechnologies.com,https://www.linkedin.com/company/mobile-vision-technologies,,Consumer Electronics,Memphis,Tennessee,US,38112
CMAV,cm-audiovisual.com,cm-audiovisual.com,https://www.linkedin.com/company/corporate-meeting-av,,Consumer Electronics,Nashville,Tennessee,US,37238
"M3 Technology Group, Inc.",m3techgroup.com,m3techgroup.com,https://www.linkedin.com/company/m3-technology-group-inc,,Consumer Electronics,Nashville,Tennessee,US,37217
NCA Alarms,nca-alarms.com,nca-alarms.com,https://www.linkedin.com/company/national-certified-alarms-inc,,Consumer Electronics,Nashville,Tennessee,US,37209
Smart Tech Solutions,wearesmarttech.com,wearesmarttech.com,https://www.linkedin.com/company/nashvillesmarthomes,,Consumer Electronics,Nashville,Tennessee,US,37210
Solotech - Nashville,solotech.com,solotech.com,https://www.linkedin.com/company/solotech-inc.,,Consumer Electronics,Nashville,Tennessee,US,37013
Spring Automation,springautomation.com,springautomation.com,https://www.linkedin.com/company/spring-automation,,Consumer Electronics,Nashville,Tennessee,US,37204
"CinemaTech Home Theater Seating, Design, & Showroom",mycinematech.com,mycinematech.com,https://www.linkedin.com/company/cinematech-inc-,,Consumer Electronics,Addison,Texas,US,75001
"MediaHead, LLC",mediahead.co,mediahead.co,https://www.linkedin.com/company/mediahead-llc,,Consumer Electronics,Addison,Texas,US,75001
Texadia Systems LLC,texadiasystems.com,texadiasystems.com,https://www.linkedin.com/company/texadia-systems,,Consumer Electronics,Addison,Texas,US,75001
Wired Technology Solutions,wired-ts.com,wired-ts.com,https://www.linkedin.com/company/wix-com,,Consumer Electronics,Anna,Texas,US,75409
Profocus Home Entertainment,profocushe.com,profocushe.com,https://www.linkedin.com/company/profocus-audio-video-inc,,Consumer Electronics,Aubrey,Texas,US,76227
AAA Control,goaaacontrol.com,goaaacontrol.com,https://www.linkedin.com/company/aaa-control-llc,,Consumer Electronics,Austin,Texas,US,78704
Electra Link,electralink.com,electralink.com,https://www.linkedin.com/company/electra-link,,Consumer Electronics,Austin,Texas,US,78759
HAAS Home Technologies,haasht.com,haasht.com,https://www.linkedin.com/company/haas-home-technologies,,Consumer Electronics,Austin,Texas,US,78702
HomePro,homeprotech.com,homeprotech.com,https://www.linkedin.com/company/homepro-inc.,,Consumer Electronics,Austin,Texas,US,78758
Homeva,thehomeva.com,thehomeva.com,https://www.linkedin.com/company/homeva,,Consumer Electronics,Austin,Texas,US,78757
"Maestro Integrations, LLC",maestrointegrations.com,maestrointegrations.com,https://www.linkedin.com/company/maestro-integrations-llc,,Consumer Electronics,Austin,Texas,US,78758
Simple AV,simpleavaustintx.com,simpleavaustintx.com,https://www.linkedin.com/company/simpleavaustin,,Consumer Electronics,Austin,Texas,US,78752
SmartHauz,smarthauz.me,smarthauz.me,https://www.linkedin.com/company/smarthauz,,Consumer Electronics,Austin,Texas,US,78701
Total Home Technologies,totalhometx.com,totalhometx.com,https://www.linkedin.com/company/total-home-technologies,,Consumer Electronics,Austin,Texas,US,78757
DeVance Electronic Lifestyle,devance.tv,devance.tv,https://www.linkedin.com/company/devance-av-design-llc,,Consumer Electronics,Carrollton,Texas,US,75006
Bennett Technologies,gobentec.com,gobentec.com,https://www.linkedin.com/company/gobentec,,Consumer Electronics,Cedar Park,Texas,US,78613
Service Tech Inc,servicetechav.com,servicetechav.com,https://www.linkedin.com/company/service-tech-lsav,,Consumer Electronics,Cedar Park,Texas,US,78613
mero CONCEPTS,meroconcepts.com,meroconcepts.com,https://www.linkedin.com/company/mero-concepts,,Consumer Electronics,Cedar Park,Texas,US,78613
Circle Industries,circleind.com,circleind.com,https://www.linkedin.com/company/circle-industries-inc.,,Consumer Electronics,Corpus Christi,Texas,US,78418
High Touch Technologies,hightouchtechnologies.com,hightouchtechnologies.com,https://www.linkedin.com/company/high-touch-technologies,,Consumer Electronics,Corpus Christi,Texas,US,78411
NRG Engineering,nrgcc.com,nrgcc.com,https://www.linkedin.com/company/nrgcc,,Consumer Electronics,Corpus Christi,Texas,US,78411
Capitol Technology Group,capitoltechnologygroup.com,capitoltechnologygroup.com,https://www.linkedin.com/company/capitoltechnologygroup,,Consumer Electronics,Cypress,Texas,US,77429
Audio Video Solutions,audiovideosolutions.org,audiovideosolutions.org,https://www.linkedin.com/company/audio-video-solutions-dfw,,Consumer Electronics,Dallas,Texas,US,75230
Evolve Technologies,evolvedallas.com,evolvedallas.com,https://www.linkedin.com/company/evolvedallas,,Consumer Electronics,Dallas,Texas,US,75208
Integrated Lifestyles,integratedlifestylesinc.com,integratedlifestylesinc.com,https://www.linkedin.com/company/integrated-lifestyles,,Consumer Electronics,Dallas,Texas,US,75243
Metroplex Smart Homes,metroplexsmarthomes.com,metroplexsmarthomes.com,https://www.linkedin.com/company/metroplex-smart-homes,,Consumer Electronics,Dallas,Texas,US,75247
Showtech Productions Inc,showtechproductions.com,showtechproductions.com,https://www.linkedin.com/company/2412988,,Consumer Electronics,Dallas,Texas,US,75247
TruDefinition,trudefinition.com,trudefinition.com,https://www.linkedin.com/company/trudefinition,,Consumer Electronics,Dallas,Texas,US,75208
YES INSTALLATION,yesinstallation.com,yesinstallation.com,https://www.linkedin.com/company/yes-audio-video,,Consumer Electronics,Dallas,Texas,US,75228
AWS Smart Home,awssmarthome.com,awssmarthome.com,https://www.linkedin.com/company/aws-smart-home,,Consumer Electronics,DeSoto,Texas,US,75115
Everon,everonsolutions.com,everonsolutions.com,https://www.linkedin.com/company/everon-solutions,,Consumer Electronics,El Paso,Texas,US,79936
"PC Automated Controls, Inc.",pcautomatedcontrols.com,pcautomatedcontrols.com,https://www.linkedin.com/company/pc-automated-controls-inc.,,Consumer Electronics,El Paso,Texas,US,79924
Home Theater Design Group,h-t-d.com,h-t-d.com,https://www.linkedin.com/company/home-theater-design-group,,Consumer Electronics,Farmers Branch,Texas,US,75244
Audio Video Solutions,avsolutionstx.com,avsolutionstx.com,https://www.linkedin.com/company/audio-video-solutions-denton,,Consumer Electronics,Flower Mound,Texas,US,75022
Chisholm Security,chisholmsecurity.com,chisholmsecurity.com,https://www.linkedin.com/company/chisholm-security,,Consumer Electronics,Fort Worth,Texas,US,76132
DFW Security,dfwsecurity.com,dfwsecurity.com,https://www.linkedin.com/company/dfw-security,,Consumer Electronics,Fort Worth,Texas,US,76118
Jarvis Smart Homes,jarvissmarthomes.com,jarvissmarthomes.com,https://www.linkedin.com/company/jarvis-smart-homes,,Consumer Electronics,Friendswood,Texas,US,77546
Texas Automation Systems,txautosys.com,txautosys.com,https://www.linkedin.com/company/texas-automation-systems,,Consumer Electronics,Grand Prairie,Texas,US,75050
Video General,videogeneral.com,videogeneral.com,https://www.linkedin.com/company/video-general-inc.,,Consumer Electronics,Grand Prairie,Texas,US,75050
"AGPAV, LLC",agpav.com,agpav.com,https://www.linkedin.com/company/agpav-llc,,Consumer Electronics,Grapevine,Texas,US,76051
Smart Home Construction,smarthomeconstruction.com,smarthomeconstruction.com,https://www.linkedin.com/company/smart-home-construction-ltd,,Consumer Electronics,Harlingen,Texas,US,78552
CTI - Houston,cti.com,cti.com,https://www.linkedin.com/company/conference-technologies,,Consumer Electronics,Houston,Texas,US,77055
Datasmart Home Technologies & Duncan Security Technology Showroom,datasmartllc.com,datasmartllc.com,https://www.linkedin.com/company/datasmart-duncansecurity,,Consumer Electronics,Houston,Texas,US,77064
FE Smart Home,fesmarthome.com,fesmarthome.com,https://www.linkedin.com/company/fe-solutions,,Consumer Electronics,Houston,Texas,US,77057
Grid HiFi & Home Theater,gridhifi.com,gridhifi.com,https://www.linkedin.com/company/grid-hifi,,Consumer Electronics,Houston,Texas,US,77081
Hargrett Electronics LLC,hargrettelectronics.com,hargrettelectronics.com,https://www.linkedin.com/company/hargrett-electronics,,Consumer Electronics,Houston,Texas,US,77079
Houston Custom Installers,houstoncustominstallers.com,houstoncustominstallers.com,https://www.linkedin.com/company/houstoncustominstallers,,Consumer Electronics,Houston,Texas,US,77056
Logan Home Theater & Automation,loganhometheater.com,loganhometheater.com,https://www.linkedin.com/company/logan-home-theater-automation,,Consumer Electronics,Houston,Texas,US,77099
Media Systems Inc.,mediasystems.com,mediasystems.com,https://www.linkedin.com/company/media-systems-inc.,,Consumer Electronics,Houston,Texas,US,77024
NXT Level Smart Home,nxtlevelsmarthome.com,nxtlevelsmarthome.com,https://www.linkedin.com/company/nxt-level-smart-home-llc,,Consumer Electronics,Houston,Texas,US,77043
Noslar Ti,noslarti.com,noslarti.com,https://www.linkedin.com/company/noslar-t-i-inc-,,Consumer Electronics,Houston,Texas,US,77092
Otwav,otwav.com,otwav.com,https://www.linkedin.com/company/officialotwav,,Consumer Electronics,Houston,Texas,US,77036
Relative Home Systems,relativehomesystems.com,relativehomesystems.com,https://www.linkedin.com/company/relative-home-systems,,Consumer Electronics,Houston,Texas,US,77069
SmartNUP,smartnuphomeautomation.com,smartnuphomeautomation.com,https://www.linkedin.com/company/smartnupllc,,Consumer Electronics,Houston,Texas,US,77042
TWIST Integration Solutions Technology (a TapeWorks Texas company),twistist.com,twistist.com,https://www.linkedin.com/company/twistist,,Consumer Electronics,Houston,Texas,US,77092
Titan Technology,titantechnology.tv,titantechnology.tv,https://www.linkedin.com/company/titan-technology-llc,,Consumer Electronics,Houston,Texas,US,77082
Unique HD Audio Video Designs,uniquehd.net,uniquehd.net,https://www.linkedin.com/company/unique-hd,,Consumer Electronics,Houston,Texas,US,77055
Way Better Sound and Visuals,wbsav.com,wbsav.com,https://www.linkedin.com/company/way-better-sound,,Consumer Electronics,Houston,Texas,US,77018
Xtreme Audio & Video,xtreme-audio-video.com,xtreme-audio-video.com,https://www.linkedin.com/company/xtreme-audio-and-video,,Consumer Electronics,Houston,Texas,US,77033
Clover Automation & Design,clovermyhome.com,clovermyhome.com,https://www.linkedin.com/company/cloverautomationanddesign,,Consumer Electronics,Hurst,Texas,US,76053
"Next Electronic Systems, Inc.",nextav.com,nextav.com,https://www.linkedin.com/company/next-electronic-systems-inc-,,Consumer Electronics,Lakeway,Texas,US,78734
Genesis Home Theater & Hi-Fi,genesishts.com,genesishts.com,https://www.linkedin.com/company/genesis-home-theater-systems,,Consumer Electronics,Lewisville,Texas,US,75056
IGS Homeworks,igshomeworks.com,igshomeworks.com,https://www.linkedin.com/company/sellviadropshipping,,Consumer Electronics,Magnolia,Texas,US,77354
Simplified Integrations,simplifiedintegrations.com,simplifiedintegrations.com,https://www.linkedin.com/company/simplified-integrations,,Consumer Electronics,Magnolia,Texas,US,77355
"Infinity Sound, Ltd",infinity-sound.com,infinity-sound.com,https://www.linkedin.com/company/infinity-sound-co.,,Consumer Electronics,Mansfield,Texas,US,76063
D-Tronics Home & Business,dtronicshomeandbusiness.com,dtronicshomeandbusiness.com,https://www.linkedin.com/company/home-entertainment-by-d-tronics,,Consumer Electronics,McAllen,Texas,US,78501
D-Tronics Security,dtronicssecurity.com,dtronicssecurity.com,https://www.linkedin.com/company/home-entertainment-by-d-tronics,,Consumer Electronics,McAllen,Texas,US,78504
Intelligent Engineering Services,ie-services.com,ie-services.com,https://www.linkedin.com/company/intelligent-engineering-services-llp,,Consumer Electronics,McAllen,Texas,US,78501
Lamps Plus,lampsplus.com,lampsplus.com,https://www.linkedin.com/company/lamps-plus,,Consumer Electronics,Plano,Texas,US,75093
"Sound Ideas Production Group, Inc.",soundideastx.com,soundideastx.com,https://www.linkedin.com/company/sipg,,Consumer Electronics,Plano,Texas,US,75074
"Tyler Technologies, Inc.",tylertech.com,tylertech.com,https://www.linkedin.com/company/tyler-technologies,,Consumer Electronics,Plano,Texas,US,75024
"Master Video Systems, Inc.",mastervideo.net,mastervideo.net,https://www.linkedin.com/company/master-video-systems-inc-,,Consumer Electronics,Rockwall,Texas,US,75087
Raptor IT Solutions,raptor.solutions,raptor.solutions,https://www.linkedin.com/company/raptor-it-solutions,,Consumer Electronics,Rockwall,Texas,US,75032
"Hyatt Technical Services, Inc.",hytechservices.com,hytechservices.com,https://www.linkedin.com/company/hyatt-technical-services-inc-,,Consumer Electronics,Rowlett,Texas,US,75088
APEX Smart Home,getapexsmart.com,getapexsmart.com,https://www.linkedin.com/company/apex-smart-home-protection,,Consumer Electronics,San Antonio,Texas,US,78229
"AV Calibrations, LLC",avcalibrationstx.com,avcalibrationstx.com,https://www.linkedin.com/company/av-calibrations-llc,,Consumer Electronics,San Antonio,Texas,US,78216
AV Technical Support,avtechnicalsupport.com,avtechnicalsupport.com,https://www.linkedin.com/company/av-technical-support,,Consumer Electronics,San Antonio,Texas,US,78233
Alamo TV Mounting Service,alamotvmountingservice.com,alamotvmountingservice.com,https://www.linkedin.com/company/alamo-tv-mounting-service,,Consumer Electronics,San Antonio,Texas,US,78202
Chorus Security,callchorus.com,callchorus.com,https://www.linkedin.com/company/callchorus,,Consumer Electronics,San Antonio,Texas,US,78216
EControls,econtrols.com,econtrols.com,https://www.linkedin.com/company/econtrols,,Consumer Electronics,San Antonio,Texas,US,78249
Hunter Service Group,hunterservicegroup.com,hunterservicegroup.com,https://www.linkedin.com/company/hunter-service-group,,Consumer Electronics,San Antonio,Texas,US,78249
Lonestar Electric Supply,lonestarelectricsupply.com,lonestarelectricsupply.com,https://www.linkedin.com/company/lonestar,,Consumer Electronics,San Antonio,Texas,US,78217
Markey's AV,markeys.com,markeys.com,https://www.linkedin.com/company/markeys-experiences,,Consumer Electronics,San Antonio,Texas,US,78258
Texas AVL,texasavl.com,texasavl.com,https://www.linkedin.com/company/texasavl,,Consumer Electronics,San Antonio,Texas,US,78205
Vivint,vivint.com,vivint.com,https://www.linkedin.com/company/vivint,,Consumer Electronics,San Antonio,Texas,US,78256
Grizzly Tec,grizzlytec.com,grizzlytec.com,https://www.linkedin.com/company/grizzlytec,,Consumer Electronics,Spring,Texas,US,77386
Refined Systems,refinedsystems.com,refinedsystems.com,https://www.linkedin.com/company/refined-systems-llc,,Consumer Electronics,Spring,Texas,US,77373
i.e. Smart Systems,iesmartsystems.com,iesmartsystems.com,https://www.linkedin.com/company/iesmartsystems-l.l.c.,,Consumer Electronics,Spring,Texas,US,77373
Bravas Dallas-Fort Worth,bravas.com,bravas.com,https://www.linkedin.com/company/bravas-llc,,Consumer Electronics,The Colony,Texas,US,75056
KBA Electric and Home Media Pros,homemediapros.com,homemediapros.com,https://www.linkedin.com/company/home-media-professionals,,Consumer Electronics,Tomball,Texas,US,77375
Smarter Homes,smarterhomesaustin.com,smarterhomesaustin.com,https://www.linkedin.com/company/33294282,,Consumer Electronics,West Lake Hills,Texas,US,78746
Show & Tell AV Solutions,showandtellav.com,showandtellav.com,https://www.linkedin.com/company/av-solutions-of-utah,,Consumer Electronics,Bountiful,Utah,US,84010
Philm Gear Audio Visual Solutions,philmgear.com,philmgear.com,https://www.linkedin.com/company/philm-gear-inc-,,Consumer Electronics,Draper,Utah,US,84020
Absolute AV,aavtechnology.com,aavtechnology.com,https://www.linkedin.com/company/absolute-audio-visuals,,Consumer Electronics,Murray,Utah,US,84123
Link AV,linkavutah.com,linkavutah.com,https://www.linkedin.com/company/link-av,,Consumer Electronics,Orem,Utah,US,84058
ATI of America/SOLUS,ati-america.com,ati-america.com,https://www.linkedin.com/company/ati-of-america,,Consumer Electronics,Park City,Utah,US,84060
Brite AV Solutions,briteav.com,briteav.com,https://www.linkedin.com/company/brite-av-solutions-llc,,Consumer Electronics,Park City,Utah,US,84098
Lifestyle Electronics,lifestyleelectronics.com,lifestyleelectronics.com,https://www.linkedin.com/company/lifestyle-electronics-1,,Consumer Electronics,Park City,Utah,US,84098
Lynk Engineers,lynkengineers.com,lynkengineers.com,https://www.linkedin.com/company/lynkengineers,,Consumer Electronics,Salt Lake City,Utah,US,84111
Take One Audiovisual,takeoneav.com,takeoneav.com,https://www.linkedin.com/company/takeoneav,,Consumer Electronics,Salt Lake City,Utah,US,84115
"Technology Providers, Inc.",technoprov.com,technoprov.com,https://www.linkedin.com/company/213896,,Consumer Electronics,Salt Lake City,Utah,US,84104
Visual Production Studios,visualproductionstudios.com,visualproductionstudios.com,https://www.linkedin.com/company/visual-production-studios,,Consumer Electronics,Salt Lake City,Utah,US,84117
WEBB Integration,webbintegration.com,webbintegration.com,https://www.linkedin.com/company/42921843,,Consumer Electronics,Salt Lake City,Utah,US,84104
Newport Audio Video & Electric,newport-ave.com,newport-ave.com,https://www.linkedin.com/company/newport-audio-video-&-electrical,,Consumer Electronics,South Jordan,Utah,US,84095
Smart Building Solutions DBA Intellivex,intellivex.com,intellivex.com,https://www.linkedin.com/company/intellivex,,Consumer Electronics,South Salt Lake,Utah,US,84115
Advanced Integrated Systems - Smart Home Automation & Home Theater,aisav.com,aisav.com,https://www.linkedin.com/company/utah-advanced-integrated-systems,,Consumer Electronics,Tremonton,Utah,US,84337
Audio Enhancement,audioenhancement.com,audioenhancement.com,https://www.linkedin.com/company/audioenhancement,,Consumer Electronics,West Jordan,Utah,US,84081
Vast Integration & Power,vastintegration.com,vastintegration.com,https://www.linkedin.com/company/vast-integration,,Consumer Electronics,West Jordan,Utah,US,84081
Controlled Products Systems Group,controlledproducts.com,controlledproducts.com,https://www.linkedin.com/company/controlled-products-systems-group,,Consumer Electronics,West Valley City,Utah,US,84120
Audio Visual Actions - Professional Video Filming,avactions.com,avactions.com,https://www.linkedin.com/company/audio-visual-actions-inc,,Consumer Electronics,Alexandria,Virginia,US,22304
Aegis Technologies - Security Services,aegistechnologies.com,aegistechnologies.com,https://www.linkedin.com/company/aegistechnologies,,Consumer Electronics,Ashburn,Virginia,US,20147
Smartwire LLC,smartwire360.com,smartwire360.com,https://www.linkedin.com/company/smartwire-llc,,Consumer Electronics,Ashland,Virginia,US,23005
Home Performance Masters,homeperformancemasters.com,homeperformancemasters.com,https://www.linkedin.com/company/home-performance-solutions,,Consumer Electronics,Burke,Virginia,US,22015
Security Technology Group,securitytechnologygroup.com,securitytechnologygroup.com,https://www.linkedin.com/company/securitytechnologygroup,,Consumer Electronics,Chesapeake,Virginia,US,23320
"DotSight Solutions, LLC",dotsightsolutions.com,dotsightsolutions.com,https://www.linkedin.com/company/dotsight-solutions-llc,,Consumer Electronics,Fairfax,Virginia,US,22030
Phoenix Home Services Inc,phoenixhomeservices.com,phoenixhomeservices.com,https://www.linkedin.com/company/phoenix-home-services-inc,,Consumer Electronics,Fairfax,Virginia,US,22031
Sonitrol of Greater Richmond,sonitrolrichmond.com,sonitrolrichmond.com,https://www.linkedin.com/company/sonitrol-of-greater-richmond-inc.,,Consumer Electronics,Henrico,Virginia,US,23238
Structured Cable of VA / Security Specialists Inc.,structuredcableofva.com,structuredcableofva.com,https://www.linkedin.com/company/structured-cable-of-va,,Consumer Electronics,Henrico,Virginia,US,23233
Code3AV Inc.,code3av.com,code3av.com,https://www.linkedin.com/company/code-3-av-inc-,,Consumer Electronics,Midlothian,Virginia,US,23113
Moseley Electronics,moseleyelectronics.com,moseleyelectronics.com,https://www.linkedin.com/company/moseley-electronics,,Consumer Electronics,Midlothian,Virginia,US,23113
Networking Technologies + Support,thinknts.com,thinknts.com,https://www.linkedin.com/company/networking-technologies-and-support-inc.,,Consumer Electronics,Midlothian,Virginia,US,23113
AMC Technology L.L.C,amctechnology.com,amctechnology.com,https://www.linkedin.com/company/amc-technology,,Consumer Electronics,Richmond,Virginia,US,23220
IT Support Company and managed IT Services Provider in Richmond | Hermetic Networks,hermeticnetworks.com,hermeticnetworks.com,https://www.linkedin.com/company/4979004,,Consumer Electronics,Richmond,Virginia,US,23235
Livewire,getlivewire.com,getlivewire.com,https://www.linkedin.com/company/livewire-llc,,Consumer Electronics,Richmond,Virginia,US,23230
Productive AV,productive-companies.com,productive-companies.com,https://www.linkedin.com/company/tsc-management,,Consumer Electronics,Richmond,Virginia,US,23230
Security Alarm Systems VA of Richmond,securityalarmsystemsva.com,securityalarmsystemsva.com,https://www.linkedin.com/company/security-alarm-corporation,,Consumer Electronics,Richmond,Virginia,US,23230
ASPIRE AUDIO VIDEO SOLUTIONS,aspireavs.com,aspireavs.com,https://www.linkedin.com/company/aspire-avs,,Consumer Electronics,Sterling,Virginia,US,20166
Dulles Electric,dulleselectric.com,dulleselectric.com,https://www.linkedin.com/company/dulles-electric-supply-corp,,Consumer Electronics,Sterling,Virginia,US,20166
Hogar Controls,hogarcontrols.com,hogarcontrols.com,https://www.linkedin.com/company/hogar-controls-india-pvt-ltd,,Consumer Electronics,Sterling,Virginia,US,20166
Metamorphosis Environments,metamorphosis.solutions,metamorphosis.solutions,https://www.linkedin.com/company/metamorphosis-environments,,Consumer Electronics,The Plains,Virginia,US,20198
Isoft Solutions LLC,isoftusa.net,isoftusa.net,https://www.linkedin.com/company/isoft-solutions-llc---usa,,Consumer Electronics,Virginia Beach,Virginia,US,23462
Studio Center,studiocenter.com,studiocenter.com,https://www.linkedin.com/company/studio-center,,Consumer Electronics,Virginia Beach,Virginia,US,23462
Eternity,eternitymarketing.com,eternitymarketing.com,https://www.linkedin.com/company/eternity-web,,Consumer Electronics,Burlington,Vermont,US,05401
infiswift,infiswift.com,infiswift.com,https://www.linkedin.com/company/infiswift-technologies,,Consumer Electronics,Burlington,Vermont,US,05401
Hen House Media LLC,henhousemedia.com,henhousemedia.com,https://www.linkedin.com/company/hen-house-media-llc,,Consumer Electronics,South Burlington,Vermont,US,05403
"Tech Group, Inc.",tgvt.net,tgvt.net,https://www.linkedin.com/company/the-tech-group-inc.,,Consumer Electronics,South Burlington,Vermont,US,05403
Byrne Electronic Services Center,radioshack.com,radioshack.com,https://www.linkedin.com/company/radioshack,,Consumer Electronics,St Johnsbury,Vermont,US,05819
Beyond Hi-Fi,beyondhifi.com,beyondhifi.com,https://www.linkedin.com/company/beyond-hi-fi,,Consumer Electronics,Bellevue,Washington,US,98005
C2S Technologies Inc. USA,c2stechs.com,c2stechs.com,https://www.linkedin.com/company/c2stechs,,Consumer Electronics,Bellevue,Washington,US,98007
Cielo WiGle,cielowigle.com,cielowigle.com,https://www.linkedin.com/company/cielowigle,,Consumer Electronics,Bellevue,Washington,US,98007
Definitive Seattle Experience Center,definitive.com,definitive.com,https://www.linkedin.com/company/definitive-audio,,Consumer Electronics,Bellevue,Washington,US,98007
ITTIA,ittia.com,ittia.com,https://www.linkedin.com/company/ittia,,Consumer Electronics,Bellevue,Washington,US,98004
Jacob Electric LLC,jacobelect.com,jacobelect.com,https://www.linkedin.com/company/jacob-electric-group,,Consumer Electronics,Bellevue,Washington,US,98004
Smartsheet Inc,smartsheet.com,smartsheet.com,https://www.linkedin.com/company/smartsheet-com,,Consumer Electronics,Bellevue,Washington,US,98004
Audio Video Exclusives,avexclusives.com,avexclusives.com,https://www.linkedin.com/company/audio-video-exclusives,,Consumer Electronics,Edmonds,Washington,US,98026
AV Smart Solutions,avsmartsolutions.com,avsmartsolutions.com,https://www.linkedin.com/company/audio-visual-smart-solutions,,Consumer Electronics,Everett,Washington,US,98204
Protec Security & Smart Home - Tacoma WA,protecnw.com,protecnw.com,https://www.linkedin.com/company/red-services,,Consumer Electronics,Federal Way,Washington,US,98003
"RED Safety, Security, & Home Automation Systems",redsafety.com,redsafety.com,https://www.linkedin.com/company/red-services,,Consumer Electronics,Federal Way,Washington,US,98003
Agility AVL,agilityavl.com,agilityavl.com,https://www.linkedin.com/company/agility-avl,,Consumer Electronics,Fife,Washington,US,98424
"Tempest Technologies, LLC",tempest-av.com,tempest-av.com,https://www.linkedin.com/company/tempest-technologies-llc,,Consumer Electronics,Issaquah,Washington,US,98027
Visual Commands,visualcommands.com,visualcommands.com,https://www.linkedin.com/company/avidex,,Consumer Electronics,Issaquah,Washington,US,98027
Kele,kele.com,kele.com,https://www.linkedin.com/company/kele-inc.,,Consumer Electronics,Kent,Washington,US,98032
Rivas Technology Group,rivastechgroup.com,rivastechgroup.com,https://www.linkedin.com/company/rivas-technology-group,,Consumer Electronics,Kent,Washington,US,98032
Island House Assisted Living,mbkseniorliving.com,mbkseniorliving.com,https://www.linkedin.com/company/mbkseniorliving,,Consumer Electronics,Mercer Island,Washington,US,98040
JayMarc Custom Homes,jaymarchomes.com,jaymarchomes.com,https://www.linkedin.com/company/jaymarc-homes,,Consumer Electronics,Mercer Island,Washington,US,98040
Washington Smart Home Solutions,wa-smarthomesolutions.com,wa-smarthomesolutions.com,https://www.linkedin.com/company/wix-com,,Consumer Electronics,Monroe,Washington,US,98272
WAVE Designs,wavedesignsinc.com,wavedesignsinc.com,https://www.linkedin.com/company/wave-designs-seattle,,Consumer Electronics,Mountlake Terrace,Washington,US,98043
Elite Automation,eliteautomation.us,eliteautomation.us,https://www.linkedin.com/company/eliteautomation,,Consumer Electronics,Redmond,Washington,US,98052
LLUMINET LLC,lluminet.com,lluminet.com,https://www.linkedin.com/company/lluminet-llc,,Consumer Electronics,Renton,Washington,US,98058
Apex Energy Solutions,apexenergygroup.com,apexenergygroup.com,https://www.linkedin.com/company/apex-energy-group,,Consumer Electronics,Seattle,Washington,US,98118
Audio Visual Management Solutions,avms.com,avms.com,https://www.linkedin.com/company/pinnacle-live,,Consumer Electronics,Seattle,Washington,US,98134
Avalara,avalara.com,avalara.com,https://www.linkedin.com/company/avalara,,Consumer Electronics,Seattle,Washington,US,98104
Cloud1iT - Managed IT Support | IT Networks Support Seattle,cloud1it.com,cloud1it.com,https://www.linkedin.com/company/cloud1it,,Consumer Electronics,Seattle,Washington,US,98119
Deako,deako.com,deako.com,https://www.linkedin.com/company/deako,,Consumer Electronics,Seattle,Washington,US,98105
ERW Lighting,erwlighting.com,erwlighting.com,https://www.linkedin.com/company/erw-lighting-controls,,Consumer Electronics,Seattle,Washington,US,98108
Elluminati,elluminatiinc.com,elluminatiinc.com,https://www.linkedin.com/company/elluminati,,Consumer Electronics,Seattle,Washington,US,98104
"ExtraHop Networks, Inc.",extrahop.com,extrahop.com,https://www.linkedin.com/company/extrahop-networks,,Consumer Electronics,Seattle,Washington,US,98101
"Great Western Security, Inc.",greatwesternsecurity.com,greatwesternsecurity.com,https://www.linkedin.com/company/great-western-security-inc,,Consumer Electronics,Seattle,Washington,US,98117
Highspot,highspot.com,highspot.com,https://www.linkedin.com/company/highspot,,Consumer Electronics,Seattle,Washington,US,98121
Industrial Communications LLC,industrialcomm.net,industrialcomm.net,https://www.linkedin.com/company/industrial-communications-wa,,Consumer Electronics,Seattle,Washington,US,98134
Live Oak Audio Visual Inc,liveoakav.com,liveoakav.com,https://www.linkedin.com/company/live-oak-audio-visual-inc,,Consumer Electronics,Seattle,Washington,US,98108
Olis Robotics,olisrobotics.com,olisrobotics.com,https://www.linkedin.com/company/olisrobotics,,Consumer Electronics,Seattle,Washington,US,98104
One Workplace - Seattle Headquarters & Showroom,oneworkplace.com,oneworkplace.com,https://www.linkedin.com/company/one-workplace,,Consumer Electronics,Seattle,Washington,US,98108
PhishCloud,phishcloud.com,phishcloud.com,https://www.linkedin.com/company/18758150,,Consumer Electronics,Seattle,Washington,US,98134
Pipe17,pipe17.com,pipe17.com,https://www.linkedin.com/company/pipe17,,Consumer Electronics,Seattle,Washington,US,98121
React Audiovisual Systems,react-av.com,react-av.com,https://www.linkedin.com/company/react-audiovisual-systems,,Consumer Electronics,Seattle,Washington,US,98188
Seattle TV Mounting,seattle-tv-mounting.com,seattle-tv-mounting.com,https://www.linkedin.com/company/seattle-tv-mounting,,Consumer Electronics,Seattle,Washington,US,98107
SolTerra,solar.solterra.com,solar.solterra.com,https://www.linkedin.com/company/solterra-solar,,Consumer Electronics,Seattle,Washington,US,98134
TBH Sterling Inc.,tbhsterling.com,tbhsterling.com,https://www.linkedin.com/company/tbh-sterling-inc,,Consumer Electronics,Seattle,Washington,US,98108
WEBCON Inc.,webcon.com,webcon.com,https://www.linkedin.com/company/webcon,,Consumer Electronics,Seattle,Washington,US,98101
WatchGuard Technologies Inc,watchguard.com,watchguard.com,https://www.linkedin.com/company/watchguard-technologies,,Consumer Electronics,Seattle,Washington,US,98104
Yavar IT Solutions,yavar.it,yavar.it,https://www.linkedin.com/company/3591134,,Consumer Electronics,Seattle,Washington,US,98101
iGMS,igms.com,igms.com,https://www.linkedin.com/company/igmscom,,Consumer Electronics,Seattle,Washington,US,98101
iTrellis,itrellis.com,itrellis.com,https://www.linkedin.com/company/itrellis,,Consumer Electronics,Seattle,Washington,US,98104
VIP Production Northwest,vipproductionnw.com,vipproductionnw.com,https://www.linkedin.com/company/vip-production-nw,,Consumer Electronics,Spokane,Washington,US,99202
"Mainstream Electric, Heating, Cooling and Plumbing",mainstreamhomeservices.com,mainstreamhomeservices.com,https://www.linkedin.com/company/mainstream-electric-heating-cooling-plumbing,,Consumer Electronics,Spokane Valley,Washington,US,99216
Wipliance,wipliance.com,wipliance.com,https://www.linkedin.com/company/wipliance,,Consumer Electronics,Spokane Valley,Washington,US,99216
"Tapps Electric, Heating & Air",tappselectric.com,tappselectric.com,https://www.linkedin.com/company/tapps-electric,,Consumer Electronics,Sumner,Washington,US,98390
DUBREEZY ENTERTAINMENT,dubreezyent.com,dubreezyent.com,https://www.linkedin.com/company/dubreezy-entertainment,,Consumer Electronics,Tacoma,Washington,US,98402
Platt Electric Supply,platt.com,platt.com,https://www.linkedin.com/company/platt-electric-supply,,Consumer Electronics,Tacoma,Washington,US,98409
RSI Technologies LLC,rsitek.com,rsitek.com,https://www.linkedin.com/company/rsi-technologies-llc,,Consumer Electronics,Tacoma,Washington,US,98444
Visual Options Inc,visualoptions.net,visualoptions.net,https://www.linkedin.com/company/visual-options,,Consumer Electronics,Tacoma,Washington,US,98409
Gray Media Productions,graymp.com,graymp.com,https://www.linkedin.com/company/gray-media-productions,,Consumer Electronics,University Place,Washington,US,98466
"Myers Kent Industries, Inc. (formerly Myers Electric and Automation Inc.)",myerskent.com,myerskent.com,https://www.linkedin.com/company/myers-kent-industries,,Consumer Electronics,Vancouver,Washington,US,98661
Suess Electronics,suesselectronics.com,suesselectronics.com,https://www.linkedin.com/company/suess-electronics,,Consumer Electronics,Appleton,Wisconsin,US,54914
IQ Automation,iqautomation.net,iqautomation.net,https://www.linkedin.com/company/iqautomationllc,,Consumer Electronics,Brookfield,Wisconsin,US,53072
Apex Audio/Video,apexavwi.com,apexavwi.com,https://www.linkedin.com/company/apex-audio-video-wi,,Consumer Electronics,Brown Deer,Wisconsin,US,53223
American Home Consultants,madisoninsulation.com,madisoninsulation.com,https://www.linkedin.com/company/zander-solutions-llc,,Consumer Electronics,DeForest,Wisconsin,US,53532
Automation Solutions LLC,automationsolutionsllc.com,automationsolutionsllc.com,https://www.linkedin.com/company/automation-solutions-llc,,Consumer Electronics,Germantown,Wisconsin,US,53022
InfoCor,infocor.com,infocor.com,https://www.linkedin.com/company/infocor,,Consumer Electronics,Germantown,Wisconsin,US,53022
"Smart Automation Solutions, LLC",smartroboticautomationsolutions.com,smartroboticautomationsolutions.com,https://www.linkedin.com/company/smart-automation-solutions-llc,,Consumer Electronics,Hartland,Wisconsin,US,53029
Superior Technologies,superiortechwi.com,superiortechwi.com,https://www.linkedin.com/company/superior-technologies-llc,,Consumer Electronics,Janesville,Wisconsin,US,53546
Dunn Lumber - Hardware & Rental,dunnlbr.com,dunnlbr.com,https://www.linkedin.com/company/30090857,,Consumer Electronics,Lake Geneva,Wisconsin,US,53147
Grand Welcome Lake Geneva Vacation Rental Management,lakegenevahost.com,lakegenevahost.com,https://www.linkedin.com/company/grand-welcome-orange-beach,,Consumer Electronics,Lake Geneva,Wisconsin,US,53147
Lake Geneva Cruise Line,cruiselakegeneva.com,cruiselakegeneva.com,https://www.linkedin.com/company/lake-geneva-cruise-line-gage,,Consumer Electronics,Lake Geneva,Wisconsin,US,53147
Maxwell Mansion Hotel,staymaxwell.com,staymaxwell.com,https://www.linkedin.com/company/maxwell-mansion,,Consumer Electronics,Lake Geneva,Wisconsin,US,53147
Studio M Interiors,studiom-int.com,studiom-int.com,https://www.linkedin.com/company/studio-m-interiors-llc,,Consumer Electronics,Lake Geneva,Wisconsin,US,53147
Verizon,victra.com,victra.com,https://www.linkedin.com/company/victra,,Consumer Electronics,Lake Geneva,Wisconsin,US,53147
Audacy,audacyinc.com,audacyinc.com,https://www.linkedin.com/company/audacy-inc,,Consumer Electronics,Madison,Wisconsin,US,53719
Automation Arts,automationarts.com,automationarts.com,https://www.linkedin.com/company/automation-arts-inc,,Consumer Electronics,Madison,Wisconsin,US,53718
"Integral Building Systems, Inc.",ibsystemsinc.com,ibsystemsinc.com,https://www.linkedin.com/company/integral-building-systems-inc,,Consumer Electronics,Madison,Wisconsin,US,53713
Madison Pro Audio,madisonproaudio.com,madisonproaudio.com,https://www.linkedin.com/company/madison-pro-audio,,Consumer Electronics,Madison,Wisconsin,US,53714
Requisite Video Productions,requisitevideo.com,requisitevideo.com,https://www.linkedin.com/company/331766,,Consumer Electronics,Madison,Wisconsin,US,53704
Spoken Frame Media,spokenframemedia.com,spokenframemedia.com,https://www.linkedin.com/company/spokenframemedia,,Consumer Electronics,Madison,Wisconsin,US,53719
Lightman Technology,lightmantechnology.com,lightmantechnology.com,https://www.linkedin.com/company/lightman-technology-llc,,Consumer Electronics,McFarland,Wisconsin,US,53558
Wisconsin Audio Video,wisconsin-audiovideo.com,wisconsin-audiovideo.com,https://www.linkedin.com/company/wisconsin-audio-video,,Consumer Electronics,McFarland,Wisconsin,US,53558
Avenue Systems,avenue.systems,avenue.systems,https://www.linkedin.com/company/avenue-systems,,Consumer Electronics,Milwaukee,Wisconsin,US,53212
Design House,todaysdesignhouse.com,todaysdesignhouse.com,https://www.linkedin.com/company/dhi-corp,,Consumer Electronics,Milwaukee,Wisconsin,US,53205
Professional Audio Designs Inc,proaudiodesigns.com,proaudiodesigns.com,https://www.linkedin.com/company/professional-audio-designs-inc.,,Consumer Electronics,Milwaukee,Wisconsin,US,53226
RedBird Technology Solutions (IT Services and Security Camera Installations),redbirdit.net,redbirdit.net,https://www.linkedin.com/company/redbirdmke-itservices,,Consumer Electronics,Milwaukee,Wisconsin,US,53226
SmartMeasurement - Flow Meter Manufacturer,smartmeasurement.com,smartmeasurement.com,https://www.linkedin.com/company/smartmeasurement-llc,,Consumer Electronics,Milwaukee,Wisconsin,US,53226
Complex Security Solutions Inc.,complexsecuritysolutions.com,complexsecuritysolutions.com,https://www.linkedin.com/company/complex-security-solutions-inc.,,Consumer Electronics,New Berlin,Wisconsin,US,53151
"Audio Video Pros, Inc.",theaudiovideopros.com,theaudiovideopros.com,https://www.linkedin.com/company/theaudiovideopros,,Consumer Electronics,Onalaska,Wisconsin,US,54650
Sound Specialty Co,soundspecialty.biz,soundspecialty.biz,https://www.linkedin.com/company/sound-specialty-company,,Consumer Electronics,Racine,Wisconsin,US,53405
"Naviant, Inc.",naviant.com,naviant.com,https://www.linkedin.com/company/naviant-llc,,Consumer Electronics,Verona,Wisconsin,US,53593
Wisconsin Automation,wisconsinautomation.com,wisconsinautomation.com,https://www.linkedin.com/company/wisconsin-automation,,Consumer Electronics,Wales,Wisconsin,US,53183
Pulse Automation & Security LLC,pulse-automation.com,pulse-automation.com,https://www.linkedin.com/company/pulseautomationsecurity,,Consumer Electronics,Waunakee,Wisconsin,US,53597
Associated Technical Services Inc,atswi.com,atswi.com,https://www.linkedin.com/company/6649416,,Consumer Electronics,West Allis,Wisconsin,US,53214
Encore Sight & Sound,encoresightandsound.com,encoresightandsound.com,https://www.linkedin.com/company/60394698,,Consumer Electronics,Cheyenne,Wyoming,US,82009
ALARMLOGIX,alarmlogix.com,alarmlogix.com,https://www.linkedin.com/company/alarmlogix,,Consumer Electronics,Jackson,Wyoming,US,83001
"Premiere SAV Jackson, WY",premieresav.com,premieresav.com,https://www.linkedin.com/company/premieresav,,Consumer Electronics,Jackson,Wyoming,US,83001
Sourcetech Services Inc,sourcetechservicesinc.com,sourcetechservicesinc.com,https://www.linkedin.com/company/sourcetech-services-inc,,Consumer Electronics,Jackson,Wyoming,US,83001
Synergy Labs - Mobile App and Web Developers Agency in Jackson,synergylabs.co,synergylabs.co,https://www.linkedin.com/company/synergy-labs-agency,,Consumer Electronics,Jackson,Wyoming,US,83001
