companyname,companywebsite,companyemaildomain,linkedincompanypageurl,stocksymbol,industry,city,state,companycountry,zipcode
Elite Smart Homes,eliteavsak.com,eliteavsak.com,,,,Wasilla,Alaska,US,99654
Integrated Communication Designs Inc.,icdalaska.com,icdalaska.com,,,,Anchorage,Alaska,US,99518
"AV Integration / Huntsville Hi-Fi, LLC",huntsvillehifi.com,huntsvillehifi.com,,,,Huntsville,Alabama,US,35801
"AV Pro Communications, LLC",teamavpro.com,teamavpro.com,,,,Pell City,Alabama,US,35128
AVIQ Huntsville,aviqhsv.com,aviqhsv.com,,,,Huntsville,Alabama,US,35801
Audio & Video Service Company Inc.,avscinc.com,avscinc.com,,,,Birmingham,Alabama,US,35209
"Audio Video Security Pro, LLC",avspro.net,avspro.net,,,,Montgomery,Alabama,US,36116
Custom Thunder Audio Video Inc.,customthunderav.com,customthunderav.com,,,,Decatur,Alabama,US,35601
Home Integrated Solutions,homeintsolutions.com,homeintsolutions.com,,,,Tallassee,Alabama,US,36078
Home Theater Pros,hometheaterpros.com,hometheaterpros.com,,,,Huntsville,Alabama,US,35806
Iron City A/V,ironcityav.com,ironcityav.com,,,,Birmingham,Alabama,US,35243
Mozaic Smart Technology Design,mozaicav.com,mozaicav.com,,,,Madison,Alabama,US,35758
"Next AV, LLC",nextavsolutions.com,nextavsolutions.com,,,,Birmingham,Alabama,US,35210
Premier South AV LLC,premiersouthav.com,premiersouthav.com,,,,Pinson,Alabama,US,35126
Red Custom Home and Business Solutions,redcustom.com,redcustom.com,,,,Huntsville,Alabama,US,35806
TSI Alarms & Audio,tsialarmsandaudio.com,tsialarmsandaudio.com,,,,Mobile,Alabama,US,36609
Tech Hourly,techhourly.com,techhourly.com,,,,Vestavia Hills,Alabama,US,35243
Valdez Audio Video,valdezaudiovideo.com,valdezaudiovideo.com,,,,Harvest,Alabama,US,35749
Eleven Hi-Fi,elevenhifi.com,elevenhifi.com,,,,Little Rock,Arkansas,US,72211
"FX Pros, LLC",thefxpros.com,thefxpros.com,,,,Little Rock,Arkansas,US,72210
Hi-Def Solutions of Arkansas,hi-def-solutions.com,hi-def-solutions.com,,,,Little Rock,Arkansas,US,72212
Install My Shades,installmyshades.com,installmyshades.com,,,,Little Rock,Arkansas,US,72204
"Martin & Company AV, LLC",martincompanyav.com,martincompanyav.com,,,,North Little Rock,Arkansas,US,72118
Adobe Home Systems,adobealarm.com,adobealarm.com,,,,Phoenix,Arizona,US,85027
Amp AV,amp-av.com,amp-av.com,,,,Mesa,Arizona,US,85202
Audio Video by Design,avbydesign.com,avbydesign.com,,,,Peoria,Arizona,US,85383
Camelback Smart Homes,camelbacksmarthomes.com,camelbacksmarthomes.com,,,,Phoenix,Arizona,US,85016
Cashwood Innovations,cashwoodinnovations.com,cashwoodinnovations.com,,,,Scottsdale,Arizona,US,85260
Cinematic Home A/V,cinematichomeav.com,cinematichomeav.com,,,,Phoenix,Arizona,US,85028
Connected Home Solutions LLC,azchs.com,azchs.com,,,,Phoenix,Arizona,US,85027
Custom Automated Solutions,customautomatedsolutions.net,customautomatedsolutions.net,,,,Phoenix,Arizona,US,85020
Custom Systems Integration,customsystemsav.com,customsystemsav.com,,,,Phoenix,Arizona,US,85050
Desert Home Theater,deserthometheater.com,deserthometheater.com,,,,Phoenix,Arizona,US,85048
Dynamic Audio Video Solutions,dynamicavsolutions.com,dynamicavsolutions.com,,,,Mesa,Arizona,US,85212
Elite Integration Inc,azeliteintegration.com,azeliteintegration.com,,,,Phoenix,Arizona,US,85027
Epic Systems,epicavaz.com,epicavaz.com,,,,Tempe,Arizona,US,85281
Evolve Automation,azevolve.com,azevolve.com,,,,Phoenix,Arizona,US,85021
Imagine Audio Video,iavaz.com,iavaz.com,,,,Phoenix,Arizona,US,85050
Insight Automation International,insightai.com,insightai.com,,,,Scottsdale,Arizona,US,85260
Integra Custom Systems,integracustomsystems.com,integracustomsystems.com,,,,Tucson,Arizona,US,85710
Integrated Audio Video Solutions,iavsaz.com,iavsaz.com,,,,Tucson,Arizona,US,85741
Integrated Automation,integratedautomationllc.com,integratedautomationllc.com,,,,Fountain Hills,Arizona,US,85268
Integration Design Group,integrationdg.com,integrationdg.com,,,,Scottsdale,Arizona,US,85260
Intelligent Casa,intelligentcasa.com,intelligentcasa.com,,,,Peoria,Arizona,US,85382
JS Home Theater,jshometheater.com,jshometheater.com,,,,Casa Grande,Arizona,US,85122
Media Innovation Technologies,mit-usa.com,mit-usa.com,,,,Scottsdale,Arizona,US,85260
Monarch AV,mavphx.com,mavphx.com,,,,Scottsdale,Arizona,US,85260
Performance Audio Video,performanceaudioaz.com,performanceaudioaz.com,,,,Phoenix,Arizona,US,85027
Planet Geek,planetgeekllc.com,planetgeekllc.com,,,,Chandler,Arizona,US,85225
Red Mountain Integration,rmintegration.com,rmintegration.com,,,,Phoenix,Arizona,US,85085
RevampIT Audio Video,revampitav.com,revampitav.com,,,,Scottsdale,Arizona,US,85260
Stabley Home Theater,stabley.net,stabley.net,,,,Mesa,Arizona,US,85206
Tech Integrated Inc.,techintegrated.com,techintegrated.com,,,,Cottonwood,Arizona,US,86326
Technology Specialists,specialistshometheater.com,specialistshometheater.com,,,,Tucson,Arizona,US,85712
The Valley Connect,thevalleyconnect.com,thevalleyconnect.com,,,,Phoenix,Arizona,US,85017
Varner Sight & Sound,varnerss.com,varnerss.com,,,,Scottsdale,Arizona,US,85260
Wired-Up Protection Systems LLC,24-hour-security.com,24-hour-security.com,,,,Cottonwood,Arizona,US,86326
iDesign Home Solutions,idesignhs.com,idesignhs.com,,,,Tempe,Arizona,US,85288
iWired,iwired.com,iwired.com,,,,Scottsdale,Arizona,US,85260
AA Customs,aacustoms.pro,aacustoms.pro,,,,Burlingame,California,US,94010
AAV Integration,aavintegration.com,aavintegration.com,,,,Escondido,California,US,92029
AC-DC AUTOMATION INC,acdcautomation.com,acdcautomation.com,,,,North Hollywood,California,US,91606
APD Smart Homes & Wiring,audioprodirect.com,audioprodirect.com,,,,Los Angeles,California,US,91303
AVS,avslq.com,avslq.com,,,,La Quinta,California,US,92253
AVT Home Systems,avtinfo.com,avtinfo.com,,,,San Ramon,California,US,94583
Accurate Audio Video,accurateaudiovideo.com,accurateaudiovideo.com,,,,South Lake Tahoe,California,US,96150
Accurate Communication Services,accuratecommunicationservices.com,accuratecommunicationservices.com,,,,Los Angeles,California,US,90027
Acoustic Evolution,acousticevolution.com,acousticevolution.com,,,,San Diego,California,US,92128
Advanced Digital Homes,advanceddigitalhomes.com,advanceddigitalhomes.com,,,,Escondido,California,US,92029
Advanced Technologies Audio,4atav.com,4atav.com,,,,Bermuda Dunes,California,US,92203
Ahead Stereo,aheadstereo.com,aheadstereo.com,,,,Los Angeles,California,US,90036
All Video Media Solutions,allvideomedia.com,allvideomedia.com,,,,Dublin,California,US,94568
Ameritechs,ameritechs.co,ameritechs.co,,,,San Diego,California,US,92111
"Armtech Satellites, Inc",armtechservices.com,armtechservices.com,,,,Los Angeles,California,US,90027
Audio High,audiohigh.com,audiohigh.com,,,,Mountain View,California,US,94043
Audio Video Concepts,audiovideoconceptsusa.com,audiovideoconceptsusa.com,,,,Palm Desert,California,US,92260
Audio Video Evolution,audiovideoevolution.net,audiovideoevolution.net,,,,Campbell,California,US,95008
Audio Video Integration,avimarin.com,avimarin.com,,,,San Rafael,California,US,94901
Audio Video San Diego,audiovideosandiego.com,audiovideosandiego.com,,,,Carlsbad,California,US,92008
Audio Video Systems,avsone.com,avsone.com,,,,Loomis,California,US,95650
Audio Visual Architects,audiovisualarchitects.com,audiovisualarchitects.com,,,,Beverly Hills,California,US,90211
Audiovideoking,audiovideoking.com,audiovideoking.com,,,,Los Angeles,California,US,90046
"Automation & Entertainment, Inc",automationandentertainmentinc.com,automationandentertainmentinc.com,,,,Los Gatos,California,US,95033
Axiom Home Tech,axiomhometech.com,axiomhometech.com,,,,Monterey,California,US,93940
BB One Technologies,bbone.tech,bbone.tech,,,,Los Angeles,California,US,90068
BWE Home Theater,bwehometheater.com,bwehometheater.com,,,,Fresno,California,US,93726
Beyond Home Theater,beyondhometheater.com,beyondhometheater.com,,,,Santa Monica,California,US,90405
"Bliss Home Theaters & Automation, Inc.",blisshta.com,blisshta.com,,,,Westlake Village,California,US,91362
Blossom Hill TV,blossomhilltelevision.com,blossomhilltelevision.com,,,,San Jose,California,US,95128
Blue Lake Home Theater,bluelakehometheater.com,bluelakehometheater.com,,,,Markleeville,California,US,96120
Cal Coast Audio Video,calcoastav.com,calcoastav.com,,,,Carlsbad,California,US,92008
CalSmart,calsmart.com,calsmart.com,,,,Santa Barbara,California,US,93101
Camber Integration,camberintegration.com,camberintegration.com,,,,Pleasant Hill,California,US,94523
Cantara,cantaradesign.com,cantaradesign.com,,,,Costa Mesa,California,US,92626
Carmel Audio Video,carmelav.com,carmelav.com,,,,Carmel,California,US,93923
Central Coast Audio Visual,centralcoastav.com,centralcoastav.com,,,,Carpinteria,California,US,93013
Cinema Systems,cinema-systems.com,cinema-systems.com,,,,Tujunga,California,US,91042
Citrom Home Automation,citrom.com,citrom.com,,,,West Hills,California,US,91304
Clever Home LA,cleverhomela.com,cleverhomela.com,,,,Torrance,California,US,90502
"Control My AV, LLC",controlmyav.com,controlmyav.com,,,,Irvine,California,US,92618
Custom Home Audio Video Integration,customhomeavintegration.com,customhomeavintegration.com,,,,Solana Beach,California,US,92075
Custom Home Technology Inc..,cht.life,cht.life,,,,Santee,California,US,92071
Custom Innovations,custom-innovations.com,custom-innovations.com,,,,Morgan Hill,California,US,95037
Cypress AV,cypressav.com,cypressav.com,,,,Carmel,California,US,93923
Definitive Technical,dtechtahoe.com,dtechtahoe.com,,,,Truckee,California,US,96161
Digital Connections,digital-connections.net,digital-connections.net,,,,Napa,California,US,94558
Digital Home Lifestyles,digitalhomesd.com,digitalhomesd.com,,,,San Diego,California,US,92117
Digital Integration,diavht.com,diavht.com,,,,Palm Desert,California,US,92211
Digital Living Inc.,digitalliving.com,digitalliving.com,,,,Sonoma,California,US,95476
DoItForMe.Solutions,doitforme.solutions,doitforme.solutions,,,,San Francisco,California,US,94103
Dream Home Entertainment,dreamhomeentertainment.net,dreamhomeentertainment.net,,,,Lincoln,California,US,95648
Evergreen Home Systems Inc,evergreenhomesystems.com,evergreenhomesystems.com,,,,Mountain View,California,US,94040
"Evolve Sound & Vision, Inc.",evolvesv.com,evolvesv.com,,,,Los Angeles,California,US,90069
Executive Audio/Video,executiveaudiovideo.com,executiveaudiovideo.com,,,,Garden Grove,California,US,92841
"Experience Audio Video, Inc.",experienceaudiovideo.com,experienceaudiovideo.com,,,,Orange,California,US,92867
Ficrest Integration Inc Smart Home Automation,ficrest.com,ficrest.com,,,,Burbank,California,US,91501
First Call Security and Sound,firstcallpd.com,firstcallpd.com,,,,Palm Desert,California,US,92260
Foremost Automation,foremostautomation.com,foremostautomation.com,,,,Tarzana,California,US,91335
Frank's TV & Electronics,frankstv.com,frankstv.com,,,,South Lake Tahoe,California,US,96150
Full Spectrum Technology Group,fullspectrumtg.com,fullspectrumtg.com,,,,Concord,California,US,94518
Functional Smart Home,functionalsmarthome.com,functionalsmarthome.com,,,,Simi Valley,California,US,93063
Future Sound Audio/Video Design Group,futuresoundav.com,futuresoundav.com,,,,South San Francisco,California,US,94080
GTS (Glabman Technology Solutions),glabman.com,glabman.com,,,,Costa Mesa,California,US,92627
Galaxy Home Theatres,galaxyhometheatres.com,galaxyhometheatres.com,,,,Glendale,California,US,91205
Gizmo,gizmo-la.com,gizmo-la.com,,,,Los Angeles,California,US,90025
"Granko, Inc",granko.com,granko.com,,,,Sonoma,California,US,95476
Greater Cue Integrations,greatercue.com,greatercue.com,,,,Garden Grove,California,US,92840
Grindhouse Audio / Video,grindhouseav.com,grindhouseav.com,,,,La Quinta,California,US,92253
HD Hookups,hdhookups.com,hdhookups.com,,,,San Diego,California,US,92111
HOME TECH INC,lahometech.com,lahometech.com,,,,Los Angeles,California,US,90035
HTS Systems,htssystems.com,htssystems.com,,,,Van Nuys,California,US,91406
Hatch Electric Inc,hatchelectric.com,hatchelectric.com,,,,South Lake Tahoe,California,US,96150
HiFi Club,hificlub.net,hificlub.net,,,,Santa Barbara,California,US,93101
High Definition Home,mobiussystems.com,mobiussystems.com,,,,San Rafael,California,US,94903
Home AV TV & Design,homeavtv.com,homeavtv.com,,,,San Marcos,California,US,92078
Home Theater,coronadohometheater.com,coronadohometheater.com,,,,Coronado,California,US,92178
Homi Home Automation,homihomeautomation.com,homihomeautomation.com,,,,Los Angeles,California,US,91423
Immersive Experiences,immexperiences.com,immexperiences.com,,,,Palo Alto,California,US,94301
Infinite Audio & Video,infiniteaudioandvideo.com,infiniteaudioandvideo.com,,,,Cupertino,California,US,95014
Innovation Technologies,myinnovationtech.com,myinnovationtech.com,,,,San Diego,California,US,92108
Intelligent Technology Solutions,intelltechsolutions.com,intelltechsolutions.com,,,,La Quinta,California,US,92253
IntellihomeAV & Smart Home Automation,intellihomeav.com,intellihomeav.com,,,,Los Angeles,California,US,90064
Kalieb Designs,kaliebdesigns.com,kaliebdesigns.com,,,,Bakersfield,California,US,93311
Kiwi Audio Visual,kiwiav.com,kiwiav.com,,,,Carlsbad,California,US,92008
Leo's Electric Automation,leoselectricautomation.com,leoselectricautomation.com,,,,Tahoe City,California,US,96145
LionTech Malibu,liontechla.com,liontechla.com,,,,Malibu,California,US,90265
MIA Design Group,miadesigngroup.com,miadesigngroup.com,,,,Pasadena,California,US,91104
MIR Audio Video,miraudiovideo.com,miraudiovideo.com,,,,Los Angeles,California,US,90025
MONACO Audio Video Pasadena,monacoav.com,monacoav.com,,,,Pasadena,California,US,91101
MONTEREY INNOVATIONS,montereyinnovations.com,montereyinnovations.com,,,,Seaside,California,US,93955
MOONLIGHT AUDIO VISUAL PRO,moonlightavpro.com,moonlightavpro.com,,,,San Diego,California,US,92101
Malibu Wired,malibuwired.com,malibuwired.com,,,,West Hollywood,California,US,90046
Marin SF AV,marinsfav.com,marinsfav.com,,,,Woodacre,California,US,94973
Miller AV & Automation,millerava.com,millerava.com,,,,Fair Oaks,California,US,95628
Modern Home Systems,modernhomesystems.com,modernhomesystems.com,,,,San Diego,California,US,92121
Modern Wiring,modernwiring.com,modernwiring.com,,,,Scotts Valley,California,US,95066
Moona Smart Inc.,moonasmart.com,moonasmart.com,,,,Santa Clara,California,US,95054
My Smarty Home,mysmartyhome.com,mysmartyhome.com,,,,Los Angeles,California,US,90038
NITIDO AUDIO VIDEO,nitidoav.com,nitidoav.com,,,,Inglewood,California,US,90304
New Wave Home Audio and Video,newwaveaudioandvideo.com,newwaveaudioandvideo.com,,,,Indio,California,US,92203
Nirvana Home Entertainment,nirvanahomeentertainment.com,nirvanahomeentertainment.com,,,,Los Angeles,California,US,90065
One Touch Living,1touchliving.com,1touchliving.com,,,,San Diego,California,US,92127
Orange Coast Audio/Video,ocav.com,ocav.com,,,,Laguna Niguel,California,US,92677
PROJECT,projectautomate.com,projectautomate.com,,,,Manhattan Beach,California,US,90266
Pacific Coast Audio-Video,pacificcoastav.com,pacificcoastav.com,,,,Newport Beach,California,US,92625
Palmer Electric,palmerelectricco.com,palmerelectricco.com,,,,Palm Desert,California,US,92260
Paramount Protechs,paramountprotechsllc.com,paramountprotechsllc.com,,,,Lakewood,California,US,90712
Positive Electric,positive-electric.net,positive-electric.net,,,,Millbrae,California,US,94030
Powerfull Systems,powerfullsystems.com,powerfullsystems.com,,,,Los Angeles,California,US,90019
Premier Satellite Communications Inc,pscsatellite.com,pscsatellite.com,,,,Palm Desert,California,US,92260
"Pro Circuit A.V.,Inc.",procircuitav.com,procircuitav.com,,,,La Quinta,California,US,92253
"RAC Advanced Control, Inc",racav.com,racav.com,,,,Tahoe City,California,US,96145
Rancho Santa Fe Audio Video,ranchosantafeaudiovideo.com,ranchosantafeaudiovideo.com,,,,Rancho Santa Fe,California,US,92091
Reliant Electrical and Automation Inc.,reliant.services,reliant.services,,,,Fresno,California,US,93704
Republic Elite Integration,republiceliteintegration.com,republiceliteintegration.com,,,,Sacramento,California,US,95827
Rhew Contracting,rhewcontracting.com,rhewcontracting.com,,,,La Jolla,California,US,92037
Riviera AV,rivieraav.com,rivieraav.com,,,,Santa Barbara,California,US,93101
SMG Audio Video,smgaudiovideo.com,smgaudiovideo.com,,,,La Quinta,California,US,92253
STV Audio Video,stvav.com,stvav.com,,,,Palm Desert,California,US,92211
SYNC AVN,syncavn.com,syncavn.com,,,,Sacramento,California,US,95834
Same Day Installations,samedayinstallations.com,samedayinstallations.com,,,,Oakland,California,US,94607
San Jose TV Install,sanjosetvinstall.com,sanjosetvinstall.com,,,,San Jose,California,US,95127
Sierra @ Home,sierraathome.com,sierraathome.com,,,,Sonoma,California,US,95476
Sightpro Solutions,sightpro-solutions.com,sightpro-solutions.com,,,,San Ramon,California,US,94583
Simple Tech,simpletechinstalls.com,simpletechinstalls.com,,,,Anaheim,California,US,92807
Simplicity 1 Home Technology Integration,simplicity1.com,simplicity1.com,,,,Costa Mesa,California,US,92626
SmarTek Home,smartek-home.com,smartek-home.com,,,,San Diego,California,US,92123
Smart Home LA,smarthomela.com,smarthomela.com,,,,Encino,California,US,91316
Smart Systems Technologies,sstsun.com,sstsun.com,,,,Irvine,California,US,92618
Smart Tech Protect,smarttechprotect.com,smarttechprotect.com,,,,Palm Desert,California,US,92211
Smart4Smart,smartforsmart.com,smartforsmart.com,,,,Palo Alto,California,US,94306
SoLV Audio Video,solvsd.com,solvsd.com,,,,Rancho Santa Fe,California,US,92067
Sound & Shades,soundandshades.com,soundandshades.com,,,,Pasadena,California,US,91101
Sound Advice AV Inc.,soundadvicecalifornia.com,soundadvicecalifornia.com,,,,Costa Mesa,California,US,92627
Sound Automation Inc,soundautomation.net,soundautomation.net,,,,San Diego,California,US,92120
Sound Ideas AV,soundideas-av.com,soundideas-av.com,,,,San Diego,California,US,92126
SoundVision,svsf.com,svsf.com,,,,Novato,California,US,94949
Spectrum Audio Visual,spectrumavmarin.com,spectrumavmarin.com,,,,Mill Valley,California,US,94941
Style Home Theaters,stylehometheaters.com,stylehometheaters.com,,,,Hermosa Beach,California,US,90254
SuperVision Audio+Video,supervisionav.com,supervisionav.com,,,,Los Angeles,California,US,90034
Surreal Systems Audio/Video & Automation,surrealsystems.com,surrealsystems.com,,,,Anaheim,California,US,92807
Sync Systems,syncsystemsav.com,syncsystemsav.com,,,,Santa Rosa,California,US,95403
Synergy Audio Video,synergy.tv,synergy.tv,,,,Tustin,California,US,92780
Tazz Lighting Inc,tazzlighting.com,tazzlighting.com,,,,San Diego,California,US,92121
Tech In Control,techincontrol.com,techincontrol.com,,,,Los Angeles,California,US,91411
Tech Smart Solutions,tss-techsmartsolutions.com,tss-techsmartsolutions.com,,,,Los Angeles,California,US,91352
Technical Comfort,technicalcomfort.com,technicalcomfort.com,,,,Laguna Niguel,California,US,92677
The Source AV Design Group,thesourceav.com,thesourceav.com,,,,Torrance,California,US,90505
Tri Star Electric & Automation,tristarelectricca.com,tristarelectricca.com,,,,Malibu,California,US,90265
Ultimate HD,ultimatehd.com,ultimatehd.com,,,,Campbell,California,US,95008
"Valley Home Theater & Automation, Inc.",valleyhometheater.com,valleyhometheater.com,,,,Dublin,California,US,94568
Ventura Smart Home,venturasmarthome.com,venturasmarthome.com,,,,Carpinteria,California,US,93013
Vertex AV,vertexav.com,vertexav.com,,,,Huntington Beach,California,US,92647
Viking Systems Inc,vikingsys.com,vikingsys.com,,,,Palo Alto,California,US,94306
Wilshire Media Systems,wilshirehe.com,wilshirehe.com,,,,Westlake Village,California,US,91361
Woody's Home,woodyshome.com,woodyshome.com,,,,Pasadena,California,US,91101
WyreDreams,wyredreams.com,wyredreams.com,,,,La Verne,California,US,91750
cg wiring and integrators inc,cgwiring.com,cgwiring.com,,,,San Jose,California,US,95110
e4 Control Systems,e4control.com,e4control.com,,,,Corona,California,US,92878
iTech Smart Home Inc.,itechsmarthome.com,itechsmarthome.com,,,,Ventura,California,US,93004
low voltage innovation,lowvoltageinnovations.com,lowvoltageinnovations.com,,,,Bakersfield,California,US,93304
zettacomm Automated Lifestyle,zettacomm.com,zettacomm.com,,,,San Carlos,California,US,94070
AVA Rocky Mountains,avarockymountains.net,avarockymountains.net,,,,Silverthorne,Colorado,US,80498
"AVCRAFTERS, INC",avcrafters.com,avcrafters.com,,,,Boulder,Colorado,US,80301
Alpine Custom Electronics,ace-aspen.com,ace-aspen.com,,,,Aspen,Colorado,US,81611
Ashcraft Tech,ashcrafttech.com,ashcrafttech.com,,,,Denver,Colorado,US,80222
"Audio-Video Solutions, Inc.",avscolorado.com,avscolorado.com,,,,Breckenridge,Colorado,US,80424
Bivy Group,bivygroup.com,bivygroup.com,,,,Telluride,Colorado,US,81435
Cinegration LLC,cinegration.com,cinegration.com,,,,Arvada,Colorado,US,80002
Cloud 9 Integrated Systems,teamc9.com,teamc9.com,,,,Steamboat Springs,Colorado,US,80487
Conundrum Technologies,conundrumtechnologies.com,conundrumtechnologies.com,,,,Aspen,Colorado,US,81611
DK Automation,dkautomation.com,dkautomation.com,,,,Timnath,Colorado,US,80547
Denver Sight and Sound,denversightandsound.com,denversightandsound.com,,,,Castle Pines,Colorado,US,80108
Digital 1 Audio Visual,digital1av.com,digital1av.com,,,,Telluride,Colorado,US,81435
Digital Home Colorado,digitalhomecolorado.com,digitalhomecolorado.com,,,,Longmont,Colorado,US,80503
Digital Media Innovations,digitalmediainnovations.com,digitalmediainnovations.com,,,,Centennial,Colorado,US,80112
Envision Automation,envision10.com,envision10.com,,,,Denver,Colorado,US,80206
"Epic Home Integration, LLC",epichome.net,epichome.net,,,,Basalt,Colorado,US,81621
Fort Collins Audio Video,fortcollinsaudiovideo.com,fortcollinsaudiovideo.com,,,,Fort Collins,Colorado,US,80524
H D Connections,hdconnections.co,hdconnections.co,,,,Colorado Springs,Colorado,US,80917
Harmonic Series Inc,harmonicseries.com,harmonicseries.com,,,,Fort Collins,Colorado,US,80526
High Mountain Home Technology LLC,vailhometheater.com,vailhometheater.com,,,,Edwards,Colorado,US,81632
Home Tech Experts LLC,hometechnologyexperts.com,hometechnologyexperts.com,,,,Arvada,Colorado,US,80007
"HomeRun Electronics, Inc.",hrenow.com,hrenow.com,,,,Colorado Springs,Colorado,US,80919
IQ Home and Office,iqhomeandoffice.com,iqhomeandoffice.com,,,,Grand Junction,Colorado,US,81503
Integral Home Systems,integralhomesystems.com,integralhomesystems.com,,,,Loveland,Colorado,US,80537
"Jennings AV, LLC",jenningsav.com,jenningsav.com,,,,Arvada,Colorado,US,80002
Kustom Theater Kreations,kustomtheater.com,kustomtheater.com,,,,Timnath,Colorado,US,80547
Leax Controls Inc,leaxcontrols.com,leaxcontrols.com,,,,Aspen,Colorado,US,81611
ListenUp®,listenup.com,listenup.com,,,,Denver,Colorado,US,80209
"Next Step Communications, LLC",nextsteponline.net,nextsteponline.net,,,,Longmont,Colorado,US,80504
PAVS Smart Home Tech,pavs.tech,pavs.tech,,,,Steamboat Springs,Colorado,US,80477
Pro Spectrum Systems,prospectrumsystems.com,prospectrumsystems.com,,,,Silverthorne,Colorado,US,80498
Reliable Home Technology,reliablehometechnology.com,reliablehometechnology.com,,,,Denver,Colorado,US,80214
SOPRIS AV,soprisav.com,soprisav.com,,,,Basalt,Colorado,US,81621
Security and Sound Design,securityandsound.com,securityandsound.com,,,,Windsor,Colorado,US,80550
Sound Investments,soundinvestmentsco.com,soundinvestmentsco.com,,,,Greeley,Colorado,US,80634
Sound Media,soundmediaonline.com,soundmediaonline.com,,,,Thornton,Colorado,US,80602
Soundings Fine Audio Video,soundingshifi.com,soundingshifi.com,,,,Greenwood Village,Colorado,US,80112
"Terracom Systems, Inc.",terracomtheatre.com,terracomtheatre.com,,,,Broomfield,Colorado,US,80020
The Boulder Home Theater Company,boulderhometheater.com,boulderhometheater.com,,,,Boulder,Colorado,US,80302
The Sound Shop,the-sound-shop.com,the-sound-shop.com,,,,Colorado Springs,Colorado,US,80904
"Xen Technology Group, LLC",xenaspen.com,xenaspen.com,,,,Glenwood Springs,Colorado,US,81601
Xssentials,xssentials.com,xssentials.com,,,,Denver,Colorado,US,80204
YX Tech,yxtech.co,yxtech.co,,,,Telluride,Colorado,US,81435
AV Theater Designs,avtheaterdesigns.com,avtheaterdesigns.com,,,,Madison,Connecticut,US,06443
BBR Audio & Video,bbraudiovideo.com,bbraudiovideo.com,,,,Shelton,Connecticut,US,06484
Bentley Electronic Systems,bentleysystems.us,bentleysystems.us,,,,Glastonbury,Connecticut,US,06073
Bri-Tech Inc,bri-tech.com,bri-tech.com,,,,Greenwich,Connecticut,US,06830
CT Home Automation LLC,cthomeautomation.com,cthomeautomation.com,,,,Cheshire,Connecticut,US,06410
Cabling Technologies Corp.,ctcable.com,ctcable.com,,,,Norwalk,Connecticut,US,06854
Cagenio Home Technology,cagenio.com,cagenio.com,,,,Roxbury,Connecticut,US,06783
Control Digital LLC,control-digital.net,control-digital.net,,,,Greenwich,Connecticut,US,06830
Cos Cob TV & Audio,coscobtv.com,coscobtv.com,,,,Greenwich,Connecticut,US,06807
DJB Installations LLC,djbinstallations.com,djbinstallations.com,,,,Berlin,Connecticut,US,06037
Fairfield Integrated Systems,fairfieldis.io,fairfieldis.io,,,,Greenwich,Connecticut,US,06878
Harrington Home Systems,harringtonavs.com,harringtonavs.com,,,,Cheshire,Connecticut,US,06410
Home Media Designs,homemediadesigns.com,homemediadesigns.com,,,,Ridgefield,Connecticut,US,06877
HomeTech Services LLC,cthometech.com,cthometech.com,,,,Stamford,Connecticut,US,06905
I Design,idesigntheaters.com,idesigntheaters.com,,,,Fairfield,Connecticut,US,06824
Insight Plus Technology,insightplustech.com,insightplustech.com,,,,Bristol,Connecticut,US,06010
JMD AV LLC,jmdav.com,jmdav.com,,,,Thompson,Connecticut,US,06255
Level Up Automation New York Metro,levelupautomation.com,levelupautomation.com,,,,Litchfield,Connecticut,US,06759
Level Up Automation of Connecticut,levelupautomationct.com,levelupautomationct.com,,,,Vernon,Connecticut,US,06066
Lifetronic Systems,lifetronic.net,lifetronic.net,,,,Westport,Connecticut,US,06880
Litchfield Stereo Design,litchfieldstereo.com,litchfieldstereo.com,,,,Kent,Connecticut,US,06757
Opus Audio Video Control Inc.,opusavc.com,opusavc.com,,,,North Haven,Connecticut,US,06473
Perfect Vision & Sound,perfectvisionsound.com,perfectvisionsound.com,,,,Canton,Connecticut,US,06019
Safe and Sound Systems,safeandsoundct.com,safeandsoundct.com,,,,North Branford,Connecticut,US,06471
Soundworks & Security,soundworksandsecurity.com,soundworksandsecurity.com,,,,Torrington,Connecticut,US,06790
"Systems and Services, LLC",systemsandservicesllc.com,systemsandservicesllc.com,,,,Stamford,Connecticut,US,06903
Westfair TV Audio,westfairtv.com,westfairtv.com,,,,Fairfield,Connecticut,US,06824
Wired 4 Entertainment,wired4entertainment.com,wired4entertainment.com,,,,East Haven,Connecticut,US,06512
Artisitic Audio Video,artisticav.com,artisticav.com,,,,Washington,District of Columbia,US,20001
Custom TV Solutions,customtvsolutions.com,customtvsolutions.com,,,,Washington,District of Columbia,US,20007
Evolution Audio Video,evolutionav.com,evolutionav.com,,,,McLean,District of Columbia,US,22102
Level Up Installs,levelupinstalls.com,levelupinstalls.com,,,,Capitol Heights,District of Columbia,US,20743
POWERHOUSE,dcpowerhouse.com,dcpowerhouse.com,,,,Silver Spring,District of Columbia,US,20910
Pro A.V. llc,proavllcdmv.com,proavllcdmv.com,,,,Accokeek,District of Columbia,US,20607
Revelation AV + Automation,revelationav.com,revelationav.com,,,,Alexandria,District of Columbia,US,22314
"Sight & Sound Systems, Inc.",sightandsoundsystems.com,sightandsoundsystems.com,,,,Dulles,District of Columbia,US,20166
"Splaine Security Systems, Inc.",splainesystems.com,splainesystems.com,,,,Kensington,District of Columbia,US,20895
"Trinity Wiring Solutions, LLC",trinitywiringsolutions.com,trinitywiringsolutions.com,,,,Chantilly,District of Columbia,US,20151
Integrated Home,ihomellc.com,ihomellc.com,,,,Wilmington,Delaware,US,19805
"1 Stop Total Solutions- AI Security, Smart Home & Electric Contractor",1stoptotalsolutions.com,1stoptotalsolutions.com,,,,Orlando,Florida,US,32809
"A&E Control Solutions, LLC",aecontrolsolutions.com,aecontrolsolutions.com,,,,Cape Coral,Florida,US,33914
AMS Sound & Vision,amssoundandvision.com,amssoundandvision.com,,,,Naples,Florida,US,34109
ATI,atifl.net,atifl.net,,,,West Palm Beach,Florida,US,33411
AV-Waves,av-waves.com,av-waves.com,,,,Oldsmar,Florida,US,34677
"AVL Pro, Inc.",avlpro.com,avlpro.com,,,,Naples,Florida,US,34110
AVision Technology,startedwithavision.com,startedwithavision.com,,,,Fort Myers,Florida,US,33912
Advanced ESI,advanced-esi.net,advanced-esi.net,,,,Sarasota,Florida,US,34231
Advanced Sound and Image LLC,advancedsoundandimage.com,advancedsoundandimage.com,,,,Fort Myers,Florida,US,33919
"Aftermath General Services, Inc.",aftermathgeneralservices.solutions,aftermathgeneralservices.solutions,,,,Yulee,Florida,US,32097
Alternative Audio Solutions,alternativeaudiosolutions.com,alternativeaudiosolutions.com,,,,Fort Myers,Florida,US,33966
American Electrical Contracting Inc.,american-electrical.com,american-electrical.com,,,,Jacksonville,Florida,US,32256
American Home Cinemas,americanhomecinemas.com,americanhomecinemas.com,,,,Lutz,Florida,US,33549
Analog & Digital Systems,analogdigitalsystems.com,analogdigitalsystems.com,,,,Naples,Florida,US,34113
Antony Tech,antonytech.com,antonytech.com,,,,Miami,Florida,US,33132
Artisan Technologies,artisantechnologies.com,artisantechnologies.com,,,,Tampa,Florida,US,33629
Ask the Advisors,asktheadvisors.com,asktheadvisors.com,,,,West Palm Beach,Florida,US,33409
"Atlantic Audio Video Solutions, Inc.",atlanticaudiovideosolutions.com,atlanticaudiovideosolutions.com,,,,Jupiter,Florida,US,33458
Audio Advice,soundcomponents.com,soundcomponents.com,,,,Miami,Florida,US,33155
Audio Advisors,audioadvisors.com,audioadvisors.com,,,,West Palm Beach,Florida,US,33409
Audio Video Solutions of South Florida Inc.,audiovideosolutions.com,audiovideosolutions.com,,,,Miami,Florida,US,33186
Automation Pro,aprogrammers.com,aprogrammers.com,,,,North Miami,Florida,US,33181
BBD Lifestyle,bbdlifestyle.com,bbdlifestyle.com,,,,Sarasota,Florida,US,34236
Bill's TV & Audio Video Innovations,billstv.com,billstv.com,,,,Vero Beach,Florida,US,32960
BluRoo Automation & Lighting,blurooav.com,blurooav.com,,,,Naples,Florida,US,34109
Blue Hawk Technologies,bluehawktech.com,bluehawktech.com,,,,Boca Raton,Florida,US,33432
Blue Sky Automation,blueskyautomationllc.com,blueskyautomationllc.com,,,,Boynton Beach,Florida,US,33426
Boca Tech and Automation,bocatech.com,bocatech.com,,,,Boca Raton,Florida,US,33434
Bose Store / Audio & Video Solutions,av-solutions.com,av-solutions.com,,,,Doral,Florida,US,33172
Bradford Electrical Services,bradfordes.net,bradfordes.net,,,,Jupiter,Florida,US,33458
Castle Protection & Automation,castle-protect.com,castle-protect.com,,,,Sarasota,Florida,US,34240
Classic Audio & Video,classicaudiovideo.com,classicaudiovideo.com,,,,Naples,Florida,US,34117
Coastal Protection Inc.,coastalprotect.com,coastalprotect.com,,,,Santa Rosa Beach,Florida,US,32459
Control4 Smart Home Installers,omwavehome.com,omwavehome.com,,,,Palm Beach,Florida,US,33480
Cornerstone Audio Video Integration & Home Theater,cornerstoneavi.com,cornerstoneavi.com,,,,Summerfield,Florida,US,34491
CounterStrike Security & Sound,counterstrikess.com,counterstrikess.com,,,,Cape Coral,Florida,US,33991
Creative AV Inc.,creativeavinc.com,creativeavinc.com,,,,Miami,Florida,US,33186
Crime Prevention Security Systems,cpss.net,cpss.net,,,,Gainesville,Florida,US,32608
Criteria of Naples,criteriaofnaples.com,criteriaofnaples.com,,,,Naples,Florida,US,34109
Crowne Audio,crowneaudio.com,crowneaudio.com,,,,Lake Mary,Florida,US,32746
DNB Wireless LLC,dnbwireless.com,dnbwireless.com,,,,Fort Lauderdale,Florida,US,33301
Daisy,daisyco.com,daisyco.com,,,,Pompano Beach,Florida,US,33069
Definitive Electronics,definitiveelectronics.com,definitiveelectronics.com,,,,Jupiter,Florida,US,33458
Diamond Security & Sound,dssav.com,dssav.com,,,,Fort Myers,Florida,US,33913
Doberman AV,dobermanav.com,dobermanav.com,,,,Santa Rosa Beach,Florida,US,32459
ECCAM CORP,eccamcorp.com,eccamcorp.com,,,,Orlando,Florida,US,32828
ETC Florida,etc-florida.com,etc-florida.com,,,,West Palm Beach,Florida,US,33409
Egret Electronics,egretelectronics.com,egretelectronics.com,,,,Jupiter,Florida,US,33458
"Electro Arts Enterprises, Inc.",eaeinfo.com,eaeinfo.com,,,,West Palm Beach,Florida,US,33404
Electronic Designs,electronicdesigns.net,electronicdesigns.net,,,,Miami Beach,Florida,US,33139
Electronic Pros,electronicpros.net,electronicpros.net,,,,Orlando,Florida,US,32829
Electronics World,electronicsworldfl.com,electronicsworldfl.com,,,,Gainesville,Florida,US,32606
"Elite Audio Design, Inc.",eliteaudiodesigninc.com,eliteaudiodesigninc.com,,,,Miami,Florida,US,33125
Elite Home Theaters and Automation,elitehta.com,elitehta.com,,,,Miami,Florida,US,33155
Elite Tech Solutions,elite-tech-solutions.com,elite-tech-solutions.com,,,,Jacksonville,Florida,US,32256
Emerald Coast Alarms Inc,emeraldcoastalarms.com,emeraldcoastalarms.com,,,,Miramar Beach,Florida,US,32550
Epic Audio Video,epicaudiovideo.com,epicaudiovideo.com,,,,Naples,Florida,US,34103
Evolution AV,evo-av.com,evo-av.com,,,,Orlando,Florida,US,32811
Expert Technology Integration,eti-fl.com,eti-fl.com,,,,Tampa,Florida,US,33607
Fam Tech Media,famtechmedia.com,famtechmedia.com,,,,Orlando,Florida,US,32828
Florida Home Theaters llc,floridahometheaters.com,floridahometheaters.com,,,,Orlando,Florida,US,32809
Front Row Theater,frontrowtheater.com,frontrowtheater.com,,,,Davie,Florida,US,33324
"Fultech Solutions, Inc",fultechsolutions.com,fultechsolutions.com,,,,Jacksonville,Florida,US,32256
Fusion AV Solutions,fusionavsolutions.com,fusionavsolutions.com,,,,West Palm Beach,Florida,US,33411
Future Home Integration,futurehomeintegration.com,futurehomeintegration.com,,,,Oakland,Florida,US,34787
GULF COAST SYSTEMS,gcsav.com,gcsav.com,,,,Tampa,Florida,US,33602
Gary's Audio & Video Installations,garysav.com,garysav.com,,,,Yulee,Florida,US,32097
Geeks of Technology,geeksfl.com,geeksfl.com,,,,Miami,Florida,US,33131
Genesis Automation Inc,genesisautomationinc.com,genesisautomationinc.com,,,,Fort Lauderdale,Florida,US,33312
Goode Audio Video Automation,goodeava.com,goodeava.com,,,,Jacksonville,Florida,US,32216
Green Room Automation LLC,greenroomautomation.com,greenroomautomation.com,,,,Sarasota,Florida,US,34236
Gulf Coast Installations,gulfcoastinstallations.com,gulfcoastinstallations.com,,,,Estero,Florida,US,33928
HSS Custom AV,hsscustomav.com,hsscustomav.com,,,,Orlando,Florida,US,32811
HWA Home Automation & Security Systems,hwautomation.com,hwautomation.com,,,,Dania Beach,Florida,US,33004
Halo Smart Home,halosmarthome.com,halosmarthome.com,,,,Tampa,Florida,US,33602
Hangman Audio Video,hangmanaudiovideo.com,hangmanaudiovideo.com,,,,Greenacres,Florida,US,33467
"Hi-Tech System Associates, Inc.",hitechflorida.com,hitechflorida.com,,,,Tallahassee,Florida,US,32308
Hidden Technology Inc,hiddentechnologyinc.com,hiddentechnologyinc.com,,,,Fort Myers,Florida,US,33913
Home Audio & Security Design Inc.,homeaudioanddesign.com,homeaudioanddesign.com,,,,Fort Myers,Florida,US,33913
Home Theater and Audio Video Services by Frequencies,frequenciesusa.com,frequenciesusa.com,,,,Odessa,Florida,US,33556
Home Theaters of South Florida,hometheatersofsouthflorida.com,hometheatersofsouthflorida.com,,,,Miami Gardens,Florida,US,33015
Hoppen Home Systems,hoppenhomesystems.com,hoppenhomesystems.com,,,,Tampa,Florida,US,33619
Hoyt Stereo,hoytstereo.com,hoytstereo.com,,,,Jacksonville Beach,Florida,US,32250
ION,iontechnology.net,iontechnology.net,,,,Tampa,Florida,US,33611
IQ Automation,iqautomation.tech,iqautomation.tech,,,,Miami,Florida,US,33131
In Control Smart Homes,icsmarthomes.com,icsmarthomes.com,,,,North Bay Village,Florida,US,33141
Infinity Home Technologies,infinityhometech.com,infinityhometech.com,,,,South Daytona,Florida,US,32119
"Innerlink Security & Sound, LLC",innerlinkss.com,innerlinkss.com,,,,Cape Coral,Florida,US,33991
Innovation Systems,innovationsystemsfl.com,innovationsystemsfl.com,,,,Orlando,Florida,US,32808
Integrated Home Technologies FL,ihtfl.com,ihtfl.com,,,,West Palm Beach,Florida,US,33407
Integrated Surroundings,integratedsurroundings.com,integratedsurroundings.com,,,,Gulf Breeze,Florida,US,32563
Integrity AV,customintegrityav.com,customintegrityav.com,,,,Naples,Florida,US,34109
Intelligent Audio/Video Inc,intelligentav.com,intelligentav.com,,,,Sunrise,Florida,US,33351
Intelligent Design,id-fl.com,id-fl.com,,,,Hollywood,Florida,US,33020
JZ Home Audio & Video,jzhomeaudiovideo.com,jzhomeaudiovideo.com,,,,Boca Raton,Florida,US,33432
Kilian Smart Homes LLC,kiliansmarthomes.com,kiliansmarthomes.com,,,,Fort Lauderdale,Florida,US,33311
LP Custom Solutions,lpcustomsolutions.com,lpcustomsolutions.com,,,,Davie,Florida,US,33312
Level Up Automation Florida,levelupautomationfl.com,levelupautomationfl.com,,,,Orlando,Florida,US,32828
Living on Technology,livingontechnology.com,livingontechnology.com,,,,Miami,Florida,US,33138
MAXICON,maxiconusa.com,maxiconusa.com,,,,Miami,Florida,US,33179
Magical Home Theaters,magicalhometheaters.com,magicalhometheaters.com,,,,Fort Myers,Florida,US,33913
Martec Technologies,gomartec.com,gomartec.com,,,,Miami,Florida,US,33162
Meola Technology,meolatechnology.com,meolatechnology.com,,,,Jupiter,Florida,US,33458
Music and Cinema,musicandcinema.com,musicandcinema.com,,,,Palm Harbor,Florida,US,34684
Naples Top Tech LLC,naplestop.tech,naplestop.tech,,,,Naples,Florida,US,34103
Next Level Audio and Video Solutions,nextlevelavs.com,nextlevelavs.com,,,,Chipley,Florida,US,32428
OTS Home Theater,otsmobileaudio.com,otsmobileaudio.com,,,,Oldsmar,Florida,US,34677
"OnPoint Audio Video, Automation, Security & Electric",simplyonpoint.com,simplyonpoint.com,,,,Delray Beach,Florida,US,33444
One Touch Media Designs,onetouchmediadesigns.com,onetouchmediadesigns.com,,,,Oakland Park,Florida,US,33334
"One Touch Technologies, Inc.",onetouchtechnology.com,onetouchtechnology.com,,,,Deerfield Beach,Florida,US,33442
Palm Beach Audio Visions,pbavsmarthomes.com,pbavsmarthomes.com,,,,West Palm Beach,Florida,US,33411
Palm Beach Sounds and Cinema,soundsandcinema.com,soundsandcinema.com,,,,Wellington,Florida,US,33414
"Paradise Systems, LLC",feelslikeparadise.com,feelslikeparadise.com,,,,Tampa,Florida,US,33607
Petrone Technology Group,petronetechnologygroup.com,petronetechnologygroup.com,,,,Wellington,Florida,US,33414
Powell AV,powellav.com,powellav.com,,,,Fort Myers,Florida,US,33966
Prater Integration LLC,praterintegration.com,praterintegration.com,,,,Stuart,Florida,US,34997
Precise Audio Inc.,preciseaudiofl.com,preciseaudiofl.com,,,,Daytona Beach,Florida,US,32114
Precision TV Mounting & Smart Home,precisionsmarthome.com,precisionsmarthome.com,,,,Gibsonton,Florida,US,33534
Premier Media Technologies,premiermediatechnologies.com,premiermediatechnologies.com,,,,Destin,Florida,US,32541
Premium Audio And Video,premiumaudiovideo.com,premiumaudiovideo.com,,,,Fort Lauderdale,Florida,US,33301
Prestige Home Automation,phastav.com,phastav.com,,,,West Palm Beach,Florida,US,33414
Pure Audio Video,pureaudiovideo.com,pureaudiovideo.com,,,,Fort Lauderdale,Florida,US,33312
Quality Alarm Systems,qualityalarmsystems.com,qualityalarmsystems.com,,,,Pensacola,Florida,US,32506
Ron & Sons Inc,ronandsons.com,ronandsons.com,,,,Fort Myers,Florida,US,33919
SAV Technology llc,savmiami.com,savmiami.com,,,,Hollywood,Florida,US,33024
SRI Systems,sritampabay.com,sritampabay.com,,,,Tampa,Florida,US,33634
SYNCT,synctfl.com,synctfl.com,,,,Tampa,Florida,US,33647
Sarasota Smart Homes,sarasotasmarthomes.com,sarasotasmarthomes.com,,,,Sarasota,Florida,US,34238
Satellite City Inc,satellitecityinc.com,satellitecityinc.com,,,,Orlando,Florida,US,32822
Sentry Audio Video,sentryaudiovideo.com,sentryaudiovideo.com,,,,Boca Raton,Florida,US,33432
Signature Home Theaters,signaturehometheaters.net,signaturehometheaters.net,,,,Miami,Florida,US,33186
Skyline Smart Homes,skylinesmarthomes.us,skylinesmarthomes.us,,,,North Port,Florida,US,34286
Smart Home Specialists,smarthomespecialists.com,smarthomespecialists.com,,,,Naples,Florida,US,34110
Smart Home Studio,smarthomestudio.co,smarthomestudio.co,,,,Miami,Florida,US,33145
Smart Home Technologies,smarthometechpc.com,smarthometechpc.com,,,,Panama City,Florida,US,32401
Smart Security Specialist,smartsecurityspecialist.com,smartsecurityspecialist.com,,,,Riviera Beach,Florida,US,33404
Smart Solutions Network LLC,smartsolutionsnetwork.net,smartsolutionsnetwork.net,,,,Miami,Florida,US,33122
Smart Space by Ace,srqsmart.com,srqsmart.com,,,,Sarasota,Florida,US,34234
Smart Spaces and Surveillance Systems Solutions LLC,smartspacesus.com,smartspacesus.com,,,,Miami,Florida,US,33166
Smart Technologies Integration LLC,smartechintegration.com,smartechintegration.com,,,,Hialeah,Florida,US,33015
SmartHouse Integration,smarthouseintegration.com,smarthouseintegration.com,,,,Sarasota,Florida,US,34236
"SmartShield Homes, LLC",smartshieldhomes.com,smartshieldhomes.com,,,,Sarasota,Florida,US,34240
Sound Installation & Design,soundinstalldesign.com,soundinstalldesign.com,,,,Jacksonville,Florida,US,32256
Sound Specialist of South Florida,soundspecialist.net,soundspecialist.net,,,,Fort Lauderdale,Florida,US,33309
"Soundtech Security, Inc.",soundtechsecurity.com,soundtechsecurity.com,,,,Vero Beach,Florida,US,32962
SouthTech Automation,southtechfl.com,southtechfl.com,,,,Boynton Beach,Florida,US,33435
SpecTech AV Corp,spectechav.com,spectechav.com,,,,Naples,Florida,US,34119
Stage Digital Advisors,stagedigitaladvisors.com,stagedigitaladvisors.com,,,,Miami,Florida,US,33166
Sterling Home Theater,sterlinghometheater.com,sterlinghometheater.com,,,,Palm City,Florida,US,34990
Summit AV Solutions,summitavexperts.com,summitavexperts.com,,,,Milton,Florida,US,32583
Synergy Florida,synergyfl.com,synergyfl.com,,,,Tampa,Florida,US,33619
TDG Smarter AV,smarterav.com,smarterav.com,,,,Jacksonville,Florida,US,32217
"TOTAL CONNECT SOLUTIONS, LLC",totalconnectsolutions.com,totalconnectsolutions.com,,,,Pensacola,Florida,US,32514
Tech Digital Home,techdigitalhome.com,techdigitalhome.com,,,,Miami,Florida,US,33186
Tech Savvy of SWFL LLC,techsavvynaples.com,techsavvynaples.com,,,,Bonita Springs,Florida,US,34135
Tech Squad AV & Automation,tsav.net,tsav.net,,,,Boca Raton,Florida,US,33487
TechnoLiving,technoliving.com,technoliving.com,,,,West Palm Beach,Florida,US,33411
Teel Electric Company LLC,teelelectricco.com,teelelectricco.com,,,,Jupiter,Florida,US,33458
The Experts,theexperts.biz,theexperts.biz,,,,Stuart,Florida,US,34997
The Sights and Sounds Company,getitwired.net,getitwired.net,,,,Tallahassee,Florida,US,32310
Total Connect Technology,totalconnecttechnology.com,totalconnecttechnology.com,,,,Pensacola,Florida,US,32514
Ultimate Sound & Vision,ultimatesv.com,ultimatesv.com,,,,Doral,Florida,US,33178
"Visions Innovative Electronic Environments, Inc",visionsusa.com,visionsusa.com,,,,Palm Beach Gardens,Florida,US,33410
Vivid AV Design and Integration,vividavdesignandintegration.com,vividavdesignandintegration.com,,,,Bradenton,Florida,US,34203
Wave Media Systems LLC,wavemediasystems.com,wavemediasystems.com,,,,Orlando,Florida,US,32808
"Xtreme Audio Video, Corp.",xtremeavfl.com,xtremeavfl.com,,,,Miami,Florida,US,33166
Your Tech,yourtechfl.com,yourtechfl.com,,,,Bonita Springs,Florida,US,34135
Zen Life Home Automation & Security,gozen.life,gozen.life,,,,Boca Raton,Florida,US,33431
"eXtream Solutions, LLC",extreamsolutions.com,extreamsolutions.com,,,,Kissimmee,Florida,US,34747
3Cs Audio-Visual,3csaudiovisual.com,3csaudiovisual.com,,,,Atlanta,Georgia,US,30339
AV Excellence,myavx.com,myavx.com,,,,Cumming,Georgia,US,30040
AV Solutions Atlanta,avsolutionsatlanta.com,avsolutionsatlanta.com,,,,Cumming,Georgia,US,30041
AVI,audiovideointeriors.tv,audiovideointeriors.tv,,,,Atlanta,Georgia,US,30346
AVI Group,goavigroup.com,goavigroup.com,,,,Atlanta,Georgia,US,30326
Aaron's Home Tech,aaronshometech.com,aaronshometech.com,,,,Greensboro,Georgia,US,30642
Acoustic Innovations,acousticinnovations.biz,acousticinnovations.biz,,,,Alpharetta,Georgia,US,30004
Advanced Home Audio Video,advancedinstallation.com,advancedinstallation.com,,,,Alpharetta,Georgia,US,30004
"Atlanta Home Technologies, LLC",atlantahometechnologies.com,atlantahometechnologies.com,,,,Doraville,Georgia,US,30360
Atlanta Home Theater,atlantahometheater.com,atlantahometheater.com,,,,Roswell,Georgia,US,30075
Atlanta Smart Systems,atlantasmartsystems.com,atlantasmartsystems.com,,,,Atlanta,Georgia,US,30309
Augusta Low Voltage,augustalowvoltage.com,augustalowvoltage.com,,,,Grovetown,Georgia,US,30813
"Automated Interiors, LLC",automatedinteriors.io,automatedinteriors.io,,,,Alpharetta,Georgia,US,30009
BlueVision,bluevisionhome.com,bluevisionhome.com,,,,Roswell,Georgia,US,30076
"Callaway Home Theater- Home Theater Alpharetta, Home Automation Alpharetta",callawayhometheater.com,callawayhometheater.com,,,,Alpharetta,Georgia,US,30004
Callaway Security & Sound,callawaysecurity.com,callawaysecurity.com,,,,Alpharetta,Georgia,US,30004
Envision Media AV LLC,envisionmediaav.com,envisionmediaav.com,,,,Atlanta,Georgia,US,30309
Evolution Home Theater,evolutionht.com,evolutionht.com,,,,Atlanta,Georgia,US,30305
"INEX Systems and Designs, inc.",inexsystemsdesigns.com,inexsystemsdesigns.com,,,,Atlanta,Georgia,US,30313
Interactive Automation,interactiveautomation.com,interactiveautomation.com,,,,Chamblee,Georgia,US,30341
Link Your House Inc,linkyourhouse.com,linkyourhouse.com,,,,Suwanee,Georgia,US,30024
Mac Electronics,macelec.com,macelec.com,,,,Evans,Georgia,US,30809
Modus AV Listening Lounge,modusav.com,modusav.com,,,,Atlanta,Georgia,US,30341
Phoenix Systems,phoenixsystems.tv,phoenixsystems.tv,,,,Alpharetta,Georgia,US,30005
Pro Audio Georgia,proaudioga.com,proaudioga.com,,,,LaGrange,Georgia,US,30241
ProAudio Georgia,proaudiogeorgia.com,proaudiogeorgia.com,,,,Atlanta,Georgia,US,30305
Shade Tree AV,shadetreeav.com,shadetreeav.com,,,,Atlanta,Georgia,US,30310
Sight & Sound Technologies,sightandsoundtechnologies.com,sightandsoundtechnologies.com,,,,Savannah,Georgia,US,31406
Southern Alarm Inc,southernalarminc.com,southernalarminc.com,,,,Richmond Hill,Georgia,US,31324
Tribute Technology,tributetechinc.com,tributetechinc.com,,,,Dacula,Georgia,US,30019
Hawai’i Audio Video Lighting Solutions,hiavls.com,hiavls.com,,,,Kailua,Hawaii,US,96734
AVS Concepts,teamavsconcepts.com,teamavsconcepts.com,,,,Ankeny,Iowa,US,50021
Atech,atechels.com,atechels.com,,,,Urbandale,Iowa,US,50322
Audio Labs,audiolabs.com,audiolabs.com,,,,West Des Moines,Iowa,US,50265
Midwest Technologies,midwesttechia.com,midwesttechia.com,,,,Madrid,Iowa,US,50156
Technology By Design,technologybydesign.com,technologybydesign.com,,,,Urbandale,Iowa,US,50323
"Advanced Data & Electric, Inc.",adesv.com,adesv.com,,,,Ketchum,Idaho,US,83340
Aspen Sound,aspensound.com,aspensound.com,,,,Boise,Idaho,US,83704
Audio Innovations & TJ's Electric,audioi.org,audioi.org,,,,Hailey,Idaho,US,83333
Cadence AV,cadenceav.com,cadenceav.com,,,,Boise,Idaho,US,83704
Clearwater Audio Video,clearwateraudiovideo.com,clearwateraudiovideo.com,,,,Boise,Idaho,US,83704
Home Media Solutions,homemedia.net,homemedia.net,,,,Ketchum,Idaho,US,83340
HomeiQ,smartavpros.com,smartavpros.com,,,,Meridian,Idaho,US,83642
Innotech Integration Group Home Theater Boise,hometheaterboise.com,hometheaterboise.com,,,,Meridian,Idaho,US,83646
Integrated Electronic Solutions,iessunvalley.com,iessunvalley.com,,,,Hailey,Idaho,US,83333
Luminaire Smart Homes,boisesmarthomes.com,boisesmarthomes.com,,,,Garden City,Idaho,US,83714
MEDIA 7/LAYERED LIGHTING DESIGN,esprosystems.com,esprosystems.com,,,,Boise,Idaho,US,83703
Man Cave Innovations,mancaveinnovations.net,mancaveinnovations.net,,,,Rigby,Idaho,US,83442
Media Controlled Home Cinema Installation,mediacontrolled.com,mediacontrolled.com,,,,Hayden,Idaho,US,83835
Soundwave Inc.,soundwaveinc.com,soundwaveinc.com,,,,Ketchum,Idaho,US,83340
Tech Driven Theater and Automation,techdriven.com,techdriven.com,,,,Eagle,Idaho,US,83616
The Audio Doctor,boiseaudiodoctor.com,boiseaudiodoctor.com,,,,Meridian,Idaho,US,83642
The Stereo Shoppe,thestereoshoppe.com,thestereoshoppe.com,,,,Boise,Idaho,US,83709
AV Integration Group,avintegrationgroup.com,avintegrationgroup.com,,,,Highland Park,Illinois,US,60035
AV WORKS,avworks.co,avworks.co,,,,Deerfield,Illinois,US,60015
Architectural Audio & Video Inc.,aavinc.com,aavinc.com,,,,Naperville,Illinois,US,60563
Bright AAM,brightaam.com,brightaam.com,,,,Palatine,Illinois,US,60074
Chicago Audio & Video Design,chicagoav.net,chicagoav.net,,,,Wauconda,Illinois,US,60084
Chicago TV Installer,chicagotvinstaller.com,chicagotvinstaller.com,,,,Chicago,Illinois,US,60626
Completehome Techonology,completehometechnology.com,completehometechnology.com,,,,Aurora,Illinois,US,60502
Corsiga Audio-Visual Service,corsigaav.com,corsigaav.com,,,,Woodridge,Illinois,US,60517
County Line Audio Video,countylineav.com,countylineav.com,,,,Clarendon Hills,Illinois,US,60514
Davidson Home Technology,davidsonhometech.com,davidsonhometech.com,,,,Alsip,Illinois,US,60803
Davis Audio & Video,davisaudio.com,davisaudio.com,,,,Chicago,Illinois,US,60630
E-Style Home Systems,estylehomesystems.com,estylehomesystems.com,,,,Oak Brook,Illinois,US,60523
ECO Automated Designs,ecoautomateddesigns.com,ecoautomateddesigns.com,,,,Mundelein,Illinois,US,60060
EOC Audio,eocaudio.com,eocaudio.com,,,,Lisle,Illinois,US,60532
EOC Secure,eocsecure.com,eocsecure.com,,,,Lisle,Illinois,US,60532
Etronics of Illinois,etronicsonline.net,etronicsonline.net,,,,Buffalo Grove,Illinois,US,60089
"Home Systems, Inc.",homesystems4u.com,homesystems4u.com,,,,Glenview,Illinois,US,60026
Home Tech Computer Solutions,thehometechs.com,thehometechs.com,,,,Chicago,Illinois,US,60626
Home Theatre Concepts,4htc.com,4htc.com,,,,Morton,Illinois,US,61550
Home Time Pro Inc.,hometimepro.com,hometimepro.com,,,,Arlington Heights,Illinois,US,60005
Hooked Up Installs,hookedupinstalls.com,hookedupinstalls.com,,,,Buffalo Grove,Illinois,US,60089
"Hookup Solutions, Inc.",hookupsolutions.com,hookupsolutions.com,,,,Chicago,Illinois,US,60618
Hunter Home Automation,hunterhomeautomation.com,hunterhomeautomation.com,,,,Palatine,Illinois,US,60074
Liaison Technology Group,liaisontechgroup.com,liaisontechgroup.com,,,,Decatur,Illinois,US,62523
Luxury AV Professionals,luxuryavpros.com,luxuryavpros.com,,,,Oakbrook Terrace,Illinois,US,60181
MY GUYS KNOW HOW,myguysknowhow.com,myguysknowhow.com,,,,Naperville,Illinois,US,60564
Mediatech Intelligent Home Systems,mediatechliving.com,mediatechliving.com,,,,St. Charles,Illinois,US,60174
Mills Technologies,mills-technologies.com,mills-technologies.com,,,,Skokie,Illinois,US,60076
Piston Home Automation,pistonhome.com,pistonhome.com,,,,Chicago,Illinois,US,60661
Premiere Systems,premieresystems.com,premieresystems.com,,,,Chicago,Illinois,US,60618
Remote Audio/Video/Lighting,remote-av.com,remote-av.com,,,,Plainfield,Illinois,US,60585
Sapient Home,sapienthome.co,sapienthome.co,,,,Chicago,Illinois,US,60612
Smith Audio Video,smithav.com,smithav.com,,,,Naperville,Illinois,US,60564
Sound & Vision Technology Solutions,soundandvision.net,soundandvision.net,,,,Burr Ridge,Illinois,US,60527
Sound Living,soundliving.com,soundliving.com,,,,Barrington,Illinois,US,60010
Sound Specialists Inc,soundspecialists.com,soundspecialists.com,,,,Chicago,Illinois,US,60642
Tech-Sync Solutions,tech-syncsolutions.com,tech-syncsolutions.com,,,,Montgomery,Illinois,US,60538
TechPoint1 Inc,techpoint1.com,techpoint1.com,,,,Plainfield,Illinois,US,60585
Trifecto Audio Video LLC,trifectoavp.com,trifectoavp.com,,,,Elk Grove Village,Illinois,US,60007
Ultra Smart Home,ultrasmarthome.com,ultrasmarthome.com,,,,Prospect Heights,Illinois,US,60070
WIRED on Bank Lane,wiredonbanklane.com,wiredonbanklane.com,,,,Lake Forest,Illinois,US,60045
Audio Solutions,theaudiosolutions.com,theaudiosolutions.com,,,,Indianapolis,Indiana,US,46220
Castlewall Security & Video,castlewallsecurity.com,castlewallsecurity.com,,,,Carmel,Indiana,US,46032
Catalist Technology & Security,catalisttechnology.com,catalisttechnology.com,,,,Greenwood,Indiana,US,46143
DTW Smart Homes & Networking,dtwsmarthomes.com,dtwsmarthomes.com,,,,De Motte,Indiana,US,46310
Digital Sight & Sound,dssindy.com,dssindy.com,,,,Fishers,Indiana,US,46038
Hawkeye Security and Electronics,hawkeyesecurity.us,hawkeyesecurity.us,,,,Jeff,Indiana,US,47130
Intelligent Living Solutions,intelligentlivingindy.com,intelligentlivingindy.com,,,,Zionsville,Indiana,US,46077
Millennium Sounds,millenniumsounds.com,millenniumsounds.com,,,,Westfield,Indiana,US,46074
Pro Security And Automation,prosecurityandautomation.com,prosecurityandautomation.com,,,,Indianapolis,Indiana,US,46250
Redfli Electronics,redfli.com,redfli.com,,,,Fort Wayne,Indiana,US,46815
TRIPhase Technologies,triphase-tech.com,triphase-tech.com,,,,Zionsville,Indiana,US,46077
United Sound and Vision LLC.,unitedsoundvision.com,unitedsoundvision.com,,,,Indianapolis,Indiana,US,46218
Ascend Audio Video,ascendav.net,ascendav.net,,,,Olathe,Kansas,US,66062
Elevated Electronics,elevatedelectronics.com,elevatedelectronics.com,,,,Overland Park,Kansas,US,66212
Homedia Solutions,homediasolutions.com,homediasolutions.com,,,,Shawnee,Kansas,US,66218
Kinkade,kinkadehome.com,kinkadehome.com,,,,Overland Park,Kansas,US,66214
"Maximum Multimedia, LLC",mmwichita.com,mmwichita.com,,,,Wichita,Kansas,US,67230
Modern Power & Control,modernpac.com,modernpac.com,,,,Lenexa,Kansas,US,66215
Teague iCtrl,teagueictrl.com,teagueictrl.com,,,,Lenexa,Kansas,US,66215
Automated Lifestyles,automatedlifestyles.com,automatedlifestyles.com,,,,Louisville,Kentucky,US,40223
Barney Miller's,barneymillers.com,barneymillers.com,,,,Lexington,Kentucky,US,40507
Blue Grass Home Entertainment,bghe.com,bghe.com,,,,Lexington,Kentucky,US,40505
Century Entertainment & Furnishings,centuryliving.com,centuryliving.com,,,,Louisville,Kentucky,US,40207
Commonwealth Connected,commonwealthconnec9.wixsite.com,commonwealthconnec9.wixsite.com,,,,Lexington,Kentucky,US,40514
Haven Smart Services,havensmartservices.com,havensmartservices.com,,,,Erlanger,Kentucky,US,41018
JADE Jameson Automated Design Environments,jadeav.net,jadeav.net,,,,Lexington,Kentucky,US,40508
Laswell Electric & Security,laswellco.com,laswellco.com,,,,Louisville,Kentucky,US,40219
"Perfect Install, LLC",perfect-install.com,perfect-install.com,,,,Louisville,Kentucky,US,40223
Reliable Connect Custom Audio & Video LLC Formerly Rich's Contracting & Custom Audio/Video LLC,rccav.com,rccav.com,,,,Grand Rivers,Kentucky,US,42045
Rockstar Home Systems,rockstarhs.com,rockstarhs.com,,,,Lexington,Kentucky,US,40505
TDO Home Entertainment,tdohe.com,tdohe.com,,,,Lexington,Kentucky,US,40503
AVSS,avssla.com,avssla.com,,,,Baton Rouge,Louisiana,US,70816
Bruno's Audio & Video,brunoav.com,brunoav.com,,,,New Orleans,Louisiana,US,70122
Complete Wiring and Security,cwstech.com,cwstech.com,,,,Baton Rouge,Louisiana,US,70810
"Connected Solutions, LLC",connectedsolutionsla.com,connectedsolutionsla.com,,,,Youngsville,Louisiana,US,70592
Crescendo Automation Audio Video,crescendoaav.com,crescendoaav.com,,,,Baton Rouge,Louisiana,US,70817
"DYNAMIC AUDIO VIDEO, LLC",dynamicaudiovideo.com,dynamicaudiovideo.com,,,,New Orleans,Louisiana,US,70123
Experience Audio Video,experienceinstallsit.com,experienceinstallsit.com,,,,Baton Rouge,Louisiana,US,70809
Home Audio Innovations,homeaudioinnovations.com,homeaudioinnovations.com,,,,Bossier City,Louisiana,US,71112
Hung Forever,hungforever.com,hungforever.com,,,,New Orleans,Louisiana,US,70119
Impact Audio Video,impactavbr.com,impactavbr.com,,,,Baton Rouge,Louisiana,US,70816
Off the Wall Audio Video,offthewallav.com,offthewallav.com,,,,Metairie,Louisiana,US,70003
The Installation Experts,the-installation-experts.com,the-installation-experts.com,,,,Slidell,Louisiana,US,70458
"Venture SSC, LLC",geauxventure.com,geauxventure.com,,,,Baton Rouge,Louisiana,US,70810
Able Control LLC,ablecontrol.com,ablecontrol.com,,,,Needham,Massachusetts,US,02494
Advanced Audio & Video,advancedaav.com,advancedaav.com,,,,Orleans,Massachusetts,US,02653
Audio and Video Systems,audioandvideosystems.com,audioandvideosystems.com,,,,Barnstable,Massachusetts,US,02630
Aztec Sound and Communications,aztecsound.com,aztecsound.com,,,,Wilmington,Massachusetts,US,01887
CMC Systems,cmcsystems.net,cmcsystems.net,,,,Needham,Massachusetts,US,02492
"CloudMIS, LLC",cloudmis.net,cloudmis.net,,,,Holliston,Massachusetts,US,01746
Elite Home Automation,elitehomeauto.com,elitehomeauto.com,,,,Nantucket,Massachusetts,US,02554
Extreme Audio,extremeaudiocapecod.com,extremeaudiocapecod.com,,,,Barnstable,Massachusetts,US,02601
Heritage Smart Technologies,heritagesmart.com,heritagesmart.com,,,,Norfolk,Massachusetts,US,02056
Home Theaters by Sean,hometheatersbysean.com,hometheatersbysean.com,,,,Bridgewater,Massachusetts,US,02324
Home Theatre Associates,hometheatreassociates.com,hometheatreassociates.com,,,,Hamilton,Massachusetts,US,01982
Jobe Systems,jobesystems.com,jobesystems.com,,,,Nantucket,Massachusetts,US,02554
Level Up Automation,levelupyourhome.com,levelupyourhome.com,,,,Northborough,Massachusetts,US,01532
MVIS,getmvis.com,getmvis.com,,,,Tisbury,Massachusetts,US,02568
McMahon Media Services,mcmahonmedia.com,mcmahonmedia.com,,,,Natick,Massachusetts,US,01760
Mulholland AUDIO VIDEO,mulhollandaudiovideo.com,mulhollandaudiovideo.com,,,,Seekonk,Massachusetts,US,02771
Osterville WiFi & Smart Home,ostervillewifiandsmarthome.com,ostervillewifiandsmarthome.com,,,,Yarmouth,Massachusetts,US,02675
Prime Time Home Theater,primetimehometheater.com,primetimehometheater.com,,,,Hanover,Massachusetts,US,02339
Running Solutions Audio Video,runsol.com,runsol.com,,,,Hanover,Massachusetts,US,02339
Sandwich TV Home Entertainment,sandwichtvhomeentertainment.com,sandwichtvhomeentertainment.com,,,,Sandwich,Massachusetts,US,02563
SimpleHome,simplehome.net,simplehome.net,,,,Westwood,Massachusetts,US,02090
Soundwaves Corporation,soundwavescorp.com,soundwavescorp.com,,,,Bourne,Massachusetts,US,02532
TSP Smart Spaces,tsp.space,tsp.space,,,,Boston,Massachusetts,US,02118
Today's Smart Home,todayssmarthome.com,todayssmarthome.com,,,,North Andover,Massachusetts,US,01845
Vineyard Home,vineyardhome.com,vineyardhome.com,,,,Falmouth,Massachusetts,US,02540
A.B.E. Networks,abenetworks.com,abenetworks.com,,,,Rockville,Maryland,US,20852
American Automation,american-automation.com,american-automation.com,,,,Bowie,Maryland,US,20715
Atlantic Control Technologies,atlcontrol.com,atlcontrol.com,,,,Annapolis,Maryland,US,21401
Best Integrated Systems,bestintegratedsystems.com,bestintegratedsystems.com,,,,Elkridge,Maryland,US,21075
Chase Systems LLC,chasesystems.com,chasesystems.com,,,,Rockville,Maryland,US,20852
"Chesapeake Systems Service, Inc.",shopcss.us,shopcss.us,,,,Annapolis Junction,Maryland,US,20701
District-AV,district-av.com,district-av.com,,,,Bethesda,Maryland,US,20814
Elite Home Entertainment,eheservices.com,eheservices.com,,,,Forest Hill,Maryland,US,21050
Emergent Home Solutions,emergenths.com,emergenths.com,,,,Annapolis Junction,Maryland,US,20701
"Home Tech Audio Video Concepts, Inc.",hometechav.com,hometechav.com,,,,Easton,Maryland,US,21601
Hunt Audio Video,huntaudiovideo.com,huntaudiovideo.com,,,,Hagerstown,Maryland,US,21742
Level Up Automation Maryland,levelupautomationmd.com,levelupautomationmd.com,,,,Kingsville,Maryland,US,21087
One Source Systems,onesourcesystems.com,onesourcesystems.com,,,,Gaithersburg,Maryland,US,20879
Performance Home Automation,pha.systems,pha.systems,,,,Annapolis,Maryland,US,21401
Shore Home Solutions,shorehomesolutions.com,shorehomesolutions.com,,,,Easton,Maryland,US,21601
Signature Sound & Video,sigsv.com,sigsv.com,,,,Conshohocken,Maryland,US,19428
SmartTouchUSA,smarttouchusa.com,smarttouchusa.com,,,,Columbia,Maryland,US,21045
Ultimate Electronic Solutions,uesav.com,uesav.com,,,,Fort Washington,Maryland,US,20744
project iot,myprojectiot.com,myprojectiot.com,,,,Bel Air,Maryland,US,21014
Atlantic AV,atlanticav.com,atlanticav.com,,,,Brunswick,Maine,US,04011
DC Home Systems-Maine,dchomesystems.com,dchomesystems.com,,,,Portland,Maine,US,04102
Downeast Audio Video,downeastaudiovideo.com,downeastaudiovideo.com,,,,Wiscasset,Maine,US,04578
K Tronics Satellite Home Theater,ktronicsmaine.com,ktronicsmaine.com,,,,Madison,Maine,US,04950
Tucker and Tucker Associates Audio and Video by Design,tuckerandtucker.com,tuckerandtucker.com,,,,Scarborough,Maine,US,04074
Almas Hi-Fi Stereo,getalmashifi.com,getalmashifi.com,,,,Royal Oak,Michigan,US,48073
Ambience Home Technology,ambiencehometech.com,ambiencehometech.com,,,,Douglas,Michigan,US,49406
American Home Technology,ahtech.com,ahtech.com,,,,Harbor Springs,Michigan,US,49740
Architectural Media Systems,architecturalmediasystems.com,architecturalmediasystems.com,,,,Ann Arbor,Michigan,US,48103
Audio Video Interiors Group,avigroup.biz,avigroup.biz,,,,Grand Rapids,Michigan,US,49525
Automation Design + Entertainment,automation-design.com,automation-design.com,,,,Kalamazoo,Michigan,US,49009
Eisen AV,eisenav.com,eisenav.com,,,,Grand Haven,Michigan,US,49417
FPAV Electronics,fpavelectronics.com,fpavelectronics.com,,,,Shelby Township,Michigan,US,48315
Gramophone Home Theater,gramophonehometheater.com,gramophonehometheater.com,,,,Bloomfield Hills,Michigan,US,48302
Grand Home Automation,grandhome.com,grandhome.com,,,,Hudsonville,Michigan,US,49426
Harbert Home Systems,harberthomesystems.com,harberthomesystems.com,,,,Williamston,Michigan,US,48895
Integrated Smart Technologies,istmi.com,istmi.com,,,,Jackson,Michigan,US,49202
IntelliTech Systems Inc.,intellitech-systems.com,intellitech-systems.com,,,,Troy,Michigan,US,48083
JBM Automation,jbmautomation.com,jbmautomation.com,,,,Portage,Michigan,US,49002
Paragon Sight & Sound,paragonsns.com,paragonsns.com,,,,Ann Arbor,Michigan,US,48103
Paulson's Audio & Video Inc,paulsonsav.com,paulsonsav.com,,,,Farmington Hills,Michigan,US,48331
Smart Home Innovations,smarthomeinno.com,smarthomeinno.com,,,,Saginaw,Michigan,US,48603
SoundCheck,soundcheckllc.com,soundcheckllc.com,,,,Southfield,Michigan,US,48076
Spire Integrated Systems,spireintegrated.com,spireintegrated.com,,,,Troy,Michigan,US,48084
Syntronic Systems ~ Michigan Home Theater and Technology Experts,syntronicav.com,syntronicav.com,,,,Rochester,Michigan,US,48309
The Modern Home Theater,themoderntheater.org,themoderntheater.org,,,,Birmingham,Michigan,US,48009
The Sound Vision,thesoundvision.com,thesoundvision.com,,,,Franklin,Michigan,US,48025
Admit One Home Systems,admitonesystems.com,admitonesystems.com,,,,Edina,Minnesota,US,55439
Advanced Home,advancedhome.biz,advancedhome.biz,,,,Eagan,Minnesota,US,55121
Architechne,architechne.net,architechne.net,,,,Rochester,Minnesota,US,55906
Halsten Systems Integration,hsintegration.com,hsintegration.com,,,,Golden Valley,Minnesota,US,55426
JB Media,j-bmedia.com,j-bmedia.com,,,,Burnsville,Minnesota,US,55337
Legacy Security Technology Inc,legacysecurity.technology,legacysecurity.technology,,,,Minneapolis,Minnesota,US,55421
Lelch,golelch.com,golelch.com,,,,Minnetonka,Minnesota,US,55345
"Revolution Systems, Inc",revolutionsystemsinc.com,revolutionsystemsinc.com,,,,Mendota Heights,Minnesota,US,55120
SLH Home Systems / HYTE Technology,slhsystems.com,slhsystems.com,,,,Mendota Heights,Minnesota,US,55120
"Westco Systems, Inc",yourwestco.com,yourwestco.com,,,,St Louis Park,Minnesota,US,55426
Western Systems,westernsystemsllc.com,westernsystemsllc.com,,,,Medina,Minnesota,US,55340
Wyatt Automated,wyattautomated.com,wyattautomated.com,,,,Minneapolis,Minnesota,US,55447
Audio Advice,thesoundroom.com,thesoundroom.com,,,,Chesterfield,Missouri,US,63005
Audio Innovations Inc.,audioinnovationsinc.com,audioinnovationsinc.com,,,,Kansas City,Missouri,US,64155
Beishir Audio Video & Home Automation,stlavtech.com,stlavtech.com,,,,St. Louis,Missouri,US,63123
Fusion Tech Companies,fusion-companies.com,fusion-companies.com,,,,Brentwood,Missouri,US,63144
HD Media Systems,hd-mediasystems.com,hd-mediasystems.com,,,,Cape Girardeau,Missouri,US,63701
"HomeTech 1,LLC",hometech1.com,hometech1.com,,,,St Charles,Missouri,US,63304
Imagine Multimedia Systems Inc,imaginemultimedia.co,imaginemultimedia.co,,,,St. Louis,Missouri,US,63117
"Modern Home Technologies, LLC",eleganthometheatersystems.com,eleganthometheatersystems.com,,,,Chesterfield,Missouri,US,63017
The VHS Group,thevhsgroup.com,thevhsgroup.com,,,,Webster Groves,Missouri,US,63119
Beck's Custom Audio & Video,beckscustomav.com,beckscustomav.com,,,,Tupelo,Mississippi,US,38804
"Innovative Solutions and Communications, LLC",innovativesolutionsms.com,innovativesolutionsms.com,,,,Ridgeland,Mississippi,US,39157
Mississippi Smart Homes,mssmarthomes.com,mssmarthomes.com,,,,Ridgeland,Mississippi,US,39157
Alta Services Inc.,altaservices.net,altaservices.net,,,,Victor,Montana,US,59875
Audio Artisans,theaudioartisans.com,theaudioartisans.com,,,,Bozeman,Montana,US,59718
Aura Dynamic Systems,auradynamics.com,auradynamics.com,,,,Kalispell,Montana,US,59901
Automated Living,automatedlivingmt.com,automatedlivingmt.com,,,,Missoula,Montana,US,59808
Heaven's Peak Technologies,heavenspeakmt.com,heavenspeakmt.com,,,,Kalispell,Montana,US,59901
High Mountain Technologies,highmtn.net,highmtn.net,,,,Bozeman,Montana,US,59718
Home Pro,homepro406.com,homepro406.com,,,,Kalispell,Montana,US,59901
Magnum Opus Audio Video,montanasmarthome.com,montanasmarthome.com,,,,Corvallis,Montana,US,59828
Platinum Tech Services,platinumtechservices.net,platinumtechservices.net,,,,Belgrade,Montana,US,59714
Real Audio Concepts,realaudioconcepts.com,realaudioconcepts.com,,,,Shepherd,Montana,US,59079
SAV Bozeman Showroom,savinc.net,savinc.net,,,,Bozeman,Montana,US,59715
Simple Tech,simpletechmt.com,simpletechmt.com,,,,Columbia Falls,Montana,US,59912
Smart Home Systems,shs-mt.com,shs-mt.com,,,,Bozeman,Montana,US,59718
Sounds.Easy Technology Solutions,soundseasy.us,soundseasy.us,,,,Kalispell,Montana,US,59901
365 PRO AudioVideo,365proav.com,365proav.com,,,,Charlotte,North Carolina,US,28202
AV Upgrades,avupgrades.com,avupgrades.com,,,,Kernersville,North Carolina,US,27284
AVE Integration,aveintegration.com,aveintegration.com,,,,Kernersville,North Carolina,US,27284
"Advanced Tech Systems, Inc.",atstriad.com,atstriad.com,,,,Greensboro,North Carolina,US,27406
Audio Advice,audioadvice.com,audioadvice.com,,,,Raleigh,North Carolina,US,27617
Audio Affects,audioaffects.org,audioaffects.org,,,,Raleigh,North Carolina,US,27615
Audio Video Solutions,avsnow.com,avsnow.com,,,,Winston-Salem,North Carolina,US,27106
Automated AV,automatedavnc.com,automatedavnc.com,,,,Huntersville,North Carolina,US,28078
Bright Audio Video,brightaudiovideo.com,brightaudiovideo.com,,,,Pineville,North Carolina,US,28134
CableNC,cablenc.com,cablenc.com,,,,Wendell,North Carolina,US,27591
Caliber Audio/Video,caliberav.com,caliberav.com,,,,Concord,North Carolina,US,28027
Caudill's,caudills.com,caudills.com,,,,Kernersville,North Carolina,US,27284
Clarity Sight Sound Design,clarityssd.com,clarityssd.com,,,,Charlotte,North Carolina,US,28205
Connected Home Inc.,connectedhomenc.com,connectedhomenc.com,,,,Leland,North Carolina,US,28451
Connextec,connextec.com,connextec.com,,,,Charlotte,North Carolina,US,28273
DKR AUDIO & VIDEO,dkraudio7.wixsite.com,dkraudio7.wixsite.com,,,,Charlotte,North Carolina,US,28211
Easy Living Technologies,easylivingtechnologies.com,easylivingtechnologies.com,,,,Kannapolis,North Carolina,US,28081
Foothills Security & Technology,foothillsalarm.com,foothillsalarm.com,,,,Mill Spring,North Carolina,US,28756
Harmony AVL+media,harmonyinteriors.com,harmonyinteriors.com,,,,Asheville,North Carolina,US,28805
Hi-Tech Integrated Systems,hi-techsystems.com,hi-techsystems.com,,,,Asheville,North Carolina,US,28806
Home Theater Solutions,htscarolinas.com,htscarolinas.com,,,,Charlotte,North Carolina,US,28206
INSIGHT AUTOMATION,insight-auto.com,insight-auto.com,,,,Charlotte,North Carolina,US,28208
Immersive Home Technology,immersivehometech.com,immersivehometech.com,,,,Sherrills Ford,North Carolina,US,28673
Integrated ArchiTech,integratedarchitech.com,integratedarchitech.com,,,,Cashiers,North Carolina,US,28717
Interactive Interiors,interactiveinteriors-av.com,interactiveinteriors-av.com,,,,Denver,North Carolina,US,28037
"Just Push Play (JPP), Audio Visual",justpushplay.us,justpushplay.us,,,,Garner,North Carolina,US,27529
Mountain Heritage Systems,mhstechnologies.com,mhstechnologies.com,,,,Newland,North Carolina,US,28657
Neuwave,neuwavesystems.com,neuwavesystems.com,,,,Raleigh,North Carolina,US,27604
"Optimal Tek, LLC",optimaltek.net,optimaltek.net,,,,Fletcher,North Carolina,US,28732
PoweredON Audio Visual,poweredonav.com,poweredonav.com,,,,Mooresville,North Carolina,US,28115
Premiere Home Theater,hometheatercharlotte.com,hometheatercharlotte.com,,,,Cornelius,North Carolina,US,28031
RDU TV Mounting & Audio Video,rdutvmounting.com,rdutvmounting.com,,,,Raleigh,North Carolina,US,27612
SECUR-TEK,mysecurtek.com,mysecurtek.com,,,,Apex,North Carolina,US,27502
Sandhills Home Theater,sandhillshometheater.com,sandhillshometheater.com,,,,West End,North Carolina,US,27376
SimplyAV,simplyavnc.com,simplyavnc.com,,,,Wake Forest,North Carolina,US,27587
Sound Advice,soundadvice.com,soundadvice.com,,,,Charlotte,North Carolina,US,28203
Sound Decisions Inc,sounddecisions.biz,sounddecisions.biz,,,,Wilmington,North Carolina,US,28405
SoundVision LLC Audio Video Shades,svavnc.com,svavnc.com,,,,Mooresville,North Carolina,US,28117
Surftech AV,surftechav.com,surftechav.com,,,,Wilmington,North Carolina,US,28405
Turn-Key Services,turn-keyservicesnc.hibuwebsites.com,turn-keyservicesnc.hibuwebsites.com,,,,Hickory,North Carolina,US,28601
Wilmington Audio Visual & Lighting,wilmingtonavl.com,wilmingtonavl.com,,,,Wilmington,North Carolina,US,28405
Wired South LLC,wiredsouth.com,wiredsouth.com,,,,Raleigh,North Carolina,US,27603
nuView Home Theaters & More,nuviewhometheaters.com,nuviewhometheaters.com,,,,Pinehurst,North Carolina,US,28374
Smart Home Technologies,smarthomefargo.com,smarthomefargo.com,,,,West Fargo,North Dakota,US,58078
Apex Integration,aiomaha.net,aiomaha.net,,,,Omaha,Nebraska,US,68134
Denizen,denizenhome.com,denizenhome.com,,,,Gretna,Nebraska,US,68028
Sellhorst Security & Sound,sellhorst.com,sellhorst.com,,,,Omaha,Nebraska,US,68022
SmartHouse Pro,smarthousepro.io,smarthousepro.io,,,,Omaha,Nebraska,US,68116
Audio Elite,audioelite.pro,audioelite.pro,,,,Londonderry,New Hampshire,US,03053
Cinemaesque Home Theater,cinemaesque.com,cinemaesque.com,,,,Gilford,New Hampshire,US,03249
Integrated Audio Solutions,iaudiosolutions.com,iaudiosolutions.com,,,,Newmarket,New Hampshire,US,03857
Securely Sound Inc,securelysound.com,securelysound.com,,,,Hooksett,New Hampshire,US,03106
The Sound Resort,soundresort.net,soundresort.net,,,,Gilford,New Hampshire,US,03249
Your Custom Smart Home AV Integration Service & Support Company,intellihomene.com,intellihomene.com,,,,Salem,New Hampshire,US,03079
ABNH,abnhav.com,abnhav.com,,,,Princeton,New Jersey,US,08540
Advanced Automation Systems,advanced-automations.com,advanced-automations.com,,,,Kinnelon,New Jersey,US,07405
Audio Visual Experts LLC,avexpertsnj.com,avexpertsnj.com,,,,Brick Township,New Jersey,US,08724
Audio-Video Synergy Inc,audiovideosynergy.com,audiovideosynergy.com,,,,Clinton,New Jersey,US,08809
Berman Home Systems,bermanhomesystems.com,bermanhomesystems.com,,,,Verona,New Jersey,US,07044
Bravo AV Home Theater and Home Automation NJ,bravoav.com,bravoav.com,,,,Bernardsville,New Jersey,US,07924
Cine Acoustic LLC,cineacoustic.com,cineacoustic.com,,,,Morris Plains,New Jersey,US,07950
Custom AV Integrators,customavnj.com,customavnj.com,,,,Mullica Hill,New Jersey,US,08062
Cyberhomes Systems LLC,cyberhomessystems.com,cyberhomessystems.com,,,,Englishtown,New Jersey,US,07726
Elite Home Technology,elitehometech.com,elitehometech.com,,,,Toms River,New Jersey,US,08753
Elite Smart Home,elitesmarthome.com,elitesmarthome.com,,,,West Berlin,New Jersey,US,08091
Epic Systems Tech Home Theater and Control4 Installation New Jersey,epicsystems.tech,epicsystems.tech,,,,Mt Olive,New Jersey,US,07828
For-Tech Electric LLC,fortechelectric.com,fortechelectric.com,,,,Lakewood,New Jersey,US,08701
GMI Automation,gmiautomation.com,gmiautomation.com,,,,Old Bridge,New Jersey,US,08857
HiDEF Home Theater and TV Installation NJ,hidefnj.com,hidefnj.com,,,,Wall Township,New Jersey,US,07719
Home Theater Group,hometheatergroup.com,hometheatergroup.com,,,,Green Brook Township,New Jersey,US,08812
HomeCinema4u,homecinema4u.com,homecinema4u.com,,,,Monroe Township,New Jersey,US,08831
"JD Audio & Video Design, Inc.",jdavdesign.com,jdavdesign.com,,,,Fort Lee,New Jersey,US,07024
JMG Audio Video Inc.,jmgav.com,jmgav.com,,,,Saddle River,New Jersey,US,07458
"JS Audio Video, Inc.",jsaudiovideo.com,jsaudiovideo.com,,,,Morristown,New Jersey,US,07960
MegaTV Installations,megatvinstallations.com,megatvinstallations.com,,,,Trenton,New Jersey,US,08619
One Sound Choice,onesoundchoice.com,onesoundchoice.com,,,,Pequannock Township,New Jersey,US,07444
Professional Audio Consultants,pac-nj.com,pac-nj.com,,,,Millburn,New Jersey,US,07041
Profound Sound & Video,profoundav.com,profoundav.com,,,,Cherry Hill Township,New Jersey,US,08003
SHORE Smart Home,shoresmarthome.pro,shoresmarthome.pro,,,,Northfield,New Jersey,US,08225
Smart Home Systems LLC,thesmarthomesystems.com,thesmarthomesystems.com,,,,Nutley,New Jersey,US,07110
Smart Homes and Theaters,smartavinstall.com,smartavinstall.com,,,,Morristown,New Jersey,US,07960
SmartWay Integration,smartwayintegration.com,smartwayintegration.com,,,,Morristown,New Jersey,US,07960
Sounding Board Home Theatre Company,soundingboardhtp.com,soundingboardhtp.com,,,,Waldwick,New Jersey,US,07463
Stark System Design,starksystemdesign.com,starksystemdesign.com,,,,Moorestown,New Jersey,US,08057
"Stereo & Video Integrators, Inc.",stereoandvideo.com,stereoandvideo.com,,,,Ocean Township,New Jersey,US,07712
TD Smart Homes Inc,tdsmarthomes.com,tdsmarthomes.com,,,,Paramus,New Jersey,US,07652
Two Smart Techs,2smarttechs.com,2smarttechs.com,,,,Watchung,New Jersey,US,07069
e-home,e-home.com,e-home.com,,,,Ridgefield,New Jersey,US,07657
i-AV,i-av.com,i-av.com,,,,Little Silver,New Jersey,US,07739
ynVISION Lutron Lighting and Motorized Blinds NJ,ynvision.design,ynvision.design,,,,Millburn,New Jersey,US,07041
Albuquerque Sound and Vac,abqsoundandvac.com,abqsoundandvac.com,,,,Albuquerque,New Mexico,US,87113
Paradise Village the Electronic Specialists,paradisevillagenm.com,paradisevillagenm.com,,,,Albuquerque,New Mexico,US,87110
SmartVolt AV,smartvoltav.com,smartvoltav.com,,,,Albuquerque,New Mexico,US,87107
Acoustic Design Systems,acousticdesignlv.com,acousticdesignlv.com,,,,Las Vegas,Nevada,US,89139
Arctic Electricians,arcticelectricians.com,arcticelectricians.com,,,,Stateline,Nevada,US,89449
Channels,channelsav.com,channelsav.com,,,,Reno,Nevada,US,89511
EM System Integrators,emintegrators.com,emintegrators.com,,,,Las Vegas,Nevada,US,89102
Elevated Home Systems,elevatedhomesystems.com,elevatedhomesystems.com,,,,Stateline,Nevada,US,89449
Holm Electric,holmelectric.com,holmelectric.com,,,,IVGID,Nevada,US,89451
HomeTronic,hometroniclv.com,hometroniclv.com,,,,Las Vegas,Nevada,US,89108
LANCELOT Security AV Automation,mylancelot.com,mylancelot.com,,,,Las Vegas,Nevada,US,89120
Millennium Systems & Integrations,msilv.com,msilv.com,,,,Las Vegas,Nevada,US,89149
Nexus Electrical and Smart Home,nexushome.com,nexushome.com,,,,IVGID,Nevada,US,89451
PROSOURCE AV & INTEGRATION,prosourceav.com,prosourceav.com,,,,Sparks,Nevada,US,89431
Pegasus Low Voltage,pegasuslv.com,pegasuslv.com,,,,Las Vegas,Nevada,US,89108
Premiere A/V Integration,premierelv.com,premierelv.com,,,,Las Vegas,Nevada,US,89148
Pro Audio Home Theater Installation,proaudiohometheaterinstallation.com,proaudiohometheaterinstallation.com,,,,Las Vegas,Nevada,US,89119
Sight & Sound Technologies,sightandsoundtahoe.com,sightandsoundtahoe.com,,,,Zephyr Cove,Nevada,US,89448
Sturdy Hands AV & Integration Solutions,sturdyhandslv.com,sturdyhandslv.com,,,,Las Vegas,Nevada,US,89131
Systems of Nevada Inc,systemsofnevada.com,systemsofnevada.com,,,,Sparks,Nevada,US,89431
Turning Point Technologies,turningpointtechnology.net,turningpointtechnology.net,,,,North Las Vegas,Nevada,US,89030
Wilkcomm Reno LLC,wilkcomm.net,wilkcomm.net,,,,Reno,Nevada,US,89511
"3D Sound and Security, Inc",3dsoundandsecurity.com,3dsoundandsecurity.com,,,,West Islip,New York,US,11795
ATTYWON,attywon.com,attywon.com,,,,Great Neck,New York,US,11021
AV Solution LLC,avsolution.us,avsolution.us,,,,Eastchester,New York,US,10709
Acoustic Visions,acousticvisions.com,acousticvisions.com,,,,Hampton Bays,New York,US,11946
Advanced Alarm Inc,advancedalarm.net,advancedalarm.net,,,,Tonawanda,New York,US,14150
Advanced Home AV,ahav.com,ahav.com,,,,Spring Valley,New York,US,10977
Audio Breakthroughs,audio1975.com,audio1975.com,,,,Manhasset,New York,US,11030
Audio Den,audioden.com,audioden.com,,,,Nesconset,New York,US,11767
Audio Obsessions,audioobsessions.com,audioobsessions.com,,,,Albany,New York,US,12205
Audio Video Invasion,audiovideoinvasion.com,audiovideoinvasion.com,,,,Plainview,New York,US,11803
Audio Video Long Island,audiovideolongisland.com,audiovideolongisland.com,,,,Roslyn,New York,US,11576
Automated Ideas and Solutions,automatedideas.com,automatedideas.com,,,,Southampton,New York,US,11968
Bright Home Theater and Audio Video NYC,brighthometheater.com,brighthometheater.com,,,,New York,New York,US,10018
Cinema & Sound Of WNY,cinemaandsoundwny.com,cinemaandsoundwny.com,,,,Orchard Park,New York,US,14127
Connected Home Systems,connectedhomesystems.net,connectedhomesystems.net,,,,Quogue,New York,US,11959
Crescendo Designs,crescendodesigns.com,crescendodesigns.com,,,,Westhampton Beach,New York,US,11978
Custom FX,cfxusa.com,cfxusa.com,,,,New York,New York,US,10017
DH Technology Contractor,dhometech.com,dhometech.com,,,,Quogue,New York,US,11959
DTV Installations,dtv-installations.com,dtv-installations.com,,,,New York,New York,US,10016
Digital Habitat Store,digitalhabitatstore.com,digitalhabitatstore.com,,,,Syosset,New York,US,11791
Distinctive Home Automation,distinctivehomeautomationnewyork.com,distinctivehomeautomationnewyork.com,,,,New York,New York,US,10010
Electronic Environments,eeny.net,eeny.net,,,,New York,New York,US,10018
Elevated Audio Video,elevated-av.com,elevated-av.com,,,,East Quogue,New York,US,11942
Enhanced Home,enhanced-home.com,enhanced-home.com,,,,Port Chester,New York,US,10573
Entertainment Technology,etaudiovideo.com,etaudiovideo.com,,,,Mt Kisco,New York,US,10549
ExpertTech USA,experttechusa.com,experttechusa.com,,,,Brooklyn,New York,US,11231
Extreme AVS Home Theater Installers Control4 Long Island,extremeavs.com,extremeavs.com,,,,Smithtown,New York,US,11787
Fiks Consultants,fiksconsultants.com,fiksconsultants.com,,,,New York,New York,US,10018
George's TV & Appliances,georgeshometheater.com,georgeshometheater.com,,,,Patchogue,New York,US,11772
HDH TECH,hdhtech.com,hdhtech.com,,,,New York,New York,US,10018
HTE (Home Technology Experts),hteny.com,hteny.com,,,,Southampton,New York,US,11968
HandyDim,handydim.com,handydim.com,,,,Troy,New York,US,12180
Hippo's,hipposonline.com,hipposonline.com,,,,Albany,New York,US,12203
Home Theater Advisors,hometheateradvisors.com,hometheateradvisors.com,,,,New York,New York,US,10128
Home-Tec Heating and Cooling LLC,hometecny.com,hometecny.com,,,,Colonie,New York,US,12205
HouseDigital,myhousedigital.com,myhousedigital.com,,,,Rochester,New York,US,14607
Hudson Valley Home Media,hvhomemedia.com,hvhomemedia.com,,,,Nyack,New York,US,10960
ICC Automation,iccautomation.com,iccautomation.com,,,,Ronkonkoma,New York,US,11779
INTEGRA AUDIO VIDEO,integraaudiovideo.com,integraaudiovideo.com,,,,New York,New York,US,10009
Innovative Audio Video Showrooms,innovative.nyc,innovative.nyc,,,,New York,New York,US,10155
Innovative Technologies & Associates,innovativetechnologiesny.com,innovativetechnologiesny.com,,,,East Quogue,New York,US,11942
Intech,intechav.com,intechav.com,,,,Syosset,New York,US,11791
JW Automations,jwautomations.com,jwautomations.com,,,,Little Neck,New York,US,11362
Jvf Audio Video Installations,jvfaudiovideo.com,jvfaudiovideo.com,,,,Rocky Point,New York,US,11778
KRAUS Hi-Tech,kraushi-tech.com,kraushi-tech.com,,,,Long Island City,New York,US,11106
Long Island Sound And Cinema,lisoundandcinema.com,lisoundandcinema.com,,,,Plainview,New York,US,11803
Lutron Lighting,lutronlightingandshades.com,lutronlightingandshades.com,,,,New York,New York,US,10018
"Lutron Lights, Shades and Blinds Installer NYC",shadesinspiration.com,shadesinspiration.com,,,,New York,New York,US,10010
Luxe Audio Video Solutions,luxe-av.com,luxe-av.com,,,,New York,New York,US,10018
Mounting NYC,mountingnyc.com,mountingnyc.com,,,,New York,New York,US,10018
NYC TV Mounts,nyctvmounted.com,nyctvmounted.com,,,,New York,New York,US,10036
Nex AV,nexavt.com,nexavt.com,,,,New York,New York,US,10018
North Fork Custom Audio Video,nfav.com,nfav.com,,,,Mattituck,New York,US,11952
North Shore Sound & Vision,northshoresounds.com,northshoresounds.com,,,,Little Neck,New York,US,11362
Osbee,osbee.com,osbee.com,,,,Harrison,New York,US,10528
Output Design Audio Video,outputdesignav.com,outputdesignav.com,,,,Eastchester,New York,US,10709
Premier Audio Video Designs,premieravdesigns.com,premieravdesigns.com,,,,North White Plains,New York,US,10603
Premiere Systems Design,premieresystemsdesign.com,premieresystemsdesign.com,,,,Bayport,New York,US,11705
Resolution Audio Video,resolutionavnyc.com,resolutionavnyc.com,,,,Brooklyn,New York,US,11205
Sage AV,sageav.com,sageav.com,,,,New York,New York,US,10016
Shoreline Connected Systems,shorelineconnected.com,shorelineconnected.com,,,,Westhampton Beach,New York,US,11978
Simple Smart,simplesmart.tech,simplesmart.tech,,,,Piermont,New York,US,10968
Smart Home Worx,smarthomeworx.com,smarthomeworx.com,,,,New York,New York,US,10018
Smart House Tech NYC,smarthouse-ny.com,smarthouse-ny.com,,,,Astoria,New York,US,11106
Smart Spaces Group,smartspacesgroup.com,smartspacesgroup.com,,,,Canal Street,New York,US,10013
Smarter Home Solutions,smarterhomesolutionsny.com,smarterhomesolutionsny.com,,,,Brentwood,New York,US,11717
Sound Sight Technologies,soundsightonline.com,soundsightonline.com,,,,New York,New York,US,10001
Surveilco,surveilcoli.com,surveilcoli.com,,,,Nesconset,New York,US,11767
Tech Solutions,hamptontechsolutions.net,hamptontechsolutions.net,,,,East Hampton,New York,US,11937
"Tech Team, LLC",wearetechteam.com,wearetechteam.com,,,,Garden City,New York,US,11530
TechPro Home Automation,techprohomeautomation.com,techprohomeautomation.com,,,,Plainview,New York,US,11803
Ultimate Sound & Installations,ultisound.com,ultisound.com,,,,Woodside,New York,US,11377
Welcome Home Living,welcomehomeliving.com,welcomehomeliving.com,,,,Pittsford,New York,US,14534
Westchester A/V,westchesterav.com,westchesterav.com,,,,White Plains,New York,US,10604
eHOME NYC LLC,ehome.nyc,ehome.nyc,,,,Yonkers,New York,US,10704
eInteractive,einteractiveinc.com,einteractiveinc.com,,,,New York,New York,US,10002
immersa,immersacinema.com,immersacinema.com,,,,Bohemia,New York,US,11716
Adapted Tech,adapted.tech,adapted.tech,,,,Dublin,Ohio,US,43016
Audio Craft,audiocraft.com,audiocraft.com,,,,Middleburg Heights,Ohio,US,44130
Automated Smart Living LLC,automatedsmartliving.com,automatedsmartliving.com,,,,Cincinnati,Ohio,US,45233
"Avera Media Group, LLC",averaohio.com,averaohio.com,,,,Cleveland,Ohio,US,44103
Connect You,connectyou.tech,connectyou.tech,,,,Gahanna,Ohio,US,43230
Digital Home Designs,dhdpros.com,dhdpros.com,,,,Columbus,Ohio,US,43235
EQ Technologies,eqtechnologies.com,eqtechnologies.com,,,,North Ridgeville,Ohio,US,44039
Genesis Audio Ltd,genesisaudio.com,genesisaudio.com,,,,Gahanna,Ohio,US,43230
Hanson Audio Video,hansonav.com,hansonav.com,,,,Cincinnati,Ohio,US,45242
Home Connect,homeconnectnow.com,homeconnectnow.com,,,,Dublin,Ohio,US,43017
Home Entertainment Solutions,hesohio.com,hesohio.com,,,,Wadsworth,Ohio,US,44281
Home Theater Solutions,htstoledo.com,htstoledo.com,,,,Holland,Ohio,US,43528
"Integrity Audio Video, LLC",integrityaudiovideo.com,integrityaudiovideo.com,,,,Miamisburg,Ohio,US,45342
"Interactive Protection Services, LLC",ipstechnow.com,ipstechnow.com,,,,Columbus,Ohio,US,43229
K+ Integration and Audio,k-integration.com,k-integration.com,,,,Chagrin Falls,Ohio,US,44022
M Alan Associates LLC,manatee-salamander-jash.squarespace.com,manatee-salamander-jash.squarespace.com,,,,Cincinnati,Ohio,US,45226
MediaObsessions,mediaobsessions.com,mediaobsessions.com,,,,Cuyahoga Falls,Ohio,US,44221
Mt Lookout Television and Electronics,mtlookouttv.com,mtlookouttv.com,,,,Cincinnati,Ohio,US,45208
My Smart Home Ohio,mysmarthomeohio.com,mysmarthomeohio.com,,,,Bedford Heights,Ohio,US,44146
NCIT Cleveland Security Systems,ncitclevelandsecurity.com,ncitclevelandsecurity.com,,,,Westlake,Ohio,US,44145
"NCIT, INC Home Automation / Theater",clevelandhometheater.net,clevelandhometheater.net,,,,Westlake,Ohio,US,44145
Perfect Solutions AV,perfectsolutionsav.com,perfectsolutionsav.com,,,,Terrace Park,Ohio,US,45174
Phantom Sound,phantomsound.com,phantomsound.com,,,,Loveland,Ohio,US,45140
Premiere Home Technologies LLC,premiereht.com,premiereht.com,,,,Dublin,Ohio,US,43016
Pure Av Corp. Smart Home Professionals,pureavcorp.com,pureavcorp.com,,,,Akron,Ohio,US,44312
"Resolutions-Sights, Sounds, Simplicity",resolutions-av.com,resolutions-av.com,,,,Cincinnati,Ohio,US,45249
Sheer Technologies,sheertec.com,sheertec.com,,,,Cincinnati,Ohio,US,45242
"Smart Solutions Unlimited, Inc",smartsuinc.com,smartsuinc.com,,,,Youngstown,Ohio,US,44514
Sound Advice,soundadviceofcinti.com,soundadviceofcinti.com,,,,Amelia,Ohio,US,45102
Tether House,tether.house,tether.house,,,,Worthington,Ohio,US,43085
The Theater People,thetheaterpeople.com,thetheaterpeople.com,,,,Columbus,Ohio,US,43213
Tiger Systems Inc.,tsicolumbus.com,tsicolumbus.com,,,,Columbus,Ohio,US,43229
Unique Home Systems,uniquehomesystems.com,uniquehomesystems.com,,,,Cincinnati,Ohio,US,45236
"Wellman & Griffith, Inc.",wellmangriffith.com,wellmangriffith.com,,,,Cleveland,Ohio,US,44126
Xtend Technologies,xtendav.com,xtendav.com,,,,Broadview Heights,Ohio,US,44147
j.Patrick Audio & Video,jpatrickav.com,jpatrickav.com,,,,Wickliffe,Ohio,US,44092
Acoustic Designs,acousticdesignsok.com,acousticdesignsok.com,,,,Oklahoma City,Oklahoma,US,73127
Audio Advice,audioadvicetulsa.com,audioadvicetulsa.com,,,,Tulsa,Oklahoma,US,74146
Audio Video Connections LLC,audiovideoconnections.com,audiovideoconnections.com,,,,Bixby,Oklahoma,US,74008
Communicate One,communicateone.net,communicateone.net,,,,Oklahoma City,Oklahoma,US,73114
Custom Technologies Plus,customtechplus.com,customtechplus.com,,,,Broken Arrow,Oklahoma,US,74012
ECSLiving,ecsliving.com,ecsliving.com,,,,Sand Springs,Oklahoma,US,74063
Great Choice Audio Video,greatchoiceav.com,greatchoiceav.com,,,,Edmond,Oklahoma,US,73034
Infinity Home Solutions,infinitytulsa.com,infinitytulsa.com,,,,Bixby,Oklahoma,US,74008
"Integration at Work, AV",iatwork.net,iatwork.net,,,,Tulsa,Oklahoma,US,74133
KAZAR Audio Video,kazaraudiovideo.com,kazaraudiovideo.com,,,,Tulsa,Oklahoma,US,74120
Newave Technology of Tulsa,newavetulsa.com,newavetulsa.com,,,,Tulsa,Oklahoma,US,74146
Phōs,phostulsa.com,phostulsa.com,,,,Tulsa,Oklahoma,US,74107
STATUS AV,status918.com,status918.com,,,,Jenks,Oklahoma,US,74037
Smart Spaces,smartspacesok.com,smartspacesok.com,,,,Oklahoma City,Oklahoma,US,73120
Tom King Electric,tomkingelectric.com,tomkingelectric.com,,,,Oklahoma City,Oklahoma,US,73116
AV Awakenings,avawakenings.com,avawakenings.com,,,,Lake Oswego,Oregon,US,97034
Accurate Electronic Interiors,aeinteriors.com,aeinteriors.com,,,,Central Point,Oregon,US,97502
Central Oregon Audio Video,centraloregonav.com,centraloregonav.com,,,,Bend,Oregon,US,97702
Chelsea Audio Video,chelseaaudiovideo.com,chelseaaudiovideo.com,,,,Portland,Oregon,US,97223
Elite Home Audio Visual,eliteportland.com,eliteportland.com,,,,Beaverton,Oregon,US,97078
Evolved Home,evolved-home.com,evolved-home.com,,,,Milwaukie,Oregon,US,97222
Fred's Sound Of Music Audio Video Inc.,fredsoundofmusic.com,fredsoundofmusic.com,,,,Portland,Oregon,US,97214
Home System Solutions,hssbend.com,hssbend.com,,,,Bend,Oregon,US,97701
Hook Me Up Solutions,hookmeupsolutions.com,hookmeupsolutions.com,,,,Beaverton,Oregon,US,97006
Lupen Systems,lupensystems.com,lupensystems.com,,,,Portland,Oregon,US,97217
Myriad Home Entertainment Solutions,myriadhes.com,myriadhes.com,,,,West Linn,Oregon,US,97068
Pro Tech Solutions,protechpdx.com,protechpdx.com,,,,Beaverton,Oregon,US,97008
Quality Install,quality-install.com,quality-install.com,,,,Oregon City,Oregon,US,97045
SecuraCore,mysecuracore.com,mysecuracore.com,,,,Bend,Oregon,US,97701
Sensible Audio Solutions,sensibleaudiosolutions.com,sensibleaudiosolutions.com,,,,Bend,Oregon,US,97702
Sera Custom Integrators,seracustomintegrators.com,seracustomintegrators.com,,,,Bend,Oregon,US,97702
Tailored Audio Video,tailoredaudiovideo.com,tailoredaudiovideo.com,,,,Bend,Oregon,US,97703
Tekology Inc.,tekologyinc.com,tekologyinc.com,,,,Beaverton,Oregon,US,97008
Affordable Audio and Video,affordableaudioandvideo.com,affordableaudioandvideo.com,,,,Newtown,Pennsylvania,US,18940
All Systems Audio & Video,allsystemsav.com,allsystemsav.com,,,,Hatboro,Pennsylvania,US,19040
Alpine Advancements,alpineadvancements.com,alpineadvancements.com,,,,Pittsburgh,Pennsylvania,US,15237
Artistic Video & Sound,artisticvs.com,artisticvs.com,,,,Coopersburg,Pennsylvania,US,18036
Custom Connection Systems L.L.C.,ccspittsburgh.com,ccspittsburgh.com,,,,Sewickley,Pennsylvania,US,15143
"E.L.I.T.E. Control & Design, LLC",elitecontrolanddesign.com,elitecontrolanddesign.com,,,,Philadelphia,Pennsylvania,US,19122
Elemental Home Theater,elementalhometheater.com,elementalhometheater.com,,,,Pittsburgh,Pennsylvania,US,15237
Elite Media Installations,elitemediainstallations.com,elitemediainstallations.com,,,,West View,Pennsylvania,US,15229
Future Communications,futurecommunications.biz,futurecommunications.biz,,,,Cecil-Bishop,Pennsylvania,US,15321
Genesis Tech,genesistech.net,genesistech.net,,,,Mechanicsburg,Pennsylvania,US,17055
Goosebumps Inc.,goosebumpshome.com,goosebumpshome.com,,,,Canonsburg,Pennsylvania,US,15317
Grimwood's Home Systems,grimwoodllc.com,grimwoodllc.com,,,,Mechanicsburg,Pennsylvania,US,17055
HomeConnect LLC,homeconnectllc.com,homeconnectllc.com,,,,Pittsburgh,Pennsylvania,US,15234
JL Entertainment Designs,jlentertainmentdesigns.com,jlentertainmentdesigns.com,,,,Malvern,Pennsylvania,US,19355
"Lex Home Tech, LLC",lexhometech.com,lexhometech.com,,,,Pittsburgh,Pennsylvania,US,15212
"Momentum Sound & Media, LLC",momentumsound.com,momentumsound.com,,,,Harrisburg,Pennsylvania,US,17112
Northern Audio,northernaudio.com,northernaudio.com,,,,Pittsburgh,Pennsylvania,US,15237
Omni Interactive Systems,omniisinc.com,omniisinc.com,,,,Lemoyne,Pennsylvania,US,17043
Phoenix A/V Specialists,phoenixav.com,phoenixav.com,,,,Broomall,Pennsylvania,US,19008
Pittsburgh Custom Home Technologies,pghcustomht.com,pghcustomht.com,,,,Pittsburgh,Pennsylvania,US,15201
Smart Home and HiFi,smarthomehifi.com,smarthomehifi.com,,,,Hatfield,Pennsylvania,US,19440
The Sound Station,dumpyourcable.com,dumpyourcable.com,,,,Cokeburg,Pennsylvania,US,15324
The WireMD,thewiremd.com,thewiremd.com,,,,York,Pennsylvania,US,17403
TheaterXtreme,txpgh.com,txpgh.com,,,,Cranberry Twp,Pennsylvania,US,16066
Uprise Audio Video,upriseaudiovideo.com,upriseaudiovideo.com,,,,Carnot-Moon,Pennsylvania,US,15108
VU World Smart Home,vuworld.net,vuworld.net,,,,Philadelphia,Pennsylvania,US,19134
World Wide Stereo,worldwidestereo.com,worldwidestereo.com,,,,Montgomeryville,Pennsylvania,US,18936
A Continental Alarms,continentalalarmsri.com,continentalalarmsri.com,,,,North Providence,Rhode Island,US,02911
Aquidneck Island Technologies,aqtechri.com,aqtechri.com,,,,Portsmouth,Rhode Island,US,02871
Speck Electric Smart Homes,speck-electric.com,speck-electric.com,,,,Narragansett,Rhode Island,US,02882
AV Performance Innovations,avperformanceinnovations.com,avperformanceinnovations.com,,,,Myrtle Beach,South Carolina,US,29588
Accucom Integrations Group,accucomig.com,accucomig.com,,,,Charleston,South Carolina,US,29407
Advanced Integrated Controls,hiltonheadhometheater.com,hiltonheadhometheater.com,,,,Bluffton,South Carolina,US,29910
"Ambrosic Home Theater Designs, LLC",ahtdesigns.com,ahtdesigns.com,,,,Hilton Head Island,South Carolina,US,29928
Audio Video Outfitters,avoutfitters.com,avoutfitters.com,,,,Bluffton,South Carolina,US,29910
Audio Warehouse,theaudiowarehouse.com,theaudiowarehouse.com,,,,Charleston,South Carolina,US,29407
CAV Integrated Home,cavintegratedhome.com,cavintegratedhome.com,,,,Bluffton,South Carolina,US,29910
"Carolina Wiring Service, LLC",wiredbycws.com,wiredbycws.com,,,,Columbia,South Carolina,US,29201
CinemaQuest,cinema-quest.com,cinema-quest.com,,,,Greenville,South Carolina,US,29615
Coastal Burglar Alarm,coastalburglaralarm.com,coastalburglaralarm.com,,,,North Charleston,South Carolina,US,29405
Electronic Security Solutions LLC,electronicsecuritysolutionsllc.com,electronicsecuritysolutionsllc.com,,,,Blythewood,South Carolina,US,29016
Element Smart Control Systems,elementsmartcontrol.com,elementsmartcontrol.com,,,,Greenville,South Carolina,US,29605
Elite Audio,scaudio.com,scaudio.com,,,,Lexington,South Carolina,US,29072
Empire AV LLC,empireav.net,empireav.net,,,,Greer,South Carolina,US,29651
Find TV Installer,findtvinstaller.com,findtvinstaller.com,,,,Greenville,South Carolina,US,29608
Grand Central Wiring,grandcentralwiring.com,grandcentralwiring.com,,,,Greenville,South Carolina,US,29608
Harris Home Services,myharrishome.com,myharrishome.com,,,,Taylors,South Carolina,US,29687
Integrated Media,integratedmediainc.com,integratedmediainc.com,,,,Chapin,South Carolina,US,29036
Nextgen Automated,nextgenautomated.com,nextgenautomated.com,,,,North Charleston,South Carolina,US,29406
OnDuty SC Inc,ondutysc.com,ondutysc.com,,,,Greer,South Carolina,US,29651
Palmetto Integration,palmettodesignandintegration.com,palmettodesignandintegration.com,,,,Warrenville,South Carolina,US,29851
Palmetto Smart Home,palmettosmarthome.com,palmettosmarthome.com,,,,Charleston,South Carolina,US,29407
Play Custom Home Technology,playhometechnology.com,playhometechnology.com,,,,Bluffton,South Carolina,US,29910
Premier Sound Security & Automation,premiersoundmb.com,premiersoundmb.com,,,,Myrtle Beach,South Carolina,US,29577
Progressive Integrations,progressiveintegrations.com,progressiveintegrations.com,,,,Johns Island,South Carolina,US,29455
RAVE Installation LLC,raveinstallation.com,raveinstallation.com,,,,Columbia,South Carolina,US,29204
SOUTHEASTON Systems,southeastonsystems.com,southeastonsystems.com,,,,Charleston,South Carolina,US,29492
Smarter Home of the Carolinas,smarterhomeofthecarolinas.com,smarterhomeofthecarolinas.com,,,,Conway,South Carolina,US,29527
Tech Guide,techguide.net,techguide.net,,,,Lexington,South Carolina,US,29072
Wire Monkeys Audio & Video,wiremonkeys.com,wiremonkeys.com,,,,Mt Pleasant,South Carolina,US,29464
WirePro AV,wireproav.com,wireproav.com,,,,Beaufort,South Carolina,US,29906
@home Audio Video Technology,athomeavtech.com,athomeavtech.com,,,,Knoxville,Tennessee,US,37919
Audilux,audilux.co,audilux.co,,,,Nashville,Tennessee,US,37209
Audio Video Artistry,avartistry.com,avartistry.com,,,,Memphis,Tennessee,US,38117
Brian's Custom Theaters & Hi-Fi,brianscustomtheaters.com,brianscustomtheaters.com,,,,Nashville,Tennessee,US,37205
"Cobb Home Innovations,LLC/ Smart Home,Home Theater,Electronics",cobbhomeinnovations.com,cobbhomeinnovations.com,,,,Woodbury,Tennessee,US,37190
Dynamic Audio Video Design,dynamicavdesign.com,dynamicavdesign.com,,,,Knoxville,Tennessee,US,37921
Electronic Environments,eememphis.net,eememphis.net,,,,Memphis,Tennessee,US,38133
His Security & Technology,hissecurity.com,hissecurity.com,,,,Farragut,Tennessee,US,37934
INTELLIHOME,intellihome-tn.com,intellihome-tn.com,,,,Nashville,Tennessee,US,37211
Integrated Mulimedia Systems Inc,imsi.us,imsi.us,,,,Nashville,Tennessee,US,37222
Integrity Audio & Video,integrityav.net,integrityav.net,,,,Franklin,Tennessee,US,37067
Island Sight and Sound,islandsightandsound.com,islandsightandsound.com,,,,Brentwood,Tennessee,US,37027
Matson Alarm Of Tennessee,matsonalarmtn.com,matsonalarmtn.com,,,,Franklin,Tennessee,US,37067
Powers Custom Home Theater,powerscustomhometheater.com,powerscustomhometheater.com,,,,Portland,Tennessee,US,37148
ProMount Mounting and Tech Solutions LLC,promountech.com,promountech.com,,,,Bartlett,Tennessee,US,38134
Professional Security,1homeautomation.com,1homeautomation.com,,,,Collierville,Tennessee,US,38017
Safe N' Sound Creative Technologies,safensound.com,safensound.com,,,,Corryton,Tennessee,US,37721
"SafeT Systems, Inc.",safetsystems.com,safetsystems.com,,,,Knoxville,Tennessee,US,37932
Security First Home Integration,smartwiring247.com,smartwiring247.com,,,,Smyrna,Tennessee,US,37167
Smart Home by Design,smarthomebydesign.com,smarthomebydesign.com,,,,Collierville,Tennessee,US,38017
Smart Tech Solutions,wearesmarttech.com,wearesmarttech.com,,,,Nashville,Tennessee,US,37210
Tennessee Audio Video,tnav.net,tnav.net,,,,Goodlettsville,Tennessee,US,37072
Turner Audio and Video LLC,turneraudiovideo.com,turneraudiovideo.com,,,,Powell,Tennessee,US,37849
71 Concepts LLC,71concepts.com,71concepts.com,,,,Richardson,Texas,US,75081
APEX Smart Home,getapexsmart.com,getapexsmart.com,,,,San Antonio,Texas,US,78229
ATXSmartHomes,atxsmarthomes.com,atxsmarthomes.com,,,,Austin,Texas,US,78701
AV Security's Inc,avsecuritys.com,avsecuritys.com,,,,Sugar Land,Texas,US,77478
AVS Concepts,avschouston.com,avschouston.com,,,,Houston,Texas,US,77040
Ace Integrated Technologies,aceintegratedtech.com,aceintegratedtech.com,,,,Dallas,Texas,US,75220
Advanced Home Theater Systems,advancedhometheater.com,advancedhometheater.com,,,,Plano,Texas,US,75075
Alamo Smart Home,alamosmarthome.com,alamosmarthome.com,,,,San Antonio,Texas,US,78216
Audio Video Guys Inc.,avguys.net,avguys.net,,,,Houston,Texas,US,77040
Audio Video Solutions,audiovideosolutions.org,audiovideosolutions.org,,,,Dallas,Texas,US,75230
Audio Video Solutions,avsolutionstx.com,avsolutionstx.com,,,,Flower Mound,Texas,US,75022
Austin Audio Video Simplified,austinaudiovideosimplified.com,austinaudiovideosimplified.com,,,,Austin,Texas,US,78748
Austin Home Automation,homeautomationaustin.com,homeautomationaustin.com,,,,Austin,Texas,US,78757
"Automation Designs, Inc.",automationdesignsinc.com,automationdesignsinc.com,,,,San Marcos,Texas,US,78666
Benny’s Home Tech Solutions LLC,bennyshometechsolutions.com,bennyshometechsolutions.com,,,,Austin,Texas,US,78731
"Bespoke Automation, LLC",bespokeautomationtx.com,bespokeautomationtx.com,,,,Tomball,Texas,US,77377
Bravas Dallas-Fort Worth,bravas.com,bravas.com,,,,The Colony,Texas,US,75056
BritePro AV Home Theater Showroom,briteproav.com,briteproav.com,,,,Frisco,Texas,US,75035
CED Group,cedgroupusa.com,cedgroupusa.com,,,,Fort Worth,Texas,US,76102
CG Smart Home,cgsmarthome.com,cgsmarthome.com,,,,San Antonio,Texas,US,78216
Caldwell Electric,caldwellelectrical.com,caldwellelectrical.com,,,,El Paso,Texas,US,79935
Center Stage A/V,centerstagetx.com,centerstagetx.com,,,,Frisco,Texas,US,75033
"Custom AV, L.L.C.",customavd.com,customavd.com,,,,El Paso,Texas,US,79912
"Custom Integrators, LLC",mycustomintegrators.com,mycustomintegrators.com,,,,Hewitt,Texas,US,76643
Custom Theater Solutions LLC,ctstheater.com,ctstheater.com,,,,Houston,Texas,US,77063
Datasmart Home Technologies & Duncan Security Technology Showroom,datasmartllc.com,datasmartllc.com,,,,Houston,Texas,US,77064
Define Audio Video,defineav.com,defineav.com,,,,Spring,Texas,US,77380
Demand Tech Now,demandtechnow.com,demandtechnow.com,,,,Mansfield,Texas,US,76063
Digital AVenue,digitalavenue.us,digitalavenue.us,,,,Austin,Texas,US,78757
Digital Delight,digitaldelight.com,digitaldelight.com,,,,Houston,Texas,US,77036
Digital Habitats,mydigitalhabitat.com,mydigitalhabitat.com,,,,Wylie,Texas,US,75098
Divine Audio Visual,avoftomorrow.com,avoftomorrow.com,,,,Frisco,Texas,US,75033
Dominion Design and Integration,dominiontx.com,dominiontx.com,,,,San Antonio,Texas,US,78249
Dynamark Security Centers,dynamark.cc,dynamark.cc,,,,Corpus Christi,Texas,US,78413
"ETech Integration, LLC",etechintegration.com,etechintegration.com,,,,San Antonio,Texas,US,78216
Electronic Interiors Inc,electronicinteriors.net,electronicinteriors.net,,,,Dallas,Texas,US,75207
EliteTech Innovations,etinnovations.net,etinnovations.net,,,,Anna,Texas,US,75409
Elliston Systems & Design,ellistonsystems.com,ellistonsystems.com,,,,Dallas,Texas,US,75207
Empire AV Services & Installations LLC,empireavservices.com,empireavservices.com,,,,Houston,Texas,US,77027
Empire AV Services and Installations,empireservicesdallas.com,empireservicesdallas.com,,,,Farmers Branch,Texas,US,75244
EyeOn Integrated Systems,eyeonis.com,eyeonis.com,,,,Houston,Texas,US,77040
FNC Home Theater,fnchometheater.com,fnchometheater.com,,,,Katy,Texas,US,77494
Frontline AVS,frontlineavs.com,frontlineavs.com,,,,Dallas,Texas,US,75252
Futurian Systems,futuriansystems.com,futuriansystems.com,,,,Southlake,Texas,US,76092
Genesis Home Theater & Hi-Fi,genesishts.com,genesishts.com,,,,Lewisville,Texas,US,75056
Green Electronic Solutions,greenelectronicsolutions.com,greenelectronicsolutions.com,,,,Rowlett,Texas,US,75088
Grid HiFi & Home Theater,gridhifi.com,gridhifi.com,,,,Houston,Texas,US,77081
HAAS Home Technologies,haasht.com,haasht.com,,,,Austin,Texas,US,78702
Home Gadgets,homegadget.net,homegadget.net,,,,Houston,Texas,US,77098
Home Technology Group,satheater.com,satheater.com,,,,San Antonio,Texas,US,78216
Home Theater Gallery,thehometheatergallery.com,thehometheatergallery.com,,,,Carrollton,Texas,US,75007
Homeva,thehomeva.com,thehomeva.com,,,,Austin,Texas,US,78757
Horseshoe Bay Audio Video,hsbaudiovideo.com,hsbaudiovideo.com,,,,Horseshoe Bay,Texas,US,78657
Houston Custom Installers,houstoncustominstallers.com,houstoncustominstallers.com,,,,Houston,Texas,US,77056
IGS Homeworks,igshomeworks.com,igshomeworks.com,,,,Magnolia,Texas,US,77354
IQueue Media Company,iqueuemediacompany.com,iqueuemediacompany.com,,,,Dallas,Texas,US,75243
Icon Luxury Sound,iconluxurysound.com,iconluxurysound.com,,,,Houston,Texas,US,77007
Ideal Installs,idealinstalls.com,idealinstalls.com,,,,Frisco,Texas,US,75035
Imagine Solutions,toimagine.com,toimagine.com,,,,Marble Falls,Texas,US,78654
Intralife Consulting,intralifeconsulting.com,intralifeconsulting.com,,,,Houston,Texas,US,77092
J & K Electronics,jandkelectronics.com,jandkelectronics.com,,,,Spring,Texas,US,77373
Jarvis Smart Homes,jarvissmarthomes.com,jarvissmarthomes.com,,,,Friendswood,Texas,US,77546
KBA Electric and Home Media Pros,homemediapros.com,homemediapros.com,,,,Tomball,Texas,US,77375
KMR AV,kmrav.com,kmrav.com,,,,Katy,Texas,US,77494
Kore Multimedia Solutions,koremmsolutions.com,koremmsolutions.com,,,,Dallas,Texas,US,75243
Light-Tech Inc.,lighttechinc.com,lighttechinc.com,,,,Houston,Texas,US,77035
Lighthouse Technologies,onelighthouse.com,onelighthouse.com,,,,Montgomery,Texas,US,77316
Logan Home Theater & Automation,loganhometheater.com,loganhometheater.com,,,,Houston,Texas,US,77099
"MODMEDIA SYSTEMS, LLC",modmediasystems.com,modmediasystems.com,,,,Houston,Texas,US,77024
MR Home Automation,mrhomeav.com,mrhomeav.com,,,,Kerrville,Texas,US,78028
MS Installations,msinstallationsav.com,msinstallationsav.com,,,,Frisco,Texas,US,75034
Macauley Technologies,macauleytechnologies.com,macauleytechnologies.com,,,,Austin,Texas,US,78758
Mach 1 Media,m1mtx.com,m1mtx.com,,,,McAllen,Texas,US,78501
Media Systems Inc.,mediasystems.com,mediasystems.com,,,,Houston,Texas,US,77024
Metroplex Smart Homes,metroplexsmarthomes.com,metroplexsmarthomes.com,,,,Dallas,Texas,US,75247
Mimis Audio & Video,sanantonioaudiovideo.com,sanantonioaudiovideo.com,,,,San Antonio,Texas,US,78216
Mission Digital LLC,missiondigital.io,missiondigital.io,,,,Sugar Land,Texas,US,77479
Modern Media,modernmediaav.com,modernmediaav.com,,,,Southlake,Texas,US,76092
NXT Level Smart Home,nxtlevelsmarthome.com,nxtlevelsmarthome.com,,,,Houston,Texas,US,77043
"Nelson Automation Systems, Inc.",nelsonautomation.com,nelsonautomation.com,,,,Rowlett,Texas,US,75088
New Generation Home Pro Inc,newgenerationhomepro.com,newgenerationhomepro.com,,,,Conroe,Texas,US,77304
"Next Electronic Systems, Inc.",nextav.com,nextav.com,,,,Lakeway,Texas,US,78734
ONE10AV LLC,one10av.com,one10av.com,,,,Houston,Texas,US,77024
Omni Audio Video LLC,omniav.com,omniav.com,,,,Rockwall,Texas,US,75032
Otwav,otwav.com,otwav.com,,,,Houston,Texas,US,77036
Para Integration,paraintegration.com,paraintegration.com,,,,Magnolia,Texas,US,77354
Precision Home Pros,precisionhomepro.com,precisionhomepro.com,,,,McKinney,Texas,US,75069
Premier Lighting & Home Automation,premierhas.com,premierhas.com,,,,Plano,Texas,US,75024
Prewire of El Paso Inc,prewireofelpaso.com,prewireofelpaso.com,,,,El Paso,Texas,US,79935
Pro AV Store,dfwhighendmedia.com,dfwhighendmedia.com,,,,Alvarado,Texas,US,76009
Pro-TechT,pro-techt.com,pro-techt.com,,,,Farmers Branch,Texas,US,75234
R2R Technology,r2rtechnology.com,r2rtechnology.com,,,,Montgomery,Texas,US,77316
Red Alarm,redalarmsecurity.com,redalarmsecurity.com,,,,Corpus Christi,Texas,US,78412
Rue Technologies,ruetechnologies.com,ruetechnologies.com,,,,San Antonio,Texas,US,78258
SOL Automation LLC,solautomationllc.com,solautomationllc.com,,,,Richmond,Texas,US,77469
Service Tech Inc,servicetechav.com,servicetechav.com,,,,Cedar Park,Texas,US,78613
Simplified Integrations,simplifiedintegrations.com,simplifiedintegrations.com,,,,Magnolia,Texas,US,77355
SmartHauz,smarthauz.me,smarthauz.me,,,,Austin,Texas,US,78701
SmartNUP,smartnuphomeautomation.com,smartnuphomeautomation.com,,,,Houston,Texas,US,77042
Smarter Homes,smarterhomesaustin.com,smarterhomesaustin.com,,,,West Lake Hills,Texas,US,78746
Sound Design,sounddesigntx.com,sounddesigntx.com,,,,Horseshoe Bay,Texas,US,78657
"Sound and Screen, LLC",soundandscreen.net,soundandscreen.net,,,,Abilene,Texas,US,79602
TV Installation Service,tvinstallationdfw.com,tvinstallationdfw.com,,,,Plano,Texas,US,75093
TV MOUNTING SOLUTIONS,tvmounting-solutions.com,tvmounting-solutions.com,,,,Frisco,Texas,US,75034
TechLife,techlifeav.com,techlifeav.com,,,,Southlake,Texas,US,76092
Technical Services Group of San Antonio,tsgsan.com,tsgsan.com,,,,San Antonio,Texas,US,78232
Techology-Experts,techology-experts.com,techology-experts.com,,,,Houston,Texas,US,77084
TekMax Technologies,tekmaxtechnologies.com,tekmaxtechnologies.com,,,,Dallas,Texas,US,75252
Texas Home Systems,texashomesystems.com,texashomesystems.com,,,,New Braunfels,Texas,US,78130
"Texas Security Systems, LLC",tssrgv.com,tssrgv.com,,,,Edinburg,Texas,US,78541
The Install Spot,theinstallspot.com,theinstallspot.com,,,,Irving,Texas,US,75063
Trademark Install,trademarkinstall.com,trademarkinstall.com,,,,Rockwall,Texas,US,75032
Trademark Systems,trademarkav.com,trademarkav.com,,,,The Woodlands,Texas,US,77389
USA Smart Homes,usa-smarthomes.com,usa-smarthomes.com,,,,Dallas,Texas,US,75243
Unique HD Audio Video Designs,uniquehd.net,uniquehd.net,,,,Houston,Texas,US,77055
Unlimited Integration,unlimitedintegration.com,unlimitedintegration.com,,,,Houston,Texas,US,77074
Vicomm Video & Communications,vicommvc.com,vicommvc.com,,,,McAllen,Texas,US,78504
WH Technologies,whsmarthome.com,whsmarthome.com,,,,Allen,Texas,US,75013
Wired Technology Solutions,wired-ts.com,wired-ts.com,,,,Anna,Texas,US,75409
Xtreme Audio & Video,xtreme-audio-video.com,xtreme-audio-video.com,,,,Houston,Texas,US,77033
iconic.systems,iconicinc.com,iconicinc.com,,,,Houston,Texas,US,77007
myHomedia Home Theater,myhomedia.com,myhomedia.com,,,,McKinney,Texas,US,75070
ATI of America/SOLUS,ati-america.com,ati-america.com,,,,Park City,Utah,US,84060
Advanced Integrated Systems,aisav.com,aisav.com,,,,Tremonton,Utah,US,84337
Audio Design & Automation,audiodesign-ut.com,audiodesign-ut.com,,,,Salt Lake City,Utah,US,84101
"AudioWorks, Inc.",audioworks.net,audioworks.net,,,,Salt Lake City,Utah,US,84115
Big Sky AV,bigskyav-utah.com,bigskyav-utah.com,,,,Sandy,Utah,US,84070
Chesley Electric,chesleyelectric.com,chesleyelectric.com,,,,Park City,Utah,US,84098
Custom Sound Company,customsoundco.com,customsoundco.com,,,,South Salt Lake,Utah,US,84115
Nerve Park City,nerve.tv,nerve.tv,,,,Park City,Utah,US,84098
Onyx Automation,onyx-automation.com,onyx-automation.com,,,,Orem,Utah,US,84058
Park City Home Theater,parkcityhometheater.com,parkcityhometheater.com,,,,Park City,Utah,US,84098
Riverbend Automation,riverbendautomation.com,riverbendautomation.com,,,,Fruit Heights,Utah,US,84037
SOLUS Living,solusliving.com,solusliving.com,,,,North Salt Lake,Utah,US,84054
Techi AV,techiav.com,techiav.com,,,,Heber City,Utah,US,84032
Utah Audio,utahaudio.com,utahaudio.com,,,,Cottonwood Heights,Utah,US,84121
Vast Integration & Power,vastintegration.com,vastintegration.com,,,,West Jordan,Utah,US,84081
Aegis Technologies,aegistechnologies.com,aegistechnologies.com,,,,Ashburn,Virginia,US,20147
Audio/Video Creations LLC.,audiovideocreationsllc.com,audiovideocreationsllc.com,,,,Richmond,Virginia,US,23238
Bay Audio Video,bayaudiovideo.com,bayaudiovideo.com,,,,White Stone,Virginia,US,22578
Built-In Systems Inc,builtinsystems.com,builtinsystems.com,,,,Virginia Beach,Virginia,US,23462
Connec Inc,connec-inc.com,connec-inc.com,,,,Ashland,Virginia,US,23005
"Definitive Concepts, Inc.",definitiveconcepts.com,definitiveconcepts.com,,,,Virginia Beach,Virginia,US,23454
Home Technology by Masters,htm-va.com,htm-va.com,,,,Chesapeake,Virginia,US,23320
INARAY Design Group,inaray.com,inaray.com,,,,Richmond,Virginia,US,23230
Integrated Audio Video,iavva.com,iavva.com,,,,Suffolk,Virginia,US,23435
LAVA Integration,lava-int.com,lava-int.com,,,,Virginia Beach,Virginia,US,23452
Livewire,getlivewire.com,getlivewire.com,,,,Richmond,Virginia,US,23230
MMIS,mmis.biz,mmis.biz,,,,Mechanicsville,Virginia,US,23111
Metamorphosis Environments,metamorphosis.solutions,metamorphosis.solutions,,,,The Plains,Virginia,US,20198
Moseley Electronics,moseleyelectronics.com,moseleyelectronics.com,,,,Midlothian,Virginia,US,23113
Protection By Design,protectionbydesign.com,protectionbydesign.com,,,,Williamsburg,Virginia,US,23188
Pure Custom Audio Video,purecustomav.com,purecustomav.com,,,,Virginia Beach,Virginia,US,23453
Rum AV Solutions,rumavsolutions.com,rumavsolutions.com,,,,Leesburg,Virginia,US,20175
Security Plus LLC,securityplusav.com,securityplusav.com,,,,Henrico,Virginia,US,23233
Structured Cable of VA / Security Specialists Inc.,structuredcableofva.com,structuredcableofva.com,,,,Henrico,Virginia,US,23233
The Basement Lab,thebasementlab.com,thebasementlab.com,,,,McLean,Virginia,US,22101
Tri-Zone Automation,trizoneautomation.com,trizoneautomation.com,,,,Warrenton,Virginia,US,20187
Audio Video Advisors,audiovideoadvisors.com,audiovideoadvisors.com,,,,Hartford,Vermont,US,05001
AV Smart Solutions,avsmartsolutions.com,avsmartsolutions.com,,,,Everett,Washington,US,98204
Acme Integration,acmeintegration.com,acmeintegration.com,,,,Liberty Lake,Washington,US,99019
"All Systems Integrated, Inc.",asinw.com,asinw.com,,,,Puyallup,Washington,US,98372
Audio Plus,audioplusllc.com,audioplusllc.com,,,,Bellevue,Washington,US,98005
Audio Video Resource Inc,digitalavr.com,digitalavr.com,,,,Mount Vernon,Washington,US,98274
Certified Security & Integration,certified-security.com,certified-security.com,,,,Spokane Valley,Washington,US,99206
"Current Home Technologies, llc",currenthometechnologies.com,currenthometechnologies.com,,,,Vancouver,Washington,US,98660
"Cutting Edge Design, Inc",cedi.tv,cedi.tv,,,,Mukilteo,Washington,US,98275
Digital Cinema Design,digitalcinemadesign.com,digitalcinemadesign.com,,,,Renton,Washington,US,98056
"Electronic Concierge, LLC",ec-nw.com,ec-nw.com,,,,Spokane Valley,Washington,US,99212
Expert Smart Homes,expertsmarthomes.com,expertsmarthomes.com,,,,Vancouver,Washington,US,98662
FSI Security & Technology,fsisecurityandtech.com,fsisecurityandtech.com,,,,Snohomish,Washington,US,98290
Gallison Systems,gallisonsystems.com,gallisonsystems.com,,,,Bellevue,Washington,US,98004
Gig Harbor Audio,gigharboraudio.com,gigharboraudio.com,,,,Gig Harbor,Washington,US,98335
High Note Audio,highnoteaudio.com,highnoteaudio.com,,,,Tacoma,Washington,US,98409
"High-Tech Living, LLC",high-techliving.com,high-techliving.com,,,,Lynnwood,Washington,US,98037
Home Technology,gethousesmart.com,gethousesmart.com,,,,Port Orchard,Washington,US,98366
Homescapes,homescapes.me,homescapes.me,,,,Spokane Valley,Washington,US,99206
IDS Audio & Video Inc,ids-nw.net,ids-nw.net,,,,Renton,Washington,US,98058
Integrated Living Solutions,integrated-living-solutions.com,integrated-living-solutions.com,,,,Shoreline,Washington,US,98155
J&E Integration,je-integration.com,je-integration.com,,,,Renton,Washington,US,98059
Lander Electric,landerelectric.com,landerelectric.com,,,,Bellevue,Washington,US,98005
"MasterClass Audio Video, LLC.",masterclassaudiovideo.com,masterclassaudiovideo.com,,,,Edmonds,Washington,US,98020
Olson's HiFi,olsonshifi.com,olsonshifi.com,,,,Lynnwood,Washington,US,98036
Premier Sight and Sound,premiersightandsound.com,premiersightandsound.com,,,,Liberty Lake,Washington,US,99019
Rivas Technology Group,rivastechgroup.com,rivastechgroup.com,,,,Kent,Washington,US,98032
Seattle Sight and Sound,seattlesightandsound.com,seattlesightandsound.com,,,,Seattle,Washington,US,98109
Sync AVI,syncavi.com,syncavi.com,,,,Spokane,Washington,US,99217
WAVE Designs,wavedesignsinc.com,wavedesignsinc.com,,,,Mountlake Terrace,Washington,US,98043
Washington Smart Home Solutions,wa-smarthomesolutions.com,wa-smarthomesolutions.com,,,,Monroe,Washington,US,98272
Whidbey Audio • Video • Electric,whidbey-av.com,whidbey-av.com,,,,Freeland,Washington,US,98249
Wicked Home Theater,wickedhometheater.com,wickedhometheater.com,,,,Silverdale,Washington,US,98383
AMS,amsmadison.com,amsmadison.com,,,,Madison,Wisconsin,US,53719
ARCTEK LLC,arctekwi.com,arctekwi.com,,,,Fond du Lac,Wisconsin,US,54935
Apex Audio/Video,apexavwi.com,apexavwi.com,,,,Brown Deer,Wisconsin,US,53223
Artisan Home Technologies,artisanhometechnologies.com,artisanhometechnologies.com,,,,Madison,Wisconsin,US,53718
BC Neville Technologies,bcnevilletech.com,bcnevilletech.com,,,,New Berlin,Wisconsin,US,53146
DaVinci Media,davincimedia.com,davincimedia.com,,,,Milwaukee,Wisconsin,US,53203
Digitek Digital,digitekdigital.com,digitekdigital.com,,,,Waukesha,Wisconsin,US,53186
Evolved Habitat LLC,evolvedhabitat.com,evolvedhabitat.com,,,,Green Bay,Wisconsin,US,54303
Home Electronic Systems,hesusa.com,hesusa.com,,,,Hudson,Wisconsin,US,54016
Home Technology Place,hometechnologyplace.com,hometechnologyplace.com,,,,Madison,Wisconsin,US,53713
Horizon Integrations Audio/Video,horizonintegrations.com,horizonintegrations.com,,,,Mequon,Wisconsin,US,53092
Lightman Technology,lightmantechnology.com,lightmantechnology.com,,,,McFarland,Wisconsin,US,53558
MyEasytek Corporation,myeasytek.com,myeasytek.com,,,,Mt Pleasant,Wisconsin,US,53406
OOSHT LLC.,oosht.com,oosht.com,,,,Delafield,Wisconsin,US,53018
Pulse Automation & Security LLC,pulse-automation.com,pulse-automation.com,,,,Waunakee,Wisconsin,US,53597
Pulse Home Tech,pulsehometech.com,pulsehometech.com,,,,Green Bay,Wisconsin,US,54301
Pure Sound & Vision,puresoundvision.com,puresoundvision.com,,,,Franklin,Wisconsin,US,53132
Travis Sound Design,travissounddesign.com,travissounddesign.com,,,,Delavan,Wisconsin,US,53115
University Audio,universityaudio.com,universityaudio.com,,,,Madison,Wisconsin,US,53715
A Sound Image,asoundimage.info,asoundimage.info,,,,Jackson,Wyoming,US,83001
Encore Sight & Sound,encoresightandsound.com,encoresightandsound.com,,,,Cheyenne,Wyoming,US,82009
IntegrationAVonline,integrationavonline.com,integrationavonline.com,,,,Jackson,Wyoming,US,83001
"Premiere SAV Jackson, WY",premieresav.com,premieresav.com,,,,Jackson,Wyoming,US,83001
"Video Vision, Inc.",videovisioninc.com,videovisioninc.com,,,,Jackson,Wyoming,US,83001
"Northern Technology Solutions, LLC",ntsalaska.com,ntsalaska.com,,,,Anchorage,Alaska,US,99503
Auburn Home Technologies,auburnhometech.com,auburnhometech.com,,,,Auburn,Alabama,US,36830
JT's Surveillance and Media,jts-surveillance.com,jts-surveillance.com,,,,Hoover,Alabama,US,35226
SimpleHome,simplehomellc.com,simplehomellc.com,,,,Birmingham,Alabama,US,35244
Home Theater Concepts & Solutions,nwahtcs.com,nwahtcs.com,,,,Bentonville,Arkansas,US,72712
Hometronix,myhometronix.com,myhometronix.com,,,,Jonesboro,Arkansas,US,72404
Omni Tech Solutions,omnitechpros.com,omnitechpros.com,,,,Little Rock,Arkansas,US,72205
Sound Concepts,mysoundconcepts.com,mysoundconcepts.com,,,,North Little Rock,Arkansas,US,72113
AV and Automation Specialists LLC,av-as.com,av-as.com,,,,Tucson,Arizona,US,85714
Area 51 Audio Visual Engineering,area51audio.com,area51audio.com,,,,Tucson,Arizona,US,85705
Audio Integrators,audiointegrators.com,audiointegrators.com,,,,Phoenix,Arizona,US,85085
Automated Environments,aearizona.com,aearizona.com,,,,Mesa,Arizona,US,85204
Beyond Audio,beyondaudio.com,beyondaudio.com,,,,Scottsdale,Arizona,US,85260
Creative Sound & Integration,creativesound.info,creativesound.info,,,,Scottsdale,Arizona,US,85257
Ideal Automation,myidealav.com,myidealav.com,,,,Phoenix,Arizona,US,85028
Modern Smart Home,modernsmarthomeaz.com,modernsmarthomeaz.com,,,,Chandler,Arizona,US,85226
Oasis Luxury Smart Homes,oasissmarthomes.com,oasissmarthomes.com,,,,Scottsdale,Arizona,US,85255
OrangeWire,orangewireav.com,orangewireav.com,,,,Phoenix,Arizona,US,85028
Prestige Smart Homes,prestigesmarthomesaz.com,prestigesmarthomesaz.com,,,,Gilbert,Arizona,US,85234
Watt Integration Home Theater and Automation,wattintegration.com,wattintegration.com,,,,Scottsdale,Arizona,US,85260
"AVIR, Inc.",avir.com,avir.com,,,,Palm Desert,California,US,92211
Advanced Home Automation,advancedha.com,advancedha.com,,,,Mountain View,California,US,94041
Advanced Home Cinema & Sound,advancedhomecinema.com,advancedhomecinema.com,,,,Palo Cedro,California,US,96073
Aire Theater Designs,airetheaterdesigns.com,airetheaterdesigns.com,,,,San Diego,California,US,92123
American Home Automation,aha-av.com,aha-av.com,,,,San Diego,California,US,92107
Audio Images,audioimages.tv,audioimages.tv,,,,Irvine,California,US,92614
Audio Symphony,audiosymphony.com,audiosymphony.com,,,,Sausalito,California,US,94965
Audio Video Automation System Design Exports,daveshometheater.com,daveshometheater.com,,,,Los Angeles,California,US,91307
Audio Video Design Inc,avdinc.com,avdinc.com,,,,Mission Viejo,California,US,92691
"Audio Video Illusions, Inc",avillusions.com,avillusions.com,,,,Los Angeles,California,US,91602
Automated Now,automatednow.com,automatednow.com,,,,Newport Beach,California,US,92660
Automation Racks,automationracks.com,automationracks.com,,,,Sausalito,California,US,94965
B.I.S. Technologies and Communications Inc.,bistec.net,bistec.net,,,,Bakersfield,California,US,93313
BAVI Home Tech,bavihometech.com,bavihometech.com,,,,Los Angeles,California,US,90049
BCG Concepts,bcgconcepts.com,bcgconcepts.com,,,,Van Nuys,California,US,91406
Barker Tech,onetapconnect.com,onetapconnect.com,,,,South San Francisco,California,US,94080
CSIAV,csiav.com,csiav.com,,,,Los Altos,California,US,94024
Carlson's Electronics,carlsonselectronics.com,carlsonselectronics.com,,,,Truckee,California,US,96161
Defined A/V,definedav.com,definedav.com,,,,Thousand Oaks,California,US,91320
Digital Home Convergence Designs,dihoco.com,dihoco.com,,,,Carmel-By-The-Sea,California,US,93921
Digital Installers Inc,digitalinstallers.com,digitalinstallers.com,,,,Long Beach,California,US,90807
Digital Media Installations,digitalmediainstallations.com,digitalmediainstallations.com,,,,Simi Valley,California,US,93063
EZ Audio Video Data Solutions,ezavd.com,ezavd.com,,,,Beverly Hills,California,US,90211
Evolution Audio Video,eavht.com,eavht.com,,,,Agoura Hills,California,US,91301
"Evolution Home Theatre, Inc.",evoht.com,evoht.com,,,,Lakeside,California,US,92040
Firebird Audio Video,firebirdav.com,firebirdav.com,,,,Santa Barbara,California,US,93103
"Foothill Integrated Systems, Inc.",foothillav.com,foothillav.com,,,,Pasadena,California,US,91107
Future Automation & Design,futureautomationdesign.com,futureautomationdesign.com,,,,Redondo Beach,California,US,90277
GM Tech Solutions inc.,gmtechsolutionspro.com,gmtechsolutionspro.com,,,,Calabasas,California,US,91302
Galaxy Custom Audio Video,galaxychico.com,galaxychico.com,,,,Chico,California,US,95926
Golden Pacific Systems,gpsinteractive.com,gpsinteractive.com,,,,San Jose,California,US,95124
Haven & Wire,havenandwire.com,havenandwire.com,,,,Los Gatos,California,US,95032
Hermary's LLC,hermarys.com,hermarys.com,,,,San Francisco,California,US,94103
Hi-Tech AV,hi-techav.com,hi-techav.com,,,,San Jose,California,US,95125
Hi-Tech Home,hitechhome.net,hitechhome.net,,,,Clovis,California,US,93611
Installation King,installationking.com,installationking.com,,,,Los Angeles,California,US,90066
Intelligent Audio Visual,intelligentaudiovisual.com,intelligentaudiovisual.com,,,,San Diego,California,US,92131
Iron Lion A.V.,ironlionav.com,ironlionav.com,,,,Sherman Oaks,California,US,91423
KPS Alarms,kpsalarms.com,kpsalarms.com,,,,Riverside,California,US,92505
LIGHTWORKS,sdlightworks.com,sdlightworks.com,,,,San Diego,California,US,92126
Levines Lights,levineslights.com,levineslights.com,,,,San Carlos,California,US,94070
Liberty Bell Smart Home,lbsmarthome.com,lbsmarthome.com,,,,Auburn,California,US,95603
McCoy Electric Corporation,mccoyelectric.net,mccoyelectric.net,,,,Santa Barbara,California,US,93101
Mission Audio Video,missionaudiovideo.com,missionaudiovideo.com,,,,Santa Barbara,California,US,93101
"Myles Davis Electric, Inc.",mylesdaviselectric.com,mylesdaviselectric.com,,,,Napa,California,US,94558
Next Tech Systems Inc,nexttechsystems.com,nexttechsystems.com,,,,Sherman Oaks,California,US,91411
One Touch Home Theater Inc,onetouchhometheater.com,onetouchhometheater.com,,,,El Cajon,California,US,92020
Paradyme for Home,paradyme.com,paradyme.com,,,,Sacramento,California,US,95825
"Plug N Play, Inc.",plugnplaytv.com,plugnplaytv.com,,,,San Diego,California,US,92117
Proava Tech,proavatech.com,proavatech.com,,,,Novato,California,US,94949
RTV ELECTRONICS,rtvelectronics.com,rtvelectronics.com,,,,Carmichael,California,US,95608
Regent5,regent5.com,regent5.com,,,,San Carlos,California,US,94070
Santa Barbara Audio Video,sb-av.com,sb-av.com,,,,Santa Barbara,California,US,93105
"Signals Audio/Video, Inc. (El Segundo)",signalsav.com,signalsav.com,,,,El Segundo,California,US,90245
UrbanOrbits,urban-orbits.com,urban-orbits.com,,,,Los Angeles,California,US,90026
Visions Audio Video,visionsav.com,visionsav.com,,,,Moorpark,California,US,93021
drapinski TV & Audio Inc,drapinskitv.com,drapinskitv.com,,,,Napa,California,US,94559
Afterburner Home Solutions LLC,afterburnerhs.com,afterburnerhs.com,,,,Parker,Colorado,US,80134
Alpenglow Integration,alpenglowintegration.com,alpenglowintegration.com,,,,Avon,Colorado,US,81620
Artistic Sound & Vision LLC,artisticsound.net,artisticsound.net,,,,Basalt,Colorado,US,81621
Av by Design LLC,avbydesignllc.com,avbydesignllc.com,,,,Glenwood Springs,Colorado,US,81601
Curt's Audio Video,curtsaudiovideo.com,curtsaudiovideo.com,,,,Parker,Colorado,US,80134
Digitiqe Western Slope,digitiqe.com,digitiqe.com,,,,Paonia,Colorado,US,81428
Entertainment Audio Video,entertainmentav.com,entertainmentav.com,,,,Fort Collins,Colorado,US,80524
Eppilus,eppilus.com,eppilus.com,,,,Aspen,Colorado,US,81611
GoQAV Experience Center,qualityaudiovideo.com,qualityaudiovideo.com,,,,Centennial,Colorado,US,80112
Imagine More Automation Showroom & Distribution Center,shopimaginemore.com,shopimaginemore.com,,,,Windsor,Colorado,US,80550
Logic Integration,logicav.net,logicav.net,,,,Lone Tree,Colorado,US,80124
Mile High Audio Video,milehighaudiovideo.com,milehighaudiovideo.com,,,,Englewood,Colorado,US,80112
PHT,phtav.com,phtav.com,,,,Denver,Colorado,US,80210
Paramount Audio Video Corp.,paramountav.com,paramountav.com,,,,Denver,Colorado,US,80219
Precision Media Solutions,pmav.co,pmav.co,,,,Sheridan,Colorado,US,80110
San Juan Sound And Vision,telluridesound.com,telluridesound.com,,,,Telluride,Colorado,US,81435
Smart Systems,cosmartsystems.com,cosmartsystems.com,,,,Sheridan,Colorado,US,80110
WinTech,wintech360.com,wintech360.com,,,,Colorado Springs,Colorado,US,80907
Xtreme Theatre & Sound,thxit.com,thxit.com,,,,Fort Collins,Colorado,US,80524
Intense Audio and Video,intenseaudioandvideo.com,intenseaudioandvideo.com,,,,Plainville,Connecticut,US,06062
Keylin Audio Video,keylinaudiovideo.com,keylinaudiovideo.com,,,,Avon,Connecticut,US,06001
Property Protection Consulting LLC,ppcalarms.com,ppcalarms.com,,,,Trumbull,Connecticut,US,06611
Rolo Electronics Cameras Security Systems Security Audio Video Installation Sales Services,roloelectronics.com,roloelectronics.com,,,,Greenwich,Connecticut,US,06831
Sierra Audio Video Designs,sierraavdesigns.com,sierraavdesigns.com,,,,Monroe,Connecticut,US,06468
The Audio Store,theaudiostore.com,theaudiostore.com,,,,Newington,Connecticut,US,06111
"INI, Inc.",iniav.com,iniav.com,,,,Sterling,District of Columbia,US,20164
AHT Global,ahtglobal.com,ahtglobal.com,,,,Naples,Florida,US,34109
ALs WiFi & ELECTRONiCS,alswifi.com,alswifi.com,,,,Key Largo,Florida,US,33037
AVN Installations,avninstallations.com,avninstallations.com,,,,Tampa,Florida,US,33610
Above & Beyond A/V,aboveandbeyondav.com,aboveandbeyondav.com,,,,Winter Garden,Florida,US,34787
"Advance Automated Systems, Inc",aascustoms.com,aascustoms.com,,,,Jupiter,Florida,US,33477
Airtronics,airtronics.biz,airtronics.biz,,,,Fort Pierce,Florida,US,34946
Atlantic Security,smarthome.biz,smarthome.biz,,,,Jacksonville,Florida,US,32211
Audio Video Works,audiovideoworks.net,audiovideoworks.net,,,,Fort Lauderdale,Florida,US,33309
"Audio Visual Automation, Inc.",avapb.com,avapb.com,,,,West Palm Beach,Florida,US,33409
Automated Intelligence,automatedintelligence.ai,automatedintelligence.ai,,,,Boca Raton,Florida,US,33499
Axiom Integration,axiomintegration.com,axiomintegration.com,,,,Winter Garden,Florida,US,34787
Behrens Audio-Video,behrensav.com,behrensav.com,,,,Jacksonville,Florida,US,32256
Big Bend Design LLC,bigbenddesign.info,bigbenddesign.info,,,,Tallahassee,Florida,US,32312
CITE Solutions,cite-solutions.com,cite-solutions.com,,,,Naples,Florida,US,34110
CasaHiFi,casahifi.com,casahifi.com,,,,Miami,Florida,US,33133
Comet Electric & Automation,cometelectricinc.com,cometelectricinc.com,,,,West Palm Beach,Florida,US,33413
"Command One Solutions, LLC",command-one.com,command-one.com,,,,West Palm Beach,Florida,US,33404
Completely Connected LLC,completelyconnected.net,completelyconnected.net,,,,Fort Myers,Florida,US,33967
"Custom Sight & Sounds, LLC",customsightandsounds.com,customsightandsounds.com,,,,Jacksonville,Florida,US,32257
Elitech Design,elitech.design,elitech.design,,,,Boca Raton,Florida,US,33487
Entertainment Pros Inc,entertainment-pros.com,entertainment-pros.com,,,,Clearwater,Florida,US,33761
"Executive Electronics of Southwest Florida, Inc",eesecurity.net,eesecurity.net,,,,Naples,Florida,US,34103
Extreme Audio Video,extremeaudiovideo.com,extremeaudiovideo.com,,,,West Palm Beach,Florida,US,33412
Florida Smart Homes,floridasmarthomes.org,floridasmarthomes.org,,,,Winter Garden,Florida,US,34787
"Freedom Technologies,llc",freedomnaples.com,freedomnaples.com,,,,Naples,Florida,US,34109
Good Sounds Home Theater,goodsoundshometheater.com,goodsoundshometheater.com,,,,Boca Raton,Florida,US,33487
Greenhome Automations,greenhomeautomations.com,greenhomeautomations.com,,,,Miami,Florida,US,33155
Habitech Systems,habitechsystems.com,habitechsystems.com,,,,Ormond Beach,Florida,US,32174
Illusive Automation,illusiveautomation.com,illusiveautomation.com,,,,Fort Lauderdale,Florida,US,33311
Innovative Technology Solutions,itssimplified.com,itssimplified.com,,,,Key Largo,Florida,US,33037
Integral Home Technology,integralfl.com,integralfl.com,,,,Clearwater,Florida,US,33765
Integrity Sound,integritysound.com,integritysound.com,,,,Lakewood Ranch,Florida,US,34202
IslandAV,islandav.net,islandav.net,,,,Vero Beach,Florida,US,32960
LUC electric LLC,lucelectric.com,lucelectric.com,,,,Miami,Florida,US,33138
Lighting Digital Systems,lightingdigital.com,lightingdigital.com,,,,Oakland Park,Florida,US,33334
Lutron Installation,lutronpro.com,lutronpro.com,,,,North Miami Beach,Florida,US,33160
Orlando Home Theater Installation,ihtflorida.com,ihtflorida.com,,,,Orlando,Florida,US,32804
PC Systems,securedbypc.com,securedbypc.com,,,,Sarasota,Florida,US,34243
Palm Beach Custom A/V,palmbeachcustomav.com,palmbeachcustomav.com,,,,West Palm Beach,Florida,US,33412
Quantum AV,quantum-av.com,quantum-av.com,,,,Bonita Springs,Florida,US,34135
RPM Audio & Video,rpm-audio-video.ueniweb.com,rpm-audio-video.ueniweb.com,,,,Fort Myers,Florida,US,33917
Seagull Electronics,seagullelectronics.com,seagullelectronics.com,,,,Jupiter,Florida,US,33458
Sound Ideas,soundideasstereo.com,soundideasstereo.com,,,,Gainesville,Florida,US,32609
Sound N Space,soundnspace.com,soundnspace.com,,,,Plantation,Florida,US,33324
South Florida Automation,southfloridaautomation.com,southfloridaautomation.com,,,,Pompano Beach,Florida,US,33064
Stereo Types of Florida,stereotypes.tech,stereotypes.tech,,,,Naples,Florida,US,34102
The Audiohouse,theaudiohouse.com,theaudiohouse.com,,,,Vero Beach,Florida,US,32960
"Unified Automation, Smart Homes",unifiedautomation.net,unifiedautomation.net,,,,Ocala,Florida,US,34471
Visual Acoustics,visualacoustics.net,visualacoustics.net,,,,Miami,Florida,US,33127
domotech,domotech.us,domotech.us,,,,Palm Beach,Florida,US,33480
ioty,iotypro.com,iotypro.com,,,,Doral,Florida,US,33122
Bell Integrated Home Solutions,bellihs.com,bellihs.com,,,,Savannah,Georgia,US,31405
"Electronic Home, Inc.",hometheaterdesigns.com,hometheaterdesigns.com,,,,Atlanta,Georgia,US,30305
Home TheaterWorks,htwatlanta.com,htwatlanta.com,,,,Alpharetta,Georgia,US,30022
In Home Xperts,in-home-xperts.ueniweb.com,in-home-xperts.ueniweb.com,,,,Powder Springs,Georgia,US,30127
Intuitive AV,intuav.com,intuav.com,,,,Woodstock,Georgia,US,30188
MHS Systems,mhssinc.com,mhssinc.com,,,,Atlanta,Georgia,US,30331
Motion Shading,motionshading.com,motionshading.com,,,,Atlanta,Georgia,US,30324
RMS Installs,rmsinstalls.com,rmsinstalls.com,,,,Marietta,Georgia,US,30060
Starlightatl,starlightatlanta.com,starlightatlanta.com,,,,Suwanee,Georgia,US,30024
Automated Lifestyles Hawaii,alshawaii.com,alshawaii.com,,,,Honolulu,Hawaii,US,96821
"Knight Integration, LLC",knight-integration.com,knight-integration.com,,,,Ankeny,Iowa,US,50021
AMPLIFIED Boise,amplifiedboise.com,amplifiedboise.com,,,,Meridian,Idaho,US,83646
Audio Plus,audioplusidaho.com,audioplusidaho.com,,,,Sandpoint,Idaho,US,83864
Garrett Integrated Systems,garrettsystems.net,garrettsystems.net,,,,Boise,Idaho,US,83713
Steiner Audio Video,steinerav.com,steinerav.com,,,,Lewiston,Idaho,US,83501
TechTen Integrations,techten.com,techten.com,,,,Idaho Falls,Idaho,US,83401
dBTronix,dbtronix.com,dbtronix.com,,,,Idaho Falls,Idaho,US,83402
Audio Video Specialists,audiovideospecialists.net,audiovideospecialists.net,,,,Elgin,Illinois,US,60124
Automation Gallery,automationgallery.com,automationgallery.com,,,,Chicago,Illinois,US,60611
Avidia Inc.,avidiaonline.com,avidiaonline.com,,,,Northbrook,Illinois,US,60062
"Custom Residential Systems, Inc",customresidential.com,customresidential.com,,,,Rolling Meadows,Illinois,US,60008
Denali Tech,denalitechs.com,denalitechs.com,,,,Mt Prospect,Illinois,US,60056
Digital Home Technologies,adigitalhome.com,adigitalhome.com,,,,Palatine,Illinois,US,60067
Digital Systems & Integration,digitalsystemsav.com,digitalsystemsav.com,,,,Chicago,Illinois,US,60647
EMT Home Automation,emt-home.com,emt-home.com,,,,Chicago,Illinois,US,60607
Enline Technologies,enlinetech.com,enlinetech.com,,,,Elmhurst,Illinois,US,60126
Excel Technology Integration,excelcustom.com,excelcustom.com,,,,Chicago,Illinois,US,60641
Home Sweet Home Theatre,homesweethometheatre.com,homesweethometheatre.com,,,,Lake Villa,Illinois,US,60046
Home Theatre Designs,hometheatredesigns.net,hometheatredesigns.net,,,,Bloomington,Illinois,US,61704
LuxeHome Theater,luxehometheater.com,luxehometheater.com,,,,Plainfield,Illinois,US,60585
SilverGate Technology,silvergtech.com,silvergtech.com,,,,Chicago,Illinois,US,60613
Classic Stereo,classicstereo.tv,classicstereo.tv,,,,Fort Wayne,Indiana,US,46805
Indiana Audio Video,indianaaudiovideo.com,indianaaudiovideo.com,,,,Zionsville,Indiana,US,46077
Innovative Concepts Audio,icav.us,icav.us,,,,Decatur,Indiana,US,46733
Noble Audio & Video,noble-av.com,noble-av.com,,,,Noblesville,Indiana,US,46062
Ovation Audio Video,ovationav.com,ovationav.com,,,,Carmel,Indiana,US,46032
SYNC Technology Integration,syncti.com,syncti.com,,,,Westfield,Indiana,US,46074
Safe and Sound Inc. (formerly Audio Video Integrations),a-v-pros.com,a-v-pros.com,,,,Frankfort,Indiana,US,46041
Technology Interiors,technologyinteriors.com,technologyinteriors.com,,,,Indianapolis,Indiana,US,46250
IntegrateIT LLC,integrateit.tech,integrateit.tech,,,,Overland Park,Kansas,US,66223
Longwire,longwirekc.com,longwirekc.com,,,,Olathe,Kansas,US,66061
Naturally Wired,naturallywiredkc.com,naturallywiredkc.com,,,,Overland Park,Kansas,US,66085
Integration Unlimited,iwanthd.tv,iwanthd.tv,,,,Lexington,Kentucky,US,40509
Masterpiece Audio Video,masterpieceaudio.com,masterpieceaudio.com,,,,Southgate,Kentucky,US,41071
Hitech Smart Homes and Security,hitechsmarthomes.com,hitechsmarthomes.com,,,,Gretna,Louisiana,US,70053
Miracle Machines Audio Video,miraclemachines.com,miraclemachines.com,,,,New Orleans,Louisiana,US,70124
New Orleans Audio Video,noav.com,noav.com,,,,Harahan,Louisiana,US,70123
Pro-Fit Solutions,pro-fitsolutions.net,pro-fitsolutions.net,,,,Baton Rouge,Louisiana,US,70809
Audio Video Intelligence Inc,av-intel.com,av-intel.com,,,,Easton,Massachusetts,US,02356
Boston Automations,bostonautomations.com,bostonautomations.com,,,,North Easton,Massachusetts,US,02356
"Huntington Home Systems, Inc.",huntingtonhomesystems.com,huntingtonhomesystems.com,,,,Newton,Massachusetts,US,02459
Khan Design,khandesign.net,khandesign.net,,,,Framingham,Massachusetts,US,01702
Kreative AV Inc.,kreativeav.com,kreativeav.com,,,,Woburn,Massachusetts,US,01801
Nantucket Media Systems,nantucketmediasystems.com,nantucketmediasystems.com,,,,Nantucket,Massachusetts,US,02554
Ron Snell Audio Video,rsavs.com,rsavs.com,,,,Bourne,Massachusetts,US,02534
Smart Home Solutions LLC,techswhoconnect.com,techswhoconnect.com,,,,Beverly,Massachusetts,US,01915
TOAD,toadbuilds.com,toadbuilds.com,,,,Bourne,Massachusetts,US,02559
X Building Automation,xbuildingautomation.com,xbuildingautomation.com,,,,Barnstable,Massachusetts,US,02601
Electronic Home Environments,ehenvironments.com,ehenvironments.com,,,,Annapolis,Maryland,US,21403
Gramophone,gramophone.com,gramophone.com,,,,Timonium,Maryland,US,21093
HiTech Upgrades,hitechupgrades.com,hitechupgrades.com,,,,Severna Park,Maryland,US,21146
Home Technology Architects,htarchitects.com,htarchitects.com,,,,Rockville,Maryland,US,20852
SOUNDSCAPE,soundscapemd.com,soundscapemd.com,,,,Baltimore,Maryland,US,21210
SWAT AV,solutionsbyswat.com,solutionsbyswat.com,,,,Gaithersburg,Maryland,US,20878
Smart Automation Solutions,smartautomationsolutions.com,smartautomationsolutions.com,,,,Gaithersburg,Maryland,US,20877
Strategic Home Media,strategichomemedia.com,strategichomemedia.com,,,,Stevensville,Maryland,US,21666
Woofer Audio Video Elect Inc,wooferave.com,wooferave.com,,,,Cumberland,Maine,US,04021
AV Multimedia Solutions,avmultimediasolutionsmi.com,avmultimediasolutionsmi.com,,,,Ann Arbor,Michigan,US,48108
Digital Interiors,digitalinteriorshd.com,digitalinteriorshd.com,,,,Clawson,Michigan,US,48017
Mark Electronics,markelectronics.net,markelectronics.net,,,,Rochester Hills,Michigan,US,48309
Motown Home Theater Services,motown-home-theater.webflow.io,motown-home-theater.webflow.io,,,,Ypsilanti,Michigan,US,48197
New Age Entertainment Inc.,newagehometheaters.com,newagehometheaters.com,,,,Macomb,Michigan,US,48042
Telesis Electronics,telesiselectronics.com,telesiselectronics.com,,,,South Lyon,Michigan,US,48178
"AVP, Inc.",audiovideoplanners.com,audiovideoplanners.com,,,,Maplewood,Minnesota,US,55109
New Age Technology,newagetechnologymn.com,newagetechnologymn.com,,,,Plymouth,Minnesota,US,55447
Northstar Home Technologies,northstarhometech.com,northstarhometech.com,,,,Stillwater,Minnesota,US,55082
Seven Audio Video,sevenshometheater.com,sevenshometheater.com,,,,Ham Lake,Minnesota,US,55304
Stereoland Inc,stereoland.com,stereoland.com,,,,Minneapolis,Minnesota,US,55438
Twin Cities Tech Services LLC,twincitiestechservices.com,twincitiestechservices.com,,,,Wayzata,Minnesota,US,55391
Automated Lifestyles,technologykc.com,technologykc.com,,,,Kansas City,Missouri,US,64119
Creative Audio Video and Automation,creativeavandautomation.com,creativeavandautomation.com,,,,St. Louis,Missouri,US,63127
Independence Audio-Video,indepaudio.com,indepaudio.com,,,,Independence,Missouri,US,64055
Integration Controls,integrationcontrols.com,integrationcontrols.com,,,,St. Louis,Missouri,US,63127
Simply Smart,simplysmart.life,simplysmart.life,,,,Chesterfield,Missouri,US,63005
Turn Key Solution 3D,turnkeysolution3d.com,turnkeysolution3d.com,,,,Kansas City,Missouri,US,64111
Audio Video Specialists,avsinc.ms,avsinc.ms,,,,Hattiesburg,Mississippi,US,39402
Dk Digital Design Inc,dkddesign.com,dkddesign.com,,,,Ridgeland,Mississippi,US,39157
Elevate Integrated Systems,elevateintegrated.com,elevateintegrated.com,,,,Bozeman,Montana,US,59718
Evolution AVA,evolutionava.com,evolutionava.com,,,,Belgrade,Montana,US,59714
Turn It Up Technologies,turnituptech.com,turnituptech.com,,,,Bozeman,Montana,US,59718
1TouchSolutions,1touchsolutions.tv,1touchsolutions.tv,,,,Stanley,North Carolina,US,28164
AVA Technologies,ava-nc.com,ava-nc.com,,,,Indian Trail,North Carolina,US,28079
"AcoustiCreations, Inc.",acousticreations.com,acousticreations.com,,,,Wilmington,North Carolina,US,28405
Audio Video Specialties,avspecialties.net,avspecialties.net,,,,Charlotte,North Carolina,US,28217
CO-DA,co-da.com,co-da.com,,,,Indian Trail,North Carolina,US,28079
Carolina Custom Sound,carolinacustomsound.com,carolinacustomsound.com,,,,Winston-Salem,North Carolina,US,27104
Clean Installs,cleaninstalls.com,cleaninstalls.com,,,,Concord,North Carolina,US,28027
Connesso,getconnesso.com,getconnesso.com,,,,Apex,North Carolina,US,27502
Convergence Technologies,convergenceusa.com,convergenceusa.com,,,,Mebane,North Carolina,US,27302
Custom House Home Entertainment,customhousetechnology.com,customhousetechnology.com,,,,Charlotte,North Carolina,US,28217
Electronics2you,electronics2you.com,electronics2you.com,,,,Wilmington,North Carolina,US,28405
HavenSmart Greater Charlotte,havensmart.com,havensmart.com,,,,Denver,North Carolina,US,28037
Home Technology Solutions,htscompanies.com,htscompanies.com,,,,Charlotte,North Carolina,US,28270
KS Audio Video,ksaudiovideo.com,ksaudiovideo.com,,,,Cornelius,North Carolina,US,28031
One Touch AVL,onetouchavl.com,onetouchavl.com,,,,Asheville,North Carolina,US,28801
Resolute Design Group,resolutedesigngroup.com,resolutedesigngroup.com,,,,Asheville,North Carolina,US,28704
Sound Profiles Inc.,soundprofiles.com,soundprofiles.com,,,,Raleigh,North Carolina,US,27616
Total Tech,totaltechwnc.com,totaltechwnc.com,,,,Etowah,North Carolina,US,28729
Tronic Integration LLC,tronicintegration.com,tronicintegration.com,,,,Apex,North Carolina,US,27502
Custom Electronics,customelectronics.tv,customelectronics.tv,,,,Omaha,Nebraska,US,68114
Extreme Electrical Solutions,extremeelec.com,extremeelec.com,,,,Pelham,New Hampshire,US,03076
Xtreme Audio & Video,xtreme-av.com,xtreme-av.com,,,,Pelham,New Hampshire,US,03076
Digital Home LLC,digihm.com,digihm.com,,,,Kearny,New Jersey,US,07032
Digital Surroundings,digitalsurroundings.com,digitalsurroundings.com,,,,Lawrence Township,New Jersey,US,08648
Firmus Electronics,firmus.com,firmus.com,,,,Princeton,New Jersey,US,08540
JNS Audio Video,jnsaudiovideo.com,jnsaudiovideo.com,,,,Ridgewood,New Jersey,US,07450
Restrepo Innovations,restrepoinnovations.com,restrepoinnovations.com,,,,Wyckoff,New Jersey,US,07481
Smart Home Integrations,smarthomeintegrations.com,smarthomeintegrations.com,,,,Ocean Township,New Jersey,US,07712
Sound City Electronics,soundcitycorp.com,soundcitycorp.com,,,,Bayonne,New Jersey,US,07002
Waverly TV,waverlytv.com,waverlytv.com,,,,Madison,New Jersey,US,07940
AV Luxury Group,avluxurygroup.com,avluxurygroup.com,,,,Las Vegas,Nevada,US,89135
Audio Integrations Inc,audiointegrations.com,audiointegrations.com,,,,Las Vegas,Nevada,US,89113
Eagle Sentry,eaglesentry.com,eaglesentry.com,,,,Las Vegas,Nevada,US,89120
Elite A/V,hometheater.vegas,hometheater.vegas,,,,Las Vegas,Nevada,US,89103
Hartwalker Audio Video and Automation,hartwalkerav.com,hartwalkerav.com,,,,Las Vegas,Nevada,US,89119
Luxury Electronics Inc.,luxuryelectronicsinc.com,luxuryelectronicsinc.com,,,,Las Vegas,Nevada,US,89118
Naffah Tech Solutions LLC,naffahtechsolutions.com,naffahtechsolutions.com,,,,Henderson,Nevada,US,89015
Progressive Smart Homes,progressivesmarthomes.com,progressivesmarthomes.com,,,,Las Vegas,Nevada,US,89118
Tec Communications,teccomav.com,teccomav.com,,,,Reno,Nevada,US,89502
The Wolf AV,thewolfav.com,thewolfav.com,,,,Las Vegas,Nevada,US,89118
American Communications,americancommunications.com,americancommunications.com,,,,Merrick,New York,US,11566
Audio Interiors Inc,audiointeriors.com,audiointeriors.com,,,,Hauppauge,New York,US,11788
"Audio Services NY, Inc.",audioservicesny.com,audioservicesny.com,,,,Tappan,New York,US,10983
"Audio Video Design Group, Inc.",avdesigngroupinc.com,avdesigngroupinc.com,,,,East Quogue,New York,US,11942
Audio11,theaudio11.com,theaudio11.com,,,,Cohoes,New York,US,12047
Brookhill NY Inc.,brookhillny.com,brookhillny.com,,,,Melville,New York,US,11747
Connected Living Solutions,connectedlivingsolutions.com,connectedlivingsolutions.com,,,,East Amherst,New York,US,14051
DAVE Digital Audio Visual Environments,comeseedave.com,comeseedave.com,,,,Rochester,New York,US,14623
DS Home Tech,dshometechny.com,dshometechny.com,,,,Saratoga Springs,New York,US,12866
Data Wire Solutions,datawiresolutions.com,datawiresolutions.com,,,,Valhalla,New York,US,10595
Electronics Concepts,electronicconcepts.net,electronicconcepts.net,,,,Merrick,New York,US,11566
Enveloping Sound,envelopingsound.com,envelopingsound.com,,,,Briarcliff Manor,New York,US,10510
GLOBAL CUSTOM INTEGRATIONS,gcintegrations.com,gcintegrations.com,,,,Hawthorne,New York,US,10532
Greener Smart Homes,greenersmarthomes.com,greenersmarthomes.com,,,,Hampton Bays,New York,US,11946
HTG,htgny.com,htgny.com,,,,East Hampton,New York,US,11937
Home Theater Man Inc.,hometheaterman.com,hometheaterman.com,,,,Hauppauge,New York,US,11788
International Built In Systems,ibsalbany.com,ibsalbany.com,,,,Albany,New York,US,12205
"Leader TV Sales, Installation & HiFi Stereo Repair Services",leadertv.com,leadertv.com,,,,Rochester,New York,US,14624
Long Island Pro Audio Video,longislandav.com,longislandav.com,,,,Holbrook,New York,US,11741
"Millennium Audio Video Design, Inc.",millennium-av.com,millennium-av.com,,,,Putnam Valley,New York,US,10579
PSE Audio Visual,pse-av.com,pse-av.com,,,,Brooklyn,New York,US,11232
Park Avenue Audio,parkavenueaudio.com,parkavenueaudio.com,,,,New York,New York,US,10016
Pop Audio,popaudio.net,popaudio.net,,,,Hampton Bays,New York,US,11946
"Select Audio and Video, Inc.",selectav.net,selectav.net,,,,Glens Falls North,New York,US,12804
Sound Dimensions Plus,sounddimensionsplus.com,sounddimensionsplus.com,,,,Syosset,New York,US,11791
Sound Insight,sound-insight.com,sound-insight.com,,,,Huntington,New York,US,11743
Speaker Shop,speakershop.com,speakershop.com,,,,Buffalo,New York,US,14226
Symfony,symfonyinc.com,symfonyinc.com,,,,Southampton,New York,US,11968
Systems Design Co.,systemsdesignco.com,systemsdesignco.com,,,,Westhampton Beach,New York,US,11978
TechnoConscious,technoconscious.com,technoconscious.com,,,,New York,New York,US,10014
Telstar Integrated Solutions,telstaris.com,telstaris.com,,,,Glen Cove,New York,US,11542
Towne TV,townetv.com,townetv.com,,,,Schenectady,New York,US,12303
VME Electrical Contractor Inc.,vmeelectric.com,vmeelectric.com,,,,East Hampton,New York,US,11937
Vincent Designs AV & Smart Homes,vincentdesigns.tv,vincentdesigns.tv,,,,New Rochelle,New York,US,10801
Visera Media LLC,viseramedia.com,viseramedia.com,,,,Wappingers Falls,New York,US,12590
At Home Integrations Inc,yoursmarthome.com,yoursmarthome.com,,,,Loveland,Ohio,US,45140
Audio Etc...,audioetc.tv,audioetc.tv,,,,Dayton,Ohio,US,45459
Beacon Audio Video Systems,beaconaudiovideosystems.com,beaconaudiovideosystems.com,,,,Cincinnati,Ohio,US,45208
Controlling Technology LLC,controllingtech.net,controllingtech.net,,,,West Chester Township,Ohio,US,45246
"Custom Audio Designs, Inc",customaudiodesignsinc.com,customaudiodesignsinc.com,,,,Cleveland,Ohio,US,44124
"Just In Time Audio Video, LLC",justintimeav.com,justintimeav.com,,,,Dayton,Ohio,US,45424
Meineke Audio Video Security,meinekeav.com,meinekeav.com,,,,Cincinnati,Ohio,US,45244
BLUESPEED,bluespeedllc.com,bluespeedllc.com,,,,Tulsa,Oklahoma,US,74145
Dynamic Audio,dynamicaudiotulsa.com,dynamicaudiotulsa.com,,,,Tulsa,Oklahoma,US,74119
SoSmart Security,sosmartsecurity.com,sosmartsecurity.com,,,,Oklahoma City,Oklahoma,US,73114
Sound Advice Audio/Video,soundadviceokc.com,soundadviceokc.com,,,,Oklahoma City,Oklahoma,US,73120
Unique Home Audio LLC,uniquehomeaudio.com,uniquehomeaudio.com,,,,Oklahoma City,Oklahoma,US,73116
Ambient Automations,ambientautomation.com,ambientautomation.com,,,,Tigard,Oregon,US,97223
Gorge Audio Video / AV Automation Pros,avautomationpros.com,avautomationpros.com,,,,Hood River,Oregon,US,97031
Omega Media Solutions LLC,omegamediasolutions.com,omegamediasolutions.com,,,,Bend,Oregon,US,97702
"Prime Integration Systems, Inc",primeintegrationsystems.com,primeintegrationsystems.com,,,,Portland,Oregon,US,97236
Velara,experiencevelara.com,experiencevelara.com,,,,Clackamas,Oregon,US,97015
Audio Video Consultants,avccom.com,avccom.com,,,,Exton,Pennsylvania,US,19341
Automated Lifestyles,automated-lifestyles.com,automated-lifestyles.com,,,,Mt Cobb,Pennsylvania,US,18436
Innovative Audio Video Designs,innovativeavd.com,innovativeavd.com,,,,Bensalem,Pennsylvania,US,19020
Kozi Media Design,kozimediadesign.com,kozimediadesign.com,,,,Pittsburgh,Pennsylvania,US,15235
Listen Hear Home Entertainment And Automation,listenhearsmarthomes.com,listenhearsmarthomes.com,,,,Pittsburgh,Pennsylvania,US,15232
N-Home A/V,nhomeav.com,nhomeav.com,,,,Harrisburg,Pennsylvania,US,17104
Nestology.pro,nestology.pro,nestology.pro,,,,Palmyra,Pennsylvania,US,17078
Simply Automated,sapgh.com,sapgh.com,,,,Leetsdale,Pennsylvania,US,15056
Springboard Automation,springboardautomation.com,springboardautomation.com,,,,Philadelphia,Pennsylvania,US,19103
SuperHome Smart Home Solutions,yoursuperhome.com,yoursuperhome.com,,,,Philadelphia,Pennsylvania,US,19128
Surround Sounds,surroundsounds.com,surroundsounds.com,,,,Exton,Pennsylvania,US,19341
Wired Integrations,wiredintegrations.com,wiredintegrations.com,,,,Chambersburg,Pennsylvania,US,17202
iAV Design,iavdesign.com,iavdesign.com,,,,Lemoyne,Pennsylvania,US,17043
Crescendo AV,crescendo-av.com,crescendo-av.com,,,,Warwick,Rhode Island,US,02886
SoundFX AV,soundfxav.com,soundfxav.com,,,,West Warwick,Rhode Island,US,02893
SoundFX Home Theater Automation Audio Networking RI,soundfxhometheater.com,soundfxhometheater.com,,,,East Providence,Rhode Island,US,02914
Advanced Audio Video Technologies,advancedaudiovideotechnologies.com,advancedaudiovideotechnologies.com,,,,Bluffton,South Carolina,US,29910
Audio One,audioone.bz,audioone.bz,,,,Lexington,South Carolina,US,29072
Carolina Custom Security & Sound,carolinacustomsecurity.com,carolinacustomsecurity.com,,,,Mt Pleasant,South Carolina,US,29464
Custom Theater & Audio,customtheaterandaudio.com,customtheaterandaudio.com,,,,Murrells Inlet,South Carolina,US,29576
Fusion Audio + Video,fusionaudiovideo.com,fusionaudiovideo.com,,,,Greenville,South Carolina,US,29601
Home Theater Inc,hometheaterofsc.com,hometheaterofsc.com,,,,Anderson,South Carolina,US,29625
"Legends Security & Sound, Inc.",legendssecurity.com,legendssecurity.com,,,,Columbia,South Carolina,US,29223
TekScene,tekscene.com,tekscene.com,,,,Chapin,South Carolina,US,29036
AVS Design Concepts,avsdc.com,avsdc.com,,,,Knoxville,Tennessee,US,37917
Audio Video Experience,av-experience.com,av-experience.com,,,,Brentwood,Tennessee,US,37027
FORTECH,fortechtn.com,fortechtn.com,,,,Chattanooga,Tennessee,US,37402
Hifi Buys Nashville,hifibuysnashville.com,hifibuysnashville.com,,,,Nashville,Tennessee,US,37211
Immersive Audio & Cinema LLC,immersiveac.com,immersiveac.com,,,,Johnson City,Tennessee,US,37604
Informed Logic LLC,informedlogic.com,informedlogic.com,,,,Knoxville,Tennessee,US,37938
Miestro,mymiestro.com,mymiestro.com,,,,Memphis,Tennessee,US,38117
PAVE LLC (Professional Audio Video Engineering),proave.com,proave.com,,,,Nashville,Tennessee,US,37204
Symspire,symspire.com,symspire.com,,,,Brentwood,Tennessee,US,37027
Warner Audio & Video,warneraudiovideo.com,warneraudiovideo.com,,,,Taft,Tennessee,US,38488
Wolf Hill Technologies,wolfhilltechnologies.com,wolfhilltechnologies.com,,,,Nashville,Tennessee,US,37217
iSS LLC,isstenn.com,isstenn.com,,,,Knoxville,Tennessee,US,37919
A&B TV,abtvaustin.com,abtvaustin.com,,,,Austin,Texas,US,78757
AV Automation,avautomation.com,avautomation.com,,,,Lakeway,Texas,US,78734
AV Connect Smart Home Automation of Austin,avconnectonline.com,avconnectonline.com,,,,Austin,Texas,US,78757
Advocate Security LLC.,thewoodlandshomeautomation.com,thewoodlandshomeautomation.com,,,,The Woodlands,Texas,US,77380
Audio Video Innovations,audiovideoinnovations.us,audiovideoinnovations.us,,,,Victoria,Texas,US,77904
Austin Home Systems,austinhomesystems.com,austinhomesystems.com,,,,Austin,Texas,US,78756
Aveon Inc.,aveon.com,aveon.com,,,,Houston,Texas,US,77098
Avitech,avitech.org,avitech.org,,,,Corpus Christi,Texas,US,78418
BOND'S Television & Electronics,bondstv.com,bondstv.com,,,,Austin,Texas,US,78703
Bennett Technologies,gobentec.com,gobentec.com,,,,Cedar Park,Texas,US,78613
Bjorn's Audio Video,bjorns.com,bjorns.com,,,,San Antonio,Texas,US,78232
DFW Home Theater LLC,dfwaffordablehometheater.com,dfwaffordablehometheater.com,,,,Pilot Point,Texas,US,76258
Designed Atmospheres,designedatmospheres.com,designedatmospheres.com,,,,Marble Falls,Texas,US,78654
Digital Power House,hometheatersolutionsfortworth.com,hometheatersolutionsfortworth.com,,,,Fort Worth,Texas,US,76108
Digitalholics,digitalholics.com,digitalholics.com,,,,Plano,Texas,US,75024
Directek Inc.,directekinc.com,directekinc.com,,,,Corpus Christi,Texas,US,78415
Electronic Dreams,electronicdreams.biz,electronicdreams.biz,,,,Houston,Texas,US,77081
Elite Automation & Technology,elite-at.com,elite-at.com,,,,Conroe,Texas,US,77302
Grizzly Tec,grizzlytec.com,grizzlytec.com,,,,Spring,Texas,US,77386
H Customs Audio Video,hcustoms.com,hcustoms.com,,,,Fort Worth,Texas,US,76119
Hargrett Electronics LLC,hargrettelectronics.com,hargrettelectronics.com,,,,Houston,Texas,US,77079
Home Cinema Solutions,homecinema.solutions,homecinema.solutions,,,,Frisco,Texas,US,75034
Home Theater Design Group,h-t-d.com,h-t-d.com,,,,Farmers Branch,Texas,US,75244
"Home on a Hill.LLC Lighting, Electric services & Home Automation",homeonahillsa.com,homeonahillsa.com,,,,San Antonio,Texas,US,78256
HomePro,homeprotech.com,homeprotech.com,,,,Austin,Texas,US,78758
Integrated Lifestyles,integratedlifestylesinc.com,integratedlifestylesinc.com,,,,Dallas,Texas,US,75243
MODIA Immersive Entertainment,modia.com,modia.com,,,,Houston,Texas,US,77057
"MediaHead, LLC",mediahead.co,mediahead.co,,,,Addison,Texas,US,75001
Multitech Inc.,multitechincorporated.com,multitechincorporated.com,,,,San Benito,Texas,US,78586
NXG Services,nxgservice.com,nxgservice.com,,,,Rockwall,Texas,US,75032
New Era AV Technologies LLC,neweradfw.com,neweradfw.com,,,,Addison,Texas,US,75001
Origin HiFi,originhifi.com,originhifi.com,,,,Austin,Texas,US,78729
RND Technology (Home Theater & Automation),rndtek.com,rndtek.com,,,,Houston,Texas,US,77084
Ricks Audio Video,ricksav.com,ricksav.com,,,,Fredericksburg,Texas,US,78624
Simply VAST,simplyvast.com,simplyvast.com,,,,La Feria,Texas,US,78559
Smart Home DFW,smarthomedfw.com,smarthomedfw.com,,,,Mansfield,Texas,US,76063
Sound Ideas,sihometheater.com,sihometheater.com,,,,Fort Worth,Texas,US,76116
Starpower,star-power.com,star-power.com,,,,Dallas,Texas,US,75248
Stereo East Home Theater,stereoeast.com,stereoeast.com,,,,Frisco,Texas,US,75034
System Works Inc,systemworkshometheatre.com,systemworkshometheatre.com,,,,Helotes,Texas,US,78023
Texas Smart Integration,integratetx.com,integratetx.com,,,,Houston,Texas,US,77046
TexasTechs Pro AV Support,avcorpuschristi.com,avcorpuschristi.com,,,,Corpus Christi,Texas,US,78411
Theater Advice,theateradvice.com,theateradvice.com,,,,Frisco,Texas,US,75033
Thoughtful Integrations,thoughtfulintegrations.com,thoughtfulintegrations.com,,,,Addison,Texas,US,75001
Total Home Technologies,totalhometx.com,totalhometx.com,,,,Austin,Texas,US,78757
TruDefinition,trudefinition.com,trudefinition.com,,,,Dallas,Texas,US,75208
Video General,videogeneral.com,videogeneral.com,,,,Grand Prairie,Texas,US,75050
Visionary Smarthomes,visionarysmarthomes.com,visionarysmarthomes.com,,,,Fort Worth,Texas,US,76137
YES INSTALLATION,yesinstallation.com,yesinstallation.com,,,,Dallas,Texas,US,75228
mero CONCEPTS,meroconcepts.com,meroconcepts.com,,,,Cedar Park,Texas,US,78613
AVI Systems,avi-utah.com,avi-utah.com,,,,Draper,Utah,US,84020
Brite AV Solutions,briteav.com,briteav.com,,,,Park City,Utah,US,84098
CSD Audio,csdaudio.com,csdaudio.com,,,,Murray,Utah,US,84107
Lifestyle Electronics,lifestyleelectronics.com,lifestyleelectronics.com,,,,Park City,Utah,US,84098
Monster Media & Automation,monsterautomation.com,monsterautomation.com,,,,Alpine,Utah,US,84004
Mountain States Home Automation,mtnstates.net,mtnstates.net,,,,Salt Lake City,Utah,US,84115
Newport Audio Video & Electric,newport-ave.com,newport-ave.com,,,,South Jordan,Utah,US,84095
Smart Tech Designs,smarttechutah.com,smarttechutah.com,,,,Murray,Utah,US,84121
AV Integrated,avintegrated.com,avintegrated.com,,,,Chantilly,Virginia,US,20152
Home Technologies,hometechva.com,hometechva.com,,,,Yorktown,Virginia,US,23693
Plasma Guys,plasmaguys.com,plasmaguys.com,,,,Chesapeake,Virginia,US,23322
Smartcom Home Technologies,smartcomht.net,smartcomht.net,,,,Fredericksburg,Virginia,US,22406
Streamline Custom AV,streamlinecustomav.com,streamlinecustomav.com,,,,Great Falls,Virginia,US,22066
The Next Level Audio Video,thenextlevelaudiovideo.com,thenextlevelaudiovideo.com,,,,Chesapeake,Virginia,US,23321
Creative Sound,creativesoundvt.com,creativesoundvt.com,,,,Williston,Vermont,US,05495
System Integrators,sivermont.com,sivermont.com,,,,Williston,Vermont,US,05495
Vermont Electronics,vermontelectronics.biz,vermontelectronics.biz,,,,Stowe,Vermont,US,05672
Bain Custom Integrations,bcinw.com,bcinw.com,,,,Snohomish,Washington,US,98290
Beyond Hi-Fi,beyondhifi.com,beyondhifi.com,,,,Bellevue,Washington,US,98005
Horizon Audio & Video,horizonavs.com,horizonavs.com,,,,Anacortes,Washington,US,98221
Integrity Home Integration Inc,ihi-nw.com,ihi-nw.com,,,,Issaquah,Washington,US,98027
LLUMINET LLC,lluminet.com,lluminet.com,,,,Renton,Washington,US,98058
Madrona Digital,madronadigital.com,madronadigital.com,,,,Bellevue,Washington,US,98006
Northwest Digital Media,northwestdigitalmedia.com,northwestdigitalmedia.com,,,,Tukwila,Washington,US,98188
ThoseTechGuys,thosetechguys.com,thosetechguys.com,,,,Tukwila,Washington,US,98188
"Audio Video Pros, Inc.",theaudiovideopros.com,theaudiovideopros.com,,,,Onalaska,Wisconsin,US,54650
"Einstein Audio Systems, Inc.",einsteinaudiosystems.com,einsteinaudiosystems.com,,,,Stoughton,Wisconsin,US,53589
Elemental Home Technologies LLC,elementalhometech.com,elementalhometech.com,,,,Stoughton,Wisconsin,US,53589
Flanner's Home Entertainment,flanners.com,flanners.com,,,,West Allis,Wisconsin,US,53214
HiTech Homes (DBA)- Electronic Lifestyles Inc,hitechhomes.com,hitechhomes.com,,,,Pewaukee,Wisconsin,US,53072
Home AV Pros,homeavpros.com,homeavpros.com,,,,Monona,Wisconsin,US,53716
IQ Automation,iqautomation.net,iqautomation.net,,,,Brookfield,Wisconsin,US,53072
"Sound Designs, Inc.",sound-designs.net,sound-designs.net,,,,Mequon,Wisconsin,US,53092
Suess Electronics,suesselectronics.com,suesselectronics.com,,,,Appleton,Wisconsin,US,54914
"Home Technology Solutions, LLC",hts-wyo.com,hts-wyo.com,,,,Lovell,Wyoming,US,82431
Jackson Hole AV,jacksonholeav.com,jacksonholeav.com,,,,Jackson,Wyoming,US,83001
