companyname,companywebsite,companyemaildomain,linkedincompanypageurl,stocksymbol,industry,city,state,companycountry,zipcode
"907 Electric, Inc.",907electricak.com,907electricak.com,,,,Anchorage,Alaska,US,99577
AKE Electric Services LLC,akeelectricservicesllc.com,akeelectricservicesllc.com,,,,Anchorage,Alaska,US,99508
Adam Electric LLC,adamelectricak.com,adamelectricak.com,,,,Anchorage,Alaska,US,99518
Allied Alaska Electric LLC,alliedalaskaelectricllc.com,alliedalaskaelectricllc.com,,,,Anchorage,Alaska,US,99515
Angler Electric,anglerelectricak.com,anglerelectricak.com,,,,Anchorage,Alaska,US,99567
Daylight Electric LLC,daylightelectricak.com,daylightelectricak.com,,,,Anchorage,Alaska,US,99507
Encore Electric,encoreak.com,encoreak.com,,,,Anchorage,Alaska,US,99518
Intel Electric LLC,akintelelectric.com,akintelelectric.com,,,,Anchorage,Alaska,US,99518
Klondike Electric,klondikeelectric.com,klondikeelectric.com,,,,Anchorage,Alaska,US,99516
Next Phase Electrical LLC,nextphaseelectricak.com,nextphaseelectricak.com,,,,Anchorage,Alaska,US,99515
Power & Light Inc,powerandlight.biz,powerandlight.biz,,,,Anchorage,Alaska,US,99518
Raven Electric Inc,ravenelectric.com,ravenelectric.com,,,,Anchorage,Alaska,US,99518
ReCharge Alaska Charging Station,rechargealaska.net,rechargealaska.net,,,,Anchorage,Alaska,US,99503
Samson Electric Inc,sei-ak.com,sei-ak.com,,,,Anchorage,Alaska,US,99518
Stonecreek,stonecreekak.com,stonecreekak.com,,,,Anchorage,Alaska,US,99567
Supreme Electric,supremeelectricak.com,supremeelectricak.com,,,,Anchorage,Alaska,US,99517
"Susitna Energy Solutions, LLC",susitnaenergy.com,susitnaenergy.com,,,,Anchorage,Alaska,US,99501
SynergEV Charging Station,synergev.com,synergev.com,,,,Anchorage,Alaska,US,99518
Tesla Electric Llc,teslaelectricak.com,teslaelectricak.com,,,,Anchorage,Alaska,US,99503
The Alaskan Electricians,thealaskanelectricians.com,thealaskanelectricians.com,,,,Anchorage,Alaska,US,99504
Yukon Electric,alaskapeninsulacorp.com,alaskapeninsulacorp.com,,,,Anchorage,Alaska,US,99508
Long Family Electric,longfamilyelectric.com,longfamilyelectric.com,,,,Knik River,Alaska,US,99567
Alaska Electrical Contractors,aec-ak.com,aec-ak.com,,,,Palmer,Alaska,US,99645
Palmer Electric,palmerelectric.org,palmerelectric.org,,,,Palmer,Alaska,US,99645
"Premier Electric, LLC",premierelectricak.com,premierelectricak.com,,,,Palmer,Alaska,US,99645
"All Phase Electric, LLC",allphaseelectricak.com,allphaseelectricak.com,,,,Wasilla,Alaska,US,99654
Chevrolet Charging Station,chevrolet.com,chevrolet.com,,,,Wasilla,Alaska,US,99654
Pacific Electric LLC,pacificelectricllc.com,pacificelectricllc.com,,,,Wasilla,Alaska,US,99654
Vannoy Electric,vannoyelectric.com,vannoyelectric.com,,,,Wasilla,Alaska,US,99623
Athens Electrician Now,athenselectriciannow.com,athenselectriciannow.com,,,,Athens,Alabama,US,35611
Encore Electrical Services,encoreelectricalservices.com,encoreelectricalservices.com,,,,Athens,Alabama,US,35611
Birmingham Electrical Contractors,birminghamec.com,birminghamec.com,,,,Bessemer,Alabama,US,35022
Lovelady Electrical Contractors,loveladyelectricalbham.com,loveladyelectricalbham.com,,,,Bessemer,Alabama,US,35022
Mister Sparky,birminghammistersparky.com,birminghammistersparky.com,,,,Bessemer,Alabama,US,35022
Armstrong Electrical Contractors,armstrongelectricalco.com,armstrongelectricalco.com,,,,Birmingham,Alabama,US,35222
Birmingham Advanced Electrical,bestbirminghamelectrician.com,bestbirminghamelectrician.com,,,,Birmingham,Alabama,US,35209
Birmingham Electrical JATC,bejatc.org,bejatc.org,,,,Birmingham,Alabama,US,35217
Bob's Power Equipment,bobspowerequipment.com,bobspowerequipment.com,,,,Birmingham,Alabama,US,35242
Brannon Electric Motor Co,brannonmotor.com,brannonmotor.com,,,,Birmingham,Alabama,US,35233
Bright Future Electric,brightfutureelectric.com,brightfutureelectric.com,,,,Birmingham,Alabama,US,35234
Brown Cooling Heating Plumbing Electrical,brownheatingandcooling.com,brownheatingandcooling.com,,,,Birmingham,Alabama,US,35209
Brown's Electrical Contractors,brown-ec.generacdealers.com,brown-ec.generacdealers.com,,,,Birmingham,Alabama,US,35214
C & W Electric Company LLC,candwelectricco.com,candwelectricco.com,,,,Birmingham,Alabama,US,35217
C&J Electrical Services LLC,cjelectricalservice.com,cjelectricalservice.com,,,,Birmingham,Alabama,US,35209
Capital Comfort Services,capitalcomfort.com,capitalcomfort.com,,,,Birmingham,Alabama,US,35216
"Comfort Dynamics Cooling, Heating, Plumbing & Electrical",callcomfortdynamics.com,callcomfortdynamics.com,,,,Birmingham,Alabama,US,35211
Craft Electric Co Inc,craft-electric.com,craft-electric.com,,,,Birmingham,Alabama,US,35217
Dr. Electric,doctorelectricnow.com,doctorelectricnow.com,,,,Birmingham,Alabama,US,35203
ELI Services,eliservices.org,eliservices.org,,,,Birmingham,Alabama,US,35242
EOS Charge Charging Station,eoslinx.com,eoslinx.com,,,,Birmingham,Alabama,US,35243
Electrical Repair Services Co,electricalrepairserviceco.com,electricalrepairserviceco.com,,,,Birmingham,Alabama,US,35222
Eli Generator Services LLC,eligeneratorservices.com,eligeneratorservices.com,,,,Birmingham,Alabama,US,35242
"Energy Systems Southeast, LLC",essellc.com,essellc.com,,,,Birmingham,Alabama,US,35235
KingFred,kingfredco.com,kingfredco.com,,,,Birmingham,Alabama,US,35223
Mayer Electric Supply,mayerelectric.com,mayerelectric.com,,,,Birmingham,Alabama,US,35222
"One Source Heating, Cooling, Plumbing & Electrical",onesourceair.com,onesourceair.com,,,,Birmingham,Alabama,US,35217
Reeve Electric,reeve-electric.com,reeve-electric.com,,,,Birmingham,Alabama,US,35233
"Standard Heating, Cooling & Plumbing",standardheatingandairconditioning.com,standardheatingandairconditioning.com,,,,Birmingham,Alabama,US,35233
"Stegall Heating, Air Conditioning, and Plumbing",callstegall.com,callstegall.com,,,,Birmingham,Alabama,US,35233
Summit Electrical Construction,summiteci.com,summiteci.com,,,,Birmingham,Alabama,US,35222
Thompson Power Systems - Birmingham,thompsonpowersystems.com,thompsonpowersystems.com,,,,Birmingham,Alabama,US,35217
Stencel Electric,stencelelectric.com,stencelelectric.com,,,,Brownsboro,Alabama,US,35741
Decatur Electrician Now,decaturelectriciannow.com,decaturelectriciannow.com,,,,Decatur,Alabama,US,35601
HBP Electrical LLC,hbpelectrical.com,hbpelectrical.com,,,,Decatur,Alabama,US,35601
River City Electric,rcedecatur.com,rcedecatur.com,,,,Decatur,Alabama,US,35603
Generator Supercenter of Birmingham,generatorsupercenterofbirmingham.com,generatorsupercenterofbirmingham.com,,,,Homewood,Alabama,US,35209
Xcalibur Services,xcaliburservice.com,xcaliburservice.com,,,,Homewood,Alabama,US,35209
Advanced Generator Technologies LLC,advancedgeneratortechnologies.com,advancedgeneratortechnologies.com,,,,Hoover,Alabama,US,35226
OnTime Service,ontime59.com,ontime59.com,,,,Hoover,Alabama,US,35216
"ACW Electric, LLC",acwelectrichuntsville.com,acwelectrichuntsville.com,,,,Huntsville,Alabama,US,35801
Allied Electric Inc.-Huntsville,alliedelectrichsv.com,alliedelectrichsv.com,,,,Huntsville,Alabama,US,35816
B & L Electric LLC,bandlelectrichuntsville.com,bandlelectrichuntsville.com,,,,Huntsville,Alabama,US,35816
Blake Brothers Services Corporation,blakebrothers.com,blakebrothers.com,,,,Huntsville,Alabama,US,35810
"Corbin's Air, Water, & Power Solutions, Inc",corbinshvac.com,corbinshvac.com,,,,Huntsville,Alabama,US,35802
Huntsville Electrical Services,huntsvilleelectrical.com,huntsvilleelectrical.com,,,,Huntsville,Alabama,US,35816
Huntsville Electrician Now,huntsvilleelectriciannow.com,huntsvilleelectriciannow.com,,,,Huntsville,Alabama,US,35811
Jesse Stutts Inc,jessestuttsinc.com,jessestuttsinc.com,,,,Huntsville,Alabama,US,35805
K Electric,kelectrichsv.com,kelectrichsv.com,,,,Huntsville,Alabama,US,35811
Mr. Electric of Huntsville,mrelectric.com,mrelectric.com,,,,Huntsville,Alabama,US,35806
PowerCharge Charging Station,powerchargeev.com,powerchargeev.com,,,,Huntsville,Alabama,US,35805
Pro,proelectricinc.net,proelectricinc.net,,,,Huntsville,Alabama,US,35810
SA CLARKSON & CO.LLC,saclarksonllc.com,saclarksonllc.com,,,,Huntsville,Alabama,US,35810
"Stewart Electric Company, Inc.",stewartelectricinc.com,stewartelectricinc.com,,,,Huntsville,Alabama,US,35805
"Stutts Corporation, Inc.",stuttsco.com,stuttsco.com,,,,Huntsville,Alabama,US,35805
Vandergriff Electric,vandergriffelectric.com,vandergriffelectric.com,,,,Huntsville,Alabama,US,35811
Audi Charging Station,audi.com,audi.com,,,,Irondale,Alabama,US,35210
BMW Charging Station,bmwusa.com,bmwusa.com,,,,Irondale,Alabama,US,35210
"Guin Service, LLC",guinservice.com,guinservice.com,,,,Irondale,Alabama,US,35210
Marathon Electrical Contractors,marathonelectrical.com,marathonelectrical.com,,,,Irondale,Alabama,US,35210
Sparkswerks LLC,sparkswerks.net,sparkswerks.net,,,,Irondale,Alabama,US,35210
Current Electrical and Generator Services,gensuperstore.com,gensuperstore.com,,,,Laceys Spring,Alabama,US,35754
A & B Electrical Contractors,abelectricalcontractors.com,abelectricalcontractors.com,,,,Madison,Alabama,US,35758
BIPPEN ELECTRIC INC,bippenelectric.com,bippenelectric.com,,,,Madison,Alabama,US,35757
Heritage Generator LLC,heritagegenerator.com,heritagegenerator.com,,,,Madison,Alabama,US,35758
Madison Electrician Now,madisonelectriciannow.com,madisonelectriciannow.com,,,,Madison,Alabama,US,35758
Urban Electric LLC,urbanelectricllc.net,urbanelectricllc.net,,,,Madison,Alabama,US,35756
Your Electrician,yourelectricianhsv.com,yourelectricianhsv.com,,,,Madison,Alabama,US,35758
Meridianville Electrician Now,meridianvilleelectriciannow.com,meridianvilleelectriciannow.com,,,,Meridianville,Alabama,US,35759
Superior Service Electric,superiorservice247.com,superiorservice247.com,,,,Mt Olive,Alabama,US,35117
Kinsella Electric LLC,kinsellaelectricllc.com,kinsellaelectricllc.com,,,,New Market,Alabama,US,35761
Premier Electrical Service LLC,premierelectricalhsv.com,premierelectricalhsv.com,,,,New Market,Alabama,US,35761
Advanced Electrical Company,advancedelectricalcompany.com,advancedelectricalcompany.com,,,,Pelham,Alabama,US,35124
Douglas Cooling Heating Electrical Plumbing,douglascoolingandheating.com,douglascoolingandheating.com,,,,Pelham,Alabama,US,35124
"Dunn's HVAC, Plumbing, & Electrical",calldunns.com,calldunns.com,,,,Pelham,Alabama,US,35124
Swift Industrial Power,swiftpower.com,swiftpower.com,,,,Pelham,Alabama,US,35124
"Generator Solutions, Inc.",thegenmen.com,thegenmen.com,,,,Pell City,Alabama,US,35128
THM ELECTRICAL AND MAINTENANCE SERVICES LLC,thmelectrical.com,thmelectrical.com,,,,Pell City,Alabama,US,35054
"Auxiliary Power Systems, Inc",auxiliarypowersystems.com,auxiliarypowersystems.com,,,,Remlap,Alabama,US,35133
Titus Electric & Contracting LLC,tituselectric.org,tituselectric.org,,,,Scottsboro,Alabama,US,35768
A-LECTRIC COMPANY & CONTRACTING OF AL,weprovidepower.com,weprovidepower.com,,,,Summerdale,Alabama,US,36580
Electrical Works Inc,electricalrepairhuntsville.com,electricalrepairhuntsville.com,,,,Toney,Alabama,US,35773
"Firefly Electrical, LLC",fireflyelectricalllc.com,fireflyelectricalllc.com,,,,Trussville,Alabama,US,35173
Huffman Electrical Contractor Inc,huffmanelectricalcontractors.net,huffmanelectricalcontractors.net,,,,Trussville,Alabama,US,35173
Legacy Electrical Service,mylegacyelectrical.com,mylegacyelectrical.com,,,,Trussville,Alabama,US,35173
"Liberty Electrical Contractors, LLC",libertyelectricalcontractorsllc.com,libertyelectricalcontractorsllc.com,,,,Trussville,Alabama,US,35173
shane morgan electrical contractor,shanemorganelectricalcontractor.com,shanemorganelectricalcontractor.com,,,,Trussville,Alabama,US,35173
"Sentry Heating, Air Conditioning, Plumbing, & Electrical",sentryheating.com,sentryheating.com,,,,Vestavia Hills,Alabama,US,35243
RLA Power Solutions,rlapowersolutions.com,rlapowersolutions.com,,,,Wetumpka,Alabama,US,36092
"Carr Electrical Systems, LLC",ces-ar.us,ces-ar.us,,,,Benton,Arkansas,US,72019
Eagle Electric,eaglelectric.com,eaglelectric.com,,,,Benton,Arkansas,US,72015
Elite Power Services,elitepowergenerators.com,elitepowergenerators.com,,,,Benton,Arkansas,US,72019
Northside Power,northsidepower.com,northsidepower.com,,,,Benton,Arkansas,US,72019
"Elliott Electrical, Inc.",elliottelectricalinc.com,elliottelectricalinc.com,,,,Bryant,Arkansas,US,72022
Fleming Electric,fleminc.com,fleminc.com,,,,Bryant,Arkansas,US,72022
Nexera Power Group LLC,nexerapowergroup.com,nexerapowergroup.com,,,,Bryant,Arkansas,US,72022
Shelby Electrical Service,shelbyelectric-service.com,shelbyelectric-service.com,,,,Bryant,Arkansas,US,72019
"Tri-State Water, Power, and Air",tristatewhywait.com,tristatewhywait.com,,,,Bryant,Arkansas,US,72022
Carlisle Generator Service,carlislegeneratorservice.com,carlislegeneratorservice.com,,,,Carlisle,Arkansas,US,72024
"Advanced Electrical Services, LLC",advancedelectricalsolutionsar.com,advancedelectricalsolutionsar.com,,,,El Dorado,Arkansas,US,71730
"AEV Electrical | Electricians in Little Rock, AR",aevelectrical.com,aevelectrical.com,,,,Little Rock,Arkansas,US,72202
"AEV Solar | Solar Panel, Generator and Battery Backup Installations Company in Arkansas",aevsolar.com,aevsolar.com,,,,Little Rock,Arkansas,US,72202
Airmasters Inc,airmasters-ar.com,airmasters-ar.com,,,,Little Rock,Arkansas,US,72209
Arkansas Electric Service & Contracting,arkansas-electricservice.com,arkansas-electricservice.com,,,,Little Rock,Arkansas,US,72202
B & K Electrical Contractors,bk-elec.com,bk-elec.com,,,,Little Rock,Arkansas,US,72206
"BR McGinty Plumbing, Heating & Air",brmcginty.com,brmcginty.com,,,,Little Rock,Arkansas,US,72205
Beam Electric,beampowerco.com,beampowerco.com,,,,Little Rock,Arkansas,US,72209
Bert Black - AC Heating Plumbing Electric,bertblack.com,bertblack.com,,,,Little Rock,Arkansas,US,72204
Chr-eyton Inc,chreyton.com,chreyton.com,,,,Little Rock,Arkansas,US,72209
Clark Power Corporation,clarkpower.com,clarkpower.com,,,,Little Rock,Arkansas,US,72204
Delta Wye Group,deltawyegroup.com,deltawyegroup.com,,,,Little Rock,Arkansas,US,72206
Dreamland Investment Properties,dreamlandip.com,dreamlandip.com,,,,Little Rock,Arkansas,US,72223
Entergy,entergy.com,entergy.com,,,,Little Rock,Arkansas,US,72201
Franklin’s Charging Station,franklinscharging.com,franklinscharging.com,,,,Little Rock,Arkansas,US,72205
"Gary Houston Electric Company, Inc.",garyhoustonelectric.com,garyhoustonelectric.com,,,,Little Rock,Arkansas,US,72205
"Generated Energy Solutions, LLC",ges-ar.com,ges-ar.com,,,,Little Rock,Arkansas,US,72103
Generator Supercenter of Little Rock,generatorsupercenteroflittlerock.com,generatorsupercenteroflittlerock.com,,,,Little Rock,Arkansas,US,72211
IK Electric Company,ikelectric.com,ikelectric.com,,,,Little Rock,Arkansas,US,72201
OBE Power Charging Station,obepower.com,obepower.com,,,,Little Rock,Arkansas,US,72211
Omega Solar Energy,omegasolarenergy.com,omegasolarenergy.com,,,,Little Rock,Arkansas,US,72201
"Paschal Air, Plumbing & Electric",gopaschal.com,gopaschal.com,,,,Little Rock,Arkansas,US,72103
Staley Electric,staleyelectric.com,staleyelectric.com,,,,Little Rock,Arkansas,US,72209
"Thompson Electric, Inc.",thompson-electric.com,thompson-electric.com,,,,Little Rock,Arkansas,US,72103
"Wholesale Electric Supply Co., Inc.",netwes.com,netwes.com,,,,Little Rock,Arkansas,US,72209
Add LLC,addelectricllc.com,addelectricllc.com,,,,North Little Rock,Arkansas,US,72118
Advantage Service Company HVAC,advantageserviceco.com,advantageserviceco.com,,,,North Little Rock,Arkansas,US,72114
Anderson & Company Electric,andersonandcoelectric.com,andersonandcoelectric.com,,,,North Little Rock,Arkansas,US,72114
Arnold & Blevins Electric Company,arnoldblevins.com,arnoldblevins.com,,,,North Little Rock,Arkansas,US,72113
Chapman Services,chapmanserviceinc.net,chapmanserviceinc.net,,,,North Little Rock,Arkansas,US,72114
Electrical Solutions of Central Arkansas,electricalsolutionsofcentralarkansas.com,electricalsolutionsofcentralarkansas.com,,,,North Little Rock,Arkansas,US,72113
Globe Electric,globeelectricar.com,globeelectricar.com,,,,North Little Rock,Arkansas,US,72117
Hum's Hardware & Rental,humsnlr.com,humsnlr.com,,,,North Little Rock,Arkansas,US,72114
Innovative Power Solutions,innpower.com,innpower.com,,,,North Little Rock,Arkansas,US,72113
"Nixon Power Services (formerly RP Power, LLC)",nixonpower.com,nixonpower.com,,,,North Little Rock,Arkansas,US,72118
Partners Outdoor Equipment,partnersoutdoorequipment.com,partnersoutdoorequipment.com,,,,North Little Rock,Arkansas,US,72117
TEC Electric,tecelectric.com,tecelectric.com,,,,North Little Rock,Arkansas,US,72113
"Complete Plumbing, Electric & Air",completehomesolutionsar.com,completehomesolutionsar.com,,,,Sherwood,Arkansas,US,72120
Flatiron Electric LLC,flatironelectric.com,flatironelectric.com,,,,Apache Junction,Arizona,US,85119
Trend Electric,trendelectrical.com,trendelectrical.com,,,,Cave Creek,Arizona,US,85331
"Bleuwave Electrical, LLC",phxazelectrician.com,phxazelectrician.com,,,,Chandler,Arizona,US,85286
Cactus Valley Electrical,cactusvalleyelectrical.com,cactusvalleyelectrical.com,,,,Chandler,Arizona,US,85286
"Tucker Hill Air, Plumbing, and Electric - Chandler",tuckerhillaz.com,tuckerhillaz.com,,,,Chandler,Arizona,US,85226
Elan Electric Inc,elanelectricinc.com,elanelectricinc.com,,,,Chino Valley,Arizona,US,86323
Cottonwood Electric Inc.,cottonwoodelectricinc.com,cottonwoodelectricinc.com,,,,Cottonwood,Arizona,US,86326
Lights Out Electric,lightsoutelectric.com,lightsoutelectric.com,,,,El Mirage,Arizona,US,85335
Electrician in Flagstaff AZ,weavermobile.com,weavermobile.com,,,,Flagstaff,Arizona,US,86001
Sandoval Electrical Services LLC,sandovalelectrical.com,sandovalelectrical.com,,,,Fountain Hills,Arizona,US,85268
"State Electrical Contractors, Inc.",stateelectricalcontractors.com,stateelectricalcontractors.com,,,,Fountain Hills,Arizona,US,85268
Johnson Power and Air,johnsonpowerandair.com,johnsonpowerandair.com,,,,Gilbert,Arizona,US,85233
"GEN-TECH: Generator Sales, Rentals, Emergency Service 24/7",gentechusa.com,gentechusa.com,,,,Glendale,Arizona,US,85303
GET LIT® Electrical & Lighting Services LLC,getlitelectrical.com,getlitelectrical.com,,,,Glendale,Arizona,US,85302
Lightning Rod Electric,lightningrodelectricllc.com,lightningrodelectricllc.com,,,,Litchfield Park,Arizona,US,85340
ACT Electric,actelectricians.com,actelectricians.com,,,,Mesa,Arizona,US,85207
Dolce Electric Co,electriciansmesaaz.com,electriciansmesaaz.com,,,,Mesa,Arizona,US,85210
RSB Electrical Inc,rsbelectricalinc.com,rsbelectricalinc.com,,,,Mesa,Arizona,US,85202
T&K Electric Company,tnkelectric.com,tnkelectric.com,,,,Mesa,Arizona,US,85206
The Wire Guy Electric,thewireguyelectric.com,thewireguyelectric.com,,,,Mesa,Arizona,US,85205
Blake Electric LLC,blakeelectricllc.com,blakeelectricllc.com,,,,Oro Valley,Arizona,US,85737
100% Electric,100percentelectric.us,100percentelectric.us,,,,Peoria,Arizona,US,85383
Extra Electrical Inc,extraelectrical.com,extraelectrical.com,,,,Peoria,Arizona,US,85345
"One Shot Installation Electrical, Plumbing & Appliance Repair-Electrician & Plumber Phoenix, AZ.",oneshotinstallation.com,oneshotinstallation.com,,,,Peoria,Arizona,US,85381
24 Hr Valleywide Electric LLC,24hrvalleywideelectric.com,24hrvalleywideelectric.com,,,,Phoenix,Arizona,US,85051
4 Seasons Phoenix Electrical Services,4seasonselectricalservicesphoenix.com,4seasonselectricalservicesphoenix.com,,,,Phoenix,Arizona,US,85040
"ACE Cooling, Heating, Plumbing and Electrical",acehomeaz.com,acehomeaz.com,,,,Phoenix,Arizona,US,85044
ADO Electric LLC,adoelectricllcaz.com,adoelectricllcaz.com,,,,Phoenix,Arizona,US,85043
"Affordable Generator and Power Systems, LLC",affordablegenerator.com,affordablegenerator.com,,,,Phoenix,Arizona,US,85040
Aggreko Energy Solutions - Phoenix,aggreko.com,aggreko.com,,,,Phoenix,Arizona,US,85043
Arizona Discount Electric,arizonadiscountelectric.net,arizonadiscountelectric.net,,,,Phoenix,Arizona,US,85023
"Arizona Electrical Solutions Phoenix, LLC",phoenixarizonaelectrician.com,phoenixarizonaelectrician.com,,,,Phoenix,Arizona,US,85004
Arizona Premier Electric,arizonapremierelectric.com,arizonapremierelectric.com,,,,Phoenix,Arizona,US,85040
Barone Electrical Services Inc,baroneelectric.com,baroneelectric.com,,,,Phoenix,Arizona,US,85022
Cannon & Wendt Electric Co.,cannon-wendt.com,cannon-wendt.com,,,,Phoenix,Arizona,US,85016
Chamberlin Power LLC,chamberlinpower.com,chamberlinpower.com,,,,Phoenix,Arizona,US,85027
Coppertown Electric LLC,coppertownaz.com,coppertownaz.com,,,,Phoenix,Arizona,US,85021
County Electric Co Llc,countyelectricco.com,countyelectricco.com,,,,Phoenix,Arizona,US,85027
ECO Electric LLC,banddelectricllc.com,banddelectricllc.com,,,,Phoenix,Arizona,US,85014
Econolight Electrical,econo-light.com,econo-light.com,,,,Phoenix,Arizona,US,85021
Empire Power Systems,empire-cat.com,empire-cat.com,,,,Phoenix,Arizona,US,85043
George Brazil Plumbing & Electrical,georgebrazilplumbingelectrical.com,georgebrazilplumbingelectrical.com,,,,Phoenix,Arizona,US,85040
Gideon Electric,gideonservicecompany.com,gideonservicecompany.com,,,,Phoenix,Arizona,US,85016
Livewire Electrician LLC - Residential Electrical Services in Phoenix,livewire-electrician.com,livewire-electrician.com,,,,Phoenix,Arizona,US,85048
Ludvik Electric,ludvik.com,ludvik.com,,,,Phoenix,Arizona,US,85034
One Way Electric & Generator,onewayelectric.com,onewayelectric.com,,,,Phoenix,Arizona,US,85085
Parker & Sons,parkerandsons.com,parkerandsons.com,,,,Phoenix,Arizona,US,85040
"Patrick Riley | Isley's Cooling, Heating, Plumbing, & Electrical",patrickrileyservices.com,patrickrileyservices.com,,,,Phoenix,Arizona,US,85034
"Penguin Air, Plumbing & Electrical",penguinair.com,penguinair.com,,,,Phoenix,Arizona,US,85034
"Phoenix Contracting Services, Inc. - Professional Electrical Services",phoenixcontractingservices.com,phoenixcontractingservices.com,,,,Phoenix,Arizona,US,85086
Phoenix Electrician,oeelectricllc.com,oeelectricllc.com,,,,Phoenix,Arizona,US,85009
Phoenix Electricians Today,phoenixelectricianstoday.com,phoenixelectricianstoday.com,,,,Phoenix,Arizona,US,85027
RP Energy Electrical Contractors,rpenergy.co,rpenergy.co,,,,Phoenix,Arizona,US,85032
Rich Electrical Services LLC,richelectricalservices.com,richelectricalservices.com,,,,Phoenix,Arizona,US,85029
"Robco Electric, Inc.",robcoelectric.com,robcoelectric.com,,,,Phoenix,Arizona,US,85024
Simple Electric,simpleelectricaz.com,simpleelectricaz.com,,,,Phoenix,Arizona,US,85014
Star Light Electric LLC,starlightelectricaz.com,starlightelectricaz.com,,,,Phoenix,Arizona,US,85024
TAB Electric,tabelectricaz.com,tabelectricaz.com,,,,Phoenix,Arizona,US,85024
Trust Point Electric and Air,trustpointelectric.com,trustpointelectric.com,,,,Phoenix,Arizona,US,85086
Turbo & Electric Sales & Service,turboandelectricsalesandservice.com,turboandelectricsalesandservice.com,,,,Phoenix,Arizona,US,85009
Turn It On Electric,turnitonelectric.com,turnitonelectric.com,,,,Phoenix,Arizona,US,85027
US Electrical Services,uselectricalservices.co,uselectricalservices.co,,,,Phoenix,Arizona,US,85008
Vale City Electric,valecityelectric.com,valecityelectric.com,,,,Phoenix,Arizona,US,85035
Watt Masters,wattmasters.com,wattmasters.com,,,,Phoenix,Arizona,US,85029
Wellco Electric,wellcoaz.com,wellcoaz.com,,,,Phoenix,Arizona,US,85013
"Allied Electric, Heating & AC Repair",callalliedelectric.com,callalliedelectric.com,,,,Prescott,Arizona,US,86305
Assurance Electrical Services,assuranceelectricalaz.com,assuranceelectricalaz.com,,,,Prescott Valley,Arizona,US,86314
Light Up Electric LLC,lightupelectricphx.net,lightupelectricphx.net,,,,San Tan Valley,Arizona,US,85143
AZ DC Electric,azdcelectric.com,azdcelectric.com,,,,Scottsdale,Arizona,US,85254
All Points Electric AZ LLC,allpointselectricaz.com,allpointselectricaz.com,,,,Scottsdale,Arizona,US,85260
Apollo Electric LLC,apolloelectricaz.com,apolloelectricaz.com,,,,Scottsdale,Arizona,US,85257
Arizona Backup Power,azbackuppower.com,azbackuppower.com,,,,Scottsdale,Arizona,US,85260
Castle Electrical & Lighting,castleaz.com,castleaz.com,,,,Scottsdale,Arizona,US,85260
Colonial Electric,colonialelectricaz.com,colonialelectricaz.com,,,,Scottsdale,Arizona,US,85260
ID ELECTRIC LLC,idelectric-az.com,idelectric-az.com,,,,Scottsdale,Arizona,US,85254
Ignite Electric LLC,ignite-electric.com,ignite-electric.com,,,,Scottsdale,Arizona,US,85260
"Innovative Lighting & Electric, Inc.",lightingaz.com,lightingaz.com,,,,Scottsdale,Arizona,US,85260
MTJ Electric,mtjelectric.com,mtjelectric.com,,,,Scottsdale,Arizona,US,85260
Nexus Electric Service,nexuselectricservice.com,nexuselectricservice.com,,,,Scottsdale,Arizona,US,85260
Sparks by Rabbit LLC,sparksbyrabbit.com,sparksbyrabbit.com,,,,Scottsdale,Arizona,US,85251
Unique Electrical Contractors,uniqueelectrical.com,uniqueelectrical.com,,,,Scottsdale,Arizona,US,85260
General Contracting and Electrical Services LLC,contracting-electrical.com,contracting-electrical.com,,,,Sedona,Arizona,US,86336
Bjelde Electric,bjeldeelectric.com,bjeldeelectric.com,,,,Tempe,Arizona,US,85281
Electrician Pros Tempe,electricianprostempe.com,electricianprostempe.com,,,,Tempe,Arizona,US,85282
Icon Electric LLC,icon-ec.com,icon-ec.com,,,,Tempe,Arizona,US,85281
"Leap Frog Electrical, LLC",leapfrogelectrical.com,leapfrogelectrical.com,,,,Tempe,Arizona,US,85288
Shields Electric Inc.,shieldselectricinc.com,shieldselectricinc.com,,,,Tempe,Arizona,US,85288
TAP and Sons Electric Inc,tapandsons.com,tapandsons.com,,,,Tempe,Arizona,US,85281
"Thunder Valley Electric, LLC",thundervalleyelectric.com,thundervalleyelectric.com,,,,Tempe,Arizona,US,85281
A American Electrical Services,aamericanelectricalservices.com,aamericanelectricalservices.com,,,,Tucson,Arizona,US,85719
American Outdoor Power,americanoutdoorpower.com,americanoutdoorpower.com,,,,Tucson,Arizona,US,85705
Arizona Electric Motor Service,arizonaelectricmotorservice.com,arizonaelectricmotorservice.com,,,,Tucson,Arizona,US,85714
Arizona Electrical Solutions,aztucsonelectricalsolutions.com,aztucsonelectricalsolutions.com,,,,Tucson,Arizona,US,85711
Award Electric LLC,awardelectricllc.com,awardelectricllc.com,,,,Tucson,Arizona,US,85713
Braveheart Electric,braveheartelectric.com,braveheartelectric.com,,,,Tucson,Arizona,US,85730
Buddy & Sons Electric,buddyelectrical.com,buddyelectrical.com,,,,Tucson,Arizona,US,85712
CDB Electrical LLC,cdbelectrical.com,cdbelectrical.com,,,,Tucson,Arizona,US,85710
CGR Development,cgrdevelopment.net,cgrdevelopment.net,,,,Tucson,Arizona,US,85711
"Cascade Electric, Inc.",cascadeelectric.com,cascadeelectric.com,,,,Tucson,Arizona,US,85713
Cornerstone Electrical Contractor,cornerstoneelectricaz.com,cornerstoneelectricaz.com,,,,Tucson,Arizona,US,85719
Desert Generators,desertgeneratorsaz.com,desertgeneratorsaz.com,,,,Tucson,Arizona,US,85714
"Done Rite Services - HVAC, Plumbing, & Electrical",doneritesvcs.com,doneritesvcs.com,,,,Tucson,Arizona,US,85713
Duffy Electrical Contractors,duffyelectric.com,duffyelectric.com,,,,Tucson,Arizona,US,85719
E2 Power & Special Systems Group Inc.,e2power.com,e2power.com,,,,Tucson,Arizona,US,85740
Icon Power,iconpower.com,iconpower.com,,,,Tucson,Arizona,US,85741
Integrity Electrical Service LLC,iestucson.com,iestucson.com,,,,Tucson,Arizona,US,85743
"Intelligent Design Air Conditioning, Plumbing, Solar, & Electric",idesignac.com,idesignac.com,,,,Tucson,Arizona,US,85719
"JMAC Electric, LLC",jmacelectric.com,jmacelectric.com,,,,Tucson,Arizona,US,85705
KRH Electrical,krhelectrical.com,krhelectrical.com,,,,Tucson,Arizona,US,85743
Light The Way Electrical,ltwelectrical.com,ltwelectrical.com,,,,Tucson,Arizona,US,85705
Lytle Electric,lytleelectricaz.com,lytleelectricaz.com,,,,Tucson,Arizona,US,85748
"Plugged In Electric, LLC",pluggedinelectric.us,pluggedinelectric.us,,,,Tucson,Arizona,US,85730
Precision Outdoor Power,precisionoutdoorpowertucson.com,precisionoutdoorpowertucson.com,,,,Tucson,Arizona,US,85716
"Pride Heating, Cooling, Plumbing and Electrical",prideoftucson.com,prideoftucson.com,,,,Tucson,Arizona,US,85739
"Rite Way Heating, Cooling & Plumbing",ritewayac.com,ritewayac.com,,,,Tucson,Arizona,US,85714
Robles Electric Solutions,robleselectric.com,robleselectric.com,,,,Tucson,Arizona,US,85706
SPE Electrical Services,spearizona.com,spearizona.com,,,,Tucson,Arizona,US,85719
Second Gen Electric LLC,secondgenelectric.com,secondgenelectric.com,,,,Tucson,Arizona,US,85746
Sharp Electric LLC,tucsonsharpelectric.com,tucsonsharpelectric.com,,,,Tucson,Arizona,US,85741
Sovereign Electric & HVAC,sovereignllcaz.com,sovereignllcaz.com,,,,Tucson,Arizona,US,85719
Stark Electric Inc.,starkelectric.com,starkelectric.com,,,,Tucson,Arizona,US,85747
"Strongbuilt Plumbing, Air, Solar & Electric",strongbuiltusa.com,strongbuiltusa.com,,,,Tucson,Arizona,US,85714
Sunny Electric,sunnyelectric.co,sunnyelectric.co,,,,Tucson,Arizona,US,85713
"Tucson Electric Solutions, LLC",tucsonelectricsolutions.com,tucsonelectricsolutions.com,,,,Tucson,Arizona,US,85714
Volt Vikings,voltvikings.com,voltvikings.com,,,,Tucson,Arizona,US,85705
Shea Electric,sheaelectricaz.com,sheaelectricaz.com,,,,Vail,Arizona,US,85641
Volts by Dilts,volts-by-dilts.ueniweb.com,volts-by-dilts.ueniweb.com,,,,Vail,Arizona,US,85641
S D Electric,sdelectricinc.com,sdelectricinc.com,,,,,California,US,95351
DNZ Electrical Services,dnzpropertyservices.com,dnzpropertyservices.com,,,,Agoura Hills,California,US,91301
Dr. Sparks Electric,drsparkselectrical.com,drsparkselectrical.com,,,,Agoura Hills,California,US,91301
Dynamic Power Electric Inc,dynamicpowerelectricinc.com,dynamicpowerelectricinc.com,,,,Agoura Hills,California,US,91301
Megawatt Electric Inc,megawatt-electric.com,megawatt-electric.com,,,,Agoura Hills,California,US,91301
Prime Electric,goprimeelectric.com,goprimeelectric.com,,,,Agoura Hills,California,US,91301
Barsell Electrical Services,barsellelectrical.com,barsellelectrical.com,,,,Alamo,California,US,94507
"East Bay Electric, Inc.",eastbayelectricinc.com,eastbayelectricinc.com,,,,Alamo,California,US,94507
Peter Irving Electric Inc,peterirvingelectric.com,peterirvingelectric.com,,,,Alamo,California,US,94507
All Thingz Electric,allthingzelectric.com,allthingzelectric.com,,,,Aliso Viejo,California,US,92656
Altadena Electricians,altadena-electricians.com,altadena-electricians.com,,,,Altadena,California,US,91001
"Vine Electric, Inc.",vineelectric.com,vineelectric.com,,,,Amer Cyn,California,US,94503
"Rock & Sons, Inc.",rockandsons.com,rockandsons.com,,,,Angwin,California,US,94508
Arcadia Electric,arcadia-electric.com,arcadia-electric.com,,,,Arcadia,California,US,91006
Norris Electric Inc.,norris-electric.com,norris-electric.com,,,,Auburn,California,US,95603
American Electrical Services,aeserv.com,aeserv.com,,,,Bakersfield,California,US,93308
Ampere Aces Electrical Services,pavelectric.com,pavelectric.com,,,,Bakersfield,California,US,93308
"Braun Electric Company, Inc.",braunelec.com,braunelec.com,,,,Bakersfield,California,US,93307
"Bronco Electric, Inc.",broncoelectric.com,broncoelectric.com,,,,Bakersfield,California,US,93312
"CJ Logan Pump & Electric, Inc",cjloganpump.com,cjloganpump.com,,,,Bakersfield,California,US,93314
Duke Electric,duke-electrical.com,duke-electrical.com,,,,Bakersfield,California,US,93309
EVCS Charging Station,evcs.com,evcs.com,,,,Bakersfield,California,US,93308
Electrical ASAP,electricalasap.com,electricalasap.com,,,,Bakersfield,California,US,93308
Esys The Energy Control Company,esys.us,esys.us,,,,Bakersfield,California,US,93313
"Gold Coast Electric, Inc.",goldcoastelectric.com,goldcoastelectric.com,,,,Bakersfield,California,US,93312
Green Energy Services,geservices.energy,geservices.energy,,,,Bakersfield,California,US,93313
Greentech Renewables Bakersfield,greentechbakersfield.com,greentechbakersfield.com,,,,Bakersfield,California,US,93305
Inter Faith Electric & Solar,interfaithelectric.com,interfaithelectric.com,,,,Bakersfield,California,US,93301
Jennings Electric,jenningselectric.net,jenningselectric.net,,,,Bakersfield,California,US,93314
LaVerne & Son Electrical A/C & Heating,laverneandson.com,laverneandson.com,,,,Bakersfield,California,US,93313
Lacmore Electric LLC,lacmore.com,lacmore.com,,,,Bakersfield,California,US,93301
Loop Electric,loopelectric.com,loopelectric.com,,,,Bakersfield,California,US,93308
Luna Electric Inc,lunaelectric07.com,lunaelectric07.com,,,,Bakersfield,California,US,93309
McNamee Electric,mcnameeelectric.com,mcnameeelectric.com,,,,Bakersfield,California,US,93304
Monarch Home Services - Bakersfield,monarchhomeexperts.com,monarchhomeexperts.com,,,,Bakersfield,California,US,93301
Next Phase Electric,nextphaseelect.com,nextphaseelect.com,,,,Bakersfield,California,US,93313
PTS Rentals,ptsrentals.com,ptsrentals.com,,,,Bakersfield,California,US,93308
Pacific Power Inc,pacificpowerinc.com,pacificpowerinc.com,,,,Bakersfield,California,US,93308
Pilot EV Charging Station,pilotcompany.com,pilotcompany.com,,,,Bakersfield,California,US,93308
Platt Electric Supply,platt.com,platt.com,,,,Bakersfield,California,US,93308
Power Plus,generatorrentalcentralvalley.com,generatorrentalcentralvalley.com,,,,Bakersfield,California,US,93307
Pro Power Solutions LLC,propowersoln.com,propowersoln.com,,,,Bakersfield,California,US,93311
Quality Heavy Duty Diesel Electric Inc.,qualitydieselelectric.com,qualitydieselelectric.com,,,,Bakersfield,California,US,93308
Rankin Electric,rankinelectric.net,rankinelectric.net,,,,Bakersfield,California,US,93301
Reliance Electrical Solutions,reliance-electrical.com,reliance-electrical.com,,,,Bakersfield,California,US,93308
Schematic Electric LLC,schematicelectricllc.com,schematicelectricllc.com,,,,Bakersfield,California,US,93301
Skycharger Charging Station,skychargers.com,skychargers.com,,,,Bakersfield,California,US,93309
Star Electric,starelectric78.com,starelectric78.com,,,,Bakersfield,California,US,93308
Toolin' Around Handyman Services,toolinaroundhandyman.com,toolinaroundhandyman.com,,,,Bakersfield,California,US,93312
Valley Strong heating & Air conditiong,valleystronghvac.com,valleystronghvac.com,,,,Bakersfield,California,US,93314
WattEV Charging Station,wattev.com,wattev.com,,,,Bakersfield,California,US,93308
Your Neighborhood Handyman,ynhservices.com,ynhservices.com,,,,Bakersfield,California,US,93301
Smith Powerhouse Inc,smithpowerhouseinc.com,smithpowerhouseinc.com,,,,Bellflower,California,US,90706
All Ground Electric,allgroundelectric.com,allgroundelectric.com,,,,Berkeley,California,US,94707
Berkeley Electric,berkeleyelectric.com,berkeleyelectric.com,,,,Berkeley,California,US,94710
Berkeley Electrician Guys,berkeleyelectricianpros.com,berkeleyelectricianpros.com,,,,Berkeley,California,US,94710
Ace Electric,aceelectric.co,aceelectric.co,,,,Beverly Hills,California,US,90210
"CCS, Inc",ccselectric.com,ccselectric.com,,,,Beverly Hills,California,US,90210
Joe's Electric,joeselectric.co,joeselectric.co,,,,Beverly Hills,California,US,90210
Nation Electric & Construction Inc.,nationelectric.com,nationelectric.com,,,,Beverly Hills,California,US,90211
Rapid Electric,relectricla.com,relectricla.com,,,,Beverly Hills,California,US,90210
Seven Electric,sevenelectric.com,sevenelectric.com,,,,Beverly Hills,California,US,90211
"The Electrician, Inc.",humboldtsolar.net,humboldtsolar.net,,,,Burnt Ranch,California,US,95527
Rivian Adventure Network,rivian.com,rivian.com,,,,Buttonwillow,California,US,93206
Trejo Electric,trejo-electric.com,trejo-electric.com,,,,California City,California,US,93505
Economy Lighting and Electric Inc.,economylightingandelectrical.com,economylightingandelectrical.com,,,,Camarillo,California,US,93012
VC Electricians,vcelectricians.com,vcelectricians.com,,,,Camarillo,California,US,93010
Chandler Electric,chandlerelectric.net,chandlerelectric.net,,,,Cameron Park,California,US,95682
Alpha Omega Electric,alphaomegaelectric.org,alphaomegaelectric.org,,,,Campbell,California,US,95008
Pro Circuit Electric,procircuit.generacdealers.com,procircuit.generacdealers.com,,,,Campbell,California,US,95008
Wheyland Electric,wheylandelectric.com,wheylandelectric.com,,,,Carlsbad,California,US,92008
Electrical Solution Services LLC,wshu.net,wshu.net,,,,Carmel,California,US,93923
Carmel Valley Electric,carmelvalleyelectric.com,carmelvalleyelectric.com,,,,Carmel Valley,California,US,93924
Consumer Electric Inc,consumerelectric.net,consumerelectric.net,,,,Carmel-By-The-Sea,California,US,93921
Golden State Electrician,goldenstateelectricians.com,goldenstateelectricians.com,,,,Carmichael,California,US,95608
"Blum & Sons Electric, Inc",blumelectric.com,blumelectric.com,,,,Carpinteria,California,US,93013
Isaac Electric,isaacelectric.com,isaacelectric.com,,,,Carpinteria,California,US,93013
"Powell Electric, Inc.",powellelectricinc.com,powellelectricinc.com,,,,Carpinteria,California,US,93013
Radis Electric,radiselectric.com,radiselectric.com,,,,Carpinteria,California,US,93013
All Electric Phases Inc.,allelectricphases.com,allelectricphases.com,,,,Cathedral City,California,US,92234
Electric Wire Services,electricwireservices.com,electricwireservices.com,,,,Cathedral City,California,US,92234
Gregory Electric,gregoryelectricalservices.com,gregoryelectricalservices.com,,,,Cathedral City,California,US,92234
System Wide Services,systemwideservices.com,systemwideservices.com,,,,Cerritos,California,US,90703
Safe-Way Electric,safewayelectricco.com,safewayelectricco.com,,,,Chino,California,US,91710
Foshay Electric,foshayelectric.com,foshayelectric.com,,,,Chula Vista,California,US,91911
Rooster Electric,roosterelectricco.com,roosterelectricco.com,,,,Citrus Heights,California,US,95610
TNT ELECTRIC CO,tntelectric-co.com,tntelectric-co.com,,,,Citrus Heights,California,US,95610
Hodges Electric Inc.,hodgesinc.com,hodgesinc.com,,,,Clovis,California,US,93612
L T Electric,ltelectric.co,ltelectric.co,,,,Clovis,California,US,93612
Harbor Electrical Services,harborelectricalservices.com,harborelectricalservices.com,,,,Colton,California,US,92324
A.M.B Electrical Services LLC,ambelectricalservices.com,ambelectricalservices.com,,,,Concord,California,US,94521
Cheyenne Electric Inc.,cheyenneelectricinc.com,cheyenneelectricinc.com,,,,Concord,California,US,94520
GAP ELECTRIC,gapelectricinc.com,gapelectricinc.com,,,,Concord,California,US,94520
Got Watts?,gotwatts.com,gotwatts.com,,,,Concord,California,US,94520
Shell Recharge Charging Station,shellrecharge.com,shellrecharge.com,,,,Concord,California,US,94520
Tice Valley Electric Inc.,ticevalleyelectric.com,ticevalleyelectric.com,,,,Concord,California,US,94520
"Total Environmental & Power Systems, Inc.",e-teps.net,e-teps.net,,,,Concord,California,US,94520
"Dorn Electric, Inc",dornelectric.com,dornelectric.com,,,,Corona,California,US,92883
LVE Electrical services,lveservice.com,lveservice.com,,,,Corona,California,US,92883
Specialized Creative Power Electrical,scpowerelectrical.com,scpowerelectrical.com,,,,Corona,California,US,92879
Ascani Electric,ascanielectric.com,ascanielectric.com,,,,Costa Mesa,California,US,92627
Energlobe Electric™,energlobe.net,energlobe.net,,,,Costa Mesa,California,US,92627
Newport Coast Electric,newportcoastelectric.com,newportcoastelectric.com,,,,Costa Mesa,California,US,92627
Oceanfront Electric,oceanfrontelectric.com,oceanfrontelectric.com,,,,Costa Mesa,California,US,92627
Premier Power Electric,premierpowerus.com,premierpowerus.com,,,,Costa Mesa,California,US,92626
Wilson Electric,wilsonelectric.biz,wilsonelectric.biz,,,,Costa Mesa,California,US,92627
Electro-Integrity,electro-integrity.com,electro-integrity.com,,,,Daly City,California,US,94014
Del Mar Electric,jflowelectric.com,jflowelectric.com,,,,Del Mar,California,US,92014
Del Mar Electrician Pros - Electrical Co,electricianincalifornia.com,electricianincalifornia.com,,,,Del Mar,California,US,92014
Del Mar Electricians,delmarelectrician.com,delmarelectrician.com,,,,Del Mar,California,US,92014
Mizo Electric,mizoelectric.com,mizoelectric.com,,,,Del Mar,California,US,92014
Peak Electric,peakelectricllc.net,peakelectricllc.net,,,,Del Mar,California,US,92014
Fox Company Electric llc,foxcompanyelectric.com,foxcompanyelectric.com,,,,Desert Hot Springs,California,US,92240
Able Electric,ableelec.com,ableelec.com,,,,Diamond Springs,California,US,95619
LEI Electrical Contractors INC,leielectricalcontractors.com,leielectricalcontractors.com,,,,Downey,California,US,90241
BAM - Bay Area Maintenance,bayareamaintenance.com,bayareamaintenance.com,,,,East Palo Alto,California,US,94303
"Bay Area Electrical Contractors, Inc.",bayareaelectricalcontractors.com,bayareaelectricalcontractors.com,,,,East Palo Alto,California,US,94303
"Smith Electrical Contractors, Inc.",smithelectricsd.com,smithelectricsd.com,,,,El Cajon,California,US,92020
Big B's Plumbing of San Diego,bigbhomepro.com,bigbhomepro.com,,,,Encinitas,California,US,92024
Encinitas Electricians,encinitaselectricians.com,encinitaselectricians.com,,,,Encinitas,California,US,92024
Schmidt Electric,schmidtelect.com,schmidtelect.com,,,,Encinitas,California,US,92024
Ampere Electric SD,ampereelectricsd.com,ampereelectricsd.com,,,,Escondido,California,US,92026
Dynamic Electric Contractors Inc,dynamicelectricsd.com,dynamicelectricsd.com,,,,Escondido,California,US,92025
ProPhase Electric,prophase-electric.com,prophase-electric.com,,,,Escondido,California,US,92029
Reyff Electric,reyffelectricinc.com,reyffelectricinc.com,,,,Fairfield,California,US,94534
Skylight Electrical Service,skylightelectricalservice.com,skylightelectricalservice.com,,,,Fairfield,California,US,94534
Modernize Power,modernizepower.com,modernizepower.com,,,,Folsom,California,US,95630
Lightland Electric,lightlandelectric.com,lightlandelectric.com,,,,Freedom,California,US,95019
911 Plumbing & Electric INC,911plumbingelectric.com,911plumbingelectric.com,,,,Fresno,California,US,93722
A-C Electric,a-celectric.com,a-celectric.com,,,,Fresno,California,US,93706
Ace Electric,aceelectricfresno.com,aceelectricfresno.com,,,,Fresno,California,US,93711
"Allbritten Heating, Air Conditioning, Plumbing, and Electrical",allbritten.com,allbritten.com,,,,Fresno,California,US,93727
"Apex Air, Heating & Electric",apexgeneralinc.com,apexgeneralinc.com,,,,Fresno,California,US,93706
Bruno Electric Inc.,brunoelectric.us,brunoelectric.us,,,,Fresno,California,US,93722
Caltrans Charging Station,dot.ca.gov,dot.ca.gov,,,,Fresno,California,US,93728
Champion Electric,championelectricfresno.com,championelectricfresno.com,,,,Fresno,California,US,93722
City Service Lighting,cityservicefresno.com,cityservicefresno.com,,,,Fresno,California,US,93728
Cosmic Comfort Electrical & HVAC,cosmiccomfort.com,cosmiccomfort.com,,,,Fresno,California,US,93711
Electric Motor Shop,electricmotorshop.com,electricmotorshop.com,,,,Fresno,California,US,93721
Electrical Power Source,electricalpowersourceinc.com,electricalpowersourceinc.com,,,,Fresno,California,US,93706
Ernco Electric Inc.,erncoelectric.com,erncoelectric.com,,,,Fresno,California,US,93711
Fresno Ag Hardware,fresnoag.com,fresnoag.com,,,,Fresno,California,US,93726
Good Guy Electric and Solar,goodguyelectricandsolar.com,goodguyelectricandsolar.com,,,,Fresno,California,US,93720
Imperial Electric Service,imperialelectricservice.com,imperialelectricservice.com,,,,Fresno,California,US,93725
Industrial Electrical Co,industrialelectricalco.com,industrialelectricalco.com,,,,Fresno,California,US,93727
Intertie Charging Station,intertie.com,intertie.com,,,,Fresno,California,US,93727
Martin Electrical & Lighting Inc,martinelectrical.org,martinelectrical.org,,,,Fresno,California,US,93727
"Merlo Electric, Inc.",merloelectricinc.com,merloelectricinc.com,,,,Fresno,California,US,93727
On Call Electrical,flonew.com,flonew.com,,,,Fresno,California,US,93721
Quality Home Services,qualityhomeservices.com,qualityhomeservices.com,,,,Fresno,California,US,93726
Reliant Electrical and Automation Inc.,reliant.services,reliant.services,,,,Fresno,California,US,93704
Rex Moore Electrical & Systems Contractors & Engineers,rexmoore.com,rexmoore.com,,,,Fresno,California,US,93727
Right Method Electric llc,rightmethodelectric.com,rightmethodelectric.com,,,,Fresno,California,US,93711
Sebastian | Internet | Electrical | Security,sebastiancorp.com,sebastiancorp.com,,,,Fresno,California,US,93711
Selsor Electric,selsorelectric.com,selsorelectric.com,,,,Fresno,California,US,93722
Sunergy Electric Services,sunergyelectricservices.com,sunergyelectricservices.com,,,,Fresno,California,US,93706
Superior Watts Electric Inc,superwattelec.com,superwattelec.com,,,,Fresno,California,US,93720
Tri County Electric,tricountyelectric.biz,tricountyelectric.biz,,,,Fresno,California,US,93725
Whole House Fan Company,fresnowholehousefan.com,fresnowholehousefan.com,,,,Fresno,California,US,93722
"Wild Electric, Inc.",wildelectric.com,wildelectric.com,,,,Fresno,California,US,93702
Bay City Electric Works,bcew.com,bcew.com,,,,Galt,California,US,95632
"Santa Fe Electric, Inc",santafecoil.com,santafecoil.com,,,,Garden Grove,California,US,92841
Advance Electric,advancelectric.com,advancelectric.com,,,,Goleta,California,US,93117
Agoura Hills Electrician Service,agourahillselectricianservice.com,agourahillselectricianservice.com,,,,Goleta,California,US,93117
Positively Electrical,positivelyelectrical.com,positivelyelectrical.com,,,,Goleta,California,US,93117
Todd Peters Electric,toddpeterselectricriverside.com,toddpeterselectricriverside.com,,,,Grand Terrace,California,US,92313
Empire Energy Inc.,empireenergyinc.com,empireenergyinc.com,,,,Grass Valley,California,US,95945
High Sierra Electric & Generators,highsierraelectric.net,highsierraelectric.net,,,,Grass Valley,California,US,95945
A-EV Installs,ev-installs.com,ev-installs.com,,,,Huntington Beach,California,US,92646
All City Electric,allcityelectrichb.com,allcityelectrichb.com,,,,Huntington Beach,California,US,92647
Blanusa Electric,blanusaelectric.com,blanusaelectric.com,,,,Huntington Beach,California,US,92646
Gomez Electric,gomezelectric.com,gomezelectric.com,,,,Huntington Beach,California,US,92646
JP Electrical Solutions,jpelectricalsolu.com,jpelectricalsolu.com,,,,Huntington Beach,California,US,92647
Makena Electric,makenaelectric.com,makenaelectric.com,,,,Huntington Beach,California,US,92646
Premier Electrical Services,premierelectricals.com,premierelectricals.com,,,,Huntington Beach,California,US,92648
Redline Electric,redlineelectricoc.com,redlineelectricoc.com,,,,Huntington Beach,California,US,92647
Reliance Electric,reliancelectric.com,reliancelectric.com,,,,Imperial Beach,California,US,91932
"Desert Elite Electric & Construction, Inc.",deserteliteelectric.com,deserteliteelectric.com,,,,Indio,California,US,92201
No Shorts Electrical Services,noshortselectrical.com,noshortselectrical.com,,,,Indio,California,US,92203
Vintage Electric,vintageelectric.us,vintageelectric.us,,,,Indio,California,US,92201
Zoom Electricians,zoomelectricians.com,zoomelectricians.com,,,,Indio,California,US,92201
Ace Electric,aceoc.com,aceoc.com,,,,Irvine,California,US,92620
BeniteX Electric,benitexelectric.com,benitexelectric.com,,,,Irvine,California,US,92602
City First Electric,cityfirstelectric.com,cityfirstelectric.com,,,,Irvine,California,US,92618
FixaCal Electrician,fixacal.com,fixacal.com,,,,Irvine,California,US,92619
Generator Supercenter of Greater Orange County,generatorsupercenteroforangecounty.com,generatorsupercenteroforangecounty.com,,,,Irvine,California,US,92614
Haveco Electric,havecoinc.com,havecoinc.com,,,,Irvine,California,US,92618
Installationpro,myinstallationpro.com,myinstallationpro.com,,,,Irvine,California,US,92612
Irvine Complex Electricians,irvinecomplexelectricians.com,irvinecomplexelectricians.com,,,,Irvine,California,US,92614
Irvine Electrician - Licensed (#597080),irvineelectrician.net,irvineelectrician.net,,,,Irvine,California,US,92614
Irvine Tech Electric,irvinetechelectric.com,irvinetechelectric.com,,,,Irvine,California,US,92618
Johnny Electric,johnnyelectric.com,johnnyelectric.com,,,,Irvine,California,US,92604
"L.U. Electric, Inc.",luelectricinc.com,luelectricinc.com,,,,Irvine,California,US,92614
O'Hagan Electric,ohaganelectricians.com,ohaganelectricians.com,,,,Irvine,California,US,92618
OC Electricians,oc-electricians.com,oc-electricians.com,,,,Irvine,California,US,92612
Ocean General Electric,oceangeneralelectric.com,oceangeneralelectric.com,,,,Irvine,California,US,92604
Qmerit - EV Charger Installation & Home Electrical Services,qmerit.com,qmerit.com,,,,Irvine,California,US,92618
"S.E. Electrical Services, Inc.",myseelectric.com,myseelectric.com,,,,Irvine,California,US,92620
Sam Handyman General Services,samhandymangeneralservices.com,samhandymangeneralservices.com,,,,Irvine,California,US,92620
Super Power Electric,superpowerelectric.com,superpowerelectric.com,,,,Irvine,California,US,92604
‎‎M‎‎‎‎a‎‎r‎‎‎‎v‎‎e‎‎‎‎l E‎‎l‎‎e‎‎‎‎c‎‎t‎‎r‎‎i‎‎c‎‎i‎‎a‎‎‎‎ns,marvelelectricians.com,marvelelectricians.com,,,,Irvine,California,US,92620
Powers Electric and Solar Energy Solutions,powers-electric.com,powers-electric.com,,,,Jackson,California,US,95642
SC Electric Inc,scelectric-ca.com,scelectric-ca.com,,,,Jamul,California,US,91935
L&L Electrical Solutions,landlelectricalsolutions.com,landlelectricalsolutions.com,,,,Jurupa Valley,California,US,91752
"Mr. Poppy Air, Electric, and Heating",callmrpoppy.com,callmrpoppy.com,,,,Kensington,California,US,94708
All Star Electric,allstarelectric.us,allstarelectric.us,,,,Kenwood,California,US,95452
AJ's Electric Inc.,ajselectricsolutions.com,ajselectricsolutions.com,,,,Kings Beach,California,US,96143
First Electric,firstelectric.pro,firstelectric.pro,,,,La Mirada,California,US,90638
"Laguna Electric , Inc",lagunaelectricinc.com,lagunaelectricinc.com,,,,Laguna Beach,California,US,92651
Armes Electric Inc,armeselectric.com,armeselectric.com,,,,Laguna Hills,California,US,92653
Gerhard Electric,gerhardelectric.com,gerhardelectric.com,,,,Laguna Hills,California,US,92653
Electric Medics,electricmedics.com,electricmedics.com,,,,Laguna Niguel,California,US,92677
Hi Power Electric,hipowerelectric.net,hipowerelectric.net,,,,Laguna Niguel,California,US,92677
Arya Electric,aryaelectric.com,aryaelectric.com,,,,Laguna Woods,California,US,92637
ASL Electric Inc,aslelectric.com,aslelectric.com,,,,Lake Forest,California,US,92630
Arce Electric,arceelectric.com,arceelectric.com,,,,Lakeside,California,US,92040
Benson Electric,bensonelectricsd.com,bensonelectricsd.com,,,,Lakeside,California,US,92040
Wilson Electric,welightit.com,welightit.com,,,,Lakewood,California,US,90713
7Charge,7-eleven.com,7-eleven.com,,,,Long Beach,California,US,90813
Beacon Electric,beaconelectricca.com,beaconelectricca.com,,,,Long Beach,California,US,90815
Belmont Shore Electrician,belmontshoreelectrician.com,belmontshoreelectrician.com,,,,Long Beach,California,US,90803
Burton's Electric,burtonselectric.com,burtonselectric.com,,,,Long Beach,California,US,90810
Duthie Power Services,duthiepower.com,duthiepower.com,,,,Long Beach,California,US,90805
EV Range Charging Station,evrange.com,evrange.com,,,,Long Beach,California,US,90815
Electric Construction Co,a1ecco.com,a1ecco.com,,,,Long Beach,California,US,90805
Electrical Work Any,electricalworkany.com,electricalworkany.com,,,,Long Beach,California,US,90814
Forum Mobility Charging Station,forummobility.com,forummobility.com,,,,Long Beach,California,US,90802
GM Electric Tech,gmelectrictech.com,gmelectrictech.com,,,,Long Beach,California,US,90805
GR Repair & Maintenance,grrepairmaintenance.com,grrepairmaintenance.com,,,,Long Beach,California,US,90814
GRT Electric,grt-electric.net,grt-electric.net,,,,Long Beach,California,US,90808
Karmic Electrical,karmicelectrical.com,karmicelectrical.com,,,,Long Beach,California,US,90814
Local Trusted Electricians,localtrustedelectricians.com,localtrustedelectricians.com,,,,Long Beach,California,US,90813
Mario Castillo Electric,mariocastilloelectric.com,mariocastilloelectric.com,,,,Long Beach,California,US,90802
Molina Electrical and Repair,molinaelectrical.com,molinaelectrical.com,,,,Long Beach,California,US,90813
"Monkey Wrench Plumbing, Heating, Air & Electric",monkeywrenchplumbers.com,monkeywrenchplumbers.com,,,,Long Beach,California,US,90807
New Light Electric,newlightcompany.com,newlightcompany.com,,,,Long Beach,California,US,90808
Victor White Handyman,victorwhitehandyman.com,victorwhitehandyman.com,,,,Long Beach,California,US,90804
Blue Moon Electrical,bluemoonelectrical.com,bluemoonelectrical.com,,,,Los Alamitos,California,US,90720
"Leone Electric, Inc",leoneelectric.com,leoneelectric.com,,,,Los Alamitos,California,US,90720
2M Electric Inc,2m-electric.com,2m-electric.com,,,,Los Angeles,California,US,90035
A Custom Electric,acustomelectric.com,acustomelectric.com,,,,Los Angeles,California,US,90048
A Lighting Inc,offers.alightinginc.com,offers.alightinginc.com,,,,Los Angeles,California,US,91342
Alex & Alex Electrical Services,alexelectrician.com,alexelectrician.com,,,,Los Angeles,California,US,90034
Alhambra Electrical Home Repair,alhambraelectricalhomerepair.com,alhambraelectricalhomerepair.com,,,,Los Angeles,California,US,90032
All American Generator Services,allamericangenerator.com,allamericangenerator.com,,,,Los Angeles,California,US,91311
All in electrical,allinelectrical.com,allinelectrical.com,,,,Los Angeles,California,US,90732
Americano Electrical Solutions LLC,americanoelectrical.com,americanoelectrical.com,,,,Los Angeles,California,US,90011
Ampworx Electric,ampworxelectric.com,ampworxelectric.com,,,,Los Angeles,California,US,90034
Best Electric Pros Hollywood,bestelectricproshollywood.com,bestelectricproshollywood.com,,,,Los Angeles,California,US,90028
Beverly Electrician Service,beverlygroveelectricianservice.com,beverlygroveelectricianservice.com,,,,Los Angeles,California,US,90048
Beverly Hills Electrician Pros,beverly-hills-electrician-pros.com,beverly-hills-electrician-pros.com,,,,Los Angeles,California,US,90035
Branover Contractors Inc,branovercontractors.com,branovercontractors.com,,,,Los Angeles,California,US,90068
Brentwood Electrical Contractors,brentwoodelectrical.com,brentwoodelectrical.com,,,,Los Angeles,California,US,90025
Bright City Electrical,brightcityelectrical.com,brightcityelectrical.com,,,,Los Angeles,California,US,91403
Daylight Electric Inc.,daylightelectric.com,daylightelectric.com,,,,Los Angeles,California,US,90036
Diamond Electrical,diamond-electrical.com,diamond-electrical.com,,,,Los Angeles,California,US,90037
Digico IT,digicowiring.com,digicowiring.com,,,,Los Angeles,California,US,90025
Dynamic Power Group,dpgcontractors.com,dpgcontractors.com,,,,Los Angeles,California,US,90034
Eagle Rock Electricians,eaglerockelectricians.com,eaglerockelectricians.com,,,,Los Angeles,California,US,90041
Electricians Service Team,electriciansserviceteam.com,electriciansserviceteam.com,,,,Los Angeles,California,US,90049
Elite Generators Inc.,elitegeneratorsinc.com,elitegeneratorsinc.com,,,,Los Angeles,California,US,91304
Express Electrical Services,expresselectricalservices.com,expresselectricalservices.com,,,,Los Angeles,California,US,90022
First Choice Electricians,firstchoiceelectriciansla.com,firstchoiceelectriciansla.com,,,,Los Angeles,California,US,90013
Fox Electric | Electricians Los Angeles CA,foxelectrictech.com,foxelectrictech.com,,,,Los Angeles,California,US,90004
Go Pro Electric,gopro-electric.com,gopro-electric.com,,,,Los Angeles,California,US,91606
Greg The Electrician,gregtheelectrician.co,gregtheelectrician.co,,,,Los Angeles,California,US,90071
Hollywood Hills Best Electricians,hollywoodhillsbestelectricians.com,hollywoodhillsbestelectricians.com,,,,Los Angeles,California,US,90028
Infinity Electrical,infinityelectricalca.com,infinityelectricalca.com,,,,Los Angeles,California,US,91335
JM2 Generator Repair LLC,jm2generatorrepair.com,jm2generatorrepair.com,,,,Los Angeles,California,US,91605
LA Mobile Generator Repair,lamobilerepair.weebly.com,lamobilerepair.weebly.com,,,,Los Angeles,California,US,90028
LAD Electric,lad-electric.us,lad-electric.us,,,,Los Angeles,California,US,90731
LADWP Charging Station,ladwp.com,ladwp.com,,,,Los Angeles,California,US,90012
LT Generators,ltgenerators.com,ltgenerators.com,,,,Los Angeles,California,US,91411
LightWorks Electrical Services,lightworkselectrical.com,lightworkselectrical.com,,,,Los Angeles,California,US,90036
Loop Charging Station,loopglobal.com,loopglobal.com,,,,Los Angeles,California,US,90012
Louie Electric,louieelectric.com,louieelectric.com,,,,Los Angeles,California,US,90032
Noble Electric,nobleelectric.co,nobleelectric.co,,,,Los Angeles,California,US,90034
Palisades Electric,palisadeselectric.com,palisadeselectric.com,,,,Los Angeles,California,US,90272
Powell Electric,powell-electric.com,powell-electric.com,,,,Los Angeles,California,US,90016
Power Plus Electrical,powerplusservices.com,powerplusservices.com,,,,Los Angeles,California,US,90021
"Powerfull Electric, Inc.",powerfullelectric.com,powerfullelectric.com,,,,Los Angeles,California,US,90019
Prime Charge Electric Inc.,primechargeelectric.com,primechargeelectric.com,,,,Los Angeles,California,US,90031
"Pro-Amp Electric, Inc.",pro-ampelectric.com,pro-ampelectric.com,,,,Los Angeles,California,US,90002
Quality Electrical Services Inc.,qualityelectricalservicesinc.com,qualityelectricalservicesinc.com,,,,Los Angeles,California,US,90006
RF ELECTRICIAN INC,rfelectricianinc.us,rfelectricianinc.us,,,,Los Angeles,California,US,90029
Sloan Electric LLC,sloanelectricllc.com,sloanelectricllc.com,,,,Los Angeles,California,US,90025
Smart electric inc,smartelectricinc.org,smartelectricinc.org,,,,Los Angeles,California,US,90036
SparkCore Handyman Services,sparkcorehandyman.com,sparkcorehandyman.com,,,,Los Angeles,California,US,90010
Stan The Electrician,stantheelectrician.co,stantheelectrician.co,,,,Los Angeles,California,US,90272
Turn Electric,turnelectric.com,turnelectric.com,,,,Los Angeles,California,US,91344
Y & B Electric & Plumbing,yandbelectricandplumbing.com,yandbelectricandplumbing.com,,,,Los Angeles,California,US,90013
fjo-all-electric,fjoallelectric.com,fjoallelectric.com,,,,Los Angeles,California,US,90003
Bingo Electric,bingoelectric.com,bingoelectric.com,,,,Los Gatos,California,US,95033
2911 Contractors LLC,2911contractorsllc.com,2911contractorsllc.com,,,,Madera,California,US,93636
Electrical Land,electricalland.com,electricalland.com,,,,Malibu,California,US,90265
Hart's Electric Services & Repair,bobhartselectric.com,bobhartselectric.com,,,,Malibu,California,US,90265
Peak Power Electric,peakpowerelectric.com,peakpowerelectric.com,,,,Malibu,California,US,90265
Pro Electric In Malibu,proelectricinmalibu.com,proelectricinmalibu.com,,,,Malibu,California,US,90265
Tri Star Electric & Automation,tristarelectricca.com,tristarelectricca.com,,,,Malibu,California,US,90265
Unilight Wholesale Electric,unilightelectric.com,unilightelectric.com,,,,Malibu,California,US,90265
The Reel Electric Company,reelelectric.com,reelelectric.com,,,,March Air Reserve Base,California,US,92518
CD & Power,gotpower.com,gotpower.com,,,,Martinez,California,US,94553
Hein Lighting & Electric Inc,heinelectric.com,heinelectric.com,,,,Martinez,California,US,94553
RB Electrical Service,rbelectricalservice.com,rbelectricalservice.com,,,,Menifee,California,US,92584
ABC Service,abcbayarea.com,abcbayarea.com,,,,Menlo Park,California,US,94025
Arias F Electric Inc,ariasfelectricinc.com,ariasfelectricinc.com,,,,Menlo Park,California,US,94025
Bay Lighting and Power,baypowercompany.com,baypowercompany.com,,,,Menlo Park,California,US,94025
Current Electric,carlsoncurrentelectric.com,carlsoncurrentelectric.com,,,,Menlo Park,California,US,94025
Go Brilliant Electric,electricianmenlopark.com,electricianmenlopark.com,,,,Menlo Park,California,US,94025
ARC Electrical Services,arc-electric.com,arc-electric.com,,,,Milpitas,California,US,95035
American Service Alliance,americanservicealliance.com,americanservicealliance.com,,,,Montecito,California,US,93108
Nick The Electrician,nicktheelectrician.co,nicktheelectrician.co,,,,Moorpark,California,US,93021
"RR Electric, Heating & Air",rrelectrichvac.com,rrelectrichvac.com,,,,Moorpark,California,US,93021
JC Electric Solutions,jcelectricsolutions.com,jcelectricsolutions.com,,,,Moraga,California,US,94556
California Power & Light,cplelectric.pro,cplelectric.pro,,,,Morgan Hill,California,US,95037
Copello Electric Company,copelloelectric.com,copelloelectric.com,,,,Mountain View,California,US,94043
New System Electrical Services,newsystemelectrical.com,newsystemelectrical.com,,,,Mountain View,California,US,94043
Nova Electric Inc,novaelectricians.com,novaelectricians.com,,,,Mountain View,California,US,94043
Royal Building Services,royalbuildingservices.com,royalbuildingservices.com,,,,Mountain View,California,US,94040
STAR Home Electric,starhomeelectric.com,starhomeelectric.com,,,,Mountain View,California,US,94040
Stanford Electric Works,stanfordelectricworks.com,stanfordelectricworks.com,,,,Mountain View,California,US,94040
"TDN Electric, Inc.",tdnelectric.com,tdnelectric.com,,,,Mountain View,California,US,94043
Direct Electric Company,directelectricco.com,directelectricco.com,,,,Murrieta,California,US,92562
"AdamEck HVAC, Inc",adameckhvac.com,adameckhvac.com,,,,Napa,California,US,94558
CED Napa,cednapa.portalced.com,cednapa.portalced.com,,,,Napa,California,US,94558
CK Electrical Inc.,ckelectricalinc.com,ckelectricalinc.com,,,,Napa,California,US,94558
Dkb Electric,dkbelectricinc.com,dkbelectricinc.com,,,,Napa,California,US,94558
Fuse HVAC & Appliance Repair Napa,fusenapa.com,fusenapa.com,,,,Napa,California,US,94559
Hyatt Electric Co,hyattelectric.com,hyattelectric.com,,,,Napa,California,US,94559
I.B.E.W. Local 180,ibewlu180.org,ibewlu180.org,,,,Napa,California,US,94558
JB Plumbing Services,jbplumbingservices-ca.com,jbplumbingservices-ca.com,,,,Napa,California,US,94558
Josh Begin,begintobuild.com,begintobuild.com,,,,Napa,California,US,94558
Long Electric,longelectric.com,longelectric.com,,,,Napa,California,US,94558
MEL Electric,melelectricinc.com,melelectricinc.com,,,,Napa,California,US,94558
Manco,mancocontrols.com,mancocontrols.com,,,,Napa,California,US,94558
"Myles Davis Electric, Inc.",mylesdaviselectric.com,mylesdaviselectric.com,,,,Napa,California,US,94558
Napa Electric,napaelectric.com,napaelectric.com,,,,Napa,California,US,94558
Ortiz Electric,ortiz-electric.com,ortiz-electric.com,,,,Napa,California,US,94558
Silverado Electric,silveradoelectricnapa.com,silveradoelectricnapa.com,,,,Napa,California,US,94559
Solano-Napa JATC,jatclu180.org,jatclu180.org,,,,Napa,California,US,94558
Thern Electric,thernelectric.com,thernelectric.com,,,,Napa,California,US,94559
Woolys Electric Inc,woolyselectric.com,woolyselectric.com,,,,Napa,California,US,94558
RTL ELECTRIC,rtlelectricsouthbay.com,rtlelectricsouthbay.com,,,,National City,California,US,91950
49ER Electric,49erelectric.com,49erelectric.com,,,,Nevada City,California,US,95959
Alectric Co,alectricco.com,alectricco.com,,,,Newport Beach,California,US,92660
Bayside Electrical Contractors,baysideelectricalcontractors.com,baysideelectricalcontractors.com,,,,Newport Beach,California,US,92625
EUC Electrical,eucelectrical.bolt.host,eucelectrical.bolt.host,,,,Newport Beach,California,US,92660
MAT Electric,matelectricservice.com,matelectricservice.com,,,,Newport Beach,California,US,92660
Momentum Electrical Contractors,momentumelectricalcontractors.com,momentumelectricalcontractors.com,,,,Newport Beach,California,US,92660
Pelican Coast Electric,pelicancoastelectric.com,pelicancoastelectric.com,,,,Newport Beach,California,US,92663
Rocket Certified Electrician,rocketcertifiedelectrician.com,rocketcertifiedelectrician.com,,,,Newport Beach,California,US,92660
San Joaquin Hills Electricians,sanjoaquinhillselectricians.com,sanjoaquinhillselectricians.com,,,,Newport Beach,California,US,92657
Shatter Electrical Contractors,shatterelectricalcontractors.com,shatterelectricalcontractors.com,,,,Newport Beach,California,US,92660
Lambert Electric,toddlambertelectric.com,toddlambertelectric.com,,,,Oak View,California,US,93022
Arechiga Power,arechigapower.com,arechigapower.com,,,,Oakland,California,US,94603
Ava Charge Fast Charging Station,avaenergy.org,avaenergy.org,,,,Oakland,California,US,94612
BMW Destination Charging Station,bmw.de,bmw.de,,,,Oakland,California,US,94612
Boyes Electric Inc.,boyeselectricservices.com,boyeselectricservices.com,,,,Oakland,California,US,94621
Darius Kraus Electric Lic# 815944,dariuskrauselectric.com,dariuskrauselectric.com,,,,Oakland,California,US,94605
EV Charger Expert,evchargerexpert.com,evchargerexpert.com,,,,Oakland,California,US,94602
EV Electrical,temtechla.com,temtechla.com,,,,Oakland,California,US,94601
Electric Vehicle Charging Station,fastcharge.me,fastcharge.me,,,,Oakland,California,US,94606
Fampeca Electric & Construction Inc.,fampecaelectric.com,fampecaelectric.com,,,,Oakland,California,US,94605
Five Or Free Electrical Heating & Air Solutions,5orfreeelectrical.com,5orfreeelectrical.com,,,,Oakland,California,US,94611
Gill's Electric,gillselectric.com,gillselectric.com,,,,Oakland,California,US,94607
Kardon Electric Company Inc,kardonelectric.com,kardonelectric.com,,,,Oakland,California,US,94607
Megaton Electric,megatonelectric.com,megatonelectric.com,,,,Oakland,California,US,94603
Micah Electric Co.,micahelectric.co,micahelectric.co,,,,Oakland,California,US,94602
Momentum Electrical Contractors,momentum-electric.com,momentum-electric.com,,,,Oakland,California,US,94608
Oakland Electrician Guys,oaklandelectricianguys.com,oaklandelectricianguys.com,,,,Oakland,California,US,94601
PJ Erwin Electric,pjerwinelectric.com,pjerwinelectric.com,,,,Oakland,California,US,94602
Psl Electric,pslelectricoakland.com,pslelectricoakland.com,,,,Oakland,California,US,94619
U-Save Power Equipment,usavepowerequipment.com,usavepowerequipment.com,,,,Oakland,California,US,94605
VoltGuard Electric & Security,voltguardbay.com,voltguardbay.com,,,,Oakland,California,US,94607
Williams Electric,geoffwilliamselectric.com,geoffwilliamselectric.com,,,,Oakland,California,US,94611
my OAKLAND ELECTRICIAN,myoaklandelectrician.com,myoaklandelectrician.com,,,,Oakland,California,US,94612
Electric Generator Depot,electricgeneratordepot.com,electricgeneratordepot.com,,,,Ontario,California,US,91764
Generator Supercenter of Inland Empire,generatorsupercenterofinlandempire.com,generatorsupercenterofinlandempire.com,,,,Ontario,California,US,91761
Berk's Electrical & Lighting,berkselectrical.com,berkselectrical.com,,,,Orange,California,US,92866
ProPower Electric,propowerelectricco.com,propowerelectricco.com,,,,Orange,California,US,92865
Sinclair Electric - 24/7 Electrician Services,venturalocalelectric.com,venturalocalelectric.com,,,,Oxnard,California,US,93033
"M.I.C. Electric, Inc.",micelectric.com,micelectric.com,,,,Pacheco,California,US,94553
"Bradley Electric, Inc",bradley-electricinc.com,bradley-electricinc.com,,,,Palm Desert,California,US,92211
"Grayco Electric, Inc.",grayco-electric.com,grayco-electric.com,,,,Palm Desert,California,US,92211
Hill Electric Inc.,electricianpalmdesert.com,electricianpalmdesert.com,,,,Palm Desert,California,US,92211
Innovative Outdoor Lighting and Audio,io-lightingandaudio.com,io-lightingandaudio.com,,,,Palm Desert,California,US,92260
Legends Electric Inc.,legends-electric.com,legends-electric.com,,,,Palm Desert,California,US,92211
Mohr Electric,mohrelectric.net,mohrelectric.net,,,,Palm Desert,California,US,92211
Palmer Electric,palmerelectricco.com,palmerelectricco.com,,,,Palm Desert,California,US,92260
Rangel Electric,rangelelectric.com,rangelelectric.com,,,,Palm Desert,California,US,92211
SG Electrical and Solar,sgelectricalusa.com,sgelectricalusa.com,,,,Palm Desert,California,US,92211
See the Light,seethelightelectric.com,seethelightelectric.com,,,,Palm Desert,California,US,92260
SoCal Electrical & Lighting,socalelectricalandlighting.com,socalelectricalandlighting.com,,,,Palm Desert,California,US,92211
"Brudvik, Inc",brudvikelectric.com,brudvikelectric.com,,,,Palm Springs,California,US,92264
Cockrell Electric,cockrellelectric.com,cockrellelectric.com,,,,Palm Springs,California,US,92264
Corea's Auto Electric,coreasautoelectric.com,coreasautoelectric.com,,,,Palm Springs,California,US,92262
Desert Electric Supply,desertelectric.com,desertelectric.com,,,,Palm Springs,California,US,92264
ElectricMan Contractor,electricmanpalmsprings.com,electricmanpalmsprings.com,,,,Palm Springs,California,US,92262
GSR Electric,agent-69e97a7e741b98--imaginative-tulumba-ca37bf.netlify.app,agent-69e97a7e741b98--imaginative-tulumba-ca37bf.netlify.app,,,,Palm Springs,California,US,92262
High Voltage Electrical,highvoltage-electrical.com,highvoltage-electrical.com,,,,Palm Springs,California,US,92262
On Call Electrical,yolineup.com,yolineup.com,,,,Palm Springs,California,US,92262
Red Electricians,redelectricians.com,redelectricians.com,,,,Palm Springs,California,US,92262
Aziz Construction,azizconstruction.com,azizconstruction.com,,,,Palo Alto,California,US,94306
Bay Valley Electric,bayvalleyelectric.com,bayvalleyelectric.com,,,,Palo Alto,California,US,94301
Energize California,energizecalifornia.net,energizecalifornia.net,,,,Palo Alto,California,US,94303
Excellent Repair,excellent-repair-hvac-services.com,excellent-repair-hvac-services.com,,,,Palo Alto,California,US,94301
J.E.O. Electric Corp. (Electrical Contractor),jeoelectric.com,jeoelectric.com,,,,Palo Alto,California,US,94303
LumElec LLC,lumelec.net,lumelec.net,,,,Palo Alto,California,US,94303
O'Connor & Sons Electric,paloaltoelectric.com,paloaltoelectric.com,,,,Palo Alto,California,US,94303
Palo Alto Plumber Co,paloaltoplumberco.com,paloaltoplumberco.com,,,,Palo Alto,California,US,94306
PowerFlex Charging Station,opf.energy,opf.energy,,,,Palo Alto,California,US,94303
ProFlow Plumber Palo Alto,v0-proflowplumberpaloalto.vercel.app,v0-proflowplumberpaloalto.vercel.app,,,,Palo Alto,California,US,94301
SmartHome Appliances & HVAC,smarthome-appliance.com,smarthome-appliance.com,,,,Palo Alto,California,US,94303
Wong Electric Inc.,wongelectric.com,wongelectric.com,,,,Palo Alto,California,US,94303
"Antey Air Conditioning, Heating and Electrical",antey.us,antey.us,,,,Pasadena,California,US,91107
B.K. Pasadena Perfect Electricians,bkelectricservices.com,bkelectricservices.com,,,,Pasadena,California,US,91104
Bubbles Plumbing & Electrical,bubbles-plumbing.com,bubbles-plumbing.com,,,,Pasadena,California,US,91104
Courtesy Electric Wholesale,cewusa.com,cewusa.com,,,,Pasadena,California,US,91104
EVmode - EV Charging Station,evmode.com,evmode.com,,,,Pasadena,California,US,91103
Edison Electricians of Pasadena,artilica.com,artilica.com,,,,Pasadena,California,US,91101
Hillside Expert Electrical,hillsideexpertelectrical.com,hillsideexpertelectrical.com,,,,Pasadena,California,US,91103
Ivan The Electrician,ivantheelectrician.co,ivantheelectrician.co,,,,Pasadena,California,US,91101
KTB Electric & Associates,ktbelectric.net,ktbelectric.net,,,,Pasadena,California,US,91106
Keystone Electric,keystoneelectric.co,keystoneelectric.co,,,,Pasadena,California,US,91101
"Kirk Star Electrical, LLC",kirkse.com,kirkse.com,,,,Pasadena,California,US,91101
Mike's Electric Company,electricalcontractorpasadena.net,electricalcontractorpasadena.net,,,,Pasadena,California,US,91107
PRO Electrician Pasadena,proelectricianpasadena.com,proelectricianpasadena.com,,,,Pasadena,California,US,91105
PWP Charging Station,pwpweb.com,pwpweb.com,,,,Pasadena,California,US,91101
PWPc Charging Station,ww5.cityofpasadena.net,ww5.cityofpasadena.net,,,,Pasadena,California,US,91103
Pasadena Electric Light,pasadena-electric-light.com,pasadena-electric-light.com,,,,Pasadena,California,US,91103
Pasadena Electrician Guys,pasadenaelectricianguys.com,pasadenaelectricianguys.com,,,,Pasadena,California,US,91107
Pasadena Electrician Masters,pasadena-electrician-masters.com,pasadena-electrician-masters.com,,,,Pasadena,California,US,91107
Power Up Electric Inc.,powerupelectricinc.com,powerupelectricinc.com,,,,Pasadena,California,US,91105
PowerFlex Charging Station,powerflex.com,powerflex.com,,,,Pasadena,California,US,91107
PowerUp Charging Station,pwp.cityofpasadena.net,pwp.cityofpasadena.net,,,,Pasadena,California,US,91103
"Spark Masters, Inc.",sparkmastersco.com,sparkmastersco.com,,,,Pasadena,California,US,91106
Sunbelt Electric,sunbeltelectricca.com,sunbeltelectricca.com,,,,Pasadena,California,US,91101
Talbott Electric Inc.,talbottelectric.com,talbottelectric.com,,,,Pasadena,California,US,91104
Summit Electric Company | Electrical Services,summit-electric360.com,summit-electric360.com,,,,Perris,California,US,92570
B. Henry's Quality Electric Inc.,bhenrysqualityelectric.com,bhenrysqualityelectric.com,,,,Petaluma,California,US,94952
El Rancho Electric,elranchoelectric.com,elranchoelectric.com,,,,Pico Rivera,California,US,90660
My Generator Guy,mygeneratorguy.com,mygeneratorguy.com,,,,Pittsburg,California,US,94565
Nikola Tesla Electric,ntelectricandco.com,ntelectricandco.com,,,,Pleasant Hill,California,US,94523
Chase Electric,chaseelectric.com,chaseelectric.com,,,,Pleasanton,California,US,94566
Fitch Electric,fitchelectric.com,fitchelectric.com,,,,Pleasanton,California,US,94588
Universal Power Systems Inc.,universalpowersystems.us,universalpowersystems.us,,,,Ramona,California,US,92065
Gubruds Services,gubruds.com,gubruds.com,,,,Rancho Cordova,California,US,95742
High End Electric,sachighendelectric.com,sachighendelectric.com,,,,Rancho Cordova,California,US,95670
Holley Generator & Equipment,holleygenerator.com,holleygenerator.com,,,,Rancho Cordova,California,US,95742
Lux Dei Electric,luxdeielectric.org,luxdeielectric.org,,,,Rancho Cordova,California,US,95670
Rios & Burke Electric,riosburkeelectric.com,riosburkeelectric.com,,,,Rancho Cordova,California,US,95670
"Sierra Pacific Home & Comfort, Inc.",sierrapacifichome.com,sierrapacifichome.com,,,,Rancho Cordova,California,US,95742
Rancho Palos Verdes Pro Electricians,ranchopalosverdesproelectricians.com,ranchopalosverdesproelectricians.com,,,,Rancho Palos Verdes,California,US,90275
ONE LED SOURCE,oneledsource.com,oneledsource.com,,,,Rancho Santa Fe,California,US,92091
Tytum HVAC,tytum.com,tytum.com,,,,Rancho Santa Fe,California,US,92091
"Archbold Electric, Inc.",archboldelectric.com,archboldelectric.com,,,,Redwood City,California,US,94061
Bayside Equipment Co,baysideequipment.com,baysideequipment.com,,,,Redwood City,California,US,94063
Electric Air,electricair.io,electricair.io,,,,Redwood City,California,US,94063
Go Brilliant Electrician Redwood City,electricianredwoodcity.com,electricianredwoodcity.com,,,,Redwood City,California,US,94063
MRK Electricians Redwood,mrk-electricians-redwood.ueniweb.com,mrk-electricians-redwood.ueniweb.com,,,,Redwood City,California,US,94063
All City Electrical and Lighting,allcityelectricalandlighting.com,allcityelectricalandlighting.com,,,,Riverside,California,US,92504
"All City Plumbing, Air & Electrical",allcityplumbing4u.com,allcityplumbing4u.com,,,,Riverside,California,US,92503
All Lights Electrical Service,alllightselectricalservice.com,alllightselectricalservice.com,,,,Riverside,California,US,92504
"Antunez Electrical Industries, Inc.",antunezelectrical.com,antunezelectrical.com,,,,Riverside,California,US,92503
Austin's Electrical,austinselectrical.com,austinselectrical.com,,,,Riverside,California,US,92504
Champion Electric Inc.,championelec.com,championelec.com,,,,Riverside,California,US,92501
Dean's Electric,deanselec.com,deanselec.com,,,,Riverside,California,US,92506
Duo Electric,duo-electric.com,duo-electric.com,,,,Riverside,California,US,92503
Electrify America Charging Station,electrifyamerica.us,electrifyamerica.us,,,,Riverside,California,US,92501
Golden Power Electric,goldenpowerus.com,goldenpowerus.com,,,,Riverside,California,US,92505
"Haven Controls and Electric, Inc.",havencontrols-electric.com,havencontrols-electric.com,,,,Riverside,California,US,92508
Homeland Electric Inc,homelandelectric.com,homelandelectric.com,,,,Riverside,California,US,92509
"Infiniti Electric, Inc.",infinitielectric.com,infinitielectric.com,,,,Riverside,California,US,92504
P.E.G. Electric,peg-electric.com,peg-electric.com,,,,Riverside,California,US,92505
Pristine Electric,pristineelectricca.com,pristineelectricca.com,,,,Riverside,California,US,92507
R.M. Bennett Electric,rmbennettelectric.com,rmbennettelectric.com,,,,Riverside,California,US,92503
Riverside Electrical Services,riversideca.gov,riversideca.gov,,,,Riverside,California,US,92504
SIERRA PACIFIC ELECTRICAL CONTRACTING,spe-ca.com,spe-ca.com,,,,Riverside,California,US,92509
Safeway Electric,safewaybsi.com,safewaybsi.com,,,,Riverside,California,US,92507
Stay Grounded Electric,staygroundedelectric.com,staygroundedelectric.com,,,,Riverside,California,US,92503
Zobel Electric,zobelelectricca.com,zobelelectricca.com,,,,Riverside,California,US,92503
Anderholm Electric,anderholmelectric.com,anderholmelectric.com,,,,Rohnert Park,California,US,94928
B.A. Electric Inc.,baelectricinc.com,baelectricinc.com,,,,Rohnert Park,California,US,94928
Bright Right Electric,brightright.net,brightright.net,,,,Rohnert Park,California,US,94928
"Maverick Electric, Heating and Air",callamaverick.com,callamaverick.com,,,,Roseville,California,US,95747
Southern California Electrician Inc.,southerncaelectrician.com,southerncaelectrician.com,,,,Rowland Heights,California,US,91748
AAA ELECTRIC,aaaelectrician.net,aaaelectrician.net,,,,SF,California,US,94109
Aguilar Electric,aguilarelectricsf.com,aguilarelectricsf.com,,,,SF,California,US,94134
All-Electric California,allelectriccalifornia.com,allelectriccalifornia.com,,,,SF,California,US,94133
Art Electrical Services And More,electrosf.com,electrosf.com,,,,SF,California,US,94122
Artes,artes415.com,artes415.com,,,,SF,California,US,94122
BV Electric Inc.,bvelectricinc.com,bvelectricinc.com,,,,SF,California,US,94103
Bay Electric - Electrical Contractors,bayelectricsf.com,bayelectricsf.com,,,,SF,California,US,94133
COIL,coil.co,coil.co,,,,SF,California,US,94117
ChargePoint Charging Station,lots.impark.com,lots.impark.com,,,,SF,California,US,94109
Electrify America Charging Station,electrifyamerica.com,electrifyamerica.com,,,,SF,California,US,94107
Garcia L Electric Inc,garcia-electric.com,garcia-electric.com,,,,SF,California,US,94112
Grgich Electric Company,grgichelectric.com,grgichelectric.com,,,,SF,California,US,94117
Heise's Plumbing,heisesplumbing.com,heisesplumbing.com,,,,SF,California,US,94112
ITSELECTRIC Charging Station,itselectric.us,itselectric.us,,,,SF,California,US,94117
Max Electric,maxelectric.us,maxelectric.us,,,,SF,California,US,94108
McMillan Electric,mcmillanco.com,mcmillanco.com,,,,SF,California,US,94103
Mercy Electric,mercyelectrician.com,mercyelectrician.com,,,,SF,California,US,94124
Pauric Electric San Francisco,thesfelectrician.com,thesfelectrician.com,,,,SF,California,US,94131
Sam Adam’s Electric,samadamselectric.com,samadamselectric.com,,,,SF,California,US,94115
San Fran Electric,sanfran-electric.com,sanfran-electric.com,,,,SF,California,US,94112
San Francisco Electrician & Wiring,sanfranciscoelectricianwiring.com,sanfranciscoelectricianwiring.com,,,,SF,California,US,94110
Shadow Electric,shadowelectricbayarea.com,shadowelectricbayarea.com,,,,SF,California,US,94124
Sparkye,sparkye.net,sparkye.net,,,,SF,California,US,94134
Thee Electrician LLC,theeelectrician.co,theeelectrician.co,,,,SF,California,US,94124
Walsh Electric,walshelectric.org,walshelectric.org,,,,SF,California,US,94115
"Wells Electrical, Inc.",wellselectricalinc.com,wellselectricalinc.com,,,,SF,California,US,94124
Wisdom Electrical,wisdomelectrical.net,wisdomelectrical.net,,,,SF,California,US,94118
A1 Electrical Inc,a1electricalinc.com,a1electricalinc.com,,,,Sacramento,California,US,95815
Ali electric inc,alielectricinc.com,alielectricinc.com,,,,Sacramento,California,US,95864
American Home Energy Savers,ahescomfort.com,ahescomfort.com,,,,Sacramento,California,US,95834
Buck Built It,buckbuiltit.com,buckbuiltit.com,,,,Sacramento,California,US,95830
Contractors Electrical Distributors,contractorselectricaldistributors-sac.com,contractorselectricaldistributors-sac.com,,,,Sacramento,California,US,95834
Electric Man Electrician and Lighting Services,electricmansacramento.com,electricmansacramento.com,,,,Sacramento,California,US,95815
Four Ace Electrical Services,fouraceelectrical.com,fouraceelectrical.com,,,,Sacramento,California,US,95834
Fuse Service HVAC & Electrical Sacramento,fusesac.com,fusesac.com,,,,Sacramento,California,US,95841
Generator World,generatorworldinc.com,generatorworldinc.com,,,,Sacramento,California,US,95815
Greenlots EV Charging Station,greenlots.com,greenlots.com,,,,Sacramento,California,US,95816
"Griffin Electric, Inc.",griffinelectric.com,griffinelectric.com,,,,Sacramento,California,US,95841
Hagan Electric Sacramento,hagan-electric.com,hagan-electric.com,,,,Sacramento,California,US,95841
"Herold & Mielenz, INC.",heroldmielenz.com,heroldmielenz.com,,,,Sacramento,California,US,95823
High Level Electric,high-level-electric.com,high-level-electric.com,,,,Sacramento,California,US,95817
Kodiak Electric,kodiakelectricinc.com,kodiakelectricinc.com,,,,Sacramento,California,US,95842
Legacy Electric,legacy-electric.org,legacy-electric.org,,,,Sacramento,California,US,95826
Metcalf Electric,metcalfelectric.me,metcalfelectric.me,,,,Sacramento,California,US,95819
Modern Edison Electric,modernedisonelectric.com,modernedisonelectric.com,,,,Sacramento,California,US,95814
Myro Electrical,myroelectrical.com,myroelectrical.com,,,,Sacramento,California,US,95820
Peach Electric Inc,peach-electric.com,peach-electric.com,,,,Sacramento,California,US,95825
"Peak Electrical Contractors, Inc.",peakelectricalsac.com,peakelectricalsac.com,,,,Sacramento,California,US,95820
"Perfection Electric, Inc.",perfectionelectricinc.com,perfectionelectricinc.com,,,,Sacramento,California,US,95841
Power Plus,generatorrentalsacramento.com,generatorrentalsacramento.com,,,,Sacramento,California,US,95838
Priority 1 Electric,priority1electric.com,priority1electric.com,,,,Sacramento,California,US,95815
Quality Control Electric,qualitycontrolelectric.com,qualitycontrolelectric.com,,,,Sacramento,California,US,95826
"RX Electric, Inc.",rxelectricinc.com,rxelectricinc.com,,,,Sacramento,California,US,95826
Sac Town Electrician,sactownelectric.com,sactownelectric.com,,,,Sacramento,California,US,95842
Sagan Electric,saganelectric.com,saganelectric.com,,,,Sacramento,California,US,95834
"Schetter Electric, Inc.",schetter.com,schetter.com,,,,Sacramento,California,US,95811
Solir Electric Sacramento,solir.pro,solir.pro,,,,Sacramento,California,US,95835
Structure Electric Sacramento,structureelectric.com,structureelectric.com,,,,Sacramento,California,US,95828
Vitality Electric,vitalityelectric.com,vitalityelectric.com,,,,Sacramento,California,US,95838
Wills Resource Electric,willsresourceelectric.com,willsresourceelectric.com,,,,Sacramento,California,US,95825
ELC Contractor,electricelc.com,electricelc.com,,,,San Bruno,California,US,94066
5 Star Electric San Diego,5star-electricians.com,5star-electricians.com,,,,San Diego,California,US,92037
A plus Electric,apluselectricproservices.com,apluselectricproservices.com,,,,San Diego,California,US,92037
AQ Electric INC,aqelectrical.com,aqelectrical.com,,,,San Diego,California,US,92104
All Lights Electrical Service,alllightselectrical.com,alllightselectrical.com,,,,San Diego,California,US,92113
BC Hydro Charging Station,electricvehicles.bchydro.com,electricvehicles.bchydro.com,,,,San Diego,California,US,92101
Blue Volt Electric,bluevoltelectric-sd.com,bluevoltelectric-sd.com,,,,San Diego,California,US,92123
Bright Electric Services,brightelectricservices.com,brightelectricservices.com,,,,San Diego,California,US,92128
Bright Electrician San Diego,brightelectriciansandiego.com,brightelectriciansandiego.com,,,,San Diego,California,US,92126
Bright Power Electric,brightpowerelectric.com,brightpowerelectric.com,,,,San Diego,California,US,92121
CET Electric,cetelectricsd.com,cetelectricsd.com,,,,San Diego,California,US,92103
"D & N Electric, Inc.",dandnelectric.com,dandnelectric.com,,,,San Diego,California,US,92103
Electrical Experts Of San Diego,electricalexpertsofsandiego.com,electricalexpertsofsandiego.com,,,,San Diego,California,US,92102
Electrician San Diego,electrician-sandiego.com,electrician-sandiego.com,,,,San Diego,California,US,92121
Electricity King San Diego,electricity-king.com,electricity-king.com,,,,San Diego,California,US,92106
Frank Electric Inc,ethicalcommunity.org,ethicalcommunity.org,,,,San Diego,California,US,92116
Gforce Green Electric Solutions,gforceelectric.com,gforceelectric.com,,,,San Diego,California,US,92117
Girard Electric,girardelectric.com,girardelectric.com,,,,San Diego,California,US,92037
Green Electric Solutions,greenelectricsolution.com,greenelectricsolution.com,,,,San Diego,California,US,92111
Horton Electric,hortonelectricsandiego.com,hortonelectricsandiego.com,,,,San Diego,California,US,92109
Interwest Electric,interwestelectric.com,interwestelectric.com,,,,San Diego,California,US,92120
Kensington Electric,kensingtonelectricinc.com,kensingtonelectricinc.com,,,,San Diego,California,US,92104
Lightning Electric,lightningfastelectric.us,lightningfastelectric.us,,,,San Diego,California,US,92115
Massella Electric,massellaelectric.com,massellaelectric.com,,,,San Diego,California,US,92102
Moriset Electrical,electricalsandiego.net,electricalsandiego.net,,,,San Diego,California,US,92104
"Point Loma Electric, Plumbing, Heating & Air",pointlomahomepros.com,pointlomahomepros.com,,,,San Diego,California,US,92123
Power Wave Electric,powerwavesd.com,powerwavesd.com,,,,San Diego,California,US,92107
"Rock Electric, Inc",rockelectric.com,rockelectric.com,,,,San Diego,California,US,92126
SD Electric Technologies,sdelectrictech.com,sdelectrictech.com,,,,San Diego,California,US,92120
SRP Electric Inc.,srpelectricinc.com,srpelectricinc.com,,,,San Diego,California,US,92120
San Diego Electrical Services,sdesinc.com,sdesinc.com,,,,San Diego,California,US,92117
Service Pro Electrical Inc.,serviceproelectrical.com,serviceproelectrical.com,,,,San Diego,California,US,92104
"Summit Electrical, Inc.",summit-elect.com,summit-elect.com,,,,San Diego,California,US,92121
Sweeney Electric,sweeneyelectric.org,sweeneyelectric.org,,,,San Diego,California,US,92111
United Plumbing Heating Air & Electric,localunitedservices.com,localunitedservices.com,,,,San Diego,California,US,92121
Vazproz Electric LLC,vazprozelectric.com,vazprozelectric.com,,,,San Diego,California,US,92113
Wehrly Electric,wehrlyelectric.com,wehrlyelectric.com,,,,San Diego,California,US,92111
ZED Electric,zedelectric.com,zedelectric.com,,,,San Diego,California,US,92107
Left Coast Electric,leftcoastelectric.com,leftcoastelectric.com,,,,San Dimas,California,US,91773
A.J. ELECTRICAL INC,gridmaterselectrical.com,gridmaterselectrical.com,,,,San Jose,California,US,95124
"ARSEN Electric, Inc",arsenelectric.com,arsenelectric.com,,,,San Jose,California,US,95116
"Absolute Power, Inc.",absolutepowerinc.net,absolutepowerinc.net,,,,San Jose,California,US,95111
Allspark Electric,allspark-electric.com,allspark-electric.com,,,,San Jose,California,US,95118
Best Electrical Co,besteleco.com,besteleco.com,,,,San Jose,California,US,95110
CA Electrical Group 24/7,caelectricalgroup.com,caelectricalgroup.com,,,,San Jose,California,US,95131
California Power and Light,cplelectric.com,cplelectric.com,,,,San Jose,California,US,95128
Dalcon Electric,dalconelectric.com,dalconelectric.com,,,,San Jose,California,US,95110
Dang Electrical Services Inc.,dangelectric.com,dangelectric.com,,,,San Jose,California,US,95148
Dollens Electric,dollenselectric.com,dollenselectric.com,,,,San Jose,California,US,95148
F.R.N ELECTRIC,frnelectrical.com,frnelectrical.com,,,,San Jose,California,US,95128
First Choice Electricians,firstchoiceelectric.wixstudio.com,firstchoiceelectric.wixstudio.com,,,,San Jose,California,US,95136
"Haxx Heating, Air & Electrical",haxxservice.com,haxxservice.com,,,,San Jose,California,US,95128
JMC Electric Tested and True,testedandtrue.com,testedandtrue.com,,,,San Jose,California,US,95125
JR Sparks Electricians,levelset.com,levelset.com,,,,San Jose,California,US,95112
Jeffery D. Vierra Ltd. / JDV LTD / Vierra Electric,vierraelectric.com,vierraelectric.com,,,,San Jose,California,US,95112
Main Stream Electric,callmainstream.com,callmainstream.com,,,,San Jose,California,US,95113
Mr. Electric of San Jose,mrelectricsanjose.com,mrelectricsanjose.com,,,,San Jose,California,US,95126
Revolt Electric,revolt-electric.com,revolt-electric.com,,,,San Jose,California,US,95126
Safety First Electric,mysafetyfirstelectric.com,mysafetyfirstelectric.com,,,,San Jose,California,US,95128
Silicon Valley Electricians,siliconvalleyelectricians.com,siliconvalleyelectricians.com,,,,San Jose,California,US,95121
Trout Electric,troutelectricusa.com,troutelectricusa.com,,,,San Jose,California,US,95136
United Electrical Systems,unitedelectricalllc.com,unitedelectricalllc.com,,,,San Jose,California,US,95112
In Out Electrical,inoutelectrical.com,inoutelectrical.com,,,,San Leandro,California,US,94578
Lee Electric Corp,leeelectriccorp.com,leeelectriccorp.com,,,,San Leandro,California,US,94578
Goodman Electric & Lighting Services,goodmanelectriclighting.com,goodmanelectriclighting.com,,,,San Marcos,California,US,92069
Owens Electric & Solar,owenselectricinc.com,owenselectricinc.com,,,,San Mateo,California,US,94401
Marin SF Electric,marinsfelectric.com,marinsfelectric.com,,,,San Rafael,California,US,94903
LILAIS ELECTRIC,lilaiselectric.com,lilaiselectric.com,,,,San Ramon,California,US,94582
Omega Electric Services,instagram.com,instagram.com,,,,Santa Ana,California,US,92706
1610 Montecito Garage,1610montecito.com,1610montecito.com,,,,Santa Barbara,California,US,93108
Anderson & Sons Electric,andersonandsonselectric.com,andersonandsonselectric.com,,,,Santa Barbara,California,US,93111
C.R. Electric Company,crelectricsb.com,crelectricsb.com,,,,Santa Barbara,California,US,93103
CEC ELECTRICAL SERVICES,cecelectricalservices.com,cecelectricalservices.com,,,,Santa Barbara,California,US,93101
California Electric Supply,cessb.com,cessb.com,,,,Santa Barbara,California,US,93103
"Daniel's Electric, Inc.",danielselectricinc.biz,danielselectricinc.biz,,,,Santa Barbara,California,US,93111
Donnell's Electric,donnellselectric.com,donnellselectric.com,,,,Santa Barbara,California,US,93109
Howe Electric,howeelectric.net,howeelectric.net,,,,Santa Barbara,California,US,93109
J & I Electric,electriciansantabarbaraca.com,electriciansantabarbaraca.com,,,,Santa Barbara,California,US,93101
JMPE Electrical Engineering,jmpe.net,jmpe.net,,,,Santa Barbara,California,US,93101
JR Electric,jrelectric.com,jrelectric.com,,,,Santa Barbara,California,US,93111
"Klein Electric, Inc.",kleinelectricsb.net,kleinelectricsb.net,,,,Santa Barbara,California,US,93101
Knight Electric,knightelectricsantabarbara.com,knightelectricsantabarbara.com,,,,Santa Barbara,California,US,93105
Mark Taylor Electric Inc.,marktaylorelectric.com,marktaylorelectric.com,,,,Santa Barbara,California,US,93103
McCoy Electric Corporation,mccoyelectric.net,mccoyelectric.net,,,,Santa Barbara,California,US,93101
Montecito Electric,montecitoelectric.com,montecitoelectric.com,,,,Santa Barbara,California,US,93108
"Owens Electric Enterprises, Inc. DBA Owens Electric",owenselectricsb.net,owenselectricsb.net,,,,Santa Barbara,California,US,93111
Pfefferle Electric,pfefferleelectric.com,pfefferleelectric.com,,,,Santa Barbara,California,US,93105
Republic Lighting Services,republiclighting.com,republiclighting.com,,,,Santa Barbara,California,US,93101
Santa Barbara Sparky,sbsparky.com,sbsparky.com,,,,Santa Barbara,California,US,93109
Steven Gratigny Electric,sgesb.com,sgesb.com,,,,Santa Barbara,California,US,93103
TOP Electrician Santa Barbara,topelectriciansantabarbara.com,topelectriciansantabarbara.com,,,,Santa Barbara,California,US,93105
Turner Electric Inc,turnerelectric.com,turnerelectric.com,,,,Santa Barbara,California,US,93103
"Wighton's Electric, Plumbing, Heating, and Air",wightons.com,wightons.com,,,,Santa Barbara,California,US,93101
Avant Electric Inc.,avant-electric.com,avant-electric.com,,,,Santa Clara,California,US,95050
Flores Electric,floreselectric.net,floreselectric.net,,,,Santa Clara,California,US,95051
"Fuse HVAC, Refrigeration, Electrical & Plumbing",fuseservice.com,fuseservice.com,,,,Santa Clara,California,US,95050
WCI Electric,wcielectric.com,wcielectric.com,,,,Santa Clara,California,US,95051
Wooding Electric,woodingelectric.com,woodingelectric.com,,,,Santa Clara,California,US,95054
SB Electrical Contractors,sb-electricalcontractors.com,sb-electricalcontractors.com,,,,Santa Clarita,California,US,91387
"Affordable Generator Services, Inc.",affordablegeneratorservices.com,affordablegeneratorservices.com,,,,Santa Fe Springs,California,US,90670
Anthony Electric/RGA Electric,anthonyelectric.com,anthonyelectric.com,,,,Santa Fe Springs,California,US,90670
"CSI Electrical Contractors, Inc.",csielectric.com,csielectric.com,,,,Santa Fe Springs,California,US,90670
"INE ELECTRICAL SERVICE, ELECTRICAL INSTALLATIONS, EV, PANEL UPGRADE, PANEL REPAIRS",ineelectric.com,ineelectric.com,,,,Santa Fe Springs,California,US,90670
Lee Lighting and Electric,leelightingandelectric.com,leelightingandelectric.com,,,,Santa Fe Springs,California,US,90670
"Oscar's Electric, Inc. Est. 1997",oscarselectric.com,oscarselectric.com,,,,Santa Fe Springs,California,US,90670
Santa Fe Springs Electrical,santafespringselectrical.com,santafespringselectrical.com,,,,Santa Fe Springs,California,US,90670
Santa Fe Springs Electrical Repair,santafespringselectricalrepair.com,santafespringselectricalrepair.com,,,,Santa Fe Springs,California,US,90670
Santa Fe Springs Emergency Electrician,santafespringsemergencyelectrician.com,santafespringsemergencyelectrician.com,,,,Santa Fe Springs,California,US,90670
United Electric Services,unitedelectricservices1.com,unitedelectricservices1.com,,,,Santa Fe Springs,California,US,90670
AVES Electric,aveselectric.com,aveselectric.com,,,,Santa Maria,California,US,93455
Brentwood Electrical Experts,brentwoodelectricalexpert.com,brentwoodelectricalexpert.com,,,,Santa Monica,California,US,90405
Rush Electrical Service,rushelectricalservice.com,rushelectricalservice.com,,,,Santa Monica,California,US,90401
Affordable Electric Inc,affordableelectricca.com,affordableelectricca.com,,,,Santa Paula,California,US,93060
"707 Plumbers, Inc. & Electric",707plumbersinc.com,707plumbersinc.com,,,,Santa Rosa,California,US,95403
APG Electric Co.,apg-electric.com,apg-electric.com,,,,Santa Rosa,California,US,95404
Avila Electric,avilaelectricinc.com,avilaelectricinc.com,,,,Santa Rosa,California,US,95403
Blue Arc Electric,bluearcelectricservices.com,bluearcelectricservices.com,,,,Santa Rosa,California,US,95409
Bowman Electric,usmapiqs.org,usmapiqs.org,,,,Santa Rosa,California,US,95401
Bull Dog Electric Inc.,bulldogelectric.net,bulldogelectric.net,,,,Santa Rosa,California,US,95403
CORE Electrical Services Inc.,core-elect.com,core-elect.com,,,,Santa Rosa,California,US,95407
ChargeNet Charging Station,chargenetstations.com,chargenetstations.com,,,,Santa Rosa,California,US,95407
City Electric Supply,ces-santarosa.portalced.com,ces-santarosa.portalced.com,,,,Santa Rosa,California,US,95401
Collins Electric,collinselectric707.com,collinselectric707.com,,,,Santa Rosa,California,US,95409
Esquared Electric Inc,esquaredelectric.net,esquaredelectric.net,,,,Santa Rosa,California,US,95403
Firebrand Electric Inc.,firebrandelectric.com,firebrandelectric.com,,,,Santa Rosa,California,US,95403
Golden State Electric Inc,goldenstateelectric.com,goldenstateelectric.com,,,,Santa Rosa,California,US,95403
James Electric,jameselectricinc.com,jameselectricinc.com,,,,Santa Rosa,California,US,95409
Lady B Electric Inc.,ladybelectric.com,ladybelectric.com,,,,Santa Rosa,California,US,95401
Leete Generators,leetegenerators.com,leetegenerators.com,,,,Santa Rosa,California,US,95407
Lunardi Electric,lunardielectric.com,lunardielectric.com,,,,Santa Rosa,California,US,95407
MG Electric,mgelectricca.com,mgelectricca.com,,,,Santa Rosa,California,US,95409
O'Rourke Electric Inc,orourke-electric.com,orourke-electric.com,,,,Santa Rosa,California,US,95403
Ongaro & Sons,ongaroandsons.com,ongaroandsons.com,,,,Santa Rosa,California,US,95404
Paragon Power LLC,paragonpower.us,paragonpower.us,,,,Santa Rosa,California,US,95403
Re-Volt Electric Inc.,re-voltelectric.com,re-voltelectric.com,,,,Santa Rosa,California,US,95403
Santa Rosa Electricians,santarosaelectricians.com,santarosaelectricians.com,,,,Santa Rosa,California,US,95407
"Sonoma Coast Electric, Inc.",sonomacoastelectric.com,sonomacoastelectric.com,,,,Santa Rosa,California,US,95404
Sonoma County Electric,sonomacountyelectric.com,sonomacountyelectric.com,,,,Santa Rosa,California,US,95403
Sonoma Sun Electric,sonomasunelectric.com,sonomasunelectric.com,,,,Santa Rosa,California,US,95401
Sonoma United Electric,sonomaunitedelectric.com,sonomaunitedelectric.com,,,,Santa Rosa,California,US,95401
Spyrka Electric,spyrkaelectric.com,spyrkaelectric.com,,,,Santa Rosa,California,US,95401
Keil Electric,keilelectric.com,keilelectric.com,,,,Santee,California,US,92071
Solid Electrical Services,solidelectricalsd.com,solidelectricalsd.com,,,,Santee,California,US,92071
Evolve Electric,evolveelectric.com,evolveelectric.com,,,,Scotts Valley,California,US,95066
Fisher Electric,fisherelectricinc.com,fisherelectricinc.com,,,,Scotts Valley,California,US,95066
"8PT Electrical Services, Inc.",8ptelectricalservices.com,8ptelectricalservices.com,,,,Seal Beach,California,US,90740
Seal Beach Electric,sealbeachelectric.com,sealbeachelectric.com,,,,Seal Beach,California,US,90740
Eskay Electric,eskayelectric.com,eskayelectric.com,,,,Seaside,California,US,93955
Wendt Electric,wendtelectric68.com,wendtelectric68.com,,,,Sebastopol,California,US,95472
Worby Electric,worbyelectric.com,worbyelectric.com,,,,Sebastopol,California,US,95472
Arc Energy Solutions,arcenergysolutions.com,arcenergysolutions.com,,,,Shafter,California,US,93263
Central California Power,gensets.com,gensets.com,,,,Shafter,California,US,93263
"AAA CALVERT Electrical, Heating and Air Conditioning",aaacalvert.com,aaacalvert.com,,,,Signal Hill,California,US,90755
Nexx Electrical Service,nexxelectricalservice.com,nexxelectricalservice.com,,,,Signal Hill,California,US,90755
RJB Electrical Contractor LLC,rjbelectricalcontractor.com,rjbelectricalcontractor.com,,,,Signal Hill,California,US,90755
Signal Hill Electrician,signalhillelectrician.com,signalhillelectrician.com,,,,Signal Hill,California,US,90755
Alm electric llc,almelectric.us,almelectric.us,,,,Simi Valley,California,US,93065
Daniel The Electrician,danieltheelectrician.co,danieltheelectrician.co,,,,Simi Valley,California,US,93065
GenStar Power Systems,genstarpowersystems.com,genstarpowersystems.com,,,,Simi Valley,California,US,93063
Calray Electric,calrayelectric.com,calrayelectric.com,,,,Solana Beach,California,US,92075
North County Electricians,northcountyelectricians.com,northcountyelectricians.com,,,,Solana Beach,California,US,92075
PCF Electric Inc,pcf-electric.com,pcf-electric.com,,,,Solana Beach,California,US,92075
Rudy's Electric,rudyselectric.com,rudyselectric.com,,,,Solana Beach,California,US,92075
Alpenglow Electric,alpenglowelectric.com,alpenglowelectric.com,,,,South Lake Tahoe,California,US,96150
Armaz Electric,armazelectric.com,armazelectric.com,,,,South Lake Tahoe,California,US,96150
"Blue Sky Electrical Solutions, Inc.",blueskyelectricalsolutions.com,blueskyelectricalsolutions.com,,,,South Lake Tahoe,California,US,96150
ClearView Electric,clearviewelectrician.com,clearviewelectrician.com,,,,South Lake Tahoe,California,US,96150
Hatch Electric Inc,hatchelectric.com,hatchelectric.com,,,,South Lake Tahoe,California,US,96150
Liberty Utilities,libertyutilities.com,libertyutilities.com,,,,South Lake Tahoe,California,US,96150
"Sierra Alternators & Starters, Inc.",sierraalternators.com,sierraalternators.com,,,,South Lake Tahoe,California,US,96150
South Shore Electric,southshoreelectrictahoe.com,southshoreelectrictahoe.com,,,,South Lake Tahoe,California,US,96150
Tahoe Valley Electric Supply,tahoevalleyelectricsupply.com,tahoevalleyelectricsupply.com,,,,South Lake Tahoe,California,US,96150
Winters Electric,winterstahoe.com,winterstahoe.com,,,,South Lake Tahoe,California,US,96150
Point Break Electric,pointbreakelectricsd.com,pointbreakelectricsd.com,,,,Spring Valley,California,US,91977
Premo Electric,premoelectric.com,premoelectric.com,,,,Spring Valley,California,US,91977
Sal & Sons Electric Inc,salsonselectricinc.net,salsonselectricinc.net,,,,Spring Valley,California,US,91977
UpValley Electric,upvalleyelectric.com,upvalleyelectric.com,,,,St Helena,California,US,94574
Electrical Garage,electricalgarage.com,electricalgarage.com,,,,Summerland,California,US,93067
Bright Guards Service LLC,brightguardsservice.com,brightguardsservice.com,,,,Sunnyvale,California,US,94087
COURTESY ELECTRIC,courtesyelectric.us,courtesyelectric.us,,,,Sunnyvale,California,US,94085
Electrical & Mechanical Solution,unitedemc.com,unitedemc.com,,,,Sunnyvale,California,US,94086
Steady Craftsman CA,steadycraftsman.com,steadycraftsman.com,,,,Sunnyvale,California,US,94087
Newman & Sons Electric Inc.,newmanandsons-ei.com,newmanandsons-ei.com,,,,Sutter Creek,California,US,95685
Leo's Electric Automation,leoselectricautomation.com,leoselectricautomation.com,,,,Tahoe City,California,US,96145
RAC Electric Inc,racelectric.com,racelectric.com,,,,Tahoe City,California,US,96145
True North Electric,truenorthelectrician.com,truenorthelectrician.com,,,,Tahoe City,California,US,96145
Noble Electric,nobleelectric.biz,nobleelectric.biz,,,,Tahoe Vista,California,US,96148
Tahoe City Electric Inc.,tahoecityelectric.com,tahoecityelectric.com,,,,Tahoe Vista,California,US,96148
Adrian The Electrician,adriantheelectrician.co,adriantheelectrician.co,,,,Thousand Oaks,California,US,91360
"Ayce Electric, Inc.",ayce-electric.com,ayce-electric.com,,,,Thousand Oaks,California,US,91320
CHO CHO SAN EV CHARGING - EAT WHILE YOU CHARGE!!,zeroimpactenergy.com,zeroimpactenergy.com,,,,Thousand Oaks,California,US,91360
"Conejo Services HVAC, Plumbing and Electrical",conejoservices.com,conejoservices.com,,,,Thousand Oaks,California,US,91320
Enchanting Handyman,jyselectric.com,jyselectric.com,,,,Thousand Oaks,California,US,91361
Flash Electric,flash-electrician-service.com,flash-electrician-service.com,,,,Thousand Oaks,California,US,91320
Fornoff Electric Inc.,fornoffelectric.com,fornoffelectric.com,,,,Thousand Oaks,California,US,91360
GARNER ELECTRIC,garner-electric.com,garner-electric.com,,,,Thousand Oaks,California,US,91360
Ken Hansen Electric,kenhansenelectric.com,kenhansenelectric.com,,,,Thousand Oaks,California,US,91360
Klein Electric 805 (Thousand Oaks Electrician),kleinelectric805.com,kleinelectric805.com,,,,Thousand Oaks,California,US,91320
LYT Electric,lytelectric.com,lytelectric.com,,,,Thousand Oaks,California,US,91360
"Monkey Wrench Plumbing, Heating, Air & Electric",monkeywrenchservices.com,monkeywrenchservices.com,,,,Thousand Oaks,California,US,91362
Moorpark Electric Inc.,moorparkelectric.com,moorparkelectric.com,,,,Thousand Oaks,California,US,91360
TRUSTCO ELECTRIC,trustcoelectric.net,trustcoelectric.net,,,,Thousand Oaks,California,US,91320
Thousand Oaks Electrician Pros,thousandoakselectricianpros.site123.me,thousandoakselectricianpros.site123.me,,,,Thousand Oaks,California,US,91320
"Erkies Plumbing, Electrical, Heating & AC Repair",erkiesheatingandair.com,erkiesheatingandair.com,,,,Thousand Palms,California,US,92276
Home Team Electric,hometeamelectric.com,hometeamelectric.com,,,,Thousand Palms,California,US,92276
Campbell Electric,campbellelectric.org,campbellelectric.org,,,,Truckee,California,US,96161
Carlson's Electronics,carlsonselectronics.com,carlsonselectronics.com,,,,Truckee,California,US,96161
Cleavelands Electric,cleavelandselectric.com,cleavelandselectric.com,,,,Truckee,California,US,96161
Consolidated Electrical Distributors,cedtruckee.portalced.com,cedtruckee.portalced.com,,,,Truckee,California,US,96161
Costi's Appliance Repair,costisappliancerepair.com,costisappliancerepair.com,,,,Truckee,California,US,96161
Edges Electrical Group,edgesgroup.com,edgesgroup.com,,,,Truckee,California,US,96161
InMotion Mechanical,inmotionheating.com,inmotionheating.com,,,,Truckee,California,US,96161
Liberty Bell Smart Home,lbsmarthome.com,lbsmarthome.com,,,,Truckee,California,US,96161
Mighty Mike Plumbing,mightymikeplumbing.com,mightymikeplumbing.com,,,,Truckee,California,US,96161
NM Electric,nm-electric.com,nm-electric.com,,,,Truckee,California,US,96161
New Tahoe Electric,newtahoeelectric.com,newtahoeelectric.com,,,,Truckee,California,US,96161
Streamline Electrical LLC,streamlineelec.com,streamlineelec.com,,,,Truckee,California,US,96161
Truckee Donner Public Utility District,tdpud.org,tdpud.org,,,,Truckee,California,US,96161
Truckee Electric,truckeeelectric.com,truckeeelectric.com,,,,Truckee,California,US,96161
Vink's Electric Inc.,vinkselectric.com,vinkselectric.com,,,,Truckee,California,US,96162
Applied Electric Inc,appliedelectricinc.com,appliedelectricinc.com,,,,Turlock,California,US,95380
ARIA 4 Electrical & Construction,ariaelectricinc.com,ariaelectricinc.com,,,,Tustin,California,US,92782
Copperfield Electric of Irvine,copperfield-electric.com,copperfield-electric.com,,,,Tustin,California,US,92780
T & J Electric Services,tj-electricservices.com,tj-electricservices.com,,,,Tustin,California,US,92782
Volta Charging Station,voltacharging.com,voltacharging.com,,,,Tustin,California,US,92782
DUNCAN ELECTRIC LLC,duncanelectricca.com,duncanelectricca.com,,,,Ukiah,California,US,95482
All Phase Electric,allphaseelectric.com,allphaseelectric.com,,,,Walnut Creek,California,US,94597
Electric Heroes,electric-heroes.com,electric-heroes.com,,,,Walnut Creek,California,US,94596
Elson Electric Holdings Inc.,elsonelectric.com,elsonelectric.com,,,,Walnut Creek,California,US,94596
Frontline Electrical Services,frontlineproservices.com,frontlineproservices.com,,,,Walnut Creek,California,US,94596
Fuse Service,fusesmt.com,fusesmt.com,,,,Walnut Creek,California,US,94597
Lumina Home Solutions,luminahomesolutions.com,luminahomesolutions.com,,,,Walnut Creek,California,US,94596
Milo Electric,miloelectric.co,miloelectric.co,,,,Walnut Creek,California,US,94597
OTTER HVAC & ELECTRICAL,otterhomeservice.com,otterhomeservice.com,,,,Walnut Creek,California,US,94597
One & Only Electrical Service. inc,oneandonlyelectricals.com,oneandonlyelectricals.com,,,,Walnut Creek,California,US,94596
A.D.I Electrical Services,adi-electric.com,adi-electric.com,,,,West Hollywood,California,US,90069
All Electrical Solutions Inc,electricalon.com,electricalon.com,,,,West Hollywood,California,US,90046
USA Electric West Hollywood,usaelectric.com,usaelectric.com,,,,West Hollywood,California,US,90048
A&G Electric,cleanenergycommercial.com,cleanenergycommercial.com,,,,West Sacramento,California,US,95691
"Collins Electrical Company, Inc.",collinselectric.com,collinselectric.com,,,,West Sacramento,California,US,95691
Malibu Lighting & Electric,malibulighting.com,malibulighting.com,,,,Westlake Village,California,US,91362
Priority Electric,priorityelectric.net,priorityelectric.net,,,,Westlake Village,California,US,91362
Supreme Electric,electricalassociation.com,electricalassociation.com,,,,Westlake Village,California,US,91361
Volta Electric,voltaelectricinc.com,voltaelectricinc.com,,,,Westlake Village,California,US,91361
Clear View Electrical Services,clearviewelectricalservices.com,clearviewelectricalservices.com,,,,Whittier,California,US,90606
Eleos Electric,eleoselectric.com,eleoselectric.com,,,,Windsor,California,US,95492
LoDolce Electric,lodolceelectric.com,lodolceelectric.com,,,,Windsor,California,US,95492
Woodland Electrical Inc.,woodlandelectrical.com,woodlandelectrical.com,,,,Woodland,California,US,95776
Piper Electric Co,piperelectric.com,piperelectric.com,,,,Arvada,Colorado,US,80003
Ajax Electric,ajaxelectricaspen.com,ajaxelectricaspen.com,,,,Aspen,Colorado,US,81611
Aspen Constructors Inc,aspenconstructors.com,aspenconstructors.com,,,,Aspen,Colorado,US,81611
Lighting Studio,lightingservicesinc.com,lightingservicesinc.com,,,,Aspen,Colorado,US,81611
"Popish Electric, Inc.",popishelectric.com,popishelectric.com,,,,Aspen,Colorado,US,81611
Powerhouse Engineering Partners - Design & Engineering Consulting Firm,powerhouseep.com,powerhouseep.com,,,,Aspen,Colorado,US,81611
Xssentials,xssentials.com,xssentials.com,,,,Aspen,Colorado,US,81611
"Delaney's Electric, Inc.",delaney-electric.com,delaney-electric.com,,,,Ault,Colorado,US,80610
AMP Electric,ampelectric.info,ampelectric.info,,,,Aurora,Colorado,US,80015
Access Electrical,accesselectrician.com,accesselectrician.com,,,,Aurora,Colorado,US,80014
Flowers Electric,flowerselectricians.com,flowerselectricians.com,,,,Aurora,Colorado,US,80012
JM Electric Inc.,jmelectricinc.com,jmelectricinc.com,,,,Aurora,Colorado,US,80011
Positively Charged Electric,positivelychargedelectric.com,positivelychargedelectric.com,,,,Aurora,Colorado,US,80016
Upstanding electric LLC,upstandingelectric.com,upstandingelectric.com,,,,Aurora,Colorado,US,80015
"Yanni Electric, LLC",yannielectric.com,yannielectric.com,,,,Aurora,Colorado,US,80016
Eagle Vail Towing,eaglevailtowing.co,eaglevailtowing.co,,,,Avon,Colorado,US,81620
Leadfoot Linda's,leadfootlindas.com,leadfootlindas.com,,,,Avon,Colorado,US,81620
"Mr. Appliance of Vail, Aspen, and Glenwood",mrappliance.com,mrappliance.com,,,,Avon,Colorado,US,81620
Rader Engineering Inc,raderengineering.com,raderengineering.com,,,,Avon,Colorado,US,81620
Shaeffer Hyde Construction,shaefferhyde.com,shaefferhyde.com,,,,Avon,Colorado,US,81620
Vail Electronics,vailelectronics.net,vailelectronics.net,,,,Avon,Colorado,US,81620
Vail Lights Inc,pfurnitureanddesign.com,pfurnitureanddesign.com,,,,Avon,Colorado,US,81620
"White River Electric, Inc.",whiteriverelectric.com,whiteriverelectric.com,,,,Avon,Colorado,US,81620
"Epic Home Integration, LLC",epichome.net,epichome.net,,,,Basalt,Colorado,US,81621
Green Electrical Solutions LLC,greenelectrical.solutions,greenelectrical.solutions,,,,Basalt,Colorado,US,81621
Lassiter Electric Inc,lassiterelectric.com,lassiterelectric.com,,,,Basalt,Colorado,US,81621
Liaison Technology Group,liaisontechgroup.com,liaisontechgroup.com,,,,Basalt,Colorado,US,81621
Sunwest Electric,sweaspen.com,sweaspen.com,,,,Basalt,Colorado,US,81621
Consolidated Electrical Distributors,cedboulder.portalced.com,cedboulder.portalced.com,,,,Boulder,Colorado,US,80301
Golden Hands Handyman Services,goldenhandshandymanservices.com,goldenhandshandymanservices.com,,,,Boulder,Colorado,US,80301
Independent Power,solarips.com,solarips.com,,,,Boulder,Colorado,US,80301
"Ion Electric, LLC",ion-electric.com,ion-electric.com,,,,Boulder,Colorado,US,80301
Mr. Electric of Boulder,mrelectricboulder.com,mrelectricboulder.com,,,,Boulder,Colorado,US,80302
Prometheus Electric,prometheuselectric.com,prometheuselectric.com,,,,Boulder,Colorado,US,80304
Rosewood Electricial,rosewoodelectric.com,rosewoodelectric.com,,,,Boulder,Colorado,US,80301
Save Home Heat Company,savehomeheat.com,savehomeheat.com,,,,Boulder,Colorado,US,80303
The Speedy Electricians,thespeedyelectricians.com,thespeedyelectricians.com,,,,Boulder,Colorado,US,80302
Your Electricians Team of Boulder,yourelectriciansteam.com,yourelectriciansteam.com,,,,Boulder,Colorado,US,80301
Jeff Bishop Electric Inc,bishop-electric.com,bishop-electric.com,,,,Broomfield,Colorado,US,80020
Confluence Electric,confluenceelectricllc.godaddysites.com,confluenceelectricllc.godaddysites.com,,,,Carbondale,Colorado,US,81623
David Electric,davidelectric.us,davidelectric.us,,,,Carbondale,Colorado,US,81623
Durgin Electric LLC,durginelectric.com,durginelectric.com,,,,Carbondale,Colorado,US,81623
"West Side Lighting, LLC",west-side-lighting.com,west-side-lighting.com,,,,Carbondale,Colorado,US,81623
Castle-Rock Electric,castlerockelectric.co,castlerockelectric.co,,,,Castle Rock,Colorado,US,80104
"Bell Plumbing, Heating, Cooling & Electrical",bellplumbing.com,bellplumbing.com,,,,Centennial,Colorado,US,80112
Genesis 1:3 Electric,callgenesiselectrical.com,callgenesiselectrical.com,,,,Centennial,Colorado,US,80112
"TKO Electrical, Hvac & Plumbing",tkoelectrical.com,tkoelectrical.com,,,,Centennial,Colorado,US,80112
The Electricians,theelectriciansco.com,theelectriciansco.com,,,,Centennial,Colorado,US,80112
A&E Electric,aeelectricpro.com,aeelectricpro.com,,,,Colorado Springs,Colorado,US,80925
Advanced Electric Group,advancedelectricgroup.com,advancedelectricgroup.com,,,,Colorado Springs,Colorado,US,80915
American Electrician,theamericanelectrician.com,theamericanelectrician.com,,,,Colorado Springs,Colorado,US,80907
"Apache Electric & Maintenance, Inc.",apacheelec.com,apacheelec.com,,,,Colorado Springs,Colorado,US,80903
Awesome Home Services,awesomeservice.com,awesomeservice.com,,,,Colorado Springs,Colorado,US,80915
BudCo Electric,budcoelectric.com,budcoelectric.com,,,,Colorado Springs,Colorado,US,80907
CUSI Electric,cusielectric.com,cusielectric.com,,,,Colorado Springs,Colorado,US,80905
Celtic Electric,celticcolorado.com,celticcolorado.com,,,,Colorado Springs,Colorado,US,80909
Colorado Springs Electricians Pros,coloradospringselectricianspros.com,coloradospringselectricianspros.com,,,,Colorado Springs,Colorado,US,80920
Cornerstone Power Solutions,cornerstonepowersolution.com,cornerstonepowersolution.com,,,,Colorado Springs,Colorado,US,80920
Craig's Power Equipment,craigspower.com,craigspower.com,,,,Colorado Springs,Colorado,US,80903
DR Electric,drelectricllc.com,drelectricllc.com,,,,Colorado Springs,Colorado,US,80915
Electrical Pros of Colorado LLC,electricalprosofcolorado.com,electricalprosofcolorado.com,,,,Colorado Springs,Colorado,US,80922
Front Range Electric,frontrangeelectric.com,frontrangeelectric.com,,,,Colorado Springs,Colorado,US,80918
Gaddie Electric,gaddieelectric.com,gaddieelectric.com,,,,Colorado Springs,Colorado,US,80918
JRD Electric,jrdelectrical.com,jrdelectrical.com,,,,Colorado Springs,Colorado,US,80909
JUS Charging Station,jus.live,jus.live,,,,Colorado Springs,Colorado,US,80923
Lenz Electric Inc,lenzelectricinc.com,lenzelectricinc.com,,,,Colorado Springs,Colorado,US,80909
Mountain Pro Electric,mountainproelectric.com,mountainproelectric.com,,,,Colorado Springs,Colorado,US,80915
Nissan Charging Station,nissanusa.com,nissanusa.com,,,,Colorado Springs,Colorado,US,80916
Peak Home Performance,gowithpeak.com,gowithpeak.com,,,,Colorado Springs,Colorado,US,80916
Reliant Electric,reliantelectriccolorado.com,reliantelectriccolorado.com,,,,Colorado Springs,Colorado,US,80921
Rocky Mountain Electric,rockymountainelectric.org,rockymountainelectric.org,,,,Colorado Springs,Colorado,US,80909
Sparkz Electrical,sparkzelectrical.com,sparkzelectrical.com,,,,Colorado Springs,Colorado,US,80903
Super B Electric LLC,superbelectricllc.com,superbelectricllc.com,,,,Colorado Springs,Colorado,US,80915
"Swartz Electric, LLC",swartzelectric.biz,swartzelectric.biz,,,,Colorado Springs,Colorado,US,80909
The Electric Way,theelectricway.com,theelectricway.com,,,,Colorado Springs,Colorado,US,80907
Triton Home Generators,tritonhomegenerators.com,tritonhomegenerators.com,,,,Colorado Springs,Colorado,US,80907
Valley Electric,valleyelectric.co,valleyelectric.co,,,,Colorado Springs,Colorado,US,80906
WHITE RHINO ELECTRIC,whiterhinoelectric.com,whiterhinoelectric.com,,,,Colorado Springs,Colorado,US,80915
WireNut Home Services,thewirenut.com,thewirenut.com,,,,Colorado Springs,Colorado,US,80915
DMC Electric LLC,dmcelectricllc.com,dmcelectricllc.com,,,,Commerce City,Colorado,US,80022
MCCARRICK ELECTRIC,mccarrickelectric.com,mccarrickelectric.com,,,,Commerce City,Colorado,US,80022
"Spectrum Electric, Ltd",generatorscolorado.com,generatorscolorado.com,,,,Conifer,Colorado,US,80433
Royal T Electric Ltd,royaltelectricltd.com,royaltelectricltd.com,,,,Craig,Colorado,US,81625
"Tiger Electric, Inc.",tigerelectricinc.com,tigerelectricinc.com,,,,Delta,Colorado,US,81416
"Absolute Plumbing, Electrical, Heating & Air",absolutefix.com,absolutefix.com,,,,Denver,Colorado,US,80239
Adept Electric Denver Electrical Contractor And Repairs,adept-electric.com,adept-electric.com,,,,Denver,Colorado,US,80210
All Electric,allelectriconline.com,allelectriconline.com,,,,Denver,Colorado,US,80238
Allstar Electrical Services,allstarelectrical.com,allstarelectrical.com,,,,Denver,Colorado,US,80216
Applewood Plumbing Heating & Electric,applewoodfixit.com,applewoodfixit.com,,,,Denver,Colorado,US,80212
Big Electric,big-electric.com,big-electric.com,,,,Denver,Colorado,US,80222
CLP Engineering,clp-engineering.com,clp-engineering.com,,,,Denver,Colorado,US,80237
CT Electrical Services,ctelectricalco.com,ctelectricalco.com,,,,Denver,Colorado,US,80239
"Chris Electric Company, Inc.",chriselectric.com,chriselectric.com,,,,Denver,Colorado,US,80223
Colorado Electricians,coelectricians.com,coelectricians.com,,,,Denver,Colorado,US,80203
Conduit Electric,conduitelectricco.com,conduitelectricco.com,,,,Denver,Colorado,US,80216
Current Electric Service Inc,currentelectricservice.com,currentelectricservice.com,,,,Denver,Colorado,US,80110
D & J Enterprises,dandjenterprises.org,dandjenterprises.org,,,,Denver,Colorado,US,80222
Denver Electrical,denverelectrical.com,denverelectrical.com,,,,Denver,Colorado,US,80223
Denver Electricians,jumbo-electric.com,jumbo-electric.com,,,,Denver,Colorado,US,80219
Destiny Electric Services,destinyelectricservice.com,destinyelectricservice.com,,,,Denver,Colorado,US,80210
Electrical Relief,electricalrelief.com,electricalrelief.com,,,,Denver,Colorado,US,80216
Excellent Electrical Solutions,excellentelectricalsolutions.com,excellentelectricalsolutions.com,,,,Denver,Colorado,US,80204
Ironton Electric,irontonelectric.com,irontonelectric.com,,,,Denver,Colorado,US,80239
JD Electrical Home Solutions,jdehs.com,jdehs.com,,,,Denver,Colorado,US,80216
LMA Handyman &Repair Services,lmahandymanrepairservices.com,lmahandymanrepairservices.com,,,,Denver,Colorado,US,80237
MH Electrical and Solar,mhelectricalandsolar.com,mhelectricalandsolar.com,,,,Denver,Colorado,US,80211
MR/Westco Inc.,mrwestco.com,mrwestco.com,,,,Denver,Colorado,US,80237
Nexus 24 Hour Denver Electrician Services,nexuselectrician.com,nexuselectrician.com,,,,Denver,Colorado,US,80210
PK Electrical Inc.,pkelectrical.com,pkelectrical.com,,,,Denver,Colorado,US,80237
"Power Electrical, Heating & Cooling Services",powerelectricalservices.net,powerelectricalservices.net,,,,Denver,Colorado,US,80216
Prime Electrician Denver Co,primeelectriciandenverco.com,primeelectriciandenverco.com,,,,Denver,Colorado,US,80203
Range Electric,range-electric.co,range-electric.co,,,,Denver,Colorado,US,80231
Red Fox Electric Inc,redfoxelectric.com,redfoxelectric.com,,,,Denver,Colorado,US,80204
Resilient Electrical,resilientelectricalco.com,resilientelectricalco.com,,,,Denver,Colorado,US,80237
Rocky Mountain Generator Supply Co,rockymountaingeneratorsupply.com,rockymountaingeneratorsupply.com,,,,Denver,Colorado,US,80223
Salzano Services,salzanoelectric.com,salzanoelectric.com,,,,Denver,Colorado,US,80202
Stellar Electrical Contractors,stellarec.com,stellarec.com,,,,Denver,Colorado,US,80205
TAG Electric Co,tagelectricco.com,tagelectricco.com,,,,Denver,Colorado,US,80222
Team Electric,teamelectric.net,teamelectric.net,,,,Denver,Colorado,US,80223
Toro Electric,toro-electric.com,toro-electric.com,,,,Denver,Colorado,US,80229
Ulster Electric,ulster-electric.com,ulster-electric.com,,,,Denver,Colorado,US,80220
"Veteran Heating, Cooling, Plumbing & Electric",servicebyveteran.com,servicebyveteran.com,,,,Denver,Colorado,US,80216
"Williams and Sons Electric, LLC.",denverhomeelectricians.com,denverhomeelectricians.com,,,,Denver,Colorado,US,80219
Zero Homes,zerohomes.com,zerohomes.com,,,,Denver,Colorado,US,80237
"Bullseye Electric, Inc",bullseyeelectricsu.wixsite.com,bullseyeelectricsu.wixsite.com,,,,Dillon,Colorado,US,80435
"Boston Electric, Inc",bostonelectric.net,bostonelectric.net,,,,Eagle,Colorado,US,81631
Encore Electric,encoreelectric.com,encoreelectric.com,,,,Eagle,Colorado,US,81631
New Electric,newelectricservice.us,newelectricservice.us,,,,Eagle,Colorado,US,81631
Lesh Electrical Services,leshelectric.com,leshelectric.com,,,,Eaton,Colorado,US,80615
Lighthouse Outdoor Lighting and Audio of Vail,lighthouse-lights.com,lighthouse-lights.com,,,,Edwards,Colorado,US,81632
Sun Valley Contractors LLC,sv-contractors.com,sv-contractors.com,,,,Elizabeth,Colorado,US,80107
B&W Electric LLC,bandwelectric.com,bandwelectric.com,,,,Englewood,Colorado,US,80113
Family First Home Services LLC,familyfirsthomeservices.com,familyfirsthomeservices.com,,,,Englewood,Colorado,US,80111
R&A Enterprises of Denver,radenverelectric.com,radenverelectric.com,,,,Englewood,Colorado,US,80110
Sergei handyman electrician tv mounting Denver,linktr.ee,linktr.ee,,,,Englewood,Colorado,US,80113
Eleven Eleven Electric,elevenelevenelectric.com,elevenelevenelectric.com,,,,Erie,Colorado,US,80516
Ram Electric,ramelectricllc.com,ramelectricllc.com,,,,Erie,Colorado,US,80516
OC Electric,ocelectricusa.com,ocelectricusa.com,,,,Falcon,Colorado,US,80831
Awesome Electric,awesomeelectricltd.com,awesomeelectricltd.com,,,,Federal Heights,Colorado,US,80260
Elevated Electric,elevatedelectric.co,elevatedelectric.co,,,,Florissant,Colorado,US,80816
"AAA Service Plumbing, Heating & Electric",aaatoday.com,aaatoday.com,,,,Fort Collins,Colorado,US,80524
All Circuits Electrical,allcircuitselectrical.net,allcircuitselectrical.net,,,,Fort Collins,Colorado,US,80524
Allen Service,allenservice.com,allenservice.com,,,,Fort Collins,Colorado,US,80524
Alliance Electric Inc,nocoalliance.com,nocoalliance.com,,,,Fort Collins,Colorado,US,80526
Avery Electric Inc,averyelectricinc.com,averyelectricinc.com,,,,Fort Collins,Colorado,US,80524
Bison Home Service,bisonhomeservice.com,bisonhomeservice.com,,,,Fort Collins,Colorado,US,80524
Chadwick Home Services,chadwickservices.com,chadwickservices.com,,,,Fort Collins,Colorado,US,80524
Collins Control & Electrical Inc.,collins-control.com,collins-control.com,,,,Fort Collins,Colorado,US,80524
Diagnostic Guys,diagnosticguysco.com,diagnosticguysco.com,,,,Fort Collins,Colorado,US,80521
Driev,driev.us,driev.us,,,,Fort Collins,Colorado,US,80524
Dunn Electric LLC,dunnelectricnoco.com,dunnelectricnoco.com,,,,Fort Collins,Colorado,US,80524
Edyssen Electric Motor,edyssenelectricmotor.com,edyssenelectricmotor.com,,,,Fort Collins,Colorado,US,80524
Enertech Charging Station,enertech.energy,enertech.energy,,,,Fort Collins,Colorado,US,80525
Fadness Electric,fadnesselectric.com,fadnesselectric.com,,,,Fort Collins,Colorado,US,80524
Fort Collins Heating & Air Conditioning,fortcollinsheating.com,fortcollinsheating.com,,,,Fort Collins,Colorado,US,80524
"Glanz Electrical Contracting, Inc.",glanzelectric.com,glanzelectric.com,,,,Fort Collins,Colorado,US,80524
Grason Electric,grasonelectric.com,grasonelectric.com,,,,Fort Collins,Colorado,US,80524
Jolt Charging Station,joltcharge.com,joltcharge.com,,,,Fort Collins,Colorado,US,80525
Kenny Electric - Fort Collins,kenny-electric.com,kenny-electric.com,,,,Fort Collins,Colorado,US,80524
"Kinetic Electric, LLC",kineticelectricnoco.com,kineticelectricnoco.com,,,,Fort Collins,Colorado,US,80524
King Electric,kingelectricllc.com,kingelectricllc.com,,,,Fort Collins,Colorado,US,80528
Lamb Electric,lambelectricfortcollins.com,lambelectricfortcollins.com,,,,Fort Collins,Colorado,US,80524
Lion Home Service,lionhomeservice.com,lionhomeservice.com,,,,Fort Collins,Colorado,US,80525
Lockhart Electric LLC,lockhartelec.com,lockhartelec.com,,,,Fort Collins,Colorado,US,80524
"Luminous Electric, Heating, & Cooling",luminouselectricco.com,luminouselectricco.com,,,,Fort Collins,Colorado,US,80524
Merit Electric,meritelec.com,meritelec.com,,,,Fort Collins,Colorado,US,80525
NOCO Energy Solutions,nocoenergysolutions.com,nocoenergysolutions.com,,,,Fort Collins,Colorado,US,80524
Nissan Charging Station,fortcollinsnissan.com,fortcollinsnissan.com,,,,Fort Collins,Colorado,US,80525
Novotny Electric LLC,novotnyelectricllc.com,novotnyelectricllc.com,,,,Fort Collins,Colorado,US,80521
OtM Electric,otmelectric.com,otmelectric.com,,,,Fort Collins,Colorado,US,80526
PH Electric LLC,phelectricco.com,phelectricco.com,,,,Fort Collins,Colorado,US,80525
Smith Electric,smith-elec.com,smith-elec.com,,,,Fort Collins,Colorado,US,80525
Solar Pathways Energy & Electrical,solarpathways.com,solarpathways.com,,,,Fort Collins,Colorado,US,80525
T's Electric,tselectric.com,tselectric.com,,,,Fort Collins,Colorado,US,80524
TJ's Electric Inc,tjselectricnoco.com,tjselectricnoco.com,,,,Fort Collins,Colorado,US,80524
"Welzig Heating, Cooling, Plumbing & Electric",welzig-heating-and-air.com,welzig-heating-and-air.com,,,,Fort Collins,Colorado,US,80525
The Wire Wizards,wiredbywizards.org,wiredbywizards.org,,,,Fountain,Colorado,US,80817
B&B Electrical,bbelectricalco.com,bbelectricalco.com,,,,Frederick,Colorado,US,80516
Southpaw Electric Corp,southpawelectric.com,southpawelectric.com,,,,Frederick,Colorado,US,80516
Inside Source,inside-source.com,inside-source.com,,,,Frisco,Colorado,US,80443
"American Plumbing, Heating, Cooling & Electrical",americanpha.com,americanpha.com,,,,Glenwood Springs,Colorado,US,81601
Littell Electric,littellelectric.com,littellelectric.com,,,,Glenwood Springs,Colorado,US,81601
R&A Enterprises,raelectric.com,raelectric.com,,,,Glenwood Springs,Colorado,US,81601
"Fix-it 24/7 Plumbing, Heating, Air & Electric",fixmyhome.com,fixmyhome.com,,,,Golden,Colorado,US,80403
McBride Lighting & Electrical Services,mcbridelighting.com,mcbridelighting.com,,,,Golden,Colorado,US,80401
Specialized Electric Company,specializedelectric.com,specializedelectric.com,,,,Golden,Colorado,US,80403
E C Electric,ec-electric.com,ec-electric.com,,,,Grand Junction,Colorado,US,81505
AC-DC Electric,acdc-electric.com,acdc-electric.com,,,,Greeley,Colorado,US,80634
BES Electrical & HVAC Services,beselectricservices.com,beselectricservices.com,,,,Greenwood Village,Colorado,US,80112
John Laing Homes,johnlainghomesgree.wixsite.com,johnlainghomesgree.wixsite.com,,,,Greenwood Village,Colorado,US,80111
PTW Energy Services,ptwenergy.com,ptwenergy.com,,,,Greenwood Village,Colorado,US,80111
The Honest Electrician,thehonestelectrician.com,thehonestelectrician.com,,,,Greenwood Village,Colorado,US,80111
"Skyline Mechanical, Inc.",skylinemechanical.com,skylinemechanical.com,,,,Gypsum,Colorado,US,81637
Limelight Services,lime911.com,lime911.com,,,,Johnstown,Colorado,US,80534
Electric Sun LLC,electricsundenver.com,electricsundenver.com,,,,Lakewood,Colorado,US,80232
Firefly Electrical Services,fireflyelectricalservices.com,fireflyelectricalservices.com,,,,Lakewood,Colorado,US,80228
Next Level Pros,nextlevelpros.net,nextlevelpros.net,,,,Lakewood,Colorado,US,80214
Summit Peak Electrical,summitpeakelectrical.com,summitpeakelectrical.com,,,,Lakewood,Colorado,US,80226
Ampsgardian Electric LLC,ampsgardianelectricllc.com,ampsgardianelectricllc.com,,,,Leadville,Colorado,US,80461
Legacy Electrical Contractors,legacyelectrical.com,legacyelectrical.com,,,,Leadville,Colorado,US,80461
BP Electric,bpelectricnow.com,bpelectricnow.com,,,,Littleton,Colorado,US,80121
"Mr. Electric of Littleton, CO",mrelectriclittleton.com,mrelectriclittleton.com,,,,Littleton,Colorado,US,80120
Sundog Electric LLC,sundogelectric.com,sundogelectric.com,,,,Littleton,Colorado,US,80120
1st Choice Electrical Service,1stchoiceelectricalservice.com,1stchoiceelectricalservice.com,,,,Longmont,Colorado,US,80501
AAA Electric Co Inc,electricianlongmont.com,electricianlongmont.com,,,,Longmont,Colorado,US,80501
Precision Plumbing Heating Cooling Electric,precisionplumbing.com,precisionplumbing.com,,,,Louisville,Colorado,US,80027
Alpine Power Solutions,apsgenerators.net,apsgenerators.net,,,,Loveland,Colorado,US,80537
Eggers Electric,eggerselectric.com,eggerselectric.com,,,,Loveland,Colorado,US,80537
Peterson Electric,petersonelectricllc.com,petersonelectricllc.com,,,,Loveland,Colorado,US,80537
R&B Electrical Services,rb-electricalservices.com,rb-electricalservices.com,,,,Loveland,Colorado,US,80537
Three Crowns Electric,threecrownselectric.com,threecrownselectric.com,,,,Loveland,Colorado,US,80537
ChargePoint Charging Station,driver.chargepoint.com,driver.chargepoint.com,,,,Manitou Springs,Colorado,US,80829
Titus Electrical Services,tituselectricians.com,tituselectricians.com,,,,Mead,Colorado,US,80542
Eagle Valley Electric Inc,colorado-electrician.com,colorado-electrician.com,,,,Minturn,Colorado,US,81645
Sundance Plumbing And Heating,sundancephm.com,sundancephm.com,,,,Minturn,Colorado,US,81645
"C.A.M. Electric, Inc.",camelectric.us,camelectric.us,,,,Montrose,Colorado,US,81403
Canyon Creek Electric,canyoncreekelectric.com,canyoncreekelectric.com,,,,Montrose,Colorado,US,81401
Cold Canyon Electric,coldcanyonelectric.com,coldcanyonelectric.com,,,,Montrose,Colorado,US,81401
Pederson Electric INC.,pedersonelectricinc.com,pedersonelectricinc.com,,,,Montrose,Colorado,US,81401
Rocky Mountain Electric,rockymountainelec.com,rockymountainelec.com,,,,Montrose,Colorado,US,81401
upGrade electric LLC,upgradeelectricllc.com,upgradeelectricllc.com,,,,Monument,Colorado,US,80132
Altitude Electric LLC,altitudeelectric.com,altitudeelectric.com,,,,Morrison,Colorado,US,80465
Green Star Electric,greenstarboulder.com,greenstarboulder.com,,,,Nederland,Colorado,US,80466
Niwot Electric,niwotelectric.jobbersites.com,niwotelectric.jobbersites.com,,,,Niwot,Colorado,US,80503
Hometown Electrical Services Inc.,hometownelecservices.com,hometownelecservices.com,,,,Northglenn,Colorado,US,80233
Generator Supercenter of Denver,generatorsupercenterofdenver.com,generatorsupercenterofdenver.com,,,,Parker,Colorado,US,80134
"FREEDOM Electric & Lighting, LLC",freedomelectriclighting.com,freedomelectriclighting.com,,,,Peyton,Colorado,US,80831
Silverman Electric LLC,silvermanelectric.com,silvermanelectric.com,,,,Peyton,Colorado,US,80831
A-Phase Electric LLC,aphaseelectricllc.com,aphaseelectricllc.com,,,,Pueblo,Colorado,US,81003
Dutch Creek Electric,dutchcreekelectric.com,dutchcreekelectric.com,,,,Sheridan,Colorado,US,80110
"Always On Electric, Inc.",alwaysonelectricinc.net,alwaysonelectricinc.net,,,,Silt,Colorado,US,81652
Reeves & Sons Electric,reeveselectric.com,reeveselectric.com,,,,Silt,Colorado,US,81652
Central Electric LLC,central-ec.com,central-ec.com,,,,Steamboat Springs,Colorado,US,80487
Consolidated Electrical Distributors,cedstmbt.portalced.com,cedstmbt.portalced.com,,,,Steamboat Springs,Colorado,US,80487
Coon Electric,coonelectric.com,coonelectric.com,,,,Steamboat Springs,Colorado,US,80487
LGHT Co.,lghtco.co,lghtco.co,,,,Steamboat Springs,Colorado,US,80487
PAVS Smart Home Tech,pavs.tech,pavs.tech,,,,Steamboat Springs,Colorado,US,80477
Silver Mountain Electric,silvermountainelectric.com,silvermountainelectric.com,,,,Steamboat Springs,Colorado,US,80487
Stagecoach Electric Inc,stagecoachelectricinc.com,stagecoachelectricinc.com,,,,Steamboat Springs,Colorado,US,80487
Steamboat Electric,steamboatelectric.com,steamboatelectric.com,,,,Steamboat Springs,Colorado,US,80487
Yampa Valley Electric Association Inc,yvea.com,yvea.com,,,,Steamboat Springs,Colorado,US,80487
Artistic Systems CO,artisticsystems.net,artisticsystems.net,,,,Telluride,Colorado,US,81435
Bivy Group,bivygroup.com,bivygroup.com,,,,Telluride,Colorado,US,81435
David Craige Lighting Design,davidcraigelightingdesign.com,davidcraigelightingdesign.com,,,,Telluride,Colorado,US,81435
Enlighten Limited,enlightencolorado.com,enlightencolorado.com,,,,Telluride,Colorado,US,81435
"Finbro Construction, LLC",finbroconstruction.com,finbroconstruction.com,,,,Telluride,Colorado,US,81435
Mighty Bright Holiday Lights,getmightybright.com,getmightybright.com,,,,Telluride,Colorado,US,81435
Osborne Builders LLC,osbornebuilders.com,osbornebuilders.com,,,,Telluride,Colorado,US,81435
YX Tech,yxtech.co,yxtech.co,,,,Telluride,Colorado,US,81435
Just In Time Electrical & Plumbing,justintimeelectrical.com,justintimeelectrical.com,,,,Thornton,Colorado,US,80233
Full House Home Care,fullhousehomecare.com,fullhousehomecare.com,,,,Vail,Colorado,US,81657
General Contracting Enterprises LLC,generalcontractingenterprises.com,generalcontractingenterprises.com,,,,Vail,Colorado,US,81657
Handyman Enterprises LLC,handyman-enterprises.com,handyman-enterprises.com,,,,Vail,Colorado,US,81657
JJ Handyman Services/ HOME REMODELING,jjhandymanhomeremodeling.com,jjhandymanhomeremodeling.com,,,,Vail,Colorado,US,81657
Vail Webs,vailwebs.com,vailwebs.com,,,,Vail,Colorado,US,81657
West Vail Shell,westvailshell.com,westvailshell.com,,,,Vail,Colorado,US,81657
Daniels Electric,danielselectricco.com,danielselectricco.com,,,,Wellington,Colorado,US,80549
"Matlock Electric, LLC",electricianfortcollins.com,electricianfortcollins.com,,,,Wellington,Colorado,US,80549
Mountain Shadows Electrical,mountainshadowselectrical.com,mountainshadowselectrical.com,,,,Westminster,Colorado,US,80020
Professional Power,propowercolorado.com,propowercolorado.com,,,,Westminster,Colorado,US,80234
Electrician Denver CO,electriciansdenverco.com,electriciansdenverco.com,,,,Wheat Ridge,Colorado,US,80033
Table Mountain Electric Inc | Denver Electrician,tablemountainelectric.com,tablemountainelectric.com,,,,Wheat Ridge,Colorado,US,80033
Conduct All Electric,conductall.com,conductall.com,,,,Windsor,Colorado,US,80550
Doctor Generator,doctorgenerator.com,doctorgenerator.com,,,,Berlin,Connecticut,US,06037
Becker's HVAC & Electrical Services LLC,beckersservices.com,beckersservices.com,,,,Bloomfield,Connecticut,US,06002
Hadden Home Services,thorogoodelectric.com,thorogoodelectric.com,,,,Bloomfield,Connecticut,US,06002
"Huntington Power Equipment, Inc.",huntingtonpower.com,huntingtonpower.com,,,,Bloomfield,Connecticut,US,06002
KSB Electric,ksbelectricllc.com,ksbelectricllc.com,,,,Bolton,Connecticut,US,06043
AWB Electrical Services LLC,awbelectric.com,awbelectric.com,,,,Branford,Connecticut,US,06405
NJF Electrical Services,njfelectricalservices.com,njfelectricalservices.com,,,,Branford,Connecticut,US,06405
A-C Electrical Contractors LLC,acelectricalcontractor.com,acelectricalcontractor.com,,,,Bridgeport,Connecticut,US,06606
Northeast Generator,northeastgenerator.com,northeastgenerator.com,,,,Bridgeport,Connecticut,US,06604
Nuzzo Electrical Contractors,nuzzoelectric.com,nuzzoelectric.com,,,,Bridgeport,Connecticut,US,06604
O & M Electric Inc,omelectric.com,omelectric.com,,,,Bridgeport,Connecticut,US,06610
"Gabe's Electrical Services, LLC",gabeselectrical.com,gabeselectrical.com,,,,Brookfield,Connecticut,US,06804
O J Mann Electric Services Inc.,ojmannelectric.com,ojmannelectric.com,,,,Cheshire,Connecticut,US,06410
Darien Electric,darienelectric.com,darienelectric.com,,,,Darien,Connecticut,US,06820
Darien Generators,dariengenerators.com,dariengenerators.com,,,,Darien,Connecticut,US,06820
Deforest Electrical Contracting LLC,deforestelectricalcontractingllc.com,deforestelectricalcontractingllc.com,,,,Darien,Connecticut,US,06820
Proficient Electric LLC,proficientelectric.net,proficientelectric.net,,,,Darien,Connecticut,US,06820
SNS Electrical Services,snselectricalservices.com,snselectricalservices.com,,,,Derby,Connecticut,US,06418
Blue Light Electric,bluelightelec.com,bluelightelec.com,,,,Durham,Connecticut,US,06422
Connect Electric Inc,connectelectricct.com,connectelectricct.com,,,,Durham,Connecticut,US,06422
Associated Security Corporation,associatedsecuritycorporation.com,associatedsecuritycorporation.com,,,,East Hartford,Connecticut,US,06108
Bass Pro Shops,stores.basspro.com,stores.basspro.com,,,,East Hartford,Connecticut,US,06118
Dans Small Engine Repair LLC,dansmallenginerepair.com,dansmallenginerepair.com,,,,East Hartford,Connecticut,US,06118
Electrical Unlimited LLC,electricalunlimited-llc.com,electricalunlimited-llc.com,,,,East Hartford,Connecticut,US,06118
Modugno Electrical Contractor,modugnoelectric.com,modugnoelectric.com,,,,East Hartford,Connecticut,US,06108
"River East Power Equipment, LLC",powerequipmentct.com,powerequipmentct.com,,,,East Hartford,Connecticut,US,06108
Spaces LLC,buildyourspaces.com,buildyourspaces.com,,,,East Hartford,Connecticut,US,06108
West Electric,westelectric.energy,westelectric.energy,,,,East Hartford,Connecticut,US,06108
ESPOSITO ELECTRICAL & SECURITY,rjesposito.com,rjesposito.com,,,,East Haven,Connecticut,US,06512
Riley Electrical,rileyelectrical.com,rileyelectrical.com,,,,East Windsor,Connecticut,US,06088
Aries Electric L.L.C.,arieselectric203.com,arieselectric203.com,,,,Easton,Connecticut,US,06612
MacVane Electrical Services LLC,macvaneelectrical.com,macvaneelectrical.com,,,,Fairfield,Connecticut,US,06825
Smart Electrical Solutions,smartelectricalct.com,smartelectricalct.com,,,,Fairfield,Connecticut,US,06825
Yankee Electric Construction,yankeeelectric.com,yankeeelectric.com,,,,Fairfield,Connecticut,US,06824
PAUL CICCHETTI electrical llc,pcelectrical.com,pcelectrical.com,,,,Glastonbury,Connecticut,US,06033
Granby Electric LLC,granbyelectric.com,granbyelectric.com,,,,Granby,Connecticut,US,06035
Augustine Electric Inc,augustineelectric.com,augustineelectric.com,,,,Greenwich,Connecticut,US,06831
Ecny Electric Inc,ecnyelectric.com,ecnyelectric.com,,,,Greenwich,Connecticut,US,06831
Greenwich Electric - Electrical Contractor,greenwichelectric.com,greenwichelectric.com,,,,Greenwich,Connecticut,US,06831
MH Contracting,mh1.pro,mh1.pro,,,,Greenwich,Connecticut,US,06830
Michael C Weigold Inc,weigoldelectric.com,weigoldelectric.com,,,,Greenwich,Connecticut,US,06830
New England Total Power,netotalpower.com,netotalpower.com,,,,Greenwich,Connecticut,US,06830
Nielsen Electric,nielsenelectricllc.com,nielsenelectricllc.com,,,,Greenwich,Connecticut,US,06830
Rocco Kohut Electrical Installation and Repairs LLC,roccokohutelectrical.com,roccokohutelectrical.com,,,,Greenwich,Connecticut,US,06807
"Williams Electrical Mechanical Group, LLC",williamsemgroup.com,williamsemgroup.com,,,,Greenwich,Connecticut,US,06830
Voltz Electric LLC,voltzelectric.net,voltzelectric.net,,,,Guilford,Connecticut,US,06437
ATP Electric,atp-electric.com,atp-electric.com,,,,Hamden,Connecticut,US,06514
"CJC Electric, LLC",cjcelectric.com,cjcelectric.com,,,,Hamden,Connecticut,US,06518
Generator Repair,connecticutgeneratorrepair.com,connecticutgeneratorrepair.com,,,,Hamden,Connecticut,US,06518
Pax Electric,paxelectricct.com,paxelectricct.com,,,,Hamden,Connecticut,US,06518
Power Electric,hamdenelectric.com,hamdenelectric.com,,,,Hamden,Connecticut,US,06518
3C Electric,3celectricct.com,3celectricct.com,,,,Hartford,Connecticut,US,06106
ALL-GAS,allgas.com,allgas.com,,,,Hartford,Connecticut,US,06120
AmpUp Charging Station,app.ampup.io,app.ampup.io,,,,Hartford,Connecticut,US,06105
EquipmentShare,equipmentshare.com,equipmentshare.com,,,,Hartford,Connecticut,US,06120
Granite City Electric Supply,granitecityelectric.com,granitecityelectric.com,,,,Hartford,Connecticut,US,06114
Green View Electric Llc,mnoel0300.wixsite.com,mnoel0300.wixsite.com,,,,Hartford,Connecticut,US,06114
Jr. Morrison Electric LLC,llcmorrison.com,llcmorrison.com,,,,Hartford,Connecticut,US,06112
Keno Electrical Systems,kenoelectricalsystems.com,kenoelectricalsystems.com,,,,Hartford,Connecticut,US,06114
New England Electrical Contractors LLC,newenglandec.com,newenglandec.com,,,,Hartford,Connecticut,US,06114
Reliable Electric Motor Inc,remisi.com,remisi.com,,,,Hartford,Connecticut,US,06114
Rexel,rexelusa.com,rexelusa.com,,,,Hartford,Connecticut,US,06114
T&T Electrical Contractors,tandtelectrical.com,tandtelectrical.com,,,,Hartford,Connecticut,US,06120
Streamline Generator,thepowerisout.com,thepowerisout.com,,,,Marlborough,Connecticut,US,06447
CT Generator Service,ctgeneratorservice.com,ctgeneratorservice.com,,,,Middletown,Connecticut,US,06457
Harborview Electric LLC,harborviewelectric.com,harborviewelectric.com,,,,Milford,Connecticut,US,06460
Lagasse Electric LLC,lagasseelectric.com,lagasseelectric.com,,,,Milford,Connecticut,US,06460
Pace Electric Service LLC,paceelectricservice.com,paceelectricservice.com,,,,Milford,Connecticut,US,06460
Thomas Connolly Electrical Contractor LLC,thomasconnollyelectrical.com,thomasconnollyelectrical.com,,,,Milford,Connecticut,US,06461
"Ideal Contracting LLC, Electrical Services",idealcontractingllc.com,idealcontractingllc.com,,,,Monroe,Connecticut,US,06468
D.B. Lunt Electrical Contractors LLC,dbluntelectricalcontractors.com,dbluntelectricalcontractors.com,,,,Montville,Connecticut,US,06370
Buck Electric LLC,buckelectricct.com,buckelectricct.com,,,,Naugatuck,Connecticut,US,06770
Electrical Power Pros CT,electricalpowerpros.net,electricalpowerpros.net,,,,Naugatuck,Connecticut,US,06770
Applegreen Fast Charge Charging Station for EV,applegreenfastcharge.com,applegreenfastcharge.com,,,,New Canaan,Connecticut,US,06840
New Canaan Electric,newcanaanelectric.com,newcanaanelectric.com,,,,New Canaan,Connecticut,US,06840
Santella Electric,santellaelectricinc.com,santellaelectricinc.com,,,,New Canaan,Connecticut,US,06840
"New Hartford Electric, LLC",newhartfordelectric.com,newhartfordelectric.com,,,,New Hartford,Connecticut,US,06057
Adf Electric,adfelectric.com,adfelectric.com,,,,New Haven,Connecticut,US,06512
"All Electric Construction & Communications, LLC",allelectricct.com,allelectricct.com,,,,New Haven,Connecticut,US,06515
Apuzzo Electric Inc,apuzzoelectric.com,apuzzoelectric.com,,,,New Haven,Connecticut,US,06511
Consolidated Electric Inc,conelectricinc.com,conelectricinc.com,,,,New Haven,Connecticut,US,06512
Electric Vehicle Charging Station,propark.com,propark.com,,,,New Haven,Connecticut,US,06510
"Electrical Services Group, LLC",esg-ct.com,esg-ct.com,,,,New Haven,Connecticut,US,06512
Evoke Charging Station,evokesystems.com,evokesystems.com,,,,New Haven,Connecticut,US,06511
JB Pride Inc,jbprideinc.com,jbprideinc.com,,,,New Haven,Connecticut,US,06511
Matcha EV Charging Station,matchaelectric.com,matchaelectric.com,,,,New Haven,Connecticut,US,06510
PSEG,nj.pseg.com,nj.pseg.com,,,,New Haven,Connecticut,US,06512
Sampson Electric LLC,sampsonelectricllc.com,sampsonelectricllc.com,,,,New Haven,Connecticut,US,06513
Sunderland Electric,sunderlandelectric.com,sunderlandelectric.com,,,,New Haven,Connecticut,US,06512
Walter Electric LLC,walterelectricllc.com,walterelectricllc.com,,,,New London,Connecticut,US,06320
Mc Lain Electric Co Inc,mclainelectric.com,mclainelectric.com,,,,Newington,Connecticut,US,06111
Newington Electric,newingtonelectric.com,newingtonelectric.com,,,,Newington,Connecticut,US,06111
"Viking Electrical, LLC",vikingelectricllc.com,vikingelectricllc.com,,,,Newington,Connecticut,US,06111
Kevin Alves Electric LLC,kevinalveselectric.com,kevinalveselectric.com,,,,Newtown,Connecticut,US,06470
"New England Electrical Contracting, Inc.",newenglandelectricalct.com,newenglandelectricalct.com,,,,Newtown,Connecticut,US,06470
"Cahill Electrical Services, LLC",cahillelectricalservices.com,cahillelectricalservices.com,,,,North Haven,Connecticut,US,06473
Empower Electric LLC,empowerelectricllc.com,empowerelectricllc.com,,,,North Haven,Connecticut,US,06473
PE Home Generators,pehomegenerators.com,pehomegenerators.com,,,,North Haven,Connecticut,US,06473
Tri State Generator Co,tristategenco.com,tristategenco.com,,,,North Haven,Connecticut,US,06473
Barrios Electric,barrioselectric.com,barrioselectric.com,,,,Norwalk,Connecticut,US,06851
DiMar Technology LLC,dimartechnology.com,dimartechnology.com,,,,Norwalk,Connecticut,US,06851
E&A Electric LLC,eaelectricct.com,eaelectricct.com,,,,Norwalk,Connecticut,US,06854
Eleck & Salvato Electric Inc,eleckandsalvatoelectric.com,eleckandsalvatoelectric.com,,,,Norwalk,Connecticut,US,06855
GT Electric,gtelectric.com,gtelectric.com,,,,Norwalk,Connecticut,US,06851
JT Low Voltage & Data Networking,jtlowvoltage.com,jtlowvoltage.com,,,,Norwalk,Connecticut,US,06851
LOU ELECTRIC LLC,louelectric.com,louelectric.com,,,,Norwalk,Connecticut,US,06854
Marelectric Company,marelectriccompany.com,marelectriccompany.com,,,,Norwalk,Connecticut,US,06850
Rowayton Electric,rowaytonelectric.com,rowaytonelectric.com,,,,Norwalk,Connecticut,US,06855
Tarala Electric Group,taralaelectric.us,taralaelectric.us,,,,Norwalk,Connecticut,US,06851
Zveno Electric,zveno.net,zveno.net,,,,Norwalk,Connecticut,US,06850
Generators On Demand LLC,generatorsondemand.com,generatorsondemand.com,,,,Old Lyme,Connecticut,US,06371
Knight's Inc,knightsinc.com,knightsinc.com,,,,Orange,Connecticut,US,06477
"Professional Electrical Services, LLC",professionalelectricalct.com,professionalelectricalct.com,,,,Orange,Connecticut,US,06477
FERRER'S ELECTRIC LLC,ferrerelectricllc.com,ferrerelectricllc.com,,,,Oxford,Connecticut,US,06478
Ideal Electric LTD,idealelectricltd.com,idealelectricltd.com,,,,Oxford,Connecticut,US,06478
J.S. Electrical LLC,jselectrical-llc.com,jselectrical-llc.com,,,,Plainville,Connecticut,US,06062
"MC Electrical Contracting, LLC",mcelectricalcontracting.com,mcelectricalcontracting.com,,,,Plainville,Connecticut,US,06062
A & J Generator & Equipment LLC,ajgenerator.com,ajgenerator.com,,,,Prospect,Connecticut,US,06712
Accurate Electrical Contractors,accurateelectricalcontractors.com,accurateelectricalcontractors.com,,,,Prospect,Connecticut,US,06712
Len Rizzo Electric LLC,lenrizzoelectric.com,lenrizzoelectric.com,,,,Prospect,Connecticut,US,06712
Signature Electric Services llc,signatureelectricservices.com,signatureelectricservices.com,,,,Seymour,Connecticut,US,06483
"The Generator Guys, LLC",thegeneratorguysct.com,thegeneratorguysct.com,,,,Southbury,Connecticut,US,06488
CT Electrical Contractors | Electrician | Residential Commercial Electrical Contractor | Electrical Install Services,ctec-electrical.com,ctec-electrical.com,,,,Southington,Connecticut,US,06489
Acme Electrical Services LLC,acmect.com,acmect.com,,,,Stamford,Connecticut,US,06902
Affordable Handyman of Greenwich,ahofgreenwich.com,ahofgreenwich.com,,,,Stamford,Connecticut,US,06902
"Air Solutions, Inc.",airsolutions.tv,airsolutions.tv,,,,Stamford,Connecticut,US,06902
Camsan Inc. Electrical Contractors,camsaninc.com,camsaninc.com,,,,Stamford,Connecticut,US,06902
D'Arinzo Electric & Contracting,darinzoelectric.com,darinzoelectric.com,,,,Stamford,Connecticut,US,06906
Dasan Electric,dasanelectric.com,dasanelectric.com,,,,Stamford,Connecticut,US,06905
DeMartino Electric LLC,demartinoelectric.com,demartinoelectric.com,,,,Stamford,Connecticut,US,06902
Electrical Wholesalers Inc.,ew-ct.com,ew-ct.com,,,,Stamford,Connecticut,US,06902
GR Electric LLC,grelectricsllc.com,grelectricsllc.com,,,,Stamford,Connecticut,US,06905
GS Power Partners,gspp.com,gspp.com,,,,Stamford,Connecticut,US,06901
R & L Home Services LLC,randlhomeservices.com,randlhomeservices.com,,,,Stamford,Connecticut,US,06906
SVK Electrical Service LLC,svkelectricalservice.com,svkelectricalservice.com,,,,Stamford,Connecticut,US,06905
Safe and Sound Electric,safeandsoundelectric.com,safeandsoundelectric.com,,,,Stamford,Connecticut,US,06901
Sentry Electric LLC,sentryelectrical.com,sentryelectrical.com,,,,Stamford,Connecticut,US,06903
Sterling Electric LLC,sterlingelectricct.com,sterlingelectricct.com,,,,Stamford,Connecticut,US,06902
Super K Electric,superkelectric.com,superkelectric.com,,,,Stamford,Connecticut,US,06902
Venture Home,venturehome.com,venturehome.com,,,,Stamford,Connecticut,US,06902
Vogue Electric,vogue-electricinc.com,vogue-electricinc.com,,,,Stamford,Connecticut,US,06907
Volta Charging Station,thevoltacharging.com,thevoltacharging.com,,,,Stamford,Connecticut,US,06902
Wilson Electric LLC,wilsonpower.net,wilsonpower.net,,,,Stamford,Connecticut,US,06906
Kay Generator Company,kayelectricllc.com,kayelectricllc.com,,,,Stratford,Connecticut,US,06615
"Nextwave Electrical Contractors, LLC.",nextwave-electric.com,nextwave-electric.com,,,,Stratford,Connecticut,US,06614
Ray Brown Electric LLC,raybrownelectric.com,raybrownelectric.com,,,,Stratford,Connecticut,US,06614
AJP Electric,ajpelectricllc.com,ajpelectricllc.com,,,,Tolland,Connecticut,US,06084
"Konopka Electric, LLC",konopkaelectric.com,konopkaelectric.com,,,,Torrington,Connecticut,US,06790
Rosa Electric,rosaelectricct.com,rosaelectricct.com,,,,Vernon,Connecticut,US,06066
Generator Systems LLC,generatorsystemsllc.com,generatorsystemsllc.com,,,,Wallingford,Connecticut,US,06492
Wright Electric,wrightelectric.kohlergeneratordealer.com,wrightelectric.kohlergeneratordealer.com,,,,Washington,Connecticut,US,06794
Miele Electric Power CT Generator Pros,mieleelectricpower.com,mieleelectricpower.com,,,,Waterbury,Connecticut,US,06708
AA Electrical Services Inc.,connecticut-electrician.com,connecticut-electrician.com,,,,West Hartford,Connecticut,US,06110
Butler Equipment LLC,butlerequip.com,butlerequip.com,,,,West Hartford,Connecticut,US,06110
Eriksson Electric,erikssonelectric.com,erikssonelectric.com,,,,West Hartford,Connecticut,US,06107
Larsen Ace Hardware,larsenacehardware.com,larsenacehardware.com,,,,West Hartford,Connecticut,US,06107
AAA Electrical Services Inc.,aaaesct.com,aaaesct.com,,,,West Haven,Connecticut,US,06516
Kings electrical contracting,kingselectricservicesllc.com,kingselectricservicesllc.com,,,,West Haven,Connecticut,US,06516
PowerPlus Electric & Communications LLC,powerplusct.com,powerplusct.com,,,,West Haven,Connecticut,US,06516
Davenport Electric,connecticut-electrical.com,connecticut-electrical.com,,,,Weston,Connecticut,US,06883
"Avila Electrical Services, LLC",avilaelectricct.com,avilaelectricct.com,,,,Westport,Connecticut,US,06880
Gunzy Electric Inc,gunzyelectric.com,gunzyelectric.com,,,,Westport,Connecticut,US,06880
Handyman Express LLC,handymanexpressct.com,handymanexpressct.com,,,,Westport,Connecticut,US,06880
TJF Electric,tjfelectric.com,tjfelectric.com,,,,Willington,Connecticut,US,06279
Cannondale Generators Inc.,cannondalegenerators.com,cannondalegenerators.com,,,,Wilton,Connecticut,US,06897
Chestnut Electric Corporation,chestnutelectric.com,chestnutelectric.com,,,,Wilton,Connecticut,US,06897
Tomas Electric LLC,tomaselectricllc.com,tomaselectricllc.com,,,,Wilton,Connecticut,US,06897
Wilton Electric Company,wiltonelectricct.com,wiltonelectricct.com,,,,Wilton,Connecticut,US,06897
Baker Home Electric,bakerhomeelectric.com,bakerhomeelectric.com,,,,Windsor,Connecticut,US,06095
Telcom Electrical Contractor LLC,telcomelectricalllc.com,telcomelectricalllc.com,,,,Windsor,Connecticut,US,06095
ACA Power and Mechanical,aca-power.com,aca-power.com,,,,Washington,District of Columbia,US,20005
Current Electricals,current-electricals-1.ueniweb.com,current-electricals-1.ueniweb.com,,,,Washington,District of Columbia,US,20018
DMV ELECTRIC SERVICE DC,dmvelectricservice.com,dmvelectricservice.com,,,,Washington,District of Columbia,US,20036
District Electrical,districtelectricalservices.com,districtelectricalservices.com,,,,Washington,District of Columbia,US,20003
Electrician Pros,my-site-fhpzfj75-allysongloverrr.wix-vibe-site.com,my-site-fhpzfj75-allysongloverrr.wix-vibe-site.com,,,,Washington,District of Columbia,US,20003
Harris Electric Company,harriselectriccompany.com,harriselectriccompany.com,,,,Washington,District of Columbia,US,20002
"Johnson Electric Company, Inc.",jecoinc.com,jecoinc.com,,,,Washington,District of Columbia,US,20011
Jones Electric Co,joneselectricco1.com,joneselectricco1.com,,,,Washington,District of Columbia,US,20018
Luis&James Electric LLC.,luisjameselectricllc.com,luisjameselectricllc.com,,,,Washington,District of Columbia,US,20011
MelFoster Electric LLC,melfoster-electric-dmv.com,melfoster-electric-dmv.com,,,,Washington,District of Columbia,US,20002
NGACH ELECTRIC LLC,ngachelectric.com,ngachelectric.com,,,,Washington,District of Columbia,US,20019
Paradise Construction LLC,paradise-construction-dmv.com,paradise-construction-dmv.com,,,,Washington,District of Columbia,US,20009
Precise Building Services,precisebuildingservices.com,precisebuildingservices.com,,,,Washington,District of Columbia,US,20002
Rsc Electrical & Mech Contractor,rsccompany.com,rsccompany.com,,,,Washington,District of Columbia,US,20019
Savage Technical Services,savatech.net,savatech.net,,,,Washington,District of Columbia,US,20020
Shepherd Electric Supply of D.C. LLC (Affiliate),shepherddc.com,shepherddc.com,,,,Washington,District of Columbia,US,20018
"SmartEnergy Washington, DC",smartenergy.com,smartenergy.com,,,,Washington,District of Columbia,US,20005
Sol Systems,solsystems.com,solsystems.com,,,,Washington,District of Columbia,US,20036
Solar Solution DC,solarsolutiondc.com,solarsolutiondc.com,,,,Washington,District of Columbia,US,20011
Teruel The best handyman INC,teruelservices.com,teruelservices.com,,,,Washington,District of Columbia,US,20001
Yabi-T Services,yabitservices.com,yabitservices.com,,,,Washington,District of Columbia,US,20009
"AEZI Electrical Services, LLC",aezielectrical.com,aezielectrical.com,,,,Wilmington,Delaware,US,19805
A-Lumination Electric,a-lumination.com,a-lumination.com,,,,Altamonte Springs,Florida,US,32714
Generator Supercenter of Orlando,generatorsupercenteroforlando.com,generatorsupercenteroforlando.com,,,,Altamonte Springs,Florida,US,32701
Super Fast Electric,superfastelectric.com,superfastelectric.com,,,,Altamonte Springs,Florida,US,32714
UP & Down Electrical Services LLC EC#13014809,upanddownelectricalservicesllc.com,upanddownelectricalservicesllc.com,,,,Altamonte Springs,Florida,US,32701
Charter Electrical,choosecharterelectric.com,choosecharterelectric.com,,,,Apollo Beach,Florida,US,33572
Generac Generator Maintenance Service And Sales,generatormaintenanceoffl.com,generatormaintenanceoffl.com,,,,Apopka,Florida,US,32703
limbaugh electrical contracting,electrician-jax.com,electrician-jax.com,,,,Atlantic Beach,Florida,US,32233
Lower Keys Electric,lowerkeyselectric.com,lowerkeyselectric.com,,,,Big Pine Key,Florida,US,33043
Tomkins Electric LLC,tomkinselectric.com,tomkinselectric.com,,,,Big Pine Key,Florida,US,33043
AC Electric inc,acelectricboca.com,acelectricboca.com,,,,Boca Raton,Florida,US,33487
All-Pro Electrical and Air Conditioning,trustallpro.com,trustallpro.com,,,,Boca Raton,Florida,US,33487
Aspire Electric Inc,voltfl.com,voltfl.com,,,,Boca Raton,Florida,US,33433
"BTB Electric, LLC.",btbelectric.com,btbelectric.com,,,,Boca Raton,Florida,US,33431
"Blue Phase Electric, INC.",bluephaseelectric.com,bluephaseelectric.com,,,,Boca Raton,Florida,US,33428
Boca Electric,bocaelectric.net,bocaelectric.net,,,,Boca Raton,Florida,US,33431
Boca Electrical Service,bocaelectricalservices.com,bocaelectricalservices.com,,,,Boca Raton,Florida,US,33432
ELS Electric Services,elselectricservices.com,elselectricservices.com,,,,Boca Raton,Florida,US,33498
Emerald Home Services,palmairac.com,palmairac.com,,,,Boca Raton,Florida,US,33431
Essebag Electric,essebagelectric.com,essebagelectric.com,,,,Boca Raton,Florida,US,33433
Gallagher Electric Company,gallagherelectric.co,gallagherelectric.co,,,,Boca Raton,Florida,US,33496
Generator Giantz,generatorgiantz.com,generatorgiantz.com,,,,Boca Raton,Florida,US,33433
High Voltage Electric,highvoltageelectric.net,highvoltageelectric.net,,,,Boca Raton,Florida,US,33431
KG Electrical Services,kgelectricservices.netlify.app,kgelectricservices.netlify.app,,,,Boca Raton,Florida,US,33433
"Latchford Electric, inc.",latchfordelectricinc.com,latchfordelectricinc.com,,,,Boca Raton,Florida,US,33498
Lineup Electric,lineupelectric.com,lineupelectric.com,,,,Boca Raton,Florida,US,33486
Meisner Electric Inc,meisnerelectric.com,meisnerelectric.com,,,,Boca Raton,Florida,US,33431
Rack Electric,rackelectric.com,rackelectric.com,,,,Boca Raton,Florida,US,33432
Reliant Electrician Boca Raton,reliantelectricianbocaraton.com,reliantelectricianbocaraton.com,,,,Boca Raton,Florida,US,33428
Remote Electric Inc,remoteelectricinc.com,remoteelectricinc.com,,,,Boca Raton,Florida,US,33432
"Southern Coast Air Conditioning, Plumbing & Electric Repair",southerncoastservices.com,southerncoastservices.com,,,,Boca Raton,Florida,US,33432
A/C Electrical Services,acelectric.net,acelectric.net,,,,Bonita Springs,Florida,US,34135
Erics Electrical Services LLC,ericselectricalservices.com,ericselectricalservices.com,,,,Bonita Springs,Florida,US,34135
SPEEDY ELECTRIC,myspeedyelectric.com,myspeedyelectric.com,,,,Bonita Springs,Florida,US,34134
"Total Power Generation, LLC",totalpowergeneration.com,totalpowergeneration.com,,,,Boynton Beach,Florida,US,33426
Coastal Electric of Sarasota,coastalelectricsarasota.com,coastalelectricsarasota.com,,,,Bradenton,Florida,US,34203
EGP Electrical LLC,egpelectrical.com,egpelectrical.com,,,,Bradenton,Florida,US,34203
Luminous Electric,lumelect.com,lumelect.com,,,,Bradenton,Florida,US,34211
Mister Sparky,sarasotamistersparky.com,sarasotamistersparky.com,,,,Bradenton,Florida,US,34208
R2 Electric LLC,r2electricllc.com,r2electricllc.com,,,,Bradenton,Florida,US,34203
United Electric,unitedelectric.biz,unitedelectric.biz,,,,Bradenton,Florida,US,34203
"Little Electrical Solutions, Llc",littleelectricalsolutions.com,littleelectricalsolutions.com,,,,Bunnell,Florida,US,32110
ChargeSmart Charging Station,chargesmartev.com,chargesmartev.com,,,,Cape Coral,Florida,US,33909
Florida Sky Electric Inc,floridaskyelectric.com,floridaskyelectric.com,,,,Cape Coral,Florida,US,33909
"NCS Electric, Inc.",ncselectric.com,ncselectric.com,,,,Cape Coral,Florida,US,33909
RCS & Company Inc,rcs-electricalservices.com,rcs-electricalservices.com,,,,Cape Coral,Florida,US,33909
Shalom Electrical LLC,shalomelectrical.com,shalomelectrical.com,,,,Cape Coral,Florida,US,33990
Spectrum Electric,spectrumelectricinc.com,spectrumelectricinc.com,,,,Casselberry,Florida,US,32707
Green Light Electric LLC,greenlightele.com,greenlightele.com,,,,Clearwater,Florida,US,33762
Red Royal Electric,redroyalelectric.com,redroyalelectric.com,,,,Clearwater,Florida,US,33755
USA Generators,usamadegenerators.com,usamadegenerators.com,,,,Clearwater,Florida,US,33765
JPEG Inc. Electrical Contracting,jpeginc.com,jpeginc.com,,,,Cooper City,Florida,US,33330
Elekron Electric Inc,elekronelectric.com,elekronelectric.com,,,,Coral Gables,Florida,US,33134
Brattain Electrical Services LLC,sites.google.com,sites.google.com,,,,Crawfordville,Florida,US,32327
"Joseph E. Morgan Electrical Contractor, Inc",jemorganelectric.com,jemorganelectric.com,,,,Crawfordville,Florida,US,32327
"Lower Keys Electric, Inc",lowerkeyselec.com,lowerkeyselec.com,,,,Cudjoe Key,Florida,US,33042
EMPOWER GENERATORS INC.,empowergenerators.com,empowergenerators.com,,,,Dania Beach,Florida,US,33004
Handy Electric of Florida,handyelectricfl.com,handyelectricfl.com,,,,Dania Beach,Florida,US,33004
American Generator Services,americangeneratorservices.com,americangeneratorservices.com,,,,Davie,Florida,US,33326
Generator & Power Systems Service LLC,gpss.us,gpss.us,,,,Davie,Florida,US,33317
Bayshore Electric Inc,bayshoreelectric.com,bayshoreelectric.com,,,,Daytona Beach,Florida,US,32114
Carter Electric Co Inc,carterelectric.com,carterelectric.com,,,,Daytona Beach,Florida,US,32114
Consolidated Electrical Distributors,ceddaytona.portalced.com,ceddaytona.portalced.com,,,,Daytona Beach,Florida,US,32114
Crapps Electrical,daytonabeachelectrical.com,daytonabeachelectrical.com,,,,Daytona Beach,Florida,US,32114
Daytona Outdoor Power,opedaytona.com,opedaytona.com,,,,Daytona Beach,Florida,US,32114
G Henry Electric,ghenryelectric.com,ghenryelectric.com,,,,Daytona Beach,Florida,US,32117
Generator Supercenter of Daytona Beach,generatorsupercenterofdaytonabeach.com,generatorsupercenterofdaytonabeach.com,,,,Daytona Beach,Florida,US,32117
Koontz Heating & Air,koontzair.com,koontzair.com,,,,Daytona Beach,Florida,US,32117
"Landis Electric, Llc",landiselectrical.com,landiselectrical.com,,,,Daytona Beach,Florida,US,32124
Lynch Electric & Design,lynchelectricdesign.com,lynchelectricdesign.com,,,,Daytona Beach,Florida,US,32114
Mister Sparky,daytonamistersparky.com,daytonamistersparky.com,,,,Daytona Beach,Florida,US,32119
Paul's Electric,paulselectric.com,paulselectric.com,,,,Daytona Beach,Florida,US,32117
Strada Services,stradaservices.com,stradaservices.com,,,,Daytona Beach,Florida,US,32114
Wilco Electrical LLC,wilcollc.com,wilcollc.com,,,,Daytona Beach,Florida,US,32114
Calkins Electric Construction Co,calkinsfl.com,calkinsfl.com,,,,DeLand,Florida,US,32720
HH Electric LLC,hhelectricfl.com,hhelectricfl.com,,,,DeLand,Florida,US,32724
Vincent Anthony Electric,vincentanthonyelectric.com,vincentanthonyelectric.com,,,,DeLand,Florida,US,32724
120 Electric,120electricfl.com,120electricfl.com,,,,Deerfield Beach,Florida,US,33441
All Power Solutions,allpowersolutions.com,allpowersolutions.com,,,,Deerfield Beach,Florida,US,33441
Dorco Electric Inc.,dorcoelectric.us,dorcoelectric.us,,,,Deerfield Beach,Florida,US,33441
Elcon Electric,elconelectric.com,elconelectric.com,,,,Deerfield Beach,Florida,US,33442
"Elite Electrical Concepts, LLC",eec-fl.com,eec-fl.com,,,,Deerfield Beach,Florida,US,33441
Emerald Isle Electric LLC,isleelectric.com,isleelectric.com,,,,Deerfield Beach,Florida,US,33441
Evolution Electrical Contractor Group LLC,evolutionelectricals.com,evolutionelectricals.com,,,,Deerfield Beach,Florida,US,33442
Perfect Connection Electrical Service LLC,perfectconnectionelectricalservice.com,perfectconnectionelectricalservice.com,,,,Deerfield Beach,Florida,US,33442
Precise Electrical Llc,preciseelectricalfl.com,preciseelectricalfl.com,,,,Deerfield Beach,Florida,US,33441
Reliable Power Systems,myreliablepower.com,myreliablepower.com,,,,Deerfield Beach,Florida,US,33442
Assurance Power Systems,assurancepower.com,assurancepower.com,,,,Delray Beach,Florida,US,33444
Division 16 Electric Company,div16electric.com,div16electric.com,,,,Delray Beach,Florida,US,33444
Razorback Electric,razorbackelectric.com,razorbackelectric.com,,,,Delray Beach,Florida,US,33444
A-1 Electric of Destin Inc,destinelectricians.com,destinelectricians.com,,,,Destin,Florida,US,32541
"Coltin Electric, Inc.",coltinelectric.com,coltinelectric.com,,,,Destin,Florida,US,32541
Destin Air Conditioning & Refrigeration,z7az.top,z7az.top,,,,Destin,Florida,US,32541
Gulf Coast Electric,gcedestin.com,gcedestin.com,,,,Destin,Florida,US,32541
IN2IT PROPERTY SOLUTIONS,in2itpros.com,in2itpros.com,,,,Destin,Florida,US,32541
Mc Henry Electric Inc,mchenryelectric.com,mchenryelectric.com,,,,Destin,Florida,US,32550
ProTeriors Complete Property Maintenance,proteriorscpm.com,proteriorscpm.com,,,,Destin,Florida,US,32541
ARC Electrical Services Corp.,arcelectricalcorp.com,arcelectricalcorp.com,,,,Doral,Florida,US,33172
BeaconVolt,beaconvolt.com,beaconvolt.com,,,,Doral,Florida,US,33122
G & T Electric CO,gandtelectric.com,gandtelectric.com,,,,Doral,Florida,US,33172
Aaron's Electric Service inc.,aaronselectricservice.com,aaronselectricservice.com,,,,Eastpoint,Florida,US,32328
Accurate Power and Technology / DBA A Generator Guy of Orlando,accuratepowerandtechnology.com,accuratepowerandtechnology.com,,,,Eustis,Florida,US,32726
GenCo Generators | Florida and Georgia,gencogenerators.com,gencogenerators.com,,,,Fernandina Beach,Florida,US,32034
BSA Power Solutions,bsapowersolutions.com,bsapowersolutions.com,,,,Fort Lauderdale,Florida,US,33309
Boat Energy LLC,boatenergy.com,boatenergy.com,,,,Fort Lauderdale,Florida,US,33309
Broward Armature LLC,browardarmature.com,browardarmature.com,,,,Fort Lauderdale,Florida,US,33309
Circle Generator Services,circlegenerators.com,circlegenerators.com,,,,Fort Lauderdale,Florida,US,33315
Don Hillman Inc,donhillmaninc.com,donhillmaninc.com,,,,Fort Lauderdale,Florida,US,33315
Envision Electrical Solutions,envisionelectricalsolutions.com,envisionelectricalsolutions.com,,,,Fort Lauderdale,Florida,US,33309
Flowtron Electric Inc,flowtronelectric.com,flowtronelectric.com,,,,Fort Lauderdale,Florida,US,33312
Fort Lauderdale Electricians,fortlauderdaleelectricians.net,fortlauderdaleelectricians.net,,,,Fort Lauderdale,Florida,US,33316
Frank Barrett Electric,barrettelectric.net,barrettelectric.net,,,,Fort Lauderdale,Florida,US,33316
"KPB Services Company International, Inc.",kpbgenerators.com,kpbgenerators.com,,,,Fort Lauderdale,Florida,US,33305
Langer Electric Co.,langerelectricservices.com,langerelectricservices.com,,,,Fort Lauderdale,Florida,US,33309
Light Team Services,lightteamservices.com,lightteamservices.com,,,,Fort Lauderdale,Florida,US,33315
Mase Generators of North America LLC,masenorthamerica.com,masenorthamerica.com,,,,Fort Lauderdale,Florida,US,33309
Megawattage,megawattage.com,megawattage.com,,,,Fort Lauderdale,Florida,US,33312
Miami Dade Electrical Supply,mdesfl.com,mdesfl.com,,,,Fort Lauderdale,Florida,US,33312
Perfect Electric Repairs,perfectelectricrepairs.com,perfectelectricrepairs.com,,,,Fort Lauderdale,Florida,US,33311
Perfect Electric Solutions,perfectelectricsolutions.com,perfectelectricsolutions.com,,,,Fort Lauderdale,Florida,US,33311
Premier Electrical Services of Fort Lauderdale,premierelectricalservs.com,premierelectricalservs.com,,,,Fort Lauderdale,Florida,US,33316
"Sirius Electrical Contractors, LLC",siriuselectric.net,siriuselectric.net,,,,Fort Lauderdale,Florida,US,33309
Sunshine State Electric,sselectric.com,sselectric.com,,,,Fort Lauderdale,Florida,US,33311
Superior Electric and Air,superiorelectricandair.com,superiorelectricandair.com,,,,Fort Lauderdale,Florida,US,33304
US Supercharge Charging Station,ussupercharge.com,ussupercharge.com,,,,Fort Lauderdale,Florida,US,33304
bp pulse Charging Station,bppulse.com,bppulse.com,,,,Fort Lauderdale,Florida,US,33316
AA Action Electric,aaactionelectric.com,aaactionelectric.com,,,,Fort Myers,Florida,US,33901
"ABC Electric Service, Inc.",abcelectricservice.com,abcelectricservice.com,,,,Fort Myers,Florida,US,33907
All Phase Electric Service,allphase-electric.com,allphase-electric.com,,,,Fort Myers,Florida,US,33912
Best Home Services,getbest.com,getbest.com,,,,Fort Myers,Florida,US,33908
Bo's Generators,bosgenerators.com,bosgenerators.com,,,,Fort Myers,Florida,US,33912
Brittania Electric,brittaniaelectric.com,brittaniaelectric.com,,,,Fort Myers,Florida,US,33907
Coastal Standby Generators Inc.,coastalstandbygeneratorsinc.kohlergeneratordealer.com,coastalstandbygeneratorsinc.kohlergeneratordealer.com,,,,Fort Myers,Florida,US,33966
Coharbor Electric LLC,coharborelectric.com,coharborelectric.com,,,,Fort Myers,Florida,US,33966
"Collier Electric Company of Fort Myers, Inc.",collierelectricfm.com,collierelectricfm.com,,,,Fort Myers,Florida,US,33966
Coup Electric Co.,coupelectric.com,coupelectric.com,,,,Fort Myers,Florida,US,33967
Dynamic Electric,dynamicelectricfl.com,dynamicelectricfl.com,,,,Fort Myers,Florida,US,33901
Elected Electric & Construction,electedelectric.com,electedelectric.com,,,,Fort Myers,Florida,US,33905
Electrician Fort Myers,electrician-fort-myers.com,electrician-fort-myers.com,,,,Fort Myers,Florida,US,33916
Elevate Home Services Electrical,elevatemyhome.com,elevatemyhome.com,,,,Fort Myers,Florida,US,33905
"Elite Electrical Contractors, Inc",elite1314.com,elite1314.com,,,,Fort Myers,Florida,US,33905
Gen-Power,genpowerco.com,genpowerco.com,,,,Fort Myers,Florida,US,33913
Generator Supercenter of Southwest Florida,generatorsupercenteroffortmyers.com,generatorsupercenteroffortmyers.com,,,,Fort Myers,Florida,US,33908
Infinite Electric & Air,infinitefl.com,infinitefl.com,,,,Fort Myers,Florida,US,33907
Integrity Electrical Services #EC13009528,integrityelectricalservices.net,integrityelectricalservices.net,,,,Fort Myers,Florida,US,33967
JMW ELECTRIC,jmwelectric.com,jmwelectric.com,,,,Fort Myers,Florida,US,33905
"Lit Electric Inc - Affordable Electrician in Fort Myers, FL",litelectricinc.com,litelectricinc.com,,,,Fort Myers,Florida,US,33966
"Mabry Brothers, Inc",mabrybrothers.com,mabrybrothers.com,,,,Fort Myers,Florida,US,33912
"Markarian Electric LLC in Watertown, MA",markarianelectric.com,markarianelectric.com,,,,Fort Myers,Florida,US,33901
Marriott Charging Station,help.marriott.com,help.marriott.com,,,,Fort Myers,Florida,US,33913
Mister Sparky,fortmyersmistersparky.com,fortmyersmistersparky.com,,,,Fort Myers,Florida,US,33913
Nova Electrical Contractors,nova-electrical.com,nova-electrical.com,,,,Fort Myers,Florida,US,33913
Panther Pro Services LLC,pantherproservices.com,pantherproservices.com,,,,Fort Myers,Florida,US,33966
Powerhouse Home Services,powerhouseswfl.com,powerhouseswfl.com,,,,Fort Myers,Florida,US,33967
"Preferred Services Of Swfl, Inc.",preferredservicesofswfl.com,preferredservicesofswfl.com,,,,Fort Myers,Florida,US,33916
"SWFL Electrical Services, LLC",swfl-es.com,swfl-es.com,,,,Fort Myers,Florida,US,33901
Sessco Electric,sesscoelectric.com,sesscoelectric.com,,,,Fort Myers,Florida,US,33913
Southern Power Electric,southernpowerelectric.com,southernpowerelectric.com,,,,Fort Myers,Florida,US,33912
Southwest Florida Electric Inc.,swflelectric.com,swflelectric.com,,,,Fort Myers,Florida,US,33901
"Sun Electric Service, Inc.",sunelectricfl.com,sunelectricfl.com,,,,Fort Myers,Florida,US,33912
Titan Contracting Electrical Division,yourtitanteam.com,yourtitanteam.com,,,,Fort Myers,Florida,US,33901
Tropical Generator LLC,tropicalgenerator.com,tropicalgenerator.com,,,,Fort Myers,Florida,US,33913
WH Semmer Electric llc,whsemmerelectric.com,whsemmerelectric.com,,,,Fort Myers,Florida,US,33908
York Electric & Design LLC,york-electric.com,york-electric.com,,,,Fort Myers,Florida,US,33912
"United Lighting & Appliances, formally United Lighting & Supply Co",unitedlighting.com,unitedlighting.com,,,,Fort Walton Beach,Florida,US,32548
352 Electric LLC,352electric.com,352electric.com,,,,Gainesville,Florida,US,32609
AAMAC Auto Electric,aamacautoelectric.com,aamacautoelectric.com,,,,Gainesville,Florida,US,32601
"Alachua Electric, LLC",alachuaelectric.com,alachuaelectric.com,,,,Gainesville,Florida,US,32606
Alford's Affordable Services,alfordservice.com,alfordservice.com,,,,Gainesville,Florida,US,32609
Archer Electric Service Co,archerelectricservice.com,archerelectricservice.com,,,,Gainesville,Florida,US,32608
Bill Wells Corp,billwellscorp.com,billwellscorp.com,,,,Gainesville,Florida,US,32609
ChargeUp Charging Station,chargeupev.com,chargeupev.com,,,,Gainesville,Florida,US,32608
City Electric Supply Gainesville East,cityelectricsupply.com,cityelectricsupply.com,,,,Gainesville,Florida,US,32609
"Clay Electric Cooperative, Inc.",clayelectric.com,clayelectric.com,,,,Gainesville,Florida,US,32606
Craft Electric Inc,craftelectric.org,craftelectric.org,,,,Gainesville,Florida,US,32608
"Del Sol Electric, LLC",delsolelectricgnv.com,delsolelectricgnv.com,,,,Gainesville,Florida,US,32608
EnLight Energy,enlight.energy,enlight.energy,,,,Gainesville,Florida,US,32608
Felknor Electric Inc,felknorelectric.com,felknorelectric.com,,,,Gainesville,Florida,US,32601
Full Service Electrician Pros,my-site-sl1dths2-aagnesmchl.wix-vibe-site.com,my-site-sl1dths2-aagnesmchl.wix-vibe-site.com,,,,Gainesville,Florida,US,32605
Gainesville Electrical Joint,gainesvillejatc.org,gainesvillejatc.org,,,,Gainesville,Florida,US,32609
"Goodson Electric Service, LLC",goodsonelectric.net,goodsonelectric.net,,,,Gainesville,Florida,US,32606
Grener Electric,grenerelectric.com,grenerelectric.com,,,,Gainesville,Florida,US,32609
Gunning Electric Inc,gunningelectric.com,gunningelectric.com,,,,Gainesville,Florida,US,32606
Hampton Inn Charging Station,hilton.com,hilton.com,,,,Gainesville,Florida,US,32608
Mister Sparky,gainesvillemistersparky.com,gainesvillemistersparky.com,,,,Gainesville,Florida,US,32609
PPM Solar,ppm.solar,ppm.solar,,,,Gainesville,Florida,US,32601
Preston Link Electric,prestonlinkelectric.com,prestonlinkelectric.com,,,,Gainesville,Florida,US,32608
"R Leon Electric, Inc.",rleonelectric.com,rleonelectric.com,,,,Gainesville,Florida,US,32607
SDS Electrical & Handyman Services LLC,sdselectricalhandyman.com,sdselectricalhandyman.com,,,,Gainesville,Florida,US,32608
"Santa Fe Electric, Inc.",santafeelectric.net,santafeelectric.net,,,,Gainesville,Florida,US,32609
Sunshine Services,sunshineservices.com,sunshineservices.com,,,,Gainesville,Florida,US,32608
"Vintage Electric, Inc.",vintageelectric.net,vintageelectric.net,,,,Gainesville,Florida,US,32653
Bill Smith Electric,billsmithelectric.com,billsmithelectric.com,,,,Gonzalez,Florida,US,32533
Hual Electric Inc,hualelectric.com,hualelectric.com,,,,Gonzalez,Florida,US,32533
Premier Electric Services,premierelectricservicesfl.com,premierelectricservicesfl.com,,,,Gonzalez,Florida,US,32533
Beaches Electrical Service,beacheselectricalserviceinc.com,beacheselectricalserviceinc.com,,,,Green Cove Springs,Florida,US,32043
Heck Electric,heck-electric.com,heck-electric.com,,,,Green Cove Springs,Florida,US,32043
My Emergency Power,myemergencypower.com,myemergencypower.com,,,,Green Cove Springs,Florida,US,32043
Coastal Power & Gas,coastalpwr.com,coastalpwr.com,,,,Gulf Breeze,Florida,US,32563
Gulf Breeze Electric Co,gulfbreezeelectric.net,gulfbreezeelectric.net,,,,Gulf Breeze,Florida,US,32563
SES Electrical Services LLC,seselectricservices.com,seselectricservices.com,,,,Gulf Breeze,Florida,US,32563
"The Generator Guys, Forrest Jordan and Associates",thegeneratorguys.co,thegeneratorguys.co,,,,Gulf Breeze,Florida,US,32563
All Source Services,allsourceservicesllc.net,allsourceservicesllc.net,,,,Hawthorne,Florida,US,32640
Quality Power Services,qpspower.com,qpspower.com,,,,Hialeah,Florida,US,33018
Generator Supercenter of Broward,generatorsupercenterofbroward.com,generatorsupercenterofbroward.com,,,,Hollywood,Florida,US,33020
Levin Electric LLC,levin-electric.com,levin-electric.com,,,,Hollywood,Florida,US,33023
Solomon Electric,247electricianmiami.com,247electricianmiami.com,,,,Hollywood,Florida,US,33020
Generator Service Inc,old.generatorserviceinc.com,old.generatorserviceinc.com,,,,Homestead,Florida,US,33030
Verdecia Electric & A/C,miamielectricairhvac.com,miamielectricairhvac.com,,,,Homestead,Florida,US,33033
"Ken Rudd Electric, Inc.",kenruddelectric.com,kenruddelectric.com,,,,Hosford,Florida,US,32334
"Culpepper Electric, Inc.",culpepperelectric.net,culpepperelectric.net,,,,Indiantown,Florida,US,34956
Advanced Electric of North Florida,advancedwiringservices.com,advancedwiringservices.com,,,,Jacksonville,Florida,US,32207
"All American Electrical Contracting, Inc.",aaenfl.com,aaenfl.com,,,,Jacksonville,Florida,US,32254
All Service Electric,asejax.com,asejax.com,,,,Jacksonville,Florida,US,32211
American Electric,americanelectricofjacksonville.com,americanelectricofjacksonville.com,,,,Jacksonville,Florida,US,32211
American Electrical Contracting Inc.,american-electrical.com,american-electrical.com,,,,Jacksonville,Florida,US,32256
Apple Electric,appleelectricjax.com,appleelectricjax.com,,,,Jacksonville,Florida,US,32216
Bolt Electric,boltelectricnfl.com,boltelectricnfl.com,,,,Jacksonville,Florida,US,32211
Burbank Electric,burbankelectricnefl.com,burbankelectricnefl.com,,,,Jacksonville,Florida,US,32218
Copper & Co. Services,coppercoservices.com,coppercoservices.com,,,,Jacksonville,Florida,US,32207
Current Electrical Contractors,currentelectrical-jax.com,currentelectrical-jax.com,,,,Jacksonville,Florida,US,32216
DC Electrician,dcelectricalcontractorfl.com,dcelectricalcontractorfl.com,,,,Jacksonville,Florida,US,32223
DCS Electrician & Generators,dcselectrician.com,dcselectrician.com,,,,Jacksonville,Florida,US,32225
David Gray,davidgrayonline.com,davidgrayonline.com,,,,Jacksonville,Florida,US,32217
EVgo Charging Station,evgo.com,evgo.com,,,,Jacksonville,Florida,US,32221
Electrical Contracting Technologies (ECT),ectjax.co,ectjax.co,,,,Jacksonville,Florida,US,32256
Empire Electric Inc.,empireelec.com,empireelec.com,,,,Jacksonville,Florida,US,32211
Gispert Electrical Solutions LLC,gispertelectrical.com,gispertelectrical.com,,,,Jacksonville,Florida,US,32211
Howard Electrical Services Inc,howardelectricjax.com,howardelectricjax.com,,,,Jacksonville,Florida,US,32223
"Hubbard Electrical Contracting, LLC",hubbardelectricalcontracting.com,hubbardelectricalcontracting.com,,,,Jacksonville,Florida,US,32220
Infinity Electrical Contracting Llc,iecjax.com,iecjax.com,,,,Jacksonville,Florida,US,32254
"Inpower Electric, LLC",inpowerjax.com,inpowerjax.com,,,,Jacksonville,Florida,US,32257
"Jax Electrical Contracting, Inc.",jaxelectricalcontracting.com,jaxelectricalcontracting.com,,,,Jacksonville,Florida,US,32210
JaxPowerPro Electric,jaxpowerproelectric.com,jaxpowerproelectric.com,,,,Jacksonville,Florida,US,32207
Johnson Electric of Jacksonville Inc.,904electric.com,904electric.com,,,,Jacksonville,Florida,US,32207
Lenhart Electric (formerly McDonald Electric Service),lenhartelectric.com,lenhartelectric.com,,,,Jacksonville,Florida,US,32254
Lighthouse Electrical Contractors,lecjax.com,lecjax.com,,,,Jacksonville,Florida,US,32210
Lin's Electric Inc.,linselectric.com,linselectric.com,,,,Jacksonville,Florida,US,32219
MarkGen Electric,markgenelectric.com,markgenelectric.com,,,,Jacksonville,Florida,US,32207
Miller Electric Company,mecojax.com,mecojax.com,,,,Jacksonville,Florida,US,32216
Mister Sparky,jacksonvillemistersparky.com,jacksonvillemistersparky.com,,,,Jacksonville,Florida,US,32258
NEC ELECTRIC INC,necelectricinc.com,necelectricinc.com,,,,Jacksonville,Florida,US,32256
Oakleaf Electrician & Generators,oakleafelectrician.com,oakleafelectrician.com,,,,Jacksonville,Florida,US,32222
Performance Electrical Contracting Inc.,pecjax.com,pecjax.com,,,,Jacksonville,Florida,US,32254
"Premier Power Systems, Inc.",premierpowersystems.com,premierpowersystems.com,,,,Jacksonville,Florida,US,32210
Pure Power Electrical Contractor,gotpurepower.com,gotpurepower.com,,,,Jacksonville,Florida,US,32258
Quality Electrical Service,qualityelectricalservice.com,qualityelectricalservice.com,,,,Jacksonville,Florida,US,32205
R&R Electric,randrelectric.com,randrelectric.com,,,,Jacksonville,Florida,US,32254
Ricketts Electric LLC,rickettselectric.com,rickettselectric.com,,,,Jacksonville,Florida,US,32218
"Sasser Electrical Services, Inc.",sasserelectric.com,sasserelectric.com,,,,Jacksonville,Florida,US,32246
"Snyder Air Conditioning, Plumbing & Electric",snyderac.com,snyderac.com,,,,Jacksonville,Florida,US,32216
Spectrum WireWorks,spectrumwireworks.com,spectrumwireworks.com,,,,Jacksonville,Florida,US,32254
Tenax Electrical Company,tenaxelectrical.com,tenaxelectrical.com,,,,Jacksonville,Florida,US,32224
Thompson Electric and Air,thompsonelectricco.com,thompsonelectricco.com,,,,Jacksonville,Florida,US,32206
True Electric,mytrueelectric.com,mytrueelectric.com,,,,Jacksonville,Florida,US,32224
Blue Bell Electric,ringbluebell.com,ringbluebell.com,,,,Jacksonville Beach,Florida,US,32250
Crawford Electric,crawfordelectricjax.com,crawfordelectricjax.com,,,,Jacksonville Beach,Florida,US,32250
Van Sickle Electric Company,vansickleelectric.com,vansickleelectric.com,,,,Jacksonville Beach,Florida,US,32250
Mike Adams and Sons,maselectrical.us,maselectrical.us,,,,Jay,Florida,US,32565
Apex Electrical Solutions & Systems,apexelectricalpalmbeach.com,apexelectricalpalmbeach.com,,,,Jupiter,Florida,US,33458
Bradford Electrical Services,bradfordes.net,bradfordes.net,,,,Jupiter,Florida,US,33458
County Line Electrical and A/V llc,countylineelectrical.net,countylineelectrical.net,,,,Jupiter,Florida,US,33458
Dependable Electric,dependableelectricfl.com,dependableelectricfl.com,,,,Jupiter,Florida,US,33478
E-line Electrical Services,elineelectrical.com,elineelectrical.com,,,,Jupiter,Florida,US,33458
Egret Electronics,egretelectronics.com,egretelectronics.com,,,,Jupiter,Florida,US,33458
Electrical Solutions Group,electricalsolutionsgroup.net,electricalsolutionsgroup.net,,,,Jupiter,Florida,US,33458
Gold Standard Integration LLC,gsi-fl.com,gsi-fl.com,,,,Jupiter,Florida,US,33477
"Juno Electric, LLC",junoelectrician.com,junoelectrician.com,,,,Jupiter,Florida,US,33458
Jupiter Electronics,jupiter-electronics.keeq.io,jupiter-electronics.keeq.io,,,,Jupiter,Florida,US,33458
Lighthouse Electric of Jupiter,lhelectricfl.com,lhelectricfl.com,,,,Jupiter,Florida,US,33458
"North Atlantic Electric, Inc.",n-atlantic.com,n-atlantic.com,,,,Jupiter,Florida,US,33458
"R.A.J. Electric, Inc.",rajelectric.com,rajelectric.com,,,,Jupiter,Florida,US,33458
Seagull Electronics,seagullelectronics.com,seagullelectronics.com,,,,Jupiter,Florida,US,33458
Sensi Electric LLC,sensielectricllc.com,sensielectricllc.com,,,,Jupiter,Florida,US,33478
Sitellight Outdoor Lighting and Audio,sitellight.com,sitellight.com,,,,Jupiter,Florida,US,33458
Superior Electric-S Florida,secfla.com,secfla.com,,,,Jupiter,Florida,US,33469
Teel Electric Company LLC,teelelectricco.com,teelelectricco.com,,,,Jupiter,Florida,US,33458
Thomas Edison Electric,floridaelectrician.com,floridaelectrician.com,,,,Jupiter,Florida,US,33458
Trapasso Electric,trapassoelectric.com,trapassoelectric.com,,,,Jupiter,Florida,US,33469
Vital A/C Solutions,vitalacsolutionsjupiter.com,vitalacsolutionsjupiter.com,,,,Jupiter,Florida,US,33458
On-Site Power Services,onsitepowerservices.com,onsitepowerservices.com,,,,Kathleen,Florida,US,33849
Better Boat Electronics,betterboatelectronics.com,betterboatelectronics.com,,,,Key Largo,Florida,US,33037
Florida Keys Electric,floridakeyselectric.com,floridakeyselectric.com,,,,Key Largo,Florida,US,33037
Irwin's Air,irwinsair.com,irwinsair.com,,,,Key Largo,Florida,US,33037
Protech e2,proteche2.com,proteche2.com,,,,Key Largo,Florida,US,33037
SUB ZERO AIR,sub-zero-air.com,sub-zero-air.com,,,,Key Largo,Florida,US,33037
"Seaway Plumbing, Inc.",seawayplumbing.com,seawayplumbing.com,,,,Key Largo,Florida,US,33037
Wire Nuts Electric,wirenutselect.com,wirenutselect.com,,,,Key Largo,Florida,US,33037
Check Electric LLC,checkelectricllc.com,checkelectricllc.com,,,,Key West,Florida,US,33040
"Florida Keys Electric, Inc.",flkeyselectric.com,flkeyselectric.com,,,,Key West,Florida,US,33040
IRK Electrical Services,irkelectricalservices.com,irkelectricalservices.com,,,,Kissimmee,Florida,US,34741
Holly Electric Inc,hollycompanies.com,hollycompanies.com,,,,Lake City,Florida,US,32025
Rosales Electric West Palm Beach,rosaleselectricco.com,rosaleselectricco.com,,,,Lake Clarke Shores,Florida,US,33406
All Electric Services,allelectric.com,allelectric.com,,,,Lake Mary,Florida,US,32746
"DIX, LLC",dixgen.com,dixgen.com,,,,Lake Mary,Florida,US,32746
Florida Generators,myfloridagenerator.com,myfloridagenerator.com,,,,Lake Park,Florida,US,33403
Kasper Electrical,kasperelectricinc.com,kasperelectricinc.com,,,,Lake Park,Florida,US,33403
PIE Superior Service,pielectric.com,pielectric.com,,,,Lake Park,Florida,US,33403
Benitez Electric Inc,benitezelectricfl.com,benitezelectricfl.com,,,,Lake Worth Beach,Florida,US,33460
Extreme Electrical Inc,extremeelectricalinc.com,extremeelectricalinc.com,,,,Lake Worth Beach,Florida,US,33463
"Gator Electric and Communications, Inc.",gatorelectric.com,gatorelectric.com,,,,Lake Worth Beach,Florida,US,33461
"MacCloud Electrical Contracting, Inc",maccloudelectric.com,maccloudelectric.com,,,,Lake Worth Beach,Florida,US,33460
Power Generation,powergenerationinc.com,powergenerationinc.com,,,,Lake Worth Beach,Florida,US,33461
Hylton Electric LLC,hylton-electric.com,hylton-electric.com,,,,Lakeland,Florida,US,33801
Lakeland Generator Service inc.,lakelandgenerator.com,lakelandgenerator.com,,,,Lakeland,Florida,US,33811
Blue Collar Electric,bluecollar-electric.com,bluecollar-electric.com,,,,Largo,Florida,US,33770
Brightwire Electric,brightwireelectric.com,brightwireelectric.com,,,,Largo,Florida,US,33773
CED Raybro Clearwater,cedclearwater.com,cedclearwater.com,,,,Largo,Florida,US,33771
"Live Wire Electrical Services, Inc.",livewireelectrical.org,livewireelectrical.org,,,,Largo,Florida,US,33773
M.R. Electricians,mrelectricians.us,mrelectricians.us,,,,Largo,Florida,US,33771
Mister Sparky,clearwatermistersparky.com,clearwatermistersparky.com,,,,Largo,Florida,US,33773
TR Electric,trelectric.pro,trelectric.pro,,,,Largo,Florida,US,33771
Voltrix Electric,voltrixelectric.com,voltrixelectric.com,,,,Largo,Florida,US,33771
Wiseminds Electrical Contractors,wisemindselectric.com,wisemindselectric.com,,,,Lauderdale Lakes,Florida,US,33311
MG Electric Inc,mgelectricals.com,mgelectricals.com,,,,Lauderhill,Florida,US,33313
Vision Electric Inc,visionelectricfl.com,visionelectricfl.com,,,,Lauderhill,Florida,US,33319
All Amps Electric LLC.,l.facebook.com,l.facebook.com,,,,Lehigh Acres,Florida,US,33971
All Power,allpowerfl.com,allpowerfl.com,,,,Lehigh Acres,Florida,US,33973
J.T.E. Electric Inc.,jteelectricinc.com,jteelectricinc.com,,,,Lehigh Acres,Florida,US,33971
L&K Electric LLC - Electrician in Lehigh Acres,lkelectricllc.com,lkelectricllc.com,,,,Lehigh Acres,Florida,US,33974
SWFL Generator,swflgenerator.com,swflgenerator.com,,,,Lehigh Acres,Florida,US,33974
Del's Electrical Service Inc,delselectricalservice.com,delselectricalservice.com,,,,Lutz,Florida,US,33549
Rick's Electrical Inc,rickselectricalinc.com,rickselectricalinc.com,,,,Lutz,Florida,US,33558
Lighthouse Electric Service,lighthouseelectric.us,lighthouseelectric.us,,,,Malabar,Florida,US,32950
Mister Sparky,pompanomistersparky.com,pompanomistersparky.com,,,,Margate,Florida,US,33063
"Golson Electrical, LLC",golsonelectrical.com,golsonelectrical.com,,,,McDavid,Florida,US,32568
Ray's Electric of Keystone Inc,callrayselectric.com,callrayselectric.com,,,,Melrose,Florida,US,32666
360 Energy Solutions Corp.,360energysolutions.net,360energysolutions.net,,,,Miami,Florida,US,33166
A & A Power Generators,aapower.com,aapower.com,,,,Miami,Florida,US,33166
AAA Generator,aaagenerator.com,aaagenerator.com,,,,Miami,Florida,US,33157
Ace Electricians,licensedelectricianmiami.com,licensedelectricianmiami.com,,,,Miami,Florida,US,33161
Affordable Miami Electric Services,affordableelectricservicesco.com,affordableelectricservicesco.com,,,,Miami,Florida,US,33125
Alex All Electric,electricianformiami.com,electricianformiami.com,,,,Miami,Florida,US,33165
Americas Generators,americasgenerators.com,americasgenerators.com,,,,Miami,Florida,US,33166
CASTILLOWATTS,castillowatts.com,castillowatts.com,,,,Miami,Florida,US,33142
DES ELECTRICAL LLC,deselectricalllc.com,deselectricalllc.com,,,,Miami,Florida,US,33166
Dion Generator Solutions LLC,diongenerators.com,diongenerators.com,,,,Miami,Florida,US,33156
E&P Electrical services,epelectricalservice.com,epelectricalservice.com,,,,Miami,Florida,US,33136
"Electric Service & Repair, Inc.",electricserviceandrepair.net,electricserviceandrepair.net,,,,Miami,Florida,US,33176
Electrician Contractor Pros,electricianpromiami.wixsite.com,electricianpromiami.wixsite.com,,,,Miami,Florida,US,33126
"Electroman, LLC",electromanllc.com,electromanllc.com,,,,Miami,Florida,US,33177
Florida Power House,floridapowerhouse.com,floridapowerhouse.com,,,,Miami,Florida,US,33176
"General Power Limited, Inc",genpowerusa.com,genpowerusa.com,,,,Miami,Florida,US,33172
Generator Supercenter of Miami,generatorsupercentersfl.com,generatorsupercentersfl.com,,,,Miami,Florida,US,33145
Global Electrical Contractor Corp.,globalelectriccontractor.com,globalelectriccontractor.com,,,,Miami,Florida,US,33186
I.E.S Corp Electrical Services,ieselectric.com,ieselectric.com,,,,Miami,Florida,US,33177
J C & A Electrical Contractor,jcaelectrical.com,jcaelectrical.com,,,,Miami,Florida,US,33172
Legacy Electrical Contractors LLC,legacy-electricalcontractor.com,legacy-electricalcontractor.com,,,,Miami,Florida,US,33177
MTS Power Products,mtspowerproducts.com,mtspowerproducts.com,,,,Miami,Florida,US,33142
Manny Source Electric Corp,mannysourceelectric.com,mannysourceelectric.com,,,,Miami,Florida,US,33177
Miami Electrical Contractors llc,miamielectricalcontracting.com,miamielectricalcontracting.com,,,,Miami,Florida,US,33137
Miami Generators,miamigenerators.com,miamigenerators.com,,,,Miami,Florida,US,33177
Mister Sparky,miamimistersparky.com,miamimistersparky.com,,,,Miami,Florida,US,33176
My Angel Service,myangelservice.com,myangelservice.com,,,,Miami,Florida,US,33125
N & Q Electric & Plumbing Miami,nandqelectricandplumbing.com,nandqelectricandplumbing.com,,,,Miami,Florida,US,33125
NJM Electric Service and repair,njmelectricserviceandrepair.com,njmelectricserviceandrepair.com,,,,Miami,Florida,US,33127
RLV CORP,rlvcorp.net,rlvcorp.net,,,,Miami,Florida,US,33138
Rental Power Solutions,rentalpowersolutions.com,rentalpowersolutions.com,,,,Miami,Florida,US,33166
Rizo Electric Inc,rizoelectric.com,rizoelectric.com,,,,Miami,Florida,US,33168
Smart Electrical Company Llc,smartelectricalcompany.com,smartelectricalcompany.com,,,,Miami,Florida,US,33181
Smartlife Electric INC,smartlifelectric.com,smartlifelectric.com,,,,Miami,Florida,US,33127
Total Power and Gas Contractors,totalpowergenerators.com,totalpowergenerators.com,,,,Miami,Florida,US,33155
Trusted Electrical Solutions,trustedelectricalsolutions.com,trustedelectricalsolutions.com,,,,Miami,Florida,US,33176
Wiremasters Electric Inc,wiremasterselectric.com,wiremasterselectric.com,,,,Miami,Florida,US,33176
Electrical Solution us llc,electricalsolution.us,electricalsolution.us,,,,Miami Beach,Florida,US,33141
Rider Electric LLC,riderelectricfl.com,riderelectricfl.com,,,,Middleburg,Florida,US,32068
"MetroPower, Inc.",metropower.com,metropower.com,,,,Midway,Florida,US,32343
Power On Generators,poweronusa.com,poweronusa.com,,,,Midway,Florida,US,32343
EVBOLT Charging Station,evbolt.com,evbolt.com,,,,Milton,Florida,US,32570
RELIAPRO ELECTRIC,reliaproelectric.com,reliaproelectric.com,,,,Milton,Florida,US,32583
TOTAL CONNECT ELECTRIC,totalconnectelectric.com,totalconnectelectric.com,,,,Milton,Florida,US,32583
Professional Generator & Electrical LLC,progenservices.com,progenservices.com,,,,Mims,Florida,US,32754
"3 Palms Electric, LLC",3palmselectric.com,3palmselectric.com,,,,Naples,Florida,US,34120
Adonis Professional Services APS Naples,apsnaples.net,apsnaples.net,,,,Naples,Florida,US,34104
Always On Generators LLC,alwaysongenerators.com,alwaysongenerators.com,,,,Naples,Florida,US,34120
Collier Electrical Services Inc,collierelectricalservices.com,collierelectricalservices.com,,,,Naples,Florida,US,34116
Dan House Electric,danhouseelectric.com,danhouseelectric.com,,,,Naples,Florida,US,34104
Desch Electrical,deschelectrical.com,deschelectrical.com,,,,Naples,Florida,US,34102
"Empowered Global, Inc.",empoweredglobalinc.com,empoweredglobalinc.com,,,,Naples,Florida,US,34110
Excel Electric of Naples,excelelectricnaples.com,excelelectricnaples.com,,,,Naples,Florida,US,34104
"Fusion Electric & Automation, LLC",fusionelectricfl.com,fusionelectricfl.com,,,,Naples,Florida,US,34110
Home Works Now,homeworksnow.com,homeworksnow.com,,,,Naples,Florida,US,34119
Hutch Electric,hutchelectric.com,hutchelectric.com,,,,Naples,Florida,US,34110
IRISH ELECTRICAL SERVICE,irishelectricswfl.com,irishelectricswfl.com,,,,Naples,Florida,US,34104
"Inrush Electric Enterprises, LLC",inrushelectric.com,inrushelectric.com,,,,Naples,Florida,US,34113
"J&D Florida Electrical Contractor, LLC",jdelectricalcontractor.com,jdelectricalcontractor.com,,,,Naples,Florida,US,34102
Jackson Total Service,jacksontotal.com,jacksontotal.com,,,,Naples,Florida,US,34104
Johnny Ace LLC,johnny-ace-llc-106580.square.site,johnny-ace-llc-106580.square.site,,,,Naples,Florida,US,34112
Jva Electric Inc,jvaelectric.com,jvaelectric.com,,,,Naples,Florida,US,34104
"KDC Electric Maintenance Repair, Inc",electriciannaples.com,electriciannaples.com,,,,Naples,Florida,US,34112
Kingdom Electric Inc,kingdomelectricinc.com,kingdomelectricinc.com,,,,Naples,Florida,US,34109
Lightspeed Electrical Services LLC,lightspeedes.com,lightspeedes.com,,,,Naples,Florida,US,34112
"Marks Electric, LLC",markselectricnaples.com,markselectricnaples.com,,,,Naples,Florida,US,34104
Monroy Electric,monroyec.com,monroyec.com,,,,Naples,Florida,US,34117
Naples Generator,naplesgenerator.com,naplesgenerator.com,,,,Naples,Florida,US,34104
Nu-Sons Electric Inc,nusonselectric.com,nusonselectric.com,,,,Naples,Florida,US,34117
One Source Electric of SWFL LLC,onesourceelectricofswfl.com,onesourceelectricofswfl.com,,,,Naples,Florida,US,34117
"Plumbing, Cooling & Electrical Nerds",plumbingnerds.com,plumbingnerds.com,,,,Naples,Florida,US,34102
Premier Electric,premierelectric.com,premierelectric.com,,,,Naples,Florida,US,34109
"Pride Electric of SW FL, Inc.",prideelectricofswfl.com,prideelectricofswfl.com,,,,Naples,Florida,US,34104
Quantum & Power LLC,quantumandpower.com,quantumandpower.com,,,,Naples,Florida,US,34120
Rodriguez Home Electric,rodriguezhomeelectric.com,rodriguezhomeelectric.com,,,,Naples,Florida,US,34116
Service Trade Pros,servicetradepros.com,servicetradepros.com,,,,Naples,Florida,US,34104
"Vista Electrical Services, LLC",vistaelectricalservices.com,vistaelectricalservices.com,,,,Naples,Florida,US,34120
West Coast Generators,westcoastgenerators.com,westcoastgenerators.com,,,,Naples,Florida,US,34120
"Always On Time Electric, Inc.",alwaysontimeelectric.com,alwaysontimeelectric.com,,,,Navarre,Florida,US,32566
"Webster Electric, Inc",websterelectric.net,websterelectric.net,,,,Navarre,Florida,US,32566
Beach Electric of New Smyrna Inc.,beachelectricnsb.com,beachelectricnsb.com,,,,New Smyrna Beach,Florida,US,32168
Wired Energy Electrical Contractor LLC,wired-energy.com,wired-energy.com,,,,New Smyrna Beach,Florida,US,32169
Aaron Vurgason Electric & Automation,aaronv.com,aaronv.com,,,,Newberry,Florida,US,32669
"B&D Electric, Inc.",bdelectric.com,bdelectric.com,,,,Newberry,Florida,US,32669
"Holt Phillips Heating, Cooling & Plumbing",holtphillips.com,holtphillips.com,,,,Niceville,Florida,US,32578
Mister Sparky,nicevillemistersparky.com,nicevillemistersparky.com,,,,Niceville,Florida,US,32578
"Advantage Electric Specialties, Inc",advantageelectricftmyersfl.com,advantageelectricftmyersfl.com,,,,North Fort Myers,Florida,US,33903
All Service Electric of Fort Myers,allserviceelectricfm.com,allserviceelectricfm.com,,,,North Fort Myers,Florida,US,33917
Apex Power Systems LLC,apexpowerfl.com,apexpowerfl.com,,,,North Fort Myers,Florida,US,33917
Electrical Experts of FL LLC,electricalexpertsoffl.com,electricalexpertsoffl.com,,,,North Fort Myers,Florida,US,33917
Titan Electrical Services,titanelectrical.com,titanelectrical.com,,,,North Fort Myers,Florida,US,33917
"Zap Tech Electrical, Inc.",zaptechelectrical.com,zaptechelectrical.com,,,,North Fort Myers,Florida,US,33903
"Cayson’s Electrical Services, LLC",caysonelectric.com,caysonelectric.com,,,,North Lauderdale,Florida,US,33068
Electrical Services fl,electricalservicesfl.com,electricalservicesfl.com,,,,North Miami Beach,Florida,US,33162
Palm Beach Electrical Services,jakernelectricalsvs.com,jakernelectricalsvs.com,,,,North Palm Beach,Florida,US,33408
Sergeant's Electric,sergeantshomeservices.com,sergeantshomeservices.com,,,,North Port,Florida,US,34289
D Electrician Technical Services Inc,delectrician.com,delectrician.com,,,,Oakland Park,Florida,US,33334
FW Lighting Solutions LLC,fwelectric92.wixsite.com,fwelectric92.wixsite.com,,,,Oakland Park,Florida,US,33334
Happy Home Electric,electriciansbroward.com,electriciansbroward.com,,,,Oakland Park,Florida,US,33334
"Jesselectric, Inc",jesselectric.com,jesselectric.com,,,,Oakland Park,Florida,US,33334
MJK Electric,mjkelectric.net,mjkelectric.net,,,,Oakland Park,Florida,US,33334
Maxwell Electric,maxwellelectric.net,maxwellelectric.net,,,,Oakland Park,Florida,US,33334
TMP Electric LLC,tmpelectricllc.com,tmpelectricllc.com,,,,Oakland Park,Florida,US,33334
Tole Electric Inc,toleelectric.com,toleelectric.com,,,,Oakland Park,Florida,US,33334
Advanced Electric & Air llc,advancedelectricfl.com,advancedelectricfl.com,,,,Ocala,Florida,US,34475
Generator Supercenter of Ocala,generatorsupercenterofocala.com,generatorsupercenterofocala.com,,,,Ocala,Florida,US,34471
"Mid State Electric of Ocala, LLC",mid-state.com,mid-state.com,,,,Ocala,Florida,US,34470
Mister Sparky,ocalamistersparky.com,ocalamistersparky.com,,,,Ocala,Florida,US,34475
Trademark Electric Inc,trademarkelect.com,trademarkelect.com,,,,Ocala,Florida,US,34475
"Vetcon Electricians Ocala, Electrical Contractor, Emergency Panel Upgrades",vetconelectricians.com,vetconelectricians.com,,,,Ocala,Florida,US,34470
Guardian Generator,genfixed.com,genfixed.com,,,,Odessa,Florida,US,33556
"Fuller Electrical Contractors, Inc.",fullerelectricalinc.com,fullerelectricalinc.com,,,,Oldsmar,Florida,US,34677
GenerX Generators Oldsmar | Generac Dealer,generxgenerators.com,generxgenerators.com,,,,Oldsmar,Florida,US,34677
Swift Electric & Generators,swiftelectric.us,swiftelectric.us,,,,Opa-locka,Florida,US,33054
"Florida Electrical Solutions, LLC",flelectricalsolutions.com,flelectricalsolutions.com,,,,Orange City,Florida,US,32763
"Vortex Power, LLC",vortexpowerllc.com,vortexpowerllc.com,,,,Orange City,Florida,US,32763
Destiny Electric,destinyelectric.net,destinyelectric.net,,,,Orange Park,Florida,US,32065
"T&M Electric of Clay County, LLC",tmelectricinc.com,tmelectricinc.com,,,,Orange Park,Florida,US,32065
A Plus Generators,aplusgenerators.net,aplusgenerators.net,,,,Orlando,Florida,US,32810
All Around Electric,allaroundelectricfl.org,allaroundelectricfl.org,,,,Orlando,Florida,US,32804
All Phases Electrical Contracting,allphasesec.com,allphasesec.com,,,,Orlando,Florida,US,32807
"Altech Electric of Central Florida, Inc",altechelectric.com,altechelectric.com,,,,Orlando,Florida,US,32809
Bela Tech Electrical Contractor LLC,belatechllc.com,belatechllc.com,,,,Orlando,Florida,US,32837
"Brock's Electrical Services Of Orlando, FL",brockselectrical.com,brockselectrical.com,,,,Orlando,Florida,US,32825
Central Florida Electrician,centralfloridaelectrician.com,centralfloridaelectrician.com,,,,Orlando,Florida,US,32805
ChargePoint Charging Station,mychargepoint.net,mychargepoint.net,,,,Orlando,Florida,US,32801
Deep Electric,deepelectric.com,deepelectric.com,,,,Orlando,Florida,US,32810
"Doc Watts Electric, Inc",docwattselectric.com,docwattselectric.com,,,,Orlando,Florida,US,32807
Emergency Power Systems,emergencypowersystems.net,emergencypowersystems.net,,,,Orlando,Florida,US,32805
"Ferran Air Conditioning, Electrical & Plumbing",ferran-services.com,ferran-services.com,,,,Orlando,Florida,US,32805
Forza contractors,forzacontractors.com,forzacontractors.com,,,,Orlando,Florida,US,32832
Frank Gay Services,frankgayservices.com,frankgayservices.com,,,,Orlando,Florida,US,32809
Generators by Bob Heinmiller,bobheinmiller.com,bobheinmiller.com,,,,Orlando,Florida,US,32804
Happy Home Electric,callhappyhome.com,callhappyhome.com,,,,Orlando,Florida,US,32805
In Phaze Electric Inc.,inphazeelectric.com,inphazeelectric.com,,,,Orlando,Florida,US,32835
JCA Electrical Services,jcaelectricalservices.com,jcaelectricalservices.com,,,,Orlando,Florida,US,32825
MAC 5 Services,mac5services.com,mac5services.com,,,,Orlando,Florida,US,32839
"Mechanical One of Orlando - Air Conditioning, Plumbing and Electrical",mechanicalone.com,mechanicalone.com,,,,Orlando,Florida,US,32811
Michael's Lighting & Electric,electricians-orlando.com,electricians-orlando.com,,,,Orlando,Florida,US,32804
Mister Sparky,orlandomistersparky.com,orlandomistersparky.com,,,,Orlando,Florida,US,32809
Nick's Electrical LLC,nickselectricalllc.com,nickselectricalllc.com,,,,Orlando,Florida,US,32806
Nominal Voltage Contractors,bit.ly,bit.ly,,,,Orlando,Florida,US,32801
OUC Charging Station,ouc.com,ouc.com,,,,Orlando,Florida,US,32801
Orlando Electricians,orlandoelectricians.co,orlandoelectricians.co,,,,Orlando,Florida,US,32835
Premium Electric,premiumelectricfl.com,premiumelectricfl.com,,,,Orlando,Florida,US,32837
Prestige Electric Co-Florida,prestigeelectric.net,prestigeelectric.net,,,,Orlando,Florida,US,32809
Professional Electrical Services,titanelectric-co.com,titanelectric-co.com,,,,Orlando,Florida,US,32807
Solaris Electric,solaristechnology.net,solaristechnology.net,,,,Orlando,Florida,US,32804
TrueBright Electric,truebrightfl.com,truebrightfl.com,,,,Orlando,Florida,US,32812
VoltVistaElectric,voltvistaelectric.com,voltvistaelectric.com,,,,Orlando,Florida,US,32836
"Wilson Electrical Contractors, LLC",wilsonelectricalcontractorsfl.com,wilsonelectricalcontractorsfl.com,,,,Orlando,Florida,US,32828
Zabatt Power Systems,zabatt.com,zabatt.com,,,,Orlando,Florida,US,32810
"Alternative Current Electric, LLC",alternativecurrentelectric.com,alternativecurrentelectric.com,,,,Ormond Beach,Florida,US,32174
Atlantic Electric LLC,atlanticelectricflorida.com,atlanticelectricflorida.com,,,,Ormond Beach,Florida,US,32174
Cains Electric Inc.,cainselectric.com,cainselectric.com,,,,Ormond Beach,Florida,US,32174
Delta Star Electric Ormond Beach,deltastarelectricsvs.com,deltastarelectricsvs.com,,,,Ormond Beach,Florida,US,32174
Electrical Systems and Design,electricalsystems-design.com,electricalsystems-design.com,,,,Ormond Beach,Florida,US,32174
Generator GENERAC SALES AND SERVICE Maintenance of Florida LLC,generatormaintenanceofflorida.com,generatormaintenanceofflorida.com,,,,Ormond Beach,Florida,US,32174
Local Electric Services LLC,localelectricservices.com,localelectricservices.com,,,,Ormond Beach,Florida,US,32174
Parks Electric Co,parkselectriccompany.com,parkselectriccompany.com,,,,Ormond Beach,Florida,US,32174
Synergy Electric LLC.,synergyelectricfl.com,synergyelectricfl.com,,,,Ormond Beach,Florida,US,32174
DeGraaf Electrical Service LLC,degraafelectrical.com,degraafelectrical.com,,,,Pace,Florida,US,32571
"Liberty Electric Contractors, Inc.",libertyelectricfl.com,libertyelectricfl.com,,,,Pace,Florida,US,32571
"Bright‌ ‌Energy‌ ‌Solutions‌, LLC",brightenergysolutionsllc.com,brightenergysolutionsllc.com,,,,Palm Beach Gardens,Florida,US,33403
Palm Beach Electricians,kaelectricco.com,kaelectricco.com,,,,Palm Beach Gardens,Florida,US,33418
A&M Electrical Solutions LLC,amelectricalsolutions.net,amelectricalsolutions.net,,,,Palm Coast,Florida,US,32164
Blondin Electric Inc,blondinelectric.com,blondinelectric.com,,,,Palm Coast,Florida,US,32164
Criscione Electrical Services,criscione-electric.com,criscione-electric.com,,,,Palm Coast,Florida,US,32164
Florida Power & Automation,flpanda.com,flpanda.com,,,,Palm Coast,Florida,US,32164
Palm Coast Electric Inc.,palmcoastelectric.com,palmcoastelectric.com,,,,Palm Coast,Florida,US,32137
C & Z Electrical Services LLC,czesllc.com,czesllc.com,,,,Panama City,Florida,US,32405
"Meyers Electric, LLC",meyerselectric.org,meyerselectric.org,,,,Panama City,Florida,US,32405
All Wire,allwiresarasota.com,allwiresarasota.com,,,,Parrish,Florida,US,34219
All-Pro Electrical LLC,all-pro-electrical.net,all-pro-electrical.net,,,,Pensacola,Florida,US,32505
Armstrong Electric Company Inc.,aeci.ws,aeci.ws,,,,Pensacola,Florida,US,32514
Auxiliary Power Systems of West Florida,auxpowsys.com,auxpowsys.com,,,,Pensacola,Florida,US,32534
"Coastal Blue Electric, Inc.",coastalblueelectric.com,coastalblueelectric.com,,,,Pensacola,Florida,US,32514
Eager Beaver Electrical,eagerbeaverelectrical.com,eagerbeaverelectrical.com,,,,Pensacola,Florida,US,32505
Electric Vehicle Charging Station,everman.org,everman.org,,,,Pensacola,Florida,US,32502
G&S Electrical of Northwest Florida,powerpensacola.com,powerpensacola.com,,,,Pensacola,Florida,US,32534
Generator Source,generatorsource.com,generatorsource.com,,,,Pensacola,Florida,US,32505
J.G. Electric Inc,jgelectricinc.com,jgelectricinc.com,,,,Pensacola,Florida,US,32505
JAMES E. SIMMONS ELECTRIC CO. INC.,rewirepensacola.com,rewirepensacola.com,,,,Pensacola,Florida,US,32505
John Allen Electrical LLC,johnallenelectrical.com,johnallenelectrical.com,,,,Pensacola,Florida,US,32507
Johnson Electrical Services,johnsonelectricse.com,johnsonelectricse.com,,,,Pensacola,Florida,US,32505
McLemore Electric Inc,mclemoreelectric.com,mclemoreelectric.com,,,,Pensacola,Florida,US,32505
Opitz & Sons Electric LLC,opitzandsonselectric.com,opitzandsonselectric.com,,,,Pensacola,Florida,US,32506
"Peaden Air Conditioning, Plumbing & Electrical",peaden.com,peaden.com,,,,Pensacola,Florida,US,32514
Perdido Electrical Services,perdidoelectric.com,perdidoelectric.com,,,,Pensacola,Florida,US,32506
Rogers Electrical Contractors,rogerselectricalcontractors.com,rogerselectricalcontractors.com,,,,Pensacola,Florida,US,32526
Scapin Electric,scapinelectric.com,scapinelectric.com,,,,Pensacola,Florida,US,32505
Selectricity,electricianpensacola.com,electricianpensacola.com,,,,Pensacola,Florida,US,32534
"Watson's Electric, LLC",watsonselectric.com,watsonselectric.com,,,,Pensacola,Florida,US,32505
Webb Electric Florida,webbelectric.com,webbelectric.com,,,,Pensacola,Florida,US,32504
White Sands Electric,whitesandselectric.com,whitesandselectric.com,,,,Pensacola,Florida,US,32505
Accurate Electric LLC,accurateelectricfl.com,accurateelectricfl.com,,,,Plant City,Florida,US,33565
Mr. Electric Inc,mrelec.com,mrelec.com,,,,Plantation,Florida,US,33317
Only Electric Company Inc,only-electric.com,only-electric.com,,,,Plantation,Florida,US,33324
C W Fischer Electric Inc,fischerelectric.com,fischerelectric.com,,,,Pompano Beach,Florida,US,33064
Corley Electric,corleyelectric.com,corleyelectric.com,,,,Pompano Beach,Florida,US,33064
Delcon Electric,delconelectricincbocaraton.com,delconelectricincbocaraton.com,,,,Pompano Beach,Florida,US,33064
Portable Generator Services,portablegeneratorrepair.com,portablegeneratorrepair.com,,,,Pompano Beach,Florida,US,33060
"APEX Electrical Services, LLC",electricianfl.com,electricianfl.com,,,,Port Orange,Florida,US,32129
Electrical Training alliance of Daytona Beach,etadb.org,etadb.org,,,,Port Orange,Florida,US,32128
Martel Electrical Services Inc.,martelelectrical.com,martelelectrical.com,,,,Port Orange,Florida,US,32127
Masters Electric,masterselectricportorange.com,masterselectricportorange.com,,,,Port Orange,Florida,US,32129
Volusia Contractors Equipment,vcefl.com,vcefl.com,,,,Port Orange,Florida,US,32129
White's Electric Company,whiteselectric.com,whiteselectric.com,,,,Port Orange,Florida,US,32129
Wire Wizard Electrical Services,wirewizard.pro,wirewizard.pro,,,,Port Orange,Florida,US,32127
Brighter Days Electrical Repair,brighterdaysfl.com,brighterdaysfl.com,,,,Port St. Lucie,Florida,US,34986
Ehman Electrical Contractor LLC,ehmanelectric.com,ehmanelectric.com,,,,Port St. Lucie,Florida,US,34986
"Elite Electric, Plumbing & Air",eliteelectricandair.com,eliteelectricandair.com,,,,Port St. Lucie,Florida,US,34984
Stott Brothers Electric,stottbrothers.com,stottbrothers.com,,,,Port St. Lucie,Florida,US,34983
"Galaxy Home Services LLC , EC13009078",galaxyhomeservicescc.com,galaxyhomeservicescc.com,,,,Punta Gorda,Florida,US,33955
On Call Electric,oncall-electric.com,oncall-electric.com,,,,Punta Gorda,Florida,US,33982
Jule Charging Station,julepower.com,julepower.com,,,,Quincy,Florida,US,32351
All Florida Power & Air Services,allfloridapowerair.com,allfloridapowerair.com,,,,Riverview,Florida,US,33569
"Bryan Hindman Electric, LLC",bryanhindmanelectric.com,bryanhindmanelectric.com,,,,Riverview,Florida,US,33569
"Brown Electrical Solutions, LLC",brownelectricalsolutions.com,brownelectricalsolutions.com,,,,Riviera Beach,Florida,US,33404
Mister Sparky,westpalmbeachmistersparky.com,westpalmbeachmistersparky.com,,,,Riviera Beach,Florida,US,33407
Watson Electrical and Lighting,watsonelectricalservice.com,watsonelectricalservice.com,,,,Royal Palm Beach,Florida,US,33411
Genstar Generator Services,genstarservice.com,genstarservice.com,,,,Sanford,Florida,US,32771
R. Howe Electric Inc,rhoweelectric.net,rhoweelectric.net,,,,Sanford,Florida,US,32773
SANFORD ELECTRIC,sanfordelectric.net,sanfordelectric.net,,,,Sanford,Florida,US,32771
A Superior Mechanical,asuperiormechanical.com,asuperiormechanical.com,,,,Santa Rosa Beach,Florida,US,32459
Bright Future Electric,brightfutureelectricpanhandle.com,brightfutureelectricpanhandle.com,,,,Santa Rosa Beach,Florida,US,32459
Gulf Atlantic Electrical Constructors,gulfatlanticelectric.com,gulfatlanticelectric.com,,,,Santa Rosa Beach,Florida,US,32459
Innovative Electric,innovativeelectric.com,innovativeelectric.com,,,,Santa Rosa Beach,Florida,US,32459
Milton Electrical Services,miltonelectricalservices.com,miltonelectricalservices.com,,,,Santa Rosa Beach,Florida,US,32459
A & B Electric of Sarasota,abelectricofsarasota.com,abelectricofsarasota.com,,,,Sarasota,Florida,US,34233
Ace Electric,srqace.com,srqace.com,,,,Sarasota,Florida,US,34234
All Day Electric Inc,alldayelectricsrq.com,alldayelectricsrq.com,,,,Sarasota,Florida,US,34237
Anchor Electric,anchorelectricllc.com,anchorelectricllc.com,,,,Sarasota,Florida,US,34239
Barnard Bros Electric,barnardbroselectric.com,barnardbroselectric.com,,,,Sarasota,Florida,US,34233
Bolt Electric,boltelectricfl.com,boltelectricfl.com,,,,Sarasota,Florida,US,34240
Coastal Electric SRQ,coastalelectricsrq.com,coastalelectricsrq.com,,,,Sarasota,Florida,US,34233
"Cool Today - Cooling, Plumbing, Electrical",cooltoday.com,cooltoday.com,,,,Sarasota,Florida,US,34243
Davis Electrical Services LLC,daviselectricsarasota.com,daviselectricsarasota.com,,,,Sarasota,Florida,US,34240
Florida Power Solutions Inc.,flpowersolutions.com,flpowersolutions.com,,,,Sarasota,Florida,US,34234
Highlight Electric Inc,highlightelectric.com,highlightelectric.com,,,,Sarasota,Florida,US,34233
Inner Light Electric,innerlightelectric.com,innerlightelectric.com,,,,Sarasota,Florida,US,34243
Legends Electric,legendselectricllc.com,legendselectricllc.com,,,,Sarasota,Florida,US,34233
New Dawn Electric,newdawnelectric.com,newdawnelectric.com,,,,Sarasota,Florida,US,34243
Owens Electric Inc.,owens-electric.com,owens-electric.com,,,,Sarasota,Florida,US,34234
Power Moves Electric,powermoveselectric.biz,powermoveselectric.biz,,,,Sarasota,Florida,US,34234
Precision Electric Inc,precisionelectricsarasota.com,precisionelectricsarasota.com,,,,Sarasota,Florida,US,34240
Sarasota Electrical,sarasotaelectrical.com,sarasotaelectrical.com,,,,Sarasota,Florida,US,34236
Shockwave Electric,shockwaveelect.com,shockwaveelect.com,,,,Sarasota,Florida,US,34232
"Siesta Key Electric - Electrical Contractor Sarasota County, FL",siestakeyelectric.com,siestakeyelectric.com,,,,Sarasota,Florida,US,34231
Spot On Electric,spotonelectric.net,spotonelectric.net,,,,Sarasota,Florida,US,34243
Stutzman Electrical Services,stutzmanelectrical.com,stutzmanelectrical.com,,,,Sarasota,Florida,US,34240
"Suncoast Electrical Services, LLC",suncoastelectricllc.com,suncoastelectricllc.com,,,,Sarasota,Florida,US,34240
Tarpon Bay Electric LLC,tarponbayelectric.com,tarponbayelectric.com,,,,Sarasota,Florida,US,34233
Complete Electric,completeelectricfl.com,completeelectricfl.com,,,,Sebastian,Florida,US,32958
"Doolbar Electrical Contracting Services, LLC",doolbarelectricalcontracting.com,doolbarelectricalcontracting.com,,,,Seminole,Florida,US,33777
Keywest Lights & Electric,keywestlights.com,keywestlights.com,,,,Seminole,Florida,US,33772
"Back-Up Power Services, Inc.",backupps.com,backupps.com,,,,Sorrento,Florida,US,32776
"Giles Electric Company, Inc.",gileselectriccompany.com,gileselectriccompany.com,,,,South Daytona,Florida,US,32119
Honda Generators of South Daytona,powerequipment.honda.com,powerequipment.honda.com,,,,South Daytona,Florida,US,32119
Mango Electric LLC,mangoelectricllc.com,mangoelectricllc.com,,,,South Daytona,Florida,US,32119
Pier Electric,pierelectric.com,pierelectric.com,,,,St. Augustine,Florida,US,32095
Always Ready Generators,alwaysreadygen.com,alwaysreadygen.com,,,,Stuart,Florida,US,34997
Phil Johnston Electric,1stchoicekeys.com,1stchoicekeys.com,,,,Summerland Key,Florida,US,33042
Global Power Services,global-pow.com,global-pow.com,,,,Sunrise,Florida,US,33351
A+ Electrical Contractors LLC,aplusec.com,aplusec.com,,,,Tallahassee,Florida,US,32304
"Albritton Electrical Service, Inc",albrittonelectric.com,albrittonelectric.com,,,,Tallahassee,Florida,US,32303
All American Auto Electric,allamericanautoelectricfl.com,allamericanautoelectricfl.com,,,,Tallahassee,Florida,US,32304
Barksdale Electric Inc.,barksdaleelectric.com,barksdaleelectric.com,,,,Tallahassee,Florida,US,32308
"Bonds Electrical, Heating & A/C, Inc",bondstallahassee.com,bondstallahassee.com,,,,Tallahassee,Florida,US,32303
"DeGraw Electric, Inc.",degrawelectric.com,degrawelectric.com,,,,Tallahassee,Florida,US,32305
Electrotech LLC,electrotechllc.com,electrotechllc.com,,,,Tallahassee,Florida,US,32303
Elek Energy,eleksolar.com,eleksolar.com,,,,Tallahassee,Florida,US,32304
Enlighten Electric Inc,enlightenelectric.net,enlightenelectric.net,,,,Tallahassee,Florida,US,32305
Florida Electric Inc,floridaelectricinc.com,floridaelectricinc.com,,,,Tallahassee,Florida,US,32303
Fraser Electric Inc.,fraserelectric.com,fraserelectric.com,,,,Tallahassee,Florida,US,32312
Future Energy Charging Station,futureenergy.com,futureenergy.com,,,,Tallahassee,Florida,US,32317
GT Electric,gtelectricfl.com,gtelectricfl.com,,,,Tallahassee,Florida,US,32308
Joel Foy Electrical Service,joelfoyelectric.com,joelfoyelectric.com,,,,Tallahassee,Florida,US,32304
Lawson & Lawson Electrical Services,llelectrical.com,llelectrical.com,,,,Tallahassee,Florida,US,32303
Light Force Electrical Services,lightforceelectricalservices.com,lightforceelectricalservices.com,,,,Tallahassee,Florida,US,32308
"Mathers Electric Co., Inc",matherselectric.com,matherselectric.com,,,,Tallahassee,Florida,US,32303
McKinney Electric Of Tallahassee,mckinneyelectricoftallahassee.com,mckinneyelectricoftallahassee.com,,,,Tallahassee,Florida,US,32301
Meeks Electrical Services,meekselectrical.com,meekselectrical.com,,,,Tallahassee,Florida,US,32311
"Metro Electrical Services, Inc.",metroelectricalservices.com,metroelectricalservices.com,,,,Tallahassee,Florida,US,32304
"Northeast Electrical, llc",neelectricservice.com,neelectricservice.com,,,,Tallahassee,Florida,US,32305
"Parker Services, Inc.",tallahasseeac.com,tallahasseeac.com,,,,Tallahassee,Florida,US,32310
Perkins Electric,perkelectric.com,perkelectric.com,,,,Tallahassee,Florida,US,32303
RT Electric LLC,rtelectricllc.com,rtelectricllc.com,,,,Tallahassee,Florida,US,32303
Residential Electric Services,tallahasseewired.com,tallahasseewired.com,,,,Tallahassee,Florida,US,32305
"Rocafort Electrical Services, LLC",rocafortelectric.com,rocafortelectric.com,,,,Tallahassee,Florida,US,32303
Sun Coast Electric & Networking,suncoastelectric.com,suncoastelectric.com,,,,Tallahassee,Florida,US,32303
TROY'S ELECTRIC INC,troyselectrictlh.com,troyselectrictlh.com,,,,Tallahassee,Florida,US,32309
Truevolt Electrical Services Inc,truevoltelectric.com,truevoltelectric.com,,,,Tallahassee,Florida,US,32303
"Universal Electric of Tallahassee, Inc.",universalelectric.net,universalelectric.net,,,,Tallahassee,Florida,US,32305
Walsh Consulting and Electrical,electriciantallahassee.net,electriciantallahassee.net,,,,Tallahassee,Florida,US,32305
"Weston Trawick, Inc.",westontrawick.com,westontrawick.com,,,,Tallahassee,Florida,US,32303
ACF Industrial Energy,acfindustrialenergy.com,acfindustrialenergy.com,,,,Tampa,Florida,US,33619
ALM ELECTRIC LLC,almelectricllcus.com,almelectricllcus.com,,,,Tampa,Florida,US,33614
Acme Electrical Services,acmeelectricalservices.com,acmeelectricalservices.com,,,,Tampa,Florida,US,33604
"Acree Plumbing, Air & Electric",trustacree.com,trustacree.com,,,,Tampa,Florida,US,33619
Aguila Electrical Services Inc,aguilaelectrical.com,aguilaelectrical.com,,,,Tampa,Florida,US,33610
BATES ELECTRIC,bateselectric.com,bateselectric.com,,,,Tampa,Florida,US,33634
Brandon Electric,brandonelectricinc.com,brandonelectricinc.com,,,,Tampa,Florida,US,33613
Bright Spark Electric,brightsparkelectric.com,brightsparkelectric.com,,,,Tampa,Florida,US,33629
CJS Electric Inc.,cjselectric7.com,cjselectric7.com,,,,Tampa,Florida,US,33618
"CTG Power Systems Intnl., LLC",ctgpowersystems.com,ctgpowersystems.com,,,,Tampa,Florida,US,33602
ChargePoint Charging Station,tampagov.net,tampagov.net,,,,Tampa,Florida,US,33602
Dean's Electrical Service,deans-electrical.com,deans-electrical.com,,,,Tampa,Florida,US,33613
Electric Vehicle Charging Station,na.chargepoint.com,na.chargepoint.com,,,,Tampa,Florida,US,33614
Elkins Electric,elkinselectric.com,elkinselectric.com,,,,Tampa,Florida,US,33604
"Erwin Electric, Inc.",erwinelectric.com,erwinelectric.com,,,,Tampa,Florida,US,33635
Everyday Electric,myeverydayelectric.com,myeverydayelectric.com,,,,Tampa,Florida,US,33615
Force Electric,forceelectricservice.com,forceelectricservice.com,,,,Tampa,Florida,US,33614
Generator Supercenter,generatorsupercenteroftampa.com,generatorsupercenteroftampa.com,,,,Tampa,Florida,US,33618
"Groves Electric, Inc.",groveselectricinc.com,groveselectricinc.com,,,,Tampa,Florida,US,33606
Hoffman Electrical & A/C,hoffmanelectrical.com,hoffmanelectrical.com,,,,Tampa,Florida,US,33619
Home Service Heroes,homeserviceheroesfl.com,homeserviceheroesfl.com,,,,Tampa,Florida,US,33610
Honest Hanks Electrician,honesthanks.com,honesthanks.com,,,,Tampa,Florida,US,33616
Howards Electrical Service Co.,howelec.com,howelec.com,,,,Tampa,Florida,US,33614
"JB Electric Power Solutions, LLC",jbelectricpowersolutions.com,jbelectricpowersolutions.com,,,,Tampa,Florida,US,33637
"Ketrow Electric, LLC",ketrowelectric.com,ketrowelectric.com,,,,Tampa,Florida,US,33619
"Lee Electric, Inc",leeelectriconline.com,leeelectriconline.com,,,,Tampa,Florida,US,33624
Mister Sparky,tampamistersparky.com,tampamistersparky.com,,,,Tampa,Florida,US,33610
ONYX Electric,onyxelectricfl.com,onyxelectricfl.com,,,,Tampa,Florida,US,33626
PCS -Power Cooling Sanitation Rentals,rentalpcs.com,rentalpcs.com,,,,Tampa,Florida,US,33634
Peak Power Services Inc,peakpowerservices.com,peakpowerservices.com,,,,Tampa,Florida,US,33637
Phase Voltage Electrical Services,phasevoltageelectrical.com,phasevoltageelectrical.com,,,,Tampa,Florida,US,33613
Power Electric Services Inc,powerelectricservice.com,powerelectricservice.com,,,,Tampa,Florida,US,33610
RUIZ ELECTRICAL SERVICES LLC,ruizelectricalservices.net,ruizelectricalservices.net,,,,Tampa,Florida,US,33615
Scruggs Electric,scruggselectrictampa.com,scruggselectrictampa.com,,,,Tampa,Florida,US,33604
Second Opinion Electric,secondopinionelectric.com,secondopinionelectric.com,,,,Tampa,Florida,US,33614
Seminole Heights Electricians,seminoleheightselectricians.com,seminoleheightselectricians.com,,,,Tampa,Florida,US,33604
"Small Jobs Electric, Inc.",smalljobselectric.com,smalljobselectric.com,,,,Tampa,Florida,US,33624
Snowbird Electric LLC,snowbirdelectricllc.com,snowbirdelectricllc.com,,,,Tampa,Florida,US,33603
South Tampa Electrician Pros,southtampaelectricians.com,southtampaelectricians.com,,,,Tampa,Florida,US,33606
Suncoast Power Solutions,suncoastpowersolutions.com,suncoastpowersolutions.com,,,,Tampa,Florida,US,33624
Tampa Area Electrical JATC,tampajatc.org,tampajatc.org,,,,Tampa,Florida,US,33610
Titan Plumbing and Electric,titanplumbingandelectric.com,titanplumbingandelectric.com,,,,Tampa,Florida,US,33604
Wheeler Generators Florida,wheelergenerators.net,wheelergenerators.net,,,,Tampa,Florida,US,33614
Custom Electric,keyscustomelectric.com,keyscustomelectric.com,,,,Tavernier,Florida,US,33070
"Florida Keys Electric Cooperative Association Inc, FKEC",fkec.com,fkec.com,,,,Tavernier,Florida,US,33070
POWER TECH Trolling Motor and Electrical Center,powertechfl.com,powertechfl.com,,,,Tavernier,Florida,US,33070
E&I Electrical,tampaelectricalservices.com,tampaelectricalservices.com,,,,Temple Terrace,Florida,US,33617
B P Electric Inc,bpelectric.net,bpelectric.net,,,,Tequesta,Florida,US,33469
BILL GILBERT ELECTRIC,billgilbertelectric.com,billgilbertelectric.com,,,,Tequesta,Florida,US,33469
Central Florida Home Generator Installation,centralfloridahomegeneratorinstallation.com,centralfloridahomegeneratorinstallation.com,,,,The Villages,Florida,US,32162
"Veteran's 1st Electric Services, LLC",vet1st.net,vet1st.net,,,,Valrico,Florida,US,33596
Venice Electric,veniceelectric.com,veniceelectric.com,,,,Venice,Florida,US,34285
"All Suncoast Electric, Inc",allsuncoastelectric.com,allsuncoastelectric.com,,,,Vero Beach,Florida,US,32967
Ark Electric,arkelectricfl.com,arkelectricfl.com,,,,Vero Beach,Florida,US,32968
Arman Electric,armanelectric.com,armanelectric.com,,,,Vero Beach,Florida,US,32960
Atkinson Electric LLC,atkinsonelectricsouth.com,atkinsonelectricsouth.com,,,,Vero Beach,Florida,US,32968
Bip DiPietro Electric,bipelectric.com,bipelectric.com,,,,Vero Beach,Florida,US,32962
Blais Electric,blaiselectric.com,blaiselectric.com,,,,Vero Beach,Florida,US,32968
Brandon Blais Electric,brandonblaiselectric.com,brandonblaiselectric.com,,,,Vero Beach,Florida,US,32960
Caribbean Connect Electric LLC,caribbeanconectelectricllc.com,caribbeanconectelectricllc.com,,,,Vero Beach,Florida,US,32962
Consolidated Electrical Distributors,cedvero.com,cedvero.com,,,,Vero Beach,Florida,US,32967
Courtney Electric LLC,courtneyelectric.com,courtneyelectric.com,,,,Vero Beach,Florida,US,32966
"Del-Air Heating, Air Conditioning, Plumbing and Electrical",delair.com,delair.com,,,,Vero Beach,Florida,US,32967
E Smith Electrical Services LLC,esmithelectricalservices.com,esmithelectricalservices.com,,,,Vero Beach,Florida,US,32962
Every Phase Electric,everyphaseelectric.com,everyphaseelectric.com,,,,Vero Beach,Florida,US,32967
F V Casano Electrical Contractor,casanoelectric.com,casanoelectric.com,,,,Vero Beach,Florida,US,32960
Happy Home Electric,localelectriciansfl.com,localelectriciansfl.com,,,,Vero Beach,Florida,US,32967
Hooper Electrical Services Inc.,hooperelectricalservicesinc.com,hooperelectricalservicesinc.com,,,,Vero Beach,Florida,US,32962
JMC Electric,jmcelectricfl.com,jmcelectricfl.com,,,,Vero Beach,Florida,US,32967
"K & M Electric Supply, Inc.",kmelectric.com,kmelectric.com,,,,Vero Beach,Florida,US,32960
Robles Electrical Services,robleselectricalservices.com,robleselectricalservices.com,,,,Vero Beach,Florida,US,32966
Schlitt Electrical Contracting,schlittelectric.com,schlittelectric.com,,,,Vero Beach,Florida,US,32962
Seacoast Air Conditioning Vero Beach,verobeach.seacoastair.com,verobeach.seacoastair.com,,,,Vero Beach,Florida,US,32960
Thompson's Electric,thompsonselectric.com,thompsonselectric.com,,,,Vero Beach,Florida,US,32960
Toussaint Electric,toussaintelectric.com,toussaintelectric.com,,,,Vero Beach,Florida,US,32962
"Treasure Coast Engineering, Inc.",tce.eng.pro,tce.eng.pro,,,,Vero Beach,Florida,US,32966
Vero Beach Electrical,verobeachelectrical.com,verobeachelectrical.com,,,,Vero Beach,Florida,US,32960
White Electric,whiteelectricvero.com,whiteelectricvero.com,,,,Vero Beach,Florida,US,32962
All Services Electric,allserviceselectricfl.com,allserviceselectricfl.com,,,,Wekiwa Springs,Florida,US,32779
Gold Standard Electric,goldstandardelectric.com,goldstandardelectric.com,,,,Wellington,Florida,US,33467
"Simon Electric, LLC",simonelectricllc.com,simonelectricllc.com,,,,Wellington,Florida,US,33467
All in One Electrical Repairs and Installations LLC,electriciantampabay.net,electriciantampabay.net,,,,Wesley Chapel,Florida,US,33544
ACE ELECTRICIANS,aceelectriciansfl.com,aceelectriciansfl.com,,,,West Palm Beach,Florida,US,33413
AV2E Electrical Services,av2e.net,av2e.net,,,,West Palm Beach,Florida,US,33405
Alphatec Electric,alphatecelectric.com,alphatecelectric.com,,,,West Palm Beach,Florida,US,33411
Alternate Power Solutions,alternate-power-solutions.com,alternate-power-solutions.com,,,,West Palm Beach,Florida,US,33411
American Lighting & Electrical Services,americanlightingusa.com,americanlightingusa.com,,,,West Palm Beach,Florida,US,33404
Anything Electric Inc,ae-pwr.com,ae-pwr.com,,,,West Palm Beach,Florida,US,33409
Assist Electric,assistelectric.com,assistelectric.com,,,,West Palm Beach,Florida,US,33415
Boston Electric LLC,bostonelectric.biz,bostonelectric.biz,,,,West Palm Beach,Florida,US,33409
Carpenter Electric,carpenter-electric.com,carpenter-electric.com,,,,West Palm Beach,Florida,US,33407
Cerrito Electric,cerritoelectric.com,cerritoelectric.com,,,,West Palm Beach,Florida,US,33411
Comet Electric & Automation,cometelectricinc.com,cometelectricinc.com,,,,West Palm Beach,Florida,US,33413
DC FLORIDA ELECTRIC,dcflelectric.com,dcflelectric.com,,,,West Palm Beach,Florida,US,33415
Eccentric Energy Electrical Contractor,eccentricenergy561.com,eccentricenergy561.com,,,,West Palm Beach,Florida,US,33407
Economic Electric Motors Inc,eemotors.com,eemotors.com,,,,West Palm Beach,Florida,US,33409
FPL EVolution Charging Station,fpl.com,fpl.com,,,,West Palm Beach,Florida,US,33409
"Florida Residential Electric, Inc.",floridaresidentialelectric.com,floridaresidentialelectric.com,,,,West Palm Beach,Florida,US,33418
Freshwater & Son's Electric LLC,freshwaterelectric.com,freshwaterelectric.com,,,,West Palm Beach,Florida,US,33409
"GO Electric Services, LLC",goelectricservices.com,goelectricservices.com,,,,West Palm Beach,Florida,US,33409
Global Power & Ac Corp,globalpowerpb.com,globalpowerpb.com,,,,West Palm Beach,Florida,US,33411
Godfrey Electric Inc.,godfreyelectric.com,godfreyelectric.com,,,,West Palm Beach,Florida,US,33405
I.M. Electric Inc.,imelectricinc.com,imelectricinc.com,,,,West Palm Beach,Florida,US,33405
J & D Electrical Solutions Corp.,jdelectricals.org,jdelectricals.org,,,,West Palm Beach,Florida,US,33415
JP Volt Electric INC,jpvoltelectric.com,jpvoltelectric.com,,,,West Palm Beach,Florida,US,33405
Lighthouse Energy Company,lighthouseenergyco.com,lighthouseenergyco.com,,,,West Palm Beach,Florida,US,33415
Lightning Electric Inc.,lightningelectricinc.com,lightningelectricinc.com,,,,West Palm Beach,Florida,US,33405
METRO ELECTRIC SERVICES & CONSULTING INC,metroelectricservices.com,metroelectricservices.com,,,,West Palm Beach,Florida,US,33401
Marble Electric Palm Beach,marbleelectricco.com,marbleelectricco.com,,,,West Palm Beach,Florida,US,33411
North County Electric Inc.,northcountyelectricinc.net,northcountyelectricinc.net,,,,West Palm Beach,Florida,US,33418
PCM ELECTRIC LLC,pcmelectric.com,pcmelectric.com,,,,West Palm Beach,Florida,US,33405
Panel Electric Inc,panelelectric.com,panelelectric.com,,,,West Palm Beach,Florida,US,33401
Peninsular Electric Distributors,pedwpb.com,pedwpb.com,,,,West Palm Beach,Florida,US,33401
Science Electric inc,science-electeric.com,science-electeric.com,,,,West Palm Beach,Florida,US,33409
Static Electric Co,staticelectric.com,staticelectric.com,,,,West Palm Beach,Florida,US,33411
Swink Electric Inc.,swinkelectric.com,swinkelectric.com,,,,West Palm Beach,Florida,US,33415
Wally Nassif Electrical Contracting Service,nassifelectric.com,nassifelectric.com,,,,West Palm Beach,Florida,US,33405
Wave Electrical,waveelectricalllc.com,waveelectricalllc.com,,,,West Palm Beach,Florida,US,33407
World Electric,worldelectricsupply.com,worldelectricsupply.com,,,,West Palm Beach,Florida,US,33407
Horton Jones Electrical Contractors,hjelectric.net,hjelectric.net,,,,Wilton Manors,Florida,US,33305
Complete Power Resources,completepowerresources.com,completepowerresources.com,,,,Winter Garden,Florida,US,34787
DH Electric,dhelectric.pro,dhelectric.pro,,,,Winter Park,Florida,US,32792
Illumina Electric LLC,illuminaelectrical.com,illuminaelectrical.com,,,,Winter Park,Florida,US,32792
MTK Electric Inc,mtkelectric.com,mtkelectric.com,,,,Winter Park,Florida,US,32789
Palmer Electric Company,palmer-electric.com,palmer-electric.com,,,,Winter Park,Florida,US,32789
Smartron Electric,smartronelectric.com,smartronelectric.com,,,,Winter Park,Florida,US,32789
Baldor Electric Co,baldor.com,baldor.com,,,,Alpharetta,Georgia,US,30005
Bray Electrical Alpharetta,brayelectrical.com,brayelectrical.com,,,,Alpharetta,Georgia,US,30004
"Bryan Electric, Inc.",bryanelectricinc.com,bryanelectricinc.com,,,,Alpharetta,Georgia,US,30004
JustFixToday - Handyman Services in Alpharetta GA | Painter | Plumber | Drywall | AC Repair | Electrical Repair | Carpenter,justfixtoday.com,justfixtoday.com,,,,Alpharetta,Georgia,US,30004
LaFlamme Electric Inc.,laflammeelectric.com,laflammeelectric.com,,,,Alpharetta,Georgia,US,30004
Lanehart Electrical Contractor,lanehart.com,lanehart.com,,,,Alpharetta,Georgia,US,30004
Lewis Electrical Contractors,leciga.com,leciga.com,,,,Alpharetta,Georgia,US,30004
MG Electric LLC,mgelectricllcga.com,mgelectricllcga.com,,,,Alpharetta,Georgia,US,30005
Meer Electric,meerelectric.com,meerelectric.com,,,,Alpharetta,Georgia,US,30004
Menard Electric Company Alpharetta,menardelectriccompany.com,menardelectriccompany.com,,,,Alpharetta,Georgia,US,30004
Modern Electric,mymodernelectric.com,mymodernelectric.com,,,,Alpharetta,Georgia,US,30009
RDP Electrical Services,rdpelectric.com,rdpelectric.com,,,,Alpharetta,Georgia,US,30005
"Reliable Heating & Air, Plumbing and Electrical - Alpharetta",reliableair.com,reliableair.com,,,,Alpharetta,Georgia,US,30022
Rogers Electric,rogerselectric.com,rogerselectric.com,,,,Alpharetta,Georgia,US,30005
Sharp Electrical Contractors,sharpelectricalcontractorsinc.com,sharpelectricalcontractorsinc.com,,,,Alpharetta,Georgia,US,30004
Southern Electric Co,southernelectriccompany.com,southernelectriccompany.com,,,,Alpharetta,Georgia,US,30004
“Ohmage” Electrical Handyman Service,ohmagesolutions.com,ohmagesolutions.com,,,,Alpharetta,Georgia,US,30009
1st Generation Electric LLC,firstgenelectric.com,firstgenelectric.com,,,,Atlanta,Georgia,US,30354
"50 States Electric,LLC",50stateselectric.com,50stateselectric.com,,,,Atlanta,Georgia,US,30318
"Aardvark Electric, Inc.",aardvark-electric.com,aardvark-electric.com,,,,Atlanta,Georgia,US,30340
Atlanta Smart Systems,atlantasmartsystems.com,atlantasmartsystems.com,,,,Atlanta,Georgia,US,30309
Bright Idea Electric,brightelectrician.com,brightelectrician.com,,,,Atlanta,Georgia,US,30340
Brown Electrical Services,brown-electrical.com,brown-electrical.com,,,,Atlanta,Georgia,US,30349
Cameron Electrical,cameronelectric247.com,cameronelectric247.com,,,,Atlanta,Georgia,US,30338
Charge Right Electric,chargerightelectric.com,chargerightelectric.com,,,,Atlanta,Georgia,US,30340
DW Electric,dwelectricatl.com,dwelectricatl.com,,,,Atlanta,Georgia,US,30316
Eagle Electric,eagleelectricus.com,eagleelectricus.com,,,,Atlanta,Georgia,US,30324
Ehrlich Electric LLC,ehrlichelectric.com,ehrlichelectric.com,,,,Atlanta,Georgia,US,30350
Electro Energy Design & Construction Services llc,electroenergypro.com,electroenergypro.com,,,,Atlanta,Georgia,US,30350
Handy Electrician,handyelectrician.com,handyelectrician.com,,,,Atlanta,Georgia,US,30316
McCall Enterprises,mccallent.com,mccallent.com,,,,Atlanta,Georgia,US,30303
McCauley Electrical Services,mccelec.com,mccelec.com,,,,Atlanta,Georgia,US,30324
Mr. Wise Electric,mrwiseelectric.com,mrwiseelectric.com,,,,Atlanta,Georgia,US,30311
New Beginnings Electrical Services Atlanta,newbeginningselectrical.com,newbeginningselectrical.com,,,,Atlanta,Georgia,US,30309
Pat Murphy Electric Inc.,patmurphyelectric.com,patmurphyelectric.com,,,,Atlanta,Georgia,US,30326
Q&S Electrical Contractors LLC,qselectrical.com,qselectrical.com,,,,Atlanta,Georgia,US,30318
The Electrician,theelectricianatlanta.com,theelectricianatlanta.com,,,,Atlanta,Georgia,US,30342
White Electrical Construction Co,white-electrical.com,white-electrical.com,,,,Atlanta,Georgia,US,30318
Yara Electric,thumbtack.com,thumbtack.com,,,,Atlanta,Georgia,US,30318
Yunger-Allen Electrical Contractors Systems and Solutions LLC,yunger-allenelectrical.com,yunger-allenelectrical.com,,,,Atlanta,Georgia,US,30319
A W Electric LLC,awelectricllc.com,awelectricllc.com,,,,Augusta,Georgia,US,30904
Alrich Electric Contracting Co,alrichelectric.com,alrichelectric.com,,,,Augusta,Georgia,US,30904
Carter Electric Co Inc,carterelectriccompany.com,carterelectriccompany.com,,,,Augusta,Georgia,US,30907
Helm Electric Inc.,helmelectric.net,helmelectric.net,,,,Augusta,Georgia,US,30901
IRELAND ELECTRIC CORPORATION,irelandelectriccorp.com,irelandelectriccorp.com,,,,Augusta,Georgia,US,30906
"L Wiley Electrical Contractors, Inc.",rlwiley.com,rlwiley.com,,,,Augusta,Georgia,US,30907
Lite Electric,augustaelectricalwork.com,augustaelectricalwork.com,,,,Augusta,Georgia,US,30904
"Rob Zapata's Electric, Inc.",robzapataselectric.com,robzapataselectric.com,,,,Augusta,Georgia,US,30907
Voltz Electrical Service,voltz99.com,voltz99.com,,,,Augusta,Georgia,US,30906
Watt's the Problem?,wattstheproblem.com,wattstheproblem.com,,,,Augusta,Georgia,US,30904
Prime Power Services,primepower.com,primepower.com,,,,Austell,Georgia,US,30168
Godwin Electric LLC,godwin-electric.com,godwin-electric.com,,,,Bainbridge,Georgia,US,39817
"A & B Electric, LLC",abelectricga.com,abelectricga.com,,,,Brunswick,Georgia,US,31525
Coffey Electric,coffeyelectric.com,coffeyelectric.com,,,,Brunswick,Georgia,US,31525
North Georgia Electrical Services,northgeorgiaelectricalservices.org,northgeorgiaelectricalservices.org,,,,Buford,Georgia,US,30519
EZ Electrical Contractors LLC,ez-electrical.net,ez-electrical.net,,,,Chatsworth,Georgia,US,30705
"Performance Electrical Contractors, LLC",performanceelectricalllc.com,performanceelectricalllc.com,,,,Conyers,Georgia,US,30013
Georgia Generator Pro,georgiageneratorpro.com,georgiageneratorpro.com,,,,Covington,Georgia,US,30014
Arc Angel Electric,arcangelelectric.com,arcangelelectric.com,,,,Cumming,Georgia,US,30041
"GenSpring Power, Inc.",georgiagenerator.com,georgiagenerator.com,,,,Cumming,Georgia,US,30040
Mr. Value Electricians,mrvalueelectricians.com,mrvalueelectricians.com,,,,Cumming,Georgia,US,30040
Augusta Industrial Electric Inc,augustaindustrialelectric.com,augustaindustrialelectric.com,,,,Dearing,Georgia,US,30808
Bray Electrical Services,brayelectricalservices.com,brayelectricalservices.com,,,,Decatur,Georgia,US,30030
Southern Power Generators,southernpowergenerators.com,southernpowergenerators.com,,,,Decatur,Georgia,US,30032
Anderson Power Services,andersonpowerservices.com,andersonpowerservices.com,,,,Douglasville,Georgia,US,30134
A+ Electric LLC,apluselectricllc.com,apluselectricllc.com,,,,Evans,Georgia,US,30809
East Georgia Electrical Contractors,eastgeorgiaelectrical.com,eastgeorgiaelectrical.com,,,,Evans,Georgia,US,30809
Caldwell Electrical Contractors,caldwellelectric.com,caldwellelectric.com,,,,Gainesville,Georgia,US,30507
Gainesville Argo Total Electrical,argoelectrical.com,argoelectrical.com,,,,Gainesville,Georgia,US,30501
Gainesville Electrician The Flash Electric,electriciangainesville.com,electriciangainesville.com,,,,Gainesville,Georgia,US,30506
Lightning Electric Services llc,lightningelectricga.com,lightningelectricga.com,,,,Gainesville,Georgia,US,30507
Rushing Electric Co. Inc.,rushingelectric.com,rushingelectric.com,,,,Garden City,Georgia,US,31408
"Southern Electrical Contracting, LLC",southernelectricalcontracting.com,southernelectricalcontracting.com,,,,Grantville,Georgia,US,30220
Central Georgia Generator,cggpower.com,cggpower.com,,,,Griffin,Georgia,US,30224
Dr. Electric CSRA,drelectriccsra.com,drelectriccsra.com,,,,Grovetown,Georgia,US,30813
"Switch Electric, LLC",teamswitchelectric.com,teamswitchelectric.com,,,,Guyton,Georgia,US,31312
Jasper Generators,jaspergenerators.generacdealers.com,jaspergenerators.generacdealers.com,,,,Jasper,Georgia,US,30143
"Ray's Electrical Services, LLC.",rayselectricalservices.net,rayselectricalservices.net,,,,Johns Creek,Georgia,US,30005
Integrated Home Solutions,generac.ihs-ga.com,generac.ihs-ga.com,,,,Kennesaw,Georgia,US,30144
K & A Electric,k-aelectricllc.com,k-aelectricllc.com,,,,LaFayette,Georgia,US,30728
Kalahari Electrical Services,kalahari-electrical.com,kalahari-electrical.com,,,,Lawrenceville,Georgia,US,30044
Midtown Electric,midtownatlantaelectric.com,midtownatlantaelectric.com,,,,Mableton,Georgia,US,30126
"E. Dennis Heating, Cooling, Plumbing & Electrical",edennisacinc.com,edennisacinc.com,,,,Marietta,Georgia,US,30067
Lightning Bug Electric,lightningbugelectric.com,lightningbugelectric.com,,,,Marietta,Georgia,US,30066
Mister Sparky,mistersparky.com,mistersparky.com,,,,Marietta,Georgia,US,30066
Aiken Augusta Electric & Security,aikenaugustaelectricsecurity.com,aikenaugustaelectricsecurity.com,,,,Martinez,Georgia,US,30907
"Ferrell Electrical Repair, Lighting & Panel Upgrades",ferrellelectricinc.com,ferrellelectricinc.com,,,,Martinez,Georgia,US,30907
Newsome Electrical Construction LLC,nec-llc.com,nec-llc.com,,,,Martinez,Georgia,US,30907
"Southeastern Electrical Specialists, LLC",se-es.com,se-es.com,,,,Martinez,Georgia,US,30907
Southern Power Products,southernpowerproducts.generacdealers.com,southernpowerproducts.generacdealers.com,,,,Martinez,Georgia,US,30907
5 Star Electric,5starelectric.us,5starelectric.us,,,,Norcross,Georgia,US,30092
ATL Strictly Electric,atlstrictlyelectric.com,atlstrictlyelectric.com,,,,Norcross,Georgia,US,30071
"Capital City Electrical Services, LLC",ccelect.com,ccelect.com,,,,Norcross,Georgia,US,30093
Electrical & Lighting Solutions,peachtreecityelectrician.com,peachtreecityelectrician.com,,,,Peachtree City,Georgia,US,30269
Generator Supercenter of South Atlanta,generatorsupercenterofsouthatl.com,generatorsupercenterofsouthatl.com,,,,Peachtree City,Georgia,US,30269
Independent Electrical Contractors - Atlanta & Georgia Chapters,iecatlantaga.org,iecatlantaga.org,,,,Peachtree Corners,Georgia,US,30092
RS Andrews,rsandrews.com,rsandrews.com,,,,Peachtree Corners,Georgia,US,30092
Shuman Electric,shumanelectric.com,shumanelectric.com,,,,Pembroke,Georgia,US,31321
Coastal Electric of Georgia,coastalelectricga.com,coastalelectricga.com,,,,Pooler,Georgia,US,31322
Generator Supercenter of Savannah,generatorsupercenter.com,generatorsupercenter.com,,,,Pooler,Georgia,US,31322
Go Station Charging Station,go-station.com,go-station.com,,,,Port Wentworth,Georgia,US,31407
BC Professional Electrical Services LLC,chattanoogaelectrical.com,chattanoogaelectrical.com,,,,Ringgold,Georgia,US,30736
Nolan Electric,nolan-electric.com,nolan-electric.com,,,,Ringgold,Georgia,US,30736
Tatum Electric,tatumelectric.com,tatumelectric.com,,,,Ringgold,Georgia,US,30736
"Bardi Heating, Cooling, Plumbing, Electrical",bardi.com,bardi.com,,,,Roswell,Georgia,US,30076
Brooker Electric,brookerelectric.com,brookerelectric.com,,,,Roswell,Georgia,US,30075
City Light Electric LLC,citylight-electric.com,citylight-electric.com,,,,Roswell,Georgia,US,30076
Generator Supercenter of NW Atlanta,generatorsupercenterofnorthatlanta.com,generatorsupercenterofnorthatlanta.com,,,,Roswell,Georgia,US,30076
Speedy Electric,speedyelectric.com,speedyelectric.com,,,,Roswell,Georgia,US,30075
"TE Certified, Electrical, Plumbing, Heating & Cooling",tecertifiedelectricians.com,tecertifiedelectricians.com,,,,Roswell,Georgia,US,30075
Braddy Electric Company,braddyelectricco.com,braddyelectricco.com,,,,Savannah,Georgia,US,31404
Brightco Electric LLC,brightcoelectric.com,brightcoelectric.com,,,,Savannah,Georgia,US,31406
Consolidated Electrical Distributors,savannah.portalced.com,savannah.portalced.com,,,,Savannah,Georgia,US,31405
"Crout Electrical Company, Inc.",croutelectric.com,croutelectric.com,,,,Savannah,Georgia,US,31405
"Current Edge Solutions, LLC",currentedgesolutions.com,currentedgesolutions.com,,,,Savannah,Georgia,US,31404
DP Joyner Industrial,dpjoynerindustrial.com,dpjoynerindustrial.com,,,,Savannah,Georgia,US,31405
Electrical Solutions-Savannah,electricalsolutionssavannah.com,electricalsolutionssavannah.com,,,,Savannah,Georgia,US,31419
Griffin Electric Co,griffinelectricga.com,griffinelectricga.com,,,,Savannah,Georgia,US,31408
Hoffman Electric,hoffmanelectriccompany.com,hoffmanelectriccompany.com,,,,Savannah,Georgia,US,31405
Industrial Electro-Mechanics,iemsavannah.com,iemsavannah.com,,,,Savannah,Georgia,US,31408
"Industrial Technical Services, Inc",its-sav.com,its-sav.com,,,,Savannah,Georgia,US,31415
JG Beacham Electric,jgbeachamelectric.com,jgbeachamelectric.com,,,,Savannah,Georgia,US,31401
Joyner Electric and Security,joynerelectricandsecurity.com,joynerelectricandsecurity.com,,,,Savannah,Georgia,US,31405
Low Voltage Services,lowvoltagesvc.com,lowvoltagesvc.com,,,,Savannah,Georgia,US,31404
Maycrest Hardware,maycresthardware.com,maycresthardware.com,,,,Savannah,Georgia,US,31406
Neely Electrical Services,neelyelectrical.com,neelyelectrical.com,,,,Savannah,Georgia,US,31408
Pace Lighting & Home,pacelighting.com,pacelighting.com,,,,Savannah,Georgia,US,31405
"ProLectric Electrical Contractors, Inc.",prolectric.net,prolectric.net,,,,Savannah,Georgia,US,31405
Spartan Electric,electricalcontractorssavannah.com,electricalcontractorssavannah.com,,,,Savannah,Georgia,US,31405
Stud'd Mounts llc,studdmounts.square.site,studdmounts.square.site,,,,Savannah,Georgia,US,31419
Thompson & Thompson Service Group,tntservicegroup.com,tntservicegroup.com,,,,Savannah,Georgia,US,31419
Vos Electric Inc,voselectric.com,voselectric.com,,,,Savannah,Georgia,US,31408
Perkins Generator Sales and Service,generatorstore.com,generatorstore.com,,,,Sharpsburg,Georgia,US,30277
Powers Electrical Solutions,powerselectricga.com,powerselectricga.com,,,,Smyrna,Georgia,US,30080
Southern Power Experts LLC,southernpowerexpert.com,southernpowerexpert.com,,,,Snellville,Georgia,US,30039
"E. F. Thomas and Sons Electrical Contractor, LLC",thomasnsons.com,thomasnsons.com,,,,St Marys,Georgia,US,31558
"Clocktower Electric, LLC",clocktowerelectric.com,clocktowerelectric.com,,,,St Simons Island,Georgia,US,31522
"Full Moon Lighting & Electrical, LLC",fullmoonlightingllc.com,fullmoonlightingllc.com,,,,St Simons Island,Georgia,US,31522
Parmelee Electric Services Inc,parmeleeelectricserviceinc.com,parmeleeelectricserviceinc.com,,,,St Simons Island,Georgia,US,31522
"Charles R Morton Electric, LLC",crmortonelectric.com,crmortonelectric.com,,,,Stonecrest,Georgia,US,30038
"Alternate Power Solutions, Inc.",poweringgeorgia.com,poweringgeorgia.com,,,,Talking Rock,Georgia,US,30175
Southern States Generators,southernstatesinsulation.kohlergeneratordealer.com,southernstatesinsulation.kohlergeneratordealer.com,,,,Thomasville,Georgia,US,31792
Rowell Electric Co.,rowellelectric.com,rowellelectric.com,,,,Waynesboro,Georgia,US,30830
"Innovative Electrical Systems, Inc.",innovativeelectricalsystems.com,innovativeelectricalsystems.com,,,,White,Georgia,US,30184
"Residential Power Solutions, LLC",rps-ga.net,rps-ga.net,,,,Woodstock,Georgia,US,30189
Nelson Electrical Services,nelsonelectrical.com,nelsonelectrical.com,,,,Wrens,Georgia,US,30833
O & E Matias Electrical Services,oematias.com,oematias.com,,,,Aiea,Hawaii,US,96701
Hale Kai Electric,halekaielectric.com,halekaielectric.com,,,,Hauula,Hawaii,US,96717
All G Electric LLC,allgelectric.com,allgelectric.com,,,,Honolulu,Hawaii,US,96813
Aloha Power Equipment,alohapowerequipment.com,alohapowerequipment.com,,,,Honolulu,Hawaii,US,96817
Bob's Equipment Sales & Rentals,bobsequipment.com,bobsequipment.com,,,,Honolulu,Hawaii,US,96819
Chet's Electric,chetselectrichawaii.com,chetselectrichawaii.com,,,,Honolulu,Hawaii,US,96819
City Mill - Honolulu,citymill.com,citymill.com,,,,Honolulu,Hawaii,US,96817
"D Suehiro Electric, Inc.",dsehawaii.com,dsehawaii.com,,,,Honolulu,Hawaii,US,96819
"E I Electrical, Inc.",eielectrical.com,eielectrical.com,,,,Honolulu,Hawaii,US,96817
"Electricians, Inc.",electriciansinc.com,electriciansinc.com,,,,Honolulu,Hawaii,US,96819
"Generator & Power Systems, LLC",gps-hi.com,gps-hi.com,,,,Honolulu,Hawaii,US,96819
Grand Hawaii Electric LLC,grandhawaiielectric.com,grandhawaiielectric.com,,,,Honolulu,Hawaii,US,96817
Hardware Hawaii,hardwarehawaii.com,hardwarehawaii.com,,,,Honolulu,Hawaii,US,96819
Hawaiian Electric Charging Station,hawaiianelectric.com,hawaiianelectric.com,,,,Honolulu,Hawaii,US,96817
Hawaiian Rent-All,hawaiianrentall.com,hawaiianrentall.com,,,,Honolulu,Hawaii,US,96826
Herc Rentals ProSolutions,hercrentals.com,hercrentals.com,,,,Honolulu,Hawaii,US,96819
Honolulu Electrical Services,honoluluelectrical.com,honoluluelectrical.com,,,,Honolulu,Hawaii,US,96826
Independent Energy Hawaii,independentenergyhawaii.com,independentenergyhawaii.com,,,,Honolulu,Hawaii,US,96814
Industrial Hardware Hawaii,industrialhardwarehawaii.com,industrialhardwarehawaii.com,,,,Honolulu,Hawaii,US,96819
It's Electric Hawaii,itselectrichawaii.com,itselectrichawaii.com,,,,Honolulu,Hawaii,US,96822
Jolt Charging Station,jolt.com.us,jolt.com.us,,,,Honolulu,Hawaii,US,96814
"KM Electrical Services, Inc",kmelectrichawaii.net,kmelectrichawaii.net,,,,Honolulu,Hawaii,US,96816
Kaimuki Ace Hardware,acehardware.com,acehardware.com,,,,Honolulu,Hawaii,US,96816
Kama'aina Handyman,kamaainahandyman.com,kamaainahandyman.com,,,,Honolulu,Hawaii,US,96819
Koo Electric Inc,kooelechi.com,kooelechi.com,,,,Honolulu,Hawaii,US,96817
MK Equipment Corporation,mkequipment.com,mkequipment.com,,,,Honolulu,Hawaii,US,96819
OpConnect Charging Station,opconnect.com,opconnect.com,,,,Honolulu,Hawaii,US,96814
R&R Solar Supply,randrsolar.com,randrsolar.com,,,,Honolulu,Hawaii,US,96817
Sako Electric,sakoelectrichi.com,sakoelectrichi.com,,,,Honolulu,Hawaii,US,96819
Slim's Power Tools Inc,slimspowertools.com,slimspowertools.com,,,,Honolulu,Hawaii,US,96819
Stagg Electric LLC.,staggelectric-hi.com,staggelectric-hi.com,,,,Honolulu,Hawaii,US,96819
Sunspear Energy,sunspearenergy.com,sunspearenergy.com,,,,Honolulu,Hawaii,US,96817
Woo's Electrical Service,wooselectrical.com,wooselectrical.com,,,,Honolulu,Hawaii,US,96825
"Electrical Contractors Hawaii, Inc.",echcorp.us.com,echcorp.us.com,,,,Kapolei,Hawaii,US,96707
World Wide Industrial Sales & Services Inc,yamahageneratorshawaii.com,yamahageneratorshawaii.com,,,,Kapolei,Hawaii,US,96707
"American Electric Company, LLC",americanelectric.com,americanelectric.com,,,,Mililani,Hawaii,US,96789
"Islandwide Generators, LLC",islandwidegenerators.com,islandwidegenerators.com,,,,Princeville,Hawaii,US,96722
Spectrum Engineering Hawaii,generatorrentalshawaii.com,generatorrentalshawaii.com,,,,Waialua,Hawaii,US,96791
Diamond Head Electric Inc,diamondheadelectricinc.com,diamondheadelectricinc.com,,,,Waipahu,Hawaii,US,96797
Direct Electric Hawaii,directelectrichawaii.com,directelectrichawaii.com,,,,Waipahu,Hawaii,US,96797
Hawthorne Power Systems,hawthornecat.com,hawthornecat.com,,,,Waipahu,Hawaii,US,96797
Oahu Electric and Air,oeahawaii.com,oeahawaii.com,,,,Waipahu,Hawaii,US,96797
Ron D Electrical LLC,rondelectrical.com,rondelectrical.com,,,,Waipahu,Hawaii,US,96797
Capital Electric,capitalelectric.org,capitalelectric.org,,,,Altoona,Iowa,US,50009
Tesdell Electric,tesdell.com,tesdell.com,,,,Ankeny,Iowa,US,50021
Bartlett Electric,bartlettelectric.net,bartlettelectric.net,,,,Clive,Iowa,US,50325
Custom Electrical Services,customelectricalservices.com,customelectricalservices.com,,,,Clive,Iowa,US,50325
Wired Solutions,wiredsolutionsia.com,wiredsolutionsia.com,,,,Clive,Iowa,US,50325
Bluffs Electric,bluffsservices.com,bluffsservices.com,,,,Council Bluffs,Iowa,US,51501
PowerTech,powertechteam.com,powertechteam.com,,,,Council Bluffs,Iowa,US,51503
DM Metro Electric,dmmetroelectric.com,dmmetroelectric.com,,,,Cumming,Iowa,US,50061
A-1 Electric,desmoinesbestelectrician.net,desmoinesbestelectrician.net,,,,Des Moines,Iowa,US,50315
A-Wye Electric,awyeelectric.com,awyeelectric.com,,,,Des Moines,Iowa,US,50313
Action Electric,actionelectricdm.com,actionelectricdm.com,,,,Des Moines,Iowa,US,50314
B & L Electric LLC,bandlelectriciowa.com,bandlelectriciowa.com,,,,Des Moines,Iowa,US,50316
Burns Electric,burns-electric.com,burns-electric.com,,,,Des Moines,Iowa,US,50313
Commonwealth Electric Company of the Midwest,commonwealthelectric.com,commonwealthelectric.com,,,,Des Moines,Iowa,US,50314
Delgado Electric,delgadoelectricdm.com,delgadoelectricdm.com,,,,Des Moines,Iowa,US,50315
Electrical Installations of Iowa,eiofiowa.com,eiofiowa.com,,,,Des Moines,Iowa,US,50310
Grace Electric DSM,graceelectricdsm.com,graceelectricdsm.com,,,,Des Moines,Iowa,US,50315
KNIGHT ELECTRIC,knightelectricdsm.com,knightelectricdsm.com,,,,Des Moines,Iowa,US,50313
"Lazer Home Services Plumbing, HVAC, & Electrical",lazerhomeservices.com,lazerhomeservices.com,,,,Des Moines,Iowa,US,50313
Neuwerth Electric,neuwerthelectric.com,neuwerthelectric.com,,,,Des Moines,Iowa,US,50310
Price Electric,priceelectric.us,priceelectric.us,,,,Des Moines,Iowa,US,50313
Rewired Iowa Electrician Des Moines,rewirediowa.com,rewirediowa.com,,,,Des Moines,Iowa,US,50317
Team Kline,teamkline.net,teamkline.net,,,,Des Moines,Iowa,US,50313
Total Electrical Services Des Moines,totalelectricalservicesdesmoines.com,totalelectricalservicesdesmoines.com,,,,Des Moines,Iowa,US,50315
Tri-City Electric Co.,tricityelectric.com,tricityelectric.com,,,,Des Moines,Iowa,US,50309
Cruiser Electric,cruiserelectric.com,cruiserelectric.com,,,,Elkhart,Iowa,US,50073
Arc Electric,arcelectric.co,arcelectric.co,,,,Grimes,Iowa,US,50111
Coffin Electric,coffinelectric.com,coffinelectric.com,,,,Grimes,Iowa,US,50111
Deaver Electric Inc.,deaverelectricinc.com,deaverelectricinc.com,,,,Grimes,Iowa,US,50111
"Golden Rule Plumbing, Heating, Cooling & Electrical",goldenrulephc.com,goldenrulephc.com,,,,Grimes,Iowa,US,50111
"MB Electrical, LLC",mbelectricalia.com,mbelectricalia.com,,,,Grimes,Iowa,US,50111
Integra Electrical Residential Electrician,integraelectrical.co,integraelectrical.co,,,,Indianola,Iowa,US,50125
F&C Electrical Services LLC,fandcelectrical.com,fandcelectrical.com,,,,Iowa City,Iowa,US,52240
Golden Electrician Volt Services,goldenvoltservices.com,goldenvoltservices.com,,,,Norwalk,Iowa,US,50211
Lighting Bug Outdoor Lighting & Electric,iowaoutdoorlighting.com,iowaoutdoorlighting.com,,,,Norwalk,Iowa,US,50211
Supreme Electrical Services LLC,supreme-electrical-services.com,supreme-electrical-services.com,,,,Norwalk,Iowa,US,50211
WIREONE Electric - Des Moines,wireoneelectric.com,wireoneelectric.com,,,,Pleasant Hill,Iowa,US,50327
Jensen Electric & Generator,jensenelectricofiowa.com,jensenelectricofiowa.com,,,,Roland,Iowa,US,50236
Lux Electric,luxdsm.com,luxdsm.com,,,,Urbandale,Iowa,US,50322
Platinum Electric Service,platinumelectricservice.com,platinumelectricservice.com,,,,Urbandale,Iowa,US,50322
Current Solutions,lightingupyourworld.com,lightingupyourworld.com,,,,Bellevue,Idaho,US,83313
All 4 You Electrical,all4youelectrical.com,all4youelectrical.com,,,,Boise,Idaho,US,83705
"BAM Electric, LLC",bamelectricid.com,bamelectricid.com,,,,Boise,Idaho,US,83709
BURKE Electrical Contracting,burke-electrical.com,burke-electrical.com,,,,Boise,Idaho,US,83704
Better Homes Electric Inc dba Energy Smart Wiring,energysmartwiring.com,energysmartwiring.com,,,,Boise,Idaho,US,83713
Cobb Electric,cobbelectricboise.com,cobbelectricboise.com,,,,Boise,Idaho,US,83705
"DG Electric, Inc",dgelectricboise.com,dgelectricboise.com,,,,Boise,Idaho,US,83706
Edwards Electric,edwardselectricboise.com,edwardselectricboise.com,,,,Boise,Idaho,US,83704
High Ground Electric,electricianboiseid.com,electricianboiseid.com,,,,Boise,Idaho,US,83706
K-F Electric Inc,kfelect.com,kfelect.com,,,,Boise,Idaho,US,83704
"Magic Electric, Plumbing, Heating + Air",themagicteam.com,themagicteam.com,,,,Boise,Idaho,US,83709
"Marvel Electric, LLC",marvelelectric.solar,marvelelectric.solar,,,,Boise,Idaho,US,83713
Mythic Power Electric LLC,mythicpowerelectric.com,mythicpowerelectric.com,,,,Boise,Idaho,US,83702
"Quality Electric, Inc.",qeidaho.com,qeidaho.com,,,,Boise,Idaho,US,83706
Same Day Electric,samedayelectric.net,samedayelectric.net,,,,Boise,Idaho,US,83709
Sublime Electric,sublimeelectricid.net,sublimeelectricid.net,,,,Boise,Idaho,US,83705
Tier 1 Electric,tier1electricllc.com,tier1electricllc.com,,,,Boise,Idaho,US,83713
Tri State Electric Inc,tseidaho.com,tseidaho.com,,,,Boise,Idaho,US,83709
VPC Electric,vpcelectrician.com,vpcelectrician.com,,,,Coeur d'Alene,Idaho,US,83814
West Mountain Electric,wmelectric.us,wmelectric.us,,,,Donnelly,Idaho,US,83615
State Street Electric,statestreetelectric.com,statestreetelectric.com,,,,Eagle,Idaho,US,83616
Alloway Co. Inc.,allowayelectric.com,allowayelectric.com,,,,Garden City,Idaho,US,83714
Hi-Tech Electric,hitechelect.com,hitechelect.com,,,,Garden City,Idaho,US,83714
Lighting on Demand,lightingondemand.com,lightingondemand.com,,,,Garden City,Idaho,US,83714
Mountain Power Electrical Contractors,mtnpwr.com,mtnpwr.com,,,,Garden City,Idaho,US,83714
Altitude Electric,altitudeelectric5b.com,altitudeelectric5b.com,,,,Hailey,Idaho,US,83333
"Buffalo Electric, Inc.",buffaloelectricidaho.com,buffaloelectricidaho.com,,,,Hailey,Idaho,US,83333
"C & R Electric, Inc.",candrelectricinc.com,candrelectricinc.com,,,,Hailey,Idaho,US,83333
EC Electric,ecelectricsunvalley.com,ecelectricsunvalley.com,,,,Hailey,Idaho,US,83333
"TEREMARK Electrical Group, LLC",teremarkele.com,teremarkele.com,,,,Hayden,Idaho,US,83835
Sunlight Electric,sunlight-electric.com,sunlight-electric.com,,,,Idaho Falls,Idaho,US,83401
"Advanced Data & Electric, Inc.",adesv.com,adesv.com,,,,Ketchum,Idaho,US,83340
Alpenglow Lighting,alpenglowsunvalley.com,alpenglowsunvalley.com,,,,Ketchum,Idaho,US,83340
Sun Valley Services,sunvalleyservicesidaho.com,sunvalleyservicesidaho.com,,,,Ketchum,Idaho,US,83340
Defused Electrical Innovations LLC,defused-electrical-innovations.com,defused-electrical-innovations.com,,,,Kuna,Idaho,US,83634
Northwest Power Systems,northwestpowersystems.com,northwestpowersystems.com,,,,Kuna,Idaho,US,83634
"A-1 Heating, Air Conditioning & Electric",a1heating.com,a1heating.com,,,,Meridian,Idaho,US,83642
"ApexEV International, LLC",apexev.tech,apexev.tech,,,,Meridian,Idaho,US,83646
Black Diamond Electric,bdeidaho.com,bdeidaho.com,,,,Meridian,Idaho,US,83642
Eco Electric,ecoelectricid.com,ecoelectricid.com,,,,Meridian,Idaho,US,83642
Gem State Generators,gemstategenerators.com,gemstategenerators.com,,,,Meridian,Idaho,US,83646
"Lea Electric, LLC",leaelectric.com,leaelectric.com,,,,Meridian,Idaho,US,83642
OnPoint EV Solutions,onpoint-evsolutions.com,onpoint-evsolutions.com,,,,Meridian,Idaho,US,83642
Rocky Mountain Electric,rmeinc.net,rmeinc.net,,,,Meridian,Idaho,US,83642
OFFGRID POWER OF IDAHO,offgridpowerofidaho.com,offgridpowerofidaho.com,,,,Middleton,Idaho,US,83644
Platinum Electric,platinumelectricidaho.com,platinumelectricidaho.com,,,,Rexburg,Idaho,US,83440
Lights Out Electric,lightsoutidaho.com,lightsoutidaho.com,,,,Rupert,Idaho,US,83350
Keely Electric,keelyelectric.com,keelyelectric.com,,,,Star,Idaho,US,83669
Wydaho Electrical,wydahoelectrical.com,wydahoelectrical.com,,,,Victor,Idaho,US,83455
"A Accurate Electric, Inc.",alsacelectric.com,alsacelectric.com,,,,Addison,Illinois,US,60101
"ABC Plumbing, Sewer, Heating, Cooling & Electric",4abc.com,4abc.com,,,,Arlington Heights,Illinois,US,60004
Aurora Electric Inc,auroraelectricinc.com,auroraelectricinc.com,,,,Aurora,Illinois,US,60506
PowerPump Charging Station,powerpump.com,powerpump.com,,,,Aurora,Illinois,US,60505
Step By Step Electrical & HVAC Contractor,stepbystepcontractor.com,stepbystepcontractor.com,,,,Aurora,Illinois,US,60504
Ahrens & Condill Inc,ahrensandcondillinc.com,ahrensandcondillinc.com,,,,Barrington,Illinois,US,60010
Barrington Electric,barringtonelectric.co,barringtonelectric.co,,,,Barrington,Illinois,US,60010
Brilliant Home Services,callbrilliant.com,callbrilliant.com,,,,Barrington,Illinois,US,60010
Focus Appliance Repair Barrington,focusappliancerepairbarrington.site,focusappliancerepairbarrington.site,,,,Barrington,Illinois,US,60010
Fuse 2 Wire Electrician,generatorinstallationbarrington.com,generatorinstallationbarrington.com,,,,Barrington,Illinois,US,60010
HUM Electric,humelectric.com,humelectric.com,,,,Barrington,Illinois,US,60010
Idlewood Electric Supply,idlewoodelectric.com,idlewoodelectric.com,,,,Barrington,Illinois,US,60010
Infinite Handyman,infinitehandyman.com,infinitehandyman.com,,,,Barrington,Illinois,US,60010
MMM Electric Inc,mmmelectric.com,mmmelectric.com,,,,Barrington,Illinois,US,60010
Orlo Electrician,electricianbarrington.com,electricianbarrington.com,,,,Barrington,Illinois,US,60010
Paice Electric,paiceelectric.com,paiceelectric.com,,,,Barrington,Illinois,US,60010
PowerWave Electric,powerwaveelectric.com,powerwaveelectric.com,,,,Barrington,Illinois,US,60010
UNIV Licensed Electrician,electricianbarrington.us,electricianbarrington.us,,,,Barrington,Illinois,US,60010
Vtech Electric Inc,vtechelectric.com,vtechelectric.com,,,,Barrington,Illinois,US,60010
Luxury Electric LLC,luxury-el.com,luxury-el.com,,,,Bartlett,Illinois,US,60103
"Reliable Electrical Contractors, Inc.",reliableelectricalcontractors.com,reliableelectricalcontractors.com,,,,Bartlett,Illinois,US,60103
Davids Electrical - Naperville Electrician,davids-electric.com,davids-electric.com,,,,Bolingbrook,Illinois,US,60490
Electrician Pros Bolingbrook,electicianprosbolingbrook.com,electicianprosbolingbrook.com,,,,Bolingbrook,Illinois,US,60440
R&R Electric Inc,rrelectricinc.com,rrelectricinc.com,,,,Bolingbrook,Illinois,US,60440
"Goldstream Electrical Services, Inc.",goldstreamelectric.com,goldstreamelectric.com,,,,Buffalo Grove,Illinois,US,60089
Watt Connection Licensed Electrician,electricianburrridge.com,electricianburrridge.com,,,,Burr Ridge,Illinois,US,60527
Chicago Portable Power,chicagoportablepower.com,chicagoportablepower.com,,,,Carol Stream,Illinois,US,60188
Precision Today Plumbing Heating Cooling Electrical,precisiontoday.com,precisiontoday.com,,,,Carol Stream,Illinois,US,60188
A and K Electrical Chicago,akelectrical.com,akelectrical.com,,,,Chicago,Illinois,US,60601
A to Z Electric Co.,electricatoz.com,electricatoz.com,,,,Chicago,Illinois,US,60630
"All Power Electric, Inc.",allpowerelectricil.com,allpowerelectricil.com,,,,Chicago,Illinois,US,60623
All Suburban Electric,allsuburbanelectriccompany.com,allsuburbanelectriccompany.com,,,,Chicago,Illinois,US,60659
Arnold Electrical Services,arnoldelectricchicago.com,arnoldelectricchicago.com,,,,Chicago,Illinois,US,60630
BK Electric Resolution,bkelectricresolution.com,bkelectricresolution.com,,,,Chicago,Illinois,US,60625
Bolt & Watt Electrician,tndelectrician.com,tndelectrician.com,,,,Chicago,Illinois,US,60612
Chicago Generators,chicagogenerator.com,chicagogenerator.com,,,,Chicago,Illinois,US,60653
"DC Electrical Services - Licensed, Bonded And Insured, Emergency Chicagoland Electrician",dclicensedelectrician.com,dclicensedelectrician.com,,,,Chicago,Illinois,US,60630
"Dunning Electrical Services, Inc.",dunningelectricalservices.com,dunningelectricalservices.com,,,,Chicago,Illinois,US,60634
EMT Electric Generator,emtelectricgenerator.com,emtelectricgenerator.com,,,,Chicago,Illinois,US,60654
EMT Electrician,emtelectricianchicago.com,emtelectricianchicago.com,,,,Chicago,Illinois,US,60634
Electra Services Chicago,electraserviceschicago.com,electraserviceschicago.com,,,,Chicago,Illinois,US,60640
Electrician & Electrical Repair– Electric Services Home LLC,electricserviceshomellc.com,electricserviceshomellc.com,,,,Chicago,Illinois,US,60618
Flavin Electric LLC,flavinelectric.com,flavinelectric.com,,,,Chicago,Illinois,US,60618
"Four Seasons Heating, Air Conditioning, Plumbing, Sewer & Electric",fourseasonsheatingcooling.com,fourseasonsheatingcooling.com,,,,Chicago,Illinois,US,60638
FreeWorld Electric & Solar,freeworldsolar.com,freeworldsolar.com,,,,Chicago,Illinois,US,60622
High Voltage Electric Corp,highvoltageelectriccorp.com,highvoltageelectriccorp.com,,,,Chicago,Illinois,US,60647
Highlights Chicago Inc,highlightschicago.com,highlightschicago.com,,,,Chicago,Illinois,US,60659
JMD Electric,jmdelectrician.com,jmdelectrician.com,,,,Chicago,Illinois,US,60647
Jordan & Sons Electricians,chicagoelectrician.pro,chicagoelectrician.pro,,,,Chicago,Illinois,US,60616
Kostos Electric,kostoselectric.com,kostoselectric.com,,,,Chicago,Illinois,US,60625
"Lighthouse Restoration Group, Inc.",lighthouserestorationgroup.com,lighthouserestorationgroup.com,,,,Chicago,Illinois,US,60634
Loboz Electrical,lobozelectrical.com,lobozelectrical.com,,,,Chicago,Illinois,US,60625
M0T Residential Electrician,residentialelectricianchicago.com,residentialelectricianchicago.com,,,,Chicago,Illinois,US,60641
Martin Mechanical Holding ELECTRICAL SERVICES,mmhelectricians.com,mmhelectricians.com,,,,Chicago,Illinois,US,60615
Montoya Electric LLC,montoya-electric.com,montoya-electric.com,,,,Chicago,Illinois,US,60623
Mr. Mighty Electric,mrmightyelectric.com,mrmightyelectric.com,,,,Chicago,Illinois,US,60608
NextPhase Electrician,tddelectrician.com,tddelectrician.com,,,,Chicago,Illinois,US,60626
Paul's Electric Inc.,chicagopaulselectric.com,chicagopaulselectric.com,,,,Chicago,Illinois,US,60707
QuickSpark Electrician,tdeelectrician.com,tdeelectrician.com,,,,Chicago,Illinois,US,60610
SAFE Electrical Service,safeelectrical.com,safeelectrical.com,,,,Chicago,Illinois,US,60643
STS Electric,stselectric.com,stselectric.com,,,,Chicago,Illinois,US,60642
Sapphire Electric,sapphireelectrical.com,sapphireelectrical.com,,,,Chicago,Illinois,US,60641
Sims & Sons Electric and Plumbing,simsandsonselectric.com,simsandsonselectric.com,,,,Chicago,Illinois,US,60657
StellarWire Electrician,tidielectrician.com,tidielectrician.com,,,,Chicago,Illinois,US,60611
T&D Electrical,tdelectrical.net,tdelectrical.net,,,,Chicago,Illinois,US,60618
TIM Electrician,industrialelectricianchicago.com,industrialelectricianchicago.com,,,,Chicago,Illinois,US,60618
TIMMY Electrician,electricalserviceschicago.com,electricalserviceschicago.com,,,,Chicago,Illinois,US,60660
TOM Electric Services,tomelectricservices.com,tomelectricservices.com,,,,Chicago,Illinois,US,60634
TOMEC Generator Installation,generatorinstallerschicago.com,generatorinstallerschicago.com,,,,Chicago,Illinois,US,60634
Urban Power Chicago Inc.,urbanpowerchicago.com,urbanpowerchicago.com,,,,Chicago,Illinois,US,60647
Vilano Electric Inc,vilanomechanical.com,vilanomechanical.com,,,,Chicago,Illinois,US,60656
Wizard Electric Inc,wizardelectric.com,wizardelectric.com,,,,Chicago,Illinois,US,60618
"Generator Technologies, Inc",generatortec.com,generatortec.com,,,,Crete,Illinois,US,60417
Michael's Electric,michaels-electric.com,michaels-electric.com,,,,Crystal Lake,Illinois,US,60014
Universal Electrical Services,ueselectrician.com,ueselectrician.com,,,,Crystal Lake,Illinois,US,60014
Miromax Construction Corp,miromaxconstruction.com,miromaxconstruction.com,,,,Deer Park,Illinois,US,60010
Electrician Experts 24H,electricianexperts24h.com,electricianexperts24h.com,,,,Deerfield,Illinois,US,60015
Jackson Generator and Home Services,jacksongenerator.com,jacksongenerator.com,,,,East Moline,Illinois,US,61244
Patrick Electrical Service,patrickelectrical.com,patrickelectrical.com,,,,Elgin,Illinois,US,60120
GenMaster Generator Repair & Installation,elmhurstgeneratorrepair.com,elmhurstgeneratorrepair.com,,,,Elmhurst,Illinois,US,60126
RTJ Electric LTD,rtjelectric.com,rtjelectric.com,,,,Forrest,Illinois,US,61741
Blue Collar Electric,blue-collar-electric.com,blue-collar-electric.com,,,,Geneva,Illinois,US,60134
Current Electrical Contractors,currentelect.com,currentelect.com,,,,Glenview,Illinois,US,60026
A & M Electric Inc.,a-melectricinc.com,a-melectricinc.com,,,,Granite City,Illinois,US,62040
D & M Electrical Service,dmes1972.com,dmes1972.com,,,,Granite City,Illinois,US,62040
Amp-Craft Licensed Electrician,electricianhighlandpark.com,electricianhighlandpark.com,,,,Highland Park,Illinois,US,60035
Electrical & Energy Solutions Inc,electricalesi.com,electricalesi.com,,,,Highland Park,Illinois,US,60035
GenX Generator,genxnow.com,genxnow.com,,,,Highland Park,Illinois,US,60035
"Greco Electrical Contractors, Inc.",grecoelectricalcontractors.com,grecoelectricalcontractors.com,,,,Highland Park,Illinois,US,60035
Highland Park Electric,hpelec.com,hpelec.com,,,,Highland Park,Illinois,US,60035
Pros Electrician Group,electricianexpertcontractors.com,electricianexpertcontractors.com,,,,Highland Park,Illinois,US,60035
Randel Electric Inc,randele.com,randele.com,,,,Highland Park,Illinois,US,60035
Voltify Electrician,electricanhighlandpark.com,electricanhighlandpark.com,,,,Highland Park,Illinois,US,60035
Arthur Electrician,hinsdaleelectrician.com,hinsdaleelectrician.com,,,,Hinsdale,Illinois,US,60521
Fred Glinke Plumbing Sewer & Electric,fredglinke.com,fredglinke.com,,,,Hinsdale,Illinois,US,60521
IRK Electrician & EV Charger Installation,evchargershinsdale.com,evchargershinsdale.com,,,,Hinsdale,Illinois,US,60521
My Electrician & Contractor,myelectriciancontractor.com,myelectriciancontractor.com,,,,Hinsdale,Illinois,US,60521
Electric Pulse Inc – North Chicago Electrician,electricpulseinc.com,electricpulseinc.com,,,,Ingleside,Illinois,US,60041
AL EXCELLENCE ELECTRIC LLC,alexcellenceelectric.com,alexcellenceelectric.com,,,,Island Lake,Illinois,US,60042
Ventura Electric Co.,venturaelectricco.com,venturaelectricco.com,,,,Lake Barrington,Illinois,US,60010
"Cahill Heating, Cooling, Electric, Plumbing & Sewer",cahillheating.com,cahillheating.com,,,,Lake Bluff,Illinois,US,60044
Great Lakes Electrical Services,greatlakeselectricalservices.com,greatlakeselectricalservices.com,,,,Lake Bluff,Illinois,US,60044
American Phoenix Electricians,americanphoenixelectricians.homes,americanphoenixelectricians.homes,,,,Lake Forest,Illinois,US,60045
Barrington Electric,be60010.com,be60010.com,,,,Lake Forest,Illinois,US,60045
Bullseye Electric LLC,bullseyeelectricllc.com,bullseyeelectricllc.com,,,,Lake Forest,Illinois,US,60045
Cal's Electrician,mc-electrician.com,mc-electrician.com,,,,Lake Forest,Illinois,US,60045
Jesco Electric Company Inc.,jescoelec.com,jescoelec.com,,,,Lake Forest,Illinois,US,60045
Lake Forest Electrical,lakeforestelectrical.com,lakeforestelectrical.com,,,,Lake Forest,Illinois,US,60045
Lake Forest Electrician Co.,lake-forest-electrician.com,lake-forest-electrician.com,,,,Lake Forest,Illinois,US,60045
V. J. Killian Plumbing Sewer & Electric,vjkillian.com,vjkillian.com,,,,Lake Forest,Illinois,US,60045
Voltis Electrician,licensedelectricianlakeforest.com,licensedelectricianlakeforest.com,,,,Lake Forest,Illinois,US,60045
Mancilla's Electrical,mancillaselectrical.com,mancillaselectrical.com,,,,Lake Villa,Illinois,US,60046
OLKER Electric,olkerelectric.com,olkerelectric.com,,,,Lake Villa,Illinois,US,60046
Matt's Electricians Lake Zurich,electricianslakezurich.com,electricianslakezurich.com,,,,Lake Zurich,Illinois,US,60047
Ken's Electric,kenselectricshop.com,kenselectricshop.com,,,,Lake in the Hills,Illinois,US,60156
Electric Edge Corp.,electricedgecorp.com,electricedgecorp.com,,,,Libertyville,Illinois,US,60048
"Falcon Electric, Inc.",falconelectric.net,falconelectric.net,,,,Libertyville,Illinois,US,60048
Scott Nelson Electric Inc,ilelectrician.com,ilelectrician.com,,,,Libertyville,Illinois,US,60048
Kikiwatt Electrical Heating And Cooling,kikiwatt1.com,kikiwatt1.com,,,,Lincolnshire,Illinois,US,60069
VoltEX Electrician,exprlicensedelectrician.com,exprlicensedelectrician.com,,,,Lincolnshire,Illinois,US,60069
RS Electric and Remodeling Inc.,rs-electric.com,rs-electric.com,,,,Lisle,Illinois,US,60532
Donatello Electric,donatelloelectricinc.com,donatelloelectricinc.com,,,,Lombard,Illinois,US,60148
Hinsdale Electric Company,hinsdaleelectric.com,hinsdaleelectric.com,,,,Lombard,Illinois,US,60148
Rob-Lynn Power Generators,igotnopower.com,igotnopower.com,,,,Lombard,Illinois,US,60148
S.S.E. Electric,sseelectric.com,sseelectric.com,,,,Lombard,Illinois,US,60148
LightningRay Electric LLC,lightningray-electric.com,lightningray-electric.com,,,,Lyons,Illinois,US,60534
Trusted Power Systems,trustedpowersystems.com,trustedpowersystems.com,,,,Melrose Park,Illinois,US,60160
Blumhardt Electric,residentialelectricblumhardt.com,residentialelectricblumhardt.com,,,,Minooka,Illinois,US,60447
LMV Electric,lmvelectric.com,lmvelectric.com,,,,Mt Prospect,Illinois,US,60056
"4B Systems, Inc.",4bsystems.com,4bsystems.com,,,,Mundelein,Illinois,US,60060
A-Plus Electric,apluselectrician.net,apluselectrician.net,,,,Naperville,Illinois,US,60540
Advanced Generator Sales,advancedgeneratorsales.com,advancedgeneratorsales.com,,,,Naperville,Illinois,US,60564
Cob Services LLC,cobservicesil.com,cobservicesil.com,,,,Naperville,Illinois,US,60563
"ESSEX ELECTRICAL & CONSTRUCTION, INC.",essexinc.com,essexinc.com,,,,Naperville,Illinois,US,60564
EV-TOM EV Home Charger Installation,evhomechargernaperville.com,evhomechargernaperville.com,,,,Naperville,Illinois,US,60565
Expert Plumbing Heating & Electrical,expertplumbing.com,expertplumbing.com,,,,Naperville,Illinois,US,60540
JD Electrician,jdelectriciannaperville.com,jdelectriciannaperville.com,,,,Naperville,Illinois,US,60565
MJP Electrical Experts Inc,mjpelectricalexperts.com,mjpelectricalexperts.com,,,,Naperville,Illinois,US,60565
Maverick EV Charging Station,themaverickev.com,themaverickev.com,,,,Naperville,Illinois,US,60564
Precision Power Electric,precisionpowerelectricinc.com,precisionpowerelectricinc.com,,,,Naperville,Illinois,US,60563
Select Electrical Services,selectelectricalservices.net,selectelectricalservices.net,,,,Naperville,Illinois,US,60565
Tritan Services LLC,tritanservicesllc.com,tritanservicesllc.com,,,,Naperville,Illinois,US,60563
VIP Electrical Services Inc.,vip-electric.com,vip-electric.com,,,,Naperville,Illinois,US,60540
Your Naperville Electrician,yournapervilleelectrician.com,yournapervilleelectrician.com,,,,Naperville,Illinois,US,60540
Penco Electric & Generators,pencoelectricalcontractor.com,pencoelectricalcontractor.com,,,,Niles,Illinois,US,60714
"Tully Electric, Inc.",tully-electric.com,tully-electric.com,,,,North Aurora,Illinois,US,60542
PURE POWER GENERATORS LLC,purepowergenerators.com,purepowergenerators.com,,,,Northbrook,Illinois,US,60062
SolidStep Generator Repair & Installation,generatorrepairnorthbrook.com,generatorrepairnorthbrook.com,,,,Northbrook,Illinois,US,60062
Woodstock Electric Company,woodstockelectriccompany.com,woodstockelectriccompany.com,,,,Oak Forest,Illinois,US,60452
Accurate Electrical Solutions,theaccurate1.com,theaccurate1.com,,,,Oak Lawn,Illinois,US,60453
CG PROFESSIONAL SERVICES,powerproteam.com,powerproteam.com,,,,Orland Park,Illinois,US,60467
"Excel Electrical Technologies, Inc.",excelelec.com,excelelec.com,,,,Orland Park,Illinois,US,60462
VoltTech Generator Repair,generatorrepairorlandpark.com,generatorrepairorlandpark.com,,,,Orland Park,Illinois,US,60462
"Trinity Electrical Services, Inc",tesyes.com,tesyes.com,,,,Oswego,Illinois,US,60543
MWO Electrician,mwoelectrician.com,mwoelectrician.com,,,,Palatine,Illinois,US,60074
Get Power Now!,getpowernow.kohlergeneratordealer.com,getpowernow.kohlergeneratordealer.com,,,,Plainfield,Illinois,US,60586
Northshore Power Electric,northshorepowerelectric.com,northshorepowerelectric.com,,,,Rolling Meadows,Illinois,US,60008
AGV Electrical,agvelectrical.com,agvelectrical.com,,,,Romeoville,Illinois,US,60446
Nationwide Generators,nationwidegenerators.com,nationwidegenerators.com,,,,Roselle,Illinois,US,60172
"Wood Dale Electrical Construction, Inc.",wooddaleelectric.com,wooddaleelectric.com,,,,Roselle,Illinois,US,60172
Clar Electric Inc,clarelectric.com,clarelectric.com,,,,Schaumburg,Illinois,US,60194
Longstreet Electric,longstreetelectric.com,longstreetelectric.com,,,,Schaumburg,Illinois,US,60193
The Electric Company LLC,the-electriccompany.com,the-electriccompany.com,,,,Sugar Grove,Illinois,US,60554
Ram Electric & Maintenance,ram_electric.net,ram_electric.net,,,,Third Lake,Illinois,US,60030
AA-Electric Company,aaelectric.com,aaelectric.com,,,,Warrenville,Illinois,US,60555
Electrical Repair 4U,electricalrepair4u.com,electricalrepair4u.com,,,,Warrenville,Illinois,US,60555
Chris' Electric Services,servicextc.com,servicextc.com,,,,Waukegan,Illinois,US,60087
Bright Room Electric,brightroomelectric.com,brightroomelectric.com,,,,Westmont,Illinois,US,60559
Oakwood Electric & Generator,oakwoodelectric.com,oakwoodelectric.com,,,,Westmont,Illinois,US,60559
TRUPOWER GENERATOR SERVICE,trupowergeneratorservice.com,trupowergeneratorservice.com,,,,Westmont,Illinois,US,60559
Adrian Electric,adrianelectricinc.com,adrianelectricinc.com,,,,Wheaton,Illinois,US,60187
CLC Total Electric Service Inc,clctotalelectric.com,clctotalelectric.com,,,,Wheaton,Illinois,US,60189
Generator Supercenter Chicagoland,generatorsupercenterofchicago.com,generatorsupercenterofchicago.com,,,,Wheeling,Illinois,US,60090
Genesis Electric and Lighting,genesisltg.com,genesisltg.com,,,,Willowbrook,Illinois,US,60527
Northwest Electric System,northwestelectricsystem.com,northwestelectricsystem.com,,,,Wilmette,Illinois,US,60091
"Diamond Electric, Inc.",topdiamondelectric.com,topdiamondelectric.com,,,,Wood Dale,Illinois,US,60191
X EV Charging Station,x-ev.io,x-ev.io,,,,Woodridge,Illinois,US,60517
"B & Z Electrical Contractors, Inc.",bzelectrical.com,bzelectrical.com,,,,Woodstock,Illinois,US,60098
Krause Electrical Contractors,krauseelectric.com,krauseelectric.com,,,,Zion,Illinois,US,60099
Frye Electric Inc,fryeelectricinc.com,fryeelectricinc.com,,,,Avon,Indiana,US,46123
S&W Electric Inc.,indiana-electric.com,indiana-electric.com,,,,Columbia City,Indiana,US,46725
Branch Electric Lighting and Signs,branchelectricindy.com,branchelectricindy.com,,,,Fishers,Indiana,US,46038
Generator Supercenter of Indianapolis,generatorsupercenterofindianapolis.com,generatorsupercenterofindianapolis.com,,,,Fishers,Indiana,US,46038
True Service,truesvcelectric.com,truesvcelectric.com,,,,Fishers,Indiana,US,46038
A Good Electrician/ Leamon Electric,leamonelectric.net,leamonelectric.net,,,,Fort Wayne,Indiana,US,46818
A.D. Does It All LLC,ad-doesitall.com,ad-doesitall.com,,,,Fort Wayne,Indiana,US,46808
AC/DC Lighting and Electrical,acdclightingelectrical.com,acdclightingelectrical.com,,,,Fort Wayne,Indiana,US,46825
All-Phase Electric Supply,allphaseftwayne.portalced.com,allphaseftwayne.portalced.com,,,,Fort Wayne,Indiana,US,46825
Apex Electric LLC,apexfwa.com,apexfwa.com,,,,Fort Wayne,Indiana,US,46803
Chris Miller Electric,aamelectric.com,aamelectric.com,,,,Fort Wayne,Indiana,US,46803
Doolittle Enterprises INC,doolittleelectricinc.com,doolittleelectricinc.com,,,,Fort Wayne,Indiana,US,46803
Ehle Electric Inc,ehleelectric.com,ehleelectric.com,,,,Fort Wayne,Indiana,US,46835
Electric Vehicle Charging Station,fortwaynenissan.com,fortwaynenissan.com,,,,Fort Wayne,Indiana,US,46808
Fort Wayne Generators LLC,fortwaynegenerators.com,fortwaynegenerators.com,,,,Fort Wayne,Indiana,US,46835
Ft Wayne Electrical JATC,fortwayneelectricaljatc.org,fortwayneelectricaljatc.org,,,,Fort Wayne,Indiana,US,46805
Hambrock Electric Inc,hambrock-electric.com,hambrock-electric.com,,,,Fort Wayne,Indiana,US,46814
Henry Electric Inc,henry-electric.com,henry-electric.com,,,,Fort Wayne,Indiana,US,46818
Hi-Tech Electric Company,hi-techelectric.net,hi-techelectric.net,,,,Fort Wayne,Indiana,US,46808
Hoagland Electric Inc.,heiasap.com,heiasap.com,,,,Fort Wayne,Indiana,US,46818
Home Comfort Experts,homecomfortexpertsinc.com,homecomfortexpertsinc.com,,,,Fort Wayne,Indiana,US,46808
Home Electric,homeelectric.online,homeelectric.online,,,,Fort Wayne,Indiana,US,46803
Kendall Electric,kendallelectric.com,kendallelectric.com,,,,Fort Wayne,Indiana,US,46808
"Korte Does It All, Inc.",kortedoesitall.com,kortedoesitall.com,,,,Fort Wayne,Indiana,US,46835
L-A Electric & Premier Communications,l-aelectric.com,l-aelectric.com,,,,Fort Wayne,Indiana,US,46825
MacAllister Power Systems Rental,macallisterpowersystems.com,macallisterpowersystems.com,,,,Fort Wayne,Indiana,US,46808
"Masters Heating, Cooling & Electrical",mastersheatcool.com,mastersheatcool.com,,,,Fort Wayne,Indiana,US,46808
Moir Electric,moirelectric.com,moirelectric.com,,,,Fort Wayne,Indiana,US,46818
"Northeast Mechanical Services, Inc.",northeastmechanicalservices.com,northeastmechanicalservices.com,,,,Fort Wayne,Indiana,US,46818
Rowe Electric Inc,roweelectricfw.com,roweelectricfw.com,,,,Fort Wayne,Indiana,US,46819
Service Electric,serviceelectricin.com,serviceelectricin.com,,,,Fort Wayne,Indiana,US,46806
Solutions Electricians Inc,solutionselectricians.homes,solutionselectricians.homes,,,,Fort Wayne,Indiana,US,46802
Sterling Electric,sterlingelectric.jobbersites.com,sterlingelectric.jobbersites.com,,,,Fort Wayne,Indiana,US,46835
TJ Nowak Supply Co Inc,tjnowak.com,tjnowak.com,,,,Fort Wayne,Indiana,US,46802
The Shock Doc,theshockdoc.net,theshockdoc.net,,,,Fort Wayne,Indiana,US,46816
Three Rivers Electric,3riverselectric.net,3riverselectric.net,,,,Fort Wayne,Indiana,US,46808
Votaw Electric,votawelectric.com,votawelectric.com,,,,Fort Wayne,Indiana,US,46818
W C Borchelt & Sons Inc,wcborcheltandsons.com,wcborcheltandsons.com,,,,Fort Wayne,Indiana,US,46835
Wagner Electric of Fort Wayne,wagnerelectricfw.com,wagnerelectricfw.com,,,,Fort Wayne,Indiana,US,46805
Yager Electric,yagerelectric.com,yagerelectric.com,,,,Fort Wayne,Indiana,US,46805
Gleam Electrical and Lighting Design,gleamlightingexperts.com,gleamlightingexperts.com,,,,Franklin,Indiana,US,46131
NexPhase Electrical Solutions Of Indianapolis,nexphasees.com,nexphasees.com,,,,Franklin,Indiana,US,46131
Norton Electric,nortonelectricin.com,nortonelectricin.com,,,,Georgetown,Indiana,US,47122
Power On Electric,trustpoweron.com,trustpoweron.com,,,,Grabill,Indiana,US,46741
Two Brothers Generator Sales & Service,twobrosgen.com,twobrosgen.com,,,,Grabill,Indiana,US,46741
"Belcher Electric, LLC",belcherelectricllc.com,belcherelectricllc.com,,,,Greenfield,Indiana,US,46140
Horizon Generator Solutions,horizongenerators.com,horizongenerators.com,,,,Greenwood,Indiana,US,46143
Mid-States Electric,mid-stateselectric.com,mid-stateselectric.com,,,,Huntertown,Indiana,US,46748
AES Indiana Charging Station,aesindiana.com,aesindiana.com,,,,Indianapolis,Indiana,US,46204
"Access Electrical Service, LLC",accessele.com,accessele.com,,,,Indianapolis,Indiana,US,46217
All-Phase Electric Supply,apeindy.portalced.com,apeindy.portalced.com,,,,Indianapolis,Indiana,US,46217
Alphonzo Inc,ai-electric.com,ai-electric.com,,,,Indianapolis,Indiana,US,46205
Austin Smith Electric,austinsmithelectric.com,austinsmithelectric.com,,,,Indianapolis,Indiana,US,46237
Barth Electric Co Inc,barthelectric.com,barthelectric.com,,,,Indianapolis,Indiana,US,46202
"Bassett Services: Heating, Cooling, Plumbing, Electrical",bassettservices.com,bassettservices.com,,,,Indianapolis,Indiana,US,46256
"Bucks Electric, Inc.",buckselec.com,buckselec.com,,,,Indianapolis,Indiana,US,46222
Central Indiana IEC,iec-indy.org,iec-indy.org,,,,Indianapolis,Indiana,US,46219
"Chapman Heating, Air Conditioning, Plumbing and Electrical",chapmanheating.com,chapmanheating.com,,,,Indianapolis,Indiana,US,46234
D.T. Electric LLC,dtelectricllc.com,dtelectricllc.com,,,,Indianapolis,Indiana,US,46203
DAVID-ELECTRIC,davidelectricservicellc.com,davidelectricservicellc.com,,,,Indianapolis,Indiana,US,46220
Denison parking Charging Station,denisonparking.com,denisonparking.com,,,,Indianapolis,Indiana,US,46204
Design & Build Electrical Contractors,designandbuildelectric.com,designandbuildelectric.com,,,,Indianapolis,Indiana,US,46239
E-Z-A Electric Inc,ezaelectric.net,ezaelectric.net,,,,Indianapolis,Indiana,US,46241
Ecoenergy Electric LLC,ecoenergye.com,ecoenergye.com,,,,Indianapolis,Indiana,US,46228
"Efficient Systems, Inc.",efficientsystems.net,efficientsystems.net,,,,Indianapolis,Indiana,US,46222
EleXcor Electrical Contractors,elexcor.com,elexcor.com,,,,Indianapolis,Indiana,US,46241
Electric Today,electric-today.com,electric-today.com,,,,Indianapolis,Indiana,US,46278
Electrifying Services LLC,electrifyingservices.com,electrifyingservices.com,,,,Indianapolis,Indiana,US,46218
Electron Charger Charging Station,electroncharger.com,electroncharger.com,,,,Indianapolis,Indiana,US,46220
Godby Heating Plumbing Electrical,godbyhpe.com,godbyhpe.com,,,,Indianapolis,Indiana,US,46268
Indianapolis Electricians,indianapolis-electricians.com,indianapolis-electricians.com,,,,Indianapolis,Indiana,US,46237
Indianapolis Solutions,homegeneratorsofindianapolis.com,homegeneratorsofindianapolis.com,,,,Indianapolis,Indiana,US,46203
Industrial Electric Inc.,industelectric.com,industelectric.com,,,,Indianapolis,Indiana,US,46239
Indy EV Mobile Connect,evmobileconnect.com,evmobileconnect.com,,,,Indianapolis,Indiana,US,46268
Jefferson Energy,jefferson.energy,jefferson.energy,,,,Indianapolis,Indiana,US,46278
Joe Schmo Electrical Services,joe-schmo.co,joe-schmo.co,,,,Indianapolis,Indiana,US,46203
KJ Electric Indianapolis,kj-electric.com,kj-electric.com,,,,Indianapolis,Indiana,US,46278
MW ELECTRIC,mwelectric.pro,mwelectric.pro,,,,Indianapolis,Indiana,US,46113
Ridgeline Electrical Industries,ridgelineei.com,ridgelineei.com,,,,Indianapolis,Indiana,US,46239
Services & Supply Inc,indiana-power.net,indiana-power.net,,,,Indianapolis,Indiana,US,46234
Township Electric,townshipelectric.com,townshipelectric.com,,,,Indianapolis,Indiana,US,46237
Zimmerman Electric Indy,zimmermanelectricindy.com,zimmermanelectricindy.com,,,,Indianapolis,Indiana,US,46201
"Freedom Electric, LLC",freedomelectricin.com,freedomelectricin.com,,,,Knightstown,Indiana,US,46148
"Adams Electric, Inc.",adamsgenerators.com,adamsgenerators.com,,,,Lebanon,Indiana,US,46052
GenSolar Power,gensolarpower.com,gensolarpower.com,,,,Markle,Indiana,US,46770
Grounded Solutions,groundedin.com,groundedin.com,,,,Martinsville,Indiana,US,46151
Midwest Generator Solutions,midwestgeneratorsolutions.com,midwestgeneratorsolutions.com,,,,Martinsville,Indiana,US,46151
"RC Electric, L.L.C.",rcelectric-llc.com,rcelectric-llc.com,,,,Mooresville,Indiana,US,46158
Zachary Adam's Home Services | Electrician | Southern Indiana,zahomeservices.com,zahomeservices.com,,,,New Albany,Indiana,US,47150
Edwards Generator Repair,edwardsgeneratorrepair.com,edwardsgeneratorrepair.com,,,,New Haven,Indiana,US,46774
Saters Electric,saterselectric.com,saterselectric.com,,,,New Palestine,Indiana,US,46163
Abtech Electrical Services,abtechelectric.com,abtechelectric.com,,,,Sellersburg,Indiana,US,47172
R&M Electrical Services,rmelectrical-services.com,rmelectrical-services.com,,,,Sellersburg,Indiana,US,47172
Ashpaugh Electric Inc,ashpaughelectric.com,ashpaughelectric.com,,,,Westfield,Indiana,US,46074
GERBERS ELECTRIC INC,gerberselectric.com,gerberselectric.com,,,,Woodburn,Indiana,US,46797
"On Time Plumbing, Heating, Cooling & Electric",ontimesvc.com,ontimesvc.com,,,,Bel Aire,Kansas,US,67220
CLJ Electric LLC,cljelectric.com,cljelectric.com,,,,Benton,Kansas,US,67017
Metro Electric,metroelectricllc.com,metroelectricllc.com,,,,Bonner Springs,Kansas,US,66012
Gideon's Source of Kansas Inc,gideonssourceofkansas.com,gideonssourceofkansas.com,,,,Derby,Kansas,US,67037
Lit Electric LLC,getlitelectric.net,getlitelectric.net,,,,Derby,Kansas,US,67037
E Z Electric Inc,ezelectric.us,ezelectric.us,,,,Haysville,Kansas,US,67060
Tracy Electric Inc,tracyelectricinc.com,tracyelectricinc.com,,,,Haysville,Kansas,US,67060
Core Electric,coreelectrickc.com,coreelectrickc.com,,,,Kansas City,Kansas,US,66106
Pro Electric L.C.,proelectriclc.com,proelectriclc.com,,,,Kansas City,Kansas,US,66105
Tech Electric,techelectrickc.com,techelectrickc.com,,,,Kansas City,Kansas,US,66103
Bill Fry the Plumbing Guy,billfrytheplumbingguy.com,billfrytheplumbingguy.com,,,,Leawood,Kansas,US,66206
"Superior Plumbing & Gas, LLC",leawoodplumbingandgas.com,leawoodplumbingandgas.com,,,,Leawood,Kansas,US,66209
"Anthony Plumbing, Heating, Cooling & Electric",anthonyphc.com,anthonyphc.com,,,,Lenexa,Kansas,US,66219
Electrical Investments Inc of Kansas City Electricians,electricalinvestments.com,electricalinvestments.com,,,,Lenexa,Kansas,US,66214
Ryan Electric,ryanelectric-ks.com,ryanelectric-ks.com,,,,Lenexa,Kansas,US,66215
Teague Electric,teagueelectric.com,teagueelectric.com,,,,Lenexa,Kansas,US,66215
Xtreme Electric,xtreme-electrickc.com,xtreme-electrickc.com,,,,Lenexa,Kansas,US,66227
SJ Electric LLC,sjelectricllc.com,sjelectricllc.com,,,,Merriam,Kansas,US,66203
Scott The Electrician,scotttheelectrician.com,scotttheelectrician.com,,,,Merriam,Kansas,US,66203
Jeremy Electrical,jeremykc.com,jeremykc.com,,,,Mission,Kansas,US,66205
"KB Complete Plumbing, Heating, Cooling & Electrical Inc.",kbcomplete.com,kbcomplete.com,,,,Mission,Kansas,US,66202
"MVP Air Conditioning, Heating, Plumbing & Electric",themvpkc.com,themvpkc.com,,,,Mission,Kansas,US,66202
Westfall Electric,westfallelectric.com,westfallelectric.com,,,,Mulvane,Kansas,US,67110
Jason Wright Electric,jasonwrightelectric.com,jasonwrightelectric.com,,,,Olathe,Kansas,US,66062
Landis Electric LLC,landiselectrickc.com,landiselectrickc.com,,,,Olathe,Kansas,US,66061
All Tech Electric and Contracting LLC,kansas-electrician.com,kansas-electrician.com,,,,Overland Park,Kansas,US,66211
Blue Valley Electric,bluevalleyelectrical.com,bluevalleyelectrical.com,,,,Overland Park,Kansas,US,66224
Current Solutions Electric,cse-kc.com,cse-kc.com,,,,Overland Park,Kansas,US,66209
"Dragonfly Heating, Cooling & Plumbing",dragonflyhcp.com,dragonflyhcp.com,,,,Overland Park,Kansas,US,66211
EV BLU Charging Solutions | Certified EV Charger Installer,evblusolutions.com,evblusolutions.com,,,,Overland Park,Kansas,US,66210
Fusion Electric,fusionkc.com,fusionkc.com,,,,Overland Park,Kansas,US,66214
GridGuard Generators,gridguard-generators.com,gridguard-generators.com,,,,Overland Park,Kansas,US,66211
JMC Electric,jmcelectrickc.com,jmcelectrickc.com,,,,Overland Park,Kansas,US,66203
"Overland Park Solar Installer And Solar Power Company, Kansas Roofer",overlandparksolarinstaller.com,overlandparksolarinstaller.com,,,,Overland Park,Kansas,US,66213
Taylor Electric Inc,taylorelectric-kc.com,taylorelectric-kc.com,,,,Overland Park,Kansas,US,66207
The Virtual Electrician,thevirtualelectrician.com,thevirtualelectrician.com,,,,Overland Park,Kansas,US,66213
We Fix Most Anything LLC,wefixmostanythingllc.netlify.app,wefixmostanythingllc.netlify.app,,,,Overland Park,Kansas,US,66212
"electrical wiring in overland park, ks",koenatclaes.com,koenatclaes.com,,,,Overland Park,Kansas,US,66211
3D Plumbing - Electric - Heating & Air,ks3dpe.com,ks3dpe.com,,,,Park City,Kansas,US,67219
Appliance Shark,appliance-shark.com,appliance-shark.com,,,,Prairie Village,Kansas,US,66208
Overstreet Electric LLC,overstreetelectricllc.com,overstreetelectricllc.com,,,,Prairie Village,Kansas,US,66208
"Plan Rebuild, Inc.",planrebuild.com,planrebuild.com,,,,Prairie Village,Kansas,US,66208
Prairie Village Plumbing Company,prairievillageplumbingcompany.com,prairievillageplumbingcompany.com,,,,Prairie Village,Kansas,US,66208
APPLE ELECTRIC,appleelectricwichita.com,appleelectricwichita.com,,,,Wichita,Kansas,US,67219
Advance Electric Inc,aei-ks.com,aei-ks.com,,,,Wichita,Kansas,US,67214
Alib0079,moonbeam.io,moonbeam.io,,,,Wichita,Kansas,US,67214
Atlas Electric LLC,atlaselectricllc.com,atlaselectricllc.com,,,,Wichita,Kansas,US,67214
Ballinger Electric,ballingerelectric.com,ballingerelectric.com,,,,Wichita,Kansas,US,67209
Belford Electric Inc.,belfordelectric.com,belfordelectric.com,,,,Wichita,Kansas,US,67214
Brockmeyer Inc. Electrical Contractor,brockmeyerinc.com,brockmeyerinc.com,,,,Wichita,Kansas,US,67211
Bybee Electric,bybeeelectric.com,bybeeelectric.com,,,,Wichita,Kansas,US,67214
Central States Electric,centralstateselectric.com,centralstateselectric.com,,,,Wichita,Kansas,US,67209
Decker Electric,decker-electric.com,decker-electric.com,,,,Wichita,Kansas,US,67209
EVBox Charging Station,evbox.com,evbox.com,,,,Wichita,Kansas,US,67202
Eck Services,eckelectric.com,eckelectric.com,,,,Wichita,Kansas,US,67217
Electri-Tech Inc.,electritechks.com,electritechks.com,,,,Wichita,Kansas,US,67207
Electrical Systems Inc,esi-ks.com,esi-ks.com,,,,Wichita,Kansas,US,67211
Electricraft,electricraftks.com,electricraftks.com,,,,Wichita,Kansas,US,67214
Elite Electric Company LLC,eliteelectriccompany.com,eliteelectriccompany.com,,,,Wichita,Kansas,US,67209
Enegren Electric,enegrenelectric.com,enegrenelectric.com,,,,Wichita,Kansas,US,67215
"Fahnestock Plumbing, HVAC & Electric",fahnestockhvac.com,fahnestockhvac.com,,,,Wichita,Kansas,US,67226
Graf Electric,grafelectric.com,grafelectric.com,,,,Wichita,Kansas,US,67210
Greenway Electric Inc,greenwayelectric.com,greenwayelectric.com,,,,Wichita,Kansas,US,67214
Independent Electrical Contractors Association of Kansas,ieckansas.org,ieckansas.org,,,,Wichita,Kansas,US,67211
Innovative Electric,innovativeelectricks.com,innovativeelectricks.com,,,,Wichita,Kansas,US,67203
Kilian Electrical Service,kilianelectric.com,kilianelectric.com,,,,Wichita,Kansas,US,67209
Linder and Associates,linderandassociates.com,linderandassociates.com,,,,Wichita,Kansas,US,67203
Linnebur Electric,linneburelectric.com,linneburelectric.com,,,,Wichita,Kansas,US,67209
M&J Electric of Wichita LLC,mjelectricusa.com,mjelectricusa.com,,,,Wichita,Kansas,US,67213
"PSE Contractors, LLC",phillips-southern.org,phillips-southern.org,,,,Wichita,Kansas,US,67213
"Ray's & Lowry Electric, Inc.",rayselectricinc.com,rayselectricinc.com,,,,Wichita,Kansas,US,67204
Reddi Electric,reddielectricwichita.com,reddielectricwichita.com,,,,Wichita,Kansas,US,67218
Reddi Industries,reddi.com,reddi.com,,,,Wichita,Kansas,US,67218
Shelley Electric Inc,shelleyelectric.com,shelleyelectric.com,,,,Wichita,Kansas,US,67217
Southwestern Electrical Co,sw-electric.com,sw-electric.com,,,,Wichita,Kansas,US,67214
Wichita Electric Co,wichitaelectric.com,wichitaelectric.com,,,,Wichita,Kansas,US,67207
"Young Electric, Inc.",young-electric.com,young-electric.com,,,,Wichita,Kansas,US,67216
Ziegler Electric Services,zieglerelectric.com,zieglerelectric.com,,,,Wichita,Kansas,US,67214
Premiere Electric,premiereelectriccompany.com,premiereelectriccompany.com,,,,Cold Spring,Kentucky,US,41076
ElectricMasters,electricmasters.com,electricmasters.com,,,,Covington,Kentucky,US,41011
River City Electrical Service,rivercityelectricalservices.jobbersites.com,rivercityelectricalservices.jobbersites.com,,,,Dayton,Kentucky,US,41074
Villa Hills Electric,villahillselectric.com,villahillselectric.com,,,,Erlanger,Kentucky,US,41018
A Total Solution llc,atotalsolutionllc.com,atotalsolutionllc.com,,,,Fisherville,Kentucky,US,40023
Risen Electric,risenelectrical.com,risenelectrical.com,,,,Florence,Kentucky,US,41042
SES Electric LLC,superior-electrical-solutions.com,superior-electrical-solutions.com,,,,Florence,Kentucky,US,41042
Younger Electric,younger-electrical.com,younger-electrical.com,,,,Georgetown,Kentucky,US,40324
Louisville Generators Plus,louisvillegenerators.com,louisvillegenerators.com,,,,Jeffersontown,Kentucky,US,40299
Prestige Electric,prestigeelectricplus.com,prestigeelectricplus.com,,,,Jeffersontown,Kentucky,US,40299
Royal Electrical Service,royalelectricalservice.com,royalelectricalservice.com,,,,Jeffersontown,Kentucky,US,40299
Vertical Electric LLC,verticalelectrickyllc.com,verticalelectrickyllc.com,,,,La Grange,Kentucky,US,40031
All-Phase Electric Supply Lexington,allphaselexington.portalced.com,allphaselexington.portalced.com,,,,Lexington,Kentucky,US,40505
Amteck of Kentucky Inc,amteck.com,amteck.com,,,,Lexington,Kentucky,US,40505
Beazick Electric,beazick.com,beazick.com,,,,Lexington,Kentucky,US,40511
Blue Sky Electric Company,blueskyelectricky.com,blueskyelectricky.com,,,,Lexington,Kentucky,US,40504
Bookman Electrical Services,bookmanselectrical.com,bookmanselectrical.com,,,,Lexington,Kentucky,US,40504
City Electric Motor Co,cityelectricmotor.com,cityelectricmotor.com,,,,Lexington,Kentucky,US,40511
"DBE Electrical Services, LLC",dbellc.com,dbellc.com,,,,Lexington,Kentucky,US,40509
Dixon Electric Inc,dixonelectric.com,dixonelectric.com,,,,Lexington,Kentucky,US,40508
Doctor Electric,docelectric.com,docelectric.com,,,,Lexington,Kentucky,US,40504
EVolve Charging Station,evolveky.org,evolveky.org,,,,Lexington,Kentucky,US,40505
Electrical Services of the Bluegrass LLC,bluegrasselectricians.com,bluegrasselectricians.com,,,,Lexington,Kentucky,US,40507
Elliot Services,elliotservices.com,elliotservices.com,,,,Lexington,Kentucky,US,40509
Energized EV LLC,energizedev.com,energizedev.com,,,,Lexington,Kentucky,US,40511
GreenBox Home Services,greenboxhomeservices.com,greenboxhomeservices.com,,,,Lexington,Kentucky,US,40508
Handyman Connection of Lexington,handymanconnection.com,handymanconnection.com,,,,Lexington,Kentucky,US,40511
InCharge Energy Charging Station,inchargeus.com,inchargeus.com,,,,Lexington,Kentucky,US,40505
Interphase Electrical Specialties Inc.,interphaseelectrical.com,interphaseelectrical.com,,,,Lexington,Kentucky,US,40509
Lexington Electrical & HVAC,lexelectricalandhvac.com,lexelectricalandhvac.com,,,,Lexington,Kentucky,US,40505
Loop Charging Station,evloop.io,evloop.io,,,,Lexington,Kentucky,US,40517
Providence Electric | Larry Burke,providenceelectricinc.com,providenceelectricinc.com,,,,Lexington,Kentucky,US,40508
Synergy Home HVAC,mysynergyhome.com,mysynergyhome.com,,,,Lexington,Kentucky,US,40505
Threewire Electric,3wireelectric.com,3wireelectric.com,,,,Lexington,Kentucky,US,40509
"Walker Electrical & Communication Contractor, Inc",walkerelectricky.com,walkerelectricky.com,,,,Lexington,Kentucky,US,40510
Wolfe Electrical Service,lextrician.com,lextrician.com,,,,Lexington,Kentucky,US,40515
Absolute Services,absoluteservices.net,absoluteservices.net,,,,Louisville,Kentucky,US,40241
"Advanced Electrical Systems, Inc.",aeslou.com,aeslou.com,,,,Louisville,Kentucky,US,40218
Allen Electrical Services,allenelectrical.com,allenelectrical.com,,,,Louisville,Kentucky,US,40213
Amp Electric LLC,ampelecservice.com,ampelecservice.com,,,,Louisville,Kentucky,US,40216
Arrow Electric Co,arrowelectric.com,arrowelectric.com,,,,Louisville,Kentucky,US,40218
Arthur Gordon Electric,arthurgordonelectric.com,arthurgordonelectric.com,,,,Louisville,Kentucky,US,40206
Bald Eagle Electrical LLC,baldeagleelectricalreviews.com,baldeagleelectricalreviews.com,,,,Louisville,Kentucky,US,40299
"Bryant Heating, Cooling, Plumbing, & Electric",callbryant.com,callbryant.com,,,,Louisville,Kentucky,US,40218
ChargePoint Charging Station,hyundaioflouisville.com,hyundaioflouisville.com,,,,Louisville,Kentucky,US,40258
Corrigan Electric Company,corriganelectric.com,corriganelectric.com,,,,Louisville,Kentucky,US,40299
Durbin Electric LLC,durbinelectricco.com,durbinelectricco.com,,,,Louisville,Kentucky,US,40243
EVAPAR,evapar.com,evapar.com,,,,Louisville,Kentucky,US,40299
Electric Vehicle Charging Station,wee.tattoocharlies.com,wee.tattoocharlies.com,,,,Louisville,Kentucky,US,40219
Epic Charging Station,epiccharging.com,epiccharging.com,,,,Louisville,Kentucky,US,40212
Ford Charging Station,allstateford.com,allstateford.com,,,,Louisville,Kentucky,US,40213
Generator Supercenter of Louisville,generatorsupercenteroflouisville.com,generatorsupercenteroflouisville.com,,,,Louisville,Kentucky,US,40223
Hadley Energy Solutions,hadleyenergysolutions.com,hadleyenergysolutions.com,,,,Louisville,Kentucky,US,40229
Hardwire Electric - Louisville's Most Affordable Electric Company,hardwireky.com,hardwireky.com,,,,Louisville,Kentucky,US,40216
Henderson Services LLC,henderson-services.com,henderson-services.com,,,,Louisville,Kentucky,US,40213
Indeed Electric,indeedelectric.com,indeedelectric.com,,,,Louisville,Kentucky,US,40243
Integrated Power & Technology,integratedpt.net,integratedpt.net,,,,Louisville,Kentucky,US,40213
JD Electric LLC,jdelectricky.com,jdelectricky.com,,,,Louisville,Kentucky,US,40218
"Jarboe's Heating, Cooling, Plumbing & Electrical",jarboes.com,jarboes.com,,,,Louisville,Kentucky,US,40218
John Waters Inc.,jwaters.com,jwaters.com,,,,Louisville,Kentucky,US,40299
Laswell Electric & Security,laswellco.com,laswellco.com,,,,Louisville,Kentucky,US,40219
Lighthouse Electric,lighthouseelectric.co,lighthouseelectric.co,,,,Louisville,Kentucky,US,40299
Louisville Electric,louisvilleelectricky.com,louisvilleelectricky.com,,,,Louisville,Kentucky,US,40299
Louisville Winlectric,winsupplyinc.com,winsupplyinc.com,,,,Louisville,Kentucky,US,40213
Maeser Master Services,maeser.com,maeser.com,,,,Louisville,Kentucky,US,40299
Meiners Electric - part of Leadec,meinerselectric.com,meinerselectric.com,,,,Louisville,Kentucky,US,40213
Mevpac,mevpac.com,mevpac.com,,,,Louisville,Kentucky,US,40213
Morris Electric Company,morrisgenerators.net,morrisgenerators.net,,,,Louisville,Kentucky,US,40218
"Mullins Electric, Inc.",mullinselectriclouisville.com,mullinselectriclouisville.com,,,,Louisville,Kentucky,US,40299
Origin Electric LLC,originky.com,originky.com,,,,Louisville,Kentucky,US,40229
PRG Electric LLC,prgelectric.org,prgelectric.org,,,,Louisville,Kentucky,US,40219
Payne Electric Co. Inc,payneelectricco.com,payneelectricco.com,,,,Louisville,Kentucky,US,40228
Southern Solar & Electrical Contracting LLC,southernsolarandelectricalcontracting.com,southernsolarandelectricalcontracting.com,,,,Louisville,Kentucky,US,40203
St. Matthews Electric,stmatthewselectric.com,stmatthewselectric.com,,,,Louisville,Kentucky,US,40299
Stansbury Electric,stansburyelectric.com,stansburyelectric.com,,,,Louisville,Kentucky,US,40299
"Steadfast Electric, LLC",steadfastelec.com,steadfastelec.com,,,,Louisville,Kentucky,US,40213
"Tom Drexler Plumbing, Air & Electric",tomdrexlerplumbing.com,tomdrexlerplumbing.com,,,,Louisville,Kentucky,US,40218
United Electric Co,unitedelec.com,unitedelec.com,,,,Louisville,Kentucky,US,40218
"Varitech, Inc.",vteng.com,vteng.com,,,,Louisville,Kentucky,US,40218
Vibe Electric,vibeelec.com,vibeelec.com,,,,Louisville,Kentucky,US,40299
Warren Electric,warrenelectriclou.com,warrenelectriclou.com,,,,Louisville,Kentucky,US,40299
Zwicker Electric Inc.,zwickerelectricky.com,zwickerelectricky.com,,,,Louisville,Kentucky,US,40213
Mingus Electric,minguselectric.com,minguselectric.com,,,,Mt Washington,Kentucky,US,40047
Griffie Electric,griffie-electric.com,griffie-electric.com,,,,Nicholasville,Kentucky,US,40356
Babcon Electric,babconelectric.com,babconelectric.com,,,,Richmond,Kentucky,US,40475
Kentuckiana Electrical Services,keslou.com,keslou.com,,,,Shepherdsville,Kentucky,US,40165
New's Electric LLC,newselectric.com,newselectric.com,,,,Smithfield,Kentucky,US,40068
"A Plus Generators, LLC",aplusgenerators.us,aplusgenerators.us,,,,South Shore,Kentucky,US,41175
Woodford Electric,woodfordwired.com,woodfordwired.com,,,,Versailles,Kentucky,US,40383
NEFCO Electric,nefcoelectric.com,nefcoelectric.com,,,,Wilder,Kentucky,US,41076
"Fayette Electrical Service, INC.",fayetteelectric.com,fayetteelectric.com,,,,Winchester,Kentucky,US,40391
AccuTemp Services,accutempbr.com,accutempbr.com,,,,Baton Rouge,Louisiana,US,70806
BIG Family Electrical Services & Home Automation,callbigfamily.com,callbigfamily.com,,,,Baton Rouge,Louisiana,US,70806
Delta Electric Co. of Baton Rouge,deltaelectricco.com,deltaelectricco.com,,,,Baton Rouge,Louisiana,US,70814
Double D Electric,doubledelectricbr.com,doubledelectricbr.com,,,,Baton Rouge,Louisiana,US,70801
"Doyle Electric, Inc.",doyleelectricinc.com,doyleelectricinc.com,,,,Baton Rouge,Louisiana,US,70817
Dykes Electrical Contractors LLC,dykeselec.com,dykeselec.com,,,,Baton Rouge,Louisiana,US,70814
EVmatch Charging Station,evmatch.com,evmatch.com,,,,Baton Rouge,Louisiana,US,70809
Electric Vehicle Charging Station,royalmits.com,royalmits.com,,,,Baton Rouge,Louisiana,US,70815
GSE Integrated,gseintegrated.com,gseintegrated.com,,,,Baton Rouge,Louisiana,US,70817
GreenPark Charging Station,greenparkbr.com,greenparkbr.com,,,,Baton Rouge,Louisiana,US,70801
"Ike Smith Electric, Inc.",ise-inc.com,ise-inc.com,,,,Baton Rouge,Louisiana,US,70814
Illuminate Electrical,illuminatebr.com,illuminatebr.com,,,,Baton Rouge,Louisiana,US,70809
"Jbolt Electrical, LLC Baton Rouge, LA 70814",jboltelectrical.com,jboltelectrical.com,,,,Baton Rouge,Louisiana,US,70814
Knowles Electrical LLC,knowleselectricalbr.com,knowleselectricalbr.com,,,,Baton Rouge,Louisiana,US,70809
Manno Electric Inc,mannoelectricinc.com,mannoelectricinc.com,,,,Baton Rouge,Louisiana,US,70815
Nicotri Electric,nicotrielectric.com,nicotrielectric.com,,,,Baton Rouge,Louisiana,US,70814
Novum Industries,novumindustries.com,novumindustries.com,,,,Baton Rouge,Louisiana,US,70814
Optimize Generator People,optimizegp.com,optimizegp.com,,,,Baton Rouge,Louisiana,US,70814
Porsche Sales & Marketplace Charging Station,porsche.com,porsche.com,,,,Baton Rouge,Louisiana,US,70809
Pro Electrical,proelectricalla.com,proelectricalla.com,,,,Baton Rouge,Louisiana,US,70802
Pro Power Generators LLC,propowergenllc.com,propowergenllc.com,,,,Baton Rouge,Louisiana,US,70802
ProChargeEV Charging Station,prochargeev.com,prochargeev.com,,,,Baton Rouge,Louisiana,US,70806
Regional Generator Service,regionalgeneratorservice.net,regionalgeneratorservice.net,,,,Baton Rouge,Louisiana,US,70814
Rhino Electric Services,rhinoelectric.net,rhinoelectric.net,,,,Baton Rouge,Louisiana,US,70818
Saia Electric Inc,saia.net,saia.net,,,,Baton Rouge,Louisiana,US,70806
Steadfast Electric,steadfastelectric.com,steadfastelectric.com,,,,Baton Rouge,Louisiana,US,70817
T3 Electrical Solutions,t3esusa.com,t3esusa.com,,,,Baton Rouge,Louisiana,US,70818
Tesla & EV chargers,lbatonrouge.com,lbatonrouge.com,,,,Baton Rouge,Louisiana,US,70820
GIS Electrical & Instrumentation,gisy.com,gisy.com,,,,Brusly,Louisiana,US,70719
Brockhaus Electrical & Air Conditioning,brockhauselectricalandac.com,brockhauselectricalandac.com,,,,Chalmette,Louisiana,US,70043
MK Electric Man - Electrician,chalmetteelectrician.com,chalmetteelectrician.com,,,,Chalmette,Louisiana,US,70043
Nola Electric LLC – Electrician,nolaelectricco.com,nolaelectricco.com,,,,Chalmette,Louisiana,US,70043
"Generator Power Systems of LA, LLC",gpsofla.com,gpsofla.com,,,,Covington,Louisiana,US,70435
Guys Generators,guysgenerators.com,guysgenerators.com,,,,Covington,Louisiana,US,70433
"Magic Electric Generators, LLC",magicelectric.net,magicelectric.net,,,,Covington,Louisiana,US,70433
Pan American Power,panamericanpower.com,panamericanpower.com,,,,Covington,Louisiana,US,70435
Empire Electrical Group LLC,empire-electricllc.com,empire-electricllc.com,,,,Denham Springs,Louisiana,US,70726
Prime Generator Services,primegeneratorservices.com,primegeneratorservices.com,,,,Denham Springs,Louisiana,US,70726
Energy Rental Solutions - Caterpillar (New Orleans),ers-cat.com,ers-cat.com,,,,Destrehan,Louisiana,US,70047
Greater Baton Rouge Electric,gbrelectric.net,gbrelectric.net,,,,Ethel,Louisiana,US,70730
Champion Star Service,championstarservice.com,championstarservice.com,,,,Gonzales,Louisiana,US,70737
Jolof Electrical,jolofelectrical.com,jolofelectrical.com,,,,Gretna,Louisiana,US,70056
CR Electric - Southshore,crelectric.com,crelectric.com,,,,Harahan,Louisiana,US,70123
Pat Bryant Electric,patbryantelectric.com,patbryantelectric.com,,,,Harahan,Louisiana,US,70123
Saia Generator & Gas,saiaplumbinginc.com,saiaplumbinginc.com,,,,Harahan,Louisiana,US,70123
A-1 Electrical Contractors Inc,a1eleco.com,a1eleco.com,,,,Harvey,Louisiana,US,70058
AAB Electrical Industries,aabelectricinc.com,aabelectricinc.com,,,,Harvey,Louisiana,US,70058
AElectric LLC,aelectricllc.godaddysites.com,aelectricllc.godaddysites.com,,,,Harvey,Louisiana,US,70058
"Bayou Electrical Service & Troubleshooting, LLC",bayouelectrical.net,bayouelectrical.net,,,,Harvey,Louisiana,US,70058
"Best Services of Louisiana, LLC",bestservicesofla.com,bestservicesofla.com,,,,Harvey,Louisiana,US,70058
Keefe's Air Conditioning Heating Electrical Generator & Plumbing,keefes.com,keefes.com,,,,Harvey,Louisiana,US,70058
Electric Padilla LLC,electricpadillallc.net,electricpadillallc.net,,,,Holden,Louisiana,US,70744
"Shockwave Generators & Electric, LLC",shockwavegenerators.com,shockwavegenerators.com,,,,Houma,Louisiana,US,70360
"GenPro, LLC",genprogenerators.com,genprogenerators.com,,,,Jackson,Louisiana,US,70748
Craig's Electrical and Generator Service,craigselectrical.com,craigselectrical.com,,,,Kenner,Louisiana,US,70062
MK Electric Man,jeffersonparishelectrician.com,jeffersonparishelectrician.com,,,,Kenner,Louisiana,US,70062
Catahoula Electric LLC,catahoulaelectricllc.com,catahoulaelectricllc.com,,,,Mandeville,Louisiana,US,70471
The Electrician LLC.,theelectrician.co,theelectrician.co,,,,Mandeville,Louisiana,US,70471
Wiring Plus LLC,electricplusllc.com,electricplusllc.com,,,,Marrero,Louisiana,US,70072
A C D C Electric LLC,acdcelectricllcla.com,acdcelectricllcla.com,,,,Metairie,Louisiana,US,70001
Lightning Service Inc,lightningserviceinc.com,lightningserviceinc.com,,,,Metairie,Louisiana,US,70001
MK Electric Man,neworleanselectricians.com,neworleanselectricians.com,,,,Metairie,Louisiana,US,70002
Mike Daney Electric,mikedaneyelectric.com,mikedaneyelectric.com,,,,Metairie,Louisiana,US,70005
Patrick's Electric,patrickselectric.com,patrickselectric.com,,,,Metairie,Louisiana,US,70001
Electrical Innovators,electricalinnovatorsinc.com,electricalinnovatorsinc.com,,,,New Iberia,Louisiana,US,70563
"Atlas Electrical Services, LLC",g.page,g.page,,,,New Orleans,Louisiana,US,70119
"B Powered Electric, LLC",bpoweredelectric.com,bpoweredelectric.com,,,,New Orleans,Louisiana,US,70122
Bill Schell's Electric LLC,billschellelectric.com,billschellelectric.com,,,,New Orleans,Louisiana,US,70175
Crescent Power Systems Inc,crescentpower.com,crescentpower.com,,,,New Orleans,Louisiana,US,70119
Electrical Work Nola94 LLC,electricalworknola94llc.com,electricalworknola94llc.com,,,,New Orleans,Louisiana,US,70122
"Fitzgerald Electrical Contractors, LLC",fitzgeraldelectricalnola.com,fitzgeraldelectricalnola.com,,,,New Orleans,Louisiana,US,70131
Frischhertz Electric,frischhertz.com,frischhertz.com,,,,New Orleans,Louisiana,US,70119
G&M Electric Motor & Pump,gmelectricnola.com,gmelectricnola.com,,,,New Orleans,Louisiana,US,70112
Gore's Services,goresservices.com,goresservices.com,,,,New Orleans,Louisiana,US,70129
Hack Electrical LLC,hackelectrical.com,hackelectrical.com,,,,New Orleans,Louisiana,US,70124
MK Electric Man,mkelectricman.com,mkelectricman.com,,,,New Orleans,Louisiana,US,70130
"Natal's Air Conditioning, Plumbing & Electrical",natalsairconditioning.com,natalsairconditioning.com,,,,New Orleans,Louisiana,US,70119
Pelican Electrical Contractors,pelicanelectrical.com,pelicanelectrical.com,,,,New Orleans,Louisiana,US,70123
Professional Electric,theprofessionalelectrician.com,theprofessionalelectrician.com,,,,New Orleans,Louisiana,US,70117
Ready Power,readypowerusa.com,readypowerusa.com,,,,New Orleans,Louisiana,US,70125
Schlumbrecht's Electric LLC,schlumbrechtselectric.com,schlumbrechtselectric.com,,,,New Orleans,Louisiana,US,70119
Stuart Services,stuartservices.com,stuartservices.com,,,,New Orleans,Louisiana,US,70125
TK Electric,tkselectrical.com,tkselectrical.com,,,,New Orleans,Louisiana,US,70129
Timmy & Sons Electric,timmysonselectric.com,timmysonselectric.com,,,,New Orleans,Louisiana,US,70115
Wilson's Wires LLC,wilsonswires.com,wilsonswires.com,,,,New Orleans,Louisiana,US,70117
Wiring Resource LLC,wiringresource.com,wiringresource.com,,,,New Orleans,Louisiana,US,70130
New Roads GenSet,gensetnr.com,gensetnr.com,,,,New Roads,Louisiana,US,70760
Louisiana Generators,louisianagenerators.com,louisianagenerators.com,,,,Ponchatoula,Louisiana,US,70454
"Chustz Electric, LLC",cesofla.com,cesofla.com,,,,Port Allen,Louisiana,US,70767
HMC Generators,hmcgenerators.com,hmcgenerators.com,,,,Prairieville,Louisiana,US,70769
Rescom Electric,rescomllc.com,rescomllc.com,,,,Prairieville,Louisiana,US,70769
"Southern Circuits, LLC",southerncircuitsllc.com,southerncircuitsllc.com,,,,Prairieville,Louisiana,US,70769
Adopt Charging Station,cleco.com,cleco.com,,,,Slidell,Louisiana,US,70458
Blue Ladder Electric LLC,blueladderelectric.com,blueladderelectric.com,,,,Slidell,Louisiana,US,70458
The Gen Stop,thegenstop.com,thegenstop.com,,,,Slidell,Louisiana,US,70461
J. K. Quality Electric,jkqualityelectric.com,jkqualityelectric.com,,,,St Bernard,Louisiana,US,70085
"Bo's Power Generator & Equipment Repair, LLC",bospowerllc.com,bospowerllc.com,,,,Terrytown,Louisiana,US,70056
K. T Electric,ktelectrician.com,ktelectrician.com,,,,Terrytown,Louisiana,US,70056
Gengatorz Power Systems,gengatorz.com,gengatorz.com,,,,Thibodaux,Louisiana,US,70301
Performance Energy- Generators,pes-br.com,pes-br.com,,,,Walker,Louisiana,US,70785
JB2 Electric L.L.C,jb2electric2020.wixsite.com,jb2electric2020.wixsite.com,,,,Westlake,Louisiana,US,70669
"WattsControl, Inc.",wattscontrol.com,wattscontrol.com,,,,Ashland,Massachusetts,US,01721
Cape Cod Electrical,capecodelectrician.com,capecodelectrician.com,,,,Barnstable,Massachusetts,US,02648
Dyer Electrical Company,dyerelectrical.com,dyerelectrical.com,,,,Barnstable,Massachusetts,US,02601
Jonathan Hall Electrician - Cape Cod & Islands Electrician,jhallelectric.com,jhallelectric.com,,,,Barnstable,Massachusetts,US,02648
Mr. Cape Electrician,mrcapeelectrician.jobbersites.com,mrcapeelectrician.jobbersites.com,,,,Barnstable,Massachusetts,US,02601
WRS Electrician Inc.,wrselectrician.com,wrselectrician.com,,,,Barnstable,Massachusetts,US,02601
Boston Generator,bostongenerator.com,bostongenerator.com,,,,Billerica,Massachusetts,US,01862
ACT Solutions Corp,actsolutionscorp.net,actsolutionscorp.net,,,,Boston,Massachusetts,US,02128
AMG Electric Inc.,amgelectric.com,amgelectric.com,,,,Boston,Massachusetts,US,02128
Boston Elite Electric Contractors,g5xxus-my-site-alt27m56-shandiwaters2.wix-vibe-site.com,g5xxus-my-site-alt27m56-shandiwaters2.wix-vibe-site.com,,,,Boston,Massachusetts,US,02116
Burkett Electric Co,burkettelectric.com,burkettelectric.com,,,,Boston,Massachusetts,US,02127
DMH Electric,dmhelectric.com,dmhelectric.com,,,,Boston,Massachusetts,US,02115
EHC Inc Electrical Heating Cooling,callehc.com,callehc.com,,,,Boston,Massachusetts,US,02116
Electric Hero LLC,theelectrichero.com,theelectrichero.com,,,,Boston,Massachusetts,US,02129
Fenway Kenmore Electrical,fenwaykenmoreelectrical.com,fenwaykenmoreelectrical.com,,,,Boston,Massachusetts,US,02215
JM Electrical Solutions,jmelectricsolutions.com,jmelectricsolutions.com,,,,Boston,Massachusetts,US,02125
JT Electrical Services,jtelectricboston.com,jtelectricboston.com,,,,Boston,Massachusetts,US,02119
John P McHugh Electric,johnpmchughelectric.com,johnpmchughelectric.com,,,,Boston,Massachusetts,US,02129
MJ Electrical Services,bostonelectrician.org,bostonelectrician.org,,,,Boston,Massachusetts,US,02122
Paramount Electrician Co.,paramountelectricianco.site,paramountelectricianco.site,,,,Boston,Massachusetts,US,02127
Prime Power Rentals,primepowerrentals.com,primepowerrentals.com,,,,Boston,Massachusetts,US,02122
Standard Electric,standardelectric.com,standardelectric.com,,,,Boston,Massachusetts,US,02118
Taylor Electrical,taylorelectrical.co,taylorelectrical.co,,,,Boston,Massachusetts,US,02127
West End Electrical Contractors,westendelectricalcontractors.com,westendelectricalcontractors.com,,,,Boston,Massachusetts,US,02114
Chaves Electrical Services LLC,chaves-services.com,chaves-services.com,,,,Bourne,Massachusetts,US,02559
Commercial Electrical Solutions,cesinc.biz,cesinc.biz,,,,Bourne,Massachusetts,US,02559
"Daniel Sinclair Electrical Services in Cape Cod, Massachusetts | Residential Electrical Services in Cape Cod",danielsinclairelectrician.com,danielsinclairelectrician.com,,,,Bourne,Massachusetts,US,02532
Philip Waters Electrician,philwelectrician.com,philwelectrician.com,,,,Bourne,Massachusetts,US,02559
Poissant Electrical Corporation,poissantelectricalcorp.com,poissantelectricalcorp.com,,,,Bourne,Massachusetts,US,02562
E/R Electric,erelectric.biz,erelectric.biz,,,,Cambridge,Massachusetts,US,02141
Electrician Guys Cambridge,cambridgeelectricianpros.com,cambridgeelectricianpros.com,,,,Cambridge,Massachusetts,US,02138
FM Generator,fmgenerator.com,fmgenerator.com,,,,Canton,Massachusetts,US,02021
"Systems Electrical Services, Co. Inc",systemselectricalservices.com,systemselectricalservices.com,,,,Chelsea,Massachusetts,US,02150
Soby One Home Services,sobyone.com,sobyone.com,,,,Dennis,Massachusetts,US,02660
Easthampton Electrical Service,easthamptonelectric.com,easthamptonelectric.com,,,,Easthampton,Massachusetts,US,01027
Cushing Electrical Co Inc,cushingelectric.com,cushingelectric.com,,,,Framingham,Massachusetts,US,01702
Karysten S. Santos Electrician,kssantoselectric.com,kssantoselectric.com,,,,Framingham,Massachusetts,US,01702
Rodenhiser Home Services,rodenhiser.com,rodenhiser.com,,,,Holliston,Massachusetts,US,01746
Spaulding Electric Inc,spauldingelectric.com,spauldingelectric.com,,,,Littleton,Massachusetts,US,01460
"J.P. McCurdy Electrical Services, Inc.",mccurdyelectric.com,mccurdyelectric.com,,,,Lynn,Massachusetts,US,01901
Kuhlman Electric,kuhlmanelectricalservices.com,kuhlmanelectricalservices.com,,,,Lynn,Massachusetts,US,01902
Boston Electric Service,bostonelectricservice.com,bostonelectricservice.com,,,,Malden,Massachusetts,US,02148
VMA Electric,vmaelectric.com,vmaelectric.com,,,,Marlboro,Massachusetts,US,01752
Wired Electrical Contractors,ihiredwired.com,ihiredwired.com,,,,Marlboro,Massachusetts,US,01752
Alberto Pesco Electrician,pescoelectrician.com,pescoelectrician.com,,,,Mashpee,Massachusetts,US,02649
Michael Walsh Electrical,michaelwalshelectric.com,michaelwalshelectric.com,,,,Mashpee,Massachusetts,US,02649
Paul Macrina Electrical,paulmacrina.com,paulmacrina.com,,,,Medfield,Massachusetts,US,02052
Gibbons Electric,gibbonselectric.com,gibbonselectric.com,,,,Medford,Massachusetts,US,02155
"Precision Electric, Inc.",precisionelectricma.com,precisionelectricma.com,,,,Mendon,Massachusetts,US,01756
Weld Power Generator,weldpower.com,weldpower.com,,,,Millbury,Massachusetts,US,01527
ACK Smart Solar Energy,acksmart.com,acksmart.com,,,,Nantucket,Massachusetts,US,02554
Bambino construction llc,bambinoconstruction.com,bambinoconstruction.com,,,,Nantucket,Massachusetts,US,02554
"Brian Connor Electric, Inc.",brianconnorelectric.com,brianconnorelectric.com,,,,Nantucket,Massachusetts,US,02554
Brian Potter Electric,bpotterelectric.com,bpotterelectric.com,,,,Nantucket,Massachusetts,US,02554
Connor Electric,bcenantucket.com,bcenantucket.com,,,,Nantucket,Massachusetts,US,02554
DK Electric,dkelectrician.com,dkelectrician.com,,,,Nantucket,Massachusetts,US,02554
Great Point Mechanical,greatpointmechanical.com,greatpointmechanical.com,,,,Nantucket,Massachusetts,US,02554
"Hitchcock & Daughters Plumbing, Heating and Cooling",wjhplumbing.com,wjhplumbing.com,,,,Nantucket,Massachusetts,US,02554
Island Construction,islandconstructions.com,islandconstructions.com,,,,Nantucket,Massachusetts,US,02554
John H. Gulley Electric Inc.,gulleyelectric.com,gulleyelectric.com,,,,Nantucket,Massachusetts,US,02554
KAM Appliances,kamappliances.com,kamappliances.com,,,,Nantucket,Massachusetts,US,02554
Kevin Dineen Electrical Contractor,kevindineenllc.com,kevindineenllc.com,,,,Nantucket,Massachusetts,US,02554
Maddox Inc. Construction & Property Management,maddoxincconstruction.com,maddoxincconstruction.com,,,,Nantucket,Massachusetts,US,02554
North Winds Mechanical • HVAC,northwindsmechanical.com,northwindsmechanical.com,,,,Nantucket,Massachusetts,US,02554
Northeast Home & Energy,northeast-home.com,northeast-home.com,,,,Nantucket,Massachusetts,US,02554
Ronan Bradley Builders,rbradleybuilders.com,rbradleybuilders.com,,,,Nantucket,Massachusetts,US,02554
Yale Appliance,yaleappliance.com,yaleappliance.com,,,,Nantucket,Massachusetts,US,02554
Dellorfon Electric Co,dellorfonelectric.com,dellorfonelectric.com,,,,Natick,Massachusetts,US,01760
Donohue Electric,donohueelectric.com,donohueelectric.com,,,,Natick,Massachusetts,US,01760
Fisher Electric LLC,henryfisherelectric.com,henryfisherelectric.com,,,,Natick,Massachusetts,US,01760
Strom Electric,stromelectric.com,stromelectric.com,,,,Natick,Massachusetts,US,01760
Tier One Electrical,tieroneelectrical.com,tieroneelectrical.com,,,,Natick,Massachusetts,US,01760
Boston Alarm,bostonfirealarm.com,bostonfirealarm.com,,,,Needham,Massachusetts,US,02494
Endless Energy,goendlessenergy.com,goendlessenergy.com,,,,Needham,Massachusetts,US,02494
Greaves Electric Co Inc,greaveselectric.com,greaveselectric.com,,,,Needham,Massachusetts,US,02494
Green Energy AC Heating & Plumbing Repair,greenenergymech.com,greenenergymech.com,,,,Needham,Massachusetts,US,02492
Hillcrest Electric Corporation,hillcrestelectriccorp.com,hillcrestelectriccorp.com,,,,Needham,Massachusetts,US,02492
James J Carleton Electric LLC,carletonelectric.net,carletonelectric.net,,,,Needham,Massachusetts,US,02492
Newport Electric,callnec.com,callnec.com,,,,Needham,Massachusetts,US,02492
Rivers Electrical Corporation,riverselectrical.com,riverselectrical.com,,,,Needham,Massachusetts,US,02494
Vivavolt,vivavolt.us,vivavolt.us,,,,Needham,Massachusetts,US,02494
William E Luce Licensed Electrician Inc.,williamluceelectric.com,williamluceelectric.com,,,,Needham,Massachusetts,US,02494
All Electric Works,allelectricworks.com,allelectricworks.com,,,,Newton,Massachusetts,US,02466
FB Generators Inc.,fbgenerators.com,fbgenerators.com,,,,Newton,Massachusetts,US,02460
Newton Electrical Supply,newtonelectric.com,newtonelectric.com,,,,Newton,Massachusetts,US,02464
Ralphie's Electricians,ralphieselectricians.com,ralphieselectricians.com,,,,Newton,Massachusetts,US,02459
"Key Electric Co., Inc.",keyelectriccompany.com,keyelectriccompany.com,,,,Norwell,Massachusetts,US,02061
Castle Electric Inc.,castleelectric.biz,castleelectric.biz,,,,Norwood,Massachusetts,US,02062
BeeHive Pros,beehivepros.com,beehivepros.com,,,,Oak Bluffs,Massachusetts,US,02568
Golden Star Plumbing & HVAC Inc.,goldenstarplumbing.com,goldenstarplumbing.com,,,,Oak Bluffs,Massachusetts,US,02557
Martha's Vineyard Electricians,mvelectricians.com,mvelectricians.com,,,,Oak Bluffs,Massachusetts,US,02568
deBettencourt's Garage,debettencourtsservicestation.weebly.com,debettencourtsservicestation.weebly.com,,,,Oak Bluffs,Massachusetts,US,02557
Generator Supercenter of Boston,generatorsupercenterofpeabody.com,generatorsupercenterofpeabody.com,,,,Peabody,Massachusetts,US,01960
New England Generator Corporation,negenerator.com,negenerator.com,,,,Pembroke,Massachusetts,US,02359
Boston Electrical Solutions,bostonelectricalsolutions.com,bostonelectricalsolutions.com,,,,Quincy,Massachusetts,US,02169
Boston Standby,bostonstandby.net,bostonstandby.net,,,,Raynham,Massachusetts,US,02767
Amp Smart Power & Electric LLC.,ampsmartelectric.com,ampsmartelectric.com,,,,Revere,Massachusetts,US,02151
Anthony Cerullo Electrician,anthonycerulloelectrician.com,anthonycerulloelectrician.com,,,,Sandwich,Massachusetts,US,02563
Michael Fagnant Electrical,mrfwiring.com,mrfwiring.com,,,,Sandwich,Massachusetts,US,02563
Soares LiteOn Electric,soaresliteonelectric.com,soaresliteonelectric.com,,,,Sandwich,Massachusetts,US,02563
JDO Electric,jdoelectric.com,jdoelectric.com,,,,Somerville,Massachusetts,US,02145
Castro Electric Corp,castroelectriccorp.com,castroelectriccorp.com,,,,Stoneham,Massachusetts,US,02180
Bennett Electric & Solar,solar-invictus.com,solar-invictus.com,,,,Tisbury,Massachusetts,US,02568
Best Electricians Inc.,fittsbest.com,fittsbest.com,,,,Tisbury,Massachusetts,US,02568
Brissette Electric Inc.,briselectric.com,briselectric.com,,,,Tisbury,Massachusetts,US,02568
Crane Appliance,craneappliance.com,craneappliance.com,,,,Tisbury,Massachusetts,US,02568
MVIS,getmvis.com,getmvis.com,,,,Tisbury,Massachusetts,US,02568
Martha's Vineyard Electricians,massachusetts-electrician.com,massachusetts-electrician.com,,,,Tisbury,Massachusetts,US,02568
Vineyard Sound Integration,vineyardsoundint.com,vineyardsoundint.com,,,,Tisbury,Massachusetts,US,02568
Power Outage Services Company,powerout.us,powerout.us,,,,Topsfield,Massachusetts,US,01983
Ramos Electrical service inc,ramoselectricalservice.com,ramoselectricalservice.com,,,,Waltham,Massachusetts,US,02453
Washek Electric,washekelectric.com,washekelectric.com,,,,Wayland,Massachusetts,US,01778
Fei Plumbing and Heating Inc.,fei-plumbing.com,fei-plumbing.com,,,,Wellesley,Massachusetts,US,02481
Four Seasons Repair,wellesleyhandyman.com,wellesleyhandyman.com,,,,Wellesley,Massachusetts,US,02481
Frank Prall Electric,fmpelectric.com,fmpelectric.com,,,,Wellesley,Massachusetts,US,02481
"Jarvis Appliances, Inc.",jarvisapplianceinc.com,jarvisapplianceinc.com,,,,Wellesley,Massachusetts,US,02482
"Kraus Associates, LLC",krausab.com,krausab.com,,,,Wellesley,Massachusetts,US,02482
Plum ProExteriors,plumproexteriors.com,plumproexteriors.com,,,,Wellesley,Massachusetts,US,02482
Refined Renovations Wellesley,refinedren.com,refinedren.com,,,,Wellesley,Massachusetts,US,02481
"Test of Time Plumbing, Heating, Air & Electrical",calltestoftime.com,calltestoftime.com,,,,Wellesley,Massachusetts,US,02481
"The Lynch Company, Inc.",thelynchcompany.com,thelynchcompany.com,,,,Wellesley,Massachusetts,US,02481
Wellesley Handyman and Painting,massachusettspainteranddecorator.com,massachusettspainteranddecorator.com,,,,Wellesley,Massachusetts,US,02481
Wellesley Municipal Light Plant,wellesleyma.gov,wellesleyma.gov,,,,Wellesley,Massachusetts,US,02481
Wellesley Plumbing & Heating Inc.,wellesleyplumbingheating.com,wellesleyplumbingheating.com,,,,Wellesley,Massachusetts,US,02482
Boston Standard Company,bostonstandardplumbing.com,bostonstandardplumbing.com,,,,Weymouth,Massachusetts,US,02189
Mass Generators LLC,massgeneratorsllc.com,massgeneratorsllc.com,,,,Weymouth,Massachusetts,US,02189
New England Ductless,newenglandductless.com,newenglandductless.com,,,,Weymouth,Massachusetts,US,02189
SC ELECTRIC CORP.,conroyelectric.com,conroyelectric.com,,,,Weymouth,Massachusetts,US,02188
All Electric Daniel Voicila,danvoici.wixsite.com,danvoici.wixsite.com,,,,Winthrop,Massachusetts,US,02152
Bayside Electrical Contractors,baysideelec.com,baysideelec.com,,,,Yarmouth,Massachusetts,US,02673
Darrin Duty Electrician,darrin-duty-electrician.square.site,darrin-duty-electrician.square.site,,,,Yarmouth,Massachusetts,US,02664
E.F. Winslow Home Services,efwinslow.com,efwinslow.com,,,,Yarmouth,Massachusetts,US,02675
NB Electric Company LLC,nb-electric-company-llc.com,nb-electric-company-llc.com,,,,Accokeek,Maryland,US,20607
Annapolis ev charging llc,annapolisevcharging.com,annapolisevcharging.com,,,,Annapolis,Maryland,US,21409
Blink Charging Station,blinkcharging.com,blinkcharging.com,,,,Annapolis,Maryland,US,21403
Chesapeake Electric,cheselectric.com,cheselectric.com,,,,Annapolis,Maryland,US,21401
Cook Electric Inc.,cookelectric.biz,cookelectric.biz,,,,Annapolis,Maryland,US,21401
Generator Supercenter of Annapolis,generatorsupercenterofannapolis.com,generatorsupercenterofannapolis.com,,,,Annapolis,Maryland,US,21401
J Prime Electric,jprimeelectric.com,jprimeelectric.com,,,,Annapolis,Maryland,US,21401
JM Mullen Electric,jmmullenelectric.com,jmmullenelectric.com,,,,Annapolis,Maryland,US,21401
Marine Electric Systems LLC,marineelectricsystems.net,marineelectricsystems.net,,,,Annapolis,Maryland,US,21403
Maryland Electrical Services LLC,marylandelectricalservices.com,marylandelectricalservices.com,,,,Annapolis,Maryland,US,21409
Maurice Electrical Supply Inc,mauriceelectric.com,mauriceelectric.com,,,,Annapolis,Maryland,US,21401
Super Electric,superelectricllc.com,superelectricllc.com,,,,Annapolis,Maryland,US,21401
Tang Electric Inc,tangelectricincmd.hibuwebsites.com,tangelectricincmd.hibuwebsites.com,,,,Annapolis,Maryland,US,21401
Unity Electric,unityelectricmd.com,unityelectricmd.com,,,,Annapolis,Maryland,US,21401
Weisman Electric Company,weismanelectric.com,weismanelectric.com,,,,Annapolis,Maryland,US,21401
Annapolis Bishop Electric,annapolisbishopelectric.com,annapolisbishopelectric.com,,,,Arnold,Maryland,US,21012
Black Ink Electric,blackinkelectric.com,blackinkelectric.com,,,,Baltimore,Maryland,US,21212
Blink Charging Station,network.semaconnect.com,network.semaconnect.com,,,,Baltimore,Maryland,US,21205
Charm City Electric,charmcityelectric.com,charmcityelectric.com,,,,Baltimore,Maryland,US,21222
Common Ground Electrical,commongroundbaltimore.com,commongroundbaltimore.com,,,,Baltimore,Maryland,US,21209
"Dynamo Electric, LLC",dynamoelectricllc.com,dynamoelectricllc.com,,,,Baltimore,Maryland,US,21236
Electric Vehicle Institute Charging Station,ev-institute.com,ev-institute.com,,,,Baltimore,Maryland,US,21230
Hirsch Electric,hirschelectricllc.com,hirschelectricllc.com,,,,Baltimore,Maryland,US,21224
"Kushner Electric, Inc.",kushnerelectric.com,kushnerelectric.com,,,,Baltimore,Maryland,US,21209
Lightning Electric,lightningelectricmd.com,lightningelectricmd.com,,,,Baltimore,Maryland,US,21214
"McDaniel Electrical Construction, LLC",mcdanielelecon.com,mcdanielelecon.com,,,,Baltimore,Maryland,US,21227
Milton Electric Co,miltonelectric.com,miltonelectric.com,,,,Baltimore,Maryland,US,21224
Plugg Electric,pluggelectric.com,pluggelectric.com,,,,Baltimore,Maryland,US,21214
Rpm Electrical Company ⚡️💡🔌 💡,rpmelectricalservice.com,rpmelectricalservice.com,,,,Baltimore,Maryland,US,21231
SWTCH Charging Station,harborparkgarage.com,harborparkgarage.com,,,,Baltimore,Maryland,US,21202
"Saffer Total Home: Plumbing, Heating & Electrical",saffertotalhome.com,saffertotalhome.com,,,,Baltimore,Maryland,US,21214
Stilwell Electrical,stilwellelectrical.com,stilwellelectrical.com,,,,Baltimore,Maryland,US,21237
Stilwell Generators,stilwellgenerators.com,stilwellgenerators.com,,,,Baltimore,Maryland,US,21237
Western Electric LLC,callwesternelectric.com,callwesternelectric.com,,,,Baltimore,Maryland,US,21202
"Potomac Generator Service & Repair, Inc",potomacgeneratorservice.com,potomacgeneratorservice.com,,,,Beltsville,Maryland,US,20705
Bethesda Generator Systems,bethesdagenerators.com,bethesdagenerators.com,,,,Bethesda,Maryland,US,20824
"Meyer Electrical Services, Inc.",meyerelectrical.com,meyerelectrical.com,,,,Bethesda,Maryland,US,20815
"C & A, Inc",getlightnow.com,getlightnow.com,,,,Bladensburg,Maryland,US,20710
Bethesda Power Systems,bethesdapower.com,bethesdapower.com,,,,Bowie,Maryland,US,20715
Birckhead Electric Inc,birckhead.com,birckhead.com,,,,Bowie,Maryland,US,20715
Lilly Electric,lillyelectric.com,lillyelectric.com,,,,Bowie,Maryland,US,20715
J.D.Electric,electricmd.wordpress.com,electricmd.wordpress.com,,,,Cambridge,Maryland,US,21613
Nichols Electric LLC,nicholselectricmd.com,nicholselectricmd.com,,,,Cambridge,Maryland,US,21613
Tieder Electric,tiederelectric.com,tiederelectric.com,,,,Cambridge,Maryland,US,21613
Tomey Electric Inc,tomeyelectric.com,tomeyelectric.com,,,,Cambridge,Maryland,US,21613
Chuck's Electrical Services Inc,chuckselectricalservice.com,chuckselectricalservice.com,,,,Centreville,Maryland,US,21617
"Twin Dynamic Electrical, LLC.",twindynamicelectrical.com,twindynamicelectrical.com,,,,Centreville,Maryland,US,21617
Contact Electric LLC,contactelectric.biz,contactelectric.biz,,,,Chester,Maryland,US,21619
LivFor Electric llc,livforelectric.com,livforelectric.com,,,,Chester,Maryland,US,21619
LC Electrical Services,lcelectricalservices.com,lcelectricalservices.com,,,,Chestertown,Maryland,US,21620
H Electrics,helectrics.us,helectrics.us,,,,Columbia,Maryland,US,21044
A to Z Power & Storm Center,atozcontractingmd.net,atozcontractingmd.net,,,,Crofton,Maryland,US,21114
"Deshaies Electrical Services, LLC",deshaieselectricalservices.com,deshaieselectricalservices.com,,,,Crofton,Maryland,US,21114
JQ Electric,jqelectric.com,jqelectric.com,,,,Crofton,Maryland,US,21114
Setera Electrical Contractors LLC,seteraelectric.com,seteraelectric.com,,,,Crofton,Maryland,US,21114
"C. Albert Matthews, Inc.",calbertmatthewsinc.com,calbertmatthewsinc.com,,,,Easton,Maryland,US,21601
E.D. Supply Company,edsupply.com,edsupply.com,,,,Easton,Maryland,US,21601
Kleppinger Electric Co,kleppingerelectric.com,kleppingerelectric.com,,,,Easton,Maryland,US,21601
"Service Today Heating, Air Conditioning, Plumbing and Electrical",servicetodayinc.com,servicetodayinc.com,,,,Easton,Maryland,US,21601
Total Home Performance LLC,totalhomeperformance.com,totalhomeperformance.com,,,,Easton,Maryland,US,21601
Skipjack Electrical Services,skipjackelectrical.com,skipjackelectrical.com,,,,Edgewater,Maryland,US,21037
"Clarksville Electric, LLC",clarksvilleelectric.com,clarksvilleelectric.com,,,,Elkridge,Maryland,US,21076
Wadi Electric,wadielectric.com,wadielectric.com,,,,Ellicott City,Maryland,US,21043
DGF Electrical and General Services LLC,dgfelectrical.com,dgfelectrical.com,,,,Fort Washington,Maryland,US,20744
Schmidt's Electrical Service LLC,schmidts-electrical.com,schmidts-electrical.com,,,,Fort Washington,Maryland,US,20744
Boyland Electric Inc,boylandelectric.com,boylandelectric.com,,,,Gaithersburg,Maryland,US,20882
Electrical Connections,electricalconnectionsllc.com,electricalconnectionsllc.com,,,,Gaithersburg,Maryland,US,20877
"JBI Services, LLC",jbigenerators.com,jbigenerators.com,,,,Gaithersburg,Maryland,US,20879
Lou Electrical Contracting LLC,louelectrical.com,louelectrical.com,,,,Gaithersburg,Maryland,US,20879
Magothy Electric Co.,magothyelectric.com,magothyelectric.com,,,,Glen Burnie,Maryland,US,21060
Shipp Electric,needelectric.com,needelectric.com,,,,Glen Burnie,Maryland,US,21108
All Spark Electric LLC,allsparkelectric.co,allsparkelectric.co,,,,Hanover,Maryland,US,21076
"Myles Electric, LLC",myelectricon.com,myelectricon.com,,,,Harwood,Maryland,US,20776
Best Generator,bestgens.com,bestgens.com,,,,Huntingtown,Maryland,US,20639
Ligon Electric Inc,ligonelectricinc.com,ligonelectricinc.com,,,,Hyattsville,Maryland,US,20785
N J Electrical Services LLC,njelectricservice.com,njelectricservice.com,,,,Hyattsville,Maryland,US,20783
Plus Electric Corporation,pluselectriccorp.com,pluselectriccorp.com,,,,Hyattsville,Maryland,US,20782
Richie Electric,richieelectric.com,richieelectric.com,,,,Hyattsville,Maryland,US,20784
UnderDogs Electric LLC,underdogselectric.com,underdogselectric.com,,,,Hyattsville,Maryland,US,20782
Wilcox Electric LLC,wilcox-electric.com,wilcox-electric.com,,,,Hyattsville,Maryland,US,20781
TriStar Electric,tristarelectric.net,tristarelectric.net,,,,Jessup,Maryland,US,20794
Shawn's Electric,shawnselectricmd.com,shawnselectricmd.com,,,,Joppatowne,Maryland,US,21085
Echo Electric Co,echoelectric.net,echoelectric.net,,,,Kensington,Maryland,US,20895
"AES Electrical, Inc. dba. Freestate Electrical Companies and Freestate Baltimore",freestateelectric.com,freestateelectric.com,,,,Laurel,Maryland,US,20708
"Hawkins Electric Service, Inc.",hawkinselectric.com,hawkinselectric.com,,,,Laurel,Maryland,US,20707
Light Upon Light,lightuponlightllc.com,lightuponlightllc.com,,,,Laurel,Maryland,US,20708
"Seals Electric, LLC",sealselectricllc.com,sealselectricllc.com,,,,Laurel,Maryland,US,20707
Wireworx Inc.,wireworxelectricinc.com,wireworxelectricinc.com,,,,Linthicum Heights,Maryland,US,21090
Colonial Electric Co. Inc,colonialelec.com,colonialelec.com,,,,Lothian,Maryland,US,20711
Clinton Electric Company,clintonelectric.com,clintonelectric.com,,,,Lutherville,Maryland,US,21093
Bausum & Duckett Electric,bdelec.net,bdelec.net,,,,Odenton,Maryland,US,21113
WireFox Electric,wirefoxelectric.com,wirefoxelectric.com,,,,Odenton,Maryland,US,21113
TLEEF Electric,tleefelectric.com,tleefelectric.com,,,,Olney,Maryland,US,20832
YC Electric,ycelectric.com,ycelectric.com,,,,Olney,Maryland,US,20832
Precision electrical services inc,pesdmv.com,pesdmv.com,,,,Owings,Maryland,US,20736
E-Z Electric,ezelectricmd.com,ezelectricmd.com,,,,Owings Mills,Maryland,US,21117
May's Electrical Service LLC,mayselectricalservicellc.com,mayselectricalservicellc.com,,,,Oxon Hill,Maryland,US,20745
"Able Electrical Services, Inc",ableelectric.biz,ableelectric.biz,,,,Pasadena,Maryland,US,21122
C&R Electric,c-relectric.com,c-relectric.com,,,,Pasadena,Maryland,US,21226
Holt Electrical Contractors,holtelectrical.com,holtelectrical.com,,,,Poolesville,Maryland,US,20837
Have Power Electrical Services Division,havepower.com,havepower.com,,,,Potomac,Maryland,US,20854
Bramble's Electric Inc.,brambleselectric.com,brambleselectric.com,,,,Queen Anne,Maryland,US,21657
"Gunther's Electric, Inc.",guntherselectric.com,guntherselectric.com,,,,Queenstown,Maryland,US,21658
J J Clow & Sons,clowelectric.com,clowelectric.com,,,,Queenstown,Maryland,US,21658
R & D Electric Inc.,rdelectriccontractors.com,rdelectriccontractors.com,,,,Queenstown,Maryland,US,21658
Artisan Electrical,artisanyes.com,artisanyes.com,,,,Randallstown,Maryland,US,21133
Barnes Electric Inc.,barnespower.com,barnespower.com,,,,Rhodesdale,Maryland,US,21659
"All In Electric, Inc",allinelectricinc.com,allinelectricinc.com,,,,Riviera Beach,Maryland,US,21226
Armelcom,armelcom.com,armelcom.com,,,,Rockville,Maryland,US,20852
Armenergo Electrician,armenergo.com,armenergo.com,,,,Rockville,Maryland,US,20852
CR Electrical Services LLC,electricalservicecr.com,electricalservicecr.com,,,,Rockville,Maryland,US,20853
Castro Electrical Services,castroelectricalservices.com,castroelectricalservices.com,,,,Rockville,Maryland,US,20855
Electrician Near Me,electriciannearmeusa.com,electriciannearmeusa.com,,,,Rockville,Maryland,US,20852
Cook's Electric,cookselectric.com,cookselectric.com,,,,Secretary,Maryland,US,21664
BOSSOM & SON ELECTRICAL SERVICE INC.,bossomandsonelectricinc.com,bossomandsonelectricinc.com,,,,Severna Park,Maryland,US,21146
Five Star Power Systems,fivestarpowersystems.com,fivestarpowersystems.com,,,,Severna Park,Maryland,US,21108
Haas & Sons Electric - Electricians,haasandsons.com,haasandsons.com,,,,Severna Park,Maryland,US,21108
Venus Electric,venuselectric.com,venuselectric.com,,,,Severna Park,Maryland,US,21108
"A&S Electric, LLC",as-electricllc.com,as-electricllc.com,,,,Silver Spring,Maryland,US,20906
EV Charging,montgomerycountymd.gov,montgomerycountymd.gov,,,,Silver Spring,Maryland,US,20910
Fuentes Electric LLC,fuenteselectricllc.com,fuenteselectricllc.com,,,,Silver Spring,Maryland,US,20903
Lux Now,luxnowsilverspring.com,luxnowsilverspring.com,,,,Silver Spring,Maryland,US,20904
New Age Lighting,newagedc.com,newagedc.com,,,,Silver Spring,Maryland,US,20910
Niglio & Son Electric,niglioelectric.com,niglioelectric.com,,,,Silver Spring,Maryland,US,20902
SH Electrical Service,shelectricalservice.com,shelectricalservice.com,,,,Silver Spring,Maryland,US,20901
Sansbury Electric,sansburyelectric.com,sansburyelectric.com,,,,Silver Spring,Maryland,US,20910
William G. Hyman Electrical Contracting,hymanelectric.com,hymanelectric.com,,,,Silver Spring,Maryland,US,20904
EVsmart Charging Station,swtchenergy.com,swtchenergy.com,,,,Stevensville,Maryland,US,21666
J&H Power Solutions,jhpowersolutions.com,jhpowersolutions.com,,,,Stevensville,Maryland,US,21666
KT Electric Inc.,ktelectricinc.com,ktelectricinc.com,,,,Stevensville,Maryland,US,21666
R J Beasley Electric Llc,rjbeasley.com,rjbeasley.com,,,,Stevensville,Maryland,US,21666
"Fluharty's Electric, Inc.",fluhartyselectric.com,fluhartyselectric.com,,,,Tilghman Island,Maryland,US,21671
WINN ELECTRIC CONTRACTING INC.,winnelectric.com,winnelectric.com,,,,Timonium,Maryland,US,21093
Noor Electric,noorelectrical.com,noorelectrical.com,,,,Towson,Maryland,US,21204
"Got Electric, LLC",gotelectric.net,gotelectric.net,,,,Urbana,Maryland,US,21754
"John Goudie Electrical Contractor, INC",goudieelectric.com,goudieelectric.com,,,,Waldorf,Maryland,US,20695
"Wye Mills Electric, LLC.",wyemillselectric.com,wyemillselectric.com,,,,Wye Mills,Maryland,US,21679
Jerry's Plumbing & Heating,jerrysplumbingme.com,jerrysplumbingme.com,,,,Arundel,Maine,US,04046
Southern Maine Electric Inc.,southernmaineelectricincme.com,southernmaineelectricincme.com,,,,Arundel,Maine,US,04046
St Ours & Sons Electric Inc.,maine-electrician.com,maine-electrician.com,,,,Arundel,Maine,US,04046
"Tarring Electric, LLC",tarringelectric.com,tarringelectric.com,,,,Arundel,Maine,US,04046
Electrical Systems Of Maine,electricalsystemsofmaine.com,electricalsystemsofmaine.com,,,,Auburn,Maine,US,04210
"Generators of Maine, Inc.",generatorsofmaine.com,generatorsofmaine.com,,,,Belgrade,Maine,US,04917
Aube Electrical Contractors,aubeelectric.com,aubeelectric.com,,,,Biddeford,Maine,US,04005
Downeast Electrical Services,downeastelectrical.com,downeastelectrical.com,,,,Biddeford,Maine,US,04005
JEM Electric,jemelectric.me,jemelectric.me,,,,Biddeford,Maine,US,04005
Katahdin Electric Services,katahdinelectric.com,katahdinelectric.com,,,,Biddeford,Maine,US,04005
Moulison Electric Inc.,moulison.com,moulison.com,,,,Biddeford,Maine,US,04005
Ox Electric,michaelox44.wixsite.com,michaelox44.wixsite.com,,,,Biddeford,Maine,US,04005
P & M Electrical Contractors,pmelectricme.com,pmelectricme.com,,,,Biddeford,Maine,US,04005
Best Home Generators,besthomegenerators.biz,besthomegenerators.biz,,,,Brunswick,Maine,US,04011
Quirk Electric,quirkelectric.com,quirkelectric.com,,,,Cape Elizabeth,Maine,US,04107
P & D Electric,pdelectricme.com,pdelectricme.com,,,,Cumberland,Maine,US,04021
Rod's Electric Inc,rodsgenerator.com,rodsgenerator.com,,,,Dayton,Maine,US,04005
Moriarty Electric Co,moriartyelectric.com,moriartyelectric.com,,,,Eliot,Maine,US,03903
Generator Supercenter of Maine,generatorsupercenterofmaine.com,generatorsupercenterofmaine.com,,,,Falmouth,Maine,US,04105
MANCUSO ELECTRIC,mancusoelectric.net,mancusoelectric.net,,,,Falmouth,Maine,US,04105
Payne Electrical Contractors LLC,payneelectrical.com,payneelectrical.com,,,,Falmouth,Maine,US,04105
Maine Solar Solutions,mainesolarsolutions.com,mainesolarsolutions.com,,,,Freeport,Maine,US,04032
IN Power Electric LLC,inpowerelectric.com,inpowerelectric.com,,,,Gorham,Maine,US,04038
True North Generator Inc,truenorthgenerator.com,truenorthgenerator.com,,,,Gorham,Maine,US,04038
"CMD Powersystems, Inc.",cmdpowersystems.com,cmdpowersystems.com,,,,Hermon,Maine,US,04401
Appliance Advantage,theapplianceadvantage.com,theapplianceadvantage.com,,,,Kennebunk,Maine,US,04043
Kennebunk Light & Power District,klpd.org,klpd.org,,,,Kennebunk,Maine,US,04043
Justin Electric,justinelectric.com,justinelectric.com,,,,Lincolnville,Maine,US,04849
LRE Electric,lreelectricmaine.com,lreelectricmaine.com,,,,Naples,Maine,US,04055
Rousseau Electric LLC,rousseauelectricllc.com,rousseauelectricllc.com,,,,North Berwick,Maine,US,03906
FLANDERS ELECTRIC,generatorsmaine.com,generatorsmaine.com,,,,Norway,Maine,US,04268
A Tech Electric,atechelectricmaine.weebly.com,atechelectricmaine.weebly.com,,,,Portland,Maine,US,04103
Aces Highlands HVAC-Plumbing-Electrical,aceshighlandshvacplumb.com,aceshighlandshvacplumb.com,,,,Portland,Maine,US,04102
Acumen Mobile Equipment Service,acumenserviceco.com,acumenserviceco.com,,,,Portland,Maine,US,04103
"B.H. Milliken, Inc.",bhmilliken.com,bhmilliken.com,,,,Portland,Maine,US,04103
Bell Electric,thebellelectric.com,thebellelectric.com,,,,Portland,Maine,US,04103
Blackcap Handyman,blackcaphandyman.com,blackcaphandyman.com,,,,Portland,Maine,US,04102
"Casco Bay Electric, LLC.",cascobayelectric.com,cascobayelectric.com,,,,Portland,Maine,US,04103
Central Maine Power,cmpco.com,cmpco.com,,,,Portland,Maine,US,04103
Electric Vehicle Charging Station,afdc.energy.gov,afdc.energy.gov,,,,Portland,Maine,US,04101
Gilman Electrical Supply,gilmanportland.portalced.com,gilmanportland.portalced.com,,,,Portland,Maine,US,04102
Gowen Power Systems,gowenpower.com,gowenpower.com,,,,Portland,Maine,US,04103
Graybar,graybar.com,graybar.com,,,,Portland,Maine,US,04101
Greater Portland Electric,greaterportlandelectric.com,greaterportlandelectric.com,,,,Portland,Maine,US,04103
"Keeley Electrical Contractors, Inc.",keeleyinc.com,keeleyinc.com,,,,Portland,Maine,US,04103
Maine Electrical Institute,maineelectricalinstitute.com,maineelectricalinstitute.com,,,,Portland,Maine,US,04103
Maine Hardware,mainehardware.com,mainehardware.com,,,,Portland,Maine,US,04102
Mancini Electric,mancinielectric.com,mancinielectric.com,,,,Portland,Maine,US,04101
Marine Electric,marineelectric.biz,marineelectric.biz,,,,Portland,Maine,US,04101
Metropolitan Services,msllc.me,msllc.me,,,,Portland,Maine,US,04101
Mr. Handyman of Greater Portland,mrhandyman.com,mrhandyman.com,,,,Portland,Maine,US,04103
Paul Mesmer Master Electrician,paulmesmer.com,paulmesmer.com,,,,Portland,Maine,US,04101
Red Star North Electric Company,redstarnorthelectric.com,redstarnorthelectric.com,,,,Portland,Maine,US,04101
Wesco,wesco.com,wesco.com,,,,Portland,Maine,US,04101
Yerxa's Power Equipment,yerxaspowerequipment.com,yerxaspowerequipment.com,,,,Portland,Maine,US,04103
A.B. Electrical Services,abmaine.com,abmaine.com,,,,Richmond,Maine,US,04357
Bouchard’s Electric,bouchardselectric.com,bouchardselectric.com,,,,Saco,Maine,US,04072
Chenard Electric LLC,chenardelectric.com,chenardelectric.com,,,,Saco,Maine,US,04072
Pow'r Point Generator Power Systems,powrpoint.com,powrpoint.com,,,,Saco,Maine,US,04072
LaPlante Electric,laplanteelectric.com,laplanteelectric.com,,,,Scarborough,Maine,US,04074
Sun Country Highway Charging Station,suncountryhighway.ca,suncountryhighway.ca,,,,Scarborough,Maine,US,04074
"Linscott Electric, LLC",linscottelectric.com,linscottelectric.com,,,,South Berwick,Maine,US,03908
Associated Electric,associatedelectricmaine.com,associatedelectricmaine.com,,,,South Portland,Maine,US,04106
D.C. Murray Electric,dcmurrayelectric.com,dcmurrayelectric.com,,,,South Portland,Maine,US,04106
Generac Clean Energy,generac.com,generac.com,,,,South Portland,Maine,US,04106
Hannan's Electric,hannanselectric.com,hannanselectric.com,,,,South Portland,Maine,US,04106
Nielsen Electric Service,nielsenelectricllcmaine.com,nielsenelectricllcmaine.com,,,,South Portland,Maine,US,04106
ReVision Energy,revisionenergy.com,revisionenergy.com,,,,South Portland,Maine,US,04106
"TA Napolitano, Inc. Electrical Contractor",tanapolitano.com,tanapolitano.com,,,,South Portland,Maine,US,04106
"Walsh Electric, Inc.",walshelecinc.com,walshelecinc.com,,,,South Portland,Maine,US,04106
Atlantic Electrical Services LLC,atlanticelectricalservices.com,atlanticelectricalservices.com,,,,Waterboro,Maine,US,04087
Harbor Light Electric,harborlightelectric.org,harborlightelectric.org,,,,Wells,Maine,US,04090
HomeWiz,yourhomewiz.com,yourhomewiz.com,,,,Wells,Maine,US,04090
B2 ELECTRIC LLC,localelectriciansportland.com,localelectriciansportland.com,,,,Westbrook,Maine,US,04092
Casco Bay Generators & Heat Pumps,cascobaygenerators.com,cascobaygenerators.com,,,,Westbrook,Maine,US,04092
Corey Electric,coreyelectric.com,coreyelectric.com,,,,Westbrook,Maine,US,04092
Goodnow Electric,goodnowelectric.com,goodnowelectric.com,,,,Westbrook,Maine,US,04092
Josh LaFerriere Electric,joshlaferriereelectric.com,joshlaferriereelectric.com,,,,Westbrook,Maine,US,04092
LeBeau Electric,lebeauelectricmaine.com,lebeauelectricmaine.com,,,,Westbrook,Maine,US,04092
Miracle Electric,miracle-electrical.com,miracle-electrical.com,,,,Westbrook,Maine,US,04092
Bradley Electric LLC,bradley-electric.com,bradley-electric.com,,,,Windham,Maine,US,04062
Elemental Electric LLC,elementalelectric.com,elementalelectric.com,,,,Windham,Maine,US,04062
Peak Electric,peakelectricmaine.com,peakelectricmaine.com,,,,Windham,Maine,US,04062
Mid Maine Generator,midmainegenerator.com,midmainegenerator.com,,,,Winthrop,Maine,US,04364
A2 Handyman,a2handy.com,a2handy.com,,,,Ann Arbor,Michigan,US,48104
ADAMS ELECTRIC SHOP LLC,adamselectricshop.com,adamselectricshop.com,,,,Ann Arbor,Michigan,US,48108
Ace Handyman Services Ann Arbor,acehandymanservices.com,acehandymanservices.com,,,,Ann Arbor,Michigan,US,48108
Brentwood Electric,brentwoodelectric.org,brentwoodelectric.org,,,,Ann Arbor,Michigan,US,48103
CMR Mechanical - Ann Arbor,cmrmechanical.com,cmrmechanical.com,,,,Ann Arbor,Michigan,US,48108
Current Electrical Systems,currentelectricalsystems.com,currentelectricalsystems.com,,,,Ann Arbor,Michigan,US,48108
Dan Del Zoppo Electric Co Inc,delzoppoelectric.com,delzoppoelectric.com,,,,Ann Arbor,Michigan,US,48103
Design Electrical Solutions Inc,designesinc.com,designesinc.com,,,,Ann Arbor,Michigan,US,48108
Electrician Guys,electricianprosannarbor.com,electricianprosannarbor.com,,,,Ann Arbor,Michigan,US,48104
"Gainsley Electric, Inc",gainsleyelectricmi.hibuwebsites.com,gainsleyelectricmi.hibuwebsites.com,,,,Ann Arbor,Michigan,US,48108
Harper Electric Inc,harperelectric.net,harperelectric.net,,,,Ann Arbor,Michigan,US,48103
Huron Valley Electric,huronvalleyelectric.com,huronvalleyelectric.com,,,,Ann Arbor,Michigan,US,48103
IBEW NECA 252,ibewneca252.org,ibewneca252.org,,,,Ann Arbor,Michigan,US,48103
Killer Electric,killerelectric.com,killerelectric.com,,,,Ann Arbor,Michigan,US,48104
Kingfisher Electric,kingfisherannarbor.com,kingfisherannarbor.com,,,,Ann Arbor,Michigan,US,48103
Landscape Lighting Specialist,lightyournight.com,lightyournight.com,,,,Ann Arbor,Michigan,US,48103
NuLimit Electric,nulimitcontractors.com,nulimitcontractors.com,,,,Ann Arbor,Michigan,US,48103
RED E Charging Station,redecharge.com,redecharge.com,,,,Ann Arbor,Michigan,US,48104
Vedder Electric,vedderelectric.com,vedderelectric.com,,,,Ann Arbor,Michigan,US,48104
Wolverine Low Voltage,wolverinelowvoltage.com,wolverinelowvoltage.com,,,,Ann Arbor,Michigan,US,48108
E.L. Electrical Contracting Inc,elelectric.com,elelectric.com,,,,Auburn Hills,Michigan,US,48326
"Snider Electric, LLC",sniderelectricllc.wordpress.com,sniderelectricllc.wordpress.com,,,,Belleville,Michigan,US,48111
J. Simon & Sons Electrical Contractors,jsimonelectric.com,jsimonelectric.com,,,,Berkley,Michigan,US,48072
SPECIALIZED POWER SERVICES INC.,spshv.com,spshv.com,,,,Brighton,Michigan,US,48116
"Tri Star Electrical & Lighting, LLC",tristarelectrical.com,tristarelectrical.com,,,,Brighton,Michigan,US,48116
"TEC Electric, LLC",tecelectricllc.org,tecelectricllc.org,,,,Brooklyn,Michigan,US,49230
Buist,buist.com,buist.com,,,,Byron Center,Michigan,US,49315
"Canfield Heating, Cooling, Plumbing & Electrical",canfieldph.com,canfieldph.com,,,,Byron Center,Michigan,US,49315
Michigan Critical Power,michigancriticalpower.com,michigancriticalpower.com,,,,Byron Center,Michigan,US,49315
Van Haren Electric Inc,vanharen.com,vanharen.com,,,,Byron Center,Michigan,US,49315
Emerald Electric,emeraldelectric.org,emeraldelectric.org,,,,Canton Township,Michigan,US,48187
McGuire Electric Inc,mcguireelectric.biz,mcguireelectric.biz,,,,Clawson,Michigan,US,48017
Budget Electric Generators,budgetelectricgenerator.com,budgetelectricgenerator.com,,,,Clinton Township,Michigan,US,48036
ESCON Power Solutions,esconpowersolutions.com,esconpowersolutions.com,,,,Clinton Township,Michigan,US,48038
"Executive Electric, LLC",executiveelectricusa.com,executiveelectricusa.com,,,,Clinton Township,Michigan,US,48038
Contract Electric Co,contractelectricinc.com,contractelectricinc.com,,,,Comstock Park,Michigan,US,49321
VerPlank Electric Inc.,verplankelectric.com,verplankelectric.com,,,,Comstock Park,Michigan,US,49321
Electrical Maintenance Corp,electrical-emc.com,electrical-emc.com,,,,Conklin,Michigan,US,49403
Don's Electric,donselectric.us,donselectric.us,,,,Davisburg,Michigan,US,48350
Allied Electrical Services,alliedes.co,alliedes.co,,,,Dearborn,Michigan,US,48124
Electrician Pros Dearborn,electricianprosdearborn.com,electricianprosdearborn.com,,,,Dearborn,Michigan,US,48123
IB Electric Inc,ibelectric.com,ibelectric.com,,,,Dearborn Heights,Michigan,US,48127
Michigan Generator Services Co,michigenerator.com,michigenerator.com,,,,Dearborn Heights,Michigan,US,48125
Sleiman Electric Company Licensed Residential & Commercial Electricians,sleimanelectric.com,sleimanelectric.com,,,,Dearborn Heights,Michigan,US,48127
XPower Electric,xpowerelectrical.com,xpowerelectrical.com,,,,Dearborn Heights,Michigan,US,48127
"Bayview Electric Company, LLC - Detroit",bayelectric.com,bayelectric.com,,,,Detroit,Michigan,US,48202
Blake's Installation Service LLc,blakesinstallationservices.com,blakesinstallationservices.com,,,,Detroit,Michigan,US,48214
COGENT ELECTRIC LLC,cogentelectric.com,cogentelectric.com,,,,Detroit,Michigan,US,48221
Consumer Services Electric,consumerserviceselectric.com,consumerserviceselectric.com,,,,Detroit,Michigan,US,48227
Detroit Electrical Services LLC,des-electric.com,des-electric.com,,,,Detroit,Michigan,US,48234
Detroit Speedy Electrician,detroit.speedyelectrician.com,detroit.speedyelectrician.com,,,,Detroit,Michigan,US,48210
Detroit Voltage,detroitvoltage.com,detroitvoltage.com,,,,Detroit,Michigan,US,48226
Electreon Charging Station,detroitchamber.com,detroitchamber.com,,,,Detroit,Michigan,US,48216
Electrician Pros Detroit,electricianprosdetroit.com,electricianprosdetroit.com,,,,Detroit,Michigan,US,48204
Excalibur Electrician of Detroit MI,detroitelectrician.excaliburelectronics.com,detroitelectrician.excaliburelectronics.com,,,,Detroit,Michigan,US,48234
Good Guys Generators,goodguysgenerators.com,goodguysgenerators.com,,,,Detroit,Michigan,US,48223
Industrial Electric,industrialelectric.net,industrialelectric.net,,,,Detroit,Michigan,US,48202
Motor City Electric Technologies,mceco.com,mceco.com,,,,Detroit,Michigan,US,48213
National Electric,electriciansindetroit.com,electriciansindetroit.com,,,,Detroit,Michigan,US,48212
PowerPro Electric Supply,powerprosupply.com,powerprosupply.com,,,,Detroit,Michigan,US,48217
Real Electric Inc,realelectricinc.com,realelectricinc.com,,,,Detroit,Michigan,US,48217
Rotor Electric Co,rotorelectric.com,rotorelectric.com,,,,Detroit,Michigan,US,48213
"Streamline Electric, Inc.",prostreamline.com,prostreamline.com,,,,Detroit,Michigan,US,48207
Haley Mechanical - Dexter,haleymechanical.com,haleymechanical.com,,,,Dexter,Michigan,US,48130
Joseph Lighting Company,josephlightingcompany.com,josephlightingcompany.com,,,,Dexter,Michigan,US,48130
McWire Electric,mcwireelectric.com,mcwireelectric.com,,,,Eastpointe,Michigan,US,48021
Great Lakes Power Generation,glpgeneration.generacdealers.com,glpgeneration.generacdealers.com,,,,Elk Rapids,Michigan,US,49629
Diversified Electric llc,diversifiedelectric.com,diversifiedelectric.com,,,,Ferndale,Michigan,US,48220
"McChesney Electric, Inc",mcchesneyelectric.com,mcchesneyelectric.com,,,,Ferndale,Michigan,US,48220
"Premium Electric Company, Inc",premiumelec.com,premiumelec.com,,,,Ferndale,Michigan,US,48220
Ambrose Electrical,ambroseelectrical.com,ambroseelectrical.com,,,,Grand Haven,Michigan,US,49417
All-Phase Electric Supply,allphasegr.com,allphasegr.com,,,,Grand Rapids,Michigan,US,49504
Amp Electric Heating & Air,ampelectrichvac.com,ampelectrichvac.com,,,,Grand Rapids,Michigan,US,49504
Bazen Electric,bazenelectric.com,bazenelectric.com,,,,Grand Rapids,Michigan,US,49503
Butler Electric,butlerelectricservice.com,butlerelectricservice.com,,,,Grand Rapids,Michigan,US,49525
Coffman Electrical Equipment Company,steadypower.com,steadypower.com,,,,Grand Rapids,Michigan,US,49548
Control Electric,controlelectricinc.com,controlelectricinc.com,,,,Grand Rapids,Michigan,US,49546
Created Control,createdcontrol.com,createdcontrol.com,,,,Grand Rapids,Michigan,US,49505
"Eco Electric, LLC",ecoelectric.llc,ecoelectric.llc,,,,Grand Rapids,Michigan,US,49548
Electrician Guys Grand Rapids,electricianguysgrandrapids.com,electricianguysgrandrapids.com,,,,Grand Rapids,Michigan,US,49503
Fixall Electric Motor Service,fixallelectric.com,fixallelectric.com,,,,Grand Rapids,Michigan,US,49504
Grand Valley Electrical Services Inc,grandvalleyelectrical.com,grandvalleyelectrical.com,,,,Grand Rapids,Michigan,US,49534
Grapids Home Services,grheat.com,grheat.com,,,,Grand Rapids,Michigan,US,49534
Lanning Electric,lanningelectricinc.com,lanningelectricinc.com,,,,Grand Rapids,Michigan,US,49508
Lumen Electric Inc.,lumenelectricinc.net,lumenelectricinc.net,,,,Grand Rapids,Michigan,US,49512
Merritt Electric LLC,merrittelectricllc.com,merrittelectricllc.com,,,,Grand Rapids,Michigan,US,49548
Portable Power LLC,portablepowerllc.com,portablepowerllc.com,,,,Grand Rapids,Michigan,US,49504
Red E Charging Station,evchargingus.com,evchargingus.com,,,,Grand Rapids,Michigan,US,49512
Service Professor,serviceprofessor.com,serviceprofessor.com,,,,Grand Rapids,Michigan,US,49512
Thornview Electric Co,thornviewelectric.com,thornviewelectric.com,,,,Grand Rapids,Michigan,US,49512
Total Energy Systems,totalenergysystems.com,totalenergysystems.com,,,,Grand Rapids,Michigan,US,49512
Vander Hyde Service,vanderhyde.com,vanderhyde.com,,,,Grand Rapids,Michigan,US,49534
WHITNEY SERVICES,callwhitney.com,callwhitney.com,,,,Grand Rapids,Michigan,US,49508
Webb Electric of Grand Rapids Inc.,grand-rapids-electric.com,grand-rapids-electric.com,,,,Grand Rapids,Michigan,US,49503
Wireworks Electric Inc.,wireworksgr.com,wireworksgr.com,,,,Grand Rapids,Michigan,US,49507
Excel Electric Inc.,excelelectricinc.com,excelelectricinc.com,,,,Grandville,Michigan,US,49418
Kerkstra Electric,kerkstraelectric.com,kerkstraelectric.com,,,,Grandville,Michigan,US,49418
Complete Generator Solutions LLC,completegeneratorsolutions.com,completegeneratorsolutions.com,,,,Greenville,Michigan,US,48838
ENS Electric,enselectric.com,enselectric.com,,,,Holland,Michigan,US,49424
"Mrs. Michael Plumbers, Electricians, AC & Furnace Repair",mrsmichael.com,mrsmichael.com,,,,Howell,Michigan,US,48843
Electrical Services Plus Inc.,generatorspluscompany.com,generatorspluscompany.com,,,,Ida,Michigan,US,48140
Astral Line,astralline.synergize.co,astralline.synergize.co,,,,Inkster,Michigan,US,48141
West Michigan Generator,westmichigangenerator.com,westmichigangenerator.com,,,,Jenison,Michigan,US,49428
Waggoner Inc.,waggonerelectric.com,waggonerelectric.com,,,,Kalamazoo,Michigan,US,49009
Fine Line Electric,getfineline.com,getfineline.com,,,,Kent City,Michigan,US,49330
K Electrical Services LLC,kelectricalservices.com,kelectricalservices.com,,,,Kent City,Michigan,US,49330
Wire Wizards Electrical,wirewizardselectricalllc.com,wirewizardselectricalllc.com,,,,Kentwood,Michigan,US,49512
National Electric,4mypower.com,4mypower.com,,,,Lincoln Park,Michigan,US,48146
AM Generator Services LLC,amgeneratorservices.com,amgeneratorservices.com,,,,Livonia,Michigan,US,48154
"Commercial Electrical Services, Inc.",cesmichigan.com,cesmichigan.com,,,,Livonia,Michigan,US,48150
K&B Energy Solutions,kandbenergy.com,kandbenergy.com,,,,Livonia,Michigan,US,48150
Noonan Electrical Services,noonanelectricalservices.com,noonanelectricalservices.com,,,,Livonia,Michigan,US,48152
Flat River Electric LLC,flatriverelectricllc.com,flatriverelectricllc.com,,,,Lowell,Michigan,US,49331
Lighthouse Electrical Service,lighthouseelectricalservice.com,lighthouseelectricalservice.com,,,,Madison Heights,Michigan,US,48071
Richards Electrical,richardselectrical.com,richardselectrical.com,,,,Mason,Michigan,US,48854
Osburn Services Inc,osburnservices.com,osburnservices.com,,,,Milford,Michigan,US,48381
Generator Supercenter of Detroit,generatorsupercenterofdetroit.com,generatorsupercenterofdetroit.com,,,,New Hudson,Michigan,US,48165
AMS Electrical,amselectricaldiv.com,amselectricaldiv.com,,,,Novi,Michigan,US,48375
Gurr Brothers Electrical,whitetailelectrical.com,whitetailelectrical.com,,,,Oak Park,Michigan,US,48237
AAB Electric,aab-electric.com,aab-electric.com,,,,Pierson,Michigan,US,49339
Vedder Voltage,veddervoltage.com,veddervoltage.com,,,,Pinckney,Michigan,US,48169
North Country Power Generation,ncpgeneration.com,ncpgeneration.com,,,,Rapid City,Michigan,US,49676
Buzz Electric,buzzelectricmi.com,buzzelectricmi.com,,,,Redford Township,Michigan,US,48239
Premier Generator Service LLC,pgsgenerator.net,pgsgenerator.net,,,,Riley,Michigan,US,48041
Superior Electric Tri County,seglc.com,seglc.com,,,,Saline,Michigan,US,48176
Lakepointe Electric,mylakepointeelectric.com,mylakepointeelectric.com,,,,Shelby Township,Michigan,US,48316
The Neighborhood Electrician,tne4me.com,tne4me.com,,,,Shelby Township,Michigan,US,48315
M & M Electric,mmelectricmi.com,mmelectricmi.com,,,,Southfield,Michigan,US,48033
"Swanson Electrical Services, Inc.",swansonelectricalservice.com,swansonelectricalservice.com,,,,Sparta,Michigan,US,49345
Scholl Electric LLC,schollelectric.net,schollelectric.net,,,,Spring Arbor,Michigan,US,49283
Residential Electric,residentialelectricmi.com,residentialelectricmi.com,,,,St Clair Shores,Michigan,US,48080
Next-Gen Electric,next-genelectric.com,next-genelectric.com,,,,Taylor,Michigan,US,48180
"A&N Electric, Inc",anelectricinc.com,anelectricinc.com,,,,Tecumseh,Michigan,US,49286
Deere Electric Inc.,deereelectricinc.com,deereelectricinc.com,,,,Tecumseh,Michigan,US,49286
Joe Pizik Generators - Generac Dealer,joepizikgenerators.com,joepizikgenerators.com,,,,Troy,Michigan,US,48084
PowerHouse Generator,powerhousegenerator.com,powerhousegenerator.com,,,,Troy,Michigan,US,48085
"Archer Electrical Services, LLC",archerelectricalservices.com,archerelectricalservices.com,,,,Van Buren Township,Michigan,US,48111
Allied Electric Inc,alliedelectricinc.com,alliedelectricinc.com,,,,Walker,Michigan,US,49544
Kleyn Electric,kleynelectric.com,kleynelectric.com,,,,Walker,Michigan,US,49534
American Generators Sales & Service,american-generator.com,american-generator.com,,,,Waterford Township,Michigan,US,48329
"Oak Electric Service, Inc.",oakelectric.com,oakelectric.com,,,,Waterford Township,Michigan,US,48329
Ashcott Electrical Inc,ashcottelectrical.com,ashcottelectrical.com,,,,Whitmore Lake,Michigan,US,48189
Lakes Electric LLC,lakeselectricmi.com,lakeselectricmi.com,,,,Whitmore Lake,Michigan,US,48189
CRG Electric LLC,crgelectricllc.com,crgelectricllc.com,,,,Willis,Michigan,US,48191
PM Technologies - HQ,pmtech.org,pmtech.org,,,,Wixom,Michigan,US,48393
Service Tech Electric,servicetechelectric.com,servicetechelectric.com,,,,Wyandotte,Michigan,US,48192
GR Electric Inc,grelectricinc.com,grelectricinc.com,,,,Wyoming,Michigan,US,49519
Hardy Electric,hardyelectric.com,hardyelectric.com,,,,Wyoming,Michigan,US,49509
A J Leo Electric,ajleo.com,ajleo.com,,,,Ypsilanti,Michigan,US,48197
A.F. Smith Electric Inc.,afsmith.com,afsmith.com,,,,Ypsilanti,Michigan,US,48197
Wolverine Power Systems,wolverinepower.com,wolverinepower.com,,,,Zeeland,Michigan,US,49464
Genuine Electric,callgenuine.com,callgenuine.com,,,,Andover,Minnesota,US,55304
Generator Power Systems,powerbygps.com,powerbygps.com,,,,Baxter,Minnesota,US,56425
"Hero: Plumbing, Heating, Cooling, Drains, Ducts & Electrical",callhero.com,callhero.com,,,,Bloomington,Minnesota,US,55438
MJ Electric,mjelectricmn.com,mjelectricmn.com,,,,Bloomington,Minnesota,US,55431
Schlemmer Electric,schlemmerelectric.com,schlemmerelectric.com,,,,Bloomington,Minnesota,US,55431
"Service Today - Heating, Cooling, & Electrical Repair",servicetoday247.com,servicetoday247.com,,,,Bloomington,Minnesota,US,55431
"South Side Electric, Inc.",southsideelectric.net,southsideelectric.net,,,,Bloomington,Minnesota,US,55420
"LeBrun Electric, Heating & Cooling",lebrunelectric.com,lebrunelectric.com,,,,Brooklyn Park,Minnesota,US,55428
Vector Services,callvector.com,callvector.com,,,,Brooklyn Park,Minnesota,US,55445
Robb's Electric,robbselectricinc.net,robbselectricinc.net,,,,Carver,Minnesota,US,55315
Pioneer Critical Power - Champlin,pioneercriticalpower.com,pioneercriticalpower.com,,,,Champlin,Minnesota,US,55316
Knight Light Electric,knightlightelectricians.com,knightlightelectricians.com,,,,Circle Pines,Minnesota,US,55014
"Killmer Electric Co., Inc.",killmerelectric.com,killmerelectric.com,,,,Crystal,Minnesota,US,55429
Gray Duck Electric,grayduckelectric.com,grayduckelectric.com,,,,Eden Prairie,Minnesota,US,55347
"Gunnar Electric, Inc",gunnarelectric.com,gunnarelectric.com,,,,Eden Prairie,Minnesota,US,55344
Midwest Electric & Generator,midwestgenerators.com,midwestgenerators.com,,,,Elk River,Minnesota,US,55330
Minnetonka Electricians,minnetonkaelectric.net,minnetonkaelectric.net,,,,Excelsior,Minnesota,US,55331
Tonka Electric,tonkaelectric.com,tonkaelectric.com,,,,Excelsior,Minnesota,US,55331
Electric Motor Supply Company (EMSCO),emscomn.com,emscomn.com,,,,Fridley,Minnesota,US,55421
Ace Electrical Contractors Inc,aceelectrical.net,aceelectrical.net,,,,Golden Valley,Minnesota,US,55427
Golden – GE Group Inc,goldenmn.com,goldenmn.com,,,,Golden Valley,Minnesota,US,55427
Mohs Electric,mohselectric.com,mohselectric.com,,,,Golden Valley,Minnesota,US,55427
Hopkins Electric,hopkinselectricmn.com,hopkinselectricmn.com,,,,Grand Rapids,Minnesota,US,55744
Damyans Electric Inc.,damyanselectric.com,damyanselectric.com,,,,Hopkins,Minnesota,US,55343
Top Line Electric Inc.,toplineelectricmn.com,toplineelectricmn.com,,,,Lakeville,Minnesota,US,55044
Lakeridge Electric LLC,lakeridgeelectric.com,lakeridgeelectric.com,,,,Lindstrom,Minnesota,US,55045
Milow Electric,milowelectric.com,milowelectric.com,,,,Long Lake,Minnesota,US,55356
"Elite Electrical Innovations, LLC",eliteelectricalinnovations.com,eliteelectricalinnovations.com,,,,Madelia,Minnesota,US,56062
Dean's Home Services,calldeans.com,calldeans.com,,,,Maple Grove,Minnesota,US,55369
Randy's Electric & Plumbing,randyselectric.com,randyselectric.com,,,,Maple Grove,Minnesota,US,55311
Norske Electric,norskeelectric.com,norskeelectric.com,,,,Medina,Minnesota,US,55340
"Evergreen Electrical Contractors, Inc.",evergreenelectricmn.com,evergreenelectricmn.com,,,,Merrifield,Minnesota,US,56465
A&T Electrical Services LLC,aandtelecticservices.com,aandtelecticservices.com,,,,Minneapolis,Minnesota,US,55423
Advantage Electric,advantageelectricmn.com,advantageelectricmn.com,,,,Minneapolis,Minnesota,US,55444
Atlantic Electric LLC,atlanticelectric.net,atlanticelectric.net,,,,Minneapolis,Minnesota,US,55445
Banks Electric Company,bankselectriccompany.com,bankselectriccompany.com,,,,Minneapolis,Minnesota,US,55406
Bavolak Electric,bavolak.com,bavolak.com,,,,Minneapolis,Minnesota,US,55413
Brothers Electric,brotherselectricinc.com,brotherselectricinc.com,,,,Minneapolis,Minnesota,US,55407
CenterPoint Energy's Home Service Plus,centerpointenergy.com,centerpointenergy.com,,,,Minneapolis,Minnesota,US,55402
"Edison Electric, Inc.",electrician-minneapolis.com,electrician-minneapolis.com,,,,Minneapolis,Minnesota,US,55418
Electric City Corporation,electriccitycorp.com,electriccitycorp.com,,,,Minneapolis,Minnesota,US,55426
Electric Today,minneapoliselectricianpros.com,minneapoliselectricianpros.com,,,,Minneapolis,Minnesota,US,55421
Fraser-Morris Electric Co,frasermorris.com,frasermorris.com,,,,Minneapolis,Minnesota,US,55401
Haro Electric Solutions,haroelectric.com,haroelectric.com,,,,Minneapolis,Minnesota,US,55411
"Harrison Electric, Inc.",harrison-electric.com,harrison-electric.com,,,,Minneapolis,Minnesota,US,55441
J-Sim Electric Inc,j-simelectric.com,j-simelectric.com,,,,Minneapolis,Minnesota,US,55428
"JZ Electric, Inc.",jzelectricinc.com,jzelectricinc.com,,,,Minneapolis,Minnesota,US,55427
Mill City Electric Co.,millcityelectric.com,millcityelectric.com,,,,Minneapolis,Minnesota,US,55417
Minneapolis Electricians,minneapolis-electricians.com,minneapolis-electricians.com,,,,Minneapolis,Minnesota,US,55419
Minneapolis Electricians,minneapoliselectricians.net,minneapoliselectricians.net,,,,Minneapolis,Minnesota,US,55407
Nokomis Surplus,nokomissurplus.square.site,nokomissurplus.square.site,,,,Minneapolis,Minnesota,US,55417
Nordeast Electric,nordeastelectric.com,nordeastelectric.com,,,,Minneapolis,Minnesota,US,55421
Sherman Electric,shermanelectric.com,shermanelectric.com,,,,Minneapolis,Minnesota,US,55408
Signature Electric Co,signatureelectric.net,signatureelectric.net,,,,Minneapolis,Minnesota,US,55412
University Electric Inc,universityelectricinc.com,universityelectricinc.com,,,,Minneapolis,Minnesota,US,55407
Viking Electric,vikingelectric.com,vikingelectric.com,,,,Minneapolis,Minnesota,US,55413
ZEF Charging Station,evspotnetwork.org,evspotnetwork.org,,,,Minneapolis,Minnesota,US,55403
ZEF Charging Station,zefenergy.com,zefenergy.com,,,,Minneapolis,Minnesota,US,55414
Advanced Electric Co Inc,advancedelectricalservicesmn.com,advancedelectricalservicesmn.com,,,,Minnetonka,Minnesota,US,55305
Sipma Electric Inc,sipmaelectric.com,sipmaelectric.com,,,,Minnetonka,Minnesota,US,55305
Tommy's Electric,tommyselectric.net,tommyselectric.net,,,,Minnetonka,Minnesota,US,55345
Erickson Outdoor Lighting,ericksonlighting.com,ericksonlighting.com,,,,Mound,Minnesota,US,55364
"R E Electrical Services, Inc.",reelectricinc.com,reelectricinc.com,,,,Mound,Minnesota,US,55364
Schmidt Electric Inc,schmidtelectricinc.com,schmidtelectricinc.com,,,,Mound,Minnesota,US,55364
"Wheels to Waves, LLC",wheelstowaves.com,wheelstowaves.com,,,,Mound,Minnesota,US,55364
EarlyBird Electric,earlybirdelectricians.com,earlybirdelectricians.com,,,,New Hope,Minnesota,US,55428
Focus Electrical Contractors,focuselectricalcontractors.com,focuselectricalcontractors.com,,,,Plymouth,Minnesota,US,55447
Twin Cities Generator,twincitiesgenerator.com,twincitiesgenerator.com,,,,Ramsey,Minnesota,US,55303
Richfield Electricians,richfieldelectricians.com,richfieldelectricians.com,,,,Richfield,Minnesota,US,55423
Muska Electric Co,muskaelectric.com,muskaelectric.com,,,,Roseville,Minnesota,US,55113
Skyline Electric,skylineelectricmn.com,skylineelectricmn.com,,,,Roseville,Minnesota,US,55113
Sternberg Electric Service,sternbergelectric.com,sternbergelectric.com,,,,Roseville,Minnesota,US,55113
Twin Cities Electric,twincitieselectricllc.com,twincitieselectricllc.com,,,,Shakopee,Minnesota,US,55379
Allied Generators,alliedgenerators.com,alliedgenerators.com,,,,Shoreview,Minnesota,US,55126
Generator Specialty Co Inc.,generatorspecialty.com,generatorspecialty.com,,,,Shoreview,Minnesota,US,55126
Happy Electric LLC,happyelectricmn.com,happyelectricmn.com,,,,Spring Lake Park,Minnesota,US,55432
HiTec Electric,hitecelectricmn.com,hitecelectricmn.com,,,,St Louis Park,Minnesota,US,55416
Hurlburt Heating & Plumbing,hurlburthp.com,hurlburthp.com,,,,St Louis Park,Minnesota,US,55426
Loch Monster Electric,lochmonsterelectric.com,lochmonsterelectric.com,,,,St Louis Park,Minnesota,US,55426
Trimlight Minneapolis LLC,trimlightmn.com,trimlightmn.com,,,,St Louis Park,Minnesota,US,55426
"Bakken Electric, LLC",bakkenelectric.com,bakkenelectric.com,,,,St Paul,Minnesota,US,55114
Nelson’s Twin City Electric INC.,nelsonstcelectric.com,nelsonstcelectric.com,,,,St Paul,Minnesota,US,55119
Super Electric,superelectricmn.com,superelectricmn.com,,,,St Paul,Minnesota,US,55102
Supreme Electric Inc,supremeelectricinc.com,supremeelectricinc.com,,,,St Paul,Minnesota,US,55102
TIM KUNKEL ELECTRIC L.L.C.,timkunkelelectric.com,timkunkelelectric.com,,,,St Paul,Minnesota,US,55104
Laketown Electric Corporation,laketownelectric.com,laketownelectric.com,,,,Waconia,Minnesota,US,55387
West Star Electric Inc,weststarelectric.net,weststarelectric.net,,,,Wayzata,Minnesota,US,55391
Kodiak Power Solutions,modernpowersolutions.com,modernpowersolutions.com,,,,White Bear Lake,Minnesota,US,55110
Innovet Electric Inc.,innovet.us,innovet.us,,,,Affton,Missouri,US,63123
RJP Electric,rjpelectric.com,rjpelectric.com,,,,Affton,Missouri,US,63123
Show Me Electrical Services,showmeelectrical.com,showmeelectrical.com,,,,Affton,Missouri,US,63123
Bates Electric,bates-electric.com,bates-electric.com,,,,Arnold,Missouri,US,63010
"D3 Electrical, LLC",d3electricalstl.com,d3electricalstl.com,,,,Arnold,Missouri,US,63010
Fusion Tech Companies,fusion-companies.com,fusion-companies.com,,,,Brentwood,Missouri,US,63144
Hoffmann Brothers,hoffmannbros.com,hoffmannbros.com,,,,Brentwood,Missouri,US,63144
Metro Electric Supply,metroelectricsupply.com,metroelectricsupply.com,,,,Brentwood,Missouri,US,63144
Metro Lighting,metrolightingcenters.com,metrolightingcenters.com,,,,Brentwood,Missouri,US,63144
"BRK Electrical Contractors, LLC",brk-electric.com,brk-electric.com,,,,Bridgeton,Missouri,US,63044
Generator Supercenter of St. Louis,generatorsupercenterofstlouis.com,generatorsupercenterofstlouis.com,,,,Chesterfield,Missouri,US,63005
Recon Electric,reconelectricmo.com,reconelectricmo.com,,,,Chesterfield,Missouri,US,63005
Reiner Electric,reinerelectric.com,reinerelectric.com,,,,Des Peres,Missouri,US,63131
rYse electric,ryse-electric.com,ryse-electric.com,,,,Eureka,Missouri,US,63025
Brda Electric,brdaelectric.com,brdaelectric.com,,,,Fenton,Missouri,US,63026
CK Electric And More,ckelectricandmore.com,ckelectricandmore.com,,,,Fenton,Missouri,US,63026
"Potts Electric, LLC",pottselectric.com,pottselectric.com,,,,Fenton,Missouri,US,63026
WireNuts Electrical Solutions,wirenutselectrical.solutions,wirenutselectrical.solutions,,,,Ferguson,Missouri,US,63135
"Southeast Services, Inc.",southeast-services.com,southeast-services.com,,,,Festus,Missouri,US,63028
Kay Bee Electric | St. Louis Electrician,kaybeeelectric.com,kaybeeelectric.com,,,,Florissant,Missouri,US,63031
Platinum Electric KC,platinumelectrickc.com,platinumelectrickc.com,,,,Grandview,Missouri,US,64030
"A.B. May Heating, A/C, Plumbing & Electrical",abmay.com,abmay.com,,,,KCMO,Missouri,US,64129
"AB Electrical, Inc.",ab-elec.com,ab-elec.com,,,,KCMO,Missouri,US,64109
"AD'S Team Electric, LLC.",adsteamelectricllc.com,adsteamelectricllc.com,,,,KCMO,Missouri,US,64113
Able Electric Inc,ableelectrickc.com,ableelectrickc.com,,,,KCMO,Missouri,US,64116
Anderson Electrical LLC,andersonelectricalkc.com,andersonelectricalkc.com,,,,KCMO,Missouri,US,64127
Foley Power Solutions,foleypowersolutions.com,foleypowersolutions.com,,,,KCMO,Missouri,US,64132
"Galvin Electric Company, Inc",galvineckc.com,galvineckc.com,,,,KCMO,Missouri,US,64152
"House of David Electricians, Inc",houseofdavidelectric.com,houseofdavidelectric.com,,,,KCMO,Missouri,US,64130
Lamp & Light Electric,llrollouts.com,llrollouts.com,,,,KCMO,Missouri,US,64137
"Local H Electric, LLC",localhelectric.com,localhelectric.com,,,,KCMO,Missouri,US,64157
Mike Hagen Electric,mikehagenelectric.com,mikehagenelectric.com,,,,KCMO,Missouri,US,64157
"North Kansas City Electric Company, Inc.",nkce.com,nkce.com,,,,KCMO,Missouri,US,64116
PowerUp Point EV Charging Station,poweruppoint.energy,poweruppoint.energy,,,,KCMO,Missouri,US,64106
Price Electrical & General Contracting,priceelectrical.net,priceelectrical.net,,,,KCMO,Missouri,US,64133
"Pro Circuit, Inc",procircuitinc.com,procircuitinc.com,,,,KCMO,Missouri,US,64120
Pure Light Electric LLC,purelightelectric.com,purelightelectric.com,,,,KCMO,Missouri,US,64108
Seniors Electrical and Appliance Repair,seniorselectrical-repair.com,seniorselectrical-repair.com,,,,KCMO,Missouri,US,64119
Sync Electric Inc.,app.synckc.com,app.synckc.com,,,,KCMO,Missouri,US,64131
Te-Tee Light Electrical Services,teteelight.com,teteelight.com,,,,KCMO,Missouri,US,64129
BRIGHTON ELECTRIC,brightonelectricstl.com,brightonelectricstl.com,,,,Kirkwood,Missouri,US,63122
Exceptional Electric,exceptionalelectric.com,exceptionalelectric.com,,,,Kirkwood,Missouri,US,63122
STL LED Lighting,stlledlighting.com,stlledlighting.com,,,,Kirkwood,Missouri,US,63122
Outdoor Lighting Perspectives of St. Louis,outdoorlights.com,outdoorlights.com,,,,Lake St Louis,Missouri,US,63367
SmartPower Services,smartpowerkc.com,smartpowerkc.com,,,,Lee's Summit,Missouri,US,64081
Safety First Electric,safetyfirstelectricllc.com,safetyfirstelectricllc.com,,,,Liberty,Missouri,US,64068
Antonio & Sons,antonioelectricians.com,antonioelectricians.com,,,,Maryland Heights,Missouri,US,63043
Baldi Electric Company,baldielectric.com,baldielectric.com,,,,Maryland Heights,Missouri,US,63043
Nord Electrical Contracting LLC,nordelectric.com,nordelectric.com,,,,Maryland Heights,Missouri,US,63043
Empowered Electric,empoweredkc.com,empoweredkc.com,,,,North Kansas City,Missouri,US,64116
Lightning Electric LLC,lightningelectricllcmo.com,lightningelectricllcmo.com,,,,North Kansas City,Missouri,US,64116
R.L. Yates Electric Inc.,yateselectric.com,yateselectric.com,,,,North Kansas City,Missouri,US,64116
Veteran Electric,veteranelectrickc.com,veteranelectrickc.com,,,,North Kansas City,Missouri,US,64116
"Herring Electric, LLC",herringelectrickc.com,herringelectrickc.com,,,,Parkville,Missouri,US,64152
"Joe Kilowatt, Inc.",joekilowatt.com,joekilowatt.com,,,,Pleasant Valley,Missouri,US,64068
McClure Electrical Services,mcclureelectricalkc.com,mcclureelectricalkc.com,,,,Riverside,Missouri,US,64150
J. Bathe Electric Company,jbathe.com,jbathe.com,,,,St Charles,Missouri,US,63304
"Loveland Home Solutions, LLC",lovelandhomesolutions.com,lovelandhomesolutions.com,,,,St Charles,Missouri,US,63301
Extreme Electrical Contractors LLC,extremeelectricalstl.com,extremeelectricalstl.com,,,,St Peters,Missouri,US,63376
Lit Electric,stllitelectric.com,stllitelectric.com,,,,St Peters,Missouri,US,63303
Wesling Electric Corporation,weslingelectric.com,weslingelectric.com,,,,St Peters,Missouri,US,63376
AMF Electrical Contractors,amfelectric.com,amfelectric.com,,,,St. Louis,Missouri,US,63110
Anytime Electric,anytimeelectricstl.com,anytimeelectricstl.com,,,,St. Louis,Missouri,US,63129
Braun Energy Solutions,braunenergysolutions.com,braunenergysolutions.com,,,,St. Louis,Missouri,US,63105
Collins Electric LLC,collinselectricllc.com,collinselectricllc.com,,,,St. Louis,Missouri,US,63139
Compass Electrical Solutions,compass-electrical.com,compass-electrical.com,,,,St. Louis,Missouri,US,63114
Electrical Connection,electricalconnection.org,electricalconnection.org,,,,St. Louis,Missouri,US,63110
"Fielder Electrical Services, Inc.",fielderelectricalservices.com,fielderelectricalservices.com,,,,St. Louis,Missouri,US,63110
Frey Plumbing Co,freyplumbing.com,freyplumbing.com,,,,St. Louis,Missouri,US,63122
Guarantee Electrical Co,geco.com,geco.com,,,,St. Louis,Missouri,US,63116
"Lighting Service, Inc.",lightingserviceinc.com,lightingserviceinc.com,,,,St. Louis,Missouri,US,63132
Marshall Electric Inc,marshallelectric.com,marshallelectric.com,,,,St. Louis,Missouri,US,63139
"Northwest Electric Co.,Inc.",nwestl.com,nwestl.com,,,,St. Louis,Missouri,US,63128
Reinhold Electric,reinholdelectric.com,reinholdelectric.com,,,,St. Louis,Missouri,US,63125
Rosco Electric,roscoelectric.com,roscoelectric.com,,,,St. Louis,Missouri,US,63130
Schaeffer Electric Co,schaefferelectric.com,schaefferelectric.com,,,,St. Louis,Missouri,US,63123
Southwestern Electric Company,sweco1948.com,sweco1948.com,,,,St. Louis,Missouri,US,63118
St. Louis Science Center Charging Station,slsc.org,slsc.org,,,,St. Louis,Missouri,US,63110
Streib Company,streibco.com,streibco.com,,,,St. Louis,Missouri,US,63126
Volz Service Company DBA Volz Electric,volzelectric.com,volzelectric.com,,,,St. Louis,Missouri,US,63111
Accurate Electric,accurateelectricstl.com,accurateelectricstl.com,,,,Valley Park,Missouri,US,63088
Amplify Electrical Services,aeselectricco.com,aeselectricco.com,,,,Washington,Missouri,US,63090
"Efficient Power & Light, LLC",efficientpl.com,efficientpl.com,,,,Brandon,Mississippi,US,39047
B & B Electrical and Utility Contractors,bbecon.com,bbecon.com,,,,Canton,Mississippi,US,39046
Lavallee Electrical & Generators,lavalleeservices.com,lavalleeservices.com,,,,Clinton,Mississippi,US,39056
Southern Measurement & Communications,southernmeasurement.generacdealers.com,southernmeasurement.generacdealers.com,,,,Columbia,Mississippi,US,39429
Absolute Power Solutions,absolutepowerms.com,absolutepowerms.com,,,,Columbus,Mississippi,US,39702
"Apex Electric, LLC",apexelectricms.com,apexelectricms.com,,,,Florence,Mississippi,US,39073
Beacon Power,beaconpowers.com,beaconpowers.com,,,,Florence,Mississippi,US,39073
Automated Power,automatedpower.biz,automatedpower.biz,,,,Flowood,Mississippi,US,39232
Lewis Electric Inc,lewiselectricinc.org,lewiselectricinc.org,,,,Flowood,Mississippi,US,39232
Moses Electric,moseselectric.net,moseselectric.net,,,,Flowood,Mississippi,US,39232
Ram Electric Co LLC,ram-electric.com,ram-electric.com,,,,Flowood,Mississippi,US,39232
Shanahan Brothers Electric,shanahanelectricalservices.com,shanahanelectricalservices.com,,,,Flowood,Mississippi,US,39232
Southern Electric Corporation of Mississippi,secofms.com,secofms.com,,,,Flowood,Mississippi,US,39232
"Advanced Electric Service, Inc.",msaes.com,msaes.com,,,,Jackson,Mississippi,US,39206
Chris Haynes Electric Supply Inc,chrishayneselectric.com,chrishayneselectric.com,,,,Jackson,Mississippi,US,39201
"Clarke Power Services, Inc.",clarkepowerservices.com,clarkepowerservices.com,,,,Jackson,Mississippi,US,39218
Electric Doctor Llc,demelectricllc.com,demelectricllc.com,,,,Jackson,Mississippi,US,39201
Electric Works Inc.,electricworksinc.net,electricworksinc.net,,,,Jackson,Mississippi,US,39213
Environment Masters,environmentmasters.com,environmentmasters.com,,,,Jackson,Mississippi,US,39201
Hester's Electrical Service,hesterselectricalservice.com,hesterselectricalservice.com,,,,Jackson,Mississippi,US,39201
"McInnis Systems, Inc.",mcinnis.systems,mcinnis.systems,,,,Jackson,Mississippi,US,39212
NE Jackson Revell Ace Hardware,revellhardware.com,revellhardware.com,,,,Jackson,Mississippi,US,39211
Neely's Auto Electric Services Inc,neelys-services-inc.jany.io,neelys-services-inc.jany.io,,,,Jackson,Mississippi,US,39201
Reliable Rental Equipment,reliablerentalequipment.com,reliablerentalequipment.com,,,,Jackson,Mississippi,US,39212
Shivers Construction,shivers.construction,shivers.construction,,,,Jackson,Mississippi,US,39201
The Home Depot,homedepot.com,homedepot.com,,,,Jackson,Mississippi,US,39213
Bay Motor Winding Inc.,baymotorwinding.com,baymotorwinding.com,,,,Long Beach,Mississippi,US,39560
2S Electric,2s-electrical.com,2s-electrical.com,,,,Madison,Mississippi,US,39110
"AirSouth Cooling, Heating, Plumbing, and Electrical",airsouthnow.com,airsouthnow.com,,,,Mendenhall,Mississippi,US,39114
Bayside Generators,baysidegenerators.com,baysidegenerators.com,,,,Pass Christian,Mississippi,US,39571
The Generator Store,securityelectronics.kohlergeneratordealer.com,securityelectronics.kohlergeneratordealer.com,,,,Pass Christian,Mississippi,US,39571
Amped Up Electrical LLC.,ampedupelectricalms.com,ampedupelectricalms.com,,,,Pearl,Mississippi,US,39208
"Electrical Solutions and Services, LLC",electrical-solutions-and-services.com,electrical-solutions-and-services.com,,,,Pearl,Mississippi,US,39208
Nevels Electric,nevelselectric.us,nevelselectric.us,,,,Pearl,Mississippi,US,39208
"Phoenix Electrical Contractors, Inc.",phoenixelectricalinc.com,phoenixelectricalinc.com,,,,Pearl,Mississippi,US,39208
Total Electric,totalelectricms.com,totalelectricms.com,,,,Pearl,Mississippi,US,39208
WOODS EQUIPMENT INC “THE LAWN MOWER STORE”,woodsequipmentinc.com,woodsequipmentinc.com,,,,Pearl,Mississippi,US,39208
Cooksey Electric,cookseyelectric.generacdealers.com,cookseyelectric.generacdealers.com,,,,Raymond,Mississippi,US,39154
King Comfort Cooling & Heating,kingcomfortair.com,kingcomfortair.com,,,,Richland,Mississippi,US,39218
Dent Air Conditioning,dentairconditioning.com,dentairconditioning.com,,,,Ridgeland,Mississippi,US,39157
"McInvale Heating & Air, Inc. Plumbing & Gas",mcinvalehvac.com,mcinvalehvac.com,,,,Ridgeland,Mississippi,US,39157
On-Site Generator Services,generatorrepairms.com,generatorrepairms.com,,,,Saucier,Mississippi,US,39574
Cook Electrical Contractors,cookelec.com,cookelec.com,,,,Southaven,Mississippi,US,38671
Echols Electrical & Services LLC,echolsservices.com,echolsservices.com,,,,Southaven,Mississippi,US,38651
"Styles Electrical Services, LLC",styleselectricllc.com,styleselectricllc.com,,,,Southaven,Mississippi,US,38671
Mississippi Energy Services,msenergy.us,msenergy.us,,,,Terry,Mississippi,US,39170
Western Sky Electric PLLC,westernskyelectricmt.com,westernskyelectricmt.com,,,,Augusta,Montana,US,59410
Big Sky Power Solutions,bigskypowersolutions.com,bigskypowersolutions.com,,,,Belgrade,Montana,US,59714
Core Electric,coreelectricmt.com,coreelectricmt.com,,,,Belgrade,Montana,US,59714
D.J.'s Electric Big Sky,djselectric.com,djselectric.com,,,,Big Sky,Montana,US,59716
Hangin T Electric,hangintelectric.com,hangintelectric.com,,,,Big Timber,Montana,US,59011
Sweet Grass Electric,sweetgrasselectric.com,sweetgrasselectric.com,,,,Big Timber,Montana,US,59011
Dave's Electric,daveselectric.org,daveselectric.org,,,,Bozeman,Montana,US,59718
"Rocky Mountain Electric, Inc.",rmemt.com,rmemt.com,,,,Bozeman,Montana,US,59718
Service Electric,serviceelectricmt.com,serviceelectricmt.com,,,,Bozeman,Montana,US,59718
Cascade Electric,cascadelectric.com,cascadelectric.com,,,,Great Falls,Montana,US,59401
OG Electric,ogelectric.com,ogelectric.com,,,,Great Falls,Montana,US,59404
Integrity Electrical Contractors Inc.,integrityelectriccontractors.com,integrityelectriccontractors.com,,,,Helena,Montana,US,59601
"American Electric, Inc.",756wire.com,756wire.com,,,,Kalispell,Montana,US,59901
Big Sky Electric,bskyelectric.com,bskyelectric.com,,,,Kalispell,Montana,US,59901
CMB Electric,cmb-electric.com,cmb-electric.com,,,,Kalispell,Montana,US,59901
"Central Heating, Cooling, Plumbing and Electrical",centralmt.com,centralmt.com,,,,Kalispell,Montana,US,59901
"GSS Electric, Inc",gsselectric.com,gsselectric.com,,,,Kalispell,Montana,US,59901
Heaton Electric Inc.,heatonelectric.com,heatonelectric.com,,,,Kalispell,Montana,US,59901
Kalispell Electric Inc,kalispellelectric.com,kalispellelectric.com,,,,Kalispell,Montana,US,59901
Montec Electric,montecelectric.com,montecelectric.com,,,,Kalispell,Montana,US,59901
Star Electric of Montana Inc,starelectricmt.com,starelectricmt.com,,,,Kalispell,Montana,US,59901
Swedberg Electric Inc,swedbergelectricmt.com,swedbergelectricmt.com,,,,Kalispell,Montana,US,59901
Integrity Electric Service LLC,integrityelectricservice.com,integrityelectricservice.com,,,,Lakeside,Montana,US,59922
PEAK Electrical Contracting Inc.,peakelectricinc.com,peakelectricinc.com,,,,Libby,Montana,US,59923
Kenworthy Electric Inc.,kenworthyelectric.com,kenworthyelectric.com,,,,Sheridan,Montana,US,59749
DVK Electric LLC,dvkelectric.com,dvkelectric.com,,,,Three Forks,Montana,US,59752
Master Electric Construction LLC,mec-mt.com,mec-mt.com,,,,White Sulphur Springs,Montana,US,59645
Electric Montana,electricmontana.com,electricmontana.com,,,,Whitefish,Montana,US,59937
Elliott Electric,elliottelectricmt.com,elliottelectricmt.com,,,,Whitefish,Montana,US,59937
Montana Elite LLC,montanaelite.com,montanaelite.com,,,,Whitefish,Montana,US,59937
Big Sky Contracting,bigskymtcontracting.com,bigskymtcontracting.com,,,,Whitehall,Montana,US,59759
Lee Electrical Construction LLC,lee-electrical.com,lee-electrical.com,,,,Aberdeen,North Carolina,US,28315
"Popes Electric Service, Inc",popeselectric.com,popeselectric.com,,,,Aberdeen,North Carolina,US,28315
"Sandhills Heating, Refrigeration & Electrical",sandhillsheating.com,sandhillsheating.com,,,,Aberdeen,North Carolina,US,28315
Sure Light Electrical Services,sure-light.com,sure-light.com,,,,Aberdeen,North Carolina,US,28315
"Local Choice Electric | Electrician in Apex, NC",localchoiceelectrical.com,localchoiceelectrical.com,,,,Apex,North Carolina,US,27539
B.A. Miller Electrical Service,millerelectricnc.com,millerelectricnc.com,,,,Archdale,North Carolina,US,27263
"Jackson Electrical Contractors, Inc.",jacksonelect.com,jacksonelect.com,,,,Arden,North Carolina,US,28704
The Neighborhood Electrician,theneighborhoodelectrician.com,theneighborhoodelectrician.com,,,,Arden,North Carolina,US,28704
Buckingham Electric Inc.,buckinghamwnc.com,buckinghamwnc.com,,,,Asheville,North Carolina,US,28704
Building System Solutions,bss09.com,bss09.com,,,,Asheville,North Carolina,US,28704
Crown Electric Services,crownelectricservices.com,crownelectricservices.com,,,,Asheville,North Carolina,US,28804
Down Home Electric,downhomewnc.com,downhomewnc.com,,,,Asheville,North Carolina,US,28806
Electric Vehicle Charging Station,chargehub.com,chargehub.com,,,,Asheville,North Carolina,US,28803
Electric Vehicle Charging Station,andersonnissan.com,andersonnissan.com,,,,Asheville,North Carolina,US,28806
Emory Electric,emoryelectric.com,emoryelectric.com,,,,Asheville,North Carolina,US,28804
Grigg Electric Co Inc.,griggelectric.com,griggelectric.com,,,,Asheville,North Carolina,US,28801
"Harrington Electric, Inc.",harringtonelectricinc.com,harringtonelectricinc.com,,,,Asheville,North Carolina,US,28803
Kilowatt Electric LLC,kilowattelectric.pro,kilowattelectric.pro,,,,Asheville,North Carolina,US,28704
MB HAYNES Corporation,mbhaynes.com,mbhaynes.com,,,,Asheville,North Carolina,US,28806
Power Plus Electrical Service,powerplusservice.com,powerplusservice.com,,,,Asheville,North Carolina,US,28804
Power to the People,avlp2p.com,avlp2p.com,,,,Asheville,North Carolina,US,28806
PowerCharge EV Chargers,buncombecounty.org,buncombecounty.org,,,,Asheville,North Carolina,US,28801
R A Thomas Electric,rathomaselectric.com,rathomaselectric.com,,,,Asheville,North Carolina,US,28801
"RLC Service Group, Inc",rlcsg.com,rlcsg.com,,,,Asheville,North Carolina,US,28806
Sellers Electrical Contractors,sellerselectricalcontractor.com,sellerselectricalcontractor.com,,,,Asheville,North Carolina,US,28801
Streamline Electric LLC,streamline-elec.com,streamline-elec.com,,,,Asheville,North Carolina,US,28801
Sun Country Highway Charging Station,holidayinnashevilleeast.com,holidayinnashevilleeast.com,,,,Asheville,North Carolina,US,28805
iFix Electric,ifixelectric.com,ifixelectric.com,,,,Asheville,North Carolina,US,28704
Dove Electrical Services,doveelectrical.com,doveelectrical.com,,,,Belmont,North Carolina,US,28012
"Garber Electric, Inc",garberelectricinc.com,garberelectricinc.com,,,,Brevard,North Carolina,US,28712
Light of the World Electric,lightoftheworldelectric.com,lightoftheworldelectric.com,,,,Browns Summit,North Carolina,US,27214
Pisgah Electrical Services,pisgahelectric.com,pisgahelectric.com,,,,Candler,North Carolina,US,28715
Volt Electric USA,voltelectricusa.com,voltelectricusa.com,,,,Candler,North Carolina,US,28715
Cape Fear Generators,capefeargenerator.com,capefeargenerator.com,,,,Carolina Beach,North Carolina,US,28428
ChargeLab Charging Station,chargelab.co,chargelab.co,,,,Carolina Beach,North Carolina,US,28428
Bonneville Electric,bonneville-electric.com,bonneville-electric.com,,,,Carrboro,North Carolina,US,27510
Carolina Power & Generators,carolinapowerandgenerators.com,carolinapowerandgenerators.com,,,,Carthage,North Carolina,US,28327
Bee Bright Electrical,callbeebright.com,callbeebright.com,,,,Cary,North Carolina,US,27511
Electra Solutions LLC,electrasolutionsnc.com,electrasolutionsnc.com,,,,Cary,North Carolina,US,27513
Harris Electrical Contractors,harriselectricalcontractors.com,harriselectricalcontractors.com,,,,Cary,North Carolina,US,27519
One Call Electric,onecallelectric.net,onecallelectric.net,,,,Cary,North Carolina,US,27511
Roy Electric LLC,royelectricllc.com,royelectricllc.com,,,,Cary,North Carolina,US,27511
ASAP Generators Inc,asapgeneratorsnc.com,asapgeneratorsnc.com,,,,Cashiers,North Carolina,US,28717
Integrated ArchiTech,integratedarchitech.com,integratedarchitech.com,,,,Cashiers,North Carolina,US,28717
Generrage Generators,generragegenerators.com,generragegenerators.com,,,,Castle Hayne,North Carolina,US,28429
Hofer Electrical LLC,hoferelectrical.com,hoferelectrical.com,,,,Castle Hayne,North Carolina,US,28429
Pitt Electric ORI LLC,pittelectric.com,pittelectric.com,,,,Castle Hayne,North Carolina,US,28429
Steele Electrical Contractors,steeleelectrical.com,steeleelectrical.com,,,,Castle Hayne,North Carolina,US,28429
"Acosta Heating, Cooling, & Electrical",acostainc.com,acostainc.com,,,,Charlotte,North Carolina,US,28217
Adams Electric Co,adams-electric.com,adams-electric.com,,,,Charlotte,North Carolina,US,28269
"Bradham Comfort Services, Inc.",bradhambrothers.com,bradhambrothers.com,,,,Charlotte,North Carolina,US,28214
Carolina Auto Electric,carolina-autoelectric.com,carolina-autoelectric.com,,,,Charlotte,North Carolina,US,28206
Carolina Electric Pro’s,carolinaelectricpros.com,carolinaelectricpros.com,,,,Charlotte,North Carolina,US,28203
Curtis Power Solutions,curtispowersolutions.com,curtispowersolutions.com,,,,Charlotte,North Carolina,US,28217
"Dilling Heating, Cooling, Plumbing & Electrical",dillingnc.com,dillingnc.com,,,,Charlotte,North Carolina,US,28217
Energized Electric,eencsc.com,eencsc.com,,,,Charlotte,North Carolina,US,28217
"Fountain Electric & Services | Charlotte, NC",fountainelectric.com,fountainelectric.com,,,,Charlotte,North Carolina,US,28208
Gianni Electrical Service,giannielectrical.net,giannielectrical.net,,,,Charlotte,North Carolina,US,28206
Glenn Horne Electrical,ghec.biz,ghec.biz,,,,Charlotte,North Carolina,US,28214
Jim Dickerson Co,jim-dickerson.com,jim-dickerson.com,,,,Charlotte,North Carolina,US,28215
LiveWire Electrical,livewireelectricalcharlotte.com,livewireelectricalcharlotte.com,,,,Charlotte,North Carolina,US,28203
Lux Electrical Services LLC,luxelectricalservicesllc.com,luxelectricalservicesllc.com,,,,Charlotte,North Carolina,US,28269
MACK ELECTRIC LLC,mackelectriccharlotte.com,mackelectriccharlotte.com,,,,Charlotte,North Carolina,US,28205
MT Electrical Services,mtelectricalservices.co,mtelectricalservices.co,,,,Charlotte,North Carolina,US,28215
Mister Sparky,mistersparkycharlotte.com,mistersparkycharlotte.com,,,,Charlotte,North Carolina,US,28202
Morris-Jenkins,morrisjenkins.com,morrisjenkins.com,,,,Charlotte,North Carolina,US,28273
"Nate's Electrical Services, LLC",nateselectricalllc.com,nateselectricalllc.com,,,,Charlotte,North Carolina,US,28278
On Time Electrical,itselectriccharlotte.com,itselectriccharlotte.com,,,,Charlotte,North Carolina,US,28273
Patterson Contracting Services LLC,pattersoncontractingservices.com,pattersoncontractingservices.com,,,,Charlotte,North Carolina,US,28277
Roby Services,robyservicesnow.com,robyservicesnow.com,,,,Charlotte,North Carolina,US,28208
Roman Electric LLC,romanelectricllc.com,romanelectricllc.com,,,,Charlotte,North Carolina,US,28226
Touch Of Power Solutions LLC,touchofpowersolutions.net,touchofpowersolutions.net,,,,Charlotte,North Carolina,US,28216
"Tried & True Electrical Service, Inc.",triedandtruelectric.com,triedandtruelectric.com,,,,Charlotte,North Carolina,US,28208
Watson Electrical Construction Co. LLC,watsonelec.com,watsonelec.com,,,,Charlotte,North Carolina,US,28217
X ELECTRIC,xelectric.org,xelectric.org,,,,Charlotte,North Carolina,US,28226
Mister Sparky - Wise Electric Control Inc.,wiseelectriccontrol.com,wiseelectriccontrol.com,,,,Cherryville,North Carolina,US,28021
"Foothills Electrical Services, LLC",foothillselectricalnc.com,foothillselectricalnc.com,,,,Claremont,North Carolina,US,28610
Swaim Electric Heat & Air Conditioning,swaimelectric.com,swaimelectric.com,,,,Climax,North Carolina,US,27233
"Becker Electric, Inc.",beckerelectric.biz,beckerelectric.biz,,,,Columbus,North Carolina,US,28722
"ElecTek, Inc.",electekinc.com,electekinc.com,,,,Cornelius,North Carolina,US,28031
"NuBlue Electric, Plumbing and Air",callnublue.com,callnublue.com,,,,Cornelius,North Carolina,US,28031
Rotunda Electric,rotundaelectric.com,rotundaelectric.com,,,,Cornelius,North Carolina,US,28031
JCT Electric Inc.,jctgenerator.com,jctgenerator.com,,,,Denver,North Carolina,US,28037
Ken's Electrical Contractor,kenselectrical.com,kenselectrical.com,,,,Denver,North Carolina,US,28037
Lake Norman Electric,lakenormanelectric.com,lakenormanelectric.com,,,,Denver,North Carolina,US,28037
Tri-Area Electric,tri-areaelectric.com,tri-areaelectric.com,,,,Denver,North Carolina,US,28037
West Norman Electric Inc,westnormanelectric.com,westnormanelectric.com,,,,Denver,North Carolina,US,28037
Bryant-Durham Services,bryantdurham.com,bryantdurham.com,,,,Durham,North Carolina,US,27705
Burel Electrical LLC,burelelectrical.com,burelelectrical.com,,,,Durham,North Carolina,US,27703
Chamberlain Electrical Services LLC,myelectricalpro.com,myelectricalpro.com,,,,Durham,North Carolina,US,27712
"D W Evans Electric, Inc.",dwevans.com,dwevans.com,,,,Durham,North Carolina,US,27705
DB King Electrical Contractors,dbkingec.com,dbkingec.com,,,,Durham,North Carolina,US,27705
Darby Electric LLC,darbyelectricllc.com,darbyelectricllc.com,,,,Durham,North Carolina,US,27707
Friends Electric LLC,friendselectricllc.com,friendselectricllc.com,,,,Durham,North Carolina,US,27712
"Green Volt Electric, LLC",greenvoltelectric.com,greenvoltelectric.com,,,,Durham,North Carolina,US,27713
JC Electric Inc.,jcenc.com,jcenc.com,,,,Durham,North Carolina,US,27705
MC Williams Electrical Contractor LLC,mcwilliamselectricllc.com,mcwilliamselectricllc.com,,,,Durham,North Carolina,US,27705
"MLS (Millennium Lighting Solutions, Inc.)",themlscompany.com,themlscompany.com,,,,Durham,North Carolina,US,27713
Maynor Service Company,maynorservices.com,maynorservices.com,,,,Durham,North Carolina,US,27705
Power Tech Electrical Services,powertechnc.com,powertechnc.com,,,,Durham,North Carolina,US,27705
Ryan King Electrical Contracting LLC,ryankingelectric.com,ryankingelectric.com,,,,Durham,North Carolina,US,27704
SKK Electric LLC,skkelectricllc.com,skkelectricllc.com,,,,Durham,North Carolina,US,27704
SP Electrician,s-p-electrician.ueniweb.com,s-p-electrician.ueniweb.com,,,,Durham,North Carolina,US,27701
"Streamline Services Plumbing, HVAC & Electrical",streamlineplumbinginc.com,streamlineplumbinginc.com,,,,Durham,North Carolina,US,27703
"Vaughan Electric, Co. Inc.",vaughanelectricco.com,vaughanelectricco.com,,,,Durham,North Carolina,US,27703
Wolf Den Electric,wolfdenelectric.com,wolfdenelectric.com,,,,Durham,North Carolina,US,27703
A-American Electric Inc.,a-americanelectric.com,a-americanelectric.com,,,,Fletcher,North Carolina,US,28732
Wired Right Electrical LLC,wiredrightelec.com,wiredrightelec.com,,,,Fletcher,North Carolina,US,28732
All Raleigh Electrician,allraleighelectrician.com,allraleighelectrician.com,,,,Four Oaks,North Carolina,US,27524
Bartel's Electric LLC,bartelselectricnc.com,bartelselectricnc.com,,,,Franklin,North Carolina,US,28734
CRAWFORD ELECTRIC LLC,crawfordelectricwnc.com,crawfordelectricwnc.com,,,,Franklin,North Carolina,US,28734
Greenley Electric,greenleyelectric.com,greenleyelectric.com,,,,Franklin,North Carolina,US,28734
Peavys Electric,peavyselectric.wixsite.com,peavyselectric.wixsite.com,,,,Franklin,North Carolina,US,28734
Van's Electric Inc,vanselectricnc.com,vanselectricnc.com,,,,Franklin,North Carolina,US,28734
ARC Electric,arcelectric.com,arcelectric.com,,,,Fuquay-Varina,North Carolina,US,27526
"Auer Electric, LLC",auerelectricllc.com,auerelectricllc.com,,,,Fuquay-Varina,North Carolina,US,27526
Dawson's Electric & Air,dawsonselectric.com,dawsonselectric.com,,,,Fuquay-Varina,North Carolina,US,27526
"PowerMaster Electric, Inc",powermasterelectric.com,powermasterelectric.com,,,,Fuquay-Varina,North Carolina,US,27526
The Plug Electrician LLC,theplugelectrician.com,theplugelectrician.com,,,,Garner,North Carolina,US,27529
Triple Crown Electric LLC,triplecrownelectric.com,triplecrownelectric.com,,,,Garner,North Carolina,US,27529
Kent's Generator Sales and Service,kentsgeneratorservice.com,kentsgeneratorservice.com,,,,Gibsonville,North Carolina,US,27249
Aurora Pro Services Roofing Siding Gutters,auroraproservices.com,auroraproservices.com,,,,Greensboro,North Carolina,US,27407
"Balex Electrical Company, LLC",balexelectrical.com,balexelectrical.com,,,,Greensboro,North Carolina,US,27410
Berico,berico.com,berico.com,,,,Greensboro,North Carolina,US,27405
Blake Electric Company,blakeelectricnc.com,blakeelectricnc.com,,,,Greensboro,North Carolina,US,27406
"Blaze Heating, Cooling, Electrical & Plumbing - Triad",blazeair.com,blazeair.com,,,,Greensboro,North Carolina,US,27409
Canter Power,canterpowersystems.com,canterpowersystems.com,,,,Greensboro,North Carolina,US,27410
Cooper Electrical Construction Co.,coopereic.com,coopereic.com,,,,Greensboro,North Carolina,US,27405
Delta Electrical Staffing,deltaelectricalnc.com,deltaelectricalnc.com,,,,Greensboro,North Carolina,US,27409
Dr. Sparky LLC,drsparkyllc.com,drsparkyllc.com,,,,Greensboro,North Carolina,US,27407
EvGateway Charging Station,evgateway.com,evgateway.com,,,,Greensboro,North Carolina,US,27405
"Go Green Plumbing, Heating, Air & Electrical",gogreenplumb.com,gogreenplumb.com,,,,Greensboro,North Carolina,US,27407
Go-Forth HVAC Plumbing and Electrical,go-forthhvac.com,go-forthhvac.com,,,,Greensboro,North Carolina,US,27410
Home Service Pro,callhsp.com,callhsp.com,,,,Greensboro,North Carolina,US,27407
NCAEC - North Carolina Association of Electrical Contractors,ncaec.org,ncaec.org,,,,Greensboro,North Carolina,US,27407
POPS Electric LLC,popselectricllc.com,popselectricllc.com,,,,Greensboro,North Carolina,US,27407
"Piedmont Services and Repair, LLC Electrical Contractor",piedmont-services.com,piedmont-services.com,,,,Greensboro,North Carolina,US,27407
Precision Electric of Greensboro,precisionelectricgreensboro.com,precisionelectricgreensboro.com,,,,Greensboro,North Carolina,US,27408
R.D. Graham Electric LLC,rdgrahamelectric.com,rdgrahamelectric.com,,,,Greensboro,North Carolina,US,27409
"Starr Electric Company, Inc.",starrelectric.net,starrelectric.net,,,,Greensboro,North Carolina,US,27408
The Steel Electric Company,steelelectricco.com,steelelectricco.com,,,,Greensboro,North Carolina,US,27406
Triad Electric Solutions - Greensboro Electrician,triadelectricsolutions.com,triadelectricsolutions.com,,,,Greensboro,North Carolina,US,27405
Welborn Electric,welbornelectric.com,welbornelectric.com,,,,Greensboro,North Carolina,US,27406
Yagoot Electric,yagoot-electric.com,yagoot-electric.com,,,,Greensboro,North Carolina,US,27410
Royal Electrical Contractors LLC,royalelectricalcontractors.com,royalelectricalcontractors.com,,,,Hampstead,North Carolina,US,28443
Unitas Electrical Services,unitaselectricalservices.com,unitaselectricalservices.com,,,,Hampstead,North Carolina,US,28443
Morgan Master Electrician Company,ashevillecommercialelectrician.com,ashevillecommercialelectrician.com,,,,Hendersonville,North Carolina,US,28791
Stuller Power Solutions,stullerpowersolutions.com,stullerpowersolutions.com,,,,Hendersonville,North Carolina,US,28791
Beco Inc.,becoinc.com,becoinc.com,,,,High Point,North Carolina,US,27263
Dobbins Electric Co,dobbinselectricinc.com,dobbinselectricinc.com,,,,High Point,North Carolina,US,27260
Flash Electric LLC,flashelectricalservices.com,flashelectricalservices.com,,,,High Point,North Carolina,US,27265
Atlantic South Power,aspowerservices.com,aspowerservices.com,,,,Highlands,North Carolina,US,28741
Edwards Electrical Services,edwardselectricalservice.com,edwardselectricalservice.com,,,,Highlands,North Carolina,US,28741
Essential Power Systems,essential-power-systems.com,essential-power-systems.com,,,,Highlands,North Carolina,US,28741
"E & W Electrical, LLC",ncgenerators.com,ncgenerators.com,,,,Hillsborough,North Carolina,US,27278
"Ted's Air, Plumbing, & Electric",tedshvacservice.com,tedshvacservice.com,,,,Hillsborough,North Carolina,US,27278
Watson Electric Co Inc,watsonelectric.com,watsonelectric.com,,,,Huntersville,North Carolina,US,28078
Matthew's Electrical Services LLC,matthewselectricalservicesllc.com,matthewselectricalservicesllc.com,,,,Indian Trail,North Carolina,US,28079
"Parks Heating, Cooling, Plumbing, & Electrical",parkshvac.com,parkshvac.com,,,,Indian Trail,North Carolina,US,28079
TayCo Electric & Solar Inc.,taycoelectric.com,taycoelectric.com,,,,Indian Trail,North Carolina,US,28079
Caudill's,caudills.com,caudills.com,,,,Kernersville,North Carolina,US,27284
Hodges Electrical,hodgeselectrical.net,hodgeselectrical.net,,,,Kernersville,North Carolina,US,27284
"Chris Lee Electric, Inc.",chrisleeelectric.com,chrisleeelectric.com,,,,Knightdale,North Carolina,US,27545
Flag Electric LLC,flagelectricllc.com,flagelectricllc.com,,,,Kure Beach,North Carolina,US,28449
Stamey Electrical Contracting,stameygroup.com,stameygroup.com,,,,Lake Toxaway,North Carolina,US,28747
Willett Electrical Contractors,willettelectricalnc.com,willettelectricalnc.com,,,,Leicester,North Carolina,US,28748
Shield Electric,shieldelectricnc.com,shieldelectricnc.com,,,,Leland,North Carolina,US,28451
Weiss Electric LLC,weisselectricnc.com,weisselectricnc.com,,,,Leland,North Carolina,US,28451
Mountain Creek Electric,mtncreekelectric.com,mtncreekelectric.com,,,,Maiden,North Carolina,US,28650
Blue Ridge Electric LLC,blueridgeelectricnc.com,blueridgeelectricnc.com,,,,Mars Hill,North Carolina,US,28754
Sky Electric,skyelectric-charlotte.com,skyelectric-charlotte.com,,,,Matthews,North Carolina,US,28105
Touchstone Electric - Matthews,touchstoneelectric.com,touchstoneelectric.com,,,,Matthews,North Carolina,US,28105
Mebane Electrical Services,mebaneelectricalservices.com,mebaneelectricalservices.com,,,,Mebane,North Carolina,US,27302
All About Electric,allaboutelectricnc.com,allaboutelectricnc.com,,,,Mills River,North Carolina,US,28759
Forge Mountain Electric LLC,forgemountainelectric.com,forgemountainelectric.com,,,,Mills River,North Carolina,US,28759
GB Electrical Services LLC,getthebestelectric.com,getthebestelectric.com,,,,Mint Hill,North Carolina,US,28227
Phil's Electric and Lamp Repair,philselectriccharlotte.com,philselectriccharlotte.com,,,,Mint Hill,North Carolina,US,28227
"Artisan Electric, LLC",artisanelectricnc.com,artisanelectricnc.com,,,,Mooresville,North Carolina,US,28115
Chuck Douthit Electrical,douthitelectrical.com,douthitelectrical.com,,,,Mooresville,North Carolina,US,28117
"David Alexander Electric, Inc",davidalexanderelectric.com,davidalexanderelectric.com,,,,Mooresville,North Carolina,US,28115
Empire Electrical Contractors,empireelectricalnc.com,empireelectricalnc.com,,,,Mooresville,North Carolina,US,28117
Gaylor Electric,gaylor.com,gaylor.com,,,,Mooresville,North Carolina,US,28117
Powerhouse Electric & Generators,pwrhouseelectric.com,pwrhouseelectric.com,,,,Mooresville,North Carolina,US,28117
Rexton Electric,rextonelectric.com,rextonelectric.com,,,,Mooresville,North Carolina,US,28115
Scott Craig Electric Company,scottcraigelectric.com,scottcraigelectric.com,,,,Mooresville,North Carolina,US,28115
Alternative Power Sales & Rental,alternativepower.com,alternativepower.com,,,,Morrisville,North Carolina,US,27560
Bitting Electric Inc,bittingelectric.com,bittingelectric.com,,,,Morrisville,North Carolina,US,27560
PowerMasters,powermastersnc.com,powermastersnc.com,,,,Mt Pleasant,North Carolina,US,28124
Champion Electric,championelectricnc.com,championelectricnc.com,,,,Newton,North Carolina,US,28658
Oak Ridge Electric,oakridgeelectric.com,oakridgeelectric.com,,,,Oak Ridge,North Carolina,US,27310
Carolina Energy Systems,carolinaenergysystems.com,carolinaenergysystems.com,,,,Penrose,North Carolina,US,28766
McGraw Electric of the Sandhills,mcgrawelectrical.com,mcgrawelectrical.com,,,,Pinebluff,North Carolina,US,28373
"Tin Whistles Electric, LLC",tinwhistleselectric.com,tinwhistleselectric.com,,,,Pinehurst,North Carolina,US,28374
Power Source Electrical Services Inc.,powersourceelectrical.com,powersourceelectrical.com,,,,Pineville,North Carolina,US,28134
A1 Electricians,a1-electricians-2.ueniweb.com,a1-electricians-2.ueniweb.com,,,,Raleigh,North Carolina,US,27601
All Connected Electric LLC,allconnectedelectric.com,allconnectedelectric.com,,,,Raleigh,North Carolina,US,27613
Baires Solutions Electrical,bairessolutionselectrical.com,bairessolutionselectrical.com,,,,Raleigh,North Carolina,US,27616
Bell Tower Electric LLC,belltowerelectric.com,belltowerelectric.com,,,,Raleigh,North Carolina,US,27612
Box Electric Company,box-electric.com,box-electric.com,,,,Raleigh,North Carolina,US,27609
Bright Electricians,bright-electricians-1.ueniweb.com,bright-electricians-1.ueniweb.com,,,,Raleigh,North Carolina,US,27601
Bushcrow Electric,bushcrowelectric.com,bushcrowelectric.com,,,,Raleigh,North Carolina,US,27606
CMC Electrical & Generator Repair,cmcelectrical.com,cmcelectrical.com,,,,Raleigh,North Carolina,US,27615
Charge OnSite EV Charging Station,chargeonsite.com,chargeonsite.com,,,,Raleigh,North Carolina,US,27609
Clear Light Electric,clearlightelectric.com,clearlightelectric.com,,,,Raleigh,North Carolina,US,27615
Dominion Electric of NC LLC,dominionelectricofnc.com,dominionelectricofnc.com,,,,Raleigh,North Carolina,US,27610
Electric All Pro,electricallpro.com,electricallpro.com,,,,Raleigh,North Carolina,US,27616
Electric Circuit Charging Station,lecircuitelectrique.com,lecircuitelectrique.com,,,,Raleigh,North Carolina,US,27601
Electric Vehicle Charging Station,allego.eu,allego.eu,,,,Raleigh,North Carolina,US,27610
Emerald Energy,emeraldenergync.com,emeraldenergync.com,,,,Raleigh,North Carolina,US,27615
Express Electrical Service,ncexpress.pro,ncexpress.pro,,,,Raleigh,North Carolina,US,27616
Generator Supercenter of The Triangle,generatorsupercenterofthetriangle.com,generatorsupercenterofthetriangle.com,,,,Raleigh,North Carolina,US,27617
Infinite Electrical Solutions LLC,infiniteelectricalsolutionsllc.com,infiniteelectricalsolutionsllc.com,,,,Raleigh,North Carolina,US,27612
Jason H Pope Electrical Contractors LLC,jasonhpopeelectrical.com,jasonhpopeelectrical.com,,,,Raleigh,North Carolina,US,27609
Levolt Electric,levoltelectric.com,levoltelectric.com,,,,Raleigh,North Carolina,US,27612
LivElectric Services of North Raleigh,livelectricservices.com,livelectricservices.com,,,,Raleigh,North Carolina,US,27615
M-Power Electric,m-powerelectric.com,m-powerelectric.com,,,,Raleigh,North Carolina,US,27617
"National Power, LLC",natpow.com,natpow.com,,,,Raleigh,North Carolina,US,27616
Onsite Electrical Services,onsiteservicesnc.com,onsiteservicesnc.com,,,,Raleigh,North Carolina,US,27607
Pleasants Electric,pleasantselectric.com,pleasantselectric.com,,,,Raleigh,North Carolina,US,27604
Raleigh Electric Company,raleighelectriccompany.com,raleighelectriccompany.com,,,,Raleigh,North Carolina,US,27606
"Royal Electric Services of Raleigh, NC",rduelectricians.com,rduelectricians.com,,,,Raleigh,North Carolina,US,27616
SergTech Electric LLC,sergtechelectric.com,sergtechelectric.com,,,,Raleigh,North Carolina,US,27610
Surge Electric,surgeelectric.com,surgeelectric.com,,,,Raleigh,North Carolina,US,27614
"Tech-On-Deck Heating, Air & Electric",tech-on-deck.com,tech-on-deck.com,,,,Raleigh,North Carolina,US,27612
Terrace Electric LLC,terraceelectric.com,terraceelectric.com,,,,Raleigh,North Carolina,US,27614
"Thermo Direct, Inc.",thermodirectinc.com,thermodirectinc.com,,,,Raleigh,North Carolina,US,27610
"Tidal Electrical Services, Inc.",tidalelectricalservices.com,tidalelectricalservices.com,,,,Raleigh,North Carolina,US,27612
"Triangle Electric and EV Solutions, Inc",triangleelectricraleigh.com,triangleelectricraleigh.com,,,,Raleigh,North Carolina,US,27603
West Electrical Installers,westelectricalinstallers.com,westelectricalinstallers.com,,,,Raleigh,North Carolina,US,27610
Wiretech Company,wiretechcompany.com,wiretechcompany.com,,,,Raleigh,North Carolina,US,27604
"Wiring Solutions Plus, LLC",wiringsolutionsplus.com,wiringsolutionsplus.com,,,,Raleigh,North Carolina,US,27616
"Tommy Lawrence Electrical Contractors, Inc.",tleci.com,tleci.com,,,,Roxboro,North Carolina,US,27574
"M.R. Stoner Electric, Inc.",mrstonerelectric.com,mrstonerelectric.com,,,,Sanford,North Carolina,US,27330
Allan Dearth Sons Generators Sales & Service Inc.,adsemergencypower.com,adsemergencypower.com,,,,Scaly Mountain,North Carolina,US,28775
Universal Charging Station,universalevcharging.com,universalevcharging.com,,,,Shallotte,North Carolina,US,28470
"After Hours Electrical, LLC",afterhourselectrical.org,afterhourselectrical.org,,,,Southern Pines,North Carolina,US,28387
Cain Electric Solutions LLC,cainelectricsoluti.wixsite.com,cainelectricsoluti.wixsite.com,,,,Southern Pines,North Carolina,US,28387
F&R Electrical Contractors,frelectricalcontractors.com,frelectricalcontractors.com,,,,Southern Pines,North Carolina,US,28387
Tieber Electric LLC,tieberelectric.com,tieberelectric.com,,,,Stanley,North Carolina,US,28164
Gibson's Electrical & Lighting Inc,gibsonselectrical.com,gibsonselectrical.com,,,,Statesville,North Carolina,US,28677
Custom Electric & Plumbing Inc.,electricianorplumber.com,electricianorplumber.com,,,,Summerfield,North Carolina,US,27358
Gentry Service Group,gentryservice.com,gentryservice.com,,,,Swannanoa,North Carolina,US,28778
Catamount Electric Inc.,catamountelectricinc.com,catamountelectricinc.com,,,,Sylva,North Carolina,US,28779
L. Webb Electric,homeadvisor.com,homeadvisor.com,,,,Sylva,North Carolina,US,28779
Power Professionals LLC,mypowerprofessionals.com,mypowerprofessionals.com,,,,Troutman,North Carolina,US,28166
"Tripp Electric, Inc.",trippelectric.com,trippelectric.com,,,,Wake Forest,North Carolina,US,27587
Zar Electric,zarelectric.net,zarelectric.net,,,,Wake Forest,North Carolina,US,27587
Mountain Generator Service Inc.,mountaingenerator.com,mountaingenerator.com,,,,Waynesville,North Carolina,US,28786
Assured Electrical Co,assuredelectricalco.com,assuredelectricalco.com,,,,Weaverville,North Carolina,US,28787
"C. H. Ervin Electric, Inc.",chervinelectric.com,chervinelectric.com,,,,Weaverville,North Carolina,US,28787
Griffin Electrical Contracting,griffinelectricalcontracting.biz,griffinelectricalcontracting.biz,,,,Weaverville,North Carolina,US,28787
Diverse Generator,diversegenerator.com,diversegenerator.com,,,,Wendell,North Carolina,US,27591
Arm Electric,armelectric.com,armelectric.com,,,,West End,North Carolina,US,27376
Green Mountain Electric,gmelectricwnc.com,gmelectricwnc.com,,,,Whittier,North Carolina,US,28789
Harte Electric LLC,harteelectric.com,harteelectric.com,,,,Willow Spring,North Carolina,US,27592
A B Blake Electrical Contractor,abblakeelectrical.com,abblakeelectrical.com,,,,Wilmington,North Carolina,US,28405
Alpha Electric,alphaelectricwilmington.com,alphaelectricwilmington.com,,,,Wilmington,North Carolina,US,28403
Alternator Specialist,alternatorspec.com,alternatorspec.com,,,,Wilmington,North Carolina,US,28401
Ampler Electrical Services LLC,amplerelectrical.com,amplerelectrical.com,,,,Wilmington,North Carolina,US,28405
Barlow Electric,barlowelectric.com,barlowelectric.com,,,,Wilmington,North Carolina,US,28412
Bayside Electric Supply,baysidesupply.com,baysidesupply.com,,,,Wilmington,North Carolina,US,28403
C3 Electrical Contracting,c3electricalcontracting.com,c3electricalcontracting.com,,,,Wilmington,North Carolina,US,28411
Cape Fear Energy Systems,capefearenergy.com,capefearenergy.com,,,,Wilmington,North Carolina,US,28401
Capital Electric,capitalelectricsupply.com,capitalelectricsupply.com,,,,Wilmington,North Carolina,US,28403
"Carolina Electric Company of Wilmington, Inc",carolinaelectricinc.com,carolinaelectricinc.com,,,,Wilmington,North Carolina,US,28405
Coastal Comfort Electric,coastalcomfortelectricllc.com,coastalcomfortelectricllc.com,,,,Wilmington,North Carolina,US,28401
Del Vecchio Electric LLC,delvecchioelectric.com,delvecchioelectric.com,,,,Wilmington,North Carolina,US,28405
"Downtown Electric, LLC",downtownelectricnc.com,downtownelectricnc.com,,,,Wilmington,North Carolina,US,28401
Generator Supercenter,generatorsupercenterofwilmingtonnc.com,generatorsupercenterofwilmingtonnc.com,,,,Wilmington,North Carolina,US,28405
Green Wave Electrical Contractors LLC,greenwavenc.com,greenwavenc.com,,,,Wilmington,North Carolina,US,28409
Greenfield Energy Generators,greenfieldgenerators.com,greenfieldgenerators.com,,,,Wilmington,North Carolina,US,28401
Hanover Electric Motor Services,hanoverelectricmotorsandsupplies.com,hanoverelectricmotorsandsupplies.com,,,,Wilmington,North Carolina,US,28401
Harbour Electric,harbour-electric.com,harbour-electric.com,,,,Wilmington,North Carolina,US,28409
Honest Engine Equipment,honestengineequipment.com,honestengineequipment.com,,,,Wilmington,North Carolina,US,28403
K2 Electric Company,k2electriccompanync.com,k2electriccompanync.com,,,,Wilmington,North Carolina,US,28401
Lancaster Electric Co.,lancasterelectricnc.com,lancasterelectricnc.com,,,,Wilmington,North Carolina,US,28405
Latitude Electric Inc,latitudeelectricnc.com,latitudeelectricnc.com,,,,Wilmington,North Carolina,US,28409
Matrix Electrical Services LLC,matrixwilmington.com,matrixwilmington.com,,,,Wilmington,North Carolina,US,28411
Mayo's Electrical Service LLC.,mayoselectric.com,mayoselectric.com,,,,Wilmington,North Carolina,US,28412
Monkey Junction Electric,monkeyjunctionelectric.com,monkeyjunctionelectric.com,,,,Wilmington,North Carolina,US,28409
Pamlico Electric & Solar,pamlicosolar.com,pamlicosolar.com,,,,Wilmington,North Carolina,US,28401
Proctor Electric,proctorelectrician.com,proctorelectrician.com,,,,Wilmington,North Carolina,US,28412
Redstone Electric LLC,redstoneelectricnc.com,redstoneelectricnc.com,,,,Wilmington,North Carolina,US,28401
SKC Electrical Service Inc.,skc.generacdealers.com,skc.generacdealers.com,,,,Wilmington,North Carolina,US,28401
"Salt Air AC, Heat Pump & Electrical Repair",saltairinc.com,saltairinc.com,,,,Wilmington,North Carolina,US,28405
Shore Electrical Systems,shore-systems.com,shore-systems.com,,,,Wilmington,North Carolina,US,28405
T.I. Kelly Electric,tikellyelectric.com,tikellyelectric.com,,,,Wilmington,North Carolina,US,28401
The Electric Man,theelectricmanofwilmington.org,theelectricmanofwilmington.org,,,,Wilmington,North Carolina,US,28405
WattStar Electric,wattstarelectric.com,wattstarelectric.com,,,,Wilmington,North Carolina,US,28403
Wilmington Generators,wilmingtongeneratorsnc.com,wilmingtongeneratorsnc.com,,,,Wilmington,North Carolina,US,28401
Womack Electric Supply,womackelectric.com,womackelectric.com,,,,Wilmington,North Carolina,US,28405
wilmington nc electrician free quotes,sofatalking.com,sofatalking.com,,,,Wilmington,North Carolina,US,28401
Bretco Electric Company,bretcoelectric.com,bretcoelectric.com,,,,Winston-Salem,North Carolina,US,27103
Delta Electric LLC,deltaelectricne.com,deltaelectricne.com,,,,Ashland,Nebraska,US,68003
Vision Electrical Services,visionelectrical.services,visionelectrical.services,,,,Bennington,Nebraska,US,68007
Gateway Electric,gatewayelectricne.com,gatewayelectricne.com,,,,Elkhorn,Nebraska,US,68022
T & T Electric,tandtelectricnereviews.com,tandtelectricnereviews.com,,,,Fremont,Nebraska,US,68025
Accent Electric,accentelectricne.com,accentelectricne.com,,,,Greenwood,Nebraska,US,68366
A C Electrical,acelectricomaha.com,acelectricomaha.com,,,,Omaha,Nebraska,US,68104
"A-1 United Heating, Air & Electrical",a1united.net,a1united.net,,,,Omaha,Nebraska,US,68117
Advanced Electrical Services,findbestelectriciansomaha.com,findbestelectriciansomaha.com,,,,Omaha,Nebraska,US,68127
Artisan Electric,electricartisan.com,electricartisan.com,,,,Omaha,Nebraska,US,68144
Brase Electrical Contracting Corp,braseelectrical.com,braseelectrical.com,,,,Omaha,Nebraska,US,68137
CK Electric,ckelectricomaha.com,ckelectricomaha.com,,,,Omaha,Nebraska,US,68135
Candor Electric,trustcandor.com,trustcandor.com,,,,Omaha,Nebraska,US,68114
Cornerstone Electric,cornerstoneomahaelectric.com,cornerstoneomahaelectric.com,,,,Omaha,Nebraska,US,68164
David's Electric,davidselectricomaha.com,davidselectricomaha.com,,,,Omaha,Nebraska,US,68111
Dennis Electric,denniselectricomaha.com,denniselectricomaha.com,,,,Omaha,Nebraska,US,68114
"Downs Electric, Inc.",downselectric.net,downselectric.net,,,,Omaha,Nebraska,US,68107
Electric Company of Omaha,ecomaha.com,ecomaha.com,,,,Omaha,Nebraska,US,68130
Electrical Contractors Inc,eciomaha.com,eciomaha.com,,,,Omaha,Nebraska,US,68137
EnviroSpark Charging Station,envirosparkenergy.com,envirosparkenergy.com,,,,Omaha,Nebraska,US,68118
FREDERICK ELECTRIC INC.,frederickelectricinc.us,frederickelectricinc.us,,,,Omaha,Nebraska,US,68111
"Frontier Electrical Professionals, Inc.",frontierelectricpros.com,frontierelectricpros.com,,,,Omaha,Nebraska,US,68116
Full Circuit,fullcircuitomaha.com,fullcircuitomaha.com,,,,Omaha,Nebraska,US,68127
Generators for Sale,homegeneratorsforsale.com,homegeneratorsforsale.com,,,,Omaha,Nebraska,US,68127
Hiller Electric Co,hillerelectric.com,hillerelectric.com,,,,Omaha,Nebraska,US,68117
"Hoffman Electric, Inc.",hoffman-electric.com,hoffman-electric.com,,,,Omaha,Nebraska,US,68117
JS Russell Electric l Omaha Electrician,jsrussellelectric.com,jsrussellelectric.com,,,,Omaha,Nebraska,US,68110
Leaf Electric,leafelectricomaha.com,leafelectricomaha.com,,,,Omaha,Nebraska,US,68135
Miller Electric Co,millerelect.com,millerelect.com,,,,Omaha,Nebraska,US,68105
Muth Electric Inc.,muthelectric.com,muthelectric.com,,,,Omaha,Nebraska,US,68127
NextEra Electric- Omaha NE,nexteraelectrical.com,nexteraelectrical.com,,,,Omaha,Nebraska,US,68116
Nienaber Electrical,nienaberelectrical.com,nienaberelectrical.com,,,,Omaha,Nebraska,US,68138
Oak Hills Electric,oakhillselectric.com,oakhillselectric.com,,,,Omaha,Nebraska,US,68144
Official Electric LLC,officialelectricomaha.com,officialelectricomaha.com,,,,Omaha,Nebraska,US,68111
"Omaha Electric Service, Inc",omahaelectric.com,omahaelectric.com,,,,Omaha,Nebraska,US,68127
Solid Ground Electric,sgeomaha.com,sgeomaha.com,,,,Omaha,Nebraska,US,68134
Strategic Electric,stratelec.com,stratelec.com,,,,Omaha,Nebraska,US,68134
Triple Check Electric,calltriplecheck.com,calltriplecheck.com,,,,Omaha,Nebraska,US,68144
TruVolt Electrical Contracting,truvoltomaha.com,truvoltomaha.com,,,,Omaha,Nebraska,US,68127
Universal Electric,universalelectricmidwest.com,universalelectricmidwest.com,,,,Omaha,Nebraska,US,68127
Urban Electric and Lighting,urbanelectricandlightingllc.com,urbanelectricandlightingllc.com,,,,Omaha,Nebraska,US,68104
Voltage Solutions,voltagesolutionsomaha.com,voltagesolutionsomaha.com,,,,Omaha,Nebraska,US,68144
Wolfe Electric Co Inc,wolfeelectric.com,wolfeelectric.com,,,,Omaha,Nebraska,US,68138
Bright Idea Electrical,brightideaelectricalomaha.com,brightideaelectricalomaha.com,,,,Papillion,Nebraska,US,68046
Nebraska Electric,nebraskaelectricmasters.com,nebraskaelectricmasters.com,,,,Valley,Nebraska,US,68064
"Mains Electric, LLC",mainselectric.com,mainselectric.com,,,,Alton,New Hampshire,US,03809
JN Electric LLC,jnelectricllc.generacdealers.com,jnelectricllc.generacdealers.com,,,,Auburn,New Hampshire,US,03032
Power Up Generators,powerupgeneratorservice.com,powerupgeneratorservice.com,,,,Auburn,New Hampshire,US,03032
DZ ELECTRIC,dzelectricnh.com,dzelectricnh.com,,,,Barrington,New Hampshire,US,03825
Generator Connection,generatorconnection.com,generatorconnection.com,,,,Barrington,New Hampshire,US,03825
Saccoccia Electric,saccocciaelectric.com,saccocciaelectric.com,,,,Barrington,New Hampshire,US,03825
NH Generator Installers,nhgeneratorinstallers.com,nhgeneratorinstallers.com,,,,Bow,New Hampshire,US,03304
Philbrick's Generators,philbricksgenerators.com,philbricksgenerators.com,,,,Brentwood,New Hampshire,US,03833
Get Wired Electric LLC,getwirednh.com,getwirednh.com,,,,Deerfield,New Hampshire,US,03037
J&D Power Equipment Inc.,jdpowerequipmentinc.com,jdpowerequipmentinc.com,,,,Deerfield,New Hampshire,US,03037
Circle K | Electric Vehicle Charging Station,circlek.com,circlek.com,,,,Dover,New Hampshire,US,03820
High Ground Service Pros - Plumbers Electricians & HVAC Technicians,highground.com,highground.com,,,,Dover,New Hampshire,US,03820
Leavitt Electric,leavittelectrical.com,leavittelectrical.com,,,,Dover,New Hampshire,US,03820
Seapoint Electrical Services,seapointelectrical.net,seapointelectrical.net,,,,Dover,New Hampshire,US,03820
The Handy Electrician,konopko89.wixsite.com,konopko89.wixsite.com,,,,Durham,New Hampshire,US,03824
Direct Electric,directelectricnh.com,directelectricnh.com,,,,Epsom,New Hampshire,US,03234
Northeast Electrical Contractors,wiredbynec.com,wiredbynec.com,,,,Greenland,New Hampshire,US,03840
Atkinson Electric LLC,atkinsonelectricllc.com,atkinsonelectricllc.com,,,,Hampstead,New Hampshire,US,03841
"Omni Electrical, Inc",omni-electricians-mini-splits-nh-mass.com,omni-electricians-mini-splits-nh-mass.com,,,,Hampstead,New Hampshire,US,03841
Gosselin Electric,gosselinelectricllc.com,gosselinelectricllc.com,,,,Hampton,New Hampshire,US,03842
Parsons Electric Co Inc,parsonselectricnh.com,parsonselectricnh.com,,,,Hampton,New Hampshire,US,03842
"Yestramski Electrical Services, Inc.",yestramski.com,yestramski.com,,,,Hopkinton,New Hampshire,US,03229
Chamberlin Electric,chamberlinelectric.com,chamberlinelectric.com,,,,Hudson,New Hampshire,US,03051
"Gallagher Electric, Inc.",gallagherco.com,gallagherco.com,,,,Merrimack,New Hampshire,US,03054
J & S technical Electric LLC,jstechelectric.jobbersites.com,jstechelectric.jobbersites.com,,,,Milton,New Hampshire,US,03851
Generator Power Solutions,generatorpowersolutionsne.com,generatorpowersolutionsne.com,,,,Nashua,New Hampshire,US,03062
Electrical Wholesalers,ew-ne.com,ew-ne.com,,,,Newington,New Hampshire,US,03801
NorthEast Electrical,needco.com,needco.com,,,,Newington,New Hampshire,US,03801
Modern Wiring Experts,modernwiringexperts.com,modernwiringexperts.com,,,,Newmarket,New Hampshire,US,03857
Heritage Home Service,justcallheritage.com,justcallheritage.com,,,,North Hampton,New Hampshire,US,03862
MCP HVAC,mcphvac.com,mcphvac.com,,,,North Hampton,New Hampshire,US,03862
Electric Vehicle Charging Station,portcitynissan.com,portcitynissan.com,,,,Portsmouth,New Hampshire,US,03801
Gary Taylor Electric,garytaylorelectric.com,garytaylorelectric.com,,,,Portsmouth,New Hampshire,US,03801
IONNA Charging Station,ionna.com,ionna.com,,,,Portsmouth,New Hampshire,US,03801
Independent Electric Supply,iesbuy.com,iesbuy.com,,,,Portsmouth,New Hampshire,US,03801
Libby Contracting & Electric LLC,libbycontracting.com,libbycontracting.com,,,,Portsmouth,New Hampshire,US,03801
Martel Power & Light,martelpower.com,martelpower.com,,,,Portsmouth,New Hampshire,US,03801
McFarland Electrical LLC,mcfarlandelectricalllc.com,mcfarlandelectricalllc.com,,,,Portsmouth,New Hampshire,US,03801
Power Pro Electric Inc,powerproelectric.com,powerproelectric.com,,,,Portsmouth,New Hampshire,US,03801
"Tri-Rent-All of Portsmouth, Inc",trirentall.net,trirentall.net,,,,Portsmouth,New Hampshire,US,03801
"Alpine Electrical Services, Inc",alpineelectrical.com,alpineelectrical.com,,,,Salem,New Hampshire,US,03079
Seacoast Generator,seacoastgenerator.com,seacoastgenerator.com,,,,Seabrook,New Hampshire,US,03874
Loyal Lab Electric & Generators,loyallabelectric.com,loyallabelectric.com,,,,Somersworth,New Hampshire,US,03878
Generator Supercenter of New Hampshire,generatorsupercenterofnewhampshire.com,generatorsupercenterofnewhampshire.com,,,,Stratham,New Hampshire,US,03885
Powers Guaranteed Services,powersguaranteed.com,powersguaranteed.com,,,,Swanzey,New Hampshire,US,03446
Lite Design LLC,litedesign123.com,litedesign123.com,,,,Allendale,New Jersey,US,07401
"All Electric Services, LLC",allelectricservicesllc.com,allelectricservicesllc.com,,,,Allentown,New Jersey,US,08501
P3 Generator Services,p3generatorservices.com,p3generatorservices.com,,,,Alpha,New Jersey,US,08865
CAA Electric,caaelectric.com,caaelectric.com,,,,Belleville,New Jersey,US,07109
East-West Electric & Generator,ewec.co,ewec.co,,,,Bergenfield,New Jersey,US,07621
Grounded Electric Company | Licensed Electricians & Contractors,grounded-electric.com,grounded-electric.com,,,,Bergenfield,New Jersey,US,07621
Northern Valley Electric llc,northernvalleyelectric.com,northernvalleyelectric.com,,,,Bergenfield,New Jersey,US,07621
R L Electrical Contractors Inc,rlelectric.com,rlelectric.com,,,,Bernards,New Jersey,US,07920
ALB Electric LLC,albelectricnj.com,albelectricnj.com,,,,Bloomfield,New Jersey,US,07003
Huey Electric llc,hueyelectric.com,hueyelectric.com,,,,Bloomfield,New Jersey,US,07003
KB Electric Inc,kbelectricnj.com,kbelectricnj.com,,,,Bloomfield,New Jersey,US,07003
Kevco Electric Inc,voltage-electrical.com,voltage-electrical.com,,,,Bloomfield,New Jersey,US,07003
DeSanto Electric LLC,desantoelectric.com,desantoelectric.com,,,,Brick Township,New Jersey,US,08724
"Raw Power Generator Services, LLC",rawpwr.com,rawpwr.com,,,,Brick Township,New Jersey,US,08724
Watts Good Electric,wattsgoodelectric.com,wattsgoodelectric.com,,,,Brick Township,New Jersey,US,08724
Jay's Electric LLC,jays-electric.com,jays-electric.com,,,,Burlington,New Jersey,US,08016
Matney Electrical Contracting LLC,matneyelectric.com,matneyelectric.com,,,,Burlington,New Jersey,US,08016
Chambon Electric Inc,celectonline.com,celectonline.com,,,,Chatham,New Jersey,US,07928
"Jason Klein Electrical Contractor, LLC",jkleinelectric.com,jkleinelectric.com,,,,Chatham Township,New Jersey,US,07928
"Jenlor Electric, Inc.",jenlorelectricinc.com,jenlorelectricinc.com,,,,Chester,New Jersey,US,07930
Valley Generators,valleygenerators.net,valleygenerators.net,,,,Chester,New Jersey,US,07930
CDM Electrical Contractors LLC,cdmelectricalsolutions.com,cdmelectricalsolutions.com,,,,City of Orange,New Jersey,US,07050
SOURCE ELECTRIC LLC,sourceelectric.net,sourceelectric.net,,,,City of Orange,New Jersey,US,07050
I & T Electrical Lighting LLC/Heating and Cooling,itlightings.com,itlightings.com,,,,Clifton,New Jersey,US,07011
A-Z ELECTRIC INC,a-zelectricinc.com,a-zelectricinc.com,,,,Cranford,New Jersey,US,07016
First Class Electric,firstclasselectricnj.com,firstclasselectricnj.com,,,,Cranford,New Jersey,US,07016
Esposito's Electric,espositoelectric.com,espositoelectric.com,,,,Denville,New Jersey,US,07834
Gladiator Electric LLC,gladiatorelectric.com,gladiatorelectric.com,,,,Dumont,New Jersey,US,07628
Crotty Electric,crotty-electric.com,crotty-electric.com,,,,East Hanover,New Jersey,US,07936
Fralley Electric,fralleyelectric.com,fralleyelectric.com,,,,East Hanover,New Jersey,US,07936
Prestige Electrical Contractors LLC,prestigeelectricnj.com,prestigeelectricnj.com,,,,East Hanover,New Jersey,US,07936
Walcheski Electric,city-electricians.com,city-electricians.com,,,,Elizabeth,New Jersey,US,07208
Academy Electrical Contractors Inc,academyelectrical.com,academyelectrical.com,,,,Emerson,New Jersey,US,07630
Bauer Gen Systems,bauergensystems.com,bauergensystems.com,,,,Ewing Township,New Jersey,US,08638
"Nextgen Electric, LLC",nextgenelectricnj.com,nextgenelectricnj.com,,,,Fairfield,New Jersey,US,07004
Hi Tech Electric Unlimited,hitechelectricunlimited.com,hitechelectricunlimited.com,,,,Fort Lee,New Jersey,US,07024
NJC Electric LLC,njcelectric.com,njcelectric.com,,,,Hackettstown,New Jersey,US,07840
Borges Electric,borgeselectric.com,borgeselectric.com,,,,Hamilton Township,New Jersey,US,08619
Bryan Electric,bryanelectricco.com,bryanelectricco.com,,,,Hamilton Township,New Jersey,US,08609
James Morocco Electrical Contractor,jamesmoroccoelectric.com,jamesmoroccoelectric.com,,,,Hamilton Township,New Jersey,US,08620
Jolly Roger Electrical Services LLC,jollyrogerelectrical.com,jollyrogerelectrical.com,,,,Hamilton Township,New Jersey,US,08620
Michael J Ross Electric,michaeljrosselectric.com,michaeljrosselectric.com,,,,Hamilton Township,New Jersey,US,08690
SG Heating & Air Conditioning LLC,sghac.com,sghac.com,,,,Hamilton Township,New Jersey,US,08610
ARS Electric and Design LLC,arselectricdesign.com,arselectricdesign.com,,,,Hanover,New Jersey,US,07981
All State Generator LLC,allstategenerator.com,allstategenerator.com,,,,Hanover,New Jersey,US,07981
Century Electric Inc,centuryelectricnj.com,centuryelectricnj.com,,,,Hanover,New Jersey,US,07927
LJS Electric,ljselectric.com,ljselectric.com,,,,Hanover,New Jersey,US,07981
"Zo Electric, LLC",zoelectric.com,zoelectric.com,,,,Hanover,New Jersey,US,07927
Astra Electric,astraelectric.com,astraelectric.com,,,,Harrington Park,New Jersey,US,07640
L&N Electric Services,lnelectric.online,lnelectric.online,,,,Hazlet,New Jersey,US,07730
Spartan Home Pros,njspartan.com,njspartan.com,,,,Hazlet,New Jersey,US,07730
"Spera Electrical Contracting, LLC",speraelectric.com,speraelectric.com,,,,Hillsborough Township,New Jersey,US,08844
Williamson Electrical Service Inc,williamsonelectricalservice.com,williamsonelectricalservice.com,,,,Hopewell,New Jersey,US,08525
T P Electrical Services,bright-light-electrical.com,bright-light-electrical.com,,,,Irvington,New Jersey,US,07111
Integrated Electrical Solutions,integratedelectricalsolutionsnj.com,integratedelectricalsolutionsnj.com,,,,Jackson Township,New Jersey,US,08527
Totally Wired Electrical Contractors,jacksonelectricalcontractors.com,jacksonelectricalcontractors.com,,,,Jackson Township,New Jersey,US,08527
Norris Electrical Contractors,norriselectricnj.com,norriselectricnj.com,,,,Jefferson,New Jersey,US,07849
"North Star Electrical Contractors, LLC",northstarelectricalcontractors.com,northstarelectricalcontractors.com,,,,Jefferson,New Jersey,US,07438
"Chodaba Electric LLC in Jersey City , NJ",chodabaelectricllc.com,chodabaelectricllc.com,,,,Jersey City,New Jersey,US,07306
Malfettone Electric,malfettoneelectric.com,malfettoneelectric.com,,,,Jersey City,New Jersey,US,07302
Phoenex Electric LLC,phoenexelectric.com,phoenexelectric.com,,,,Jersey City,New Jersey,US,07306
EV Edison Charging Station,ev-edison.com,ev-edison.com,,,,Kearny,New Jersey,US,07032
For-Tech Electric LLC,fortechelectric.com,fortechelectric.com,,,,Lakewood,New Jersey,US,08701
Energy5 Charging Station,energy5.com,energy5.com,,,,Lawrence Township,New Jersey,US,08648
Wevo Charging Station,wevo.energy,wevo.energy,,,,Lawrence Township,New Jersey,US,08648
Copper Electric,copperelectricnj.com,copperelectricnj.com,,,,Livingston,New Jersey,US,07039
MBH Electrical Contractors | New Jersey Commercial Electrical Contractors,mbhelectricnj.com,mbhelectricnj.com,,,,Livingston,New Jersey,US,07039
Paris Electric NJ,pariselectricnj.com,pariselectricnj.com,,,,Livingston,New Jersey,US,07039
Montillo Electric LLC,montilloelectricllc.com,montilloelectricllc.com,,,,Lyndhurst,New Jersey,US,07071
Scott's Electrical Service,ses-power.com,ses-power.com,,,,Manchester Township,New Jersey,US,08759
The Generator Guys,generatorguysnj.com,generatorguysnj.com,,,,Manchester Township,New Jersey,US,08759
Amlee Electric LLC,amleeelectric.com,amleeelectric.com,,,,Mansfield,New Jersey,US,08022
Del Val Electric,delvalelectric.com,delvalelectric.com,,,,Mansfield,New Jersey,US,08022
Preferred Electrical Services,pesnj.com,pesnj.com,,,,Maplewood,New Jersey,US,07040
Corbin Electrical Services,corbinelectric.com,corbinelectric.com,,,,Marlboro Township,New Jersey,US,07746
"East Coast Contractors Group, LLC",eccgsesnj.com,eccgsesnj.com,,,,Marlboro Township,New Jersey,US,07765
Apex Electrical Contracting LLC.,apexelectricalllc.com,apexelectricalllc.com,,,,Matawan,New Jersey,US,07747
SLB Electrical Contracting Inc.,slbelectrical.com,slbelectrical.com,,,,Middletown Township,New Jersey,US,07718
Benson Ver Hage Electric,bvhgenerators.co,bvhgenerators.co,,,,Midland Park,New Jersey,US,07432
"High Mountain Electric, LLC",highmountainelectricnj.com,highmountainelectricnj.com,,,,Midland Park,New Jersey,US,07432
Wise Owl Electricians in Millburn,thediamondelectrical.com,thediamondelectrical.com,,,,Millburn,New Jersey,US,07041
Advanced Generator and RV,advancedgeneratorandrv.com,advancedgeneratorandrv.com,,,,Monroe Township,New Jersey,US,08831
"Danley 911 Home Services Heating, Cooling, Plumbing & Electrical",danley911.com,danley911.com,,,,Monroe Township,New Jersey,US,08831
JC Eisenmann Electrical Contractor,jceisenmann.com,jceisenmann.com,,,,Montgomery,New Jersey,US,08558
Hyland Electric,electrical-empire.com,electrical-empire.com,,,,Morris Plains,New Jersey,US,07950
Leinster Electric Inc.,leinsterelectric.com,leinsterelectric.com,,,,Morris Plains,New Jersey,US,07950
Cooper Electric,cooper-electric.com,cooper-electric.com,,,,Morristown,New Jersey,US,07960
FutureEV Charging Station,futureevcharging.com,futureevcharging.com,,,,Morristown,New Jersey,US,07960
Leighton Electric LLC,leightonelectric.com,leightonelectric.com,,,,Morristown,New Jersey,US,07960
Royal Tech Electric,royaltechelectric.com,royaltechelectric.com,,,,Morristown,New Jersey,US,07960
Spinella Contracting,spinellacontracting.com,spinellacontracting.com,,,,Morristown,New Jersey,US,07960
Worlds Light Home Services LLC,worldslighthomeservices.com,worldslighthomeservices.com,,,,Morristown,New Jersey,US,07960
Toth Electric,tothelectricllc.com,tothelectricllc.com,,,,Mountainside,New Jersey,US,07092
Raynor Services,raynorservices.com,raynorservices.com,,,,Mt Holly,New Jersey,US,08060
Residential Generator Service LLC,rgs-llc.com,rgs-llc.com,,,,Mt Laurel Township,New Jersey,US,08054
Innovative Electrical Contracting Inc.,innovativeelectricinc.net,innovativeelectricinc.net,,,,Mt Olive,New Jersey,US,07836
AJM and Sons Electric,electricianbergencountyajm.com,electricianbergencountyajm.com,,,,New Milford,New Jersey,US,07646
A & S Electric Supply,aselectricco.com,aselectricco.com,,,,Newark,New Jersey,US,07105
Biet & Son Truck Electric LLC,bietandsontruckelectric.com,bietandsontruckelectric.com,,,,Newark,New Jersey,US,07114
"Concept Electric, LLC",conceptelectricnj.com,conceptelectricnj.com,,,,Newark,New Jersey,US,07114
D & M Master Electric L.L.C.,dmmasterelectric.com,dmmasterelectric.com,,,,Newark,New Jersey,US,07114
"Daidone Electric, Inc.",daidoneelectric.com,daidoneelectric.com,,,,Newark,New Jersey,US,07105
ELECTROBRAS Electrical Contractors,electrobrasnj.com,electrobrasnj.com,,,,Newark,New Jersey,US,07105
FAFO Electrical,fafoelectrical.com,fafoelectrical.com,,,,Newark,New Jersey,US,07106
Kith Electric,kithelectric.com,kithelectric.com,,,,Newark,New Jersey,US,07104
Lyric Electric LLC,lyricelectric.com,lyricelectric.com,,,,Newark,New Jersey,US,07102
MDC Electrical Contractor LLC,mdcelectricalcontractors.com,mdcelectricalcontractors.com,,,,Newark,New Jersey,US,07105
MTN Electrical & Industrial Services Contractors,mtnelectrical.com,mtnelectrical.com,,,,Newark,New Jersey,US,07107
N. Carty and Sons Corp.,ncartyandsons.com,ncartyandsons.com,,,,Newark,New Jersey,US,07107
"Newark Ironbound Electrical Supply Co., Inc.",newarkironboundelectrical.com,newarkironboundelectrical.com,,,,Newark,New Jersey,US,07114
ZAPP supercharger,zappfast.com,zappfast.com,,,,Newark,New Jersey,US,07114
Generate Electric LLC,generateelectricllc.com,generateelectricllc.com,,,,Newton,New Jersey,US,07860
Ampacity Electric | NJ Electrician & EV Charger Installation,ampacityelectric.com,ampacityelectric.com,,,,North Arlington,New Jersey,US,07031
BOLD Electric & Generator,boldelectric.net,boldelectric.net,,,,North Plainfield,New Jersey,US,07060
Mid Nite Electric,midniteelectric.com,midniteelectric.com,,,,Northvale,New Jersey,US,07647
Petrocelli & Sons Electric,petrocelliandsons.com,petrocelliandsons.com,,,,Norwood,New Jersey,US,07648
ADK Maintenance & Electrical Contracting LLC,adkmaintenanceandelectrical.kohlergeneratordealer.com,adkmaintenanceandelectrical.kohlergeneratordealer.com,,,,Old Bridge,New Jersey,US,08859
Wysocki Electric,wysockielectric.com,wysockielectric.com,,,,Oldmans Township,New Jersey,US,08067
Pascale Electric,pascaleelectric.com,pascaleelectric.com,,,,Park Ridge,New Jersey,US,07656
M. Bianchi & Son Electrical Contractor,mbianchillc.com,mbianchillc.com,,,,Parsippany-Troy Hills,New Jersey,US,07054
DK Electrical Solutions,dkelectricalsolutions.com,dkelectricalsolutions.com,,,,Pemberton,New Jersey,US,08068
Prime Electrical Services,primebsf.com,primebsf.com,,,,Pennsauken,New Jersey,US,08109
Tri Starr Electric LLC,tristarrelectricnj.com,tristarrelectricnj.com,,,,Plainfield,New Jersey,US,07062
My Solar Home,mysolarhome.us,mysolarhome.us,,,,Plainsboro Township,New Jersey,US,08536
Brighton Electric,brighton-electric.com,brighton-electric.com,,,,Princeton,New Jersey,US,08540
Joseph J Nemes & Sons Inc,jnemes.com,jnemes.com,,,,Princeton,New Jersey,US,08540
Princeton Electrical Makeover,electricalmakeover.com,electricalmakeover.com,,,,Princeton,New Jersey,US,08540
"Redding's Plumbing, Heating & Air Conditioning",reddings.com,reddings.com,,,,Princeton,New Jersey,US,08540
Guardian Electric LLC,guardianelectricnj.com,guardianelectricnj.com,,,,Randolph,New Jersey,US,07869
"Super Power Electric, Heat & Air",superpowerelectricnj.com,superpowerelectricnj.com,,,,Red Bank,New Jersey,US,07701
Kubiak Electric Co Inc,kubiakelectric.com,kubiakelectric.com,,,,Robbinsville Twp,New Jersey,US,08691
Protocol Services - Electric & Air,protocolelectricandair.com,protocolelectricandair.com,,,,Rockaway,New Jersey,US,07866
Reliable Energy of NJ,reliableenergynj.com,reliableenergynj.com,,,,Roseland,New Jersey,US,07762
American Electrical Construction,americanelectricalconstructionllc.com,americanelectricalconstructionllc.com,,,,Roxbury Township,New Jersey,US,07876
Surge Electrical Contractors Corp,surgeelectricalcontractors.net,surgeelectricalcontractors.net,,,,Roxbury Township,New Jersey,US,07876
ACI Electrical Contractor,us-electrical.com,us-electrical.com,,,,Saddle Brook,New Jersey,US,07663
Spinella Electric,spinellaelectricinc.com,spinellaelectricinc.com,,,,Saddle Brook,New Jersey,US,07663
Northeast Generators,northeastgeneratorsllc.com,northeastgeneratorsllc.com,,,,Scotch Plains,New Jersey,US,07076
Accu-Mark Electric Inc,accumarkelectric.com,accumarkelectric.com,,,,South Brunswick Township,New Jersey,US,08824
Atlas Electric,atlaselectric.co,atlaselectric.co,,,,Springfield,New Jersey,US,07081
Jen Electric Inc,jenelectricinc.com,jenelectricinc.com,,,,Springfield,New Jersey,US,07081
Forte Electric,5-star-electric.com,5-star-electric.com,,,,Summit,New Jersey,US,07901
"Richard V. Carney Electrical Contractors, Inc.",carneyelectric.com,carneyelectric.com,,,,Summit,New Jersey,US,07901
Summit Electrical Supply Co,summitelectricalsupply.com,summitelectricalsupply.com,,,,Summit,New Jersey,US,07901
"Santaite Electric, Inc.",santaiteelectric.com,santaiteelectric.com,,,,Tenafly,New Jersey,US,07670
Gilliam Generator Service LLC,gilliamgenerator.com,gilliamgenerator.com,,,,Tinton Falls,New Jersey,US,07753
Candelori Electric LLC,candelorielectric.com,candelorielectric.com,,,,Trenton,New Jersey,US,08691
Glenn A Dobron Electrical Contractor,usmapid.org,usmapid.org,,,,Trenton,New Jersey,US,08619
"JET Electrical Testing, LLC",jetelectricaltesting.com,jetelectricaltesting.com,,,,Trenton,New Jersey,US,08619
SCM Electrical Contractors,apollo-electric-co.com,apollo-electric-co.com,,,,Trenton,New Jersey,US,08620
All City Electrical Construction & Design,allcityelectricsecurity.com,allcityelectricsecurity.com,,,,Union,New Jersey,US,07083
R Benimadho & Sons Electrical,rbandsonelectrical.com,rbandsonelectrical.com,,,,Union,New Jersey,US,07083
The Electric Doctor LLC,theelectricdoctor.net,theelectricdoctor.net,,,,Union,New Jersey,US,07083
TWO Electrical Contracting,twoelectricalcontracting.com,twoelectricalcontracting.com,,,,Wall Township,New Jersey,US,07719
Luminous Electric LLC,luminouselectricnj.com,luminouselectricnj.com,,,,Wayne,New Jersey,US,07470
Generator Man,generatormannj.com,generatormannj.com,,,,West Milford,New Jersey,US,07438
"K2 Electric, LLC NJ Electrician",k2electricnj.com,k2electricnj.com,,,,West Milford,New Jersey,US,07480
E & M O'Hara Electric Inc,oharaelectric.com,oharaelectric.com,,,,West Orange,New Jersey,US,07052
MDL Electric Cooling & Heating,mdlelectricllc.com,mdlelectricllc.com,,,,West Orange,New Jersey,US,07052
Princeton Air Conditioning,princetonair.com,princetonair.com,,,,West Windsor Township,New Jersey,US,08550
"Paxos Electric Company, LLC",paxoselectric.com,paxoselectric.com,,,,Wharton,New Jersey,US,07885
Chesterfield Electric & HVAC,chesterfieldelectricandhvac.com,chesterfieldelectricandhvac.com,,,,Wrightstown,New Jersey,US,08562
A-1 Electric,a1electricnm.com,a1electricnm.com,,,,Albuquerque,New Mexico,US,87111
Abq Electrical Works LLC,abqelectrician.com,abqelectrician.com,,,,Albuquerque,New Mexico,US,87110
Alderete Electric Services Corporation,aesc-abq.com,aesc-abq.com,,,,Albuquerque,New Mexico,US,87107
Benco Electric LLC,benco-electric.com,benco-electric.com,,,,Albuquerque,New Mexico,US,87114
Bixby Electric Inc,bixbyelectric.com,bixbyelectric.com,,,,Albuquerque,New Mexico,US,87102
Bulldog Energy Solutions,bulldogenergy.org,bulldogenergy.org,,,,Albuquerque,New Mexico,US,87109
Conway Electric,conwayelectric.com,conwayelectric.com,,,,Albuquerque,New Mexico,US,87107
Corrales Electric Inc,corraleselectric.com,corraleselectric.com,,,,Albuquerque,New Mexico,US,87107
Current Security and Electric,currentsecurityandelectric.com,currentsecurityandelectric.com,,,,Albuquerque,New Mexico,US,87114
Eco Electric,ecoelectricgroup.com,ecoelectricgroup.com,,,,Albuquerque,New Mexico,US,87107
Energized Electric LLC,energizedelectric505.com,energizedelectric505.com,,,,Albuquerque,New Mexico,US,87110
First Class Electric,firstclasselectricnm.com,firstclasselectricnm.com,,,,Albuquerque,New Mexico,US,87107
Great Dane Electric,greatdaneelectric.com,greatdaneelectric.com,,,,Albuquerque,New Mexico,US,87123
Great Western Electrical,greatwesternelectrical.com,greatwesternelectrical.com,,,,Albuquerque,New Mexico,US,87107
"Kimbrough Electric, Inc.",kimbroughelectric.com,kimbroughelectric.com,,,,Albuquerque,New Mexico,US,87109
Lee's Electric Motor Repair,leeselectric.net,leeselectric.net,,,,Albuquerque,New Mexico,US,87102
Libo Electric Inc,liboelectric.com,liboelectric.com,,,,Albuquerque,New Mexico,US,87123
McDonald Electric,mcdonaldelectricabq.com,mcdonaldelectricabq.com,,,,Albuquerque,New Mexico,US,87108
New Generation Electric LLC,newgenerationelectricnm.com,newgenerationelectricnm.com,,,,Albuquerque,New Mexico,US,87109
"Number One Plumbing, A/C, Solar & Electric",number1plumber.com,number1plumber.com,,,,Albuquerque,New Mexico,US,87107
Pcm Electrical,pcmelectrical.com,pcmelectrical.com,,,,Albuquerque,New Mexico,US,87107
Power Generation Service,powergenerationservice.com,powergenerationservice.com,,,,Albuquerque,New Mexico,US,87107
Spier Electric LLC,spierelectric.com,spierelectric.com,,,,Albuquerque,New Mexico,US,87113
TLC Plumbing Heating Cooling Electrical,tlcplumbing.com,tlcplumbing.com,,,,Albuquerque,New Mexico,US,87107
"VA Electric, Inc.",vaelectricinc.com,vaelectricinc.com,,,,Albuquerque,New Mexico,US,87107
"Wagner Air Conditioning, Heating, Plumbing, & Electrical",wagnermechanical.com,wagnermechanical.com,,,,Albuquerque,New Mexico,US,87113
"Watt Electric, LLC",wattelectricllc.com,wattelectricllc.com,,,,Albuquerque,New Mexico,US,87110
Ark Electrical LLC,arkelectrical.org,arkelectrical.org,,,,Cedar Crest,New Mexico,US,87008
B & A Electrical Services LLC,baelectricalservicesllc.com,baelectricalservicesllc.com,,,,Chaparral,New Mexico,US,88081
Collins Engine-Generator Service,ces-nm.com,ces-nm.com,,,,Los Ranchos De Albuquerque,New Mexico,US,87107
"B&S POWER SERVICES, INC.",bspowerservices.com,bspowerservices.com,,,,Rio Rancho,New Mexico,US,87144
Cano's Electrical Services LLC,canoselectricalservices.com,canoselectricalservices.com,,,,Rio Rancho,New Mexico,US,87124
Five Star Electric,fivestarelectricianinc.com,fivestarelectricianinc.com,,,,Rio Rancho,New Mexico,US,87124
Dove Electric,thedoveelectric.com,thedoveelectric.com,,,,Sandia Park,New Mexico,US,87047
Allied Electric Inc,alliednm.com,alliednm.com,,,,Santa Fe,New Mexico,US,87507
Electrical Services,electricalservicesonline.com,electricalservicesonline.com,,,,Santa Fe,New Mexico,US,87505
Gorman Lightning Protection & Electric,gormanlightning.com,gormanlightning.com,,,,Santa Fe,New Mexico,US,87505
Oscar Lara Electric,oscarlaraelectric.com,oscarlaraelectric.com,,,,Sunland Park,New Mexico,US,88063
TechCity Electric,techcityelectric.com,techcityelectric.com,,,,Fernley,Nevada,US,89408
"Callidus Electric - The Best Electrician, Electrical Contractor, 24/7 Service",calliduselectric.com,calliduselectric.com,,,,Henderson,Nevada,US,89014
Odyssey Electrical Services LLC,odysseyelectricalnv.com,odysseyelectricalnv.com,,,,Henderson,Nevada,US,89044
Penny Electric,pennyelectric.com,pennyelectric.com,,,,Henderson,Nevada,US,89014
"Southwest Electric, LLC",southwestelectricnv.com,southwestelectricnv.com,,,,Henderson,Nevada,US,89014
"Dan Ward Electric, Inc",danwardelectric.com,danwardelectric.com,,,,IVGID,Nevada,US,89451
Holm Electric,holmelectric.com,holmelectric.com,,,,IVGID,Nevada,US,89451
Nexus Electrical and Smart Home,nexushome.com,nexushome.com,,,,IVGID,Nevada,US,89451
Sierra Verde Home Design Center,sierraverdegroup.com,sierraverdegroup.com,,,,IVGID,Nevada,US,89451
Swanson Built,swansonbuilt.net,swansonbuilt.net,,,,IVGID,Nevada,US,89451
All City Electric,allcityelectric-ace.com,allcityelectric-ace.com,,,,Las Vegas,Nevada,US,89102
Allegiant Electric LLC,allegiantelectricllcnv.com,allegiantelectricllcnv.com,,,,Las Vegas,Nevada,US,89108
Allstate Electric LLC,allstateelectriclv.com,allstateelectriclv.com,,,,Las Vegas,Nevada,US,89118
Ampere Electric,ampereelectricnv.com,ampereelectricnv.com,,,,Las Vegas,Nevada,US,89118
BAR Electric LLC,barelectriclv.com,barelectriclv.com,,,,Las Vegas,Nevada,US,89102
Beach Electric,beachelectricinc.com,beachelectricinc.com,,,,Las Vegas,Nevada,US,89118
Big Red Electric Company,bigredelectriccompany.com,bigredelectriccompany.com,,,,Las Vegas,Nevada,US,89119
Cordan Electric LLC,cordanelectricllc.com,cordanelectricllc.com,,,,Las Vegas,Nevada,US,89131
Dave's Electric,electricdaves.com,electricdaves.com,,,,Las Vegas,Nevada,US,89102
Dead On Electrical Services,deadonelectricalservices.com,deadonelectricalservices.com,,,,Las Vegas,Nevada,US,89121
Eco Electric,ecoelectriclv.com,ecoelectriclv.com,,,,Las Vegas,Nevada,US,89103
ElectriCode,electricode.com,electricode.com,,,,Las Vegas,Nevada,US,89120
Extended Power,extendedpower.com,extendedpower.com,,,,Las Vegas,Nevada,US,89139
Fowler Electric LTD,fowlerelectricnv.com,fowlerelectricnv.com,,,,Las Vegas,Nevada,US,89139
GreenJuice Charging Station,evgreenjuice.com,evgreenjuice.com,,,,Las Vegas,Nevada,US,89101
Innovolt Electric,innovolt-electric.com,innovolt-electric.com,,,,Las Vegas,Nevada,US,89118
Johnny B 1 Electric,johnnyb1electrician.com,johnnyb1electrician.com,,,,Las Vegas,Nevada,US,89169
Noodoe EV Charging Station,noodoe.com,noodoe.com,,,,Las Vegas,Nevada,US,89109
PDQ Electric,pdqelectricnv.com,pdqelectricnv.com,,,,Las Vegas,Nevada,US,89102
Pacific Electric Inc,pacificelectriclv.com,pacificelectriclv.com,,,,Las Vegas,Nevada,US,89120
Peter and Sons Electric Company,peterandsonselectric.com,peterandsonselectric.com,,,,Las Vegas,Nevada,US,89141
"Renegade Electric, Inc",renegadeelectriclv.com,renegadeelectriclv.com,,,,Las Vegas,Nevada,US,89130
Renew Electric,renewelectriclv.com,renewelectriclv.com,,,,Las Vegas,Nevada,US,89107
Tesla Supercharger,tesla.com,tesla.com,,,,Las Vegas,Nevada,US,89109
Vegas Electric,vegas-electric.com,vegas-electric.com,,,,Las Vegas,Nevada,US,89102
Volt N Vent,voltnvent.com,voltnvent.com,,,,Las Vegas,Nevada,US,89118
Waze Electric,wazeelectric.com,wazeelectric.com,,,,Las Vegas,Nevada,US,89118
iPOWER ELECTRIC LLC,ipowerelectricnv.com,ipowerelectricnv.com,,,,Las Vegas,Nevada,US,89128
Carson Tahoe Electric,carsontahoeelectric.com,carsontahoeelectric.com,,,,Minden,Nevada,US,89423
Coleman Electric Co,colemanelectricnv.com,colemanelectricnv.com,,,,Minden,Nevada,US,89423
A Team Electricians,ateamelectricians.com,ateamelectricians.com,,,,North Las Vegas,Nevada,US,89031
Canyon Electric Company,canyonelectric.com,canyonelectric.com,,,,North Las Vegas,Nevada,US,89030
Electrician North Las Vegas,electriciannorthlasvegas.com,electriciannorthlasvegas.com,,,,North Las Vegas,Nevada,US,89031
Go To-U Charging Station,goto-u.com,goto-u.com,,,,North Las Vegas,Nevada,US,89032
"J&V Electric, LLC",jandvelectriclv.com,jandvelectriclv.com,,,,North Las Vegas,Nevada,US,89030
S & M Electrical,smelectriclv.net,smelectriclv.net,,,,North Las Vegas,Nevada,US,89030
Salmon Electrical Contractors,salmonelectriclv.com,salmonelectriclv.com,,,,North Las Vegas,Nevada,US,89032
AAA Auto Electric,aaaautoelectricreno.com,aaaautoelectricreno.com,,,,Reno,Nevada,US,89502
AJ Electric LLC,ajelectricllc.com,ajelectricllc.com,,,,Reno,Nevada,US,89509
Action Electric Inc,actionelectricnv.com,actionelectricnv.com,,,,Reno,Nevada,US,89503
"Amerigen Power Solutions, LLC",amerigenpower.com,amerigenpower.com,,,,Reno,Nevada,US,89502
Apex Electric and Lighting LLC,apexelectricandlighting.com,apexelectricandlighting.com,,,,Reno,Nevada,US,89502
Complete Electric,completeelectricreno.com,completeelectricreno.com,,,,Reno,Nevada,US,89521
D C Electrical Inc,dcelectricalinc.com,dcelectricalinc.com,,,,Reno,Nevada,US,89523
Dr Shock Electric,drshockelectric.com,drshockelectric.com,,,,Reno,Nevada,US,89521
DynamicEVC Charging Station,dynamicevc.com,dynamicevc.com,,,,Reno,Nevada,US,89511
Have Lights Will Travel,havelights.com,havelights.com,,,,Reno,Nevada,US,89502
Heath Electric LLC,heathelectricllc.com,heathelectricllc.com,,,,Reno,Nevada,US,89508
Ironclad Electric,ironcladelectric.net,ironcladelectric.net,,,,Reno,Nevada,US,89506
"Legacy Heating, Cooling, Plumbing & Electrical",legacyac.com,legacyac.com,,,,Reno,Nevada,US,89521
Northern Nevada Electrical Training,northernnevadaelectricians.com,northernnevadaelectricians.com,,,,Reno,Nevada,US,89502
Olectric,olectricnv.com,olectricnv.com,,,,Reno,Nevada,US,89509
Select Electric,selectelectricnv.com,selectelectricnv.com,,,,Reno,Nevada,US,89509
Sierra Integrated Systems,sierraintegratedsystems.com,sierraintegratedsystems.com,,,,Reno,Nevada,US,89511
Simple Power,simplepower.energy,simplepower.energy,,,,Reno,Nevada,US,89502
T Squared Electric,t2squaredelec.com,t2squaredelec.com,,,,Reno,Nevada,US,89506
WEDCO,wedcoinc.com,wedcoinc.com,,,,Reno,Nevada,US,89512
Santino Electric,santinoelectric.net,santinoelectric.net,,,,Spanish Springs,Nevada,US,89441
All Phase Electric LLC,allphaseelectric.us,allphaseelectric.us,,,,Sparks,Nevada,US,89431
"Allied Electric, Inc.",alliedelectricnv.com,alliedelectricnv.com,,,,Sparks,Nevada,US,89431
Amigo Electric,amigoelectricnv.com,amigoelectricnv.com,,,,Sparks,Nevada,US,89434
Aspen Home Services,aspenservicesnv.com,aspenservicesnv.com,,,,Sparks,Nevada,US,89431
BrightLife Electric NV,brightlifeelectricnv.com,brightlifeelectricnv.com,,,,Sparks,Nevada,US,89431
Eagle Electric Inc,eagle-electricinc.com,eagle-electricinc.com,,,,Sparks,Nevada,US,89431
Enhanced Electrical Services Inc,enhancedelectrical.net,enhancedelectrical.net,,,,Sparks,Nevada,US,89431
Industrial Equipment Repair,iernevada.com,iernevada.com,,,,Sparks,Nevada,US,89431
KD Electric,kdelectricacdc.com,kdelectricacdc.com,,,,Sparks,Nevada,US,89431
New Phase Electric LLC,newphasenv.com,newphasenv.com,,,,Sparks,Nevada,US,89436
Palomino Valley Electric,palominovalleyelectric.com,palominovalleyelectric.com,,,,Sparks,Nevada,US,89431
Pioneer Electric,pioneerelectricltd.com,pioneerelectricltd.com,,,,Sparks,Nevada,US,89431
Reno Electric Inc,renoelectricinc.com,renoelectricinc.com,,,,Sparks,Nevada,US,89431
Switch Electric,switchelectricnv.com,switchelectricnv.com,,,,Sparks,Nevada,US,89431
Three Pole Electric LLC,3penv.com,3penv.com,,,,Sparks,Nevada,US,89431
"Western Pacific Electric, Inc.",wpeinc.com,wpeinc.com,,,,Sparks,Nevada,US,89431
Wire Me Electric Inc,wiremeelectric.com,wiremeelectric.com,,,,Sparks,Nevada,US,89431
Arctic Electricians,arcticelectricians.com,arcticelectricians.com,,,,Stateline,Nevada,US,89449
Sierra Valley Electric Inc,sierravalleyelectric.com,sierravalleyelectric.com,,,,Stateline,Nevada,US,89449
Kirby Electric,kirbyelectricnv.com,kirbyelectricnv.com,,,,Sun Valley,Nevada,US,89433
"A.E. Rosen Electrical Company, Inc.",aerosenelectrical.com,aerosenelectrical.com,,,,Albany,New York,US,12202
"Bennett Contracting, LLC",bennettcontracting.com,bennettcontracting.com,,,,Albany,New York,US,12202
Capital District Electric,capitaldistrictelectric.com,capitaldistrictelectric.com,,,,Albany,New York,US,12207
Capital Power,capitalstandbypower.com,capitalstandbypower.com,,,,Albany,New York,US,12206
Caruso Electrical Contracting,carusoelectrical.com,carusoelectrical.com,,,,Albany,New York,US,12205
"Comalli Group, Inc.",comalli.com,comalli.com,,,,Albany,New York,US,12205
"Crisafulli Bros. Plumbing & Heating Contractors, Inc.",crisbro.com,crisbro.com,,,,Albany,New York,US,12206
EVolve NY Charging Station,evolveny.nypa.gov,evolveny.nypa.gov,,,,Albany,New York,US,12206
Eff Electric Inc,effelectric.com,effelectric.com,,,,Albany,New York,US,12205
Fine Electric,fineelectric.electricalpro.net,fineelectric.electricalpro.net,,,,Albany,New York,US,12206
Goodbee Controls,goodbeecontrols.com,goodbeecontrols.com,,,,Albany,New York,US,12206
Green Mountain Electric Supply,gmes.com,gmes.com,,,,Albany,New York,US,12207
Houghtaling Electrical,houghtalingelectrical.com,houghtalingelectrical.com,,,,Albany,New York,US,12209
Kinsley Power Systems,kinsley-group.com,kinsley-group.com,,,,Albany,New York,US,12204
Mel Carr Electric,melcarrelectric.com,melcarrelectric.com,,,,Albany,New York,US,12205
NBS Electrical Contractors,nbselectrical.com,nbselectrical.com,,,,Albany,New York,US,12205
O'Keefe Electric,okeefeelectric.com,okeefeelectric.com,,,,Albany,New York,US,12203
Quick Charge Charging Station,quickcharge.app,quickcharge.app,,,,Albany,New York,US,12208
ViaLynk Charging Station,solution.energy,solution.energy,,,,Albany,New York,US,12205
Wade Electric Co,wadeelectric.com,wadeelectric.com,,,,Albany,New York,US,12207
Wolberg Electrical Supply,wolberg.com,wolberg.com,,,,Albany,New York,US,12206
"D.A.Z. Electrical Contractor, Inc",dazelectrical.com,dazelectrical.com,,,,Amagansett,New York,US,11930
Philipps Brothers Supply Inc,philippsbros.com,philippsbros.com,,,,Amherst,New York,US,14226
"Executive Electric, LLC",executiveelectricllc.com,executiveelectricllc.com,,,,Amsterdam,New York,US,12010
"RICH Services, LLC",richservicesllc.com,richservicesllc.com,,,,Amsterdam,New York,US,12010
"Dynamic Electrical Solutions, Inc",716electrician.com,716electrician.com,,,,Angola,New York,US,14006
Buzyniski Electric Inc,buzelectric.com,buzelectric.com,,,,Appleton,New York,US,14008
"Crossland Management & Electric, Inc.",crosslandinc.com,crosslandinc.com,,,,Astoria,New York,US,11103
Westrise Electric LLC,westriseelectric.com,westriseelectric.com,,,,Astoria,New York,US,11105
Golden Solutions Electric LLC,goldensolutionselectric.com,goldensolutionselectric.com,,,,Ballston Lake,New York,US,12019
Guerin Generator Services,gueringenerators.com,gueringenerators.com,,,,Ballston Spa,New York,US,12020
DelCore Electric,delcoreelectric.com,delcoreelectric.com,,,,Bay Shore,New York,US,11706
Big Sky Electric Corp,bigskyelectriccorp.com,bigskyelectriccorp.com,,,,Bayport,New York,US,11705
GH Electrical Solutions LLC,electricgh.com,electricgh.com,,,,Bedford,New York,US,10506
"Greenwich Handyman, Inc.",greenwichhandyman.net,greenwichhandyman.net,,,,Bedford,New York,US,10506
Duffy Electric,duffyelectricny.com,duffyelectricny.com,,,,Bellmore,New York,US,11710
Ferraro Electric,ferraroelectriclongisland.com,ferraroelectriclongisland.com,,,,Bethpage,New York,US,11714
Sub-City Electrical,subcityelectrical.com,subcityelectrical.com,,,,Blasdell,New York,US,14219
"Valentine Electric, Inc.",valentine-electric.com,valentine-electric.com,,,,Blauvelt,New York,US,10913
A1 Generators,a1generatorsli.com,a1generatorsli.com,,,,Bohemia,New York,US,11716
Marra Electric,marraelectric.com,marraelectric.com,,,,Bohemia,New York,US,11716
PowerPro Generators,powerproservicecompany.com,powerproservicecompany.com,,,,Bohemia,New York,US,11716
RFG Electrical Contracting,rfgelectric.com,rfgelectric.com,,,,Bohemia,New York,US,11716
Conte Electric,conte-electric.com,conte-electric.com,,,,Briarcliff Manor,New York,US,10510
Allways Electric Corp.,allwayselectriccorp.com,allwayselectriccorp.com,,,,Brightwaters,New York,US,11718
Electrical Services of Rochester,electricalservicesrochester.com,electricalservicesrochester.com,,,,Brockport,New York,US,14420
All Boro Electric Corp,allboroelectric.com,allboroelectric.com,,,,Brooklyn,New York,US,11235
Antonio Ceriello Electric Inc.,antoniocerielloelectric.com,antoniocerielloelectric.com,,,,Brooklyn,New York,US,11231
Asset Electric Corp,electriciansnyc.net,electriciansnyc.net,,,,Brooklyn,New York,US,11222
Daven Electric Corp.,davenelectric.com,davenelectric.com,,,,Brooklyn,New York,US,11232
HK Electric Inc - Licensed Electrician NYC,hkelectricinc.com,hkelectricinc.com,,,,Brooklyn,New York,US,11204
Handy Kith Electrical Services,handykith.com,handykith.com,,,,Brooklyn,New York,US,11223
Jetco Electrical Contractors,jetcoelectric.biz,jetcoelectric.biz,,,,Brooklyn,New York,US,11236
LED Electricians Tech,ledelectricians.com,ledelectricians.com,,,,Brooklyn,New York,US,11207
Midnight Electric Corp.,mec-ny.com,mec-ny.com,,,,Brooklyn,New York,US,11201
NY Generator Repair & Service Solutions Company - REPAIR FACILITY & ON-SITE SERVICES,nygeneratorrepairservice.com,nygeneratorrepairservice.com,,,,Brooklyn,New York,US,11215
New York Low Voltage Company,lowvoltagecompany.com,lowvoltagecompany.com,,,,Brooklyn,New York,US,11224
Power Electric NY,powerelectricnyinc.com,powerelectricnyinc.com,,,,Brooklyn,New York,US,11222
Riviera Electric,rivieraelectricnyc.com,rivieraelectricnyc.com,,,,Brooklyn,New York,US,11220
"A. G. Roehrig and Son, LLC.",agroehrigandson.com,agroehrigandson.com,,,,Buffalo,New York,US,14211
ABC Hardware & Rental,abcwny.com,abcwny.com,,,,Buffalo,New York,US,14215
Adema Heating & Air Conditioning Inc,ademaheating.com,ademaheating.com,,,,Buffalo,New York,US,14223
Barr Electric,barrelectric.net,barrelectric.net,,,,Buffalo,New York,US,14206
Bemco of WNY Inc,bemcoelectrical.com,bemcoelectrical.com,,,,Buffalo,New York,US,14206
C V M Electric Inc,cvmelectric.com,cvmelectric.com,,,,Buffalo,New York,US,14206
"Cellino Plumbing, Heating, Cooling & Electric",cellinoplumbing.com,cellinoplumbing.com,,,,Buffalo,New York,US,14210
Deltex Electric Inc.,deltexelectric.com,deltexelectric.com,,,,Buffalo,New York,US,14210
Dugas Electric,dugaselectric.com,dugaselectric.com,,,,Buffalo,New York,US,14203
"Ferguson Electric, Inc.",fergusonelectric.com,fergusonelectric.com,,,,Buffalo,New York,US,14203
Gallagher Ramp Charging Station,bcarparking.com,bcarparking.com,,,,Buffalo,New York,US,14222
"Great Lakes Electrical, LLC",greatlakeselectricalny.com,greatlakeselectricalny.com,,,,Buffalo,New York,US,14210
Industrial Power and Lighting,iplcorp.com,iplcorp.com,,,,Buffalo,New York,US,14206
MJM Electric Construction Inc,mjm-electric.com,mjm-electric.com,,,,Buffalo,New York,US,14222
Master Electric of WNY,eccbuffalo.com,eccbuffalo.com,,,,Buffalo,New York,US,14212
McCoy Electric,mccoyelectricwny.com,mccoyelectricwny.com,,,,Buffalo,New York,US,14224
Nickel City Electric,nickelcityelectric.com,nickelcityelectric.com,,,,Buffalo,New York,US,14216
OSC Manufacturing & Equipment Services,oscequipment.com,oscequipment.com,,,,Buffalo,New York,US,14215
Park Place Installations,parkplaceinstallations.com,parkplaceinstallations.com,,,,Buffalo,New York,US,14207
S S Electric Repair Shop Inc,s-selectric.com,s-selectric.com,,,,Buffalo,New York,US,14210
"T-Mark Plumbing, Heating & Cooling- Buffalo",t-markplumbing.com,t-markplumbing.com,,,,Buffalo,New York,US,14223
Total Electrical Service,totalelectricalservice.com,totalelectricalservice.com,,,,Buffalo,New York,US,14226
VSG Power,vsgpower.com,vsgpower.com,,,,Buffalo,New York,US,14211
WNY Lights,wnylights.com,wnylights.com,,,,Buffalo,New York,US,14206
"Wegman Motor Works, Inc.",wegmanmotorworksinc.com,wegmanmotorworksinc.com,,,,Buffalo,New York,US,14216
Wittburn Electric,wittburn.net,wittburn.net,,,,Buffalo,New York,US,14204
Zenner & Ritter Home Services,zennerandritter.com,zennerandritter.com,,,,Buffalo,New York,US,14215
Shore Power Electrical Contracting,generatorslongisland.com,generatorslongisland.com,,,,Center Moriches,New York,US,11934
"Advanced Electric Design Consultants, Inc.",friendlyelectricians.com,friendlyelectricians.com,,,,Centereach,New York,US,11720
Gen-Tech Power Systems,gentechpower.com,gentechpower.com,,,,Cheektowaga,New York,US,14227
"Reimer Heating, Cooling & Plumbing",reimerhvac.com,reimerhvac.com,,,,Cheektowaga,New York,US,14227
Zacher Electric,zacherelectric.com,zacherelectric.com,,,,Cheektowaga,New York,US,14225
"Maverick Electric, LLC",maverickelectricllc.electricalpro.net,maverickelectricllc.electricalpro.net,,,,Clarence Center,New York,US,14032
National Standby Repair,nationalstandby.com,nationalstandby.com,,,,Cold Spring,New York,US,10516
Skaggs-Walsh,skaggswalsh.com,skaggswalsh.com,,,,College Point,New York,US,11356
"Jerry Jennings Electrical Contractor, Inc.",jerryjenningselectrical.com,jerryjenningselectrical.com,,,,Columbiaville,New York,US,12050
EZ Electric,ez-electric.net,ez-electric.net,,,,Congers,New York,US,10920
Ark Electric,arkelectricusa.com,arkelectricusa.com,,,,Coram,New York,US,11727
Effective Electric,effectiveelectric.net,effectiveelectric.net,,,,Cortlandt Manor,New York,US,10567
"OJC Electric, Inc",ojcelectric-inc.com,ojcelectric-inc.com,,,,Cortlandt Manor,New York,US,10567
NK Electric LLC,nk-electric.com,nk-electric.com,,,,Croton-On-Hudson,New York,US,10520
Peconic Power Systems,peconicpowersys.com,peconicpowersys.com,,,,Cutchogue,New York,US,11935
Certified Electrical Services LLC,ces-li.com,ces-li.com,,,,Deer Park,New York,US,11729
Generator Repair Service,generatorrepairservice.com,generatorrepairservice.com,,,,Deer Park,New York,US,11729
Long Island Emergency Power,longislandemergencypower.com,longislandemergencypower.com,,,,Deer Park,New York,US,11729
Two Brothers Electrical,twobrotherselectrical.com,twobrotherselectrical.com,,,,Deer Park,New York,US,11729
Skyline Generators,skylinegenerators.com,skylinegenerators.com,,,,Delanson,New York,US,12053
Le Gallez Electric Inc,legallezelectric.com,legallezelectric.com,,,,Delmar,New York,US,12054
"Gerry Corbett, Electric Service",gerrycorbettelectric.com,gerrycorbettelectric.com,,,,Depew,New York,US,14043
mcclain electric,nymcclainelectric.base44.app,nymcclainelectric.base44.app,,,,Dobbs Ferry,New York,US,10522
Be-Bright Lighting & Electrical,bebrightlighting.com,bebrightlighting.com,,,,East Amherst,New York,US,14051
Arz Electrical Corp,arzelectricalcorp.com,arzelectricalcorp.com,,,,East Hampton,New York,US,11937
Bates Electric,bateselectric1393.electricalpro.net,bateselectric1393.electricalpro.net,,,,East Hampton,New York,US,11937
DVolt Electric LLC - Home,dvoltelectric.com,dvoltelectric.com,,,,East Hampton,New York,US,11937
Delta Wye Electric,sambolsonselectric1460.electricalpro.net,sambolsonselectric1460.electricalpro.net,,,,East Hampton,New York,US,11937
East Hampton Electric Inc,ehelectric.net,ehelectric.net,,,,East Hampton,New York,US,11937
East Hampton Energy Solutions,easthamptonenergy.com,easthamptonenergy.com,,,,East Hampton,New York,US,11937
Fingleton Electric,fingletonelectric.com,fingletonelectric.com,,,,East Hampton,New York,US,11937
"Fingleton Electric, Inc.",fingletonelectricinc1401.electricalpro.net,fingletonelectricinc1401.electricalpro.net,,,,East Hampton,New York,US,11937
First Light Electric Inc.,firstlightelectricinc1405.electricalpro.net,firstlightelectricinc1405.electricalpro.net,,,,East Hampton,New York,US,11937
James Bishop Electrical Contractor,jbishopelectric.com,jbishopelectric.com,,,,East Hampton,New York,US,11937
Klever's Electrical Maintenance,kleverelectricalmaintenance.com,kleverelectricalmaintenance.com,,,,East Hampton,New York,US,11937
MBI Plus Electric Inc,mbipluselectric.com,mbipluselectric.com,,,,East Hampton,New York,US,11937
Mitchell Electric,joemitchellelectric.com,joemitchellelectric.com,,,,East Hampton,New York,US,11937
Parent Electric,parentelectric.com,parentelectric.com,,,,East Hampton,New York,US,11937
Stewart Electric,stewartelectric1394.electricalpro.net,stewartelectric1394.electricalpro.net,,,,East Hampton,New York,US,11937
VME Electrical Contractor Inc.,vmeelectric.com,vmeelectric.com,,,,East Hampton,New York,US,11937
Kelly electrical construction,kellyelectrical-construction.com,kellyelectrical-construction.com,,,,East Islip,New York,US,11730
Powerful Electric of Long Island Inc,powerfulelectricli.com,powerfulelectricli.com,,,,East Moriches,New York,US,11940
L&L Electrical Inc,llelectricalinc.com,llelectricalinc.com,,,,East Norwich,New York,US,11732
M&I Electric & Technology Services,electrician-suffolk.com,electrician-suffolk.com,,,,East Patchogue,New York,US,11772
East Island Electric,eastislandelectric.com,eastislandelectric.com,,,,East Quogue,New York,US,11942
Rinaldi Electric,rinaldielectric.com,rinaldielectric.com,,,,Elmsford,New York,US,10523
Cavanagh Electric Inc.,cavanaghelectrician.com,cavanaghelectrician.com,,,,Elwood,New York,US,11731
Statewide Electric,statewide-electric.com,statewide-electric.com,,,,Fairport,New York,US,14450
Fielack Electric Corp,fielackelectric.com,fielackelectric.com,,,,Farmingdale,New York,US,11735
Gina Electric,ginaelectriclongisland.com,ginaelectriclongisland.com,,,,Farmingdale,New York,US,11735
MTS Power Systems,mtspowersystems.com,mtspowersystems.com,,,,Farmingdale,New York,US,11735
Stone Electric,stoneelectriclongisland.com,stoneelectriclongisland.com,,,,Farmingdale,New York,US,11735
Home Power Systems and Commercial Power Systems,homepowersystems.net,homepowersystems.net,,,,Farmington,New York,US,14425
MJ Electrical Contracting Inc.,mjelectricli.com,mjelectricli.com,,,,Farmingville,New York,US,11738
All Wright Electric,allwrightelectric.com,allwrightelectric.com,,,,Flanders,New York,US,11901
YORK ELECTRICAL CONTRACTORS,yorkelectrical.com,yorkelectrical.com,,,,Flushing,New York,US,11358
Muck Electric LLC,muckelectric.com,muckelectric.com,,,,Forestville,New York,US,14062
JME Electric LLC,jmeelectric.com,jmeelectric.com,,,,Fort Johnson,New York,US,12070
"JPS Electric Co., Inc. and Trius Electrical Contractors",jpselectricinc.com,jpselectricinc.com,,,,Freeport,New York,US,11520
Mayfair Power Systems,mayfairpower.com,mayfairpower.com,,,,Freeport,New York,US,11520
Labbie Electrical Contractors,labbieelectrical.com,labbieelectrical.com,,,,Glenmont,New York,US,12077
S and J Electric,sandjelectricny.com,sandjelectricny.com,,,,Gloversville,New York,US,12078
Pristine Energy Solutions,pristinenrg.com,pristinenrg.com,,,,Great Neck,New York,US,11023
S.Mandiak Electric LLC,smandiakelectric.com,smandiakelectric.com,,,,Hamburg,New York,US,14075
Scherer Electric,schererelectric.com,schererelectric.com,,,,Hamburg,New York,US,14075
Citygate Electric,citygateelectric.com,citygateelectric.com,,,,Hamlin,New York,US,14464
"Amp Hampton Electric, Inc.",hamptonbayselectrician.com,hamptonbayselectrician.com,,,,Hampton Bays,New York,US,11946
East End Electrician,eastendelectricians.com,eastendelectricians.com,,,,Hampton Bays,New York,US,11946
Eastern Electrical Contractors Inc.,easternelectrical.com,easternelectrical.com,,,,Hampton Bays,New York,US,11946
Power XL Electric & Lighting Design,powerxlelectric.com,powerxlelectric.com,,,,Hampton Bays,New York,US,11946
Pro Line Electric,pro-lineelectric.com,pro-lineelectric.com,,,,Hampton Bays,New York,US,11946
Quinlan Electric Inc,quinlanelectric.com,quinlanelectric.com,,,,Hampton Bays,New York,US,11946
V. Allegretta Electrical Corp.,vallegrettaelectric.com,vallegrettaelectric.com,,,,Hampton Bays,New York,US,11946
DM Shaver Inc.,dmshaver.com,dmshaver.com,,,,Hannibal,New York,US,13074
Alan Bonistall Electrical Contracting Inc.,bonistallelectric.com,bonistallelectric.com,,,,Harrison,New York,US,10528
Binova Construction llc,binovaconstruction.com,binovaconstruction.com,,,,Harrison,New York,US,10528
Gavidia Electric LLC,gavidiaelectric.com,gavidiaelectric.com,,,,Harrison,New York,US,10528
JV. DIESEL TECH LLC,jvdieseltech.com,jvdieseltech.com,,,,Harrison,New York,US,10528
"James A. Stone Electric, Inc.",jamesstoneelectric.com,jamesstoneelectric.com,,,,Harrison,New York,US,10528
Marcy Engineering,marcyengineering.com,marcyengineering.com,,,,Harrison,New York,US,10528
"Screw It, We'll Fix it",screwitwellfixithomeservices.com,screwitwellfixithomeservices.com,,,,Harrison,New York,US,10528
Tri-State Electric,tsenergyefficient.com,tsenergyefficient.com,,,,Harrison,New York,US,10577
Valvo Electric,valvoelectric.com,valvoelectric.com,,,,Haverstraw,New York,US,10927
Bay Electrical Contracting,bayelectricalcontracting.com,bayelectricalcontracting.com,,,,Hawthorne,New York,US,10532
Keating Electric & Technologies,keatingelectric.com,keatingelectric.com,,,,Hawthorne,New York,US,10532
Sultani Electric Service,sultanielectric.com,sultanielectric.com,,,,Henrietta,New York,US,14467
BQ Electric,bqelectric.com,bqelectric.com,,,,Hicksville,New York,US,11801
CFW Electric LLC,cfwelectricllc.com,cfwelectricllc.com,,,,Highland-on-the-Lake,New York,US,14047
Island Wide Electric & Lighting,islandwideelectric.com,islandwideelectric.com,,,,Holbrook,New York,US,11741
PKJ Electrical Corp,electricianlongislandny.com,electricianlongislandny.com,,,,Holtsville,New York,US,11742
Zion Electric Inc.,zionelectricinc.com,zionelectricinc.com,,,,Holtsville,New York,US,11742
Amped Electrical Contracting LLC,ampedelectricny.com,ampedelectricny.com,,,,Hopewell Junction,New York,US,12533
Digital Electric,digitalelectricny.com,digitalelectricny.com,,,,Huntington,New York,US,11743
Upstate Power Systems.,upstatepower.net,upstatepower.net,,,,Ionia,New York,US,14475
Consolidated Hudson Electric,conhudelectric.com,conhudelectric.com,,,,Irvington,New York,US,10533
"Adirondack Generators, LLC",adirondackgenerators.com,adirondackgenerators.com,,,,Johnstown,New York,US,12095
Bison Electrical Services Corp.,bisonelectrical.com,bisonelectrical.com,,,,Kenmore,New York,US,14217
"Jameson Electric, Heating & Air",calljameson.com,calljameson.com,,,,Kenmore,New York,US,14217
Shanor Electric Supplies,shanorelectric.com,shanorelectric.com,,,,Kenmore,New York,US,14217
Gen Ready Inc.,getgenready.com,getgenready.com,,,,Kings Park,New York,US,11754
Infinite Electric,infiniteelectric716.com,infiniteelectric716.com,,,,Lake View,New York,US,14085
Ambrose Electric,ambroselec.com,ambroselec.com,,,,Latham,New York,US,12110
"D&D Power, Inc",unitedutility.com,unitedutility.com,,,,Latham,New York,US,12110
Johnson Electrical L.L.C,servicejohnsonelectrical.com,servicejohnsonelectrical.com,,,,Latham,New York,US,12110
Holdridge Power Systems,holdridgepowersystems.com,holdridgepowersystems.com,,,,Leeds,New York,US,12451
E.H Haines Electric,ehhaineselectric.com,ehhaineselectric.com,,,,Lido Beach,New York,US,11561
Strong Island Electric,strongislandelectric.com,strongislandelectric.com,,,,Lindenhurst,New York,US,11757
All Good Electric Corp,allgoodelectric.net,allgoodelectric.net,,,,Long Beach,New York,US,11561
Hassan Generator,business.google.com,business.google.com,,,,Long Island City,New York,US,11101
One Source Electrical Installations,onesourceelectricalinstallations.com,onesourceelectricalinstallations.com,,,,Long Island City,New York,US,11101
The Sparky NYC Electrician,thesparkynyc.com,thesparkynyc.com,,,,Long Island City,New York,US,11102
County Electric,countyelectric.biz,countyelectric.biz,,,,Mahopac,New York,US,10541
AVA Electrical & Lighting Services,avaelectricalandlighting.com,avaelectricalandlighting.com,,,,Malverne,New York,US,11565
Norco Electric Corporation,norcoelectric.com,norcoelectric.com,,,,Mamaroneck,New York,US,10543
Custom Lighting of Suffolk Inc.,customlightingofsuffolk.com,customlightingofsuffolk.com,,,,Mattituck,New York,US,11952
GJS Electric LLC,gjselectric.com,gjselectric.com,,,,Mattituck,New York,US,11952
Advanced Power - Ambrose Electric,advancedpowerllc.com,advancedpowerllc.com,,,,Mechanicville,New York,US,12118
Vozzy Generator,vozzygen.com,vozzygen.com,,,,Mechanicville,New York,US,12118
Justice Electric Contracting,justuselectric.com,justuselectric.com,,,,Medford,New York,US,11763
Gager & Sons Power Systems LLC,gagerandsonspower.com,gagerandsonspower.com,,,,Medusa,New York,US,12120
Ram Electric Inc,ramelectricalinc.com,ramelectricalinc.com,,,,Melville,New York,US,11747
"Burke Electric, LLC.",burke-electricny.com,burke-electricny.com,,,,Menands,New York,US,12204
"Kasselman Electric Co., Inc.",kasselmanelectric.com,kasselmanelectric.com,,,,Menands,New York,US,12204
Kasselman Solar,kasselmansolar.com,kasselmansolar.com,,,,Menands,New York,US,12204
New York Generator Solutions,newyorkgeneratorsolutions.com,newyorkgeneratorsolutions.com,,,,Miller Place,New York,US,11764
H&A Long Island Electrician,toplongislandelectrician.com,toplongislandelectrician.com,,,,Mineola,New York,US,11501
JHACS Electric Inc.,jhacs.com,jhacs.com,,,,Mineola,New York,US,11501
Nello Electrical,nelloelectric.com,nelloelectric.com,,,,Mineola,New York,US,11501
Power Generator Service LLC,pgsllc.com,pgsllc.com,,,,Montgomery,New York,US,12549
AG Electric New York,agelectricny.com,agelectricny.com,,,,Mt Kisco,New York,US,10549
All County Generators Inc.,allcountygenerators.com,allcountygenerators.com,,,,Mt Kisco,New York,US,10549
LV Electric,lvelectric.net,lvelectric.net,,,,Mt Kisco,New York,US,10549
Yost & Campbell,yostandcampbell.com,yostandcampbell.com,,,,Mt Vernon,New York,US,10550
A Perfect Goldman Electrical,aperfectgoldman.com,aperfectgoldman.com,,,,New Rochelle,New York,US,10801
ArDee Electrical Construction,ardeeelectric.com,ardeeelectric.com,,,,New Rochelle,New York,US,10801
Alba Electric,albaelectric.net,albaelectric.net,,,,New York,New York,US,10019
Apollo Electric,apollonyc.com,apollonyc.com,,,,New York,New York,US,10011
Bond's Plumbing & Electric,bondsplumbingelectric.com,bondsplumbingelectric.com,,,,New York,New York,US,10012
Bright Electrical Service LLC,brightelectricalservicellc.com,brightelectricalservicellc.com,,,,New York,New York,US,10001
EVS Electric,evs-electric.com,evs-electric.com,,,,New York,New York,US,10001
Electrical Experts NYC,electricalexperts.nyc,electricalexperts.nyc,,,,New York,New York,US,10016
Electrician NYC LLC,electriciannyc.com,electriciannyc.com,,,,New York,New York,US,10017
"Emco Electric Services, LLC",emcony.com,emcony.com,,,,New York,New York,US,10001
G & G Electric Supply,ggelectric.com,ggelectric.com,,,,New York,New York,US,10011
H&A Electrician,bestnycelectricianmanhattan.com,bestnycelectricianmanhattan.com,,,,New York,New York,US,10038
Handyman Service & Apartment Repair & Property Maintenance & Electrician & Plumber & Painter | Vlad Can Fix Anything In NYC,vladfix.nyc,vladfix.nyc,,,,New York,New York,US,10025
Kwev Charging Station,kwev.com,kwev.com,,,,New York,New York,US,10014
"Mcintyre Electrical, LLC.",mcintyreelectricalllc.com,mcintyreelectricalllc.com,,,,New York,New York,US,10004
New York City Electricians,newyorkcityelectricianss.com,newyorkcityelectricianss.com,,,,New York,New York,US,10003
PK & Altman Electric,pkelectricnyc.com,pkelectricnyc.com,,,,New York,New York,US,10003
Revel Charging Station,gorevel.com,gorevel.com,,,,New York,New York,US,10002
Tactical Electric,tacticalelectricnyc.com,tacticalelectricnyc.com,,,,New York,New York,US,10004
Tirana Electric,tiranaelectric.com,tiranaelectric.com,,,,New York,New York,US,10001
YT Electrical Services,ytelectrical.com,ytelectrical.com,,,,New York,New York,US,10001
M & M Electric Construction Co. Inc.,mmelectricconst.com,mmelectricconst.com,,,,Niagara Falls,New York,US,14304
Preferred Electrical Services of Wny Inc,preferredelectricalservicesofwnyinc.com,preferredelectricalservicesofwnyinc.com,,,,Niagara Falls,New York,US,14304
Gore Electric Services LLC,goreelectric.generacdealers.com,goreelectric.generacdealers.com,,,,North Creek,New York,US,12853
Lake Katonah Electric Inc,lakekatonahgenerators.com,lakekatonahgenerators.com,,,,North Salem,New York,US,10560
Brady Electric Inc,bradyelectric.com,bradyelectric.com,,,,North Tonawanda,New York,US,14120
Empire Electric Enterprises LLC,empireelectricians.com,empireelectricians.com,,,,North Tonawanda,New York,US,14120
Sprocket Power Charging Station,sprocketpower.com,sprocketpower.com,,,,Oakdale,New York,US,11769
"Simoncelli Electric, Inc.",simoncellielectric.com,simoncellielectric.com,,,,Orchard Park,New York,US,14127
Darwin Electric LLC,darwin-electric.com,darwin-electric.com,,,,Ossining,New York,US,10562
"Fanning Electric Co, Inc.",fanningelectric.com,fanningelectric.com,,,,Ossining,New York,US,10562
High Q Electric,highqelectric.com,highqelectric.com,,,,Ossining,New York,US,10562
Mr Wire Electric Inc.,mrwireelectric.com,mrwireelectric.com,,,,Ossining,New York,US,10562
JP3 Electric LLC,jp3electric.com,jp3electric.com,,,,Pearl River,New York,US,10965
Ryan Electrical Services LLC,ryanelectricalservices.com,ryanelectricalservices.com,,,,Pearl River,New York,US,10965
Antonio Ferrao Electric,antonioferraoelectric.com,antonioferraoelectric.com,,,,Peekskill,New York,US,10566
Mike Williams Electric,williamselectric.net,williamselectric.net,,,,Pittsford,New York,US,14534
Zenith Electrical LLC,zenith-electrical.com,zenith-electrical.com,,,,Pittsford,New York,US,14534
Essential Power Systems,essentialpowers.com,essentialpowers.com,,,,Pleasant Valley,New York,US,12569
"All-Phase Electric of NY, Inc",allphaseny.com,allphaseny.com,,,,Pleasantville,New York,US,10570
HomeSquare Pro Westchester County,homsqr.com,homsqr.com,,,,Pleasantville,New York,US,10570
Salazar Electric Inc,salazarelectricinc.com,salazarelectricinc.com,,,,Pleasantville,New York,US,10570
Citadel Electrical Supply Company,citsupply.com,citsupply.com,,,,Port Chester,New York,US,10573
"Electrical Science, Inc.",electricalscience.com,electricalscience.com,,,,Port Chester,New York,US,10573
Grandview Electric,grandviewelectric.com,grandviewelectric.com,,,,Port Chester,New York,US,10573
J&M electromecanica,jmelectromecanica.us,jmelectromecanica.us,,,,Port Chester,New York,US,10573
Russo Electric,russoelectric.com,russoelectric.com,,,,Port Chester,New York,US,10573
Tripodi's Electric,tripodisappliance.com,tripodisappliance.com,,,,Port Chester,New York,US,10573
Vitolite Electric Sales Co Inc,vitolite.com,vitolite.com,,,,Port Chester,New York,US,10573
HomeOps Electric,callhomeops.com,callhomeops.com,,,,Port Jefferson,New York,US,11777
DZ Electrical Contracting,dzelectrical.com,dzelectrical.com,,,,Port Jefferson Station,New York,US,11776
Home Run Electric,homerunelectric.com,homerunelectric.com,,,,Port Washington,New York,US,11050
Standtech Electric,standtechelectric.com,standtechelectric.com,,,,Port Washington,New York,US,11050
Queens Electrician,queensnyelectrician.com,queensnyelectrician.com,,,,Queens Village,New York,US,11427
DC Electric,dcelectricli.com,dcelectricli.com,,,,Quogue,New York,US,11959
MJM Electric Corp,mjmelectriccorp.com,mjmelectriccorp.com,,,,Quogue,New York,US,11959
L C Electric Contracting,lcelectricalcontracting.com,lcelectricalcontracting.com,,,,Remsenburg-Speonk,New York,US,11972
Charles Cole-Cox Electric & more,proelectricians.wixsite.com,proelectricians.wixsite.com,,,,Rensselaer,New York,US,12144
Martin Electric,martinelectric.com,martinelectric.com,,,,Rensselaer,New York,US,12144
Wolfpack Electric,callthepack.com,callthepack.com,,,,Rensselaer,New York,US,12144
Commander Power Systems,commanderpowersystems.com,commanderpowersystems.com,,,,Riverhead,New York,US,11901
AC Electric LLC,acelectriclighting.com,acelectriclighting.com,,,,Rochester,New York,US,14621
Anderson Water-Power-Air,andersonwater.com,andersonwater.com,,,,Rochester,New York,US,14623
"Better Power, Inc.",betterpower.us,betterpower.us,,,,Rochester,New York,US,14624
"Billitier Electric, Inc.",billitierelectric.com,billitierelectric.com,,,,Rochester,New York,US,14619
C.M. Armitage Electrical Contracting,cmarmitage.com,cmarmitage.com,,,,Rochester,New York,US,14617
Canal Town Electric,canaltownelectric.com,canaltownelectric.com,,,,Rochester,New York,US,14625
Collins Electrical,collinselectrical.org,collinselectrical.org,,,,Rochester,New York,US,14624
Doctor Electric Services,doctorelectricservices.com,doctorelectricservices.com,,,,Rochester,New York,US,14624
Ellenwood Electric,ellenwoodelectric.com,ellenwoodelectric.com,,,,Rochester,New York,US,14610
Emergency Power Systems,rlkistler.com,rlkistler.com,,,,Rochester,New York,US,14624
Erie Electric,erie-electric.com,erie-electric.com,,,,Rochester,New York,US,14621
Generator Supercenter of Upstate NY,generatorsupercenterofupstateny.com,generatorsupercenterofupstateny.com,,,,Rochester,New York,US,14623
Great Lights Electric,greatlightselectric.com,greatlightselectric.com,,,,Rochester,New York,US,14624
Hewitt Young Electric LLC,hewittyoung.com,hewittyoung.com,,,,Rochester,New York,US,14611
Hurricane Generators,hurricanegenerators.com,hurricanegenerators.com,,,,Rochester,New York,US,14623
Isaac Heating & Air Conditioning,isaacheating.com,isaacheating.com,,,,Rochester,New York,US,14615
Jeff Thomas Electric,jeffthomaselectric.com,jeffthomaselectric.com,,,,Rochester,New York,US,14624
John Betlem Heating & Cooling,johnbetlem.com,johnbetlem.com,,,,Rochester,New York,US,14625
Kovalsky-Carr Electric Supply,kovalskycarr.com,kovalskycarr.com,,,,Rochester,New York,US,14604
Loos Electric,greeceelectricalrepairs.com,greeceelectricalrepairs.com,,,,Rochester,New York,US,14615
Lopez Electric LLC,lopezelectricrochester.com,lopezelectricrochester.com,,,,Rochester,New York,US,14622
Loria Electrical Services,loriaelectric.com,loriaelectric.com,,,,Rochester,New York,US,14626
MQ Electrical LLC,mqelectricalny.com,mqelectricalny.com,,,,Rochester,New York,US,14609
Magee Electric,mageecorp.com,mageecorp.com,,,,Rochester,New York,US,14615
"Nichols Electric, Plumbing, Heating, & Cooling",nicholselectric.com,nicholselectric.com,,,,Rochester,New York,US,14623
"Pink Rose Home Service - Rochester, NY",pink-rose.com,pink-rose.com,,,,Rochester,New York,US,14609
Radec Electric Corporation,radec.com,radec.com,,,,Rochester,New York,US,14610
RocTech Solution,roctechsolution.com,roctechsolution.com,,,,Rochester,New York,US,14609
Rochester City Lights Electric,rochestercitylights.com,rochestercitylights.com,,,,Rochester,New York,US,14609
Rochester Jatc,ibewlu86.org,ibewlu86.org,,,,Rochester,New York,US,14623
Schuler-Haas Electric Corp.,schuler-haas.com,schuler-haas.com,,,,Rochester,New York,US,14623
Unlimited Electric Inc.,unlimitedelectric.com,unlimitedelectric.com,,,,Rochester,New York,US,14617
Weaver Electric Inc,rochesterelectricalwork.com,rochesterelectricalwork.com,,,,Rochester,New York,US,14617
Long Island Power Solutions,lipowersolutions.com,lipowersolutions.com,,,,Ronkonkoma,New York,US,11779
Optimum electrical services,oesny.com,oesny.com,,,,Ronkonkoma,New York,US,11779
"Integrated Power Supplies International, Inc.",ipsigenerators.com,ipsigenerators.com,,,,Rush,New York,US,14543
Sustainable Heating & Cooling,sustainableheatingandac.com,sustainableheatingandac.com,,,,Rye,New York,US,10580
Zaccagnino Electric Co,zaccagnino.net,zaccagnino.net,,,,Rye,New York,US,10580
Ability Services,getabilityservices.com,getabilityservices.com,,,,Rye Brook,New York,US,10573
Lelia Electric Corp,leliaelectric.com,leliaelectric.com,,,,Rye Brook,New York,US,10573
Electrical Systems Integrators,electricalsystemsintegrators.com,electricalsystemsintegrators.com,,,,Scarsdale,New York,US,10583
Giuffra Electric Inc,giuffra-electric-ny.linkmama.co,giuffra-electric-ny.linkmama.co,,,,Scarsdale,New York,US,10583
Illumination Electric,newyork-electrician.com,newyork-electrician.com,,,,Scarsdale,New York,US,10583
Choice Electric,choiceelectricny.com,choiceelectricny.com,,,,Schenectady,New York,US,12303
Coffey Electric & Generator,coffeyeandg.com,coffeyeandg.com,,,,Schenectady,New York,US,12308
LTW ELECTRIC,ltwelectricllc.com,ltwelectricllc.com,,,,Schenectady,New York,US,12303
MOHRMANN ELECTRIC,mohrmannelectric.com,mohrmannelectric.com,,,,Seaford,New York,US,11783
Certified Electricians Of Long Island,certifiedelectriciansli.com,certifiedelectriciansli.com,,,,Selden,New York,US,11784
Kot Electrical Services,kotelectrical.com,kotelectrical.com,,,,Selkirk,New York,US,12158
Big Bear Electrical Contracting,bigbearelectrical.com,bigbearelectrical.com,,,,Shirley,New York,US,11967
"Spirelli Electric, Inc.",spirellielectric.com,spirellielectric.com,,,,Shrub Oak,New York,US,10588
Smithtown Electrician Elite,smithtownelectricianelite.com,smithtownelectricianelite.com,,,,Smithtown,New York,US,11787
Alpha & Omega Electric Inc,alphaandomegaelectricinc.com,alphaandomegaelectricinc.com,,,,Sound Beach,New York,US,11789
AC Electrical Supplies,ac-elect.com,ac-elect.com,,,,Southampton,New York,US,11968
DiLandro Andrews Engineering,dilandroandrews.com,dilandroandrews.com,,,,Southampton,New York,US,11968
G Craig Electrical Contracting Corp,gcraig.com,gcraig.com,,,,Southampton,New York,US,11968
"Gary & Charles Knoebel Electric, Inc",gcknoebelelectric.com,gcknoebelelectric.com,,,,Southampton,New York,US,11968
GreenLogic Energy,greenlogic.com,greenlogic.com,,,,Southampton,New York,US,11968
Leo's Electric Corporation,leoselectric.com,leoselectric.com,,,,Southampton,New York,US,11968
Leyva bros electric inc,leyvabroselectric.com,leyvabroselectric.com,,,,Southampton,New York,US,11968
Long Island Power Systems,lipowersystems.net,lipowersystems.net,,,,Southampton,New York,US,11968
MRC Electrical & Contracting,mrcec.com,mrcec.com,,,,Southampton,New York,US,11968
Mapes Electric,mapeselectric.com,mapeselectric.com,,,,Southampton,New York,US,11968
Ocean Electric Corp.,oceanelectric.net,oceanelectric.net,,,,Southampton,New York,US,11968
Revco Lighting & Electrical Supply,revcoelectric.com,revcoelectric.com,,,,Southampton,New York,US,11968
Schwing Electrical Supply Corp,schwingelectric.com,schwingelectric.com,,,,Southampton,New York,US,11968
Sharpline Electric,sharplineelectric.com,sharplineelectric.com,,,,Southampton,New York,US,11969
Southampton Handyman,southamptonhandyman.com,southamptonhandyman.com,,,,Southampton,New York,US,11968
True Custom Electric,truecustomelectric.com,truecustomelectric.com,,,,Southampton,New York,US,11968
Two Gang Electric,twogangelectric.com,twogangelectric.com,,,,Southampton,New York,US,11968
Platinum East Electric Inc.,platinumeastelectric.com,platinumeastelectric.com,,,,Southold,New York,US,11971
JG-POWER,jg-power.com,jg-power.com,,,,Spencerport,New York,US,14559
Nissan Charging Station,volkswagenofsmithtown.com,volkswagenofsmithtown.com,,,,St James,New York,US,11780
"Aquatech Mechanical, Plumbing And Electrical LLC",aquatechnyc.com,aquatechnyc.com,,,,Staten Island,New York,US,10309
Lighting NYC Corp/Electrical services,lighttingnyccorp.com,lighttingnyccorp.com,,,,Staten Island,New York,US,10314
"NEXGEN Electrical Contracting, LLC",nexgenelectrical.net,nexgenelectrical.net,,,,Syosset,New York,US,11791
Duro Electrical Contracting,duro-electric.com,duro-electric.com,,,,Thornwood,New York,US,10594
Gallardo Electric,lgallardoelectric23.com,lgallardoelectric23.com,,,,Thornwood,New York,US,10594
Tri-Phase Electric & AV Inc.,tri-phaseelectric.net,tri-phaseelectric.net,,,,Thornwood,New York,US,10594
"Gen-Plus, Inc.",genplusinc.com,genplusinc.com,,,,Tillson,New York,US,12486
CG Enterprises,cgenterprises.co,cgenterprises.co,,,,Tonawanda,New York,US,14150
Delmar-Electric,delmar-electric.com,delmar-electric.com,,,,Tonawanda,New York,US,14150
Frey Electric Construction Co Inc,frey-electric.com,frey-electric.com,,,,Tonawanda,New York,US,14150
"Huber Electric, Inc.",huberelectric.com,huberelectric.com,,,,Tonawanda,New York,US,14150
JRH Electrical,jrhelectrical.com,jrhelectrical.com,,,,Tonawanda,New York,US,14150
"Roy's Plumbing, Heating, Cooling & Electrical",justcallroys.com,justcallroys.com,,,,Tonawanda,New York,US,14150
ADMAR Construction Equipment & Supplies,admarsupply.com,admarsupply.com,,,,Tonawanda Town,New York,US,14217
Crest Electric & Home Entertainment,crestelectric.com,crestelectric.com,,,,Tuckahoe,New York,US,10707
Evolution Electric Inc - New York,evolutionelectric0.com,evolutionelectric0.com,,,,Valhalla,New York,US,10595
Feola Electric Inc,feolaelectric.com,feolaelectric.com,,,,Valhalla,New York,US,10595
iPower Systems Ltd,ipowergeneratorsny.com,ipowergeneratorsny.com,,,,Valhalla,New York,US,10595
No Shorts Electric Inc. - Licensed Commercial & Residential Electrician,noshorts.com,noshorts.com,,,,Valley Stream,New York,US,11581
Tambe Electric Inc,tambeelectric.com,tambeelectric.com,,,,Victor,New York,US,14564
"Lippolis Electric, Inc.",lippoliselectric.com,lippoliselectric.com,,,,Village of Pelham,New York,US,10803
Island Generator Co.,islandgeneratorco.com,islandgeneratorco.com,,,,Wantagh,New York,US,11793
Premier Electric & Design Inc,premierelectricny.com,premierelectricny.com,,,,Wantagh,New York,US,11793
PowerGen Electric,powergenelectric.com,powergenelectric.com,,,,Washingtonville,New York,US,10992
Blackhawk Electric Inc.,blackhawkincorporated.com,blackhawkincorporated.com,,,,Water Mill,New York,US,11976
Hampton Electric,hamptonelectric.com,hamptonelectric.com,,,,Water Mill,New York,US,11976
Carey Electric Inc.,careyelectricinc.com,careyelectricinc.com,,,,Watervliet,New York,US,12189
Larry Masci Electric,larrymascielectric.com,larrymascielectric.com,,,,Webster,New York,US,14580
Lon Lockwood Electric,lonlockwoodelectric.com,lonlockwoodelectric.com,,,,Webster,New York,US,14580
911 Generators,911generators.com,911generators.com,,,,Weedsport,New York,US,13166
Call Me Electric,callmeelectric.com,callmeelectric.com,,,,West Babylon,New York,US,11704
Gem's Electrical Contracting,gemselectrical.com,gemselectrical.com,,,,West Babylon,New York,US,11704
TD Electric,tdelectricwny.com,tdelectricwny.com,,,,West Seneca,New York,US,14224
IllumiGEN,illumigenny.com,illumigenny.com,,,,Westbury,New York,US,11590
Celi Electric Lighting Inc,celigenerators.com,celigenerators.com,,,,Westhampton Beach,New York,US,11978
Curtis Electric,curtiselectricinc.com,curtiselectricinc.com,,,,White Plains,New York,US,10605
Gisondi Generator Group,gisondigenerators.com,gisondigenerators.com,,,,White Plains,New York,US,10606
"MJ Rooney Electrical Contracting, Ltd.",mjrelect.com,mjrelect.com,,,,White Plains,New York,US,10605
Red Star Electric,redstarelectricny.com,redstarelectricny.com,,,,White Plains,New York,US,10603
White Electric LLC,whiteelectricinc.com,whiteelectricinc.com,,,,White Plains,New York,US,10606
"Smart Generators, LLC",nysmartgenerators.com,nysmartgenerators.com,,,,Woodmere,New York,US,11598
Energo,energo.com,energo.com,,,,Woodside,New York,US,11377
DiMella Electric,dimellaelectric.com,dimellaelectric.com,,,,Yonkers,New York,US,10710
J & S Electrical Contractors NY,jselectricalcontractorsny.com,jselectricalcontractorsny.com,,,,Yonkers,New York,US,10710
Macintosh Electric Corp.,macintoshelectric.com,macintoshelectric.com,,,,Yonkers,New York,US,10703
Rella Electric,rellaelectric.com,rellaelectric.com,,,,Yonkers,New York,US,10701
"Wayne's Electric Service of Westchester, Inc.",wayneselectricsvc.com,wayneselectricsvc.com,,,,Yonkers,New York,US,10701
York Electric of Westchester,yorkelectricofwestchester.com,yorkelectricofwestchester.com,,,,Yonkers,New York,US,10710
Backup Power Solutions,backuppower.solutions,backuppower.solutions,,,,Akron,Ohio,US,44305
"McKeever & Niekamp Electric, Inc.",mnelectric.biz,mnelectric.biz,,,,Beavercreek,Ohio,US,45432
"Airport Electric Service, Inc.",airportelectricservice.com,airportelectricservice.com,,,,Bethel,Ohio,US,45106
Jess Howard Electric Co,jesshoward.com,jesshoward.com,,,,Blacklick,Ohio,US,43004
Leitner Electric Co,leitnerelectric.com,leitnerelectric.com,,,,Blue Ash,Ohio,US,45242
ARP Electric & Power Systems,arppower.com,arppower.com,,,,Broadview Heights,Ohio,US,44147
"P.J. Hughes Electric, Inc.",pjhugheselectricinc.com,pjhugheselectricinc.com,,,,Brook Park,Ohio,US,44142
"Power Works, LLC",panhd51.wixsite.com,panhd51.wixsite.com,,,,Brook Park,Ohio,US,44142
ARP Heating & Air Conditioning,arpheating.com,arpheating.com,,,,Brooklyn Heights,Ohio,US,44131
Chase Electric,chase-elect.com,chase-elect.com,,,,Brookville,Ohio,US,45309
"Heart of Ohio HVAC, Plumbing and Electric",heartofohiohvac.com,heartofohiohvac.com,,,,Brunswick,Ohio,US,44212
LED Electric Solutions LLC,facebook.com,facebook.com,,,,Brunswick,Ohio,US,44212
Cameron & Sons Electricians LLC,superbelectricians.com,superbelectricians.com,,,,Centerville,Ohio,US,45458
Reliable Electric,reliableec.com,reliableec.com,,,,Centerville,Ohio,US,45459
Vivid Electric and Services,vividelectricoh.com,vividelectricoh.com,,,,Centerville,Ohio,US,45458
"Clover Electric, Inc.",cloverelectric.com,cloverelectric.com,,,,Chagrin Falls,Ohio,US,44023
Connected Electrical,connectedelectrical.com,connectedelectrical.com,,,,Chagrin Falls,Ohio,US,44023
BLUE COLLAR ELECTRICIANS,bluecollarelectricians.com,bluecollarelectricians.com,,,,Chardon,Ohio,US,44024
Shepp Electric Co,generatorpros.com,generatorpros.com,,,,Chardon,Ohio,US,44024
Apex Electrical Service LLC.,apexelectricalservice.com,apexelectricalservice.com,,,,Cincinnati,Ohio,US,45244
Apollo Home,apollohome.com,apollohome.com,,,,Cincinnati,Ohio,US,45209
B & J Electrical Co,bjelectrical.com,bjelectrical.com,,,,Cincinnati,Ohio,US,45237
BG Electrical Services,bgelectricalsvcs.com,bgelectricalsvcs.com,,,,Cincinnati,Ohio,US,45248
"Brodbeck Electric, LLC",brodbeckelectric.com,brodbeckelectric.com,,,,Cincinnati,Ohio,US,45244
Cooper Electric,cooper-electric.net,cooper-electric.net,,,,Cincinnati,Ohio,US,45223
"Craftsman Electric, Inc",craftsmanelectric.com,craftsmanelectric.com,,,,Cincinnati,Ohio,US,45236
Cullen Electric,cullenelectricoh.hibuwebsites.com,cullenelectricoh.hibuwebsites.com,,,,Cincinnati,Ohio,US,45245
Curry Electric Inc.,curryelectric.com,curryelectric.com,,,,Cincinnati,Ohio,US,45244
Echler Electric,echlerelectric.com,echlerelectric.com,,,,Cincinnati,Ohio,US,45212
Flash Charging Station,flashparking.com,flashparking.com,,,,Cincinnati,Ohio,US,45202
Frey Electric Inc,freyelectric.com,freyelectric.com,,,,Cincinnati,Ohio,US,45247
Gerke Elec Inc,gerkeelectric.com,gerkeelectric.com,,,,Cincinnati,Ohio,US,45217
"HELP Plumbing, Heating, Cooling and Drains",333help.com,333help.com,,,,Cincinnati,Ohio,US,45215
Handyman - Electrician - Plumber - Painting - Drywall - Concrete - Tile,yourjobdonenow.com,yourjobdonenow.com,,,,Cincinnati,Ohio,US,45205
Innovative Electric Service LLC,innovativeelectricservice.net,innovativeelectricservice.net,,,,Cincinnati,Ohio,US,45252
JTL Electric Inc,jtlelectricinc.com,jtlelectricinc.com,,,,Cincinnati,Ohio,US,45224
Kraft Electrical Contracting,kecc.com,kecc.com,,,,Cincinnati,Ohio,US,45233
Lighthouse YT LLC,lighthouseytllc.com,lighthouseytllc.com,,,,Cincinnati,Ohio,US,45242
Lipps Electric Services,ronlippselectric.com,ronlippselectric.com,,,,Cincinnati,Ohio,US,45240
Mann Electrical Services LLC,mannelectricalservices.com,mannelectricalservices.com,,,,Cincinnati,Ohio,US,45249
Nabi Electric,nabielectric.com,nabielectric.com,,,,Cincinnati,Ohio,US,45227
Paff Electric & Solar,paffelectricandsolar.com,paffelectricandsolar.com,,,,Cincinnati,Ohio,US,45238
RDK Electrical Service,rdkelectricalservice.com,rdkelectricalservice.com,,,,Cincinnati,Ohio,US,45248
Riverside Electric Inc,riverside-elec.com,riverside-elec.com,,,,Cincinnati,Ohio,US,45215
University of Cincinnati Charging Station,uc.edu,uc.edu,,,,Cincinnati,Ohio,US,45229
VelascoElectric LLC,velascoelectricllc.com,velascoelectricllc.com,,,,Cincinnati,Ohio,US,45240
"Wuest Electric Company, Inc.",wuestelectric.com,wuestelectric.com,,,,Cincinnati,Ohio,US,45238
Calvin Electric LLC,calvinelectricllc.com,calvinelectricllc.com,,,,Clayton,Ohio,US,45315
AC Electric,acelectricohio.com,acelectricohio.com,,,,Cleveland,Ohio,US,44127
"All-Pro Electric Service, Inc.",allproelectricservice.com,allproelectricservice.com,,,,Cleveland,Ohio,US,44129
Allied Electric Co Inc.,alliedelectinc.com,alliedelectinc.com,,,,Cleveland,Ohio,US,44127
B & W Auto Electric,b-w-auto-electric.edan.io,b-w-auto-electric.edan.io,,,,Cleveland,Ohio,US,44103
CLEVELAND ELECTRICAL,clevelandelectrical.com,clevelandelectrical.com,,,,Cleveland,Ohio,US,44111
D & A Electric,dandaelectric.com,dandaelectric.com,,,,Cleveland,Ohio,US,44110
Einheit Electric Construction,einheitelectric.com,einheitelectric.com,,,,Cleveland,Ohio,US,44109
Gateway Electric Inc,gatewayelectric.com,gatewayelectric.com,,,,Cleveland,Ohio,US,44128
Gorjanc Home Services,gorjanc.com,gorjanc.com,,,,Cleveland,Ohio,US,44143
Hallaran Electric LLC,hallaran-electric.com,hallaran-electric.com,,,,Cleveland,Ohio,US,44114
"Hennings Quality Service, Inc",hqs1.com,hqs1.com,,,,Cleveland,Ohio,US,44111
Integrated Power Services (IPS) - Cleveland East,ips.us,ips.us,,,,Cleveland,Ohio,US,44130
Lincoln Electric Charging Station,lincolnelectric.com,lincolnelectric.com,,,,Cleveland,Ohio,US,44114
Mars Electric,marselectric.com,marselectric.com,,,,Cleveland,Ohio,US,44114
Mr. Megawatts Electricians,mrmegawatts.com,mrmegawatts.com,,,,Cleveland,Ohio,US,44101
Puritas Hardware & Vacuum,puritashardware.com,puritashardware.com,,,,Cleveland,Ohio,US,44135
R J Martin Electrical,rjmartinelectric.com,rjmartinelectric.com,,,,Cleveland,Ohio,US,44146
Redmond Waltz,redmondwaltz.com,redmondwaltz.com,,,,Cleveland,Ohio,US,44103
"Signature Electric, Inc.",signatureelectriccorp.com,signatureelectriccorp.com,,,,Cleveland,Ohio,US,44109
Ullman Electric,ullmanelectric.com,ullmanelectric.com,,,,Cleveland,Ohio,US,44114
Assurance Factor Electric,assurancefactorelectrician.com,assurancefactorelectrician.com,,,,Cleveland Heights,Ohio,US,44118
Dave's Electric,daves-electric.com,daves-electric.com,,,,Cleveland Heights,Ohio,US,44118
Ferricci Electric Inc.,ferriccielectricinc.com,ferriccielectricinc.com,,,,Cleveland Heights,Ohio,US,44118
Hollstegge Electric,hollsteggeelectric.com,hollsteggeelectric.com,,,,Cleves,Ohio,US,45002
"Aire-Flo Heating, Cooling & Generators",aire-flo.com,aire-flo.com,,,,Columbus,Ohio,US,43202
"Apex Pros Plumbing, Electrical, Heating and Air",apexpros.com,apexpros.com,,,,Columbus,Ohio,US,43229
Buckeye Electric of Upper Arlington,614electrician.com,614electrician.com,,,,Columbus,Ohio,US,43221
Buckeye Electric of Upper Arlington,buckeyeelectric.com,buckeyeelectric.com,,,,Columbus,Ohio,US,43215
Care Electric LLC,careelectric.org,careelectric.org,,,,Columbus,Ohio,US,43235
Columbus Ohio Electrician,electriciancolumbusohio.com,electriciancolumbusohio.com,,,,Columbus,Ohio,US,43220
Confident Electric,confidentelectric.net,confidentelectric.net,,,,Columbus,Ohio,US,43229
"Countryside Electric, Inc.",countrysideelectric.net,countrysideelectric.net,,,,Columbus,Ohio,US,43219
Efficient Electric Corp,efficient-electric.com,efficient-electric.com,,,,Columbus,Ohio,US,43232
"Electrical Design & Service, Inc.",electricaldesignandservice.com,electricaldesignandservice.com,,,,Columbus,Ohio,US,43219
Greenspot Charging Station,greenspot.com,greenspot.com,,,,Columbus,Ohio,US,43215
Greenspot Charging Station,joingreenspot.com,joingreenspot.com,,,,Columbus,Ohio,US,43215
IEC Central Ohio,ieccentraloh.org,ieccentraloh.org,,,,Columbus,Ohio,US,43219
Joe Gioffre Electric Co.,joegioffreelectric.com,joegioffreelectric.com,,,,Columbus,Ohio,US,43224
Just Right Electric LLC,clienthub.getjobber.com,clienthub.getjobber.com,,,,Columbus,Ohio,US,43229
Ohio Power Tool,ohiopowertool.com,ohiopowertool.com,,,,Columbus,Ohio,US,43212
Quality Electric,qualityohio.com,qualityohio.com,,,,Columbus,Ohio,US,43229
Safe Electric and Plumbing,callsafe.com,callsafe.com,,,,Columbus,Ohio,US,43231
Still Electric,stillelectric.com,stillelectric.com,,,,Columbus,Ohio,US,43207
The Electric Connection,theelectricconnect.com,theelectricconnect.com,,,,Columbus,Ohio,US,43229
"ASIDACO, LLC",asidaco.com,asidaco.com,,,,Dayton,Ohio,US,45403
Active Electric Inc,active-electric.com,active-electric.com,,,,Dayton,Ohio,US,45439
"All Spark Electric, LLC",allsparkelectric.net,allsparkelectric.net,,,,Dayton,Ohio,US,45404
Andrew Casey Electrical Contractors,electriciandaytonohio.com,electriciandaytonohio.com,,,,Dayton,Ohio,US,45414
Bates Electric,bateselec.com,bateselec.com,,,,Dayton,Ohio,US,45402
"Bonham Electric, Inc.",jeffbonhamelectric.com,jeffbonhamelectric.com,,,,Dayton,Ohio,US,45424
Bright light electric company,brightlightelectriccompany.godaddysites.com,brightlightelectriccompany.godaddysites.com,,,,Dayton,Ohio,US,45420
Delta Power Group,deltapowergroup.com,deltapowergroup.com,,,,Dayton,Ohio,US,45402
Electric Werkes Ltd.,electricwerkes.com,electricwerkes.com,,,,Dayton,Ohio,US,45459
Henlee Electric,henleeelectric.com,henleeelectric.com,,,,Dayton,Ohio,US,45403
Ideal Electrical Services,iesohio.co,iesohio.co,,,,Dayton,Ohio,US,45403
Jahn Electric Services,jahnelectric.com,jahnelectric.com,,,,Dayton,Ohio,US,45440
"Larkin Electric Co., LLC.",larkinelectric.com,larkinelectric.com,,,,Dayton,Ohio,US,45419
Midwest Renovation & Construction,midwestrenovationandconstruction.com,midwestrenovationandconstruction.com,,,,Dayton,Ohio,US,45414
Ohio Electric Services,ohioelectricservices.com,ohioelectricservices.com,,,,Dayton,Ohio,US,45404
Rolo Electric,rolo-electric.com,rolo-electric.com,,,,Dayton,Ohio,US,45439
Saturn Electric,saturn-electric.com,saturn-electric.com,,,,Dayton,Ohio,US,45414
Singer Vaughn Electric,singervaughnelectric.com,singervaughnelectric.com,,,,Dayton,Ohio,US,45429
"Sparks Electric Service, LLC",sparkselectricservice.com,sparkselectricservice.com,,,,Dayton,Ohio,US,45414
Studebaker Electric Co,studebakerelectric.com,studebakerelectric.com,,,,Dayton,Ohio,US,45415
Warrens Electric LLC,warrenselectricllc.com,warrenselectricllc.com,,,,Dayton,Ohio,US,45420
York Electric Inc,yorkelect.com,yorkelect.com,,,,Dayton,Ohio,US,45402
"Garber Electrical Contractors, Inc.",garberelectric.com,garberelectric.com,,,,Englewood,Ohio,US,45322
"Alliance Electric, LLC",allianceelectric.llc,allianceelectric.llc,,,,Enon,Ohio,US,45323
Waibel Electric,waibelelectric.com,waibelelectric.com,,,,Etna,Ohio,US,43068
Boost Electric,boostelectricdyt.net,boostelectricdyt.net,,,,Franklin,Ohio,US,45005
Electric Medic,mrelectricmedic.com,mrelectricmedic.com,,,,Gahanna,Ohio,US,43230
Elite Electric Services,eliteelectricohio.com,eliteelectricohio.com,,,,Gahanna,Ohio,US,43230
Atomic Electric & Generators Inc.,atomicelectricgenerators.com,atomicelectricgenerators.com,,,,Garfield Heights,Ohio,US,44125
"Tri-County Electric Service, Inc.",tricountyelectricservice.com,tricountyelectricservice.com,,,,Garfield Heights,Ohio,US,44128
Electrical Service Professionals,espohio.com,espohio.com,,,,Grove City,Ohio,US,43123
Queen City Generator Service,qcgenservice.com,qcgenservice.com,,,,Hamilton,Ohio,US,45013
"Eco Plumbers, Electricians, and HVAC Technicians",geteco.com,geteco.com,,,,Hilliard,Ohio,US,43026
Queen City Electric,queencityelectric.com,queencityelectric.com,,,,Hooven,Ohio,US,45033
Custom Electric Service Inc,customelectricohio.com,customelectricohio.com,,,,Independence,Ohio,US,44131
Lakeland Electric Inc,lakelandohio.com,lakelandohio.com,,,,Independence,Ohio,US,44131
Hunter Electric and Construction LLC,hunterelectricconstruction.com,hunterelectricconstruction.com,,,,Kettering,Ohio,US,45420
"Positive Electric, Inc.",positive-electric.com,positive-electric.com,,,,Kettering,Ohio,US,45432
Clock Electric Inc,clockelectricinc.godaddysites.com,clockelectricinc.godaddysites.com,,,,Lakewood,Ohio,US,44107
Electric Nick,junipersolutions.wixstudio.com,junipersolutions.wixstudio.com,,,,Lakewood,Ohio,US,44107
Expo Electrical Technologies,gotsparky.com,gotsparky.com,,,,Lakewood,Ohio,US,44107
Kramer Electrical,kramerelectrical.com,kramerelectrical.com,,,,London,Ohio,US,43140
"Rossmann Electric, Inc.",rossmannelectric.com,rossmannelectric.com,,,,Loveland,Ohio,US,45140
STG Electric Services,stgelectricservices.com,stgelectricservices.com,,,,Macedonia,Ohio,US,44056
Generator Systems LLC,generatorsystems.com,generatorsystems.com,,,,Medina,Ohio,US,44256
Generator One LLC,generatorone.com,generatorone.com,,,,Mentor,Ohio,US,44060
Baker Electric LLC,bakerec.us,bakerec.us,,,,Miamisburg,Ohio,US,45342
Villers Advanced Electric LLC,villersadvancedelectric.com,villersadvancedelectric.com,,,,Middlefield,Ohio,US,44062
Impressive Electric LLC,impressiveelectric.com,impressiveelectric.com,,,,Middletown,Ohio,US,45005
Harkin Electrical Services LLC,harkinelectricalservices.com,harkinelectricalservices.com,,,,Milford,Ohio,US,45150
Holland Electrical Services llc,hollandelectricalservicesllc.com,hollandelectricalservicesllc.com,,,,Milford,Ohio,US,45150
Turner On Services,callturneron.com,callturneron.com,,,,Milford,Ohio,US,45150
ESI Electrical Contractors,esielectrical.com,esielectrical.com,,,,Moraine,Ohio,US,45439
Synergy Electrical,synergyelectricalllc.com,synergyelectricalllc.com,,,,New Albany,Ohio,US,43054
"Standby Energy Solutions, LLC",standbyenergy.net,standbyenergy.net,,,,New London,Ohio,US,44851
"Weekley Electric, LLC",weekleyelectric.com,weekleyelectric.com,,,,Newark,Ohio,US,43055
Portman Electric,portmangenerators.com,portmangenerators.com,,,,Novelty,Ohio,US,44072
Green Light Electric,greenlightelectricservice.com,greenlightelectricservice.com,,,,Olmsted Falls,Ohio,US,44138
Nitelights of Cleveland,nitelightsofcleveland.com,nitelightsofcleveland.com,,,,Olmsted Falls,Ohio,US,44138
Olmsted Electric,olmstedelectric.com,olmstedelectric.com,,,,Olmsted Falls,Ohio,US,44138
A2Z Lighting Services,a2zlightingservices.com,a2zlightingservices.com,,,,Parma,Ohio,US,44134
"Conner Electrical Services, Inc.",connerelectric.com,connerelectric.com,,,,Parma,Ohio,US,44129
Paradigm Electric - Parma Residential Electrician,paradigmelectricllc.com,paradigmelectricllc.com,,,,Parma,Ohio,US,44134
Wired For Success LLC,wiredforsuccess.org,wiredforsuccess.org,,,,Parma,Ohio,US,44129
Higher Power Electric,higherpowerelectricinc.com,higherpowerelectricinc.com,,,,Pataskala,Ohio,US,43062
My Electric Works,myelectricworks.com,myelectricworks.com,,,,Plain City,Ohio,US,43064
"R & T Yoder Electric, Inc - Plain City",rtyoder.com,rtyoder.com,,,,Plain City,Ohio,US,43064
"Sherwin Electrical, LLC",sherwinelectrical.com,sherwinelectrical.com,,,,Powell,Ohio,US,43065
Wesley Electric Inc.,wesleyelectricinc.com,wesleyelectricinc.com,,,,Ravenna,Ohio,US,44266
Excel Electrical Services LLC,excelelectricalservices.com,excelelectricalservices.com,,,,Reynoldsburg,Ohio,US,43068
Groppi Electric,groppielectric.com,groppielectric.com,,,,Sagamore Hills,Ohio,US,44067
Emerald Electric,emeraldelectriccle.com,emeraldelectriccle.com,,,,Shaker Heights,Ohio,US,44120
AmShan Mobile Equipment Electrical,amshan.com,amshan.com,,,,Sheffield,Ohio,US,44054
Shumake Electric,shumakeelectric.com,shumakeelectric.com,,,,Solon,Ohio,US,44139
J&J Electrical Solutions,jandjelectricalsolutions.com,jandjelectricalsolutions.com,,,,Springboro,Ohio,US,45066
Mid-Ohio Generators,mid-ohiogenerators.com,mid-ohiogenerators.com,,,,Sunbury,Ohio,US,43074
Advanced Tech and Electrical,advancedtechandelectrical.com,advancedtechandelectrical.com,,,,Twinsburg,Ohio,US,44087
Buckeye Power Sales,buckeyepowersales.com,buckeyepowersales.com,,,,Twinsburg,Ohio,US,44087
Dolphin Electric,dolphinelectric.us,dolphinelectric.us,,,,Uniontown,Ohio,US,44685
"Skettle Electric, Inc.",skettleelectric.com,skettleelectric.com,,,,University Heights,Ohio,US,44118
"Arlington Electric, LLC",arlington-electric.com,arlington-electric.com,,,,Upper Arlington,Ohio,US,43220
Cleveland Electrical JATC,cejatc.org,cejatc.org,,,,Valley View,Ohio,US,44125
Jss Electric Inc,jsselectric.net,jsselectric.net,,,,Warrensville Heights,Ohio,US,44128
A-Abel Family of Companies,a-abel.com,a-abel.com,,,,Washington Township,Ohio,US,45459
Bradley Electric,bradleyelectricohio.com,bradleyelectricohio.com,,,,Westerville,Ohio,US,43081
"MD Electric of Ohio, LLC",mdelectricohio.com,mdelectricohio.com,,,,Westerville,Ohio,US,43082
Streb Electric,strebelectric.com,strebelectric.com,,,,Willoughby,Ohio,US,44094
CLE Electric LLC,cleelectric.com,cleelectric.com,,,,Willowick,Ohio,US,44095
RCS Electric,rcselectric.com,rcselectric.com,,,,Bristow,Oklahoma,US,74010
Empower Electric LLC,empowerelectricba.com,empowerelectricba.com,,,,Broken Arrow,Oklahoma,US,74012
Hot Shot Electric LLC,hotshotelectrical.com,hotshotelectrical.com,,,,Broken Arrow,Oklahoma,US,74014
Murray Electric & Plumbing,getmurray.com,getmurray.com,,,,Broken Arrow,Oklahoma,US,74012
Nova Electric,nova-electric.net,nova-electric.net,,,,Broken Arrow,Oklahoma,US,74012
Reavis Electrical Services,reaviselectric.com,reaviselectric.com,,,,Broken Arrow,Oklahoma,US,74012
Waybright Electric,callwaybright.com,callwaybright.com,,,,Broken Arrow,Oklahoma,US,74012
American Standard Electric,americanstandardelectricok.com,americanstandardelectricok.com,,,,Edmond,Oklahoma,US,73003
Integrated Electric,integratedok.com,integratedok.com,,,,Edmond,Oklahoma,US,73013
Robert Baxter Electric,rbeelectric.com,rbeelectric.com,,,,Edmond,Oklahoma,US,73012
ACE Electrical Services LLC,aceelectricok.com,aceelectricok.com,,,,Guthrie,Oklahoma,US,73044
"Skipper and Sons Electric, Inc",skipperandsonselectric.com,skipperandsonselectric.com,,,,Harrah,Oklahoma,US,73045
"HIS Electric, LLC.",hiselectric.org,hiselectric.org,,,,Luther,Oklahoma,US,73054
24/7 Electrical Services and Repairs,247electricalservices.com,247electricalservices.com,,,,McLoud,Oklahoma,US,74851
Enlisted Electric,enlistedelectric.com,enlistedelectric.com,,,,Midwest City,Oklahoma,US,73130
Flux Electric,fluxok.com,fluxok.com,,,,Midwest City,Oklahoma,US,73110
Bliss Electric Inc.,blisselectricinc.com,blisselectricinc.com,,,,Moore,Oklahoma,US,73160
Dedicated Electrical Services Inc.,dedicatedelectricokc.com,dedicatedelectricokc.com,,,,Moore,Oklahoma,US,73160
Oklahoma Generator,okgen.com,okgen.com,,,,Moore,Oklahoma,US,73160
Right On Electric,rightonelectric405.com,rightonelectric405.com,,,,Moore,Oklahoma,US,73160
Spark Shark Electric,sparkshark.com,sparkshark.com,,,,Moore,Oklahoma,US,73160
LandS Electric and Lighting LLC,lselectricandlighting.com,lselectricandlighting.com,,,,Mustang,Oklahoma,US,73064
Accel Electric Lighting & HVAC,accelelectricok.com,accelelectricok.com,,,,Norman,Oklahoma,US,73069
Blackout Generators and Service,blackoutgenok.com,blackoutgenok.com,,,,Norman,Oklahoma,US,73072
Generator Experts of Oklahoma,genexpertsok.com,genexpertsok.com,,,,Norman,Oklahoma,US,73069
PowerPlay Electric,callpowerplay.com,callpowerplay.com,,,,Norman,Oklahoma,US,73069
Alliance Electric Services,ourelectrician.com,ourelectrician.com,,,,Oklahoma City,Oklahoma,US,73169
American Handwerk inc,americanhandwerk.com,americanhandwerk.com,,,,Oklahoma City,Oklahoma,US,73106
Anywhere Electric,m.facebook.com,m.facebook.com,,,,Oklahoma City,Oklahoma,US,73159
Arrow Electric | OKC,arrowelectric.pro,arrowelectric.pro,,,,Oklahoma City,Oklahoma,US,73104
Barnett Electrical Heating and Air,barnettelectrical.com,barnettelectrical.com,,,,Oklahoma City,Oklahoma,US,73129
Blue Sky Electric,blueskysparky.com,blueskysparky.com,,,,Oklahoma City,Oklahoma,US,73128
Bright Electrician Oklahoma City,brightelectricianoklahomacity.com,brightelectricianoklahomacity.com,,,,Oklahoma City,Oklahoma,US,73139
Caliber Electric,caliberelectricok.com,caliberelectricok.com,,,,Oklahoma City,Oklahoma,US,73109
Capitol Electric Motor Repair Inc.,capitolelectricmtrs.com,capitolelectricmtrs.com,,,,Oklahoma City,Oklahoma,US,73108
Celestial Electric & Construction,celestialelectricandconstruction.com,celestialelectricandconstruction.com,,,,Oklahoma City,Oklahoma,US,73139
Central Oklahoma Electrical Company,centraloklahomaelectricalcompany.com,centraloklahomaelectricalcompany.com,,,,Oklahoma City,Oklahoma,US,73159
Comfort Wave Home Services,comfortwave.com,comfortwave.com,,,,Oklahoma City,Oklahoma,US,73169
Delta Electrical Contractors,deltaelectric.com,deltaelectric.com,,,,Oklahoma City,Oklahoma,US,73105
Denney Electrical Services,okcelectricalservices.com,okcelectricalservices.com,,,,Oklahoma City,Oklahoma,US,73120
Edge Electric,okcelectrician.com,okcelectrician.com,,,,Oklahoma City,Oklahoma,US,73170
Flanco Electric,flancoelectricok.com,flancoelectricok.com,,,,Oklahoma City,Oklahoma,US,73106
Flying J EV Charging Station,locations.pilotflyingj.com,locations.pilotflyingj.com,,,,Oklahoma City,Oklahoma,US,73128
Francis Energy Charging Station,francis.energy,francis.energy,,,,Oklahoma City,Oklahoma,US,73120
Generator Supercenter of Oklahoma,generatorsupercenterofoklahoma.com,generatorsupercenterofoklahoma.com,,,,Oklahoma City,Oklahoma,US,73131
Grider Electric,griderelectriccompany.com,griderelectriccompany.com,,,,Oklahoma City,Oklahoma,US,73114
Hometown Full Service Electric LLC,hometownfullserviceelectric.com,hometownfullserviceelectric.com,,,,Oklahoma City,Oklahoma,US,73107
Hopkins Electric Company,hopkinselectric.com,hopkinselectric.com,,,,Oklahoma City,Oklahoma,US,73128
Kelvin Electric,kelvinelectricok.com,kelvinelectricok.com,,,,Oklahoma City,Oklahoma,US,73108
Messer Electric,messerelectric.com,messerelectric.com,,,,Oklahoma City,Oklahoma,US,73129
Metro Tech Electric,metrotechok.com,metrotechok.com,,,,Oklahoma City,Oklahoma,US,73179
Mr. Electric of Oklahoma City - South,mrelectricok.com,mrelectricok.com,,,,Oklahoma City,Oklahoma,US,73135
OKC Electrical Contractors Inc.,okcelectric.com,okcelectric.com,,,,Oklahoma City,Oklahoma,US,73106
Oklahoma City Electricians,oklahoma-electricians.com,oklahoma-electricians.com,,,,Oklahoma City,Oklahoma,US,73120
Osborne Electric Company,osborneelectric.com,osborneelectric.com,,,,Oklahoma City,Oklahoma,US,73105
Performance Electric Inc,performanceelectricokc.com,performanceelectricokc.com,,,,Oklahoma City,Oklahoma,US,73119
Pro Power Equipment,okcpropower.com,okcpropower.com,,,,Oklahoma City,Oklahoma,US,73159
"Red Earth Electric, LLC",redearthelectric.com,redearthelectric.com,,,,Oklahoma City,Oklahoma,US,73129
Reddin Electric,reddinelectric.com,reddinelectric.com,,,,Oklahoma City,Oklahoma,US,73162
Ross Electric,rosselectricokc.com,rosselectricokc.com,,,,Oklahoma City,Oklahoma,US,73112
Rucker Mechanical and Electric,ruckermechanical.com,ruckermechanical.com,,,,Oklahoma City,Oklahoma,US,73132
"Spark Electrical Solutions, LLC",sparkcontractor.com,sparkcontractor.com,,,,Oklahoma City,Oklahoma,US,73114
TMAX Electric,tmaxelectric.com,tmaxelectric.com,,,,Oklahoma City,Oklahoma,US,73127
Tom King Electric,tomkingelectric.com,tomkingelectric.com,,,,Oklahoma City,Oklahoma,US,73116
Urgent Electrician Oklahoma City,urgentelectricianoklahomacity.com,urgentelectricianoklahomacity.com,,,,Oklahoma City,Oklahoma,US,73106
"Freedom Electrical Services, Inc.",freedomelectricalservices.com,freedomelectricalservices.com,,,,Sapulpa,Oklahoma,US,74066
Pride Electric LLC,prideelectric.net,prideelectric.net,,,,Sapulpa,Oklahoma,US,74066
Above Standard Electric,asetulsa.com,asetulsa.com,,,,Tulsa,Oklahoma,US,74115
Adair Electric Inc,adairelectrictulsa.com,adairelectrictulsa.com,,,,Tulsa,Oklahoma,US,74120
Airco Service,aircoservice.com,aircoservice.com,,,,Tulsa,Oklahoma,US,74145
Arnold Electric Inc,aeiok.com,aeiok.com,,,,Tulsa,Oklahoma,US,74120
"Aspen Electrical Services , LLC",aspenelectricalservices.com,aspenelectricalservices.com,,,,Tulsa,Oklahoma,US,74112
Bob Dooley Electric,bobdooleyelectric.com,bobdooleyelectric.com,,,,Tulsa,Oklahoma,US,74107
Buxton Electric LLC,buxtonelectric.com,buxtonelectric.com,,,,Tulsa,Oklahoma,US,74132
"Clifford Power Systems, Inc.",cliffordpower.com,cliffordpower.com,,,,Tulsa,Oklahoma,US,74117
Code Red Electric Company,coderedelectricco.com,coderedelectricco.com,,,,Tulsa,Oklahoma,US,74115
"Daveco Electric, Inc",davecotulsa.com,davecotulsa.com,,,,Tulsa,Oklahoma,US,74112
Emco Electric,emco918.com,emco918.com,,,,Tulsa,Oklahoma,US,74116
Emergency Power Systems,epstulsa.com,epstulsa.com,,,,Tulsa,Oklahoma,US,74107
Forehand Electric Inc,forehandelectric.com,forehandelectric.com,,,,Tulsa,Oklahoma,US,74110
Francis Energy Charging Station,francisenergy.com,francisenergy.com,,,,Tulsa,Oklahoma,US,74120
Generator Supercenter of Tulsa,generatorsupercenteroftulsa.com,generatorsupercenteroftulsa.com,,,,Tulsa,Oklahoma,US,74145
Genesis 1:3 Electric LLC,g13e.com,g13e.com,,,,Tulsa,Oklahoma,US,74115
Gilley Electric,gilleyelectric.com,gilleyelectric.com,,,,Tulsa,Oklahoma,US,74104
Green Country Generators,greencountrygenerators.com,greencountrygenerators.com,,,,Tulsa,Oklahoma,US,74137
Henley Electric,electricalservicestulsa.com,electricalservicestulsa.com,,,,Tulsa,Oklahoma,US,74146
Houchin Electric Co,houchinelectric.com,houchinelectric.com,,,,Tulsa,Oklahoma,US,74146
"M Electric, LLC",m-electricllc.com,m-electricllc.com,,,,Tulsa,Oklahoma,US,74133
Millers Superior Electric LLC,millerssuperiorelectric.com,millerssuperiorelectric.com,,,,Tulsa,Oklahoma,US,74128
Tulsa Electric LLC,tulsaelectricllc.com,tulsaelectricllc.com,,,,Tulsa,Oklahoma,US,74106
Tulsa Generator Sales & Service,tulsageneratorservices.com,tulsageneratorservices.com,,,,Tulsa,Oklahoma,US,74132
United Electric Group LLC,unitedelectric.org,unitedelectric.org,,,,Tulsa,Oklahoma,US,74135
Urgent Electrician Tulsa,urgentelectriciantulsa.com,urgentelectriciantulsa.com,,,,Tulsa,Oklahoma,US,74120
Watt's Right Electric,callwattsright.com,callwattsright.com,,,,Tulsa,Oklahoma,US,74146
Yeldell Electric,yeldellelectric.com,yeldellelectric.com,,,,Tulsa,Oklahoma,US,74128
Dickinson Electric Hillsboro,dickinsonselectric.com,dickinsonselectric.com,,,,Aloha,Oregon,US,97007
"Portland Electrical Construction, Inc",portlandelectrical.com,portlandelectrical.com,,,,Aurora,Oregon,US,97002
Roth Home,callroth.com,callroth.com,,,,Aurora,Oregon,US,97002
DreamHouse Electric,dreamhouseelectric.com,dreamhouseelectric.com,,,,Beaverton,Oregon,US,97005
Mike's Electric,mikeselectric.biz,mikeselectric.biz,,,,Beaverton,Oregon,US,97005
Roselyn Home Repairs,roselynhomerepairs.com,roselynhomerepairs.com,,,,Beaverton,Oregon,US,97005
Steele Electric,steeleelectric.com,steeleelectric.com,,,,Beaverton,Oregon,US,97008
All-Systems Electric LLC,asebend.com,asebend.com,,,,Bend,Oregon,US,97702
Bend Electric Inc,bendelectric.net,bendelectric.net,,,,Bend,Oregon,US,97701
Bright Services LLC,brightservices.com,brightservices.com,,,,Bend,Oregon,US,97702
"Central Oregon Heating, Cooling, Plumbing & Electrical",coheating.com,coheating.com,,,,Bend,Oregon,US,97702
Delta Electric Service LLC,deltaelecticservicellc.com,deltaelecticservicellc.com,,,,Bend,Oregon,US,97702
Deluge Electrical Contracting,delugeelectric.com,delugeelectric.com,,,,Bend,Oregon,US,97701
Deschutes Advanced Electric,deschutesadvancedelectric.com,deschutesadvancedelectric.com,,,,Bend,Oregon,US,97702
Electricians Bend Oregon,electriciansbendoregon.com,electriciansbendoregon.com,,,,Bend,Oregon,US,97702
Elite Electric,elitebend.com,elitebend.com,,,,Bend,Oregon,US,97701
Gold Electric Inc.,gogoldelectric.com,gogoldelectric.com,,,,Bend,Oregon,US,97702
Hawkins Electric,hawkinselectric.llc,hawkinselectric.llc,,,,Bend,Oregon,US,97708
Integrated Electric LLC,integratedelectricbend.com,integratedelectricbend.com,,,,Bend,Oregon,US,97709
Juniper Electric,usmapiz.org,usmapiz.org,,,,Bend,Oregon,US,97701
North Rim Electric,northrimelectric.com,northrimelectric.com,,,,Bend,Oregon,US,97702
Reel Electric & Service LLC,reelelectricservice.com,reelelectricservice.com,,,,Bend,Oregon,US,97707
Severson Electric,seversonelectric.com,seversonelectric.com,,,,Bend,Oregon,US,97703
Tomco Electric,tomcoelectric.com,tomcoelectric.com,,,,Bend,Oregon,US,97701
"TwinCo Electric, Inc.",twincoelectric.com,twincoelectric.com,,,,Bend,Oregon,US,97701
WOW Electric LLC - Wire On Wheels,wireonwheels.com,wireonwheels.com,,,,Bend,Oregon,US,97702
DT Electric,dtelectriccompany.com,dtelectriccompany.com,,,,Clackamas,Oregon,US,97015
Oregon Generators,orgenerators.com,orgenerators.com,,,,Clackamas,Oregon,US,97015
Alternative Power Systems LLC,altpowersystems.com,altpowersystems.com,,,,Estacada,Oregon,US,97023
Affinity Electric,nwaffinityelectric.com,nwaffinityelectric.com,,,,Gladstone,Oregon,US,97027
Craftsman Electric Inc,craftsmanelectricinc.com,craftsmanelectricinc.com,,,,Gresham,Oregon,US,97030
Orient Electric Inc,orient-electric.com,orient-electric.com,,,,Gresham,Oregon,US,97080
Proper Electric Inc.,properelectricpdx.com,properelectricpdx.com,,,,Gresham,Oregon,US,97030
Portland Metro Electric,portlandmetroelectric.com,portlandmetroelectric.com,,,,Happy Valley,Oregon,US,97086
Beaver Electric,beaverelectricnw.com,beaverelectricnw.com,,,,Hillsboro,Oregon,US,97123
"RK Electric, Inc.",rkelectric.biz,rkelectric.biz,,,,Hillsboro,Oregon,US,97123
Jarrett Electric,jarrettelectricalservices.com,jarrettelectricalservices.com,,,,La Pine,Oregon,US,97739
AC ELECTRICAL CONTRACTOR LLC,acelectricalcontractorllc.com,acelectricalcontractorllc.com,,,,Lake Oswego,Oregon,US,97035
HVAC & Appliance Repair Guys,hvacandapplianceguys.com,hvacandapplianceguys.com,,,,Lake Oswego,Oregon,US,97035
Johansen Electric,johansenelectric.com,johansenelectric.com,,,,Lake Oswego,Oregon,US,97035
PDX Electric,pdxelectric.com,pdxelectric.com,,,,Lake Oswego,Oregon,US,97035
3 Mountains Home Services,3mountainsplumbing.com,3mountainsplumbing.com,,,,Milwaukie,Oregon,US,97222
Flow Electric LLC,flowelectricllc.com,flowelectricllc.com,,,,Mulino,Oregon,US,97042
Aboveboard Electric Inc,aboveboardoregon.com,aboveboardoregon.com,,,,Newport,Oregon,US,97365
J & J Coastal Electric Inc,jjcoastalelectric.com,jjcoastalelectric.com,,,,Newport,Oregon,US,97365
"Electric Norm, Inc",electricnorm.com,electricnorm.com,,,,Oregon City,Oregon,US,97045
"Energy Solutions, LLC",esolutions-or.com,esolutions-or.com,,,,Oregon City,Oregon,US,97045
Multiphase Electric LLC,multiphaseelectric.com,multiphaseelectric.com,,,,Oregon City,Oregon,US,97045
Pacific Northwest Electric Inc.,pacificnwelectric.com,pacificnwelectric.com,,,,Oregon City,Oregon,US,97045
Parkin Electric Inc,parkinelectric.com,parkinelectric.com,,,,Oregon City,Oregon,US,97045
ATR Electric,atrelectricpro.com,atrelectricpro.com,,,,Portland,Oregon,US,97266
Alameda Electric LLC,alamedaelectricpdx.com,alamedaelectricpdx.com,,,,Portland,Oregon,US,97213
Badger Electric,badgerelectricinc.com,badgerelectricinc.com,,,,Portland,Oregon,US,97213
Bridgetown Electric,bridgetownelectric.com,bridgetownelectric.com,,,,Portland,Oregon,US,97203
"CESSCO, Inc.",cessco.us,cessco.us,,,,Portland,Oregon,US,97218
Callahan Electric,callahanelectricpdx.com,callahanelectricpdx.com,,,,Portland,Oregon,US,97202
Cloud City Electric,cloudcityelectric.com,cloudcityelectric.com,,,,Portland,Oregon,US,97230
Conrey Electric,conreyelectric.com,conreyelectric.com,,,,Portland,Oregon,US,97214
EP Electric Inc,epelectricpdx.com,epelectricpdx.com,,,,Portland,Oregon,US,97266
Eisele Electric LLC,eisele-electric.com,eisele-electric.com,,,,Portland,Oregon,US,97223
Electric Avenue,goelectricave.com,goelectricave.com,,,,Portland,Oregon,US,97205
Electric XYZ,electricxyz.com,electricxyz.com,,,,Portland,Oregon,US,97209
"Elite Electric Group, LLC",eliteelectricgroup.com,eliteelectricgroup.com,,,,Portland,Oregon,US,97230
Falcon Electric,callfalcon.com,callfalcon.com,,,,Portland,Oregon,US,97225
Gerryn Energy,gerrynenergy.com,gerrynenergy.com,,,,Portland,Oregon,US,97220
Grainger Industrial Supply,grainger.com,grainger.com,,,,Portland,Oregon,US,97217
Kaleo Electric LLC,kaleoelectric.com,kaleoelectric.com,,,,Portland,Oregon,US,97220
Lazerbeam Electric,lazerbeamelectric.com,lazerbeamelectric.com,,,,Portland,Oregon,US,97220
Lucky Electric LLC,luckyelectricpdx.com,luckyelectricpdx.com,,,,Portland,Oregon,US,97225
"Murphy Family Electric, Oregon",murphyfamilyelectric.com,murphyfamilyelectric.com,,,,Portland,Oregon,US,97202
Oakley Electric,oakleyelec.com,oakleyelec.com,,,,Portland,Oregon,US,97222
OpConnect Charging Station,opconnect-ev.com,opconnect-ev.com,,,,Portland,Oregon,US,97214
Power Systems West,powersystemswest.com,powersystemswest.com,,,,Portland,Oregon,US,97209
Pro Electric NW,proelectricnw.com,proelectricnw.com,,,,Portland,Oregon,US,97219
RJ Ramos Construction and Electrical Co.,rjramos.com,rjramos.com,,,,Portland,Oregon,US,97266
Red's Electric Co.,redselectric.com,redselectric.com,,,,Portland,Oregon,US,97267
Rose City Electric Co,rosecityelectricco.com,rosecityelectricco.com,,,,Portland,Oregon,US,97210
Shift Electric Co.,shiftelectricco.com,shiftelectricco.com,,,,Portland,Oregon,US,97214
Shorepower Charging Station,shorepower.com,shorepower.com,,,,Portland,Oregon,US,97214
"Smiley Electric, Inc. 🙂 Portland Electricians",smileyelectric.net,smileyelectric.net,,,,Portland,Oregon,US,97227
"Squires Electric, Inc.",squireselectric.com,squireselectric.com,,,,Portland,Oregon,US,97212
Sun Glow Inc. Portland,sunglowinc.com,sunglowinc.com,,,,Portland,Oregon,US,97216
Sunset Heating & Cooling,sunsethc.com,sunsethc.com,,,,Portland,Oregon,US,97239
Tice Electric Company,ticeelectric.com,ticeelectric.com,,,,Portland,Oregon,US,97217
Unity Electrical Service Portland,unityelectricalservice.com,unityelectricalservice.com,,,,Portland,Oregon,US,97213
West Side Electric Company,westsideelectric.com,westsideelectric.com,,,,Portland,Oregon,US,97214
White Lightning Electric,whitelightningpdx.com,whitelightningpdx.com,,,,Portland,Oregon,US,97206
Wolcott,wolcott.pro,wolcott.pro,,,,Portland,Oregon,US,97230
Aspen Ridge Electric,aspenre.net,aspenre.net,,,,Redmond,Oregon,US,97756
Community Electric,mycommunityelectric.com,mycommunityelectric.com,,,,Redmond,Oregon,US,97756
"Lights On Electric, LLC",lightsonelectric-llc.com,lightsonelectric-llc.com,,,,Redmond,Oregon,US,97756
Peak Electric Group,peakelectricgroup.com,peakelectricgroup.com,,,,Scappoose,Oregon,US,97056
Classic Electric,classicelectricnw.com,classicelectricnw.com,,,,Sherwood,Oregon,US,97140
Hoss Electric Inc.,hosselectricinc.com,hosselectricinc.com,,,,Terrebonne,Oregon,US,97760
Redmond Electric,redmondelectric.net,redmondelectric.net,,,,Terrebonne,Oregon,US,97760
Frahler McCoy Electric,frahlermccoy.com,frahlermccoy.com,,,,Tigard,Oregon,US,97223
"Travis Electric, LLC",traviselectric.net,traviselectric.net,,,,Toledo,Oregon,US,97391
ABC Electric,abc-electric.net,abc-electric.net,,,,Tualatin,Oregon,US,97062
Conduit Electric,conduitelectric.net,conduitelectric.net,,,,Tualatin,Oregon,US,97062
"Sky Heating, AC, Plumbing & Electrical",skyheating.com,skyheating.com,,,,Tualatin,Oregon,US,97062
"Boones Ferry Electric, Inc.",boonesferryelectric.com,boonesferryelectric.com,,,,Wilsonville,Oregon,US,97070
Wolfer’s Home Services,wolfersheating.com,wolfersheating.com,,,,Wilsonville,Oregon,US,97070
Creative Electric LLC,creativeelectricor.com,creativeelectricor.com,,,,Woodburn,Oregon,US,97071
Empyre Electric,empyreelectric.com,empyreelectric.com,,,,Woodburn,Oregon,US,97071
Highline Electric LLC,highlineelectricusa.com,highlineelectricusa.com,,,,Woodburn,Oregon,US,97071
Automated Home Generators,ahgenerators.com,ahgenerators.com,,,,Allentown,Pennsylvania,US,18106
Golden Electrical Service,goldenelectricians.com,goldenelectricians.com,,,,Ambler,Pennsylvania,US,19002
"Scott's Emergency Lighting & Power Generation, Inc.",selpg.com,selpg.com,,,,Bensalem,Pennsylvania,US,19020
Ron Hunter Electric LLC,ronhunterelectric.com,ronhunterelectric.com,,,,Benton,Pennsylvania,US,17814
Briggs Electric,pittsburghelectrician.biz,pittsburghelectrician.biz,,,,Bridgeville,Pennsylvania,US,15017
Gillece Services,gillece.com,gillece.com,,,,Bridgeville,Pennsylvania,US,15017
JM General Maintenance Services LLC,247backuppower.com,247backuppower.com,,,,Bridgeville,Pennsylvania,US,15017
"Woodhyrst, Inc.",woodhyrst.com,woodhyrst.com,,,,Butler,Pennsylvania,US,16002
D Baker Services LLC,dbakerservices.com,dbakerservices.com,,,,Camp Hill,Pennsylvania,US,17011
Menken Generators,menkengenerators.com,menkengenerators.com,,,,Chalfont,Pennsylvania,US,18914
Eastern Generator Sales & Service Inc.,easterngenerator.com,easterngenerator.com,,,,Chester,Pennsylvania,US,19013
Ward Electrical Services LLC,wardelectricalservices.com,wardelectricalservices.com,,,,Clifton Heights,Pennsylvania,US,19018
KB Electric LLC,kbelectricpa.com,kbelectricpa.com,,,,Collegeville,Pennsylvania,US,19426
A.V. Electric,electriciandelco.com,electriciandelco.com,,,,Collingdale,Pennsylvania,US,19023
ReWire Electric LLC,rewireelectric.net,rewireelectric.net,,,,Collingdale,Pennsylvania,US,19023
Marcello Electric LLC,marcello-electric.com,marcello-electric.com,,,,Conway,Pennsylvania,US,15027
Burke Electric,burkeelectriccompany.com,burkeelectriccompany.com,,,,Coraopolis,Pennsylvania,US,15108
Parme Electric LLC,parmeelectric.com,parmeelectric.com,,,,Coraopolis,Pennsylvania,US,15108
Fortech Electricians,fortechelectrical.com,fortechelectrical.com,,,,Darby,Pennsylvania,US,19023
Keystone Generators Inc,keystonegenerators.com,keystonegenerators.com,,,,Delta,Pennsylvania,US,17314
Monyer Electric,monyerelectric.com,monyerelectric.com,,,,Denver,Pennsylvania,US,17517
"Leer Electric, Inc.",leerelectric.com,leerelectric.com,,,,Dillsburg,Pennsylvania,US,17019
"Jamac, Inc",jamacinc.com,jamacinc.com,,,,Downingtown,Pennsylvania,US,19335
"Power Watch Systems, Inc.",powerwatchgenerators.com,powerwatchgenerators.com,,,,Eagleville,Pennsylvania,US,19403
Gumpher Electric,gumpherinc.com,gumpherinc.com,,,,East McKeesport,Pennsylvania,US,15035
"YoCo Electric, LLC",yorkcountyelectric.com,yorkcountyelectric.com,,,,Emigsville,Pennsylvania,US,17318
Sebastian Electric,sebastian-electric.com,sebastian-electric.com,,,,Enola,Pennsylvania,US,17025
"Synergy Power Systems, Inc",synergypwrsys.com,synergypwrsys.com,,,,Ephrata,Pennsylvania,US,17522
"Handyside Plumbing, HVAC & Electrical",handysideinc.com,handysideinc.com,,,,Etters,Pennsylvania,US,17319
"Harris Electric Service, Inc.",harriselectricservice.com,harriselectricservice.com,,,,Fawn Grove,Pennsylvania,US,17321
Home Generator Installations,homegeneratorinstallations.com,homegeneratorinstallations.com,,,,Feasterville-Trevose,Pennsylvania,US,19053
Your Electric Now Inc,yourelectricnow.com,yourelectricnow.com,,,,Feasterville-Trevose,Pennsylvania,US,19053
Opal Electric Services LLC,opalelectricservices.net,opalelectricservices.net,,,,Gettysburg,Pennsylvania,US,17325
Stahl Electric,stahlelectric.com,stahlelectric.com,,,,Glenside,Pennsylvania,US,19038
Homeline Electric LLC,homelineelectric.com,homelineelectric.com,,,,Halifax,Pennsylvania,US,17032
AMJ Electrical Services LLC,amjelectricalservices.com,amjelectricalservices.com,,,,Harrisburg,Pennsylvania,US,17111
Bitner Electric,bitnerelectric.com,bitnerelectric.com,,,,Harrisburg,Pennsylvania,US,17111
Craftsman Electrical Services,craftsmanelec.com,craftsmanelec.com,,,,Harrisburg,Pennsylvania,US,17104
Edwin L. Heim Company,edwinlheim.com,edwinlheim.com,,,,Harrisburg,Pennsylvania,US,17111
G.R. Sponaugle & Sons Inc.,grsponaugle.com,grsponaugle.com,,,,Harrisburg,Pennsylvania,US,17111
HB McClure/HB Home Service Team,hbmcclure.com,hbmcclure.com,,,,Harrisburg,Pennsylvania,US,17104
HL Bowman Inc Plumbing Heating & AC,hlbowman.com,hlbowman.com,,,,Harrisburg,Pennsylvania,US,17104
Haller Enterprises,hallerent.com,hallerent.com,,,,Harrisburg,Pennsylvania,US,17111
Harlan Electric Company,harlanelectric.com,harlanelectric.com,,,,Harrisburg,Pennsylvania,US,17110
Hurley Electrical LLC,hurleyelectrical.com,hurleyelectrical.com,,,,Harrisburg,Pennsylvania,US,17101
Independent Electrical Contractors Pennsylvania,iecpennsylvania.org,iecpennsylvania.org,,,,Harrisburg,Pennsylvania,US,17101
J S Mixon Electrical Contractor,jsmixonelectric.com,jsmixonelectric.com,,,,Harrisburg,Pennsylvania,US,17112
K.L. Tyndale Inc.,kltyndaleinc.com,kltyndaleinc.com,,,,Harrisburg,Pennsylvania,US,17112
My Pa Electrician,mypaelectrician.com,mypaelectrician.com,,,,Harrisburg,Pennsylvania,US,17109
Rl Snyder Electric Inc,snyderelec.com,snyderelec.com,,,,Harrisburg,Pennsylvania,US,17109
Schaedler Yesco Distribution,sydist.com,sydist.com,,,,Harrisburg,Pennsylvania,US,17111
Sheetz Charging Station,sheetz.com,sheetz.com,,,,Harrisburg,Pennsylvania,US,17112
"W.C. Eshenaur & Son, Inc.",eshenaurs.com,eshenaurs.com,,,,Harrisburg,Pennsylvania,US,17111
Yale Electric Supply Co.,yaleelectricsupply.com,yaleelectricsupply.com,,,,Harrisburg,Pennsylvania,US,17111
Mac Electric Services,macelectricservices.us,macelectricservices.us,,,,Haverford,Pennsylvania,US,19041
Tri-Point Electric,tripointelectric.com,tripointelectric.com,,,,Havertown,Pennsylvania,US,19083
Coral EV Charging Station,coralev.com,coralev.com,,,,Hershey,Pennsylvania,US,17033
Absolute Energy Solutions,absolutegenerators.net,absolutegenerators.net,,,,Hummelstown,Pennsylvania,US,17036
Colonial Electric Service Inc,colonialelectricinc.com,colonialelectricinc.com,,,,Hummelstown,Pennsylvania,US,17036
RC Watt,rcwatt.com,rcwatt.com,,,,Irwin,Pennsylvania,US,15642
Colonial Generators,colonialgenerators.com,colonialgenerators.com,,,,King of Prussia,Pennsylvania,US,19406
"Generator Supercenter of The Mainline - Home Generators Installation, Maintenance & Repair Service",generatorsupercenterofthemainline.com,generatorsupercenterofthemainline.com,,,,King of Prussia,Pennsylvania,US,19406
Mister Sparky of Lancaster,mistersparkyelectricpros.com,mistersparkyelectricpros.com,,,,Lancaster,Pennsylvania,US,17601
Wes Carver Electric,wescarverelectric.com,wescarverelectric.com,,,,Lansdale,Pennsylvania,US,19446
Blessing Electric,blessingelectric.com,blessingelectric.com,,,,Lansdowne,Pennsylvania,US,19050
JDV Electric,jdvelectric.com,jdvelectric.com,,,,Lansdowne,Pennsylvania,US,19050
Raya Electric,rayaelectric.com,rayaelectric.com,,,,Lansdowne,Pennsylvania,US,19050
GenServe Generator Service,genserveinc.com,genserveinc.com,,,,Lebanon,Pennsylvania,US,17042
Powerton Generators,powertongenerators.com,powertongenerators.com,,,,Lebanon,Pennsylvania,US,17042
R B Hobaugh & Son Inc,rbhobaugh.com,rbhobaugh.com,,,,Lemoyne,Pennsylvania,US,17043
"TLC Electric, LLC.",tlcelectric.com,tlcelectric.com,,,,Lemoyne,Pennsylvania,US,17043
Rick's Electric,ricks-electric.com,ricks-electric.com,,,,Levittown,Pennsylvania,US,19057
ElecTech Contracting,electech.us,electech.us,,,,Lewisberry,Pennsylvania,US,17339
"Miller Electrical Services, LLC",themelectricalservices.com,themelectricalservices.com,,,,Marietta,Pennsylvania,US,17547
Awesome Electrical Services,awesomeelectricalservices.com,awesomeelectricalservices.com,,,,McKees Rocks,Pennsylvania,US,15136
Hufnagel Electric,hufnagelelectric.com,hufnagelelectric.com,,,,McKees Rocks,Pennsylvania,US,15136
BBEC | Electrical Contractors,bbecinc.com,bbecinc.com,,,,Mechanicsburg,Pennsylvania,US,17050
Central Penn Electric LLC,cpecworks.com,cpecworks.com,,,,Mechanicsburg,Pennsylvania,US,17050
Fetrow Electric Services Co,fetrowelectric.com,fetrowelectric.com,,,,Mechanicsburg,Pennsylvania,US,17050
"JL Ruth Electric, Inc.",jlruthelectric.com,jlruthelectric.com,,,,Mechanicsburg,Pennsylvania,US,17055
"Zimmerman Plumbing, Heating & Air Conditioning, Inc.",ezimmerman.com,ezimmerman.com,,,,Mechanicsburg,Pennsylvania,US,17055
Dr Generator Solutions Lower Merion,generatorsolutions.com,generatorsolutions.com,,,,Merion Station,Pennsylvania,US,19066
DMS Generator Service Inc,dmsgeneratorservice.com,dmsgeneratorservice.com,,,,Middleburg,Pennsylvania,US,17842
Applegreen Fast Charge EV Charging Station,applegreenelectric.com,applegreenelectric.com,,,,Middletown,Pennsylvania,US,17057
Nayax Energy,plugshare.com,plugshare.com,,,,Middletown,Pennsylvania,US,17057
TurnOnGreen Charging Station,turnongreen.com,turnongreen.com,,,,Middletown,Pennsylvania,US,17057
Star Bright Electric,starbrightelectricllc.com,starbrightelectricllc.com,,,,Morrisville,Pennsylvania,US,19067
Nolt Electric Inc.,noltelectric.com,noltelectric.com,,,,Mount Joy,Pennsylvania,US,17552
Power Systems Electric Inc.,psegenerators.com,psegenerators.com,,,,Myerstown,Pennsylvania,US,17067
Mits-Myer Electrical,mitsmyer.com,mitsmyer.com,,,,New Cumberland,Pennsylvania,US,17070
TXLEV -Rutter's New Cumberland,txlev.com,txlev.com,,,,New Cumberland,Pennsylvania,US,17070
PowerHouse Generator Inc.,powerhousegeneratorinc.kohlergeneratordealer.com,powerhousegeneratorinc.kohlergeneratordealer.com,,,,New Freedom,Pennsylvania,US,17349
Newtown Generators & Electric,newtownelectronics.com,newtownelectronics.com,,,,Newtown,Pennsylvania,US,18940
Thomas Edison Electric Inc,thomasedisonelectric.com,thomasedisonelectric.com,,,,Newtown,Pennsylvania,US,18940
The Electrical Company LLC,theelectricalcompanyllc.com,theelectricalcompanyllc.com,,,,Oakdale,Pennsylvania,US,15071
A M Electric Inc,amelectricservice.com,amelectricservice.com,,,,Philadelphia,Pennsylvania,US,19132
AD Electrical Service,adelectricalllc.com,adelectricalllc.com,,,,Philadelphia,Pennsylvania,US,19136
ALB ELECTRIC LLC,phillyelectricity.com,phillyelectricity.com,,,,Philadelphia,Pennsylvania,US,19106
All Star Electrical Services LLC,electrical-contractor-philadelphia.pa-biz.com,electrical-contractor-philadelphia.pa-biz.com,,,,Philadelphia,Pennsylvania,US,19149
AllPhases Electric,allphaseselectricphilly.com,allphaseselectricphilly.com,,,,Philadelphia,Pennsylvania,US,19122
American Power Electrical Supply Company,americanpoweresc.com,americanpoweresc.com,,,,Philadelphia,Pennsylvania,US,19139
Amp Flow Electric Llc,ampflowelectricllc.com,ampflowelectricllc.com,,,,Philadelphia,Pennsylvania,US,19115
BG Electric Service LLC,electrician-philadelphia.net,electrician-philadelphia.net,,,,Philadelphia,Pennsylvania,US,19111
EP Electric LLC,epelectricllc.com,epelectricllc.com,,,,Philadelphia,Pennsylvania,US,19154
Eagle Electric,eagleelectric.co,eagleelectric.co,,,,Philadelphia,Pennsylvania,US,19134
Electrified Solutions. Co,electrifiedsolutionsco.net,electrifiedsolutionsco.net,,,,Philadelphia,Pennsylvania,US,19144
Empire Electric,empirelectricllc.com,empirelectricllc.com,,,,Philadelphia,Pennsylvania,US,19136
FMJ Electrical Contracting INC & Electric Geeks,electric-geeks.com,electric-geeks.com,,,,Philadelphia,Pennsylvania,US,19121
GE Electrical Services Inc,ceelectricalservicesinc.com,ceelectricalservicesinc.com,,,,Philadelphia,Pennsylvania,US,19136
GEN3 Electric & HVAC,generation3electric.com,generation3electric.com,,,,Philadelphia,Pennsylvania,US,19146
GreekTek,greektek.com,greektek.com,,,,Philadelphia,Pennsylvania,US,19130
Hasa Electric LLC,hasaelectric.net,hasaelectric.net,,,,Philadelphia,Pennsylvania,US,19111
Infinity Electric Services LLC,infinityelectricgroup.com,infinityelectricgroup.com,,,,Philadelphia,Pennsylvania,US,19116
Lauterborn Electric,lauterbornelectric.com,lauterbornelectric.com,,,,Philadelphia,Pennsylvania,US,19134
Linc Electric Inc. 24 Hour Emergency Electrician Philadelphia,lincelectricpa.com,lincelectricpa.com,,,,Philadelphia,Pennsylvania,US,19149
Linde Electric,lindeelectricphiladelphia.com,lindeelectricphiladelphia.com,,,,Philadelphia,Pennsylvania,US,19147
MSF Electrical Heating Cooling Specialist,msfelectricalandhvac.com,msfelectricalandhvac.com,,,,Philadelphia,Pennsylvania,US,19116
Mata Electric Llc,mataoneelectric.com,mataoneelectric.com,,,,Philadelphia,Pennsylvania,US,19136
Narducci Electric,narduccielectric.com,narduccielectric.com,,,,Philadelphia,Pennsylvania,US,19147
New Age Electric Service LLC,newageelectricservicellc1620.electricalpro.net,newageelectricservicellc1620.electricalpro.net,,,,Philadelphia,Pennsylvania,US,19152
Protech Electrical Services,protechelectricalllc.com,protechelectricalllc.com,,,,Philadelphia,Pennsylvania,US,19120
RG3 Electric,rg3lectric.com,rg3lectric.com,,,,Philadelphia,Pennsylvania,US,19129
Red Flow Electric,theredflowelectricllc.com,theredflowelectricllc.com,,,,Philadelphia,Pennsylvania,US,19152
Rustemi Electric LLC,rustemielectric.com,rustemielectric.com,,,,Philadelphia,Pennsylvania,US,19115
Spark Electrical Services LLC,sparkelectric.org,sparkelectric.org,,,,Philadelphia,Pennsylvania,US,19116
TotalPower Electrical Services LLC,totalpowerpa.com,totalpowerpa.com,,,,Philadelphia,Pennsylvania,US,19149
Woodstock Power Co,woodstockpower.com,woodstockpower.com,,,,Philadelphia,Pennsylvania,US,19137
Zak Electric,zakelectricalservices.com,zakelectricalservices.com,,,,Philadelphia,Pennsylvania,US,19140
"M.T. Ruhl Electrical Contracting, Inc.",mtruhl.com,mtruhl.com,,,,Phoenixville,Pennsylvania,US,19460
"Baby Bird Electric, LLC",babybirdelectric.com,babybirdelectric.com,,,,Pittsburgh,Pennsylvania,US,15205
"Boulevard Generator - Starter, Alternator, and Electrical Rebuilding",boulevardgenerator.com,boulevardgenerator.com,,,,Pittsburgh,Pennsylvania,US,15202
C W Electrical Services Inc,cwelectricalservices.com,cwelectricalservices.com,,,,Pittsburgh,Pennsylvania,US,15237
CALFO Home Services,calfohomeservices.com,calfohomeservices.com,,,,Pittsburgh,Pennsylvania,US,15236
Generator Supercenter of Pittsburgh,generatorsupercenterofpittsburgh.com,generatorsupercenterofpittsburgh.com,,,,Pittsburgh,Pennsylvania,US,15226
H&A Pittsburgh Electrician,topelectricalservicesofpittsburgh.com,topelectricalservicesofpittsburgh.com,,,,Pittsburgh,Pennsylvania,US,15228
Just Electric,pittsburghelectrician.org,pittsburghelectrician.org,,,,Pittsburgh,Pennsylvania,US,15235
LightWork L.L.C.,lightworkpgh.com,lightworkpgh.com,,,,Pittsburgh,Pennsylvania,US,15218
Red Beard Electrical,redbeardelectrical.com,redbeardelectrical.com,,,,Pittsburgh,Pennsylvania,US,15202
Renaissance Electric & Power Systems,lightuppittsburgh.com,lightuppittsburgh.com,,,,Pittsburgh,Pennsylvania,US,15234
Sargent Electric Company,sargentelectric.com,sargentelectric.com,,,,Pittsburgh,Pennsylvania,US,15222
South Hills Electric LLC,southhillselectric.com,southhillselectric.com,,,,Pittsburgh,Pennsylvania,US,15236
ViaLynk Charging Station,lynkwell.com,lynkwell.com,,,,Pittsburgh,Pennsylvania,US,15222
Young Electric Service,youngelectricservicepittsburgh.com,youngelectricservicepittsburgh.com,,,,Pittsburgh,Pennsylvania,US,15216
Freedom's Light Electrical,freedomslightelectrical.com,freedomslightelectrical.com,,,,Port Trevorton,Pennsylvania,US,17864
GenPro Power Systems,genpropa.com,genpropa.com,,,,Quakertown,Pennsylvania,US,18951
Nicholas Electric Co,nicholaselectric.com,nicholaselectric.com,,,,Rankin,Pennsylvania,US,15104
"Brandon Electric, Inc.",brandonelectricpa.com,brandonelectricpa.com,,,,Southampton,Pennsylvania,US,18966
Jim & Sons Electric,jimandsonselectric.com,jimandsonselectric.com,,,,Southampton,Pennsylvania,US,18966
Lights On Electric,lightsonelectricllc.com,lightsonelectricllc.com,,,,Southampton,Pennsylvania,US,18966
Power Pros Inc.,mypowerpros.com,mypowerpros.com,,,,Springdale,Pennsylvania,US,15144
MC Electrical Services LLC,mc-electricalllc.com,mc-electricalllc.com,,,,Springfield,Pennsylvania,US,19064
Backup Power LLC,backuppowerpa.com,backuppowerpa.com,,,,Stahlstown,Pennsylvania,US,15687
Ace Hardware Home Services,acehardwarehomeservices.com,acehardwarehomeservices.com,,,,Upper Darby Township,Pennsylvania,US,19082
Genesis Generators LLC,genesisgeneratorsllc.com,genesisgeneratorsllc.com,,,,Valencia,Pennsylvania,US,16059
Hogue Electric Services Inc,hogueelectric.com,hogueelectric.com,,,,Valencia,Pennsylvania,US,16059
"Northern Electrical, LLC",northernllc.net,northernllc.net,,,,Warrendale,Pennsylvania,US,15086
"New London Electric, Inc.",newlondonelectric.com,newlondonelectric.com,,,,West Grove,Pennsylvania,US,19390
King Electric,kingelectricservice.com,kingelectricservice.com,,,,West View,Pennsylvania,US,15229
Deer Creek Electric,deer-creek-electric.com,deer-creek-electric.com,,,,Yoe,Pennsylvania,US,17313
1 Man Electric,1manelectric.com,1manelectric.com,,,,York,Pennsylvania,US,17404
Electric Medic,electricmedic.com,electricmedic.com,,,,York,Pennsylvania,US,17406
"Hagens Electric, Inc.",hagenselectric.com,hagenselectric.com,,,,York,Pennsylvania,US,17408
Amp Flow Electric Inc.,ampflowelectric.com,ampflowelectric.com,,,,Bristol,Rhode Island,US,02809
Newport Electric,newportelectric.com,newportelectric.com,,,,Bristol,Rhode Island,US,02809
COX ELECTRIC and KOOL CO,coxne.com,coxne.com,,,,Coventry,Rhode Island,US,02816
B&K Electric,bandkelectric.net,bandkelectric.net,,,,Cranston,Rhode Island,US,02910
Hartman Electrical Services,hartmanelectricalservices.com,hartmanelectricalservices.com,,,,Cranston,Rhode Island,US,02920
"Kelco Electric, Inc.",kelcoelectricri.com,kelcoelectricri.com,,,,Cranston,Rhode Island,US,02920
Kenny's Electric,kennyselectricris.com,kennyselectricris.com,,,,Cranston,Rhode Island,US,02921
"Champion Electrical Services, Inc.",callthechamp.com,callthechamp.com,,,,Cumberland,Rhode Island,US,02864
ECI Standby Power Systems/ Electrical Concepts Inc.,ecipower.com,ecipower.com,,,,East Greenwich,Rhode Island,US,02818
Jack's Electric Inc,brittainelectricri.com,brittainelectricri.com,,,,Jamestown,Rhode Island,US,02835
"C & R Electrical, LLC",crelectrical.contractors,crelectrical.contractors,,,,Johnston,Rhode Island,US,02919
Chevalier Electric LLC,chevalierelectric.com,chevalierelectric.com,,,,Johnston,Rhode Island,US,02919
Mallozzi Electric,mallozzielectric.com,mallozzielectric.com,,,,Johnston,Rhode Island,US,02919
Eastland Electric,eastlandelectric.com,eastlandelectric.com,,,,Lincoln,Rhode Island,US,02865
Summit Electrical Contractors,summitelectricalcontractors.com,summitelectricalcontractors.com,,,,Lincoln,Rhode Island,US,02865
Don Jestings & Sons LLC,donjestingsandsons.com,donjestingsandsons.com,,,,Middletown,Rhode Island,US,02842
"RC Electric, LLC",rcrce.com,rcrce.com,,,,Middletown,Rhode Island,US,02842
RC Marine Electric,rcmarineelectric.com,rcmarineelectric.com,,,,Middletown,Rhode Island,US,02842
The Electric Connection,mastroelectric.com,mastroelectric.com,,,,Middletown,Rhode Island,US,02842
Toner Electric Company,tonerelectric.com,tonerelectric.com,,,,Middletown,Rhode Island,US,02842
U G Nason's Inc,ugnasons.com,ugnasons.com,,,,Middletown,Rhode Island,US,02842
"Chris Electric, LTD",chriselectricltd.com,chriselectricltd.com,,,,Newport,Rhode Island,US,02840
IYRS School of Technology & Trades,iyrs.edu,iyrs.edu,,,,Newport,Rhode Island,US,02840
Newport Construction Services,newportconstructionri.com,newportconstructionri.com,,,,Newport,Rhode Island,US,02840
R & R Construction,randrconstructioncompany.com,randrconstructioncompany.com,,,,Newport,Rhode Island,US,02840
TJ's Audio and Electronics,tjsaudionewport.com,tjsaudionewport.com,,,,Newport,Rhode Island,US,02840
Premier Electrical Services and Generators,premierelectricalservicesllc.com,premierelectricalservicesllc.com,,,,North Providence,Rhode Island,US,02911
A And I Electric,aandielectric.net,aandielectric.net,,,,Pawtucket,Rhode Island,US,02860
Electricians R Us - Electrical Services Pawtucket,rielectrician.net,rielectrician.net,,,,Pawtucket,Rhode Island,US,02861
Eirich Electric Inc.,eirichelectric.com,eirichelectric.com,,,,Portsmouth,Rhode Island,US,02871
Griff Electric,griffelectric.com,griffelectric.com,,,,Portsmouth,Rhode Island,US,02871
SurePower Electrical Contractors Inc.,surepowerelectrical.com,surepowerelectrical.com,,,,Portsmouth,Rhode Island,US,02871
ABN Electric LLC - Electrician Services in Providence RI,abnelectric.us.com,abnelectric.us.com,,,,Providence,Rhode Island,US,02909
C & K Electric Co,ckelectricri.com,ckelectricri.com,,,,Providence,Rhode Island,US,02906
Irving EV Charging Station,irvingoil.com,irvingoil.com,,,,Providence,Rhode Island,US,02908
JC Electric Inc,jcelectricinc.com,jcelectricinc.com,,,,Providence,Rhode Island,US,02907
John Patrie Electric Inc,johnpatrieelectric.com,johnpatrieelectric.com,,,,Providence,Rhode Island,US,02904
Louie Electric & Son,louieelectricandson.com,louieelectricandson.com,,,,Providence,Rhode Island,US,02908
Melone Electric,meloneelectric.com,meloneelectric.com,,,,Providence,Rhode Island,US,02904
Wyman & Sons Electric INC.,wymanandsons.com,wymanandsons.com,,,,Providence,Rhode Island,US,02909
"Coastline Electric - Commercial/Residential Local Electrician, Generac Standby Generators, Emergency - Smithfield, RI",coastlineelectricri.com,coastlineelectricri.com,,,,Smithfield,Rhode Island,US,02917
East Coast Electric,eastcoastelectricri.com,eastcoastelectricri.com,,,,South Kingstown,Rhode Island,US,02879
Econ Electrical Contractors Inc,econelectrical.net,econelectrical.net,,,,Warren,Rhode Island,US,02885
Empire Electric LLC,empireelectricne.net,empireelectricne.net,,,,Warren,Rhode Island,US,02885
MT Generators,mtgenerators.com,mtgenerators.com,,,,Westerly,Rhode Island,US,02891
"Dipple Heating, Cooling, Plumbing, Electrical",dippleservices.com,dippleservices.com,,,,Anderson,South Carolina,US,29621
Bluffton Electric LLC,blufftonelectric.com,blufftonelectric.com,,,,Bluffton,South Carolina,US,29910
"Briones Solutions, Electrical Contractors",brionessolutions.com,brionessolutions.com,,,,Bluffton,South Carolina,US,29910
Citadel Electric,citadelelectric.org,citadelelectric.org,,,,Bluffton,South Carolina,US,29910
Summit Services,callsummitservices.com,callsummitservices.com,,,,Bluffton,South Carolina,US,29910
Superior Services,gotosuperior.com,gotosuperior.com,,,,Bluffton,South Carolina,US,29910
Szady's Services LLC,szadyelectrical.com,szadyelectrical.com,,,,Bluffton,South Carolina,US,29910
EVPassport Charging Station,evpassport.com,evpassport.com,,,,Blythewood,South Carolina,US,29016
"Preferred Electrical & Data Solutions, LLC",preferred-sc.com,preferred-sc.com,,,,Cayce,South Carolina,US,29033
Ashley River Wired,arwired.com,arwired.com,,,,Charleston,South Carolina,US,29407
"C.W. Electric Construction Service, LLC",cwelectricconstructionservicesllc.com,cwelectricconstructionservicesllc.com,,,,Charleston,South Carolina,US,29407
Charleston Electrical Services Inc,charlestonelectricalservices.com,charlestonelectricalservices.com,,,,Charleston,South Carolina,US,29403
Electric Vehicle Charging Station,evcharging.enelx.com,evcharging.enelx.com,,,,Charleston,South Carolina,US,29407
"Gatch Electrical Contractors, Inc.",gatchelectrical.com,gatchelectrical.com,,,,Charleston,South Carolina,US,29407
"Island Electrical, LLC",islandelectricalchs.com,islandelectricalchs.com,,,,Charleston,South Carolina,US,29412
Jacobsen Electric,jacobsenelectric.com,jacobsenelectric.com,,,,Charleston,South Carolina,US,29414
L and M Electric,landmelectric.com,landmelectric.com,,,,Charleston,South Carolina,US,29405
Rapid Repairs,rapidrepairs247.com,rapidrepairs247.com,,,,Charleston,South Carolina,US,29407
Transworld Electric,twielectric.com,twielectric.com,,,,Charleston,South Carolina,US,29405
Volt Charging Station,keppelvolt.com,keppelvolt.com,,,,Charleston,South Carolina,US,29401
W D Robinson Electric,wdrobinsonelectric.com,wdrobinsonelectric.com,,,,Charleston,South Carolina,US,29406
"WingatePower, LLC",wingatepower.com,wingatepower.com,,,,Charleston,South Carolina,US,29414
Wolff & Son Electric Inc,wolffandsonelectricinc.net,wolffandsonelectricinc.net,,,,Charleston,South Carolina,US,29414
ATS Electrical Svc llc,atselectricalsvcllc.com,atselectricalsvcllc.com,,,,Columbia,South Carolina,US,29229
All Day Electrician Columbia,alldayelectrician.com,alldayelectrician.com,,,,Columbia,South Carolina,US,29210
"Carolina Generator Solutions, LLC",carolinageneratorsolutions.com,carolinageneratorsolutions.com,,,,Columbia,South Carolina,US,29203
Easy Electric LLC,easyelectricalsolutions.com,easyelectricalsolutions.com,,,,Columbia,South Carolina,US,29205
Electric Vehicle Charging Station,southcarolinaparks.com,southcarolinaparks.com,,,,Columbia,South Carolina,US,29223
Fogle & Sons Electric,fogleandsons.com,fogleandsons.com,,,,Columbia,South Carolina,US,29203
"Gregory Electric Company, Inc.",gregoryelectric.com,gregoryelectric.com,,,,Columbia,South Carolina,US,29203
Lightning Fast Electrical Services,lightningfes.com,lightningfes.com,,,,Columbia,South Carolina,US,29201
Overwatch Electric,overwatchelectric.com,overwatchelectric.com,,,,Columbia,South Carolina,US,29206
Sunrise Electric Co.,onlysunrise.com,onlysunrise.com,,,,Columbia,South Carolina,US,29210
Wood,electricalcontractorcolumbiasc.com,electricalcontractorcolumbiasc.com,,,,Columbia,South Carolina,US,29209
Redland Electric LLC,redlandelectric.com,redlandelectric.com,,,,Duncan,South Carolina,US,29334
Infinity Lighting & Electrical,infinitylighting-electrical.com,infinitylighting-electrical.com,,,,Easley,South Carolina,US,29640
McClerklin's Electrical Services,mcclerklinselectricalservice.com,mcclerklinselectricalservice.com,,,,Elgin,South Carolina,US,29045
MCA Electric LLC,mcaelectric.com,mcaelectric.com,,,,Fort Mill,South Carolina,US,29715
Geter Electrical Services,geterelectrical.com,geterelectrical.com,,,,Fountain Inn,South Carolina,US,29644
Advanced Power Technologies LLC,advanced-power-technologies.com,advanced-power-technologies.com,,,,Greenville,South Carolina,US,29609
Affordable Power Solutions,apspowergenerators.com,apspowergenerators.com,,,,Greenville,South Carolina,US,29609
"Carolina Power Solutions, LLC",carolinapowersolutions.com,carolinapowersolutions.com,,,,Greenville,South Carolina,US,29611
Corley Plumbing Air Electric,corleypro.com,corleypro.com,,,,Greenville,South Carolina,US,29615
Excel Electric,excelelectricco.com,excelelectricco.com,,,,Greenville,South Carolina,US,29607
GE Handyman,gehandyman.com,gehandyman.com,,,,Greenville,South Carolina,US,29611
H & W Electrical Corporation,hwelectrical.com,hwelectrical.com,,,,Greenville,South Carolina,US,29611
Hilman Electric LLC,hilmanelectric.com,hilmanelectric.com,,,,Greenville,South Carolina,US,29609
Holder Electric Supply Inc.,holderelectric.com,holderelectric.com,,,,Greenville,South Carolina,US,29607
Long Electric Inc,long-electric.com,long-electric.com,,,,Greenville,South Carolina,US,29605
McNaughton-McKay Electric Company - Greenville,mc-mc.com,mc-mc.com,,,,Greenville,South Carolina,US,29607
N C & E LLC,ncande.com,ncande.com,,,,Greenville,South Carolina,US,29607
Pollard Electric LLC,electricpollard.com,electricpollard.com,,,,Greenville,South Carolina,US,29611
Priority Electrical Service,upstateelectric.com,upstateelectric.com,,,,Greenville,South Carolina,US,29607
Quality Electrical Contractors,qualityelectricalcontractors.org,qualityelectricalcontractors.org,,,,Greenville,South Carolina,US,29607
Reid Electric,reidelectricinc.com,reidelectricinc.com,,,,Greenville,South Carolina,US,29609
Richardson street garage,greenvillesc.gov,greenvillesc.gov,,,,Greenville,South Carolina,US,29601
SageCare Electric LLC,trustsagecare.com,trustsagecare.com,,,,Greenville,South Carolina,US,29601
"Tri-State Plumbing, Electrical, and Septic",864plumbing.com,864plumbing.com,,,,Greenville,South Carolina,US,29609
U.S. Energy Solutions,whygreenenergy.com,whygreenenergy.com,,,,Greenville,South Carolina,US,29609
Wright Electrical LLC,wrightelectricalllc.net,wrightelectricalllc.net,,,,Greenville,South Carolina,US,29605
Generator Supercenter of Greenville,generatorsupercenterofgreenville.com,generatorsupercenterofgreenville.com,,,,Greer,South Carolina,US,29650
Rudin Electric LLC,rudinelectric.com,rudinelectric.com,,,,Greer,South Carolina,US,29651
Brown Electrical Services,brownelectricalservice.com,brownelectricalservice.com,,,,Hanahan,South Carolina,US,29410
E.A.C. Heating & Air,eacair.com,eacair.com,,,,Hilton Head Island,South Carolina,US,29926
H2 Engineering Services,h2engineeringservice.com,h2engineeringservice.com,,,,Hilton Head Island,South Carolina,US,29928
Handyman of Hilton Head LLC,handymanofhiltonhead.com,handymanofhiltonhead.com,,,,Hilton Head Island,South Carolina,US,29926
Jack Of All Trades HHI LLC,jackofalltradeshhi.com,jackofalltradeshhi.com,,,,Hilton Head Island,South Carolina,US,29928
May Electric,mayelectric.com,mayelectric.com,,,,Hilton Head Island,South Carolina,US,29926
Oceanside Electric,oceanside-electric.com,oceanside-electric.com,,,,Hilton Head Island,South Carolina,US,29926
"Palmetto Electric Cooperative, Inc",palmetto.coop,palmetto.coop,,,,Hilton Head Island,South Carolina,US,29926
Robert's Done Right,robertsdoneright.com,robertsdoneright.com,,,,Hilton Head Island,South Carolina,US,29926
ATS Generator & Electrical Services,powergen-ats.com,powergen-ats.com,,,,Irmo,South Carolina,US,29063
Cassell Brothers Home Services,cassellbros.com,cassellbros.com,,,,Irmo,South Carolina,US,29063
The Island Company,theislandco.com,theislandco.com,,,,Johns Island,South Carolina,US,29455
"Power Plus System, LLC",ppselectrical.com,ppselectrical.com,,,,Ladson,South Carolina,US,29456
BPG HVAC and Power Solutions,bpg.cool,bpg.cool,,,,Lexington,South Carolina,US,29072
Carolina Conditions Heating Cooling Plumbing Electrical,carolinaconditions.com,carolinaconditions.com,,,,Lexington,South Carolina,US,29073
Frontline Electric,frontlineelectricsc.com,frontlineelectricsc.com,,,,Lexington,South Carolina,US,29073
GGI Generators,ggigenerators.com,ggigenerators.com,,,,Lexington,South Carolina,US,29073
Rytec Electric,rytecelectric.com,rytecelectric.com,,,,Lexington,South Carolina,US,29073
Hinds Electrical LLC,hindselectrical.com,hindselectrical.com,,,,Mauldin,South Carolina,US,29662
Carolina Custom Electric,carolinacustomsc.com,carolinacustomsc.com,,,,Mt Pleasant,South Carolina,US,29464
Generator Supercenter of Charleston,generatorsupercenterofcharleston.com,generatorsupercenterofcharleston.com,,,,Mt Pleasant,South Carolina,US,29464
Gloudeman Electric,thegloudemanelectric.com,thegloudemanelectric.com,,,,Mt Pleasant,South Carolina,US,29464
South Star Electrical,southstarelectrical.com,southstarelectrical.com,,,,Mt Pleasant,South Carolina,US,29464
Hi-Tech Power Systems Inc,hitechpowersystems.com,hitechpowersystems.com,,,,North Augusta,South Carolina,US,29860
"Amped Electric, LLC",ampedelectricllp.com,ampedelectricllp.com,,,,North Charleston,South Carolina,US,29405
"Atlantic Electric, LLC",atlanticelectric.com,atlanticelectric.com,,,,North Charleston,South Carolina,US,29418
Berkley Electrical Services LLC,berkley-electrical.com,berkley-electrical.com,,,,North Charleston,South Carolina,US,29405
Best Electrical Services LLC,bestcharlestonelectric.com,bestcharlestonelectric.com,,,,North Charleston,South Carolina,US,29418
"Cypress Electric, LLC",cypresselectric.com,cypresselectric.com,,,,North Charleston,South Carolina,US,29405
EmergenServe,emergenserve.com,emergenserve.com,,,,North Charleston,South Carolina,US,29418
"LimRic Plumbing, Electrical, Heating & Air",limric.com,limric.com,,,,North Charleston,South Carolina,US,29405
Mercedes-Benz Charging Station,mercedesbenzhpc.com,mercedesbenzhpc.com,,,,North Charleston,South Carolina,US,29418
Palmetto Residential Electric,palmettoresidentialelectric.com,palmettoresidentialelectric.com,,,,North Charleston,South Carolina,US,29418
Powerful Electrical LLC,powerfulelectricalllc.com,powerfulelectricalllc.com,,,,North Charleston,South Carolina,US,29404
Preferred Home Services,gopreferred.com,gopreferred.com,,,,North Charleston,South Carolina,US,29405
Safewater Electric,safewaterelectric.com,safewaterelectric.com,,,,North Charleston,South Carolina,US,29406
Shell Recharge Charging Station,shell.us,shell.us,,,,North Charleston,South Carolina,US,29418
Sievert Electrical Contractors,sievertelectrical.com,sievertelectrical.com,,,,North Charleston,South Carolina,US,29418
Volta Charging Station,jolt.com.au,jolt.com.au,,,,North Charleston,South Carolina,US,29418
ARC Electrical Service LLC,arcelectricalservice.com,arcelectricalservice.com,,,,Piedmont,South Carolina,US,29673
EV Connect Charging Station,evconnect.com,evconnect.com,,,,Piedmont,South Carolina,US,29673
Blue Water Electric,bluewaterelectric.com,bluewaterelectric.com,,,,Ravenel,South Carolina,US,29470
Live Oak Electrical Services,liveoakelectrical.com,liveoakelectrical.com,,,,Ridgeland,South Carolina,US,29936
Johnathon Brown Electric,johnathonbrownelectric.com,johnathonbrownelectric.com,,,,Rock Hill,South Carolina,US,29730
Fann Electric Services,fannelectric.com,fannelectric.com,,,,Simpsonville,South Carolina,US,29680
Greenville Electric LLC,greenville-electric.com,greenville-electric.com,,,,Simpsonville,South Carolina,US,29680
Waldrop Plumbing Air Electric,callwaldrop.com,callwaldrop.com,,,,Simpsonville,South Carolina,US,29681
Charleston Electric & Air,charleston-electric.com,charleston-electric.com,,,,Summerville,South Carolina,US,29483
"Electrical Specialists, Inc.",electricalspecialistsinc.com,electricalspecialistsinc.com,,,,Summerville,South Carolina,US,29486
Jaymarc Electric Inc,jaymarcelectric.com,jaymarcelectric.com,,,,Taylors,South Carolina,US,29687
Viper Services,viperservices.com,viperservices.com,,,,Taylors,South Carolina,US,29687
Brad's Inc,bei-sc.com,bei-sc.com,,,,West Columbia,South Carolina,US,29169
Generator Services Inc,generatorservicesinc.com,generatorservicesinc.com,,,,West Columbia,South Carolina,US,29169
The Electric Man,theelectricman.biz,theelectricman.biz,,,,West Columbia,South Carolina,US,29170
The Electrical Guy,southcarolina-electrician.com,southcarolina-electrician.com,,,,West Columbia,South Carolina,US,29169
Central Electrical Services,powerwithoutpower.com,powerwithoutpower.com,,,,Williamston,South Carolina,US,29697
Massey Electric Company,masseyelectric.com,masseyelectric.com,,,,Alcoa,Tennessee,US,37701
Ross Electric Company,rosselectricco.com,rosselectricco.com,,,,Arlington,Tennessee,US,38002
Upchurch Builders,upchurchbuilders.com,upchurchbuilders.com,,,,Arlington,Tennessee,US,38002
"Haley Electric,LLC",haleyelectrictn.com,haleyelectrictn.com,,,,Atoka,Tennessee,US,38004
Air Tech Home Comfort and Power,airtechhomecomfort.com,airtechhomecomfort.com,,,,Bartlett,Tennessee,US,38133
"Best Care Plumbing, Heating And Air",bestcarehomeservices.com,bestcarehomeservices.com,,,,Bartlett,Tennessee,US,38134
Memphis Electric Co LLC,memphiselectricco.com,memphiselectricco.com,,,,Bartlett,Tennessee,US,38134
Mid-South Independent Electrical Contractors Association,midsouthiec.com,midsouthiec.com,,,,Bartlett,Tennessee,US,38134
"Mister Greenway AC Repair, Heating, Plumbing & Electrical",callgreenway.com,callgreenway.com,,,,Bartlett,Tennessee,US,38133
Nissan Charging Station,wolfchasenissan.com,wolfchasenissan.com,,,,Bartlett,Tennessee,US,38133
Prime HVAC and Electrical,primehvac-elec.com,primehvac-elec.com,,,,Bartlett,Tennessee,US,38134
Discount Electrical Service of Brentwood,discountelectricalservice.com,discountelectricalservice.com,,,,Brentwood,Tennessee,US,37027
Adman Electric Co Inc,admanelectric.com,admanelectric.com,,,,Chattanooga,Tennessee,US,37407
"Beacon Electrical Services, LLC",beaconelectricalchatt.com,beaconelectricalchatt.com,,,,Chattanooga,Tennessee,US,37415
Cape Electrical Supply,capeelectric.com,capeelectric.com,,,,Chattanooga,Tennessee,US,37406
Electric Vehicle Charging Station,solvingev.com,solvingev.com,,,,Chattanooga,Tennessee,US,37402
Electric Vehicle Charging Station,mvford.com,mvford.com,,,,Chattanooga,Tennessee,US,37408
Elemental Electrical,elementalelectrical.co,elementalelectrical.co,,,,Chattanooga,Tennessee,US,37409
FOSTER ELECTRICAL SERVICE & REPAIR - Electrician in Chattanooga TN,fosterelectrical.net,fosterelectrical.net,,,,Chattanooga,Tennessee,US,37403
Foster Electric,chattanoogaelectrician.net,chattanoogaelectrician.net,,,,Chattanooga,Tennessee,US,37421
Groves Electrical Contractors,groveselectric.net,groveselectric.net,,,,Chattanooga,Tennessee,US,37415
J&J Electrical Contracting,jandjelectricalcontracting.com,jandjelectricalcontracting.com,,,,Chattanooga,Tennessee,US,37406
Lane Pro Wire LLC,laneprowire.com,laneprowire.com,,,,Chattanooga,Tennessee,US,37402
Lawson Electric Co,lawsonelectric.com,lawsonelectric.com,,,,Chattanooga,Tennessee,US,37343
Mercedes-Benz Charging Station,mbusa.com,mbusa.com,,,,Chattanooga,Tennessee,US,37421
Miller Electrical Contractors Inc,millerelectrical.net,millerelectrical.net,,,,Chattanooga,Tennessee,US,37411
"NABCO Electric Company, Inc",nabcoelectric.com,nabcoelectric.com,,,,Chattanooga,Tennessee,US,37407
"Reliable Heating & Air Conditioning Co., Inc.",reliable-online.com,reliable-online.com,,,,Chattanooga,Tennessee,US,37405
Service Electric Co,serviceelectricco.com,serviceelectricco.com,,,,Chattanooga,Tennessee,US,37404
Tekwell Panel Shop,tekwellservices.com,tekwellservices.com,,,,Chattanooga,Tennessee,US,37408
Tri State Electrical Contractors,tristateec.com,tristateec.com,,,,Chattanooga,Tennessee,US,37408
Allstar Electric,allstarelectrictn.com,allstarelectrictn.com,,,,Cleveland,Tennessee,US,37311
Kedron Electric LLC,kedronelectric.com,kedronelectric.com,,,,College Grove,Tennessee,US,37046
"Choate's Air Conditioning, Heating, Plumbing And Electrical",choateshvac.com,choateshvac.com,,,,Collierville,Tennessee,US,38017
"BUCKEYE POWER SYSTEMS, LLC.",buckeyepowersystems.com,buckeyepowersystems.com,,,,Cordova,Tennessee,US,38018
"Benchmark Electric, LLC",benchmarkelectric.us,benchmarkelectric.us,,,,Cordova,Tennessee,US,38018
T & M Services Inc,midsouthgen.com,midsouthgen.com,,,,Cordova,Tennessee,US,38016
Tim Ferguson Plumbing Air & Electric,timfergusonplumbing.com,timfergusonplumbing.com,,,,Cordova,Tennessee,US,38018
Miller Power Systems Inc,millerpowersystems.com,millerpowersystems.com,,,,Dickson,Tennessee,US,37055
Allegiant Electric,allegelec.com,allegelec.com,,,,East Ridge,Tennessee,US,37412
EPB Charging Station,epb.com,epb.com,,,,East Ridge,Tennessee,US,37412
TOP TIER ELECTRIC LLC,toptierelectric1.com,toptierelectric1.com,,,,East Ridge,Tennessee,US,37412
Sparky & Sons Electrical Services LLC,sparkyandsonselectrical.com,sparkyandsonselectrical.com,,,,Farragut,Tennessee,US,37934
"Airstream Services HVAC, Electrical & Plumbing",airstreamteam.com,airstreamteam.com,,,,Franklin,Tennessee,US,37064
Delta South Electric,deltasouthelectric.com,deltasouthelectric.com,,,,Franklin,Tennessee,US,37067
"Huxtable Electric, Inc.",huxtableelectric.com,huxtableelectric.com,,,,Franklin,Tennessee,US,37067
Lee Company,leecompany.com,leecompany.com,,,,Franklin,Tennessee,US,37064
Middle Tennessee Electric,mte.com,mte.com,,,,Franklin,Tennessee,US,37067
Sewell Electric & HVAC,sewellelectric.com,sewellelectric.com,,,,Franklin,Tennessee,US,37064
Weifield Group Tennessee,weifieldcontracting.com,weifieldcontracting.com,,,,Franklin,Tennessee,US,37064
Higher Power Electric Tn,higherpowerelectrictn.com,higherpowerelectrictn.com,,,,Goodlettsville,Tennessee,US,37072
Stan The Electrician,electrician615.com,electrician615.com,,,,Goodlettsville,Tennessee,US,37072
I.C. Electric LLC,icelectrictn.com,icelectrictn.com,,,,Hendersonville,Tennessee,US,37075
C & N Electric,cnelectrictn.com,cnelectrictn.com,,,,Hixson,Tennessee,US,37343
Jackson Electric & HVAC,jacksonelectricandhvac.com,jacksonelectricandhvac.com,,,,Jackson,Tennessee,US,38301
Jimmy Meeks Electric Services Inc.,jimmymeekselectric.com,jimmymeekselectric.com,,,,Jackson,Tennessee,US,38301
Lindsey Electric,lindseyelectricservice.com,lindseyelectricservice.com,,,,Jackson,Tennessee,US,38305
"Sowder Electric Company, Inc.",sowderel.com,sowderel.com,,,,Jasper,Tennessee,US,37347
Wilson Generator Service,wilsongenerator.com,wilsongenerator.com,,,,Jefferson City,Tennessee,US,37760
"Ace Electric Service Co, LLC",aceelecservice.com,aceelecservice.com,,,,Knoxville,Tennessee,US,37918
Advent Electric Inc,adventelectric.com,adventelectric.com,,,,Knoxville,Tennessee,US,37919
Ampt Electric,amptelectrictn.com,amptelectrictn.com,,,,Knoxville,Tennessee,US,37922
Freedom Electric,freedomelectrictn.com,freedomelectrictn.com,,,,Knoxville,Tennessee,US,37934
Funderburk Electrical Services Llc,funderburkelec.com,funderburkelec.com,,,,Knoxville,Tennessee,US,37918
"GoHero Home Services -Plumbing, Heating, Cooling, Electrical",goheronow.com,goheronow.com,,,,Knoxville,Tennessee,US,37912
"Grace Electric, LLC",graceelectric.net,graceelectric.net,,,,Knoxville,Tennessee,US,37917
John H Coleman Co,johnhcolemanco.com,johnhcolemanco.com,,,,Knoxville,Tennessee,US,37932
KnoxCET LLC,knoxcet.com,knoxcet.com,,,,Knoxville,Tennessee,US,37922
Knoxville Electrician - Foster Electric,knoxvilleelectrician.com,knoxvilleelectrician.com,,,,Knoxville,Tennessee,US,37909
Lloyd's Electric Service,lloydselectricservice.com,lloydselectricservice.com,,,,Knoxville,Tennessee,US,37931
Mc Gaha Electric Co,mcgahaelectric.com,mcgahaelectric.com,,,,Knoxville,Tennessee,US,37917
Orange City Electric,orangecityelectrictn.com,orangecityelectrictn.com,,,,Knoxville,Tennessee,US,37923
SMK Plumbing & Electric,smkplumbing-electric.com,smkplumbing-electric.com,,,,Knoxville,Tennessee,US,37918
SOUTHEAST GENERATORS-ELECTRICAL-HVAC,seghvac.com,seghvac.com,,,,Knoxville,Tennessee,US,37938
Smith Bros Electric,smithbroselec.com,smithbroselec.com,,,,Knoxville,Tennessee,US,37909
Standard Air Conditioning and Electrical Co.,standardknox.com,standardknox.com,,,,Knoxville,Tennessee,US,37932
THE EASTENN COMPANY - KNOXVILLE ELECTRICIAN,eastenncompany.com,eastenncompany.com,,,,Knoxville,Tennessee,US,37917
Tennessee Associated Electric,tn-associated.com,tn-associated.com,,,,Knoxville,Tennessee,US,37917
Top Tier Electrical Services LLC,toptierelectricalservices.com,toptierelectricalservices.com,,,,Knoxville,Tennessee,US,37921
Thompson Electric | Generator Installation,thompsonelectricinc.com,thompsonelectricinc.com,,,,Lebanon,Tennessee,US,37087
Long Electric LLC,longelectrictn.com,longelectrictn.com,,,,Lenoir City,Tennessee,US,37771
Hilltop Electric,hilltopelectrictn.com,hilltopelectrictn.com,,,,Lynnville,Tennessee,US,38472
"Danny Davis Electrical Contractors, Inc.",ddelectric.com,ddelectric.com,,,,Maryville,Tennessee,US,37804
"A-C Electric Co., Inc.",acelectric901.com,acelectric901.com,,,,Memphis,Tennessee,US,38111
"Above and Beyond Plumbing and Electric Company, Inc",aboveandbeyondelectric.com,aboveandbeyondelectric.com,,,,Memphis,Tennessee,US,38134
"Altus Electric, LLC",altuselectricmidsouth.com,altuselectricmidsouth.com,,,,Memphis,Tennessee,US,38134
American Electrical Contractor,aecincmemphis.com,aecincmemphis.com,,,,Memphis,Tennessee,US,38118
"Automatic Air Conditioning, Heating, Plumbing & Electric",itsautomatic.com,itsautomatic.com,,,,Memphis,Tennessee,US,38118
"Bluff City Electrical Contractors, LLC",bluffcityelectrical.com,bluffcityelectrical.com,,,,Memphis,Tennessee,US,38127
"C & B Electric Service, LLC",cbelectricservice.com,cbelectricservice.com,,,,Memphis,Tennessee,US,38134
ChargePoint,chuckhuttontoyota.com,chuckhuttontoyota.com,,,,Memphis,Tennessee,US,38116
Conway Services,conwayservices.net,conwayservices.net,,,,Memphis,Tennessee,US,38118
Copperhead Electrical Contractor,copperheadec.com,copperheadec.com,,,,Memphis,Tennessee,US,38134
Dennis Electric Inc,denniselectric.com,denniselectric.com,,,,Memphis,Tennessee,US,38133
EXPERT Electrical Contractors - Memphis,expertelectric.company,expertelectric.company,,,,Memphis,Tennessee,US,38118
Eaton Charging Station,eaton.com,eaton.com,,,,Memphis,Tennessee,US,38018
Electri-Com,engproducts.com,engproducts.com,,,,Memphis,Tennessee,US,38112
Ellendale Electric,ellendale-electric.com,ellendale-electric.com,,,,Memphis,Tennessee,US,38133
Everhome,everhomepros.com,everhomepros.com,,,,Memphis,Tennessee,US,38125
Excalibur Electrician of Memphis TN,electriciansmemphis.com,electriciansmemphis.com,,,,Memphis,Tennessee,US,38116
Handyman Services,handymanservicesmemphis.com,handymanservicesmemphis.com,,,,Memphis,Tennessee,US,38122
Hankins Electric Company,hankins-electric.com,hankins-electric.com,,,,Memphis,Tennessee,US,38117
"Higgins Electric, LLC.",higginselectricmemphis.com,higginselectricmemphis.com,,,,Memphis,Tennessee,US,38134
"Lytles Electric, LLC",lytleselectric.net,lytleselectric.net,,,,Memphis,Tennessee,US,38127
MJR Electrical Contractors,mjr-electrical.generacdealers.com,mjr-electrical.generacdealers.com,,,,Memphis,Tennessee,US,38134
Mid-South Electrical Contractors,mid-southelectric.net,mid-southelectric.net,,,,Memphis,Tennessee,US,38118
OPACHS HVAC SERVICES,opachs.com,opachs.com,,,,Memphis,Tennessee,US,38118
Power Doctors,powerdoctors.net,powerdoctors.net,,,,Memphis,Tennessee,US,38118
Power Equipment Company,powerequipco.com,powerequipco.com,,,,Memphis,Tennessee,US,38116
Power and Protection Services,alarmservicesgroup.com,alarmservicesgroup.com,,,,Memphis,Tennessee,US,38125
Precise Circuit Solutions,precisecircuitsolutions.com,precisecircuitsolutions.com,,,,Memphis,Tennessee,US,38134
Roman Electric,romanelectric.net,romanelectric.net,,,,Memphis,Tennessee,US,38117
S & S Electric Co,sselectriccompany.com,sselectriccompany.com,,,,Memphis,Tennessee,US,38118
Schwartz Electric Co. Inc.,schwartzelectric.co,schwartzelectric.co,,,,Memphis,Tennessee,US,38104
"Shelby Electric Company, Inc.",shelbyelectric.net,shelbyelectric.net,,,,Memphis,Tennessee,US,38106
Southern Electric Company,southernelectriccompany.net,southernelectriccompany.net,,,,Memphis,Tennessee,US,38118
Standard Electric Co,4standardelectric.com,4standardelectric.com,,,,Memphis,Tennessee,US,38126
Vee-Co Generator & Starter Co,veecogen.wixsite.com,veecogen.wixsite.com,,,,Memphis,Tennessee,US,38118
Victory Electric,callvictoryelectric.com,callvictoryelectric.com,,,,Memphis,Tennessee,US,38115
Wire Wranglers Electric Co.,wirewranglerselectric.com,wirewranglerselectric.com,,,,Memphis,Tennessee,US,38122
Yates Services of Memphis,yatesservicesofmemphis.com,yatesservicesofmemphis.com,,,,Memphis,Tennessee,US,38111
Ace Electric Inc,electricmemphis.com,electricmemphis.com,,,,Millington,Tennessee,US,38053
Rush Electric,rushelectrictn.com,rushelectrictn.com,,,,Millington,Tennessee,US,38053
Comer Electric Co. Inc.,comerelectric.com,comerelectric.com,,,,Morristown,Tennessee,US,37814
Tennessee Electricians LLC,tnelectricians.com,tnelectricians.com,,,,Moscow,Tennessee,US,38057
"Pro Electric TN, LLC",proelectrictn.com,proelectrictn.com,,,,Murfreesboro,Tennessee,US,37129
Quality Electric Service,qualityelectricllctn.com,qualityelectricllctn.com,,,,Murfreesboro,Tennessee,US,37127
"ABEC Electric Company, LLC",abecelectric.com,abecelectric.com,,,,Nashville,Tennessee,US,37210
Adams & McCoy Electric LLC,adamsmccoyelectric.com,adamsmccoyelectric.com,,,,Nashville,Tennessee,US,37206
Amprite Electric Company,amprite.com,amprite.com,,,,Nashville,Tennessee,US,37203
Craddock's Service,craddockelectrical.com,craddockelectrical.com,,,,Nashville,Tennessee,US,37115
Dodd Electric,doddelectric.com,doddelectric.com,,,,Nashville,Tennessee,US,37204
"Empower Electric, LLC",empower-electric.com,empower-electric.com,,,,Nashville,Tennessee,US,37207
Excalibur Electrician,electriciansnashville.com,electriciansnashville.com,,,,Nashville,Tennessee,US,37203
Fast Electrical Contractors,fastelect.com,fastelect.com,,,,Nashville,Tennessee,US,37217
Generator Supercenter of Middle Tennessee,generatorsupercenterofnashville.com,generatorsupercenterofnashville.com,,,,Nashville,Tennessee,US,37204
"Gervais Electric, Inc.",gervaiselectric.com,gervaiselectric.com,,,,Nashville,Tennessee,US,37211
Greenway Electric of Nashville,greenwayelectric.biz,greenwayelectric.biz,,,,Nashville,Tennessee,US,37203
"HARR ELECTRIC - Nashville, Tn",harrelectric.com,harrelectric.com,,,,Nashville,Tennessee,US,37211
Hardy Electric,hardyelectric.net,hardyelectric.net,,,,Nashville,Tennessee,US,37214
"Hiller Plumbing, Heating, Cooling & Electrical",happyhiller.com,happyhiller.com,,,,Nashville,Tennessee,US,37217
Hometown Pro Nashville Electrician,hometownpro.com,hometownpro.com,,,,Nashville,Tennessee,US,37221
LA's custom power and lighting,lascustompowerandlighting.com,lascustompowerandlighting.com,,,,Nashville,Tennessee,US,37214
"Modern Electrical Contracting, Inc.",modcable.com,modcable.com,,,,Nashville,Tennessee,US,37210
Mr. Watt Electricity,mrwattelectricity.com,mrwattelectricity.com,,,,Nashville,Tennessee,US,37221
"Music City Electricians, LLC",musiccityelectricians.com,musiccityelectricians.com,,,,Nashville,Tennessee,US,37138
Nashville generators //Your one source for power generation /service/ repairs all makes,nashvillegenerators.com,nashvillegenerators.com,,,,Nashville,Tennessee,US,37214
"Pioneer Heating, Cooling, Electrical & Plumbing",pioneercomfort.com,pioneercomfort.com,,,,Nashville,Tennessee,US,37214
Premier Generators,premiergenerators.com,premiergenerators.com,,,,Nashville,Tennessee,US,37207
The Wire Guy,thewireguy.co,thewireguy.co,,,,Nashville,Tennessee,US,37209
West Side Electric Service,westsideelectricservice.com,westsideelectricservice.com,,,,Nashville,Tennessee,US,37209
Luxe Electric,luxeelectric.net,luxeelectric.net,,,,Nolensville,Tennessee,US,37135
Diversified Electrical,diversifiedelectrictn.com,diversifiedelectrictn.com,,,,Oak Ridge,Tennessee,US,37830
Town And Country Electric LLC,tcetn.net,tcetn.net,,,,Ooltewah,Tennessee,US,37363
Atomic Electric Service Inc.,atomicelectricservice.com,atomicelectricservice.com,,,,Powell,Tennessee,US,37849
"Re-New Electric, LLC",re-newelectric.com,re-newelectric.com,,,,Soddy-Daisy,Tennessee,US,37379
"Southern Electric of TN, Inc",callsouthernelectrictoday.com,callsouthernelectrictoday.com,,,,Spring Hill,Tennessee,US,37174
Quality Electric TN,qualityelectrictn.com,qualityelectrictn.com,,,,Williston,Tennessee,US,38076
Hooked Up Electric,hookedupelectrictexas.com,hookedupelectrictexas.com,,,,Abilene,Texas,US,79602
Dynamic Electrical Solutions | Residential & Commercial Electricians,dynaelec.com,dynaelec.com,,,,Addison,Texas,US,75001
Louie's Electric,louieselectric.com,louieselectric.com,,,,Alamo,Texas,US,78516
Allen Electrician Experts,allentxelectrician.net,allentxelectrician.net,,,,Allen,Texas,US,75002
Lambright Electric Allen TX,lambrightelectricllc.com,lambrightelectricllc.com,,,,Allen,Texas,US,75002
"Atlas Electrical, Air Conditioning, Refrigeration & Plumbing Services, Inc.",atlasrgv.com,atlasrgv.com,,,,Alton,Texas,US,78573
Storm Guardian Generators,stormgg.com,stormgg.com,,,,Alvin,Texas,US,77511
Triple Eagle Electric,tripleeagleelectric.org,tripleeagleelectric.org,,,,Arlington,Texas,US,76001
ABC Home & Commercial Services - Electrician Department,abchomeandcommercial.com,abchomeandcommercial.com,,,,Austin,Texas,US,78724
"AC Electric, LLC",acelectricaustin.com,acelectricaustin.com,,,,Austin,Texas,US,78737
ATX Electrical Services,atxelectricalservices.com,atxelectricalservices.com,,,,Austin,Texas,US,78737
"Abacus Plumbing, Air Conditioning, & Electrical",abacusplumbing.com,abacusplumbing.com,,,,Austin,Texas,US,78758
Austin Electricians,austin-electricians.co,austin-electricians.co,,,,Austin,Texas,US,78758
Austin Generator Service,austingenerator.com,austingenerator.com,,,,Austin,Texas,US,78728
Base Power,basepowercompany.com,basepowercompany.com,,,,Austin,Texas,US,78704
"Big State Electric, Ltd.",bigstateelectric.com,bigstateelectric.com,,,,Austin,Texas,US,78754
Bryant AC & Electric,bryantelectricservice.com,bryantelectricservice.com,,,,Austin,Texas,US,78745
Buzz B's Electric LLC,buzzbs.com,buzzbs.com,,,,Austin,Texas,US,78751
Capital Power Systems,capitalpowersystems.com,capitalpowersystems.com,,,,Austin,Texas,US,78754
Copperhead Electrical Services LLC,copperheadelectricalservices.com,copperheadelectricalservices.com,,,,Austin,Texas,US,78724
DC Electric,calldcelectrical.com,calldcelectrical.com,,,,Austin,Texas,US,78756
Dial One Electrical Services,dialoneelectrical.com,dialoneelectrical.com,,,,Austin,Texas,US,78753
Duhon Electric,duhonelectric.com,duhonelectric.com,,,,Austin,Texas,US,78756
"Efficient AC, Electric & Plumbing",efficienttexas.com,efficienttexas.com,,,,Austin,Texas,US,78758
"Eskew Electric - Austin, Texas Electrician",eskewelectric.com,eskewelectric.com,,,,Austin,Texas,US,78748
FSG Austin- Electric,fsg.com,fsg.com,,,,Austin,Texas,US,78753
Fox Service Company,foxservice.com,foxservice.com,,,,Austin,Texas,US,78754
Freedom Power,gofreedompower.com,gofreedompower.com,,,,Austin,Texas,US,78744
Gardner Electrical,gardner-electrical.com,gardner-electrical.com,,,,Austin,Texas,US,78750
Generation,austinpowergeneration.com,austinpowergeneration.com,,,,Austin,Texas,US,78728
Global Electric Services Inc,globalelectricservices.com,globalelectricservices.com,,,,Austin,Texas,US,78758
Grayzer Electric,grayzerelectric.com,grayzerelectric.com,,,,Austin,Texas,US,78758
"Hamilton Electric Works, Inc. - Electric Motor Sales and Repair",hamilton-electric.com,hamilton-electric.com,,,,Austin,Texas,US,78722
"In Charge Electrical Services, LLC (Texas Electrician Services)",inchargeelectricalservices.com,inchargeelectricalservices.com,,,,Austin,Texas,US,78727
"JM Engineering, LLC",jm-engineer.com,jm-engineer.com,,,,Austin,Texas,US,78728
JMEG Electrical Contractors,jmeg.us,jmeg.us,,,,Austin,Texas,US,78754
Klock's Electric,klockelectric.com,klockelectric.com,,,,Austin,Texas,US,78757
Malco Electric,malcoelectric.com,malcoelectric.com,,,,Austin,Texas,US,78737
Max electrical services,maxelectricalservices.com,maxelectricalservices.com,,,,Austin,Texas,US,78744
Nomic Power Solutions,nomicpower.com,nomicpower.com,,,,Austin,Texas,US,78753
PowerMeans Electric,powermeanstx.com,powermeanstx.com,,,,Austin,Texas,US,78737
"Radiant Plumbing, Air Conditioning, & Electrical",radiantplumbing.com,radiantplumbing.com,,,,Austin,Texas,US,78751
Raptor Electric & General Contractor,raptorelectricaustin.com,raptorelectricaustin.com,,,,Austin,Texas,US,78728
STRONG TOWER SOLAR ELECTRICAL SERVICES & GENERATORS LLC,strongtowerelec.com,strongtowerelec.com,,,,Austin,Texas,US,78731
"Stan's Heating, Air, Plumbing & Electrical",stansac.com,stansac.com,,,,Austin,Texas,US,78752
Strand Brothers Service Experts,serviceexperts.com,serviceexperts.com,,,,Austin,Texas,US,78721
Terrapin Electric,terrapinelectric.com,terrapinelectric.com,,,,Austin,Texas,US,78721
Texas Reliable Services,austintrs.com,austintrs.com,,,,Austin,Texas,US,78744
Texas electrical and lighting services,txelectricalandlighting.com,txelectricalandlighting.com,,,,Austin,Texas,US,78750
Top Electrician Austin,topelectricianaustin.wixstudio.com,topelectricianaustin.wixstudio.com,,,,Austin,Texas,US,78721
TruTec Electric,trutecelectric.com,trutecelectric.com,,,,Austin,Texas,US,78702
U.S. Electric Contractors,uselectriccontractors.com,uselectriccontractors.com,,,,Austin,Texas,US,78702
Volthouse Electric,volthouseelectric.com,volthouseelectric.com,,,,Austin,Texas,US,78748
Generator Authority,mygeneratorauthority.com,mygeneratorauthority.com,,,,Azle,Texas,US,76020
ClearFork Electric LLC,electricianfortworth.com,electricianfortworth.com,,,,Benbrook,Texas,US,76126
Panther City Electric,panthercityelectric.com,panthercityelectric.com,,,,Benbrook,Texas,US,76116
Chosen 1 Electric,chosen1electric.com,chosen1electric.com,,,,Big Sandy,Texas,US,75755
"Blanco AC, Electrical, & Plumbing",blancoheatingandcooling.com,blancoheatingandcooling.com,,,,Blanco,Texas,US,78606
Longhorn Electric,longhornelectrictx.com,longhornelectrictx.com,,,,Buchanan Dam,Texas,US,78609
Champion Home Services,championac.com,championac.com,,,,Bulverde,Texas,US,78163
Breaker Pro,breakerprotx.com,breakerprotx.com,,,,Caddo Mills,Texas,US,75135
Power Solutions Electric,powersolutionsep.com,powersolutionsep.com,,,,Canutillo,Texas,US,79835
"Electricians of Dallas, LLC",electriciansofdallas.net,electriciansofdallas.net,,,,Carrollton,Texas,US,75006
Parker Power Systems,parkerpowersystemstx.com,parkerpowersystemstx.com,,,,Carrollton,Texas,US,75006
Generator Supercenter of Austin,generatorsupercenterofaustin.com,generatorsupercenterofaustin.com,,,,Cedar Park,Texas,US,78613
Texas Electrical Services of Austin TECL29127,austinstexaselectricalservices.com,austinstexaselectricalservices.com,,,,Cedar Park,Texas,US,78613
Major Generators of Fort Worth & Cleburne,majorgenerators.com,majorgenerators.com,,,,Cleburne,Texas,US,76031
HR Phoenix Electrical & Plumbing,hrphoenix.com,hrphoenix.com,,,,Colleyville,Texas,US,76034
Lunar Electric,golunarelectric.com,golunarelectric.com,,,,Colleyville,Texas,US,76034
Red Wing Electrical,redwingelectrical.com,redwingelectrical.com,,,,Colleyville,Texas,US,76034
Bales Electric,baleselectrictx.com,baleselectrictx.com,,,,Conroe,Texas,US,77385
Elijah Services Electrical,elijahserviceselectrical.com,elijahserviceselectrical.com,,,,Conroe,Texas,US,77304
GenTex Elite Services,gentexelite.com,gentexelite.com,,,,Conroe,Texas,US,77301
Grasten Power Technologies,grastengenerators.com,grastengenerators.com,,,,Conroe,Texas,US,77385
Perry Electric,perryelectrictx.com,perryelectrictx.com,,,,Conroe,Texas,US,77384
IES Residential,iesresidential.com,iesresidential.com,,,,Converse,Texas,US,78109
1st Choice Electric,1stchoicecctexas.com,1stchoicecctexas.com,,,,Corpus Christi,Texas,US,78404
American Generator Services,americangenservices.com,americangenservices.com,,,,Corpus Christi,Texas,US,78410
Beyer Boys Air Conditioning & Heating,beyerairconditioningheating.com,beyerairconditioningheating.com,,,,Corpus Christi,Texas,US,78415
Budd Electric,buddelectric.net,buddelectric.net,,,,Corpus Christi,Texas,US,78413
"CSR Electric, LLC",csrelectricllc.com,csrelectricllc.com,,,,Corpus Christi,Texas,US,78418
Central Power Systems & Services,cpower.com,cpower.com,,,,Corpus Christi,Texas,US,78409
Clayton Electrical Services,corpuschristielectrician.com,corpuschristielectrician.com,,,,Corpus Christi,Texas,US,78418
Corpus Christi Electric Co,cc-electric.com,cc-electric.com,,,,Corpus Christi,Texas,US,78408
Discount Electric,discountelectriccorpuschristitx.com,discountelectriccorpuschristitx.com,,,,Corpus Christi,Texas,US,78411
G&C Optimization,gcoptimization.com,gcoptimization.com,,,,Corpus Christi,Texas,US,78408
Generator Supercenter of Corpus Christi,generatorsupercenterofcorpuschristi.com,generatorsupercenterofcorpuschristi.com,,,,Corpus Christi,Texas,US,78412
"Industrial Electric Motors, Inc.",iemcc.net,iemcc.net,,,,Corpus Christi,Texas,US,78408
Lamp Lighter Electrical Contractor,mylocalusbusiness.com,mylocalusbusiness.com,,,,Corpus Christi,Texas,US,78411
MG Building Materials,mgbuildingmaterials.com,mgbuildingmaterials.com,,,,Corpus Christi,Texas,US,78412
"Mathews CCAC Heating, Cooling, Plumbing & Electrical",ccacac.com,ccacac.com,,,,Corpus Christi,Texas,US,78411
"Mathieu Electric Commercial, LLC",mathieu-electric.com,mathieu-electric.com,,,,Corpus Christi,Texas,US,78401
Mr. Electrician South Texas,mrelectricianstx.tech,mrelectricianstx.tech,,,,Corpus Christi,Texas,US,78413
Muniz Electrical Masters,munizelectricalmasters.com,munizelectricalmasters.com,,,,Corpus Christi,Texas,US,78417
Pelican Electric-CC LLC,pelicanelectric-cc.com,pelicanelectric-cc.com,,,,Corpus Christi,Texas,US,78412
"Power Repair Service, Inc.",powerrepair.net,powerrepair.net,,,,Corpus Christi,Texas,US,78408
"RH Electrical and Maintenance, Inc.",rhelectricalandmaintenance.com,rhelectricalandmaintenance.com,,,,Corpus Christi,Texas,US,78415
RTD Electric,rtdelectric.com,rtdelectric.com,,,,Corpus Christi,Texas,US,78415
Scott Electric Company,scott-electric.com,scott-electric.com,,,,Corpus Christi,Texas,US,78401
"Sheinberg Tool Co., LLC",sheinbergtool.com,sheinbergtool.com,,,,Corpus Christi,Texas,US,78405
Solar Power Integrator,solarpowerintegrator.com,solarpowerintegrator.com,,,,Corpus Christi,Texas,US,78418
Sutherlands,sutherlands.com,sutherlands.com,,,,Corpus Christi,Texas,US,78411
Swift Air,swiftaircc.com,swiftaircc.com,,,,Corpus Christi,Texas,US,78408
Synergy Home and Commercial Services,synergyhomeandcommercial.com,synergyhomeandcommercial.com,,,,Corpus Christi,Texas,US,78413
TPC Generator Solutions,tpcgeneratorsolutions.com,tpcgeneratorsolutions.com,,,,Corpus Christi,Texas,US,78418
Tier 1 Solar,tier1solar.com,tier1solar.com,,,,Corpus Christi,Texas,US,78401
Triple A Air Conditioning & Heating,aaaac.us,aaaac.us,,,,Corpus Christi,Texas,US,78418
Volt Electric,usmaperx.org,usmaperx.org,,,,Corpus Christi,Texas,US,78412
XOVA Charging Station,chargedup.evconnect.com,chargedup.evconnect.com,,,,Corpus Christi,Texas,US,78415
"Your Electric Co., Inc.",yourelectricco.com,yourelectricco.com,,,,Corpus Christi,Texas,US,78417
All Spark Electric,callallsparkelectric.com,callallsparkelectric.com,,,,Crowley,Texas,US,76036
Neighbors Electric,callneighbors.com,callneighbors.com,,,,Crowley,Texas,US,76036
1st Electricians Dallas,my-site-rff3ypim-sawyerccynthia.wix-vibe-site.com,my-site-rff3ypim-sawyerccynthia.wix-vibe-site.com,,,,Dallas,Texas,US,75232
"4G Electrician, LLC - Lake Dallas",4gelectrician.com,4gelectrician.com,,,,Dallas,Texas,US,75240
Acevedo´s Electric,acevedoselectric.com,acevedoselectric.com,,,,Dallas,Texas,US,75206
"Allied Electrical Group of Texas, Inc.",aegtexas.com,aegtexas.com,,,,Dallas,Texas,US,75238
AmpUp Charging Station,ampup.io,ampup.io,,,,Dallas,Texas,US,75201
Anthony’s Electric,anthonyselectricofdallas.com,anthonyselectricofdallas.com,,,,Dallas,Texas,US,75238
"Astar Air Conditioning, Plumbing & Electric",astardfw.com,astardfw.com,,,,Dallas,Texas,US,75243
Bright Light Electric,brightlightec.com,brightlightec.com,,,,Dallas,Texas,US,75218
Caddell Electric,dallaselectricrepair.com,dallaselectricrepair.com,,,,Dallas,Texas,US,75228
EMSR Electrical Contractors,emsr-ec.com,emsr-ec.com,,,,Dallas,Texas,US,75204
Electric Pros,electric-pros.com,electric-pros.com,,,,Dallas,Texas,US,75219
ElectricMan,electricmaninc.com,electricmaninc.com,,,,Dallas,Texas,US,75243
Electrician On Call,electricianoncall.com,electricianoncall.com,,,,Dallas,Texas,US,75252
Elizondo Electric,elizondoelectric.net,elizondoelectric.net,,,,Dallas,Texas,US,75217
Excell Electric,excellelectric.com,excellelectric.com,,,,Dallas,Texas,US,75218
"Gentzler Electrical Services, Inc.",gentzlerelectric.com,gentzlerelectric.com,,,,Dallas,Texas,US,75243
Gravity Electric,gravityservicesmep.com,gravityservicesmep.com,,,,Dallas,Texas,US,75240
Gunnels Electric Services.,electrical.net,electrical.net,,,,Dallas,Texas,US,75218
"Harlen Johnson HVAC, Plumbing & Electrical",hjac.com,hjac.com,,,,Dallas,Texas,US,75229
In-Light Electric,in-lightelectric.com,in-lightelectric.com,,,,Dallas,Texas,US,75238
"Milestone Electric, A/C, & Plumbing",callmilestone.com,callmilestone.com,,,,Dallas,Texas,US,75229
Monta Charging Station,monta.com,monta.com,,,,Dallas,Texas,US,75226
Mr. Electric of Dallas,mrelectricdallas.com,mrelectricdallas.com,,,,Dallas,Texas,US,75247
PowerEdge Texas,poweredgetx.com,poweredgetx.com,,,,Dallas,Texas,US,75206
QCharge Charging Station,qcharge123.com,qcharge123.com,,,,Dallas,Texas,US,75226
RFX Electric,rfxelectric.com,rfxelectric.com,,,,Dallas,Texas,US,75227
"SAME DAY ELECTRICIAN-DALLAS, TX",samdayelectriciandallastx.com,samdayelectriciandallastx.com,,,,Dallas,Texas,US,75204
Scott-Del Electric Inc.,scott-del.com,scott-del.com,,,,Dallas,Texas,US,75229
"Sparks ""R"" Us Electrical Services",sparksruselectrical.org,sparksruselectrical.org,,,,Dallas,Texas,US,75206
Stork's Home Services,storkheatingandair.com,storkheatingandair.com,,,,Dallas,Texas,US,75238
TX Dallas Electrician,my-site-mf0386nb-anserelloa.wix-vibe.com,my-site-mf0386nb-anserelloa.wix-vibe.com,,,,Dallas,Texas,US,75226
"Valencia Electric, Llc",valenciaelectric.com,valenciaelectric.com,,,,Dallas,Texas,US,75233
Verdegy,verdegy.com,verdegy.com,,,,Dallas,Texas,US,75238
VoltEdge Electrician Services Dallas,dallaselectricianservices.net,dallaselectricianservices.net,,,,Dallas,Texas,US,75201
All Safe Electric,callallsafe.com,callallsafe.com,,,,DeSoto,Texas,US,75115
JET Electrical Contractors LLC,jetelectricalcontractors.net,jetelectricalcontractors.net,,,,DeSoto,Texas,US,75115
Generator Supercenter of Denton,generatorsupercenterofdenton.com,generatorsupercenterofdenton.com,,,,Denton,Texas,US,76207
ProLectric LLC,prolectricllc.com,prolectricllc.com,,,,Dickinson,Texas,US,77539
CP Electrical Contractors,getcpelectric.com,getcpelectric.com,,,,Driftwood,Texas,US,78619
Tejas Electric,tejaselectric.com,tejaselectric.com,,,,Dripping Springs,Texas,US,78620
DVS - Quality Electrical Service and Electrical Maintenance,dvs-tx.com,dvs-tx.com,,,,Edinburg,Texas,US,78539
ElTech Electrical & Instrumentation LLP,eltechelectricinstruments.com,eltechelectricinstruments.com,,,,Edinburg,Texas,US,78539
"JR'S POWER SERVICES, LLC",jrspowerservice.com,jrspowerservice.com,,,,Edinburg,Texas,US,78542
YJ Home Repair Service,jg040049.wixsite.com,jg040049.wixsite.com,,,,Edinburg,Texas,US,78542
828 Electric Llc,828electricep.com,828electricep.com,,,,El Paso,Texas,US,79915
"AMPTX Electric, LP",amptxelectric.com,amptxelectric.com,,,,El Paso,Texas,US,79936
Allegiant Generator Services North America,ags-na.com,ags-na.com,,,,El Paso,Texas,US,79907
Alpine Electric,alpineelectricelpaso.com,alpineelectricelpaso.com,,,,El Paso,Texas,US,79905
Alternate Electric LLC,alternateelectricelp.com,alternateelectricelp.com,,,,El Paso,Texas,US,79928
Art's Electric,elpasoelectricalservices.com,elpasoelectricalservices.com,,,,El Paso,Texas,US,79904
"Aztec Electrical Contractor, LLC",aztecelectricelpaso.com,aztecelectricelpaso.com,,,,El Paso,Texas,US,79927
Beltran Electrical Contractors,beltranelp.com,beltranelp.com,,,,El Paso,Texas,US,79907
Caldwell Electric,caldwellelectrical.com,caldwellelectrical.com,,,,El Paso,Texas,US,79935
Code Electric Inc,codeelectric.us,codeelectric.us,,,,El Paso,Texas,US,79903
DH Electrical Services LLC,dhelectricalsvcs.com,dhelectricalsvcs.com,,,,El Paso,Texas,US,79905
DNA Electrical Concept LLC,dnaeletricalservice.com,dnaeletricalservice.com,,,,El Paso,Texas,US,79903
Dependable Electric,weredependableelectric.com,weredependableelectric.com,,,,El Paso,Texas,US,79904
"INNOVATIVE TRADES, LLC PLUMBING & ELECTRICAL",wecanfixitforyou.com,wecanfixitforyou.com,,,,El Paso,Texas,US,79907
Liza's Tovar Electric,tovarelectricelpaso.com,tovarelectricelpaso.com,,,,El Paso,Texas,US,79925
Longhorn Electrical Services Inc,longhornelectrical.com,longhornelectrical.com,,,,El Paso,Texas,US,79901
Omega Electrical & Mechanical Contractors,omegapowerep.com,omegapowerep.com,,,,El Paso,Texas,US,79936
Prewire of El Paso Inc,prewireofelpaso.com,prewireofelpaso.com,,,,El Paso,Texas,US,79935
Remsa USA Inc,remsausainc.com,remsausainc.com,,,,El Paso,Texas,US,79938
SUPERIOR ELECTRICAL SERVICES OF EL PASO LLC,superiorelectric915.com,superiorelectric915.com,,,,El Paso,Texas,US,79938
Secure Electrical Contractors Inc,securecontractorsinc.com,securecontractorsinc.com,,,,El Paso,Texas,US,79938
Villarreal & Sons Electric,electric-1.com,electric-1.com,,,,El Paso,Texas,US,79903
Yee Electrical Contractor LLC,yeeelectriccontractor.com,yeeelectriccontractor.com,,,,El Paso,Texas,US,79915
Pure Commitment Inc,purecommitment.com,purecommitment.com,,,,Ennis,Texas,US,75119
B&B Electric,bnb-electric.com,bnb-electric.com,,,,Euless,Texas,US,76040
JSR Electrical Services,jsrelectrical.com,jsrelectrical.com,,,,Euless,Texas,US,76040
Anderson Lighting & Electric,electrician-flowermound.com,electrician-flowermound.com,,,,Flower Mound,Texas,US,75028
Bianchi Electric Co.,callbianchi.com,callbianchi.com,,,,Flower Mound,Texas,US,75028
Tier-One Electric,calltierone.com,calltierone.com,,,,Flower Mound,Texas,US,75022
"A.V.A. Electric, LLC",ava-electric.com,ava-electric.com,,,,Fort Worth,Texas,US,76116
A1 Electrician Services,a1-electrician-services.ueniweb.com,a1-electrician-services.ueniweb.com,,,,Fort Worth,Texas,US,76102
Bacon Plumbing Heating Air Electric,everyonelovesbacon.com,everyonelovesbacon.com,,,,Fort Worth,Texas,US,76118
"Breeze Air, Heat & Electrical",breezeairandheat.com,breezeairandheat.com,,,,Fort Worth,Texas,US,76118
Brown Electric,brown-electric.com,brown-electric.com,,,,Fort Worth,Texas,US,76108
Buffalo Electric,buffaloelectricdfw.com,buffaloelectricdfw.com,,,,Fort Worth,Texas,US,76106
Cross Electric,callcross.com,callcross.com,,,,Fort Worth,Texas,US,76179
Cummings Electrical,cummingselec.com,cummingselec.com,,,,Fort Worth,Texas,US,76155
Douglas Electrical Services,douglaselectricalservices.net,douglaselectricalservices.net,,,,Fort Worth,Texas,US,76164
Electrical Plumbing Pros.,electricalplumbingpros.com,electricalplumbingpros.com,,,,Fort Worth,Texas,US,76131
Epic Electrical,epicelectrical.com,epicelectrical.com,,,,Fort Worth,Texas,US,76182
Fort Worth Electric,fortworthelec.com,fortworthelec.com,,,,Fort Worth,Texas,US,76126
Fort Worth Electrical Service,ftwelectrical.com,ftwelectrical.com,,,,Fort Worth,Texas,US,76111
Fort Worth Electrician Pros,fortworth-electrician.net,fortworth-electrician.net,,,,Fort Worth,Texas,US,76110
Gear Electrical Contractors,mr-handyelectric.com,mr-handyelectric.com,,,,Fort Worth,Texas,US,76114
Generator Supercenter of Fort Worth,generatorsupercenteroffortworth.com,generatorsupercenteroffortworth.com,,,,Fort Worth,Texas,US,76114
Harter Electric LLC.,harterelectric.com,harterelectric.com,,,,Fort Worth,Texas,US,76244
HomeSafe Generators & Electrical,homesafetx.com,homesafetx.com,,,,Fort Worth,Texas,US,76177
Huggins Electric,hugginselectric.com,hugginselectric.com,,,,Fort Worth,Texas,US,76137
Hunt Electrical Services,huntelectricalservices.net,huntelectricalservices.net,,,,Fort Worth,Texas,US,76107
LuminX Electrical Contractors LLC,luminx.us,luminx.us,,,,Fort Worth,Texas,US,76131
M4 ELECTRICAL LLC,m4electrical.com,m4electrical.com,,,,Fort Worth,Texas,US,76108
Mr. Electric of Fort Worth,mrelectricfortworth.com,mrelectricfortworth.com,,,,Fort Worth,Texas,US,76107
PMC Electric LLC,pmcelectricllc.com,pmcelectricllc.com,,,,Fort Worth,Texas,US,76102
"RJP Electric, Generators, Solar",rjpegs.com,rjpegs.com,,,,Fort Worth,Texas,US,76135
Rosendin,rosendin.com,rosendin.com,,,,Fort Worth,Texas,US,76177
Taylor Power Systems,taylorpower.com,taylorpower.com,,,,Fort Worth,Texas,US,76119
"Team Enoch: Electric, Plumbing, Air, Roofing",teamenoch.com,teamenoch.com,,,,Fort Worth,Texas,US,76115
TrueLine Electrical Services Fort Worth,6a3fd3fa7ac02.site123.me,6a3fd3fa7ac02.site123.me,,,,Fort Worth,Texas,US,76112
UrbanWire Electrical Services Fort Worth,6a412937a0a50.site123.me,6a412937a0a50.site123.me,,,,Fort Worth,Texas,US,76134
eSparks Electricals,esparks-electricals.ueniweb.com,esparks-electricals.ueniweb.com,,,,Fort Worth,Texas,US,76102
Arizola Home Services,arizolaplumbing.com,arizolaplumbing.com,,,,Fredericksburg,Texas,US,78624
Central Texas Electric Co-op - Fredericksburg Headquarters Office,ctec.coop,ctec.coop,,,,Fredericksburg,Texas,US,78624
Fused Electric,fusedelectrictx.com,fusedelectrictx.com,,,,Fredericksburg,Texas,US,78624
General Contractor Near Me,generalcontractornearme.contractors,generalcontractornearme.contractors,,,,Fredericksburg,Texas,US,78624
Global Cooling & Plumbing+,globalcoolingtx.com,globalcoolingtx.com,,,,Fredericksburg,Texas,US,78624
"Hill Country AC, Heating, Plumbing",hillcountryrefrigeration.com,hillcountryrefrigeration.com,,,,Fredericksburg,Texas,US,78624
Itz Electric,itzelectric.com,itzelectric.com,,,,Fredericksburg,Texas,US,78624
Jay Dee's Electric Co,jaydeeselectric.com,jaydeeselectric.com,,,,Fredericksburg,Texas,US,78624
KJW Electric,kjwelectric.com,kjwelectric.com,,,,Fredericksburg,Texas,US,78624
PowerHaus Electric,powerhausfbg.com,powerhausfbg.com,,,,Fredericksburg,Texas,US,78624
The City of Fredericksburg - Electric Department,fbgtx.org,fbgtx.org,,,,Fredericksburg,Texas,US,78624
Residential Electrical Services,residentialelectricalsvcs.com,residentialelectricalsvcs.com,,,,Friendswood,Texas,US,77546
Accurate Electric,accurateelectrictx.com,accurateelectrictx.com,,,,Frisco,Texas,US,75035
Barzaga Inc Electrical Contractor,barzagainc.com,barzagainc.com,,,,Frisco,Texas,US,75036
Big State Electricians,bigstateelectricians.com,bigstateelectricians.com,,,,Frisco,Texas,US,75035
Cornerstone Power Solutions,cornerstonepowersolutions.com,cornerstonepowersolutions.com,,,,Frisco,Texas,US,75033
Elevated Electrical,elevatedelectrical.com,elevatedelectrical.com,,,,Frisco,Texas,US,75036
Frisco Electrician Experts,electricianfriscotx.net,electricianfriscotx.net,,,,Frisco,Texas,US,75035
Hyperfuel Charging Station,hyperfuel.com,hyperfuel.com,,,,Frisco,Texas,US,75034
Legacy Plumbing & Electric,legacyplumbing.net,legacyplumbing.net,,,,Frisco,Texas,US,75034
Leo electric services,vm-7cliiwyg54mzun98whvzt3oo.vusercontent.net,vm-7cliiwyg54mzun98whvzt3oo.vusercontent.net,,,,Frisco,Texas,US,75036
Light It Up Electric,lightitupelectric.net,lightitupelectric.net,,,,Frisco,Texas,US,75034
Mister Volts Electric,mistervolts.com,mistervolts.com,,,,Frisco,Texas,US,75034
Resilient Power & Plumbing,callrpp.com,callrpp.com,,,,Frisco,Texas,US,75034
Accurate Electric L.L.C.,electriciandallastx.com,electriciandallastx.com,,,,Garland,Texas,US,75043
Arrow Electric,arrowelectric.net,arrowelectric.net,,,,Garland,Texas,US,75041
Electric Masters,callelectricmasters.com,callelectricmasters.com,,,,Garland,Texas,US,75044
"Allied Electric Services, Inc.",alliedelectric.us,alliedelectric.us,,,,Georgetown,Texas,US,78626
"Beacon Generators, Inc. Beacon Electric",beacongenerators.com,beacongenerators.com,,,,Granbury,Texas,US,76049
Clements Electric,clementselectric.com,clementselectric.com,,,,Grand Prairie,Texas,US,75051
D X Electric Co,dxelectric.com,dxelectric.com,,,,Grapevine,Texas,US,76051
DUB Electric,dubelectric.com,dubelectric.com,,,,Grapevine,Texas,US,76051
Dennis Services,dennis-services.com,dennis-services.com,,,,Grapevine,Texas,US,76051
Finish Line Mechanical Electrical and Plumbing,finishlinemep.com,finishlinemep.com,,,,Grapevine,Texas,US,76051
Generation Licensed Electrician,generationlicensedelectrician.com,generationlicensedelectrician.com,,,,Grapevine,Texas,US,76051
Guardian Home Generators,guardianhomegenerators.com,guardianhomegenerators.com,,,,Grapevine,Texas,US,76051
KLT Electric,kltelectric.com,kltelectric.com,,,,Grapevine,Texas,US,76051
Proximity Electrical Contractors,proximityelectricalcontractors.com,proximityelectricalcontractors.com,,,,Grapevine,Texas,US,76051
SolidWire Electrical Services Grapevine,6a3b5a36c460a.site123.me,6a3b5a36c460a.site123.me,,,,Grapevine,Texas,US,76051
Veracity Electric,veracityelectricusa.com,veracityelectricusa.com,,,,Grapevine,Texas,US,76051
WDS Electric Inc,wdselectric.com,wdselectric.com,,,,Grapevine,Texas,US,76051
"Cano Electric, Inc.",canoelectric.com,canoelectric.com,,,,Haltom City,Texas,US,76117
Cantwell Home Generators,cantwellgen.com,cantwellgen.com,,,,Haltom City,Texas,US,76117
"Cantwell Power Systems, LLC",cantwellpower.com,cantwellpower.com,,,,Haltom City,Texas,US,76117
"Geldard Technologies, LLC",geldardtechnologies.com,geldardtechnologies.com,,,,Haltom City,Texas,US,76117
S&R Electrical Contractor LLC,eleseco.com,eleseco.com,,,,Haltom City,Texas,US,76117
Scott Electric,scottelectricdfw.com,scottelectricdfw.com,,,,Haltom City,Texas,US,76117
Tarrant Electric,tarrantcountyelectric.com,tarrantcountyelectric.com,,,,Haltom City,Texas,US,76117
Tiger Strike Electric,tigerstrikeelectric.com,tigerstrikeelectric.com,,,,Haltom City,Texas,US,76137
Dodson Electric,dodsonelectric.com,dodsonelectric.com,,,,Haslet,Texas,US,76052
"North Texas, LLC",northtxgen.com,northtxgen.com,,,,Haslet,Texas,US,76052
Dietrich Electrical Services,dietrichelectricalservices.com,dietrichelectricalservices.com,,,,Helotes,Texas,US,78023
A&I Electric Services LLC,aielectricservices.com,aielectricservices.com,,,,Horizon City,Texas,US,79928
CD Electric LLC,cdelectrictx.com,cdelectrictx.com,,,,Horseshoe Bay,Texas,US,78657
GenereX Generators,generextx.com,generextx.com,,,,Horseshoe Bay,Texas,US,78657
"A&A Gen Pro, Inc.",aagenpro.com,aagenpro.com,,,,Houston,Texas,US,77041
"A1 Plus Electrical, Plumbing and Air Conditioning Repair",a1plus.com,a1plus.com,,,,Houston,Texas,US,77040
AL Generators Power LLC,algeneratorspower.com,algeneratorspower.com,,,,Houston,Texas,US,77056
"Aaron-Carter Electric, Inc.",aaroncarterelectric.com,aaroncarterelectric.com,,,,Houston,Texas,US,77039
"Abacus Plumbing, Air Conditioning, & Electrical",abacusplumbing.net,abacusplumbing.net,,,,Houston,Texas,US,77032
Air Tech of Houston AC & Plumbing,airtechofhouston.com,airtechofhouston.com,,,,Houston,Texas,US,77018
All American Electric LLC,all-americanelectric.com,all-americanelectric.com,,,,Houston,Texas,US,77040
American Electric Contractor,american-electric-contractor.com,american-electric-contractor.com,,,,Houston,Texas,US,77095
Balanced Electric,balancedelectrictx.com,balancedelectrictx.com,,,,Houston,Texas,US,77009
Bios Power Systems,biospowersystems.com,biospowersystems.com,,,,Houston,Texas,US,77040
Camden Electric LLC,camdenelectricllc.com,camdenelectricllc.com,,,,Houston,Texas,US,77009
Central Electrician,central-electrician.ueniweb.com,central-electrician.ueniweb.com,,,,Houston,Texas,US,77092
Colwell Electric,colwellelectric.com,colwellelectric.com,,,,Houston,Texas,US,77040
Cravens Electric,cravenselectric.com,cravenselectric.com,,,,Houston,Texas,US,77040
D & J Electric LLC,dandjelectric.llc,dandjelectric.llc,,,,Houston,Texas,US,77022
DM Electrical & Construction LLC,dmelectricalinc.com,dmelectricalinc.com,,,,Houston,Texas,US,77081
"Definite Electric, LLC",definiteelectric.com,definiteelectric.com,,,,Houston,Texas,US,77008
Deuce Electrical,deuceelectrical.com,deuceelectrical.com,,,,Houston,Texas,US,77018
Doctor Home Experts Houston Generator,houstonresidentialgenerators.com,houstonresidentialgenerators.com,,,,Houston,Texas,US,77015
Dynamic Electric Inc,dynamicelecusa.com,dynamicelecusa.com,,,,Houston,Texas,US,77041
Electrical Masters Company Inc.,electricalmasterscompany.com,electricalmasterscompany.com,,,,Houston,Texas,US,77086
Electrical Works of Houston,electricalworksofhouston.com,electricalworksofhouston.com,,,,Houston,Texas,US,77018
Enterprise Electrical,enterpriseelectricalco.com,enterpriseelectricalco.com,,,,Houston,Texas,US,77041
Generator Industries,generatorind.com,generatorind.com,,,,Houston,Texas,US,77075
Generator Superstore,generator-superstore.com,generator-superstore.com,,,,Houston,Texas,US,77070
Generators TX LLC,generatorstx.com,generatorstx.com,,,,Houston,Texas,US,77095
Generators of Houston,generatorsofhouston.com,generatorsofhouston.com,,,,Houston,Texas,US,77070
Golden Service Electric,goldenserviceelectrictx.com,goldenserviceelectrictx.com,,,,Houston,Texas,US,77099
"Harmony Electric Co., Inc.",harmonyelectric.com,harmonyelectric.com,,,,Houston,Texas,US,77007
Harvest Electrical Solutions,harvest-tx.com,harvest-tx.com,,,,Houston,Texas,US,77070
JN'L Electric - Houston Electricians 24/7 | Electrical Contractor,jnlelectric.com,jnlelectric.com,,,,Houston,Texas,US,77070
KISS Generators,kissgenerators.com,kissgenerators.com,,,,Houston,Texas,US,77040
Martinez Power Electric LLC,martinezpowerelectric.com,martinezpowerelectric.com,,,,Houston,Texas,US,77049
Mid-West Electric Company-Houston,mid-westelectric.com,mid-westelectric.com,,,,Houston,Texas,US,77018
Nextdoor Electric,nextdoorelectrictx.com,nextdoorelectrictx.com,,,,Houston,Texas,US,77008
On Time Electric,ontime-electric.com,ontime-electric.com,,,,Houston,Texas,US,77011
OneCall Houston,onecallhouston.com,onecallhouston.com,,,,Houston,Texas,US,77055
Paul Richard Electric,paulrichardelectric.com,paulrichardelectric.com,,,,Houston,Texas,US,77041
"Peoples Choice Electric, Inc",peopleschoiceelectric.com,peopleschoiceelectric.com,,,,Houston,Texas,US,77042
Powered By H,poweredbyh.com,poweredbyh.com,,,,Houston,Texas,US,77018
ProMax Electrical,promaxelectrical.com,promaxelectrical.com,,,,Houston,Texas,US,77042
Quality Home Products of Texas,qualitytx.com,qualitytx.com,,,,Houston,Texas,US,77073
RBG Services LLC,rbgelectricalhtx.com,rbgelectricalhtx.com,,,,Houston,Texas,US,77040
Safe Haven Power,safehavenpower.com,safehavenpower.com,,,,Houston,Texas,US,77027
Shell Recharge Charging Station,find.shell.com,find.shell.com,,,,Houston,Texas,US,77006
Smart Choice Electrical,smartchoiceelectrical.com,smartchoiceelectrical.com,,,,Houston,Texas,US,77055
Swartz Green Electric,swartzgreenelectric.com,swartzgreenelectric.com,,,,Houston,Texas,US,77022
Trizone Electric LLC,trizoneelectric.com,trizoneelectric.com,,,,Houston,Texas,US,77042
Unique Electrical Services,uniqueelectricalservices.com,uniqueelectricalservices.com,,,,Houston,Texas,US,77072
Universal Home Experts,universalhomeexperts.com,universalhomeexperts.com,,,,Houston,Texas,US,77064
Varela American Electric Inc.,allforelectric.com,allforelectric.com,,,,Houston,Texas,US,77099
Worldwide Power Products,wpowerproducts.com,wpowerproducts.com,,,,Houston,Texas,US,77041
"inGENious Power, LLC",ingeniouspwr.com,ingeniouspwr.com,,,,Houston,Texas,US,77433
A Phase Electric,aphaselectric.com,aphaselectric.com,,,,Humble,Texas,US,77338
AstroGenerators,astrogenerators.com,astrogenerators.com,,,,Humble,Texas,US,77338
Bayou City Electric,bayoucityelectric.com,bayoucityelectric.com,,,,Humble,Texas,US,77346
Raw Electrical Services LLC,rawelectricalservices.net,rawelectricalservices.net,,,,Humble,Texas,US,77396
A Team Home Services,callateamtoday.com,callateamtoday.com,,,,Hutto,Texas,US,78634
SALT Plumbing Air & Electric,callsalt.com,callsalt.com,,,,Hutto,Texas,US,78634
"Haynes Electric, LLC",hayneselectric.net,hayneselectric.net,,,,Ingleside,Texas,US,78362
Hernandez Electrical Services Inc.,hernandezelectrical.com,hernandezelectrical.com,,,,Irving,Texas,US,75061
Lone Star Electrical Services,lonestarelectricalservices.com,lonestarelectricalservices.com,,,,Jersey Village,Texas,US,77040
Mister Sparky of Katy,mistersparky-houston.com,mistersparky-houston.com,,,,Katy,Texas,US,77450
Select Generators,selectgenerators.com,selectgenerators.com,,,,Katy,Texas,US,77449
West Houston Electric,westhoustonelectric.com,westhoustonelectric.com,,,,Katy,Texas,US,77450
Carroll Service Co,carrollservicecotx.com,carrollservicecotx.com,,,,Keller,Texas,US,76248
Handy Neighbor,kellerhandyneighbor.com,kellerhandyneighbor.com,,,,Keller,Texas,US,76248
Keller Electrician Experts,kellerelectrician.net,kellerelectrician.net,,,,Keller,Texas,US,76262
"Morgan Electric, Inc",morgan-electric.com,morgan-electric.com,,,,Keller,Texas,US,76248
ProVolt Electrical Services,provoltelectricalservices.com,provoltelectricalservices.com,,,,Kerrville,Texas,US,78028
Texas Power and Controls,tpcgenerator.com,tpcgenerator.com,,,,Kerrville,Texas,US,78028
Centerline Services LLC,centerlineservices.net,centerlineservices.net,,,,Kingsland,Texas,US,78639
Waterloo Power,waterloopower.com,waterloopower.com,,,,Kyle,Texas,US,78640
Omega Generators,omegagenerators.net,omegagenerators.net,,,,La Feria,Texas,US,78559
StarTech Electric,startechelectricians.com,startechelectricians.com,,,,Lakeway,Texas,US,78734
Prime Generators,prime-generators.com,prime-generators.com,,,,Lavon,Texas,US,75166
Elite Electrical Solution,eliteelectricalsolution.com,eliteelectricalsolution.com,,,,Leander,Texas,US,78641
White Electric,white-electric.com,white-electric.com,,,,Lewisville,Texas,US,75057
Champion Electrical Services,championelectricalservices.com,championelectricalservices.com,,,,Little Elm,Texas,US,75068
Little Elm Electrician,littleelmelectrician.net,littleelmelectrician.net,,,,Little Elm,Texas,US,75068
"Bradbury Brothers Cooling, Plumbing & Electrical",bradburybrothers.com,bradburybrothers.com,,,,Magnolia,Texas,US,77354
"Dailey Company, Inc.",godailey.com,godailey.com,,,,Magnolia,Texas,US,77354
Logo Electrical Services,logoelectrical.com,logoelectrical.com,,,,Magnolia,Texas,US,77354
US Power Pros,uspowerpros.com,uspowerpros.com,,,,Magnolia,Texas,US,77355
"Hart Electrical Services, LLC",hartelectricalserv.wixsite.com,hartelectricalserv.wixsite.com,,,,Manchaca,Texas,US,78652
JC Davis Power,jcdavispower.com,jcdavispower.com,,,,Manor,Texas,US,78653
Counts Electric,countselectricpros.com,countselectricpros.com,,,,Marble Falls,Texas,US,78654
Doyle Electric LLC,electricalsubcontractor.com,electricalsubcontractor.com,,,,Marble Falls,Texas,US,78654
Hudson Electrical Contractors LLC,hudsonelectriccontractors.net,hudsonelectriccontractors.net,,,,Marble Falls,Texas,US,78654
"Atlas Technologies, Inc.",atlastechnologies.biz,atlastechnologies.biz,,,,McAllen,Texas,US,78504
Benmar Electric,benmarelectric.com,benmarelectric.com,,,,McAllen,Texas,US,78501
Blue Electric,blueelectricinc.com,blueelectricinc.com,,,,McAllen,Texas,US,78501
C&B Electric & A/C Services,carloselectric1.wixsite.com,carloselectric1.wixsite.com,,,,McAllen,Texas,US,78503
CRV Construction,crvconstruction.com,crvconstruction.com,,,,McAllen,Texas,US,78504
Elite Electric,eliteelectric-rgv.com,eliteelectric-rgv.com,,,,McAllen,Texas,US,78504
Elliott Electric Supply,elliottelectric.com,elliottelectric.com,,,,McAllen,Texas,US,78501
Graviti Energy Charging Station,gravitienergy.com,gravitienergy.com,,,,McAllen,Texas,US,78501
HVAC solutions rgv llc,hvacsolutionsrgv.com,hvacsolutionsrgv.com,,,,McAllen,Texas,US,78504
Harbor Freight,harborfreight.com,harborfreight.com,,,,McAllen,Texas,US,78501
Lowe's Home Improvement,lowes.com,lowes.com,,,,McAllen,Texas,US,78504
MIBA Energy,mibaenergy.com,mibaenergy.com,,,,McAllen,Texas,US,78501
"Metro Electric, Inc.",metroelectric-rgv.com,metroelectric-rgv.com,,,,McAllen,Texas,US,78504
Northern Tool + Equipment,northerntool.com,northerntool.com,,,,McAllen,Texas,US,78503
"ProElectric, LLC",proelectric.biz,proelectric.biz,,,,McAllen,Texas,US,78504
Reliant Energy,reliant.com,reliant.com,,,,McAllen,Texas,US,78501
Xova Charging Station,xovacharging.com,xovacharging.com,,,,McAllen,Texas,US,78501
ABR Electric,abrelectric.com,abrelectric.com,,,,McKinney,Texas,US,75071
Benchmark Electrical Services,benchmarkelectricaldfw.com,benchmarkelectricaldfw.com,,,,McKinney,Texas,US,75071
Blue Line Electric,bluelineelectrictx.com,bluelineelectrictx.com,,,,McKinney,Texas,US,75071
Electrician Near Me Experts LLC,electriciannearmeexperts.com,electriciannearmeexperts.com,,,,McKinney,Texas,US,75069
Light Pro,lightprousa.com,lightprousa.com,,,,McKinney,Texas,US,75071
5th Generation Electric LLC,5thgenelectric.com,5thgenelectric.com,,,,Mesquite,Texas,US,75150
A1-Tex Electric,a1texelectric.com,a1texelectric.com,,,,Mesquite,Texas,US,75149
BH3 Residential and Commercial Electricians,bh3ind.com,bh3ind.com,,,,Mesquite,Texas,US,75150
"Electricowork, LLC",electricowork.com,electricowork.com,,,,Mesquite,Texas,US,75149
Matrix Electric,matrixelectriccompany.com,matrixelectriccompany.com,,,,Mesquite,Texas,US,75149
Schulz Electric & Construction,schulzelectricconstruction.com,schulzelectricconstruction.com,,,,Mineola,Texas,US,75773
CHICO Electrical Services LLC,chicoelectricalservicesllc.com,chicoelectricalservicesllc.com,,,,Mission,Texas,US,78573
Crawford Electric Supply,crawfordelectricsupply.com,crawfordelectricsupply.com,,,,Mission,Texas,US,78572
Generator Supercenter of The Valley,generatorsupercenterofthevalley.com,generatorsupercenterofthevalley.com,,,,Mission,Texas,US,78572
Generators of South Texas LLC,gstgenerators.generacdealers.com,gstgenerators.generacdealers.com,,,,Mission,Texas,US,78572
Jaimes Electric Inc,jaimeselectric.com,jaimeselectric.com,,,,Mission,Texas,US,78574
MAE Power Equipment,maepower.com,maepower.com,,,,Mission,Texas,US,78572
RGV Electrical Supply,rgvelectricalsupply.com,rgvelectricalsupply.com,,,,Mission,Texas,US,78572
Ramco Electric,ramcoelectric.org,ramcoelectric.org,,,,Mission,Texas,US,78574
Tellus Equipment,tellusequip.com,tellusequip.com,,,,Mission,Texas,US,78572
"Trevino Plumbing, Electrical & HVAC",trevinorepairs.com,trevinorepairs.com,,,,Mission,Texas,US,78572
Zitro Electric Llc,zitroelectric.com,zitroelectric.com,,,,Mission,Texas,US,78574
"Allsource Electrical Technologies, LLC",allsourcelectrical.com,allsourcelectrical.com,,,,Missouri City,Texas,US,77489
RWB Electrical Services,rwbelectricalservices.com,rwbelectricalservices.com,,,,Montgomery,Texas,US,77316
"Elite Electrical Contracting, LLC",eliteelectricalcontractingllc.com,eliteelectricalcontractingllc.com,,,,Morgan,Texas,US,76671
Walmart Charging Station,walmart.com,walmart.com,,,,Murphy,Texas,US,75094
Zellner Electric,zellnerelectric.com,zellnerelectric.com,,,,New Braunfels,Texas,US,78130
Landeros Electric LLC,landeroselectric.com,landeroselectric.com,,,,Newark,Texas,US,76071
Hop2It Electrical Repair,callhop2it.com,callhop2it.com,,,,North Richland Hills,Texas,US,76182
Northlake Certified Electrician,northlakecertifiedelectrician.com,northlakecertifiedelectrician.com,,,,Northlake,Texas,US,76262
Grupo Telco LLC,gptelco.com,gptelco.com,,,,Palmview,Texas,US,78572
"Echo Electrical Services, Inc.",echoelectricalservices.com,echoelectricalservices.com,,,,Pantego,Texas,US,76013
Right Touch Electrical,righttouchelectrical.com,righttouchelectrical.com,,,,Pasadena,Texas,US,77503
ACL ELECTRIC,aclelectricllc.com,aclelectricllc.com,,,,Pflugerville,Texas,US,78660
ATX Generators,atxgenerators.com,atxgenerators.com,,,,Pflugerville,Texas,US,78660
Ace Electric Construction and plumbing 24 hour emergency service calls,aceelectricrgv.com,aceelectricrgv.com,,,,Pharr,Texas,US,78577
Alpha Electrical Solutions,alphaelectrosolutions.com,alphaelectrosolutions.com,,,,Pharr,Texas,US,78577
Frontline Home Solutions,yourfrontline.com,yourfrontline.com,,,,Pharr,Texas,US,78577
Lonestar Electric Supply,lonestarelectricsupply.com,lonestarelectricsupply.com,,,,Pharr,Texas,US,78577
MPWR Electrical Direct,mpwrdirect.com,mpwrdirect.com,,,,Pharr,Texas,US,78577
"Mighty Mike's Plumbing, Electrical & HVAC",callmightymike.com,callmightymike.com,,,,Pharr,Texas,US,78577
Polar Air | Air Conditioning & Heating,polarair.net,polarair.net,,,,Pharr,Texas,US,78577
Valley Outdoor Power Equipment,vope-inc.com,vope-inc.com,,,,Pharr,Texas,US,78577
ARK AC and Electrical INC.,arkac.com,arkac.com,,,,Plano,Texas,US,75075
Adis Electric,adiselectric.com,adiselectric.com,,,,Plano,Texas,US,75074
Beachy Electric,beachyelectric.com,beachyelectric.com,,,,Plano,Texas,US,75075
Integrity Electric,integrityelectricdfw.com,integrityelectricdfw.com,,,,Plano,Texas,US,75074
McBride Electric,mcbrideelectric.com,mcbrideelectric.com,,,,Plano,Texas,US,75074
Mister Sparky Electrician,mistersparky-dfw.com,mistersparky-dfw.com,,,,Plano,Texas,US,75075
Plano Electrician,electricianplanotx.com,electricianplanotx.com,,,,Plano,Texas,US,75075
Plano Pearl Electric,pearlhomeservices.com,pearlhomeservices.com,,,,Plano,Texas,US,75094
Premier Generators of Texas,premiergeneratorstx.com,premiergeneratorstx.com,,,,Plano,Texas,US,75074
Prime Current Electrical Services Of Plano,primecurrentelectric.com,primecurrentelectric.com,,,,Plano,Texas,US,75074
System Electric Co.,systemelectric.com,systemelectric.com,,,,Plano,Texas,US,75074
Tesla Alarm and Electrical,teslaae.com,teslaae.com,,,,Plano,Texas,US,75074
Tremmel Electric,tremmelelectric.com,tremmelelectric.com,,,,Plano,Texas,US,75025
Jackman Electrical Services LLC,jackmanelectricalservicesllc.com,jackmanelectricalservicesllc.com,,,,Porter,Texas,US,77365
"Cool Hand Electric, Heating, & AC Repair",coolhandelectric.com,coolhandelectric.com,,,,Red Oak,Texas,US,75154
All-In-One Electric,allinoneelectric.com,allinoneelectric.com,,,,Richardson,Texas,US,75081
CitySquad Electrical,citysquadelectrical.com,citysquadelectrical.com,,,,Richardson,Texas,US,75080
DK Electricians,dkelectricians.com,dkelectricians.com,,,,Richardson,Texas,US,75080
McKAM Electric,mckamelectric.com,mckamelectric.com,,,,Richardson,Texas,US,75080
HR Phoenix Electrical & Plumbing,hrphoenixelectrical.com,hrphoenixelectrical.com,,,,Richland Hills,Texas,US,76118
TopTech Electric & Plumbing,calltoptech.com,calltoptech.com,,,,Richland Hills,Texas,US,76118
Certified Generator Service and Repair,certifiedgenrepair.com,certifiedgenrepair.com,,,,Richmond,Texas,US,77407
The Local Electrician,thelocalelectrician-tx.com,thelocalelectrician-tx.com,,,,Richmond,Texas,US,77407
Total Power Installations,totalpowerinstalls.com,totalpowerinstalls.com,,,,Richmond,Texas,US,77407
Ampacity Electrical Services,ampacityelectricalservices.com,ampacityelectricalservices.com,,,,Roanoke,Texas,US,76262
Auto Experts of Roanoke,auto-experts.us,auto-experts.us,,,,Roanoke,Texas,US,76262
Avid Electrical Contracting,avid-electric.com,avid-electric.com,,,,Roanoke,Texas,US,76262
First Choice Lights,firstchoicelights.com,firstchoicelights.com,,,,Roanoke,Texas,US,76262
Frontline AC & Heating LLC,flhvac24.com,flhvac24.com,,,,Roanoke,Texas,US,76262
"Gierisch Brothers Motor Co Ltd,",gbros.biz,gbros.biz,,,,Roanoke,Texas,US,76262
Griggs Electric LLC,griggselectric.com,griggselectric.com,,,,Roanoke,Texas,US,76262
Hopeful Electrical,hopefulelectrical.com,hopefulelectrical.com,,,,Roanoke,Texas,US,76262
North Texas HVAC,northtxhvac.com,northtxhvac.com,,,,Roanoke,Texas,US,76262
Respectable Electrical,respectableelectrical.com,respectableelectrical.com,,,,Roanoke,Texas,US,76262
Roanoke Electrician Service,roanokeelectricianservice.com,roanokeelectricianservice.com,,,,Roanoke,Texas,US,76262
Team Fishel,teamfishel.com,teamfishel.com,,,,Roanoke,Texas,US,76262
Coastal Sign & Electric Company Service,coastalsignelectric.com,coastalsignelectric.com,,,,Rockport,Texas,US,78382
Generator Supercenter,generatorsupercenterofdallas.com,generatorsupercenterofdallas.com,,,,Rockwall,Texas,US,75087
JC Electrical Services,jcelectricalservices.com,jcelectricalservices.com,,,,Round Rock,Texas,US,78664
W3 Electric Heating & A/C,callw3.com,callw3.com,,,,Rowlett,Texas,US,75088
"4A Electrical Services, LLC",4aelectricalservices.com,4aelectricalservices.com,,,,San Antonio,Texas,US,78254
5G Electric LLC,5gelectric.com,5gelectric.com,,,,San Antonio,Texas,US,78207
A+EVC Charging Station,aplusevc.com,aplusevc.com,,,,San Antonio,Texas,US,78212
Absolute Power Electrical Contractors,absolute-pwr.com,absolute-pwr.com,,,,San Antonio,Texas,US,78249
All Star Electric,allstarelectric-sa.com,allstarelectric-sa.com,,,,San Antonio,Texas,US,78218
Approved Electrical,approvedelectricalsolar.com,approvedelectricalsolar.com,,,,San Antonio,Texas,US,78250
Bell Electric LLC,bellelectricsa.com,bellelectricsa.com,,,,San Antonio,Texas,US,78207
C.S.W. Power Solutions,cswpsolutions.com,cswpsolutions.com,,,,San Antonio,Texas,US,78249
CSE Electric,csetx.com,csetx.com,,,,San Antonio,Texas,US,78218
Cappadonna Electrical Contractor Inc,cappadonnaelectric.com,cappadonnaelectric.com,,,,San Antonio,Texas,US,78249
Carrasco Electrical Services,carrascoelectricalservices.com,carrascoelectricalservices.com,,,,San Antonio,Texas,US,78238
ChargePoint Charging Station,chargepoint.com,chargepoint.com,,,,San Antonio,Texas,US,78235
Citywide Electric,citywideelectric.net,citywideelectric.net,,,,San Antonio,Texas,US,78250
Classic Electric Co,classicelectricco.com,classicelectricco.com,,,,San Antonio,Texas,US,78216
Countdown Electrical Services,countdownelectricalservices.com,countdownelectricalservices.com,,,,San Antonio,Texas,US,78237
Current Power Technologies,currentpowertechnologies.com,currentpowertechnologies.com,,,,San Antonio,Texas,US,78209
Davila Electric,davilaelectric.com,davilaelectric.com,,,,San Antonio,Texas,US,78201
Denali Electric LLC,denalielectricllc.com,denalielectricllc.com,,,,San Antonio,Texas,US,78218
Electrical Design Solutions,electricaldesignsolutions-tx.com,electricaldesignsolutions-tx.com,,,,San Antonio,Texas,US,78238
Elevate Electrical Solutions,goelevateelectrical.com,goelevateelectrical.com,,,,San Antonio,Texas,US,78253
Elmer's Home Services,elmershomeservices.com,elmershomeservices.com,,,,San Antonio,Texas,US,78233
Engel Electric,engelelectrictx.com,engelelectrictx.com,,,,San Antonio,Texas,US,78219
Esquivel Electrical & Lighting LLC,esquivelelectricalllc.com,esquivelelectricalllc.com,,,,San Antonio,Texas,US,78222
Evenflow Home & Commercial Services,evenflowhomeservices.com,evenflowhomeservices.com,,,,San Antonio,Texas,US,78207
Firefly Electric Service,fireflyelectricservice.com,fireflyelectricservice.com,,,,San Antonio,Texas,US,78251
Generator Supercenter of San Antonio,generatorsupercenterofsanantonio.com,generatorsupercenterofsanantonio.com,,,,San Antonio,Texas,US,78217
"GoGEN Services, LLC",gogenusa.com,gogenusa.com,,,,San Antonio,Texas,US,78222
Good Electric - Electricians San Antonio,goodelectricsa.com,goodelectricsa.com,,,,San Antonio,Texas,US,78217
Green Light Electric LLC,greenlightelectrictexas.com,greenlightelectrictexas.com,,,,San Antonio,Texas,US,78238
Gueldner Electric Co.,gueldnerelectric.com,gueldnerelectric.com,,,,San Antonio,Texas,US,78212
Heart Electrical and Heart for the Holidays,heartlightingandelectrical.com,heartlightingandelectrical.com,,,,San Antonio,Texas,US,78260
Jireh Electric - Electrician San Antonio TX,jirehelectric.com,jirehelectric.com,,,,San Antonio,Texas,US,78214
Jon Wayne Service Company,jonwayne.com,jonwayne.com,,,,San Antonio,Texas,US,78263
KNR Electric LLC,knrelectrictx.com,knrelectrictx.com,,,,San Antonio,Texas,US,78253
LM Electric,lmelectricsa.com,lmelectricsa.com,,,,San Antonio,Texas,US,78201
Matthews Electric LLC,matthewselect.com,matthewselect.com,,,,San Antonio,Texas,US,78245
NEXGEN ELECTRICAL SOLUTIONS,nexgenelectricalsolutions.com,nexgenelectricalsolutions.com,,,,San Antonio,Texas,US,78213
Native Power Systems,native-energy.com,native-energy.com,,,,San Antonio,Texas,US,78249
Power Source Electric,powersourcetx.com,powersourcetx.com,,,,San Antonio,Texas,US,78220
Premier Maintenance Group & Electric,pmg-texas.com,pmg-texas.com,,,,San Antonio,Texas,US,78254
Pro Electric San Antonio,proelectricsa.com,proelectricsa.com,,,,San Antonio,Texas,US,78217
"Proud Pops Plumbing, Air & Electric",proudpops.com,proudpops.com,,,,San Antonio,Texas,US,78247
Q Electric,qelectrictx.com,qelectrictx.com,,,,San Antonio,Texas,US,78229
Solar Edge Pros,solaredgepros.com,solaredgepros.com,,,,San Antonio,Texas,US,78216
Sunbelt Electric San Antonio,sunbeltelectricsa.com,sunbeltelectricsa.com,,,,San Antonio,Texas,US,78247
Super Electric,superelectricsa.com,superelectricsa.com,,,,San Antonio,Texas,US,78233
Synergy Electric,synergy-electric.net,synergy-electric.net,,,,San Antonio,Texas,US,78207
Texas Engineered Solar,txensolar.com,txensolar.com,,,,San Antonio,Texas,US,78219
WIRED GENERATIONS ELECTRICAL,wiredgenerations-electrical.com,wiredgenerations-electrical.com,,,,San Antonio,Texas,US,78251
Wright Home Services,wrightac.com,wrightac.com,,,,San Antonio,Texas,US,78249
XPRT ELECTRICAL CONTRACTOR LLC,xprt.comelectric.com,xprt.comelectric.com,,,,San Elizario,Texas,US,79849
DFW Longhorn Electric LLC,dfwlonghornelectric.com,dfwlonghornelectric.com,,,,Seagoville,Texas,US,75159
2 Boys Electric,2boyselectric.com,2boyselectric.com,,,,Southlake,Texas,US,76092
"Berkeys Plumbing, A/C & Electrical",berkeys.com,berkeys.com,,,,Southlake,Texas,US,76092
Bicentennial Electric,bicentennialelectric.com,bicentennialelectric.com,,,,Southlake,Texas,US,76092
"CR Plumbing, Air & Electric",crplumbingdfw.com,crplumbingdfw.com,,,,Southlake,Texas,US,76092
Chiming Master Electrician,chimingmasterelectrician.com,chimingmasterelectrician.com,,,,Southlake,Texas,US,76092
Cowboys Plumbing,cowboysplumbingtx.net,cowboysplumbingtx.net,,,,Southlake,Texas,US,76092
Daniel Electric Co,danielelectric.net,danielelectric.net,,,,Southlake,Texas,US,76092
Euphoric 24 Hour Electrician,euphoric24hourelectrician.com,euphoric24hourelectrician.com,,,,Southlake,Texas,US,76092
HEC Electric,hecelectric.com,hecelectric.com,,,,Southlake,Texas,US,76092
Horizon Electrician,horizonelectrician.com,horizonelectrician.com,,,,Southlake,Texas,US,76092
Progress Electrical,progress-electrical.com,progress-electrical.com,,,,Southlake,Texas,US,76092
Southlake Electric Gate Repair Service,southlakeelectricgaterepairservice.com,southlakeelectricgaterepairservice.com,,,,Southlake,Texas,US,76092
Southlake Electrician Service,southlakeelectricianservice.com,southlakeelectricianservice.com,,,,Southlake,Texas,US,76092
Status 24 Hour Electrician,status24hourelectrician.com,status24hourelectrician.com,,,,Southlake,Texas,US,76092
TLC Electrical,tlcelectrical.com,tlcelectrical.com,,,,Southlake,Texas,US,76092
Vocal Electrician,vocalelectrician.com,vocalelectrician.com,,,,Southlake,Texas,US,76092
Wired Electrician,wired-electrician.com,wired-electrician.com,,,,Southlake,Texas,US,76092
Chapman Electric,chapmanelectrictx.com,chapmanelectrictx.com,,,,Spicewood,Texas,US,78669
Magnify Electric,magnifyelectric.com,magnifyelectric.com,,,,Spicewood,Texas,US,78669
Aaron's Electrical Service,aaronselectricalservice.com,aaronselectricalservice.com,,,,Spring,Texas,US,77386
CLAD ELECTRICAL LLC,cladelectrical.com,cladelectrical.com,,,,Spring,Texas,US,77373
Commercial Electric Services,commercialelectricservices.com,commercialelectricservices.com,,,,Spring,Texas,US,77373
D & D Electricals and Electronics,drewlewiselectrician.com,drewlewiselectrician.com,,,,Spring,Texas,US,77386
"Electric Blessings, LLC",electricblessings.com,electricblessings.com,,,,Spring,Texas,US,77380
Generator Power Systems,gpshouston.com,gpshouston.com,,,,Spring,Texas,US,77388
Gray Herring Electrical Services LLC,grayherringelectricalservices.com,grayherringelectricalservices.com,,,,Spring,Texas,US,77389
Green Star Electric,greenstarelectric.net,greenstarelectric.net,,,,Spring,Texas,US,77373
Haddad Contractor LLC,haddadcontractor.com,haddadcontractor.com,,,,Spring,Texas,US,77389
Mr. Watts Electrical - Get Generac Generators,mrwatts.com,mrwatts.com,,,,Spring,Texas,US,77373
"Refined Electrical Services, LLC",refinedelectricalservices.com,refinedelectricalservices.com,,,,Spring,Texas,US,77386
Trim Electric,trimelectric.com,trimelectric.com,,,,Spring,Texas,US,77388
"Upton Electrical Contracting, LLC",uptonec.com,uptonec.com,,,,Spring,Texas,US,77373
Veteran Electric Inc,veteranelectric.net,veteranelectric.net,,,,Spring,Texas,US,77386
Wired-Tech Electrical,wiredtechelectrical.com,wiredtechelectrical.com,,,,Spring,Texas,US,77388
"Pro Power Electric, LLC",propowerllc.net,propowerllc.net,,,,Spring Branch,Texas,US,78070
Wheat Electric & Controls,wheat-electric.com,wheat-electric.com,,,,Spring Branch,Texas,US,78070
Premier Generator Solutions,premiergeneratorshtx.com,premiergeneratorshtx.com,,,,Stafford,Texas,US,77477
Critical Power Solutions,criticalpowerhtx.com,criticalpowerhtx.com,,,,Sugar Land,Texas,US,77478
Gallegos Generator,gallegosgenerator.com,gallegosgenerator.com,,,,Sugar Land,Texas,US,77478
Electric Connection,electricconnectiontx.com,electricconnectiontx.com,,,,The Woodlands,Texas,US,77380
Houston Equipment Repair,houstonequipmentrepair.com,houstonequipmentrepair.com,,,,Tomball,Texas,US,77375
Power Solutions Specialist,powernow.com,powernow.com,,,,Tomball,Texas,US,77375
RHK Electrical,rhkelectrical.com,rhkelectrical.com,,,,Tomball,Texas,US,77375
Wired Electrical and Generators,wiredes.com,wiredes.com,,,,Tomball,Texas,US,77377
Cowboys HVAC,cowboyshvac.best,cowboyshvac.best,,,,Trophy Club,Texas,US,76262
Hunter & Sons Heating & Cooling,huntersonsheating.homes,huntersonsheating.homes,,,,Trophy Club,Texas,US,76262
Ted's Air Comfort HVAC,tedshvac.homes,tedshvac.homes,,,,Trophy Club,Texas,US,76262
Assurance Electrical Contractor,myassuranceelectrical.com,myassuranceelectrical.com,,,,Von Ormy,Texas,US,78073
McLeod Electric LLC,mcleodelectrictx.com,mcleodelectrictx.com,,,,Von Ormy,Texas,US,78073
Generator Supercenter of Weatherford,generatorsupercenterofweatherford.com,generatorsupercenterofweatherford.com,,,,Weatherford,Texas,US,76087
Evergreen Home Energy,goevergreenhome.com,goevergreenhome.com,,,,Weslaco,Texas,US,78599
Dashiell Corp.,dashiell.com,dashiell.com,,,,Westlake,Texas,US,76262
Friendly Home Services Group,friendlygroup.com,friendlygroup.com,,,,Westlake,Texas,US,76262
Arc Angel Services,arcangelservices.com,arcangelservices.com,,,,White Settlement,Texas,US,76108
JME ELECTRIC GROUP LLC,jmeelectricgroup.com,jmeelectricgroup.com,,,,Wylie,Texas,US,75098
Millcreek Electric Company,classifieds.ksl.com,classifieds.ksl.com,,,,Bluffdale,Utah,US,84065
Envision Electric,envisionelectric.pro,envisionelectric.pro,,,,Bountiful,Utah,US,84010
American Electric Company,americanelectric.cc,americanelectric.cc,,,,Draper,Utah,US,84020
Advanced Electric Systems,advancedelectricsystems.com,advancedelectricsystems.com,,,,Heber City,Utah,US,84032
DREAMWORKS ELECTRIC,dreamworkselectric.com,dreamworkselectric.com,,,,Heber City,Utah,US,84032
Vanguard Electric,vanguardelectricut.com,vanguardelectricut.com,,,,Heber City,Utah,US,84032
Epic Electric - Salt Lake City | Electrical Contractor & Professional Electricians,epicelectric.co,epicelectric.co,,,,Holladay,Utah,US,84117
Mountain Home Services,mountainhomeutah.com,mountainhomeutah.com,,,,Layton,Utah,US,84041
Northern Electric Company,northernelectriccompany.com,northernelectriccompany.com,,,,Midvale,Utah,US,84047
Full Service Home Electrician,my-site-h8eydgpf-dilip050.wix-vibe-site.com,my-site-h8eydgpf-dilip050.wix-vibe-site.com,,,,Millcreek,Utah,US,84107
Big Brothers Home Services,callbigbrothershomeservices.com,callbigbrothershomeservices.com,,,,Murray,Utah,US,84107
Jeremy's Electrical Maintenance/Contracting,jeremyselectrical.com,jeremyselectrical.com,,,,Murray,Utah,US,84107
"JP Electrical, LC",jpelectric.com,jpelectric.com,,,,North Salt Lake,Utah,US,84054
STF Electrical Services,stfelectric.com,stfelectric.com,,,,North Salt Lake,Utah,US,84054
Utah's Best Home Pros,utahsbesthomepros.com,utahsbesthomepros.com,,,,North Salt Lake,Utah,US,84054
"Any Hour Services - Electric, Plumbing, Heating & Air",anyhourservices.com,anyhourservices.com,,,,Orem,Utah,US,84058
Beehive Plumbing Park City,beehiveplumbing.com,beehiveplumbing.com,,,,Park City,Utah,US,84060
Bonded Electric Co,bondedsystems.com,bondedsystems.com,,,,Park City,Utah,US,84060
Chesley Electric,chesleyelectric.com,chesleyelectric.com,,,,Park City,Utah,US,84098
Foundry Electric - Park City UT Electrician | Roof Heat Tape,foundryelectric.com,foundryelectric.com,,,,Park City,Utah,US,84098
GTC Electric,gtcelectric.com,gtcelectric.com,,,,Park City,Utah,US,84098
High West Contracting,highwestcpc.com,highwestcpc.com,,,,Park City,Utah,US,84060
Hot Rod & Yox Plumbing Heating,hotrodandyox.com,hotrodandyox.com,,,,Park City,Utah,US,84098
KES Electric,parkcityelectric.com,parkcityelectric.com,,,,Park City,Utah,US,84098
KESKO Electric Solutions,keskoelectric.com,keskoelectric.com,,,,Park City,Utah,US,84060
Lifestyle Electronics,lifestyleelectronics.com,lifestyleelectronics.com,,,,Park City,Utah,US,84098
"Newport Audio Video & Electrical, Inc.",newport-ave.com,newport-ave.com,,,,Park City,Utah,US,84098
OTR Electric,otrelectric.com,otrelectric.com,,,,Park City,Utah,US,84098
Park City Home Theater,parkcityhometheater.com,parkcityhometheater.com,,,,Park City,Utah,US,84098
"Park City Lights, LLC",parkcitylights.com,parkcitylights.com,,,,Park City,Utah,US,84060
Parleys Electric,parleyselectric.com,parleyselectric.com,,,,Park City,Utah,US,84098
"Sherman Electric, LLC",sherman-electric.com,sherman-electric.com,,,,Park City,Utah,US,84098
Suncrest Electric,suncrestelectric.com,suncrestelectric.com,,,,Park City,Utah,US,84060
"YES! Air Conditioning, Heating, Plumbing and Electric",theyesmancan.com,theyesmancan.com,,,,Park City,Utah,US,84060
Generator Supercenter of Salt Lake City,generatorsupercenterofsaltlakecity.com,generatorsupercenterofsaltlakecity.com,,,,Riverdale,Utah,US,84405
A C Electric Inc,a-celectricinc.com,a-celectricinc.com,,,,Salt Lake City,Utah,US,84101
"Action Plumbing, Heating, Air & Electric",actionplumbing.net,actionplumbing.net,,,,Salt Lake City,Utah,US,84104
"Black Diamond Experts, Electric, Plumbing, HVAC",bdexperts.com,bdexperts.com,,,,Salt Lake City,Utah,US,84116
Cache Valley Electric,cve.com,cve.com,,,,Salt Lake City,Utah,US,84104
Double D Electrical & Instrumentation,doubledei.com,doubledei.com,,,,Salt Lake City,Utah,US,84104
Dykman Electrical Inc,dykman.com,dykman.com,,,,Salt Lake City,Utah,US,84104
Electric Vehicle Charging Station,attheu.utah.edu,attheu.utah.edu,,,,Salt Lake City,Utah,US,84112
Energy Management Corporation,goemc.com,goemc.com,,,,Salt Lake City,Utah,US,84101
"Expert Services - Plumbing, Heating, Air & Electrical",expertservicesutah.com,expertservicesutah.com,,,,Salt Lake City,Utah,US,84115
Express Electrician,my-site-ub28gne2-dilip050.wix-vibe-site.com,my-site-ub28gne2-dilip050.wix-vibe-site.com,,,,Salt Lake City,Utah,US,84111
First Choice Electricians,firstchoiceslc.wixstudio.com,firstchoiceslc.wixstudio.com,,,,Salt Lake City,Utah,US,84101
First Choice Home Electrician Salt Lake City,q6lvxf-my-site-pio5gaal-localservicepros.wix-vibe-site.com,q6lvxf-my-site-pio5gaal-localservicepros.wix-vibe-site.com,,,,Salt Lake City,Utah,US,84105
GOGO EV Corp.,gogoev.com,gogoev.com,,,,Salt Lake City,Utah,US,84101
"Hunt Electric, LLC",huntelectric.com,huntelectric.com,,,,Salt Lake City,Utah,US,84119
Landmark Electric,usmapir.org,usmapir.org,,,,Salt Lake City,Utah,US,84104
M&M Tool and Machinery,mmtoolstore.com,mmtoolstore.com,,,,Salt Lake City,Utah,US,84115
MK Power,mkpower.com,mkpower.com,,,,Salt Lake City,Utah,US,84101
Mountainland Power Equipment,mountainlandpowerequipment.com,mountainlandpowerequipment.com,,,,Salt Lake City,Utah,US,84115
Mr. Electric of Salt Lake City,mrelectricutah.com,mrelectricutah.com,,,,Salt Lake City,Utah,US,84105
Neerings Plumbing Heating Air & Electric,neeringsplumbing.com,neeringsplumbing.com,,,,Salt Lake City,Utah,US,84115
Neerings Services - Ogden Home Generators Company,ogdenhomegenerators.com,ogdenhomegenerators.com,,,,Salt Lake City,Utah,US,84115
Power Path Electric,powerpathelectric.com,powerpathelectric.com,,,,Salt Lake City,Utah,US,84111
"SameDay Heating & Air, Plumbing, and Electrical",samedayutah.com,samedayutah.com,,,,Salt Lake City,Utah,US,84115
"Smith Power Products, Inc.",smithpowerproducts.com,smithpowerproducts.com,,,,Salt Lake City,Utah,US,84104
Speeds Power Equipment,speedspower.com,speedspower.com,,,,Salt Lake City,Utah,US,84115
TOR Electric,tor-electric.com,tor-electric.com,,,,Salt Lake City,Utah,US,84105
"Taylor Electric, Inc.",taylor-electric.com,taylor-electric.com,,,,Salt Lake City,Utah,US,84119
UT Home Electrician,my-site-8mm1xalc-localservicepros.wix-vibe-site.com,my-site-8mm1xalc-localservicepros.wix-vibe-site.com,,,,Salt Lake City,Utah,US,84106
United Rentals - Power & HVAC,unitedrentals.com,unitedrentals.com,,,,Salt Lake City,Utah,US,84104
Wasatch Electric,wasatchelectric.com,wasatchelectric.com,,,,Salt Lake City,Utah,US,84104
Wheeler Power Systems,wheelerpowersystems.com,wheelerpowersystems.com,,,,Salt Lake City,Utah,US,84120
Butler Electric Inc.,butler-electric.com,butler-electric.com,,,,Sandy,Utah,US,84093
Superior Power Electric,superiorpowerelectricllc.com,superiorpowerelectricllc.com,,,,Sandy,Utah,US,84092
A & E Henstrom Generator,snap-usa.com,snap-usa.com,,,,South Salt Lake,Utah,US,84119
Ace Electrical Inc.,ace-electrical.com,ace-electrical.com,,,,South Salt Lake,Utah,US,84115
Copper Mountain Electric LLC,cmeslc.com,cmeslc.com,,,,South Salt Lake,Utah,US,84115
Mountainland Electric Motors,mountainland.com,mountainland.com,,,,South Salt Lake,Utah,US,84115
Brown Electric,runmyelectrical.com,runmyelectrical.com,,,,Taylorsville,Utah,US,84123
Light It Up Electric,liu-electric.com,liu-electric.com,,,,West Jordan,Utah,US,84084
Orange Electric,orangeelectric.com,orangeelectric.com,,,,West Jordan,Utah,US,84081
Another Chance Electric,anotherchanceelectric.com,anotherchanceelectric.com,,,,West Valley City,Utah,US,84120
GLS Electric,glselectric.com,glselectric.com,,,,West Valley City,Utah,US,84128
Professional Electrical Services Inc.,proelectricutah.com,proelectricutah.com,,,,West Valley City,Utah,US,84119
Real.Tech,real.tech,real.tech,,,,West Valley City,Utah,US,84119
Skyline Electric Company,skyline.us,skyline.us,,,,West Valley City,Utah,US,84119
"Twin Peaks Electric, LLC",twinpeaksut.com,twinpeaksut.com,,,,West Valley City,Utah,US,84119
Whipple Service Champions,whippleplumbing.com,whippleplumbing.com,,,,West Valley City,Utah,US,84119
Jag Electric,jagelectric-utah.com,jagelectric-utah.com,,,,Woods Cross,Utah,US,84087
Jenco Generators,jencogenerators.net,jencogenerators.net,,,,Woods Cross,Utah,US,84087
Salmon Electrical Contractors,salmonelectric.com,salmonelectric.com,,,,Woods Cross,Utah,US,84087
"AG Services – Electrical, Air Conditioning, Heating & Plumbing",callagservices.com,callagservices.com,,,,Alexandria,Virginia,US,22314
Alexandria Electric,alexandriaelectricllc.com,alexandriaelectricllc.com,,,,Alexandria,Virginia,US,22307
JM & Sons Electrical Services,card.get-card.com,card.get-card.com,,,,Alexandria,Virginia,US,22310
John C. Flood,johncflood.com,johncflood.com,,,,Alexandria,Virginia,US,22312
Kolb Electric,kolbelectric.com,kolbelectric.com,,,,Alexandria,Virginia,US,22312
Michael & Son Services,michaelandson.com,michaelandson.com,,,,Alexandria,Virginia,US,22312
Nasr Electric,nasrelectric.com,nasrelectric.com,,,,Alexandria,Virginia,US,22312
Nova Electrical Contractor,getnova.com,getnova.com,,,,Alexandria,Virginia,US,22312
ULTRA,ultralighting.net,ultralighting.net,,,,Alexandria,Virginia,US,22312
Walsh Electric,walshelectricalservice.com,walshelectricalservice.com,,,,Alexandria,Virginia,US,22312
Graham Electric,grahamelectricva.com,grahamelectricva.com,,,,Amissville,Virginia,US,20106
Apu Electric LLC,apuconstruction.com,apuconstruction.com,,,,Annandale,Virginia,US,22003
"MCS Electrical & Handyman Electrician, 24/7",mcselectricalinc.com,mcselectricalinc.com,,,,Annandale,Virginia,US,22003
Quality Electric Service Inc,qualityelectricservice.net,qualityelectricservice.net,,,,Annandale,Virginia,US,22003
GUZMAN ELECTRIC LLC - ARLINGTON,guzmanelectricllc.com,guzmanelectricllc.com,,,,Arlington,Virginia,US,22206
Higher Power Electric Services,gethigherpower.com,gethigherpower.com,,,,Arlington,Virginia,US,22201
"Muza Electric, LLC",muzaelectric.com,muzaelectric.com,,,,Arlington,Virginia,US,22204
"R&A Electrical Services,LLC",raservicepros.com,raservicepros.com,,,,Arlington,Virginia,US,22203
Generator Supercenter of Northern Virginia,generatorsupercenterofnorthernvirginia.com,generatorsupercenterofnorthernvirginia.com,,,,Ashburn,Virginia,US,20147
Smartwire LLC,smartwire360.com,smartwire360.com,,,,Ashland,Virginia,US,23005
Virginia Power Solutions,virginiapowersolutions.com,virginiapowersolutions.com,,,,Ashland,Virginia,US,23005
A.B. Electrical Services LLC,abrichmondelectrician.com,abrichmondelectrician.com,,,,Bon Air,Virginia,US,23235
Affordable Electrical Services Electrician,affordableelectric7.wix.com,affordableelectric7.wix.com,,,,Brodnax,Virginia,US,23920
"Pal Electrical Contractor, LLC",palelectricalcontractor.com,palelectricalcontractor.com,,,,Burke,Virginia,US,22015
"Electrical Installation and Repair, Inc.",electricalinstallationva.com,electricalinstallationva.com,,,,Carson,Virginia,US,23830
Electrical Services in Northern Virginia,electricianinvirginia.com,electricianinvirginia.com,,,,Centreville,Virginia,US,20120
Chantilly Electric LLC,chantillyelectric.squarespace.com,chantillyelectric.squarespace.com,,,,Chantilly,Virginia,US,20151
Good Guys Electric,goodguyselectricva.com,goodguyselectricva.com,,,,Chantilly,Virginia,US,20151
Northern Virginia Generator LLC,northernvirginiagenerator.com,northernvirginiagenerator.com,,,,Chantilly,Virginia,US,20151
Ampmor Electric Corporation,ampmor.com,ampmor.com,,,,Chesapeake,Virginia,US,23320
DEL Electric LLC,delelectricva.com,delelectricva.com,,,,Chesapeake,Virginia,US,23322
Get Lit Electrical & Plumbing,getlitva.com,getlitva.com,,,,Chesapeake,Virginia,US,23320
Prestige Electric LLC,prestigeelectricva.com,prestigeelectricva.com,,,,Chesapeake,Virginia,US,23320
Zap Electric LLC,zapelectricllc.com,zapelectricllc.com,,,,Chesapeake,Virginia,US,23320
Castro Electric,castro-electric.com,castro-electric.com,,,,Chesterfield,Virginia,US,23838
Snellings Electric,snellingselectric.com,snellingselectric.com,,,,Chesterfield,Virginia,US,23838
A & D Inc. Electrical Services,adincelectric.com,adincelectric.com,,,,Fairfax,Virginia,US,22031
"ACES Electrical Services, LLC.",aceselectric.us,aceselectric.us,,,,Fairfax,Virginia,US,22031
AJ Long Electric,ajlongelectric.com,ajlongelectric.com,,,,Fairfax,Virginia,US,22031
"ATS Electrical Contracting, Inc.",atselectricalcontracting.com,atselectricalcontracting.com,,,,Fairfax,Virginia,US,22031
Dan Home Electric,danhomeelectric.com,danhomeelectric.com,,,,Fairfax,Virginia,US,22031
Dependable One Electrical,dependable1electrical.com,dependable1electrical.com,,,,Fairfax,Virginia,US,22030
EV-Electric Services,evelectric.pro,evelectric.pro,,,,Fairfax,Virginia,US,22031
Farias Electrical Contractors,fariaselectric.com,fariaselectric.com,,,,Fairfax,Virginia,US,22031
Mid Atlantic Wiring LLc.,midatlanticwiring.com,midatlanticwiring.com,,,,Fairfax,Virginia,US,22032
Poppy's Family Electric Service,poppyselectric.com,poppyselectric.com,,,,Fairfax,Virginia,US,22031
Reliable Electrician Company Fairfax,my-site-36i4sxxf-quickcallelectric.wix-vibe-site.com,my-site-36i4sxxf-quickcallelectric.wix-vibe-site.com,,,,Fairfax,Virginia,US,22030
"Riddle Electric Service, LLC",riddleelec.com,riddleelec.com,,,,Fairfax,Virginia,US,22032
"Rojas Electric, LLC",rojas-electric.com,rojas-electric.com,,,,Fairfax,Virginia,US,22031
VP Services,vpservicesusa.com,vpservicesusa.com,,,,Fairfax Station,Virginia,US,22039
"Direct Current, Inc",directcurrent.us,directcurrent.us,,,,Falls Church,Virginia,US,22042
PRO Electric plus HVAC,proelectricva.com,proelectricva.com,,,,Falls Church,Virginia,US,22040
"AAA Electric, LLC",aaaelectricllcva.hibuwebsites.com,aaaelectricllcva.hibuwebsites.com,,,,Fishersville,Virginia,US,22939
"Logan Electric Service, Inc.",loganelectricservice.com,loganelectricservice.com,,,,Fredericksburg,Virginia,US,22408
Malone Electrical Solutions,malonees.com,malonees.com,,,,Fredericksburg,Virginia,US,22401
ROBERT D. SAMUELS INC./EXPERT HOME ELECTRIC,rdselectric.net,rdselectric.net,,,,Fredericksburg,Virginia,US,22408
Roe’s Abode Installs,abodeinstalls.com,abodeinstalls.com,,,,Fredericksburg,Virginia,US,22405
Generator Supercenter of Richmond Va,generatorsupercenterofrichmondva.com,generatorsupercenterofrichmondva.com,,,,Glen Allen,Virginia,US,23060
"Local Electric Company, Inc.",localelectricva.com,localelectricva.com,,,,Glen Allen,Virginia,US,23059
Tribble Electric,tribbleelectric.com,tribbleelectric.com,,,,Glen Allen,Virginia,US,23060
Asbury Electric,asburyelectric.com,asburyelectric.com,,,,Gloucester Point,Virginia,US,23072
Electric Solutions Of Richmond LLC,electricsolutionsofrichmond.com,electricsolutionsofrichmond.com,,,,Henrico,Virginia,US,23228
LuckyDog Electrical Service LLC,usmapol.org,usmapol.org,,,,Henrico,Virginia,US,23228
Power Systems & Controls Inc,pscpower.com,pscpower.com,,,,Henrico,Virginia,US,23228
The Plug Electrical,theelectricalplug.godaddysites.com,theelectricalplug.godaddysites.com,,,,Henrico,Virginia,US,23231
"SuperNova Electric, LLC",supernovaelectric.com,supernovaelectric.com,,,,Herndon,Virginia,US,20170
Velocity Electric,velocityelectric.co,velocityelectric.co,,,,Herndon,Virginia,US,20170
Southern Electrical Services Company,sescos.com,sescos.com,,,,Leesburg,Virginia,US,20175
"DORA Electric, LLC",doraelectric.com,doraelectric.com,,,,Lorton,Virginia,US,22079
G T Electric Services Inc,gtelectricservice.com,gtelectricservice.com,,,,Lorton,Virginia,US,22079
Never Dark Whole House Generators,neverdarkgenerators.com,neverdarkgenerators.com,,,,Madison,Virginia,US,22727
Lamps Unlimited,lampsunlimitedmclean.com,lampsunlimitedmclean.com,,,,McLean,Virginia,US,22101
M.W. Butler Electrical,mwbutlerelectrical.com,mwbutlerelectrical.com,,,,Mechanicsville,Virginia,US,23116
Seven Hills Electric,sevenhillselectric.com,sevenhillselectric.com,,,,Mechanicsville,Virginia,US,23116
Family Electric Inc,familyelectric.net,familyelectric.net,,,,Midlothian,Virginia,US,23112
Mister Sparky of Richmond,fivestarrichmond.com,fivestarrichmond.com,,,,Midlothian,Virginia,US,23112
Modern Electrical,modernelectricalva.com,modernelectricalva.com,,,,Midlothian,Virginia,US,23112
S & S Electrical Services,sselecservices.com,sselecservices.com,,,,Midlothian,Virginia,US,23112
"Hale's Electrical Service, Inc",haleyesgenerators.com,haleyesgenerators.com,,,,NORTH DINWIDDIE,Virginia,US,23803
R E Lee Electric Co Inc,rymaps.xyz,rymaps.xyz,,,,Newington,Virginia,US,22122
MorLite Electric,morliteelectricllc.com,morliteelectricllc.com,,,,Newport News,Virginia,US,23605
Mike & Mike Services Inc,mikeandmikeservices.com,mikeandmikeservices.com,,,,Norfolk,Virginia,US,23502
Norva Electric,norvaelectric.com,norvaelectric.com,,,,Norfolk,Virginia,US,23503
kraig's electrical services,kraigselectric.com,kraigselectric.com,,,,Norfolk,Virginia,US,23518
16 Even Electric,16evenelectric.com,16evenelectric.com,,,,North Chesterfield,Virginia,US,23234
SS Electrical Solutions,sselectricalrva.com,sselectricalrva.com,,,,North Chesterfield,Virginia,US,23236
Dan Levinsky & Sons Electrical Services Inc.,levinskysons.com,levinskysons.com,,,,Portsmouth,Virginia,US,23701
Shoreline Electric,plus1proservices.com,plus1proservices.com,,,,Portsmouth,Virginia,US,23701
RMS Electrical Services LLC,rmselec.com,rmselec.com,,,,Powhatan,Virginia,US,23139
Buri Electric,burielectric.com,burielectric.com,,,,Reston,Virginia,US,20190
"Ace Electric Co., Inc.",aceelectricva.com,aceelectricva.com,,,,Richmond,Virginia,US,23228
Bradley Mechanical,bradleymechanical.com,bradleymechanical.com,,,,Richmond,Virginia,US,23219
Craven Electrical Services,cravenelectricalservices.com,cravenelectricalservices.com,,,,Richmond,Virginia,US,23236
Davis & Green Services,dgelectrical.com,dgelectrical.com,,,,Richmond,Virginia,US,23224
Dify Electrical Contracting,difycontracting.squarespace.com,difycontracting.squarespace.com,,,,Richmond,Virginia,US,23220
Dwell Home Services,dwellhs.com,dwellhs.com,,,,Richmond,Virginia,US,23230
"F.H. Furr Plumbing, Heating, Air Conditioning & Electrical",fhfurr.com,fhfurr.com,,,,Richmond,Virginia,US,23234
First Call Electric,firstcallelectric.net,firstcallelectric.net,,,,Richmond,Virginia,US,23228
"Harris Electric Co. of VA, Inc.",harriselectricco.com,harriselectricco.com,,,,Richmond,Virginia,US,23230
Interlockkit,interlockkit.com,interlockkit.com,,,,Richmond,Virginia,US,23230
J&M Electrical Service,jmwired.com,jmwired.com,,,,Richmond,Virginia,US,23225
MW Electric LLC,mwelectricservices.com,mwelectricservices.com,,,,Richmond,Virginia,US,23236
"Managed Generator Services, LLC",mgsllc.com,mgsllc.com,,,,Richmond,Virginia,US,23229
Master Electrical Services LLC,master-electrical.com,master-electrical.com,,,,Richmond,Virginia,US,23230
Metro Electric Inc,metroelectricrva.com,metroelectricrva.com,,,,Richmond,Virginia,US,23226
RK Newman Electric Services,rknewmanelectric.com,rknewmanelectric.com,,,,Richmond,Virginia,US,23236
Shogun Services,shogunservices.com,shogunservices.com,,,,Richmond,Virginia,US,23230
Thomas & Betts Power Solutions,tnb.com,tnb.com,,,,Richmond,Virginia,US,23231
U.S. Electric Co. Inc.,us-electric.com,us-electric.com,,,,Richmond,Virginia,US,23228
Woodfin - Your Home Team,askwoodfin.com,askwoodfin.com,,,,Richmond,Virginia,US,23230
YDM Electric LLC,ydmelectricllc.com,ydmelectricllc.com,,,,Richmond,Virginia,US,23234
Bobcat Electric LLC,bobcatelectric.com,bobcatelectric.com,,,,Roanoke,Virginia,US,24019
Westend Generators,westendelectricgenerators.com,westendelectricgenerators.com,,,,Sandy Hook,Virginia,US,23153
"Becker Electric Company, Inc.",beckerelectricinc.com,beckerelectricinc.com,,,,Springfield,Virginia,US,22153
Vancelectric,vancelectric.com,vancelectric.com,,,,Springfield,Virginia,US,22151
Absolute Electric LLC,absolute-electric.com,absolute-electric.com,,,,Sterling,Virginia,US,20164
Cedar Electrical Services Inc.,cedarelectrical.com,cedarelectrical.com,,,,Sterling,Virginia,US,20164
Dave Hensel Electric Inc,henselelectricinc.com,henselelectricinc.com,,,,Sterling,Virginia,US,20166
TWA Electric Inc,twaelectrical.com,twaelectrical.com,,,,Sterling,Virginia,US,20164
True Quality Electric,truequalityelectric.com,truequalityelectric.com,,,,Sterling,Virginia,US,20164
Suffolk Electrical & Generator,suffolkelec.com,suffolkelec.com,,,,Suffolk,Virginia,US,23437
Womble Generator Services Inc,womblegenerator.com,womblegenerator.com,,,,Suffolk,Virginia,US,23434
My Electrician LLC,myelectriciandidit.com,myelectriciandidit.com,,,,Vienna,Virginia,US,22181
Voltex Electric,voltexelectric.com,voltexelectric.com,,,,Vienna,Virginia,US,22182
"Allen Electrical Service, llc",allenelectricalservice.com,allenelectricalservice.com,,,,Virginia Beach,Virginia,US,23464
Anything EV,anythingev.com,anythingev.com,,,,Virginia Beach,Virginia,US,23454
Beach Electric,beachelectric757.com,beachelectric757.com,,,,Virginia Beach,Virginia,US,23454
Castles Electrical,castleselectric.com,castleselectric.com,,,,Virginia Beach,Virginia,US,23452
"Cole Electric Services, Inc.",coleelectricinc.com,coleelectricinc.com,,,,Virginia Beach,Virginia,US,23452
Colonial Home Services - Electrician VB,colonialva.com,colonialva.com,,,,Virginia Beach,Virginia,US,23453
Electric Vehicle Charging Station,schoonerinnvb.com,schoonerinnvb.com,,,,Virginia Beach,Virginia,US,23451
Guy Smith Home Services,guysmithhomeservices.com,guysmithhomeservices.com,,,,Virginia Beach,Virginia,US,23462
"Hampton Roads Electric, Inc.",hamptonroadselectric.com,hamptonroadselectric.com,,,,Virginia Beach,Virginia,US,23452
Integrity Electric Inc.,integrityelectriccompany.com,integrityelectriccompany.com,,,,Virginia Beach,Virginia,US,23462
"Kellam Home Services Cooling, Heating, Plumbing & Electrical",kellammechanical.com,kellammechanical.com,,,,Virginia Beach,Virginia,US,23453
Levinsky Electric Inc,levinskyelectric.com,levinskyelectric.com,,,,Virginia Beach,Virginia,US,23455
Light Savers Electric,lightsaverselectric.com,lightsaverselectric.com,,,,Virginia Beach,Virginia,US,23451
"Mechollage, Inc.",mechollage.com,mechollage.com,,,,Virginia Beach,Virginia,US,23455
Mike's Electrical Service,mikeselectrical.com,mikeselectrical.com,,,,Virginia Beach,Virginia,US,23462
Nipper Electric,nipperelectric.com,nipperelectric.com,,,,Virginia Beach,Virginia,US,23451
Paul Walker Electric,paulwalkerelectric.com,paulwalkerelectric.com,,,,Virginia Beach,Virginia,US,23462
Quality Electrical Service,qualityelectricva.com,qualityelectricva.com,,,,Virginia Beach,Virginia,US,23453
Rick Setzer Electrical Contractor Inc.,ricksetzerelectricalcontractor.com,ricksetzerelectricalcontractor.com,,,,Virginia Beach,Virginia,US,23457
Stillman Electric Corporation,stillmanelectric.com,stillmanelectric.com,,,,Virginia Beach,Virginia,US,23453
Strayhorn Electric,strayhornelectric.com,strayhornelectric.com,,,,Virginia Beach,Virginia,US,23464
Tidewater Auto Electric,tidewaterautoelectricandsound.com,tidewaterautoelectricandsound.com,,,,Virginia Beach,Virginia,US,23462
White Electric Company,whiteelectric.info,whiteelectric.info,,,,Virginia Beach,Virginia,US,23452
Waterloo Electric Service,waterloo-electric.com,waterloo-electric.com,,,,White Post,Virginia,US,22663
J & S Electric LLC,jandselectric.net,jandselectric.net,,,,Woodbridge,Virginia,US,22191
McLean Electric Company,mcleanelectricco.com,mcleanelectricco.com,,,,Woodbridge,Virginia,US,22191
Mister Rogers Electric,misterrogerselectric.com,misterrogerselectric.com,,,,Woodbridge,Virginia,US,22192
Root Electric Services,rootelectric.com,rootelectric.com,,,,Woodbridge,Virginia,US,22191
RVG Electrical Services LLC,rvgelectric.com,rvgelectric.com,,,,Bristol,Vermont,US,05443
Bibens Ace Hardware,hardwarestore.com,hardwarestore.com,,,,Burlington,Vermont,US,05408
Burlington Electric Department,burlingtonelectric.com,burlingtonelectric.com,,,,Burlington,Vermont,US,05401
Curtis Lumber Co Inc,curtislumber.com,curtislumber.com,,,,Burlington,Vermont,US,05401
EVmatch Charging Station,app.evmatch.com,app.evmatch.com,,,,Burlington,Vermont,US,05401
Generator Makerspace,generatorvt.com,generatorvt.com,,,,Burlington,Vermont,US,05401
Kiehl Electic,kiehlelectric.com,kiehlelectric.com,,,,Burlington,Vermont,US,05408
Metevier's Electric Motor Service,meteviersmotors.com,meteviersmotors.com,,,,Burlington,Vermont,US,05401
VT Audio Visual,vtaudiovisual.com,vtaudiovisual.com,,,,Burlington,Vermont,US,05401
802 electric,802electricvt.com,802electricvt.com,,,,Cambridge,Vermont,US,05464
Arrow Electric,arrowelectricvt.com,arrowelectricvt.com,,,,Colchester,Vermont,US,05446
Brigante Electric,briganteelectric.com,briganteelectric.com,,,,Colchester,Vermont,US,05446
Hammond Electric Inc,hammondelectricvt.com,hammondelectricvt.com,,,,Colchester,Vermont,US,05446
Nolan Electric,nolanelectricllc.com,nolanelectricllc.com,,,,Colchester,Vermont,US,05446
Progressive Electric,progressiveelectricvt.com,progressiveelectricvt.com,,,,Essex Junction,Vermont,US,05452
"RG Electric LLC, VT",rgevt.com,rgevt.com,,,,Essex Junction,Vermont,US,05452
Brown Electric,brownelectricvt.com,brownelectricvt.com,,,,Fairfax,Vermont,US,05454
Generator Supply of Vermont,generatorsupplyofvermont.com,generatorsupplyofvermont.com,,,,Ferrisburgh,Vermont,US,05473
Lamos Electric LLC,lamoselectric.com,lamoselectric.com,,,,Franklin,Vermont,US,05457
Summit Electrical,summitelectrical.biz,summitelectrical.biz,,,,Grand Isle,Vermont,US,05458
"Vermont Generator Systems, Inc.",vermontgenerator.com,vermontgenerator.com,,,,Hartford,Vermont,US,05047
M.J Electric,mjelectric.net,mjelectric.net,,,,Hinesburg,Vermont,US,05461
"Dennis Newton Electrical,Refrigeration and Air Conditioning,Inc.",newtonerac.com,newtonerac.com,,,,Middlebury,Vermont,US,05753
Al's Electric Service,alselectricservice.com,alselectricservice.com,,,,Milton,Vermont,US,05468
Brook Field Service,brookfieldservice.com,brookfieldservice.com,,,,Northfield,Vermont,US,05663
Precision Electrical & Contracting,precisionelectricalcontracting.com,precisionelectricalcontracting.com,,,,Northfield,Vermont,US,05663
Sugar Hollow Electric,sugarhollowelectric.com,sugarhollowelectric.com,,,,Pittsford,Vermont,US,05763
B & R Electric,bandrelectric.net,bandrelectric.net,,,,Shelburne,Vermont,US,05482
Alpha Electric,alphaelectricinc.com,alphaelectricinc.com,,,,South Burlington,Vermont,US,05403
Cummings Electric,cummingselectric.com,cummingselectric.com,,,,South Burlington,Vermont,US,05403
DR Power Equipment,drpower.com,drpower.com,,,,South Burlington,Vermont,US,05403
FLO Charging Station,flo.com,flo.com,,,,South Burlington,Vermont,US,05403
Generac Power Products,generacpowerproducts.com,generacpowerproducts.com,,,,South Burlington,Vermont,US,05403
Green Mountain Solar,greenmtnsolar.com,greenmtnsolar.com,,,,South Burlington,Vermont,US,05403
"Handy George, Handyman near me , Drywaler near me, Remodeler near me",vermonthandymanservices.com,vermonthandymanservices.com,,,,South Burlington,Vermont,US,05403
Lakeside Electric Inc.,lakesideelectricvt.com,lakesideelectricvt.com,,,,South Burlington,Vermont,US,05403
MR Small Engine Repair,mrsmallengine.com,mrsmallengine.com,,,,South Burlington,Vermont,US,05403
Omega Electric,omegavt.com,omegavt.com,,,,South Burlington,Vermont,US,05403
Reliant Electric Works,reliantelectric.biz,reliantelectric.biz,,,,South Burlington,Vermont,US,05403
SEC America,secamerica.com,secamerica.com,,,,South Burlington,Vermont,US,05403
Vermont Gas Services & Clover Energy,vgsvt.com,vgsvt.com,,,,South Burlington,Vermont,US,05403
Vermont Electrical Contracting LLC,vermontelec.com,vermontelec.com,,,,St Albans City,Vermont,US,05478
McCormick Electric LLC,mccormickelectric.net,mccormickelectric.net,,,,Starksboro,Vermont,US,05487
"Northstar Electric, LLC",northstarelectrician.com,northstarelectrician.com,,,,Underhill,Vermont,US,05489
MEI Electrical Contractors & Systems Integrators,mei-vt.com,mei-vt.com,,,,Westfield,Vermont,US,05874
CED - South Burlington,cedburlington.com,cedburlington.com,,,,Williston,Vermont,US,05495
Lloyd Plumbing Heating Air Electrical,calllloyd.com,calllloyd.com,,,,Williston,Vermont,US,05495
New England Electric,newenglandelectric.com,newenglandelectric.com,,,,Williston,Vermont,US,05495
Quality Electric LLC,qualityelectricburlington.com,qualityelectricburlington.com,,,,Williston,Vermont,US,05495
Standard Electrical Construction,standardelectricalvt.com,standardelectricalvt.com,,,,Williston,Vermont,US,05495
Skyline Electrical Services,sespnw.com,sespnw.com,,,,Arlington,Washington,US,98223
Custom Electrical Services,customelectricalseattle.com,customelectricalseattle.com,,,,Auburn,Washington,US,98002
Green City Electrical,greencityheatingandair.com,greencityheatingandair.com,,,,Auburn,Washington,US,98002
Day Rd Electric,dayrdelectric.com,dayrdelectric.com,,,,Bainbridge Island,Washington,US,98110
Eklund Electric Inc.,eklundelectric.com,eklundelectric.com,,,,Bainbridge Island,Washington,US,98110
Brechtech Services,brechtechservices.com,brechtechservices.com,,,,Bellevue,Washington,US,98006
Eastside Electrical LLC,eastsideelectricalwa.com,eastsideelectricalwa.com,,,,Bellevue,Washington,US,98004
Evergreen Energy,evergreenelectricity.com,evergreenelectricity.com,,,,Bellevue,Washington,US,98005
Jacob Electric LLC,jacobelect.com,jacobelect.com,,,,Bellevue,Washington,US,98004
Lander Electric,landerelectric.com,landerelectric.com,,,,Bellevue,Washington,US,98005
Lucky Cat Electric,luckycatelectric.com,luckycatelectric.com,,,,Bellevue,Washington,US,98005
MECO Electric,mecomasterelectricco.com,mecomasterelectricco.com,,,,Bellevue,Washington,US,98004
MTD Electric Service,mtdwa.com,mtdwa.com,,,,Bellevue,Washington,US,98005
Obot Electric,obotelectric.com,obotelectric.com,,,,Bellevue,Washington,US,98005
"OutToday Electrical, Plumbing, Heating and Air",outtoday.com,outtoday.com,,,,Bellevue,Washington,US,98005
Prime Electric,primee.com,primee.com,,,,Bellevue,Washington,US,98008
Renew Electric Bellevue,renewmyelectric.com,renewmyelectric.com,,,,Bellevue,Washington,US,98004
Sparkson Electrical,sparkson-electrical.com,sparkson-electrical.com,,,,Bellevue,Washington,US,98004
Titan Electric,titanelectric.net,titanelectric.net,,,,Bellevue,Washington,US,98005
Mauro Electric,mauroelectricinc.com,mauroelectricinc.com,,,,Bothell,Washington,US,98012
NVS ELECTRIC,nvselectric.com,nvselectric.com,,,,Bothell,Washington,US,98021
Ahearn Electric Inc,ahearnelectric.com,ahearnelectric.com,,,,Bremerton,Washington,US,98312
Baker Electric Inc,bakerelectricinc.com,bakerelectricinc.com,,,,Bremerton,Washington,US,98310
Sound Power,soundpowerllc.com,soundpowerllc.com,,,,Des Moines,Washington,US,98198
Estarik Services LLC,estarikservices.com,estarikservices.com,,,,Edmonds,Washington,US,98026
In-House Electrical Services,inhouseelectric.com,inhouseelectric.com,,,,Everett,Washington,US,98201
"Mad Dog Electric, Inc",callmaddog.com,callmaddog.com,,,,Everett,Washington,US,98208
"Smart Electric, Heating & Air",smartelectricseattle.com,smartelectricseattle.com,,,,Everett,Washington,US,98201
Fuller Electric,fullerelec.com,fullerelec.com,,,,Federal Way,Washington,US,98003
"Washington Electrical, LLC",washingtonelectrical.net,washingtonelectrical.net,,,,Fife,Washington,US,98424
North Shore Electric Inc,northshoreelectricinc.com,northshoreelectricinc.com,,,,Gig Harbor,Washington,US,98335
253 Electric LLC,253electric.com,253electric.com,,,,Graham,Washington,US,98338
Geo Electric,geoelectricinc.com,geoelectricinc.com,,,,Greenacres,Washington,US,99016
J&J Electrical Inc.,jjelectricalspokane.com,jjelectricalspokane.com,,,,Greenacres,Washington,US,99016
Luminex Electric Works LLC,luminexelectricworks.com,luminexelectricworks.com,,,,Issaquah,Washington,US,98027
Rock Electric,rockelectricseattle.com,rockelectricseattle.com,,,,Kent,Washington,US,98032
Washington Generators LLC,washingtongenerators.com,washingtongenerators.com,,,,Kent,Washington,US,98031
ALPHA HVAC & ELECTRIC,alphahvacelectric.com,alphahvacelectric.com,,,,Kirkland,Washington,US,98034
AMS Electric Inc,amselectricandhvac.com,amselectricandhvac.com,,,,Kirkland,Washington,US,98033
Beaux Electric,beauxelectric.com,beauxelectric.com,,,,Kirkland,Washington,US,98034
Columbia Valley Electric,columbiavalleyelectric.com,columbiavalleyelectric.com,,,,Kirkland,Washington,US,98034
Greenlife Electric LLC,greenlifeelectric.com,greenlifeelectric.com,,,,Lakewood,Washington,US,98499
Net Zero Electric,netzeroelectricllc.com,netzeroelectricllc.com,,,,Lakewood,Washington,US,98498
Skipper & Son’s Electric LLC,skipperandsonelectric.com,skipperandsonelectric.com,,,,Lakewood,Washington,US,98498
Classic Home Electric LLC,classichomeelectric.com,classichomeelectric.com,,,,Lynnwood,Washington,US,98036
Dadz Electric,dadzelectrical.com,dadzelectrical.com,,,,Lynnwood,Washington,US,98037
Generator Supercenter of Puget Sound,generatorsupercenterofpugetsound.com,generatorsupercenterofpugetsound.com,,,,Lynnwood,Washington,US,98037
Live Wire Electric,livewireelectricwa.com,livewireelectricwa.com,,,,Lynnwood,Washington,US,98036
D Square Energy,d2energy.com,d2energy.com,,,,Maple Valley,Washington,US,98038
Wilderness Electric,wildernesselectric.com,wildernesselectric.com,,,,Maple Valley,Washington,US,98038
Daybreak Electric,daybreak-electric.com,daybreak-electric.com,,,,Marysville,Washington,US,98270
AC Electric LLC,acelectricmercerisland.com,acelectricmercerisland.com,,,,Mercer Island,Washington,US,98040
Reddie Electric LLC,reddieelectric.com,reddieelectric.com,,,,Mill Creek,Washington,US,98012
BK and Sons Electrical Services LLC,bknsonselectric.com,bknsonselectric.com,,,,Milton,Washington,US,98354
Kanon Electric Inc,kanonelectric.com,kanonelectric.com,,,,Milton,Washington,US,98354
Fischer Electric,fischer-electric.com,fischer-electric.com,,,,Mountlake Terrace,Washington,US,98043
Seatown Electric Plumbing Heating and Air,seatownservices.com,seatownservices.com,,,,Mukilteo,Washington,US,98275
Harmony Electric LLC,harmonyelectricseattle.com,harmonyelectricseattle.com,,,,Newcastle,Washington,US,98059
Volta Electrical,voltaelectricians.com,voltaelectricians.com,,,,Newcastle,Washington,US,98059
Shocking Difference LLC,shocking-difference.com,shocking-difference.com,,,,Olympia,Washington,US,98506
George’s Electric,georges-electric.com,georges-electric.com,,,,Port Orchard,Washington,US,98367
Mark's Electric LLC,markselectricnw.com,markselectricnw.com,,,,Port Orchard,Washington,US,98366
"Nexus Electric, Inc.",nexuselectric.co,nexuselectric.co,,,,Port Orchard,Washington,US,98367
Bainbridge Island Electric,bainbridgeelectric.com,bainbridgeelectric.com,,,,Poulsbo,Washington,US,98370
Bird Electric Corporation,birdelectric.com,birdelectric.com,,,,Poulsbo,Washington,US,98370
Liberty Bay Electric,libertybayelectric.com,libertybayelectric.com,,,,Poulsbo,Washington,US,98370
MD Electrical LLC,mdelectricalkitsap.com,mdelectricalkitsap.com,,,,Poulsbo,Washington,US,98370
Peninsula Electric Corp.,peninsulaelectric.com,peninsulaelectric.com,,,,Poulsbo,Washington,US,98370
Electrical Outfitters NW,electricaloutfittersnw.com,electricaloutfittersnw.com,,,,Puyallup,Washington,US,98371
HB Electric Solutions Inc,hbelectricsolutions.com,hbelectricsolutions.com,,,,Puyallup,Washington,US,98375
Pacific Home Electric | Electrician,pacifichomeelectric.com,pacifichomeelectric.com,,,,Puyallup,Washington,US,98373
Woodland Electric,woodland-electric.com,woodland-electric.com,,,,Puyallup,Washington,US,98371
Bel-Red Electric Services Inc,belredelectric.com,belredelectric.com,,,,Redmond,Washington,US,98073
Exodus Electrical Services,exoduselectricalservices.com,exoduselectricalservices.com,,,,Redmond,Washington,US,98052
Gentech Washington Inc,gentechwashington.com,gentechwashington.com,,,,Redmond,Washington,US,98052
Aztec Electric LLC,aztecelectricllc.com,aztecelectricllc.com,,,,Renton,Washington,US,98057
Blessed Electrical Service Team LLC,blessedelectrical.com,blessedelectrical.com,,,,Renton,Washington,US,98058
2 Sons Plumbing & Sewer,2sonsplumbing.com,2sonsplumbing.com,,,,Seattle,Washington,US,98107
"BRIGHTON ELECTRIC, LLC",totalchimneyexperts.store,totalchimneyexperts.store,,,,Seattle,Washington,US,98118
"Beacon Plumbing, Heating, Electrical & Mechanical Inc - Seattle",beaconplumbing.net,beaconplumbing.net,,,,Seattle,Washington,US,98104
Beeline Electric Solutions LLC,beeline-electric.com,beeline-electric.com,,,,Seattle,Washington,US,98199
"Bowie Electric Service, Inc",bowieservice.com,bowieservice.com,,,,Seattle,Washington,US,98107
Brady Electric,bradyselectric.com,bradyselectric.com,,,,Seattle,Washington,US,98116
Carroll Electric,carroll-electric.com,carroll-electric.com,,,,Seattle,Washington,US,98115
Clean Energy Innovators,ce-innovators.com,ce-innovators.com,,,,Seattle,Washington,US,98104
"Eco Electric, Plumbing, Heating and Air",ecoserviceswa.com,ecoserviceswa.com,,,,Seattle,Washington,US,98134
Electric Company of Seattle,elcose.com,elcose.com,,,,Seattle,Washington,US,98115
Emerald City Electric,emeraldcityelectric.com,emeraldcityelectric.com,,,,Seattle,Washington,US,98146
Everpine Electric,everpineelectric.com,everpineelectric.com,,,,Seattle,Washington,US,98125
Exact Electric,exactelectric.com,exactelectric.com,,,,Seattle,Washington,US,98125
Expert Electric,expertelectric-us.com,expertelectric-us.com,,,,Seattle,Washington,US,98116
Go Green Heating AC & Electric,go-greenheating.com,go-greenheating.com,,,,Seattle,Washington,US,98102
Gold Mountain Contracting,goldmountaincontracting.com,goldmountaincontracting.com,,,,Seattle,Washington,US,98118
Integrity Energy Systems,ies365.com,ies365.com,,,,Seattle,Washington,US,98108
Keithly Electric Co,keithlyelectric.com,keithlyelectric.com,,,,Seattle,Washington,US,98108
Kemly Electric,kemlyelectric.com,kemlyelectric.com,,,,Seattle,Washington,US,98107
Konsker Electric,konskerelec.com,konskerelec.com,,,,Seattle,Washington,US,98115
LT Electric,ltelectricpnw.com,ltelectricpnw.com,,,,Seattle,Washington,US,98178
Larry's Electric,larryselectricseattle.com,larryselectricseattle.com,,,,Seattle,Washington,US,98119
"Product Air Heating, Cooling, and Electric Seattle",productairheating.com,productairheating.com,,,,Seattle,Washington,US,98115
Qnorthwest,qnorthwest.com,qnorthwest.com,,,,Seattle,Washington,US,98134
Seattle Electrician,seattlelectrician.com,seattlelectrician.com,,,,Seattle,Washington,US,98101
Seattle Electricians Today,seattleelectricianstoday.com,seattleelectricianstoday.com,,,,Seattle,Washington,US,98116
Seattle Sparkies,seattlesparkies.com,seattlesparkies.com,,,,Seattle,Washington,US,98117
"South West Plumbing, Heating, Air, & Electric",onetocall.com,onetocall.com,,,,Seattle,Washington,US,98106
Venture Electric,venturewa.com,venturewa.com,,,,Seattle,Washington,US,98144
West Seattle Electric and Solar,westseattlenaturalenergy.com,westseattlenaturalenergy.com,,,,Seattle,Washington,US,98126
West Seattle Electrician,westseattleelectrician.com,westseattleelectrician.com,,,,Seattle,Washington,US,98136
evSpot Charging Station,evspot.io,evspot.io,,,,Seattle,Washington,US,98101
Washington Generator Service,wagen.us,wagen.us,,,,Sedro-Woolley,Washington,US,98284
Acorn Electric,callacornelectric.com,callacornelectric.com,,,,Spokane,Washington,US,99217
CTC Electrical Contracting Inc.,ctcelectricalcontracting.com,ctcelectricalcontracting.com,,,,Spokane,Washington,US,99216
Electric Smith Inc,electric-smith.com,electric-smith.com,,,,Spokane,Washington,US,99217
Energized Electric Inc,energizedelectric.com,energizedelectric.com,,,,Spokane,Washington,US,99217
"Epic Electric, Heating, Cooling & Plumbing",epicfixedit.com,epicfixedit.com,,,,Spokane,Washington,US,99202
GAFFANEY ELECTRIC INC,gaffaneyelectric.com,gaffaneyelectric.com,,,,Spokane,Washington,US,99207
Greater Power Electric and Lighting,greaterpowerelectric.com,greaterpowerelectric.com,,,,Spokane,Washington,US,99223
HES Electrical,heselectrical.net,heselectrical.net,,,,Spokane,Washington,US,99202
Hopkins Electric LLC,hopkinselectric.net,hopkinselectric.net,,,,Spokane,Washington,US,99223
Mountain States Electrical,mountainstateselectrical.com,mountainstateselectrical.com,,,,Spokane,Washington,US,99202
Patriot Electric,patriotelectricnw.com,patriotelectricnw.com,,,,Spokane,Washington,US,99217
Peterson Electric Inc,petersonelectric.com,petersonelectric.com,,,,Spokane,Washington,US,99217
"Pick Electric, Inc.",pickelectric.com,pickelectric.com,,,,Spokane,Washington,US,99217
"Rainbow Electric, Inc.",rainbowelectric.net,rainbowelectric.net,,,,Spokane,Washington,US,99202
Spokane Electricians,spokane-electricians.co,spokane-electricians.co,,,,Spokane,Washington,US,99208
AmeriWest Electric and Solar Corp.,ameri-westelectric.com,ameri-westelectric.com,,,,Spokane Valley,Washington,US,99212
Easy Electric,electricspokane.com,electricspokane.com,,,,Spokane Valley,Washington,US,99206
Evergreen Electric PNW Inc,evergreenelectricpnw.com,evergreenelectricpnw.com,,,,Spokane Valley,Washington,US,99206
Evershine Lighting & Electrical,evershinelighting.com,evershinelighting.com,,,,Spokane Valley,Washington,US,99016
High Energy Electric - Spokane Valley WA Electrician,highenergyservice.com,highenergyservice.com,,,,Spokane Valley,Washington,US,99212
Infinite Electric,infiniteelectrician.com,infiniteelectrician.com,,,,Spokane Valley,Washington,US,99206
KT Electrical Contractors LLC,ktecontractors.com,ktecontractors.com,,,,Spokane Valley,Washington,US,99216
"Mainstream Electric, Heating, Cooling and Plumbing",mainstreamhomeservices.com,mainstreamhomeservices.com,,,,Spokane Valley,Washington,US,99216
Spokane Electric LLC,spokaneelectricllc.com,spokaneelectricllc.com,,,,Spokane Valley,Washington,US,99212
Valley Electric,valleyelectricspokane.com,valleyelectricspokane.com,,,,Spokane Valley,Washington,US,99212
Good Electric,goodelectricpnw.com,goodelectricpnw.com,,,,Steilacoom,Washington,US,98388
"Tapps Electric, Heating & Air",tappselectric.com,tappselectric.com,,,,Sumner,Washington,US,98390
ANT POWER LLC,antpowerelectric.com,antpowerelectric.com,,,,Tacoma,Washington,US,98418
Advanced Electrician Tacoma Inc.,advancedelectriciantacomainc.com,advancedelectriciantacomainc.com,,,,Tacoma,Washington,US,98445
DEAR Services,dearservices.net,dearservices.net,,,,Tacoma,Washington,US,98409
Dependable Electric LLC,dependableelectricllc.com,dependableelectricllc.com,,,,Tacoma,Washington,US,98444
Dependable Electrician Tacoma LLC,dependabletacomaelectricianllc.com,dependabletacomaelectricianllc.com,,,,Tacoma,Washington,US,98465
"Good Contact Electric, LLC",gdcontactelectric.com,gdcontactelectric.com,,,,Tacoma,Washington,US,98422
"Harts Plumbers, Electricians, & HVAC Technicians",hartsservices.com,hartsservices.com,,,,Tacoma,Washington,US,98409
Light Work Electrical Inc,lightwork-electrical.com,lightwork-electrical.com,,,,Tacoma,Washington,US,98443
LightningX Electrical,lightningxelectrical.com,lightningxelectrical.com,,,,Tacoma,Washington,US,98443
Madsen Electric,madsenelectric.com,madsenelectric.com,,,,Tacoma,Washington,US,98466
Tacoma Electric Service,tacomaelectricservice.com,tacomaelectricservice.com,,,,Tacoma,Washington,US,98405
The Tacoma Electrician,thetacomaelectrician.com,thetacomaelectrician.com,,,,Tacoma,Washington,US,98404
Greenwood Heating and Home Services,greenwoodheating.com,greenwoodheating.com,,,,Tukwila,Washington,US,98168
Puget Sound Electric Company,pugetsoundelectric.com,pugetsoundelectric.com,,,,University Place,Washington,US,98466
"Resicon Heating and Air, Plumbing & Electrical",resiconllc.com,resiconllc.com,,,,University Place,Washington,US,98466
"Just-In-Time Electrical, Inc.",myjustintimejob.com,myjustintimejob.com,,,,Vancouver,Washington,US,98662
Prairie Electric Inc.,prairielectric.com,prairielectric.com,,,,Vancouver,Washington,US,98665
ARK Electric LLC,arkelectricwi.com,arkelectricwi.com,,,,Arlington,Wisconsin,US,53911
Southeast Electrical Services,southeastelectricalwi.com,southeastelectricalwi.com,,,,Big Bend,Wisconsin,US,53103
Tri City Electric,bgehin60.wixsite.com,bgehin60.wixsite.com,,,,Black Earth,Wisconsin,US,53515
Alteri Electric,alterielectric.com,alterielectric.com,,,,Brookfield,Wisconsin,US,53045
"Hometown Electric, LLC",hometownelectricofbrookfield.com,hometownelectricofbrookfield.com,,,,Brookfield,Wisconsin,US,53045
Uihlein Electric,uihleinelectric.com,uihleinelectric.com,,,,Brookfield,Wisconsin,US,53005
Crown Electrical LLC,crownelectrical-llc.com,crownelectrical-llc.com,,,,Cedarburg,Wisconsin,US,53012
"Accurate Electric Construction, LLC",accurate-electricwi.com,accurate-electricwi.com,,,,Cottage Grove,Wisconsin,US,53527
Ramsden Electric LLC,ramsdenelectric.com,ramsdenelectric.com,,,,Dane,Wisconsin,US,53529
Generator Supercenter of Lake Country,generatorsupercenteroflakecountry.com,generatorsupercenteroflakecountry.com,,,,Delafield,Wisconsin,US,53018
"O'Leary Plumbing, Heating & Electrical",olearyplumbingandheating.com,olearyplumbingandheating.com,,,,East Troy,Wisconsin,US,53120
Double U Electric LLC,doubleuelectric.com,doubleuelectric.com,,,,Elkhorn,Wisconsin,US,53121
Charge Electric,gochargeelectric.com,gochargeelectric.com,,,,Fitchburg,Wisconsin,US,53719
Nickles Electric Construction,ecidesign.com,ecidesign.com,,,,Fitchburg,Wisconsin,US,53713
"Home Backup Systems, LLC",hbsgen.com,hbsgen.com,,,,Fort Atkinson,Wisconsin,US,53538
Lake Country Electric,lakecountryelectric.net,lakecountryelectric.net,,,,Hartland,Wisconsin,US,53029
Advocate Contracting and Restoration Services,advocatecontracting.com,advocatecontracting.com,,,,Lake Geneva,Wisconsin,US,53147
Engerman Contracting Inc,engermancontracting.com,engermancontracting.com,,,,Lake Geneva,Wisconsin,US,53147
"Foremost Electric, L.L.C.",foremost-electric.com,foremost-electric.com,,,,Lake Geneva,Wisconsin,US,53147
HT SERVICES LLC,htserviceslg.com,htserviceslg.com,,,,Lake Geneva,Wisconsin,US,53147
Master Services Inc.,masterserviceslg.com,masterserviceslg.com,,,,Lake Geneva,Wisconsin,US,53147
"Peck & Weis Heating, Cooling, Plumbing, Electric",peckandweis.com,peckandweis.com,,,,Lake Geneva,Wisconsin,US,53147
"Trotter & Associates, Inc.",trotter-inc.com,trotter-inc.com,,,,Lake Geneva,Wisconsin,US,53147
"Vanderstappen Power Plus, Inc. (dba VP Plus, Inc.)",vpplus.net,vpplus.net,,,,Lake Geneva,Wisconsin,US,53147
Lake Electric,lakeelectricwi.com,lakeelectricwi.com,,,,Luck,Wisconsin,US,54853
Ace Electric,thenewaceelectric.com,thenewaceelectric.com,,,,Madison,Wisconsin,US,53719
All Comfort Services,allcomfortservices.com,allcomfortservices.com,,,,Madison,Wisconsin,US,53718
"Badger Electric, Inc.",badgerelectric.com,badgerelectric.com,,,,Madison,Wisconsin,US,53711
Blink Charging Station,rosennissanmadison.com,rosennissanmadison.com,,,,Madison,Wisconsin,US,53713
ChargePoint Charging Station,chargepoint.net,chargepoint.net,,,,Madison,Wisconsin,US,53704
Dave Jones Plumbing | HVAC | Fire Protection | Electrical,davejonesllc.com,davejonesllc.com,,,,Madison,Wisconsin,US,53713
Direct Electric LLC,direct-electricllc.com,direct-electricllc.com,,,,Madison,Wisconsin,US,53714
E.F. Electric LLC,efelectricmadison.com,efelectricmadison.com,,,,Madison,Wisconsin,US,53704
"EMS Industrial, Inc.",emsindustrial.com,emsindustrial.com,,,,Madison,Wisconsin,US,53718
Engelhart Electric Inc.,engelhart-electric.com,engelhart-electric.com,,,,Madison,Wisconsin,US,53718
"Epic Electric, Inc.",epicelectricmadison.com,epicelectricmadison.com,,,,Madison,Wisconsin,US,53716
Harmony Electric & Lighting,harmonyelectricandlighting.com,harmonyelectricandlighting.com,,,,Madison,Wisconsin,US,53713
Helping Hands Electric & HVAC,helpinghandselectric.com,helpinghandselectric.com,,,,Madison,Wisconsin,US,53719
Hill Electric Inc.,hillelectricinc.com,hillelectricinc.com,,,,Madison,Wisconsin,US,53713
MGE Charging Station,mge.com,mge.com,,,,Madison,Wisconsin,US,53703
Modern Electric,modernelecmadison.com,modernelecmadison.com,,,,Madison,Wisconsin,US,53703
Nickles Electric Construction,nickleselectric.com,nickleselectric.com,,,,Madison,Wisconsin,US,53714
Richland Home Power,richlandhomepower.com,richlandhomepower.com,,,,Madison,Wisconsin,US,53717
Scott Kiel Electric,kielelectric.com,kielelectric.com,,,,Madison,Wisconsin,US,53703
Smart Home Electric,smarthomemadison.com,smarthomemadison.com,,,,Madison,Wisconsin,US,53714
Westphal & Co Inc.,westphalec.com,westphalec.com,,,,Madison,Wisconsin,US,53718
Design Electric of Madison,designelectricmadison.com,designelectricmadison.com,,,,McFarland,Wisconsin,US,53558
Power Team Electric,powerteamelectric.com,powerteamelectric.com,,,,Mequon,Wisconsin,US,53092
Larson Electric,larsonelectricmadison.com,larsonelectricmadison.com,,,,Middleton,Wisconsin,US,53562
Parks Electrical Service Inc.,parkselectrical.com,parkselectrical.com,,,,Middleton,Wisconsin,US,53562
Action electric,actionelectric.com,actionelectric.com,,,,Milwaukee,Wisconsin,US,53228
Advance Electrical Contractors,advanceelectricalcontractors.com,advanceelectricalcontractors.com,,,,Milwaukee,Wisconsin,US,53202
"Austin Plumbing, Heating, Air & Electric",teamaustin.com,teamaustin.com,,,,Milwaukee,Wisconsin,US,53224
"Burkhardt Heating, Cooling, Plumbing & Electric",burkhardtheating.com,burkhardtheating.com,,,,Milwaukee,Wisconsin,US,53209
Electric Services,electricwi.com,electricwi.com,,,,Milwaukee,Wisconsin,US,53220
Frank Gillitzer Electric Co,gillitzerelectric.com,gillitzerelectric.com,,,,Milwaukee,Wisconsin,US,53216
Global Power Components,globalpowercomponents.com,globalpowercomponents.com,,,,Milwaukee,Wisconsin,US,53219
KWK Electric Inc,kwkelectric.com,kwkelectric.com,,,,Milwaukee,Wisconsin,US,53212
Lumen Lighting & Electric,lumenlightingmke.com,lumenlightingmke.com,,,,Milwaukee,Wisconsin,US,53204
"Miller Electric Co, Inc",millerelectricinc.net,millerelectricinc.net,,,,Milwaukee,Wisconsin,US,53212
Paramount Development Inc.,paramountdevelopment.biz,paramountdevelopment.biz,,,,Milwaukee,Wisconsin,US,53215
Prime Electric LLC,primeelectricwi.com,primeelectricwi.com,,,,Milwaukee,Wisconsin,US,53227
"Walkowiak Electric, Inc",walkowiakelectric.com,walkowiakelectric.com,,,,Milwaukee,Wisconsin,US,53215
"Hoffman Electrical Service, L.L.C.",hoffmanelectricalservice.com,hoffmanelectricalservice.com,,,,Mineral Point,Wisconsin,US,53565
608 Electric LLC,608electric.com,608electric.com,,,,Mt Horeb,Wisconsin,US,53572
E & S Electric Inc,eandselectric.com,eandselectric.com,,,,Mt Horeb,Wisconsin,US,53572
On Demand Electric,ondemandelectric.com,ondemandelectric.com,,,,New Berlin,Wisconsin,US,53146
"Pieper Electric, Inc.",pieperpower.com,pieperpower.com,,,,New Berlin,Wisconsin,US,53151
Preferred Electrical Contractors,preferredelectrical.com,preferredelectrical.com,,,,New Berlin,Wisconsin,US,53151
"CR Electric, Inc",crelect.com,crelect.com,,,,Oak Creek,Wisconsin,US,53154
"Searl Electric, Inc.",searlelectric.com,searlelectric.com,,,,Oregon,Wisconsin,US,53575
Edge Electric,edgeelectricwi.com,edgeelectricwi.com,,,,Pewaukee,Wisconsin,US,53072
Trusted Electric,trustedelectricco.com,trustedelectricco.com,,,,Pewaukee,Wisconsin,US,53072
JTD Electric LLC.,jtdelectric.com,jtdelectric.com,,,,Sauk City,Wisconsin,US,53583
Diamond Electric,diamondelectricltd.com,diamondelectricltd.com,,,,St Francis,Wisconsin,US,53235
"Cardinal Heating, Cooling, Plumbing & Electric",cardinalhvac.com,cardinalhvac.com,,,,Sun Prairie,Wisconsin,US,53590
"Electrical Dimensions, Inc.",electricaldimensionsinc.com,electricaldimensionsinc.com,,,,Verona,Wisconsin,US,53593
Krantz Electric Inc.,krantzelectricinc.com,krantzelectricinc.com,,,,Verona,Wisconsin,US,53593
Nick Electric,electricianmadisonwi.com,electricianmadisonwi.com,,,,Verona,Wisconsin,US,53593
Specialized Electric,specializedelec.com,specializedelec.com,,,,Verona,Wisconsin,US,53593
"The Electrician, Inc",theelectricianinc.com,theelectricianinc.com,,,,Verona,Wisconsin,US,53593
Power Tech Electric LLC,powertech.llc,powertech.llc,,,,Walworth,Wisconsin,US,53184
Hill's Wiring Inc,hillswiring.com,hillswiring.com,,,,Waunakee,Wisconsin,US,53597
N & N Electric,n-nelectric.com,n-nelectric.com,,,,Waunakee,Wisconsin,US,53597
Current Electric,currentelectricco.com,currentelectricco.com,,,,Wauwatosa,Wisconsin,US,53222
Lehmann Electrical & Design,lehmannelectrical.com,lehmannelectrical.com,,,,Wauwatosa,Wisconsin,US,53226
"Best Electric Service, Inc.",bestelect.com,bestelect.com,,,,West Allis,Wisconsin,US,53214
DRM Electrical LLC,drmelectrical.com,drmelectrical.com,,,,West Allis,Wisconsin,US,53214
Greenwire Electric LLC,greenwireelectricwi.com,greenwireelectricwi.com,,,,West Allis,Wisconsin,US,53219
Horizon Electric Company,horizonelectricwi.com,horizonelectricwi.com,,,,West Allis,Wisconsin,US,53219
"Roman Home Services - Electric, Plumbing, Heating & Cooling",romanelectrichome.com,romanelectrichome.com,,,,West Allis,Wisconsin,US,53227
"Ideal Electric, Inc.",theidealelectricians.com,theidealelectricians.com,,,,West Bend,Wisconsin,US,53090
NextGen Electric LLC,nextgenelectricwyo.com,nextgenelectricwyo.com,,,,Cheyenne,Wyoming,US,82009
VP Electric LLC,vpelectricwy.com,vpelectricwy.com,,,,Etna,Wyoming,US,83118
AJ's Electric Inc.,ajselectricinc.com,ajselectricinc.com,,,,Jackson,Wyoming,US,83001
Advanced Custom Electric Inc.,acelectricjh.com,acelectricjh.com,,,,Jackson,Wyoming,US,83001
Big Horn Heating & Cooling,bighornheatingandcooling.com,bighornheatingandcooling.com,,,,Jackson,Wyoming,US,83001
Delcon Electric,delconwy.com,delconwy.com,,,,Jackson,Wyoming,US,83001
Electrical Wholesale Supply Co,electricalwholesale.com,electricalwholesale.com,,,,Jackson,Wyoming,US,83001
Element Plumbing,elementplumbingjh.com,elementplumbingjh.com,,,,Jackson,Wyoming,US,83001
Greiner Electric,greinerelectric.com,greinerelectric.com,,,,Jackson,Wyoming,US,83001
Jackson Hole Contracting Inc,jacksonholecontracting.com,jacksonholecontracting.com,,,,Jackson,Wyoming,US,83001
Modern Lighting & Electric Inc.,mlejh.com,mlejh.com,,,,Jackson,Wyoming,US,83001
Mountain Electrical,mountainelectrical.net,mountainelectrical.net,,,,Jackson,Wyoming,US,83001
Ninety Eight Electric,98electric.com,98electric.com,,,,Jackson,Wyoming,US,83002
On Point Electric Jackson Hole,onpointelectricjh.com,onpointelectricjh.com,,,,Jackson,Wyoming,US,83001
"Premiere SAV Jackson, WY",premieresav.com,premieresav.com,,,,Jackson,Wyoming,US,83001
Veterans Plumbing | Plumber Jackson wy,veteransplumbing.co,veteransplumbing.co,,,,Jackson,Wyoming,US,83001
