email,email,phone,phone,fn,ln,ct,st,zip,country
,,19073122345,,,,wasilla,ak,99654,us
info@icdalaska.com,,19078683321,,,,anchorage,ak,99518,us
ashok@huntsvillehifi.com,,12566653212,,,,huntsville,al,35801,us
,,12059461234,18509491234,,,pellcity,al,35128,us
,,12567138912,,,,huntsville,al,35801,us
,,12058712219,12058791953,,,birmingham,al,35209,us
bholt@avspro.net,,13343956555,,,,montgomery,al,36116,us
brian@customthunderav.com,,12563532991,12562142006,,,decatur,al,35601,us
,,13342832420,,,,tallassee,al,36078,us
,,12562795542,,,,huntsville,al,35806,us
scott@ironcityav.com,,12055773124,,,,birmingham,al,35243,us
michael@mozaicav.com,craig@mozaicav.com,12563254903,,michael,johnson,madison,al,35758,us
customer@nextavsolutions.com,,12057793484,15551234567,daniel,bearden,birmingham,al,35210,us
,,12059661624,,,,pinson,al,35126,us
contact@redcustom.com,,12562035049,18558326733,,,huntsville,al,35806,us
tsialarms@comcast.net,info@tsialarmsandaudio.com,12516620500,18504388144,,,mobile,al,36609,us
,,18334687591,,,,vestaviahills,al,35243,us
support@valdezaudiovideo.com,,12567836305,,,,harvest,al,35749,us
info@elevenhifi.com,,15013036060,,,,littlerock,ar,72211,us
,,15018312257,,,,littlerock,ar,72210,us
info@hi-def-solutions.com,,15013500262,,,,littlerock,ar,72212,us
,,15012055002,,,,littlerock,ar,72204,us
travis@martincompanyav.com,,15013036640,15015661807,,,northlittlerock,ar,72118,us
,,16237763100,,,,phoenix,az,85027,us
hello@amp-av.com,,14806459980,,,,mesa,az,85202,us
sales@avbydesign.com,,14802426459,,,,peoria,az,85383,us
,,14807940901,,,,phoenix,az,85016,us
info@cashwoodinnovations.com,,14804527266,,,,scottsdale,az,85260,us
info@cinematichomeav.com,,16027558665,16027964127,john,akers,phoenix,az,85028,us
sales@azchs.com,,16233767560,16023767560,,,phoenix,az,85027,us
cas@customautomatedsolutions.net,,16023548869,12095299200,,,phoenix,az,85020,us
info@customsystemsav.com,,16022967955,,,,phoenix,az,85050,us
,,14805162990,,,,phoenix,az,85048,us
,,14802273569,,,,mesa,az,85212,us
info@azeliteintegration.com,,16235871950,,paul,gunn,phoenix,az,85027,us
rick@epicavaz.com,jason@epicavaz.com,14808885571,14804525603,rick,larsen,tempe,az,85281,us
admin@azevolve.com,,16027539555,,badr,morsadi,phoenix,az,85021,us
,,14804976734,,,,phoenix,az,85050,us
,,14808161900,14032438823,ron,patrick,scottsdale,az,85260,us
customercare@integracustomsystems.com,,15205462982,18773344734,greg,sellers,tucson,az,85710,us
andy@iavsaz.com,,15209007292,,,,tucson,az,85741,us
,,16026222206,,,,fountainhills,az,85268,us
nathan@integrationdg.com,info@integrationdg.com,14802001851,19282274011,,,scottsdale,az,85260,us
,,16238508001,,,,peoria,az,85382,us
info@jshometheater.com,,15204316572,15555555555,,,casagrande,az,85122,us
,,14802266420,,,,scottsdale,az,85260,us
info@mavphx.com,,14805903048,,,,scottsdale,az,85260,us
,,16028660238,,,,phoenix,az,85027,us
info@planetgeekllc.com,,14807660025,,,,chandler,az,85225,us
joey@rmintegration.com,,16023216512,,joey,noland,phoenix,az,85085,us
,,14804990853,,,,scottsdale,az,85260,us
info@stabley.net,,14803255015,14809160566,jamie,stabley,mesa,az,85206,us
info@techintegrated.com,,19282042022,,,,cottonwood,az,86326,us
,,15207842500,,,,tucson,az,85712,us
armando@thevalleyconnect.com,,14802740995,,,,phoenix,az,85017,us
,,16028630078,,,,scottsdale,az,85260,us
,,18002241122,19286342364,,,cottonwood,az,86326,us
info@idesignhs.com,service@idesignhs.com,14807714640,14807714650,,,tempe,az,85288,us
,,14809222500,18002381774,,,scottsdale,az,85260,us
,,16507629598,,,,burlingame,ca,94010,us
information@aavintegration.com,,17605607088,,,,escondido,ca,92029,us
,,18008446914,18187238187,,,northhollywood,ca,91606,us
audioprodirect@me.com,,13235992223,13235992233,,,losangeles,ca,91303,us
avslq2@icloud.com,,17602726208,,,,laquinta,ca,92253,us
,,19258388444,18004994288,vanessa,neilson,sanramon,ca,94583,us
,,15305411696,,,,southlaketahoe,ca,96150,us
accuratecommunication@yahoo.com,,13233348988,,,,losangeles,ca,90027,us
info@acousticevolution.com,,18586731675,,,,sandiego,ca,92128,us
info@advanceddigitalhomes.com,,18588291450,,,,escondido,ca,92029,us
,,17603451457,,,,bermudadunes,ca,92203,us
sales@aheadstereo.com,,13239318873,,,,losangeles,ca,90036,us
,,19258338716,,,,dublin,ca,94568,us
sales@ameritechs.co,,18585051122,18885051125,,,sandiego,ca,92111,us
info@armtechservices.com,,18773537707,13233005904,,,losangeles,ca,90027,us
sales@audiohigh.com,,16509644000,,,,mountainview,ca,94043,us
info@audiovideoconceptsusa.com,,17607333490,,,,palmdesert,ca,92260,us
info@audiovideoevolution.net,sales@audiovideoevolution.net,14086280771,14086280772,,,campbell,ca,95008,us
,,14155260070,,,,sanrafael,ca,94901,us
,,17605754819,,,,carlsbad,ca,92008,us
,,19166521086,19162233754,,,loomis,ca,95650,us
info@audiovisualarchitects.com,,12138669030,15127669473,jon,edwards,beverlyhills,ca,90211,us
info@audiovideoking.com,sales@audiovideoking.com,13233326781,19492076033,,,losangeles,ca,90046,us
,,14083534223,,russ,berger,losgatos,ca,95033,us
sales@axiomhometech.com,,18316459900,,,,monterey,ca,93940,us
sales@bbone.tech,support@bbone.tech,13109952721,,arturs,grablevskis,losangeles,ca,90068,us
,,15592979228,,,,fresno,ca,93726,us
info@beyondhometheater.com,,18777176863,,,,santamonica,ca,90405,us
91362info@blisshta.com,info@blisshta.com,18187062794,,,,westlakevillage,ca,91362,us
blossomhilltv@yahoo.com,,14082253800,,,,sanjose,ca,95128,us
thomas@bluelakehometheater.com,,15305444663,,,,markleeville,ca,96120,us
contact@calcoastav.com,,17604520773,,jason,bash,carlsbad,ca,92008,us
,,18058132214,,,,santabarbara,ca,93101,us
info@camberintegration.com,,14156568966,19256671747,,,pleasanthill,ca,94523,us
concierge@cantaradesign.com,support@cantaradesign.com,19496453684,19496458727,,,costamesa,ca,92626,us
info@carmelav.com,,18316244800,,,,carmel,ca,93923,us
info@centralcoastav.com,,18056698885,,,,carpinteria,ca,93013,us
johnkim@cinema-systems.com,info@cinema-systems.com,12135456169,,,,tujunga,ca,91042,us
,,18188888877,18178888877,eli,citrom,westhills,ca,91304,us
,,14242717761,,,,torrance,ca,90502,us
service@controlmyav.com,,17145872324,18446070588,,,irvine,ca,92618,us
,,18584367122,,,,solanabeach,ca,92075,us
johnmichael@cht.life,,18584679996,,,,santee,ca,92071,us
info@custom-innovations.com,,14082396824,18312003636,,,morganhill,ca,95037,us
,,18319027998,,,,carmel,ca,93923,us
,,15303860494,,mel,honda,truckee,ca,96161,us
info@digital-connections.net,,17072558568,,brian,bonaccorso,napa,ca,94558,us
info@digitalhomesd.com,,18585654229,16192443050,,,sandiego,ca,92117,us
,,17607724100,17608806860,,,palmdesert,ca,92211,us
,,17076025555,18774154158,derich,marsh,sonoma,ca,95476,us
,,14086474687,,robert,spivack,sanfrancisco,ca,94103,us
,,19164206643,,,,lincoln,ca,95648,us
larry@evergreenhomesystems.com,,14086919386,14086919389,larry,kaiser,mountainview,ca,94040,us
eric@evolvesv.com,info@evolvesv.com,13102482444,13105927587,,,losangeles,ca,90069,us
,,17148924325,15555555555,,,gardengrove,ca,92841,us
sales@experienceaudiovideo.com,,17147444455,,brian,chappell,orange,ca,92867,us
,,18185782929,18189898258,,,burbank,ca,91501,us
pete@firstcallpd.com,,17603328900,,pete,chryss,palmdesert,ca,92260,us
info@foremostautomation.com,,18186605580,,,,tarzana,ca,91335,us
,,15305415596,17753920129,frank,giardina,southlaketahoe,ca,96150,us
,,19254988921,19258158324,sean,mendell,concord,ca,94518,us
ralph@functionalsmarthome.com,,18054326259,,,,simivalley,ca,93063,us
support@futuresoundav.com,,16503421476,16503281081,,,southsanfrancisco,ca,94080,us
info@glabman.com,,17145455505,,,,costamesa,ca,92627,us
galaxyhometheatres@yahoo.com,,18183953342,,michael,abounassar,glendale,ca,91205,us
info@gizmo-la.com,,13104749774,14155041150,greg,shukov,losangeles,ca,90025,us
support@granko.com,,17072915516,,,,sonoma,ca,95476,us
,,19497769704,16613670426,alex,clark,gardengrove,ca,92840,us
info@grindhouseav.com,,17608085175,,,,laquinta,ca,92253,us
info@hdhookups.com,,18584334852,18884346658,,,sandiego,ca,92111,us
,,13108554288,13109931757,,,losangeles,ca,90035,us
,,18187810976,12133487356,,,vannuys,ca,91406,us
chip@hatchelectric.com,office@hatchelectric.com,15305413035,15305418132,leonard,hatch,southlaketahoe,ca,96150,us
membership@hificlub.net,service@hificlub.net,18059622525,,,,santabarbara,ca,93101,us
,,14154991400,17075400511,,,sanrafael,ca,94903,us
rstover@homeavtv.com,info@homeavtv.com,17608910571,17602010775,,,sanmarcos,ca,92078,us
info@coronadohometheater.com,,16195951757,16195961287,dane,crosby,coronado,ca,92178,us
info@homihomeautomation.com,,18182455201,,paula,perez,losangeles,ca,91423,us
info@immexperiences.com,,16503217833,,john,savage,paloalto,ca,94301,us
jeffb@infiniteaudioandvideo.com,info@infiniteaudioandvideo.com,14086476355,,,,cupertino,ca,95014,us
directv@myinnovationtech.com,sales@myinnovationtech.com,18585003691,18887895845,senior,president,sandiego,ca,92108,us
,,17603608860,,,,laquinta,ca,92253,us
%20nfo@intellihomeav.com,%20info@intellihomeav.com,13104097655,15035000180,,,losangeles,ca,90064,us
info@kaliebdesigns.com,,16613014373,16614124308,,,bakersfield,ca,93311,us
,,17609319922,18885675494,,,carlsbad,ca,92008,us
info@leoselectricautomation.com,,15302146046,,leo,jimenez,tahoecity,ca,96145,us
info@liontechla.com,support@liontechla.com,13237471747,,,,malibu,ca,90265,us
hello@miadesigngroup.com,,13106007315,,gaby,lopez,pasadena,ca,91104,us
,,13102344010,,,,losangeles,ca,90025,us
info@monacoav.com,sales@monacoav.com,16263959597,,,,pasadena,ca,91101,us
info@montereyinnovations.com,,18317601091,,,,seaside,ca,93955,us
,,16196797176,,,,sandiego,ca,92101,us
info@malibuwired.com,,13236563474,,,,westhollywood,ca,90046,us
,,14152358094,,,,woodacre,ca,94973,us
kacy@millerava.com,,19163374993,,,,fairoaks,ca,95628,us
info@modernhomesystems.com,,18585540404,18585540707,,,sandiego,ca,92121,us
,,18313450321,,,,scottsvalley,ca,95066,us
hello@moonasmart.com,,18888186857,,,,santaclara,ca,95054,us
info@mysmartyhome.com,,18187940404,18787887886,,,losangeles,ca,90038,us
nery@nitidoav.com,info@nitidoav.com,13108942046,14242793164,nery,barrios,inglewood,ca,90304,us
,,17603472899,,,,indio,ca,92203,us
,,13237411147,13237415998,,,losangeles,ca,90065,us
info@1touchliving.com,,18587989130,,,,sandiego,ca,92127,us
,,19496894458,,,,lagunaniguel,ca,92677,us
,,13104024818,13107405375,,,manhattanbeach,ca,90266,us
info@pacificcoastav.com,,19496405093,,,,newportbeach,ca,92625,us
info@palmerelectricco.com,,17607977878,,,,palmdesert,ca,92260,us
info@paramountprotechsllc.com,,15623062332,,,,lakewood,ca,90712,us
contact@positive-electric.net,,16506926425,,,,millbrae,ca,94030,us
sales@powerfullsystems.com,,13108369333,,,,losangeles,ca,90019,us
,,17606604207,17603289500,,,palmdesert,ca,92260,us
info@procircuitav.com,,17607711010,,ryan,hamilton,laquinta,ca,92253,us
office@racav.com,,15305834100,17866479647,,,tahoecity,ca,96145,us
support@ranchosantafeaudiovideo.com,,18587642648,,,,ranchosantafe,ca,92091,us
info@reliant.services,,15593384458,18558563532,,,fresno,ca,93704,us
appointment@republiceliteintegration.com,customerservice-rei@republiceliteintegration.com,19163291950,18556001220,,,sacramento,ca,95827,us
,,18583492812,,brian,rhew,lajolla,ca,92037,us
,,18056948333,,,,santabarbara,ca,93101,us
,,17608809977,,,,laquinta,ca,92253,us
,,17603289500,,,,palmdesert,ca,92211,us
rich@syncavn.com,info@syncavn.com,19169137962,,,,sacramento,ca,95834,us
info@samedayinstallations.com,,15103094426,,,,oakland,ca,94607,us
info@sanjosetvinstall.com,,14082902157,,,,sanjose,ca,95127,us
,,14156107779,,,,sonoma,ca,95476,us
contact@sightpro-solutions.com,,19253076410,,,,sanramon,ca,94583,us
,,16577468324,,,,anaheim,ca,92807,us
info@simplicity1.com,,17144280500,,,,costamesa,ca,92626,us
,,18588748700,,,,sandiego,ca,92123,us
,,13104009759,,,,encino,ca,91316,us
sales@sstsun.com,,18006794778,14809663705,,,irvine,ca,92618,us
ron@smarttechprotect.com,frank@smarttechprotect.com,17606105984,,ron,galippo,palmdesert,ca,92211,us
info@smartforsmart.com,,16506403369,,,,paloalto,ca,94306,us
hello@solvsd.com,,18582277658,,zach,blickstein,ranchosantafe,ca,92067,us
soco@soundandshades.com,sf@soundandshades.com,16264690424,16197429788,,,pasadena,ca,91101,us
,,19496983646,,,,costamesa,ca,92627,us
,,18582031250,,,,sandiego,ca,92120,us
contact@soundideas-av.com,,18585784380,18585784381,,,sandiego,ca,92126,us
,,14154567000,,,,novato,ca,94949,us
alan@spectrumavmarin.com,,14155694380,,alan,hutchings,millvalley,ca,94941,us
ivo@stylehometheaters.com,,18889889598,,,,hermosabeach,ca,90254,us
mail@supervisionav.com,,13106529510,,,,losangeles,ca,90034,us
,,17147799900,,michael,pothos,anaheim,ca,92807,us
,,17078204448,17077999558,,,santarosa,ca,95403,us
support@synergy.tv,info@synergy.tv,17145052003,,steve,gorton,tustin,ca,92780,us
sales@tazzlighting.com,,18584448880,,,,sandiego,ca,92121,us
info@techincontrol.com,,18185100077,,,,losangeles,ca,91411,us
,,13233566344,,,,losangeles,ca,91352,us
help@technicalcomfort.com,,19492128117,,shana,jf,lagunaniguel,ca,92677,us
sales@thesourceav.com,support@thesourceav.com,13105349900,13105349901,,,torrance,ca,90505,us
showroom@tristarelectricca.com,amy@tristarelectricca.com,13104571639,,,,malibu,ca,90265,us
912456info@ultimatehd.com,info@ultimatehd.com,14084025445,,,,campbell,ca,95008,us
,,19255929704,18009778741,,,dublin,ca,94568,us
,,18052017053,18056698885,,,carpinteria,ca,93013,us
info@vertexav.com,,17148911100,,,,huntingtonbeach,ca,92647,us
info@vikingsys.com,,16506651221,,,,paloalto,ca,94306,us
,,18054971179,18054977536,,,westlakevillage,ca,91361,us
info@woodyshome.com,,16267938200,,,,pasadena,ca,91101,us
info@wyredreams.com,,16263008887,18886899973,david,malik,laverne,ca,91750,us
chris@cgwiring.com,support@cgwiring.com,14088564424,,,,sanjose,ca,95110,us
salessupport@e4control.com,,18888948434,,,,corona,ca,92878,us
,,18056738414,,,,ventura,ca,93004,us
info@lowvoltageinnovations.com,,19252899445,16615444300,,,bakersfield,ca,93304,us
sales@zettacomm.com,,16505239330,,shawnon,parkinson,sancarlos,ca,94070,us
,,19704858563,19703558100,,,silverthorne,co,80498,us
contact@avcrafters.com,,13038187007,,dana,solomon,boulder,co,80301,us
,,19702795139,18773943160,,,aspen,co,81611,us
jordan@ashcrafttech.com,sales@ashcrafttech.com,13032681946,,,,denver,co,80222,us
jay@avscolorado.com,,19704851359,,,,breckenridge,co,80424,us
hello@bivygroup.com,,19707081840,,,,telluride,co,81435,us
info@cinegration.com,,17202952496,18004321429,,,arvada,co,80002,us
support@teamc9.com,,19707612352,,thomas,mckenzie,steamboatsprings,co,80487,us
info@conundrumtechnologies.com,,19706885261,13033081400,mike,pessina,aspen,co,81611,us
info@dkautomation.com,,14695568700,12145662809,,,timnath,co,80547,us
,,13032091038,,,,castlepines,co,80108,us
digital1av@outlook.com,,19707793165,,,,telluride,co,81435,us
alan@digitalhomecolorado.com,,13037758973,,,,longmont,co,80503,us
info@digitalmediainnovations.com,,13038731100,,insurance,providers,centennial,co,80112,us
info@envision10.com,,13035292279,,,,denver,co,80206,us
,,19709489065,,,,basalt,co,81621,us
,,19706825323,,,,fortcollins,co,80524,us
support@hdconnections.co,,17194818346,,,,coloradosprings,co,80917,us
info@harmonicseries.com,,19706737437,,,,fortcollins,co,80526,us
info@vailhometheater.com,,19704714075,,,,edwards,co,81632,us
,,13035522990,,,,arvada,co,80007,us
,,17196850660,18002381774,,,coloradosprings,co,80919,us
info@iqhomeandoffice.com,,19703613339,13035239923,,,grandjunction,co,81503,us
info@integralhomesystems.com,,19707752400,,,,loveland,co,80537,us
barry@jenningsav.com,,13035788199,,leo,slattery,arvada,co,80002,us
,,19702148597,,,,timnath,co,80547,us
info@leaxcontrols.com,,19709274845,,,,aspen,co,81611,us
contact@listenup.com,,13037780780,18777441179,,,denver,co,80209,us
info@nextsteponline.net,,13038349486,,,,longmont,co,80504,us
,,19708792217,,,,steamboatsprings,co,80477,us
peter@prospectrumsystems.com,info@prospectrumsystems.com,19703899713,19704061073,peter,vaartjes,silverthorne,co,80498,us
info@reliablehometechnology.com,,17203160030,17203160010,,,denver,co,80214,us
,,19704445006,,,,basalt,co,81621,us
,,19706861040,,,,windsor,co,80550,us
,,19703021447,,,,greeley,co,80634,us
support@soundmediaonline.com,,13035643440,,steve,strother,thornton,co,80602,us
sales@soundingshifi.com,,13037595505,13037594273,rod,tomson,greenwoodvillage,co,80112,us
,,13036669700,,,,broomfield,co,80020,us
,,17202011905,,,,boulder,co,80302,us
,,17192397125,17196361684,,,coloradosprings,co,80904,us
,,19705100064,,,,glenwoodsprings,co,81601,us
,,13034107047,19709251700,,,denver,co,80204,us
info@yxtech.co,,19703699989,,,,telluride,co,81435,us
info@avtheaterdesigns.com,,12034838888,,,,madison,ct,06443,us
,,18605171043,,,,shelton,ct,06484,us
bob@bentleysystems.us,,18606578558,18606525461,arthur,bentley,glastonbury,ct,06073,us
info@bri-tech.com,,12033402155,16315638000,,,greenwich,ct,06830,us
support@cthomeautomation.com,,12034390776,,,,cheshire,ct,06410,us
management@ctcable.com,info@ctcable.com,12038478630,,,,norwalk,ct,06854,us
,,18606192400,,,,roxbury,ct,06783,us
sales@control-digital.net,,18334234448,,vincent,fama,greenwich,ct,06830,us
sales@coscobtv.com,,12038692277,,,,greenwich,ct,06807,us
,,12039275829,,,,berlin,ct,06037,us
sales@fairfieldis.io,,12036149365,15618342211,,,greenwich,ct,06878,us
info@homemediadesigns.com,,12034313344,,david,woodward,ridgefield,ct,06877,us
info@cthometech.com,,12033888770,,,,stamford,ct,06905,us
ira@idesigntheaters.com,,12032592423,,ira,fagan,fairfield,ct,06824,us
,,18608458564,,,,bristol,ct,06010,us
,,15086405894,,,,thompson,ct,06255,us
,,18609140965,14078508758,jennifer,mallett,litchfield,ct,06759,us
,,18606000499,,nate,joslin,vernon,ct,06066,us
,,12032262386,12035806711,,,westport,ct,06880,us
info@litchfieldstereo.com,,18604915659,18605674434,,,kent,ct,06757,us
accounting@opusavc.com,purchasing@opusavc.com,12034980407,12038915015,,,northhaven,ct,06473,us
service@perfectvisionsound.com,,18606770075,,,,canton,ct,06019,us
,,12036932246,,,,northbranford,ct,06471,us
info@soundworksandsecurity.com,,18604967041,18604967043,,,torrington,ct,06790,us
,,18557975526,14073764878,juan,castano,stamford,ct,06903,us
contact@westfairtv.com,,12032551671,,,,fairfield,ct,06824,us
,,12038915814,,,,easthaven,ct,06512,us
sales@artisticav.com,support@artisticav.com,12027898064,12027898063,,,washington,dc,20001,us
mfoley@customtvsolutions.com,,12022508330,,,,washington,dc,20007,us
info@evolutionav.com,,17034629552,,,,mclean,dc,22102,us
,,13012633132,,,,capitolheights,dc,20743,us
info@dcpowerhouse.com,,13018389191,13015884390,,,silverspring,dc,20910,us
,,12404190963,,,,accokeek,dc,20607,us
,,17036774187,17037834724,claire,liston,alexandria,dc,22314,us
2sales@sightandsoundsystems.com,,17038026443,,kris,kaymanesh,dulles,dc,20166,us
,,18779426262,,,,kensington,dc,20895,us
brendanjr@trinitywiringsolutions.com,,17032579403,18004321429,,,chantilly,dc,20151,us
info@ihomellc.com,,13026561624,,,,wilmington,de,19805,us
,,18663071877,,,,orlando,fl,32809,us
,,12392702371,,travis,buffum,capecoral,fl,33914,us
info@amssoundandvision.com,,12395985795,,,,naples,fl,34109,us
,,15613707468,,,,westpalmbeach,fl,33411,us
,,18773289283,,,,oldsmar,fl,34677,us
sales@avlpro.com,service@avlpro.com,12395936455,12392965444,,,naples,fl,34110,us
info@startedwithavision.com,,18668261237,,,,fortmyers,fl,33912,us
info@advanced-esi.net,,19415545000,,,,sarasota,fl,34231,us
,,12393137064,,,,fortmyers,fl,33919,us
kevin.harris@aftermathgeneralservices.solutions,,19046901792,,,,yulee,fl,32097,us
jeff@alternativeaudiosolutions.com,,12399859228,12398509499,,,fortmyers,fl,33966,us
,,19047377770,,,,jacksonville,fl,32256,us
,,18139553909,18132972013,,,lutz,fl,33549,us
info@analogdigitalsystems.com,,12393309225,12397703404,,,naples,fl,34113,us
contact@antonytech.com,,13052098282,,,,miami,fl,33132,us
,,18139249726,,,,tampa,fl,33629,us
,,15614783100,,,,westpalmbeach,fl,33409,us
,,15612621766,,,,jupiter,fl,33458,us
,,13056654299,,,,miami,fl,33155,us
,,15614783100,,,,westpalmbeach,fl,33409,us
,,13052691700,,,,miami,fl,33186,us
,,17866636666,,,,northmiami,fl,33181,us
,,17273887064,19413095421,,,sarasota,fl,34236,us
,,17725625565,15618818118,,,verobeach,fl,32960,us
info@blurooav.com,,12397343191,12393850430,,,naples,fl,34109,us
info@bluehawktech.com,,17548002242,,,,bocaraton,fl,33432,us
jordan@blueskyautomationllc.com,support@blueskyautomationllc.com,15612352071,19546096616,,,boyntonbeach,fl,33426,us
support@bocatech.com,,15619999024,,jeff,galea,bocaraton,fl,33434,us
info@av-solutions.com,,13056400565,,,,doral,fl,33172,us
,,15617444585,,,,jupiter,fl,33458,us
admin@castle-protect.com,,19412180291,18667806981,,,sarasota,fl,34240,us
info@classicaudiovideo.com,,12392221452,,,,naples,fl,34117,us
%20support@coastalprotect.com,trae@coastalprotect.com,18506221667,18502030778,trae,carney,santarosabeach,fl,32459,us
info@omwavehome.com,,15614214566,18003134841,,,palmbeach,fl,33480,us
info@cornerstoneavi.com,,13523505169,13525041773,,,summerfield,fl,34491,us
krystal@counterstrikess.com,lindsay@counterstrikess.com,12397720155,12392474871,amy,ali,capecoral,fl,33991,us
info@creativeavinc.com,,13058840100,,,,miami,fl,33186,us
support@cpss.net,,13523761499,18009491799,,,gainesville,fl,32608,us
,,12395931700,,,,naples,fl,34109,us
nael@crowneaudio.com,,14073334621,,nael,yacoub,lakemary,fl,32746,us
info@dnbwireless.com,,19542991895,,,,fortlauderdale,fl,33301,us
hagan@daisyco.com,dion@daisyco.com,19546503074,,awele,nwaeze,pompanobeach,fl,33069,us
info@definitiveelectronics.com,,15612692829,15617483564,,,jupiter,fl,33458,us
,,12397681799,,,,fortmyers,fl,33913,us
,,18507373044,,,,santarosabeach,fl,32459,us
support@eccamcorp.com,,14077734410,,,,orlando,fl,32828,us
,,15618818118,17725625565,,,westpalmbeach,fl,33409,us
sales@egretelectronics.com,,15617456186,15617457794,ron,luks,jupiter,fl,33458,us
email@eaeinfo.com,,15618429336,,,,westpalmbeach,fl,33404,us
jon@electronicdesigns.net,,17863903117,18004697480,,,miamibeach,fl,33139,us
,,13216953818,,,,orlando,fl,32829,us
,,13523325608,,,,gainesville,fl,32606,us
,,17862516009,,,,miami,fl,33125,us
,,13058309453,17863408244,,,miami,fl,33155,us
info@elite-tech-solutions.com,,19043095990,,,,jacksonville,fl,32256,us
,,18506225276,18506221667,trae,carney,miramarbeach,fl,32550,us
ales@epicaudiovideo.com,sales@epicaudiovideo.com,12396433050,,mike,novak,naples,fl,34103,us
sales@evo-av.com,,14077345001,,steve,juan,orlando,fl,32811,us
contact@eti-fl.com,,18133443955,,,,tampa,fl,33607,us
sales@famtechmedia.com,,14077286093,,,,orlando,fl,32828,us
sales@floridahometheaters.com,,14073515798,,jack,chevrier,orlando,fl,32809,us
chris@frontrowtheater.com,info@frontrowtheater.com,19543518985,,,,davie,fl,33324,us
fultech@fultechsolutions.com,,19049926624,,dan,fulmer,jacksonville,fl,32256,us
,,15619906121,,,,westpalmbeach,fl,33411,us
,,14077384130,13524968324,,,oakland,fl,34787,us
info@gcsav.com,,18139909313,,,,tampa,fl,33602,us
av_solutions@garysav.com,,19047164995,19047186125,,,yulee,fl,32097,us
sales@geeksfl.com,,13057917001,19542510600,,,miami,fl,33131,us
info@genesisautomationinc.com,,19543162450,,,,fortlauderdale,fl,33312,us
steven@goodeava.com,,19042993502,,,,jacksonville,fl,32216,us
,,19413161515,,,,sarasota,fl,34236,us
,,12396821077,,,,estero,fl,33928,us
chris@hsscustomav.com,info@hsscustomav.com,14074389511,,,,orlando,fl,32811,us
info@hwautomation.com,,19543220136,,,,daniabeach,fl,33004,us
team@halosmarthome.com,,18006514256,18134041291,,,tampa,fl,33602,us
,,15615771003,,ryan,nielsen,greenacres,fl,33467,us
support@hitechflorida.com,,18503857649,,,,tallahassee,fl,32308,us
,,12392441484,,chris,burke,fortmyers,fl,33913,us
,,12394917070,,jess,tineo,fortmyers,fl,33913,us
,,14074961203,,,,odessa,fl,33556,us
info@hometheatersofsouthflorida.com,,19545101010,,,,miamigardens,fl,33015,us
ops@hoppenhomesystems.com,,18133134531,,ernie,lashlee,tampa,fl,33619,us
,,19042479001,,robert,wing,jacksonvillebeach,fl,32250,us
service@iontechnology.net,,18886480060,,,,tampa,fl,33611,us
,,13059102890,,,,miami,fl,33131,us
,,13057662533,,george,schamy,northbayvillage,fl,33141,us
,,13864513113,,,,southdaytona,fl,32119,us
%20info@innerlinkss.com,info@innerlinkss.com,12397728835,,daniel,kennedy,capecoral,fl,33991,us
support@innovationsystemsfl.com,,14076842606,,,,orlando,fl,32808,us
,,15617216446,,,,westpalmbeach,fl,33407,us
info@integratedsurroundings.com,,18509320848,,,,gulfbreeze,fl,32563,us
support@customintegrityav.com,,12394505020,,,,naples,fl,34109,us
info@intelligentav.com,,19546890104,,,,sunrise,fl,33351,us
info@id-fl.com,,13056521138,18414888722,,,hollywood,fl,33020,us
,,15615456067,,,,bocaraton,fl,33432,us
info@kiliansmarthomes.com,,17866419593,17868317920,,,fortlauderdale,fl,33311,us
,,19545841730,,,,davie,fl,33312,us
,,18009792791,,jennifer,mallett,orlando,fl,32828,us
maria.caparroso@livingontechnology.com,sales@livingontechnology.com,17868287981,17868592793,luis,lafaurie,miami,fl,33138,us
,,13054792679,,,,miami,fl,33179,us
%20info@magicalhometheaters.com,info@magicalhometheaters.com,12397451514,,,,fortmyers,fl,33913,us
info@gomartec.com,,17865041004,17863833829,,,miami,fl,33162,us
,,17728726366,,,,jupiter,fl,33458,us
doug@musicandcinema.com,roger@musicandcinema.com,17274085111,18134588209,doug,sharp,palmharbor,fl,34684,us
support@naplestop.tech,,12393000652,,david,droganici,naples,fl,34103,us
jesse@nextlevelavs.com,jesee@nextlevelavs.com,18503738901,,jesse,gavin,chipley,fl,32428,us
,,17272709302,17277871010,,,oldsmar,fl,34677,us
info@simplyonpoint.com,,15617788000,,jarred,isgette,delraybeach,fl,33444,us
,,19543661236,,,,oaklandpark,fl,33334,us
designs@onetouchtechnology.com,,19545311967,,,,deerfieldbeach,fl,33442,us
simple@pbavsmarthomes.com,,15615685191,,ezra,norman,westpalmbeach,fl,33411,us
info@soundsandcinema.com,,15618330633,,,,wellington,fl,33414,us
,,18133311921,,,,tampa,fl,33607,us
info@petronetechnologygroup.com,,15619620064,,,,wellington,fl,33414,us
,,12393090520,,,,fortmyers,fl,33966,us
info@praterintegration.com,,17722780086,18509105531,,,stuart,fl,34997,us
,,13863340731,,chris,lozano,daytonabeach,fl,32114,us
,,18135733089,,,,gibsonton,fl,33534,us
,,18502691010,,,,destin,fl,32541,us
sales@premiumaudiovideo.com,,18003900950,,leonard,stephens,fortlauderdale,fl,33301,us
ales@phastav.com,,15617270288,,,,westpalmbeach,fl,33414,us
info@pureaudiovideo.com,,19545814434,,gustavo,serafini,fortlauderdale,fl,33312,us
salesandservice@qualityalarmsystems.com,,18554339600,18504339600,scott,struthers,pensacola,fl,32506,us
,,12394812949,12394822949,ron,brown,fortmyers,fl,33919,us
,,13052042000,,,,hollywood,fl,33024,us
company@sritampabay.com,,18138852276,18009917093,,,tampa,fl,33634,us
info@synctfl.com,,18138335396,18137337843,,,tampa,fl,33647,us
michael@sarasotasmarthomes.com,,19412000056,,,,sarasota,fl,34238,us
sales@satellitecityinc.com,,14073848711,,,,orlando,fl,32822,us
,,15617173280,15162102120,brian,zeidman,bocaraton,fl,33432,us
sales@signaturehometheaters.net,,17862995455,18889585583,,,miami,fl,33186,us
info@skylinesmarthomes.us,,19418417410,,,,northport,fl,34286,us
info@smarthomespecialists.com,,12396763435,,,,naples,fl,34110,us
info@smarthomestudio.co,,15619215877,17868823755,juan,santos,miami,fl,33145,us
,,18508193566,18508190363,,,panamacity,fl,32401,us
info@smartsecurityspecialist.com,,15618030713,,,,rivierabeach,fl,33404,us
info@smartsolutionsnetwork.net,,13052051735,,,,miami,fl,33122,us
info@srqsmart.com,,19413624508,19415414508,bob,friedman,sarasota,fl,34234,us
info@smartspacesus.com,,19542796322,18768786605,,,miami,fl,33166,us
contactus@smartechintegration.com,,13059064264,,,,hialeah,fl,33015,us
info@smarthouseintegration.com,,19414044470,,jess,human,sarasota,fl,34236,us
sales@smartshieldhomes.com,,19413168800,,,,sarasota,fl,34240,us
,,19047327486,19047327487,,,jacksonville,fl,32256,us
,,19548182566,,,,fortlauderdale,fl,33309,us
john@soundtechsecurity.com,,17722493456,17728281993,,,verobeach,fl,32962,us
info@southtechfl.com,,15612003395,,,,boyntonbeach,fl,33435,us
,,12394055970,,,,naples,fl,34119,us
info@stagedigitaladvisors.com,sales@stagedigitaladvisors.com,17862876191,,,,miami,fl,33166,us
john@sterlinghometheater.com,,17722452220,16177559811,,,palmcity,fl,34990,us
,,18503243493,18503961218,,,milton,fl,32583,us
sales@synergyfl.com,,18136640770,18776640770,,,tampa,fl,33619,us
mike@smarterav.com,peter@smarterav.com,19044204550,,,,jacksonville,fl,32217,us
support@totalconnectsolutions.com,,18884112387,18504775054,,,pensacola,fl,32514,us
,,17864789915,,,,miami,fl,33186,us
info@techsavvynaples.com,,12399208324,,,,bonitasprings,fl,34135,us
,,19548566166,,,,bocaraton,fl,33487,us
,,15615124694,,,,westpalmbeach,fl,33411,us
,,15617479646,,,,jupiter,fl,33458,us
,,17722329114,18773973787,,,stuart,fl,34997,us
,,18509265092,18509263474,,,tallahassee,fl,32310,us
support@totalconnecttechnology.com,,18504507944,,,,pensacola,fl,32514,us
sales@ultimatesv.com,,13055011000,15616720400,paolo,ramirez,doral,fl,33178,us
,,15617752727,,,,palmbeachgardens,fl,33410,us
,,19414027806,,,,bradenton,fl,34203,us
,,14079093388,,,,orlando,fl,32808,us
info@xtremeavfl.com,,13058788050,,,,miami,fl,33166,us
u003esupport@yourtechfl.com,support@yourtechfl.com,12392282020,,,,bonitasprings,fl,34135,us
,,15612555788,,seth,diggs,bocaraton,fl,33431,us
sales@extreamsolutions.com,,13215219386,18635577611,,,kissimmee,fl,34747,us
customerservice@3csaudiovisual.com,,14704355575,,,,atlanta,ga,30339,us
info@myavx.com,,18558569289,,robert,lewis,cumming,ga,30040,us
info@avsolutionsatlanta.com,,16786481603,,paul,tordik,cumming,ga,30041,us
,,17705294084,14049027336,shawn,roberts,atlanta,ga,30346,us
experience@goavigroup.com,,17705251987,17707466613,shawn,roberts,atlanta,ga,30326,us
info@aaronshometech.com,,17704613477,17702207284,charles,vail,greensboro,ga,30642,us
sales@acousticinnovations.biz,,16786485235,,,,alpharetta,ga,30004,us
brian@advancedinstallation.com,,17322459900,,scott,mays,alpharetta,ga,30004,us
,,14044900017,,,,doraville,ga,30360,us
concierge@atlantahometheater.com,%20concierge@atlantahometheater.com,17706425557,,david,martinez,roswell,ga,30075,us
info@atlantasmartsystems.com,,14709676245,,,,atlanta,ga,30309,us
info@augustalowvoltage.com,,17068360258,,,,grovetown,ga,30813,us
,,16782637999,,,,alpharetta,ga,30009,us
,,14048357342,,atlanta,falcons,roswell,ga,30076,us
info@callawayhometheater.com,,17705699897,,,,alpharetta,ga,30004,us
%20info@callawaysecurity.com,info@callawaysecurity.com,17703959692,,robert,simpson,alpharetta,ga,30004,us
sales@envisionmediaav.com,,14703092671,,,,atlanta,ga,30309,us
sales@evolutionht.com,,14048691880,,,,atlanta,ga,30305,us
info@inexsystemsdesigns.com,,14049666979,,bruce,solis,atlanta,ga,30313,us
,,17704554578,,,,chamblee,ga,30341,us
info@linkyourhouse.com,,17702090086,18666565465,nick,mcculloch,suwanee,ga,30024,us
info@macelec.com,,17062107050,17062107053,,,evans,ga,30809,us
info@modusav.com,,14044713779,16784819051,,,atlanta,ga,30341,us
sales@phoenixsystems.tv,,16785662640,18436285077,chian,nicholson,alpharetta,ga,30005,us
,,17069573618,,,,lagrange,ga,30241,us
,,17069573618,,,,atlanta,ga,30305,us
,,14042369808,,,,atlanta,ga,30310,us
drbeats@aol.com,,19128567433,,larry,pawlowski,savannah,ga,31406,us
,,19122090094,18774224238,,,richmondhill,ga,31324,us
info@tributetechinc.com,,17703096150,18773288393,,,dacula,ga,30019,us
andy@hiavls.com,,18087269606,,,,kailua,hi,96734,us
,,15159852018,15153096474,,,ankeny,ia,50021,us
,,15152765040,18002873279,,,urbandale,ia,50322,us
,,15152882216,,,,westdesmoines,ia,50265,us
info@midwesttechia.com,,18775778324,,,,madrid,ia,50156,us
contact@technologybydesign.com,,15153317999,15157278030,,,urbandale,ia,50323,us
,,12087268968,,,,ketchum,id,83340,us
,,12083762100,15094841516,,,boise,id,83704,us
frontdesk@audioi.org,,12087883400,,,,hailey,id,83333,us
chris@cadenceav.com,,12087200040,,,,boise,id,83704,us
office@clearwateraudiovideo.com,,12087892332,,,,boise,id,83704,us
info@homemedia.net,,12087250075,,,,ketchum,id,83340,us
,,12085730642,12086292455,,,meridian,id,83642,us
,,12083917585,,,,meridian,id,83646,us
info@iessunvalley.com,,12087888115,12087888116,champ,church,hailey,id,83333,us
info@boisesmarthomes.com,,12087818301,14432759890,chad,shapiro,gardencity,id,83714,us
info@esprosystems.com,admin@esprosystems.com,12089396083,12089171133,,,boise,id,83703,us
,,12085200469,12085418812,,,rigby,id,83442,us
support@mediacontrolled.com,,12082152900,12087952050,mark,ackerman,hayden,id,83835,us
matt@soundwaveinc.com,,12087260987,,,,ketchum,id,83340,us
info@techdriven.com,,12082440507,,,,eagle,id,83616,us
info@boiseaudiodoctor.com,,12083913930,,david,martin,meridian,id,83642,us
care@thestereoshoppe.com,,12083780000,,,,boise,id,83709,us
info@avintegrationgroup.com,,18477803464,,,,highlandpark,il,60035,us
,,18479779124,,,,deerfield,il,60015,us
info@aavinc.com,,16303058662,,,,naperville,il,60563,us
info@brightaam.com,,12247259474,,nicholas,thomas,palatine,il,60074,us
info@chicagoav.net,,18009244628,,john,bransky,wauconda,il,60084,us
,,17734130088,,,,chicago,il,60626,us
info@completehometechnology.com,,16302428362,,,,aurora,il,60502,us
info@corsigaav.com,,16302977679,,,,woodridge,il,60517,us
info@countylineav.com,,16309746990,,,,clarendonhills,il,60514,us
info@davidsonhometech.com,,17088789049,17087668269,,,alsip,il,60803,us
,,13124237938,,,,chicago,il,60630,us
nick@estylehomesystems.com,admin@estylehomesystems.com,16307428923,,,,oakbrook,il,60523,us
sales@ecoautomateddesigns.com,contact@ecoautomateddesigns.com,18474754442,,,,mundelein,il,60060,us
margaret@eocaudio.com,info@eocaudio.com,16303866266,,,,lisle,il,60532,us
info@eocsecure.com,,16306909150,,,,lisle,il,60532,us
info@etronicsonline.net,,12242236200,,,,buffalogrove,il,60089,us
hsi@homesystems4u.com,,18479981970,,,,glenview,il,60026,us
,,17737611500,18472518000,,,chicago,il,60626,us
scott@4htc.com,,13092666640,13092495050,,,morton,il,61550,us
,,18473054560,,,,arlingtonheights,il,60005,us
,,18478634414,15128084015,brent,metz,buffalogrove,il,60089,us
,,17732788866,,,,chicago,il,60618,us
info@hunterhomeautomation.com,,18476393446,,,,palatine,il,60074,us
liaison@liaisontechgroup.com,,12175200758,18882791235,steve,weber,decatur,il,62523,us
,,16306070054,,,,oakbrookterrace,il,60181,us
sales@myguysknowhow.com,,18157149489,,bryan,talkie,naperville,il,60564,us
,,16304440011,,,,stcharles,il,60174,us
,,18474199990,,,,skokie,il,60076,us
help@pistonhome.com,,13312380279,,sameer,kelkar,chicago,il,60661,us
info@premieresystems.com,,13122740220,12395300220,ken,johnson,chicago,il,60618,us
kris@remote-av.com,slav@remote-av.com,18152541660,18152541666,kris,gutrich,plainfield,il,60585,us
info@sapienthome.co,,13122431977,,,,chicago,il,60612,us
,,16307169228,,,,naperville,il,60564,us
info@soundandvision.net,support@soundandvision.net,16302424600,,,,burrridge,il,60527,us
jsinger@soundliving.com,,18479267034,,,,barrington,il,60010,us
leor@soundspecialists.com,info@soundspecialists.com,17732781650,,scott,himmel,chicago,il,60642,us
,,13317011200,,,,montgomery,il,60538,us
admin@techpoint1.com,,16305513500,,,,plainfield,il,60585,us
,,18472966767,,,,elkgrovevillage,il,60007,us
,,17733394701,,,,prospectheights,il,60070,us
sales@wiredonbanklane.com,,18472349150,,,,lakeforest,il,60045,us
audioreference@aol.com,,13172554434,,,,indianapolis,in,46220,us
%20contactus@castlewallsecurity.com,contactus@castlewallsecurity.com,18007380258,13172181007,,,carmel,in,46032,us
,,13174746456,13174414321,,,greenwood,in,46143,us
,,12198634697,,,,demotte,in,46310,us
derek@dssindy.com,ray@dssindy.com,13178480101,,caryn,osullivan,fishers,in,46038,us
hawkeye@hawkeyesecurity.us,,18122843200,15022767874,matt,drexler,jeff,in,47130,us
service@intelligentlivingindy.com,,18883900502,13179420502,dan,killinger,zionsville,in,46077,us
sales@millenniumsounds.com,,13178459484,12604360003,,,westfield,in,46074,us
sales@prosecurityandautomation.com,,13179001021,,ryan,geltz,indianapolis,in,46250,us
sales@redfli.com,service@redfli.com,12602226000,18778073335,nick,berry,fortwayne,in,46815,us
jrushing@triphase-tech.com,service@triphase-tech.com,13178450236,13176698429,eli,lilly,zionsville,in,46077,us
,,13179671218,13176601360,,,indianapolis,in,46218,us
web@ascendav.net,info@ascendav.net,19139722317,19132196915,,,olathe,ks,66062,us
,,19139486000,,,,overlandpark,ks,66212,us
sales@homediasolutions.com,,19137082284,,,,shawnee,ks,66218,us
web@kinkadehome.com,,19133959107,19132196915,,,overlandpark,ks,66214,us
maximize@mmwichita.com,,13162471558,,,,wichita,ks,67230,us
info@modernpac.com,,19134898484,,brian,lunbeck,lenexa,ks,66215,us
info@teagueictrl.com,,19135297381,19135297831,,,lenexa,ks,66215,us
contact@automatedlifestyles.com,,15023762061,18009442712,,,louisville,ky,40223,us
info@barneymillers.com,support@barneymillers.com,18592522216,18593092195,grandpa,barney,lexington,ky,40507,us
info@bghe.com,,18592533454,,,,lexington,ky,40505,us
info@centuryliving.com,,15022536922,16297023150,,,louisville,ky,40207,us
,,18593799530,,,,lexington,ky,40514,us
,,15139380004,,,,erlanger,ky,41018,us
info@jadeav.net,,18593214510,,,,lexington,ky,40508,us
office@laswellco.com,,15022316326,15023734538,,,louisville,ky,40219,us
info@perfect-install.com,,15026101234,,,,louisville,ky,40223,us
,,12709284500,12074439121,,,grandrivers,ky,42045,us
josh@rockstarhs.com,,18599830836,,,,lexington,ky,40505,us
brock@tdohe.com,,18593351644,,brock,bailey,lexington,ky,40503,us
info@avssla.com,,12254397920,,,,batonrouge,la,70816,us
info@brunoav.com,,15044309182,15049486145,,,neworleans,la,70122,us
,,12257675030,12257674090,,,batonrouge,la,70810,us
cody@connectedsolutionsla.com,,13374122703,,cody,taylor,youngsville,la,70592,us
,,12259382228,,jeremy,rasti,batonrouge,la,70817,us
projects@dynamicaudiovideo.com,accounting@dynamicaudiovideo.com,15042368742,15043043434,jamie,gannon,neworleans,la,70123,us
experienceav@yahoo.com,,12259331939,,,,batonrouge,la,70809,us
,,13183495265,,,,bossiercity,la,71112,us
,,15049824309,,,,neworleans,la,70119,us
info@impactavbr.com,,12254126635,12252761141,derek,gilliam,batonrouge,la,70816,us
,,15048357677,,,,metairie,la,70003,us
info@the-installation-experts.com,,19856413757,,,,slidell,la,70458,us
info@geauxventure.com,,12255057849,12256122943,,,batonrouge,la,70810,us
frank@ablecontrol.com,john@ablecontrol.com,17818822253,17813840113,frank,odell,needham,ma,02494,us
,,15088962132,,,,orleans,ma,02653,us
jeames@comcast.net,,15083647648,,jonathan,eames,barnstable,ma,02630,us
info@aztecsound.com,,16177598832,16177598823,rob,pride,wilmington,ma,01887,us
chris@cmcsystems.net,,16173224485,,chris,chaloff,needham,ma,02492,us
,,18883685049,,awele,nwaeze,holliston,ma,01746,us
,,15082807285,,,,nantucket,ma,02554,us
info@extremeaudiocapecod.com,,15087788963,,,,barnstable,ma,02601,us
hello@heritagesmart.com,,15085706746,,rob,garvey,norfolk,ma,02056,us
,,15082433759,15082698895,sean,dailey,bridgewater,ma,02324,us
,,19786534018,12036870702,,,hamilton,ma,01982,us
solutions@jobesystems.com,,18779063560,,jason,jobe,nantucket,ma,02554,us
hello@levelupyourhome.com,,18009792791,14078508758,jennifer,mallett,northborough,ma,01532,us
,,15086848636,15086848639,,,tisbury,ma,02568,us
info@mcmahonmedia.com,,15086513754,,,,natick,ma,01760,us
info@mulhollandaudiovideo.com,,15083366464,,frank,mattos,seekonk,ma,02771,us
,,15083641919,,,,yarmouth,ma,02675,us
,,17819243018,16178759606,,,hanover,ma,02339,us
aiello@runsol.com,dthompson@runsol.com,17819255334,,gianluca,aiello,hanover,ma,02339,us
,,15088880988,,,,sandwich,ma,02563,us
support@simplehome.net,,16179654600,17818908700,brad,smith,westwood,ma,02090,us
michael@soundwavescorp.com,,15088021014,,,,bourne,ma,02532,us
smart@tsp.space,,16172673030,15010640391,michael,oh,boston,ma,02118,us
rick@todayssmarthome.com,,19785800195,,,,northandover,ma,01845,us
thomas@vineyardhome.com,,15083887857,,,,falmouth,ma,02540,us
,,13014950964,,,,rockville,md,20852,us
info@american-automation.com,support@american-automation.com,13013522400,18003946454,,,bowie,md,20715,us
sale@atlcontrol.com,sales@atlcontrol.com,14102663588,,,,annapolis,md,21401,us
info@bestintegratedsystems.com,,18884456445,,,,elkridge,md,21075,us
matt@chasesystems.com,andrea@chasesystems.com,13019797179,,,,rockville,md,20852,us
,,18002054909,13013170001,,,annapolisjunction,md,20701,us
connect@district-av.com,,12404659636,,chirag,patel,bethesda,md,20814,us
info@eheservices.com,,14108092422,,,,foresthill,md,21050,us
,,14433644976,15716014040,,,annapolisjunction,md,20701,us
,,14108207760,,,,easton,md,21601,us
info@huntaudiovideo.com,,13017334962,,,,hagerstown,md,21742,us
,,14436290817,,,,kingsville,md,21087,us
,,12022409117,18885031768,,,gaithersburg,md,20879,us
sales@pha.systems,,14109569676,18004321429,,,annapolis,md,21401,us
info@shorehomesolutions.com,,14108782448,13013990004,,,easton,md,21601,us
,,16103426156,18472966767,,,conshohocken,md,19428,us
,,13013407200,,eddie,shapiro,columbia,md,21045,us
info@uesav.com,,13012198561,13018828948,chris,hubbard,fortwashington,md,20744,us
jasonj@outlook.com,info@myprojectiot.com,18777351231,,,,belair,md,21014,us
rthurston@atlanticav.com,ngthurston@atlanticav.com,12073731147,12072068880,ryan,thurston,brunswick,me,04011,us
,,12075365888,16034334393,awele,nwaeze,portland,me,04102,us
,,12077200702,,zeb,beal,wiscasset,me,04578,us
jeff@ktronicsmaine.com,rebecca@ktronicsmaine.com,12076963200,,,,madison,me,04950,us
info@tuckerandtucker.com,,12078850059,,stephen,tucker,scarborough,me,04074,us
info@getalmashifi.com,sales@getalmashifi.com,12485498090,12485498030,,,royaloak,mi,48073,us
customersupport@ambiencehometech.com,,16166446250,,,,douglas,mi,49406,us
,,12313476759,18773476759,,,harborsprings,mi,49740,us
ams_inc@comcast.net,,17346626295,,,,annarbor,mi,48103,us
info@avigroup.biz,,16169421000,,phil,littell,grandrapids,mi,49525,us
,,12693246072,,awele,nwaeze,kalamazoo,mi,49009,us
office@eisenav.com,,16165661143,,,,grandhaven,mi,49417,us
,,12483797313,15869915251,,,shelbytownship,mi,48315,us
,,12486429777,,,,bloomfieldhills,mi,48302,us
drockwell@grandhome.com,bsimcox@grandhome.com,16168962010,16168962003,dean,rockwell,hudsonville,mi,49426,us
doug@harberthomesystems.com,,18774478958,,,,williamston,mi,48895,us
info@istmi.com,,18887747627,18052422450,pete,buzby,jackson,mi,49202,us
service@intellitech-systems.com,info@intellitech-systems.com,15862193737,,,,troy,mi,48083,us
,,12693504471,,,,portage,mi,49002,us
info@paragonsns.com,,17346623595,,,,annarbor,mi,48103,us
info@paulsonsav.com,,12485534100,,,,farmingtonhills,mi,48331,us
,,19892740407,,charles,krause,saginaw,mi,48603,us
,,12484405996,,,,southfield,mi,48076,us
info@spireintegrated.com,support@spireintegrated.com,12485440072,12319446229,,,troy,mi,48084,us
mark@syntronicav.com,matt@syntronicav.com,18108750653,,,,rochester,mi,48309,us
info@themoderntheater.org,,12484830777,,,,birmingham,mi,48009,us
office@thesoundvision.com,,12488048011,,jonathon,anderson,franklin,mi,48025,us
hello@admitonesystems.com,,19522406262,,,,edina,mn,55439,us
allseasonwindows@msn.com,info@advancedhome.biz,16517313900,16123330654,,,eagan,mn,55121,us
,,15079902805,16124569105,,,rochester,mn,55906,us
info@hsintegration.com,,18552850324,17635459900,,,goldenvalley,mn,55426,us
,,19524059699,,,,burnsville,mn,55337,us
,,17637815945,,,,minneapolis,mn,55421,us
careers@golelch.com,hello@golelch.com,16123535087,16122380524,,,minnetonka,mn,55345,us
hannah@revolutionsystemsinc.com,dustin@revolutionsystemsinc.com,16512538953,,,,mendotaheights,mn,55120,us
info@slhsystems.com,,19522245450,,,,mendotaheights,mn,55120,us
info@yourwestco.com,,19526817652,,,,stlouispark,mn,55426,us
info@westernsystemsllc.com,,17636822899,17636829242,,,medina,mn,55340,us
,,17632107500,16519000732,austin,figgins,minneapolis,mn,55447,us
,,16365370404,18888998776,leon,shaw,chesterfield,mo,63005,us
fjmoreno@att.net,information@audioinnovationsinc.com,18164200400,18164200040,,,kansascity,mo,64155,us
,,13148337900,,,,stlouis,mo,63123,us
,,13143958888,,kevin,boone,brentwood,mo,63144,us
stlsales@hd-mediasystems.com,sales@hd-mediasystems.com,15738031460,15738031461,,,capegirardeau,mo,63701,us
,,16364778444,16364668630,,,stcharles,mo,63304,us
,,13142761707,,,,stlouis,mo,63117,us
,,16366779855,13145406474,,,chesterfield,mo,63017,us
info@thevhsgroup.com,,13143018905,13142799527,,,webstergroves,mo,63119,us
jason@beckscustomav.com,info@beckscustomav.com,16624016864,,jason,beck,tupelo,ms,38804,us
office@innovativesolutionsms.com,,16017077350,,,,ridgeland,ms,39157,us
info@mssmarthomes.com,,16017491843,,jake,manning,ridgeland,ms,39157,us
%20collin@altaservices.net,collin@altaservices.net,14063750092,,,,victor,mt,59875,us
,,14065516212,,,,bozeman,mt,59718,us
jerry@auradynamics.com,,14067555762,,,,kalispell,mt,59901,us
sales@automatedlivingmt.com,,14066378788,,,,missoula,mt,59808,us
av@heavenspeakmt.com,,14062989224,,lehi,steward,kalispell,mt,59901,us
kchvilicek@highmtn.net,office@highmtn.net,14065812177,14065791247,,,bozeman,mt,59718,us
,,14066077744,,,,kalispell,mt,59901,us
,,14063331970,,,,corvallis,mt,59828,us
info@platinumtechservices.net,,14065776061,,,,belgrade,mt,59714,us
info@realaudioconcepts.com,,14062089890,14432759890,chad,shapiro,shepherd,mt,59079,us
support@savinc.net,,14065865593,14065998823,cory,reistad,bozeman,mt,59715,us
mike@simpletechmt.com,,14069095610,,,,columbiafalls,mt,59912,us
smartcare@shs-mt.com,info@shs-mt.com,14063880676,14066167519,,,bozeman,mt,59718,us
info@soundseasy.us,,14062618871,,tim,koenig,kalispell,mt,59901,us
info@365proav.com,,17045005577,,,,charlotte,nc,28202,us
,,13368939532,,,,kernersville,nc,27284,us
info@aveintegration.com,,13365432930,,,,kernersville,nc,27284,us
,,13362996695,13362996692,,,greensboro,nc,27406,us
support@audioadvice.com,,19198812005,18888998776,leon,shaw,raleigh,nc,27617,us
patrick@audioaffects.org,trick@audioaffects.org,19192951170,19194380343,,,raleigh,nc,27615,us
,,13367229955,13363919687,,,winstonsalem,nc,27106,us
info@automatedavnc.com,,19806990486,,,,huntersville,nc,28078,us
hans@brightaudiovideo.com,,17048258989,17048072541,,,pineville,nc,28134,us
sales@cablenc.com,,19193079065,,,,wendell,nc,27591,us
cmcclamrock@caliberav.com,jedgison@caliberav.com,17047062513,17047067499,,,concord,nc,28027,us
,,13369965151,13369967841,danny,caudill,kernersville,nc,27284,us
manager@clarityssd.com,info@clarityssd.com,17043021041,,mathew,winder,charlotte,nc,28205,us
chris.hudson@connectedhomenc.com,mike.marino@connectedhomenc.com,19103170876,19105501013,,,leland,nc,28451,us
contactus@connextec.com,,17045649581,,luis,cardona,charlotte,nc,28273,us
,,17046153695,,,,charlotte,nc,28211,us
info@easylivingtechnologies.com,,17049603063,,,,kannapolis,nc,28081,us
info@foothillsalarm.com,,18283513902,,fred,nixon,millspring,nc,28756,us
sales@harmonyinteriors.com,support@harmonyinteriors.com,18282509800,,tommy,calloway,asheville,nc,28805,us
info@hi-techsystems.com,,18282526001,,,,asheville,nc,28806,us
,,17044504401,17042510986,,,charlotte,nc,28206,us
,,17049190392,,esbith,andaya,charlotte,nc,28208,us
sales@immersivehometech.com,,17046590920,,,,sherrillsford,nc,28673,us
designs@integratedarchitech.com,,18645803636,18285562040,john,youmans,cashiers,nc,28717,us
operations@interactiveinteriors-av.com,,17043084848,,,,denver,nc,28037,us
info@justpushplay.us,,19196050352,,,,garner,nc,27529,us
info@mhstechnologies.com,,18287330141,18282644348,,,newland,nc,28657,us
,,19198788747,19195593777,,,raleigh,nc,27604,us
info@optimaltek.net,,18284352815,,pete,meyer,fletcher,nc,28732,us
,,17042455576,,,,mooresville,nc,28115,us
,,17044499448,16097560426,,,cornelius,nc,28031,us
,,19193554288,,,,raleigh,nc,27612,us
,,19193871800,,ed,carey,apex,nc,27502,us
ryan@sandhillshometheater.com,,19106343343,,,,westend,nc,27376,us
,,19196732564,,,,wakeforest,nc,27587,us
robert@soundadvice.com,,17043011170,,,,charlotte,nc,28203,us
info@sounddecisions.biz,,19103921066,17046962792,,,wilmington,nc,28405,us
info@svavnc.com,,17046962792,,,,mooresville,nc,28117,us
,,19106659334,,,,wilmington,nc,28405,us
,,18282023321,18282912171,,,hickory,nc,28601,us
hello@wilmingtonavl.com,,19109452905,,,,wilmington,nc,28405,us
sales@wiredsouth.com,,13362522540,,lee,hancock,raleigh,nc,27603,us
blastme@nuviewhometheaters.com,,19102950535,19102950536,,,pinehurst,nc,28374,us
jamie@smarthomefargo.com,,17015260979,,,,westfargo,nd,58078,us
info@aiomaha.net,,14028305055,,,,omaha,ne,68134,us
hello@denizenhome.com,,14023344900,18334024936,,,gretna,ne,68028,us
sales@sellhorst.com,,14025049527,18442163973,rich,sellhorst,omaha,ne,68022,us
info@smarthousepro.io,,14028804567,,,,omaha,ne,68116,us
,,16034253900,,,,londonderry,nh,03053,us
,,16033877691,,,,gilford,nh,03249,us
support@iaudiosolutions.com,info@iaudiosolutions.com,16035539822,,london,loukx,newmarket,nh,03857,us
info@securelysound.com,,16038820067,16034841242,,,hooksett,nh,03106,us
,,16033565095,,,,gilford,nh,03249,us
,,16036895768,,erik,burke,salem,nh,03079,us
info@abnhav.com,,17322761361,,,,princeton,nj,08540,us
info@advanced-automations.com,,19737509900,,,,kinnelon,nj,07405,us
,,17324950423,,,,bricktownship,nj,08724,us
david@audiovideosynergy.com,,19088945222,,david,shulz,clinton,nj,08809,us
info@bermanhomesystems.com,,19732398870,,rob,berman,verona,nj,07044,us
tom@bravoav.com,admin@bravoav.com,19089530555,,tom,curnin,bernardsville,nj,07924,us
info@cineacoustic.com,,19734494861,,,,morrisplains,nj,07950,us
info@customavnj.com,support@customavnj.com,18563434700,,justin,kaplan,mullicahill,nj,08062,us
info@cyberhomessystems.com,,17326059701,17326059702,,,englishtown,nj,07726,us
info@elitehometech.com,,17328220323,,,,tomsriver,nj,08753,us
sales@elitesmarthome.com,info@elitesmarthome.com,18563159147,,,,westberlin,nj,08091,us
store@epicsystems.tech,sales@epicsystems.tech,19732981000,,,,mtolive,nj,07828,us
info@fortechelectric.com,,17323678324,,,,lakewood,nj,08701,us
support@gmiautomation.com,,19735774350,,,,oldbridge,nj,08857,us
info@hidefnj.com,,17325305511,17325801508,,,walltownship,nj,07719,us
info@hometheatergroup.com,,17324248680,,,,greenbrooktownship,nj,08812,us
info@homecinema4u.com,,16318309033,,,,monroetownship,nj,08831,us
gabriel@jdavdesign.com,service@jdavdesign.com,12014617475,12014618063,gabriel,karlis,fortlee,nj,07024,us
,,12019617001,,,,saddleriver,nj,07458,us
,,19086300040,,,,morristown,nj,07960,us
,,19084431154,,,,trenton,nj,08619,us
ryan@onesoundchoice.com,info@onesoundchoice.com,19739455275,19733160678,ryan,herd,pequannocktownship,nj,07444,us
info@pac-nj.com,,19734671950,,ralph,tarnofsky,millburn,nj,07041,us
info@profoundav.com,,16093881403,18778041777,,,cherryhilltownship,nj,08003,us
sale@shoresmarthome.pro,info@shoresmarthome.pro,16096451300,,neil,wiessler,northfield,nj,08225,us
,,12013832885,,,,nutley,nj,07110,us
sales@smartavinstall.com,,19738129584,19732225656,nick,dev,morristown,nj,07960,us
,,12124010045,,,,morristown,nj,07960,us
,,12014455006,,,,waldwick,nj,07463,us
info@starksystemdesign.com,,18563967436,,,,moorestown,nj,08057,us
,,17328428700,,,,oceantownship,nj,07712,us
,,12018881048,15555555555,,,paramus,nj,07652,us
,,17326305064,,,,watchung,nj,07069,us
info@e-home.com,,18002326651,,,,ridgefield,nj,07657,us
,,17329245900,,dan,tapolow,littlesilver,nj,07739,us
info@ynvision.design,,19732325281,19735441122,seweryn,rys,millburn,nj,07041,us
,,15058836136,,,,albuquerque,nm,87113,us
,,15058816375,,,,albuquerque,nm,87110,us
info@smartvoltav.com,support@smartvoltav.com,15059036911,15059775585,,,albuquerque,nm,87107,us
,,17026487474,17027967474,chief,officer,lasvegas,nv,89139,us
contact@arcticelectricians.com,,17755889232,,chuck,corby,stateline,nv,89449,us
installers@channelsav.com,,17758001866,,,,reno,nv,89511,us
info@emintegrators.com,,17023303030,,,,lasvegas,nv,89102,us
contact@elevatedhomesystems.com,,17754950248,,chris,mozzone,stateline,nv,89449,us
info@holmelectric.com,info-vegas@holmelectric.com,17758313781,17028183781,,,ivgid,nv,89451,us
deanposer@hometroniclv.com,,17022471444,,,,lasvegas,nv,89108,us
admin@mylancelot.com,,17027796682,17029967585,,,lasvegas,nv,89120,us
sales@msilv.com,,17023960662,17023960646,,,lasvegas,nv,89149,us
info@nexushome.com,,18006180874,,,,ivgid,nv,89451,us
info@prosourceav.com,,17755250713,,jason,garlington,sparks,nv,89431,us
info@pegasuslv.com,,17027342787,,,,lasvegas,nv,89108,us
info@premierelv.com,,17028770222,,,,lasvegas,nv,89148,us
,,17026227309,17029974108,jeremy,degre,lasvegas,nv,89119,us
,,17755884348,,,,zephyrcove,nv,89448,us
info@sturdyhandslv.com,,17027793408,,,,lasvegas,nv,89131,us
,,17753550831,,,,sparks,nv,89431,us
,,17026004491,,,,northlasvegas,nv,89030,us
sales@wilkcomm.net,,17752100600,15555555555,symeon,wilkins,reno,nv,89511,us
daniel@3dsoundandsecurity.com,,16315241188,,daniel,croce,westislip,ny,11795,us
info@attywon.com,,15162802999,12123901005,,,greatneck,ny,11021,us
support@avsolution.us,sales@avsolution.us,19145023979,19144772041,,,eastchester,ny,10709,us
office@acousticvisions.com,,16318026100,,,,hamptonbays,ny,11946,us
john@advancedalarm.net,eric@advancedalarm.net,17166934597,17168853888,john,sperrazza,tonawanda,ny,14150,us
info@ahav.com,,13474709638,,,,springvalley,ny,10977,us
sales@audio1975.com,,15166277333,,,,manhasset,ny,11030,us
,,16315855600,,,,nesconset,ny,11767,us
bryan@audioobsessions.com,dan@audioobsessions.com,15184440470,15187086040,adam,smith,albany,ny,12205,us
sales@audiovideoinvasion.com,,15163452636,,,,plainview,ny,11803,us
info@audiovideolongisland.com,,15168522156,17182192925,,,roslyn,ny,11576,us
jaime@automatedideas.com,glenn@automatedideas.com,16312837444,16315488027,,,southampton,ny,11968,us
sales@brighthometheater.com,,16465857000,,,,newyork,ny,10018,us
,,17166679473,,,,orchardpark,ny,14127,us
,,16317694141,,,,quogue,ny,11959,us
,,16312832133,12127865755,,,westhamptonbeach,ny,11978,us
info@cfxusa.com,,12123984542,13054205450,,,newyork,ny,10017,us
dave@dhometech.com,,16316537077,16317865077,,,quogue,ny,11959,us
,,12125401199,,shota,kimeridze,newyork,ny,10016,us
sales@digitalhabitatstore.com,,15163732282,14754776306,,,syosset,ny,11791,us
,,12126205261,17187689340,gerry,parker,newyork,ny,10010,us
,,12129971110,16314884747,awele,nwaeze,newyork,ny,10018,us
patrick@elevated-av.com,,16319962349,,,,eastquogue,ny,11942,us
info@enhanced-home.com,,19145604100,,alpesh,patel,portchester,ny,10573,us
,,19142428881,,,,mtkisco,ny,10549,us
,,12122010847,18443244464,,,brooklyn,ny,11231,us
support@extremeavs.com,,16315199002,16314565007,,,smithtown,ny,11787,us
eugene@fiksconsultants.com,info@fiksconsultants.com,19177944994,,,,newyork,ny,10018,us
,,16315893000,,al,jackson,patchogue,ny,11772,us
%20%20info@hdhtech.com,info@hdhtech.com,18884494233,,,,newyork,ny,10018,us
sales@hteny.com,,16317713199,19173970624,alex,karoussos,southampton,ny,11968,us
,,19048446902,,,,troy,ny,12180,us
,,15184821864,,,,albany,ny,12203,us
mark@hometheateradvisors.com,info@hometheateradvisors.com,16464501060,,mark,feinberg,newyork,ny,10128,us
info@hometecny.com,,15184758119,,,,colonie,ny,12205,us
,,15852714640,,adam,goldfeder,rochester,ny,14607,us
info@hvhomemedia.com,,18456130640,19088945222,,,nyack,ny,10960,us
info@iccautomation.com,,16315632000,12122883037,,,ronkonkoma,ny,11779,us
,,16466411065,,robert,kelman,newyork,ny,10009,us
info@innovative.nyc,,12126344444,12123444444,,,newyork,ny,10155,us
info@innovativetechnologiesny.com,,16316532055,12000278934,david,girgenti,eastquogue,ny,11942,us
,,15169316800,15169311020,roy,mussaffi,syosset,ny,11791,us
,,17185139735,,,,littleneck,ny,11362,us
,,16314944550,,,,rockypoint,ny,11778,us
info@kraushi-tech.com,,12127538000,18008881212,,,longislandcity,ny,11106,us
hello@lisoundandcinema.com,,15166269090,,,,plainview,ny,11803,us
,,18884494233,,,,newyork,ny,10018,us
,,12123470077,12123472211,,,newyork,ny,10010,us
,,18334589328,,,,newyork,ny,10018,us
,,19295663424,16466930998,,,newyork,ny,10018,us
requests@nyctvmounted.com,,13478749843,,michael,kane,newyork,ny,10036,us
william@nexavt.com,,16468590306,16465030246,,,newyork,ny,10018,us
gary@nfav.com,,16312984545,17722902999,,,mattituck,ny,11952,us
info@northshoresounds.com,,17182240044,,,,littleneck,ny,11362,us
info@osbee.com,,19147776611,15613637130,dave,raines,harrison,ny,10528,us
,,18453757701,19413227070,,,eastchester,ny,10709,us
damondg@premieravdesigns.com,,19145095360,,,,northwhiteplains,ny,10603,us
,,12125184002,16315525165,rex,aguirre,bayport,ny,11705,us
info@resolutionavnyc.com,,17187888362,,adam,wexler,brooklyn,ny,11205,us
info@sageav.com,support@sageav.com,12122131523,,,,newyork,ny,10016,us
info@shorelineconnected.com,,16312684553,,dylan,huber,westhamptonbeach,ny,11978,us
consultation@simplesmart.tech,,18455583558,,john,nuzzolo,piermont,ny,10968,us
support@smarthomeworx.com,,12125376179,18669603109,,,newyork,ny,10018,us
tdaltro@smarthouse-ny.com,smarthouse@smarthouse-ny.com,17188100548,13473496164,,,astoria,ny,11106,us
info@smartspacesgroup.com,,16469929525,,,,canalstreet,ny,10013,us
info@smarterhomesolutionsny.com,,16315843536,19088945222,art,dirla,brentwood,ny,11717,us
rob@soundsightonline.com,chris@soundsightonline.com,12127600892,12127600695,,,newyork,ny,10001,us
anthony@surveilcoli.com,,18884501008,,,,nesconset,ny,11767,us
,,16316045070,16313535257,,,easthampton,ny,11937,us
,,15168827465,,,,gardencity,ny,11530,us
info@techprohomeautomation.com,,15168455678,,,,plainview,ny,11803,us
designteam@ultisound.com,,17187292111,12000283050,jack,borenstein,woodside,ny,11377,us
general@welcomehomeliving.com,,15853834333,12000276068,,,pittsford,ny,14534,us
getwav@westchesterav.com,,19149210099,,,,whiteplains,ny,10604,us
,,19142667268,19802727839,,,yonkers,ny,10704,us
info@einteractiveinc.com,,18554179783,,,,newyork,ny,10002,us
,,16315638000,,brian,mcauliff,bohemia,ny,11716,us
,,16144024585,,,,dublin,oh,43016,us
,,12164317300,,,,middleburgheights,oh,44130,us
,,15134523187,,,,cincinnati,oh,45233,us
,,12162329424,,,,cleveland,oh,44103,us
service@connectyou.tech,,16147052555,,,,gahanna,oh,43230,us
sales@dhdpros.com,support@dhdpros.com,16144532003,,,,columbus,oh,43235,us
,,12164406179,,,,northridgeville,oh,44039,us
,,16149390802,16149390805,john,senters,gahanna,oh,43230,us
employment@hansonav.com,,15135630444,19372936200,,,cincinnati,oh,45242,us
info@homeconnectnow.com,,16142199187,16143897060,,,dublin,oh,43017,us
info@hesohio.com,,13307349394,,,,wadsworth,oh,44281,us
info@htstoledo.com,,14197206979,,,,holland,oh,43528,us
,,19374355550,,,,miamisburg,oh,45342,us
addressemailadmin@ipstechnow.com,admin@ipstechnow.com,16144681680,16143988436,dominic,sisi,columbus,oh,43229,us
,,14407082424,14404874444,,,chagrinfalls,oh,44022,us
,,15134696522,15134696505,,,cincinnati,oh,45226,us
info@mediaobsessions.com,,13302944646,,jamie,schmid,cuyahogafalls,oh,44221,us
info@mtlookouttv.com,,15133212830,,,,cincinnati,oh,45208,us
,,14405331011,,,,bedfordheights,oh,44146,us
,,14409305117,12167897654,,,westlake,oh,44145,us
,,14409305117,12167897654,,,westlake,oh,44145,us
,,15138317728,,,,terracepark,oh,45174,us
,,15137594477,,tommy,brand,loveland,oh,45140,us
info@premiereht.com,,16143693920,,,,dublin,oh,43016,us
sales@pureavcorp.com,,13309079970,13307709575,,,akron,oh,44312,us
,,19379854364,,,,cincinnati,oh,45249,us
info@sheertec.com,,15138980511,,,,cincinnati,oh,45242,us
paul@smartsuinc.com,,13303188134,,,,youngstown,oh,44514,us
mike@soundadviceofcinti.com,glang@soundadviceofcinti.com,15139431234,15135201613,greg,lang,amelia,oh,45102,us
,,16145947475,16145598675,,,worthington,oh,43085,us
nlambert@thetheaterpeople.com,info@thetheaterpeople.com,16146046327,,,,columbus,oh,43213,us
bob@tsicolumbus.com,,16148888055,,,,columbus,oh,43229,us
tgalvin@uniquehomesystems.com,ngalvin@uniquehomesystems.com,15137910905,15132608391,tim,galvin,cincinnati,oh,45236,us
,,14407342322,14408276221,,,cleveland,oh,44126,us
webinquiries@xtendav.com,,14405267500,,,,broadviewheights,oh,44147,us
hayley@jpatrickav.com,,14404947633,,,,wickliffe,oh,44092,us
sales@acousticdesignsok.com,,14059235459,,,,oklahomacity,ok,73127,us
info@audioadvicetulsa.com,,19186641933,,,,tulsa,ok,74146,us
,,19188505994,,ron,straley,bixby,ok,74008,us
jamesh@communicateone.net,tylert@communicateone.net,14056981850,14059902652,bob,mills,oklahomacity,ok,73114,us
sales@customtechplus.com,,19182516303,,,,brokenarrow,ok,74012,us
info@ecsliving.com,,19182360273,,jason,evans,sandsprings,ok,74063,us
steve@greatchoiceav.com,david@greatchoiceav.com,14055096422,,,,edmond,ok,73034,us
infinitytulsa@yahoo.com,,19187048014,19185186785,,,bixby,ok,74008,us
,,19184949675,,,,tulsa,ok,74133,us
sales@kazaraudiovideo.com,,19182890283,,,,tulsa,ok,74120,us
info@newavetulsa.com,,19186055409,19189065409,,,tulsa,ok,74146,us
admin@phostulsa.com,info@phostulsa.com,19187470100,,,,tulsa,ok,74107,us
,,19186360391,19186260391,,,jenks,ok,74037,us
hello@smartspacesok.com,,14057521115,,,,oklahomacity,ok,73120,us
,,14058435090,14056082360,,,oklahomacity,ok,73116,us
info@avawakenings.com,,15039410150,,,,lakeoswego,or,97034,us
,,15412453100,,dennis,lane,centralpoint,or,97502,us
kyle@centraloregonav.com,service@centraloregonav.com,15414200295,,,,bend,or,97702,us
sales@chelseaaudiovideo.com,,15036413533,,,,portland,or,97223,us
spencer@eliteportland.com,,19716451851,,,,beaverton,or,97078,us
,,18889086649,,kory,roth,milwaukie,or,97222,us
contactme@fredsoundofmusic.com,,15032345341,,,,portland,or,97214,us
sales@hssbend.com,info@hssbend.com,15416107915,,austin,arruda,bend,or,97701,us
,,15034687067,,,,beaverton,or,97006,us
info@lupensystems.com,,13606546064,,,,portland,or,97217,us
info@myriadhes.com,,15037228180,,grove,hunt,westlinn,or,97068,us
hello@protechpdx.com,,15037474872,15037572818,,,beaverton,or,97008,us
,,19714843630,,,,oregoncity,or,97045,us
info@mysecuracore.com,,15412418114,,matt,schaberg,bend,or,97701,us
,,15412809391,,jerry,ellis,bend,or,97702,us
,,15413829062,,,,bend,or,97702,us
info@tailoredaudiovideo.com,,15416687493,,,,bend,or,97703,us
info@tekologyinc.com,,18558356564,,,,beaverton,or,97008,us
mark@affordableaudioandvideo.com,%20mark@affordableaudioandvideo.com,12154313024,,,,newtown,pa,18940,us
,,12156728805,,,,hatboro,pa,19040,us
john@alpineadvancements.com,,14129990230,,,,pittsburgh,pa,15237,us
sales@artisticvs.com,,16102820632,,brian,dierolf,coopersburg,pa,18036,us
info@ccspittsburgh.com,,17249963544,,,,sewickley,pa,15143,us
,,12672974482,,scott,lipner,philadelphia,pa,19122,us
,,14127167114,18445820444,,,pittsburgh,pa,15237,us
info@elitemediainstallations.com,,14129102376,,,,westview,pa,15229,us
info@futurecommunications.biz,,14128536953,,,,cecilbishop,pa,15321,us
info@genesistech.net,,17172829859,,,,mechanicsburg,pa,17055,us
sales@goosebumpshome.com,,17249413326,14129523511,randy,evans,canonsburg,pa,15317,us
david@grimwoodllc.com,,18773076034,,,,mechanicsburg,pa,17055,us
,,14125683730,,,,pittsburgh,pa,15234,us
,,16103638585,,joe,lusi,malvern,pa,19355,us
info@lexhometech.com,,14124478760,,,,pittsburgh,pa,15212,us
kfoltz@momentumsound.com,,17179822012,,,,harrisburg,pa,17112,us
info@northernaudio.com,,14129315850,14129397069,mark,mawhinney,pittsburgh,pa,15237,us
don@omniisinc.com,jeff@omniisinc.com,17177302666,17177302670,don,powell,lemoyne,pa,17043,us
info@phoenixav.com,,16109106251,16103409052,,,broomall,pa,19008,us
design@pghcustomht.com,,14123621273,,greg,calvimontes,pittsburgh,pa,15201,us
info@smarthomehifi.com,,12154123600,,,,hatfield,pa,19440,us
sales@dumpyourcable.com,,17249456154,17242924713,,,cokeburg,pa,15324,us
info@thewiremd.com,,15164455038,,,,york,pa,17403,us
,,17247723131,,,,cranberrytwp,pa,16066,us
,,17244505477,,,,carnotmoon,pa,15108,us
info@vuworld.net,,12155378800,,,,philadelphia,pa,19134,us
,,12153688343,18669617781,,,montgomeryville,pa,18936,us
continentalalarms@aol.com,,14012320120,,,,northprovidence,ri,02911,us
info@aqtechri.com,,14016551173,,,,portsmouth,ri,02871,us
,,14019324214,14016222250,,,narragansett,ri,02882,us
,,18434920313,13092669111,,,myrtlebeach,sc,29588,us
sales@accucomig.com,,18437694822,,,,charleston,sc,29407,us
,,18438365700,,,,bluffton,sc,29910,us
frank@ahtdesigns.com,,18433385084,,,,hiltonheadisland,sc,29928,us
info@avoutfitters.com,,18438429473,,,,bluffton,sc,29910,us
info@theaudiowarehouse.com,,18435710535,18432252604,,,charleston,sc,29407,us
,,18438155130,,sandy,benson,bluffton,sc,29910,us
,,18037489473,,,,columbia,sc,29201,us
,,18642817406,,,,greenville,sc,29615,us
web@coastalburglaralarm.com,bridget@coastalburglaralarm.com,18437444198,17774441987,,,northcharleston,sc,29405,us
,,18037104377,18037104337,joe,steinberger,blythewood,sc,29016,us
,,18645580745,,,,greenville,sc,29605,us
info@scaudio.com,,18033563030,,,,lexington,sc,29072,us
info@empireav.net,,18649791691,18643203576,chris,conwell,greer,sc,29651,us
,,18647357706,18648811675,,,greenville,sc,29608,us
,,18648811675,18642684731,,,greenville,sc,29608,us
info@myharrishome.com,,18643817144,,,,taylors,sc,29687,us
,,18039488327,18432819555,,,chapin,sc,29036,us
,,18438718531,,,,northcharleston,sc,29406,us
sales@ondutysc.com,,18644214988,,,,greer,sc,29651,us
palmettointegration1@outlook.com,,18033357363,,,,warrenville,sc,29851,us
customerservice@palmettosmarthome.com,,18438709939,,,,charleston,sc,29407,us
,,18438154292,,,,bluffton,sc,29910,us
,,18432131414,18435748100,,,myrtlebeach,sc,29577,us
james@progressiveintegrations.com,sales@progressiveintegrations.com,18435592958,,mike,riley,johnsisland,sc,29455,us
,,18034706360,,richard,robinson,columbia,sc,29204,us
,,18436088476,,derrick,easton,charleston,sc,29492,us
,,18433973733,,shaun,ellis,conway,sc,29527,us
%20info@techguide.net,%20support@techguide.net,18039511690,,,,lexington,sc,29072,us
erik@wiremonkeys.com,,18435531622,,erik,riggs,mtpleasant,sc,29464,us
connect@wireproav.com,,18436946936,18432126368,,,beaufort,sc,29906,us
info@athomeavtech.com,,18655841800,18655234470,mark,midyett,knoxville,tn,37919,us
info@audilux.co,,16159551531,,jon,king,nashville,tn,37209,us
info@avartistry.com,,19013732444,19013007924,,,memphis,tn,38117,us
brian@brianscustomtheaters.com,,16153560181,16154561671,,,nashville,tn,37205,us
hugh@cobbhomeinnovations.com,,16154390438,,,,woodbury,tn,37190,us
jonathan@dynamicavdesign.com,,18658096909,,,,knoxville,tn,37921,us
paula@eememphis.net,tim@eememphis.net,19013866557,19013866569,tim,bell,memphis,tn,38133,us
info@hissecurity.com,,18654749495,,,,farragut,tn,37934,us
,,16156799491,16155092238,chip,crabtree,nashville,tn,37211,us
jody@imsi.us,,16152282736,,jody,noes,nashville,tn,37222,us
accounts@integrityav.net,info@integrityav.net,18665763215,,,,franklin,tn,37067,us
jason@islandsightandsound.com,info@islandsightandsound.com,16153992200,,,,brentwood,tn,37027,us
,,16154540397,18553149704,larry,matson,franklin,tn,37067,us
,,16155728001,16155454144,,,portland,tn,37148,us
spencer@promountech.com,,19015028382,,,,bartlett,tn,38134,us
bill@1homeautomation.com,,19018542221,,,,collierville,tn,38017,us
gtillett@safensound.com,jama@safensound.com,18659330358,,geoff,tillett,corryton,tn,37721,us
,,18656930095,18656932875,,,knoxville,tn,37932,us
info@smartwiring247.com,,16152200340,,,,smyrna,tn,37167,us
hi@smarthomebydesign.com,hello@smarthomebydesign.com,19014229100,,,,collierville,tn,38017,us
,,16159337220,16158307813,,,nashville,tn,37210,us
,,16155194335,,eric,dyer,goodlettsville,tn,37072,us
,,18656046122,,,,powell,tn,37849,us
info@71concepts.com,,14693934757,,,,richardson,tx,75081,us
contact@getapexsmart.com,,12103010032,,jason,mckinzie,sanantonio,tx,78229,us
sales@atxsmarthomes.com,,15123943644,,,,austin,tx,78701,us
sales@avsecuritys.com,,12817604932,,led,you,sugarland,tx,77478,us
asoria@avschouston.com,,18324337766,,,,houston,tx,77040,us
sales@aceintegratedtech.com,support@aceintegratedtech.com,12142714899,12144315700,,,dallas,tx,75220,us
,,19725161849,14695654804,,,plano,tx,75075,us
info@alamosmarthome.com,,12106256575,,,,sanantonio,tx,78216,us
info@avguys.net,,12818942800,,,,houston,tx,77040,us
info@audiovideosolutions.org,sales@audiovideosolutions.org,12142933330,12142991765,,,dallas,tx,75230,us
,,19407355087,,,,flowermound,tx,75022,us
quinn@austinaudiovideosimplified.com,qcpleo@yahoo.com,15127670391,18282303941,,,austin,tx,78748,us
%20info@homeautomationaustin.com,info@homeautomationaustin.com,15125891747,15125153456,,,austin,tx,78757,us
info@automationdesignsinc.com,,15123961223,,,,sanmarcos,tx,78666,us
info@bennyshometechsolutions.com,,12817838806,,,,austin,tx,78731,us
,,18323194542,,,,tomball,tx,77377,us
,,19724885100,,bob,hillier,thecolony,tx,75056,us
sales@briteproav.com,,14697019050,,,,frisco,tx,75035,us
,,15613199005,14692035586,,,fortworth,tx,76102,us
sales@cgsmarthome.com,,12106091261,,,,sanantonio,tx,78216,us
ken@caldwellelectrical.com,info@caldwellelectrical.com,19155934966,15059332988,,,elpaso,tx,79935,us
info@centerstagetx.com,,12144989996,,,,frisco,tx,75033,us
admin@customavd.com,,19157608273,,,,elpaso,tx,79912,us
,,12545564259,12542354116,,,hewitt,tx,76643,us
info@ctstheater.com,,18328760235,,,,houston,tx,77063,us
,,17134664999,,randall,duncan,houston,tx,77064,us
info@defineav.com,,12812966600,,,,spring,tx,77380,us
contact.us@demandtechnow.com,,13105941473,,,,mansfield,tx,76063,us
info@digitalavenue.us,,15123871119,,,,austin,tx,78757,us
info@digitaldelight.com,,17132838100,,,,houston,tx,77036,us
jake@mydigitalhabitat.com,grivera@mydigitalhabitat.com,19729418600,12142266276,,,wylie,tx,75098,us
,,12146004144,,warren,packer,frisco,tx,75033,us
info@dominiontx.com,,12104049838,,,,sanantonio,tx,78249,us
,,13618525276,18003742527,,,corpuschristi,tx,78413,us
mail@etechintegration.com,,12103428821,12103663944,,,sanantonio,tx,78216,us
david@electronicinteriors.net,byron@electronicinteriors.net,19723808720,19726792734,,,dallas,tx,75207,us
,,19729986884,,,,anna,tx,75409,us
info@ellistonsystems.com,,12146349525,12146349526,steve,elliston,dallas,tx,75207,us
info@empireavservices.com,support@empireavservices.com,18326806961,18884353491,,,houston,tx,77027,us
,,19726850180,18326806961,,,farmersbranch,tx,75244,us
info@eyeonis.com,,17134608662,,sam,ibrahim,houston,tx,77040,us
,,12817207544,,,,katy,tx,77494,us
,,12143067155,12145194616,,,dallas,tx,75252,us
info@futuriansystems.com,info.northtexas@futuriansystems.com,18179120111,18665976616,,,southlake,tx,76092,us
bill.wagner@genesishts.com,,19452153910,19453378844,ebrahim,jabbari,lewisville,tx,75056,us
info@greenelectronicsolutions.com,,19724759396,,,,rowlett,tx,75088,us
info@gridhifi.com,,17132188120,18324792544,,,houston,tx,77081,us
clientservices@haasht.com,info@haasht.com,15128313667,15122704857,miguel,rivera,austin,tx,78702,us
info@homegadget.net,,17139756100,,,,houston,tx,77098,us
steve@satheater.com,tri@satheater.com,12103417020,12104908088,,,sanantonio,tx,78216,us
,,19729560000,,,,carrollton,tx,75007,us
info@thehomeva.com,,15122532283,,david,diaz,austin,tx,78757,us
hsbav@yahoo.com,,15129474776,,,,horseshoebay,tx,78657,us
info@houstoncustominstallers.com,,12816094001,,,,houston,tx,77056,us
contact@igshomeworks.com,,12814659101,,jon,kotwicki,magnolia,tx,77354,us
,,12144847772,12144841868,soren,hall,dallas,tx,75243,us
,,17136705733,,jonathan,lynch,houston,tx,77007,us
info@idealinstalls.com,,12143938909,,,,frisco,tx,75035,us
,,18307981244,18177788625,joey,proctor,marblefalls,tx,78654,us
,,17132543468,,jeremiah,allison,houston,tx,77092,us
gus@jandkelectronics.com,,12819994443,,,,spring,tx,77373,us
chris@jarvissmarthomes.com,info@jarvissmarthomes.com,17133668060,18778358060,,,friendswood,tx,77546,us
info@homemediapros.com,,18323696696,,,,tomball,tx,77375,us
info@kmrav.com,,12817809383,,,,katy,tx,77494,us
bruceasolis@koremmsolutions.com,,12142026551,,bruce,solis,dallas,tx,75243,us
,,17137229797,17138850618,,,houston,tx,77035,us
contact@onelighthouse.com,,18326056924,,brian,kraft,montgomery,tx,77316,us
,,18329309771,,,,houston,tx,77099,us
solutions@modmediasystems.com,info@modmediasystems.com,18323445284,,luis,gutierrez,houston,tx,77024,us
,,18309552018,,,,kerrville,tx,78028,us
quote@msinstallationsav.com,,14697737180,,,,frisco,tx,75034,us
,,15125790710,,,,austin,tx,78758,us
,,19566001210,,,,mcallen,tx,78501,us
info@mediasystems.com,,17134260900,,,,houston,tx,77024,us
info@metroplexsmarthomes.com,,13607464210,,christopher,ward,dallas,tx,75247,us
,,12102894432,,,,sanantonio,tx,78216,us
,,18328560205,,,,sugarland,tx,77479,us
info@modernmediaav.com,,12148018431,,todd,forgan,southlake,tx,76092,us
sales@nxtlevelsmarthome.com,,18327570632,,,,houston,tx,77043,us
nelson@nelsonautomation.com,nlsautomationsys@yahoo.com,19724858617,19726708393,,,rowlett,tx,75088,us
marshall@newgenerationhomepro.com,supportteam@newgenerationhomepro.com,19362052735,17135019985,marshall,briggs,conroe,tx,77304,us
info@nextav.com,service@nextav.com,15122639700,,,,lakeway,tx,78734,us
info@one10av.com,admin@one10av.com,17138997221,,,,houston,tx,77024,us
info@omniav.com,,12143469126,12143469172,jeff,morrison,rockwall,tx,75032,us
getsomehelp@otwav.com,,18328722885,,,,houston,tx,77036,us
,,19368286546,19365259443,,,magnolia,tx,77354,us
info@precisionhomepro.com,,18884125580,,,,mckinney,tx,75069,us
info@premierhas.com,,12142149458,,,,plano,tx,75024,us
sales@prewireofelpaso.com,,19155984937,,,,elpaso,tx,79935,us
,,14699664470,,,,alvarado,tx,76009,us
,,19724468818,15129949051,john,howell,farmersbranch,tx,75234,us
info@r2rtechnology.com,,19795746840,,,,montgomery,tx,77316,us
,,13619068803,,,,corpuschristi,tx,78412,us
projects@ruetechnologies.com,info@ruetechnologies.com,18337536200,18304774334,,,sanantonio,tx,78258,us
,,18327991940,,,,richmond,tx,77469,us
,,15124562800,,,,cedarpark,tx,78613,us
,,17134173547,,,,magnolia,tx,77355,us
support@smarthauz.me,,15127146979,,sunny,sneckner,austin,tx,78701,us
,,13467028990,,,,houston,tx,77042,us
support@smarterhomesaustin.com,,15127756101,,peter,sandford,westlakehills,tx,78746,us
,,18306938844,,will,howes,horseshoebay,tx,78657,us
support@soundandscreen.net,,13256694899,13256659994,,,abilene,tx,79602,us
,,12149797334,,,,plano,tx,75093,us
,,12147170700,,,,frisco,tx,75034,us
info@techlifeav.com,,14693528999,,jason,maguire,southlake,tx,76092,us
info@tsgsan.com,,12106924821,18667464874,armando,jr,sanantonio,tx,78232,us
,,12814079902,,,,houston,tx,77084,us
,,19725840272,12145194616,ray,estrada,dallas,tx,75252,us
,,18305155166,19519248923,,,newbraunfels,tx,78130,us
,,19564322033,,,,edinburg,tx,78541,us
leemlancon@theinstallspot.com,,12147183968,,,,irving,tx,75063,us
info@trademarkinstall.com,,14692889135,,,,rockwall,tx,75032,us
tyler@trademarkav.com,,12816605676,,,,thewoodlands,tx,77389,us
fkhan@usa-smarthomes.com,rshahdin@usa-smarthomes.com,19452104759,14168212300,,,dallas,tx,75243,us
info@uniquehd.net,,18323312207,,,,houston,tx,77055,us
info@unlimitedintegration.com,,18328570080,,,,houston,tx,77074,us
info@vicommvc.com,,19562407952,,,,mcallen,tx,78504,us
,,19725211208,,,,allen,tx,75013,us
ricknickels@wired-ts.com,,12149732277,,,,anna,tx,75409,us
,,17132978350,,,,houston,tx,77033,us
info@iconicinc.com,,17139330606,17136705733,jonathan,lynch,houston,tx,77007,us
sales@myhomedia.com,,12143839811,14692708260,,,mckinney,tx,75070,us
info@ati-america.com,,18019942339,18014414407,,,parkcity,ut,84060,us
office@aisav.com,,14357547066,,blaine,christensen,tremonton,ut,84337,us
info@audiodesign-ut.com,,18018354117,,,,saltlakecity,ut,84101,us
,,18013649999,,,,saltlakecity,ut,84115,us
support@bigskyav-utah.com,,18016786461,,,,sandy,ut,84070,us
,,14356550382,14354292262,,,parkcity,ut,84098,us
info@customsoundco.com,,18014867090,18018917090,joseph,bod,southsaltlake,ut,84115,us
todd@nerve.tv,,14353331313,,,,parkcity,ut,84098,us
tanner@onyx-automation.com,,18017029913,,,,orem,ut,84058,us
john@parkcityhometheater.com,,14356310300,,,,parkcity,ut,84098,us
,,13852332886,,,,fruitheights,ut,84037,us
,,14356081363,,,,northsaltlake,ut,84054,us
amber@techiav.com,,18016517709,,,,hebercity,ut,84032,us
info@utahaudio.com,,18016196262,18019978981,,,cottonwoodheights,ut,84121,us
info@vastintegration.com,,13855010400,,,,westjordan,ut,84081,us
info@aegistechnologies.com,,18006616768,,michael,dowling,ashburn,va,20147,us
,,18045007703,18045915348,,,richmond,va,23238,us
,,18044800837,,,,whitestone,va,22578,us
,,17574991111,17574491111,jeffrey,simon,virginiabeach,va,23462,us
info@connec-inc.com,,18047989081,,,,ashland,va,23005,us
jhart@definitiveconcepts.com,info@definitiveconcepts.com,17574639850,17574639851,,,virginiabeach,va,23454,us
jeff@htm-va.com,,17574828072,,,,chesapeake,va,23320,us
ninfo@inaray.com,todd@inaray.com,18043683797,,todd,peace,richmond,va,23230,us
service@iavva.com,,17572559212,,,,suffolk,va,23435,us
info@lava-int.com,,17572416601,17577161320,,,virginiabeach,va,23452,us
,,18049379001,18046164156,,,richmond,va,23230,us
info@mmis.biz,,18045060007,,,,mechanicsville,va,23111,us
michael@metamorphosis.solutions,,13105690050,15406875117,,,theplains,va,20198,us
info@moseleyelectronics.com,,18043791348,,sara,moseley,midlothian,va,23113,us
,,17572581285,17002310025,,,williamsburg,va,23188,us
info@purecustomav.com,,17574272020,14432759890,joe,torres,virginiabeach,va,23453,us
info@rumavsolutions.com,,17034570329,,,,leesburg,va,20175,us
info@securityplusav.com,,18045544006,18042647164,paul,crouch,henrico,va,23233,us
officemanager@structuredcableofva.com,,18049340000,,,,henrico,va,23233,us
info@thebasementlab.com,,15716833494,12705196056,juan,cantero,mclean,va,22101,us
,,15713932628,,,,warrenton,va,20187,us
,,18027854555,,,,hartford,vt,05001,us
info@avsmartsolutions.com,,14256555052,14256555060,david,stafford,everett,wa,98204,us
,,15099263767,18776502263,,,libertylake,wa,99019,us
mike@asinw.com,heather@asinw.com,12537705570,12532260655,mike,lindbo,puyallup,wa,98372,us
mike@audioplusllc.com,alan@audioplusllc.com,14254531415,14254518032,mike,humphres,bellevue,wa,98005,us
info@digitalavr.com,,13603362392,,,,mountvernon,wa,98274,us
,,15099229111,12086648700,,,spokanevalley,wa,99206,us
,,13608593487,,tony,curtis,vancouver,wa,98660,us
sales@cedi.tv,,14252493004,14257729021,roland,munroe,mukilteo,wa,98275,us
info@digitalcinemadesign.com,,14258821226,,,,renton,wa,98056,us
,,15092423036,18887653269,,,spokanevalley,wa,99212,us
info@expertsmarthomes.com,,19713038544,,,,vancouver,wa,98662,us
,,12062749946,,jimmie,beem,snohomish,wa,98290,us
luke@gallisonsystems.com,lgallison@msn.com,12068192070,,,,bellevue,wa,98004,us
info@gigharboraudio.com,,12532286021,,,,gigharbor,wa,98335,us
care@highnoteaudio.com,,12534659544,,,,tacoma,wa,98409,us
info@high-techliving.com,,14258923332,,,,lynnwood,wa,98037,us
,,13605819836,,general,contractor,portorchard,wa,98366,us
info@homescapes.me,,15099281331,,,,spokanevalley,wa,99206,us
info@ids-nw.net,,12065751906,,,,renton,wa,98058,us
,,12064535588,12062904638,troy,grugett,shoreline,wa,98155,us
,,12065791018,,,,renton,wa,98059,us
,,14255621771,,,,bellevue,wa,98005,us
brandonb@masterclassaudiovideo.com,,12064279538,,,,edmonds,wa,98020,us
,,12064625227,,,,lynnwood,wa,98036,us
jfrank@premiersightandsound.com,,15098793369,,jeff,frank,libertylake,wa,99019,us
sales@rivastechgroup.com,,14259546003,,ivan,rivas,kent,wa,98032,us
info@seattlesightandsound.com,,12065886450,,,,seattle,wa,98109,us
connect@syncavi.com,,15094839046,,,,spokane,wa,99217,us
,,12065968850,,,,mountlaketerrace,wa,98043,us
info@wa-smarthomesolutions.com,,18773762785,,,,monroe,wa,98272,us
hiring@whidbey-av.com,hello@whidbey-av.com,13606823920,,,,freeland,wa,98249,us
,,13606498127,,,,silverdale,wa,98383,us
,,16082747400,16082743223,,,madison,wi,53719,us
info@arctekwi.com,,17156718567,,,,fonddulac,wi,54935,us
andrew@apexavwi.com,brian@apexavwi.com,14144468377,12628933820,,,browndeer,wi,53223,us
,,16087070006,12629562195,,,madison,wi,53718,us
,,12628441535,,,,newberlin,wi,53146,us
info@davincimedia.com,,,,,,milwaukee,wi,53203,us
info@digitekdigital.com,,12622640574,,,,waukesha,wi,53186,us
info@evolvedhabitat.com,,18009207610,,,,greenbay,wi,54303,us
,,17153867034,18009450194,,,hudson,wi,54016,us
inquiry@hometechnologyplace.com,,16085159181,,,,madison,wi,53713,us
,,12622608766,,,,mequon,wi,53092,us
info@lightmantechnology.com,,16082863541,,,,mcfarland,wi,53558,us
61ce41249c1546f0b968cf4863a259b8@myeasytek.com,,18473878103,,,,mtpleasant,wi,53406,us
sales@oosht.com,,14144859555,14142078818,,,delafield,wi,53018,us
info@pulse-automation.com,,16084558810,,,,waunakee,wi,53597,us
,,19204139300,,tim,nass,greenbay,wi,54301,us
dan@puresoundvision.com,,14147753497,,,,franklin,wi,53132,us
assistant@travissounddesign.com,,12627286335,,,,delavan,wi,53115,us
sales@universityaudio.com,info@universityaudio.com,16082840001,16082840228,,,madison,wi,53715,us
,,13072001614,,,,jackson,wy,83001,us
brian@encoresightandsound.com,ryan@encoresightandsound.com,13073002051,19708331460,,,cheyenne,wy,82009,us
,,13074139266,,john,corless,jackson,wy,83001,us
pa@premieresav.com,info@premieresav.com,13072017040,17273661255,,,jackson,wy,83001,us
av@videovisioninc.com,,13077338081,,,,jackson,wy,83001,us
jaimey@ntsalaska.com,u003einfo@ntsalaska.com,19072292269,,,,anchorage,ak,99503,us
dhutchins@auburnhometech.com,,13348217883,,,,auburn,al,36830,us
jt@jts-surveillance.com,,12055939507,,,,hoover,al,35226,us
,,12052259524,,,,birmingham,al,35244,us
,,14795444992,,,,bentonville,ar,72712,us
,,18703364669,14794398038,,,jonesboro,ar,72404,us
sales@omnitechpros.com,,15013994988,,,,littlerock,ar,72205,us
,,18772688178,,ryan,heringer,northlittlerock,ar,72113,us
info@av-as.com,,15209993233,,david,knittle,tucson,az,85714,us
sales@area51audio.com,,15205444951,15204980117,,,tucson,az,85705,us
sales@audiointegrators.com,,16234344614,,,,phoenix,az,85085,us
,,14805455050,14805455461,,,mesa,az,85204,us
phoenix@beyondaudio.com,,14807399961,12508609929,ryan,dockrill,scottsdale,az,85260,us
service@creativesound.info,sales@creativesound.info,14809989699,18087314193,doug,greenwald,scottsdale,az,85257,us
admin@myidealav.com,,16025564164,,,,phoenix,az,85028,us
,,14804050945,,,,chandler,az,85226,us
justin@oasissmarthomes.com,stacy@oasissmarthomes.com,14809077095,19492109440,justin,worley,scottsdale,az,85255,us
info@orangewireav.com,,16023701522,,,,phoenix,az,85028,us
,,14805683849,14806407084,,,gilbert,az,85234,us
info@wattintegration.com,,14805159288,14809001799,bryan,watt,scottsdale,az,85260,us
,,17607790881,,mike,oster,palmdesert,ca,92211,us
info@advancedha.com,,16509671400,,,,mountainview,ca,94041,us
tristan@advancedhomecinema.com,,15305248451,,,,palocedro,ca,96073,us
,,18446988489,16194595064,seth,maxton,sandiego,ca,92123,us
info@aha-av.com,,16198927176,,,,sandiego,ca,92107,us
info@audioimages.tv,,17142587238,17145550123,,,irvine,ca,92614,us
info@audiosymphony.com,,14152923300,,,,sausalito,ca,94965,us
dave@daveshometheater.com,info@daveshometheater.com,18007154958,18886517941,,,losangeles,ca,91307,us
u003einfo@avdinc.com,info@avdinc.com,19497161099,19497356767,ty,meyer,missionviejo,ca,92691,us
support@avillusions.com,,18185088275,,dean,maya,losangeles,ca,91602,us
sales@automatednow.com,support@automatednow.com,18883364211,,,,newportbeach,ca,92660,us
support@automationracks.com,,14159972796,14159939927,,,sausalito,ca,94965,us
info@bistec.net,,16616658055,,,,bakersfield,ca,93313,us
support@bavihometech.com,,13104810612,,,,losangeles,ca,90049,us
,,12132324702,,,,vannuys,ca,91406,us
,,16504529456,,jake,barker,southsanfrancisco,ca,94080,us
jcrawford@csiav.com,,14083096031,,,,losaltos,ca,94024,us
info@carlsonselectronics.com,,15305871430,,,,truckee,ca,96161,us
info@definedav.com,,18053760052,18059760052,,,thousandoaks,ca,91320,us
,,18312404494,14806961198,,,carmelbythesea,ca,93921,us
,,18554881060,15623793355,rusty,deeble,longbeach,ca,90807,us
,,18887542280,,,,simivalley,ca,93063,us
info@ezavd.com,,18186442255,,dorel,muresan,beverlyhills,ca,90211,us
,,18188791312,18008368577,,,agourahills,ca,91301,us
shawn@evoht.com,,16194466744,,,,lakeside,ca,92040,us
info@firebirdav.com,,18056174433,,wyatt,olsen,santabarbara,ca,93103,us
,,16263516500,,tom,jacob,pasadena,ca,91107,us
info@futureautomationdesign.com,,13107459802,,,,redondobeach,ca,90277,us
,,18187262626,,,,calabasas,ca,91302,us
contact@galaxychico.com,,15308790920,,,,chico,ca,95926,us
info@gpsinteractive.com,,14083719177,14083718901,,,sanjose,ca,95124,us
,,14087667199,,,,losgatos,ca,95032,us
,,14159937600,16505300226,clarence,hermary,sanfrancisco,ca,94103,us
info@hi-techav.com,,14087309900,,,,sanjose,ca,95125,us
sales@hitechhome.net,service@hitechhome.net,15595211400,15595211410,,,clovis,ca,93611,us
info@installationking.com,,18189431365,19498008860,,,losangeles,ca,90066,us
info@intelligentaudiovisual.com,,18585660606,18584497675,,,sandiego,ca,92131,us
info@ironlionav.com,,18188254842,,brandon,carroll,shermanoaks,ca,91423,us
contactus@kpsalarms.com,,18004577252,,kirk,page,riverside,ca,92505,us
info@sdlightworks.com,support@sdlightworks.com,18584579100,,troy,dunnington,sandiego,ca,92126,us
kiernan@levineslights.com,,16508895089,,justin,levine,sancarlos,ca,94070,us
u003escheduling@lbsmarthome.com,scheduling@lbsmarthome.com,19163869696,15309278117,mark,buzzard,auburn,ca,95603,us
,,18059665111,,,,santabarbara,ca,93101,us
u003einfo@missionaudiovideo.com,info@missionaudiovideo.com,18056827575,,,,santabarbara,ca,93101,us
,,17072249361,18008463900,,,napa,ca,94558,us
sam@nexttechsystems.com,info@nexttechsystems.com,18188602678,,,,shermanoaks,ca,91411,us
,,16197847733,16198388333,,,elcajon,ca,92020,us
,,19164813900,19166793760,,,sacramento,ca,95825,us
contact@plugnplaytv.com,,16193024637,,,,sandiego,ca,92117,us
contact@proavatech.com,,14154088078,14155550100,daniell,silva,novato,ca,94949,us
rick@rtvelectronics.com,judy@rtvelectronics.com,19164887878,19169740496,,,carmichael,ca,95608,us
,,16502425745,,,,sancarlos,ca,94070,us
dylan@sb-av.com,,18056877228,,,,santabarbara,ca,93105,us
,,13106459855,,,,elsegundo,ca,90245,us
support@urban-orbits.com,,13232040818,13232079697,,,losangeles,ca,90026,us
support@visionsav.com,,18055272188,,,,moorpark,ca,93021,us
rondrapinski@drapinskitv.com,u003erondrapinski@drapinskitv.com,17072522627,,,,napa,ca,94559,us
sales@afterburnerhs.com,,13039152216,,,,parker,co,80134,us
kory@alpenglowintegration.com,keith@alpenglowintegration.com,19703930684,19703316447,,,avon,co,81620,us
peter@artisticsound.net,dharper@artisticsound.net,19709255515,19709278883,,,basalt,co,81621,us
,,19709456610,13039567747,brian,reiter,glenwoodsprings,co,81601,us
,,17202484479,,curtis,slaght,parker,co,80134,us
,,19707080348,,randy,martin,paonia,co,81428,us
,,19706896881,,,,fortcollins,co,80524,us
info@eppilus.com,,19702791222,,magnus,grimmett,aspen,co,81611,us
,,17207343120,,tyson,rabani,centennial,co,80112,us
lenard@shopimaginemore.com,branden@shopimaginemore.com,19704600895,,,,windsor,co,80550,us
u003einfo@logicav.net,info@logicav.net,13034848237,,shawn,hansson,lonetree,co,80124,us
inquiries@milehighaudiovideo.com,,17205055000,,,,englewood,co,80112,us
,,17208388863,15204296084,patrick,mcclellan,denver,co,80210,us
,,13032849661,,,,denver,co,80219,us
sales@pmav.co,,18337692824,,,,sheridan,co,80110,us
,,19707650233,,,,telluride,co,81435,us
info@cosmartsystems.com,support@cosmartsystems.com,13035881146,,john,young,sheridan,co,80110,us
,,17194770535,,,,coloradosprings,co,80907,us
,,19702149613,,,,fortcollins,co,80524,us
,,18604908444,,,,plainville,ct,06062,us
alex_keylin@msn.com,,18602057373,18606759992,,,avon,ct,06001,us
,,18669917233,,,,trumbull,ct,06611,us
info@roloelectronics.com,,19142479506,19142589339,julio,cabrera,greenwich,ct,06831,us
,,12034702734,12037908889,john,gigante,monroe,ct,06468,us
,,18606665006,18606677030,,,newington,ct,06111,us
sales@iniav.com,,17037711676,,,,sterling,dc,20164,us
,,12392311139,13055931965,,,naples,fl,34109,us
admin@alswifi.com,,13052579434,,,,keylargo,fl,33037,us
avn@avninstallations.com,,18132791999,,,,tampa,fl,33610,us
,,14075367321,,,,wintergarden,fl,34787,us
office@aascustoms.com,,15619727287,,curtis,depew,jupiter,fl,33477,us
emallo@aol.com,admin@airtronics.biz,17724670097,18004321429,,,fortpierce,fl,34946,us
sales@smarthome.biz,,19047438444,19122648679,,,jacksonville,fl,32211,us
,,19542535407,,,,fortlauderdale,fl,33309,us
info@avapb.com,,15612489200,,,,westpalmbeach,fl,33409,us
will@automatedintelligence.ai,bill@automatedintelligence.ai,15618490343,,,,bocaraton,fl,33499,us
sales@axiomintegration.com,,14077752222,,,,wintergarden,fl,34787,us
,,19047211860,,lorem,ipsum,jacksonville,fl,32256,us
info@bigbenddesign.info,,18508681106,,,,tallahassee,fl,32312,us
jason@cite-solutions.com,sean@cite-solutions.com,12398442483,,,,naples,fl,34110,us
web@casahifi.com,,17866185990,,,,miami,fl,33133,us
admin@cometelectricinc.com,,15616894400,18005545105,,,westpalmbeach,fl,33413,us
info@command-one.com,,15612472631,15612141215,,,westpalmbeach,fl,33404,us
chris@completelyconnected.net,patti@completelyconnected.net,18005851992,12393984369,,,fortmyers,fl,33967,us
,,19045091209,,,,jacksonville,fl,32257,us
hello@elitech.design,,13057760590,,,,bocaraton,fl,33487,us
,,17278042277,17278043996,chip,tollefson,clearwater,fl,33761,us
info@eesecurity.net,,12395979077,,,,naples,fl,34103,us
,,15615662511,,,,westpalmbeach,fl,33412,us
,,14075572323,14075748271,series,speakers,wintergarden,fl,34787,us
feedback@freedomnaples.com,info@freedomnaples.com,12392311141,,,,naples,fl,34109,us
sales@goodsoundshometheater.com,,15613005300,,,,bocaraton,fl,33487,us
info@greenhomeautomations.com,,13057756909,,jorge,alfonso,miami,fl,33155,us
info@habitechsystems.com,,18006106720,,ali,babazadeh,ormondbeach,fl,32174,us
info@illusiveautomation.com,,19543632700,,,,fortlauderdale,fl,33311,us
,,13056001411,19546371361,,,keylargo,fl,33037,us
info@integralfl.com,,17275591265,,,,clearwater,fl,33765,us
sales@integritysound.com,,19413602412,19419222672,,,lakewoodranch,fl,34202,us
,,17722057205,,,,verobeach,fl,32960,us
contact@lucelectric.com,,13056995963,,,,miami,fl,33138,us
,,19542668112,,william,ciani,oaklandpark,fl,33334,us
gustavo@lutronpro.com,,19548016735,,,,northmiamibeach,fl,33160,us
info@ihtflorida.com,,14076541427,14072922413,,,orlando,fl,32804,us
,,19412634476,18138660589,,,sarasota,fl,34243,us
,,15617137029,,,,westpalmbeach,fl,33412,us
pierre@quantum-av.com,blake@quantum-av.com,12399088284,,,,bonitasprings,fl,34135,us
,,19418751312,,,,fortmyers,fl,33917,us
info@seagullelectronics.com,,15612793837,15616240220,steven,siegel,jupiter,fl,33458,us
info@soundideasstereo.com,,13523780192,13523711791,gamma,beta,gainesville,fl,32609,us
sales@soundnspace.com,,17862592302,,,,plantation,fl,33324,us
,,15615202000,,,,pompanobeach,fl,33064,us
projects@stereotypes.tech,kalibohannon@stereotypes.tech,12394384500,18882179488,,,naples,fl,34102,us
,,17725623767,,,,verobeach,fl,32960,us
info@unifiedautomation.net,,13528300300,,,,ocala,fl,34471,us
info@visualacoustics.net,,13055764160,,,,miami,fl,33127,us
sales@domotech.us,,15615590806,18446677500,,,palmbeach,fl,33480,us
,,13055077402,,,,doral,fl,33122,us
mail@bellihs.com,,19122338990,,,,savannah,ga,31405,us
,,14042310504,,terry,massey,atlanta,ga,30305,us
sales@htwatlanta.com,,17706437777,,seth,herold,alpharetta,ga,30022,us
,,17702841112,,,,powdersprings,ga,30127,us
sales@intuav.com,,17703177016,16158335000,,,woodstock,ga,30188,us
jmilline@bellsouth.net,,14043491647,,john,milline,atlanta,ga,30331,us
trade@motionshading.com,info@motionshading.com,14047336060,,,,atlanta,ga,30324,us
info@rmsinstalls.com,,14704563108,,,,marietta,ga,30060,us
info@starlightatlanta.com,,16785581858,,,,suwanee,ga,30024,us
jason@alshawaii.com,,18083309490,,,,honolulu,hi,96821,us
support@knight-integration.com,info@knight-integration.com,15152440445,,,,ankeny,ia,50021,us
,,12082743011,,,,meridian,id,83646,us
info@audioplusidaho.com,,12086104894,,,,sandpoint,id,83864,us
u003einfo@garrettsystems.net,info@garrettsystems.net,12089382302,18772438447,,,boise,id,83713,us
u003einfo@steinerav.com,info@steinerav.com,12087463381,,harley,steiner,lewiston,id,83501,us
,,12083604100,,,,idahofalls,id,83401,us
,,12085522505,12085523337,tom,smith,idahofalls,id,83402,us
,,18478413888,12392919000,,,elgin,il,60124,us
patrick.variali@automationgallery.com,,13126548193,,,,chicago,il,60611,us
,,18478689200,18475858780,,,northbrook,il,60062,us
info@customresidential.com,support@customresidential.com,18477055086,,,,rollingmeadows,il,60008,us
services@denalitechs.com,,13124397500,,ash,boraki,mtprospect,il,60056,us
info@adigitalhome.com,,18477765063,,,,palatine,il,60067,us
info@digitalsystemsav.com,,18889034448,,mike,anderson,chicago,il,60647,us
concierge@emt-home.com,,13123289840,,brett,fealy,chicago,il,60607,us
accounts@enlinetech.com,info@enlinetech.com,18778324312,,sanjay,rana,elmhurst,il,60126,us
,,17737479565,,vic,morales,chicago,il,60641,us
,,18473380469,,alisa,zaleski,lakevilla,il,60046,us
,,13098255747,,eric,albert,bloomington,il,61704,us
steve@luxehometheater.com,info@luxehometheater.com,16307158910,,,,plainfield,il,60585,us
info@silvergtech.com,,17736986148,,tyler,warble,chicago,il,60613,us
,,12604830553,17735493333,,,fortwayne,in,46805,us
design@indianaaudiovideo.com,,13172928802,13178362657,,,zionsville,in,46077,us
info@icav.us,,12607242276,,,,decatur,in,46733,us
josh@noble-av.com,,13179000911,,karl,krohn,noblesville,in,46062,us
bedwards@ovationav.com,ccruzan@ovationav.com,13176828466,,gary,mccormick,carmel,in,46032,us
,,13173484854,,,,westfield,in,46074,us
,,17654278527,,,,frankfort,in,46041,us
u003einfo@technologyinteriors.com,info@technologyinteriors.com,13172841084,,,,indianapolis,in,46250,us
office@integrateit.tech,,19138047575,,moran,alon,overlandpark,ks,66223,us
rob@longwirekc.com,,19134404790,,rob,long,olathe,ks,66061,us
todds@naturallywiredkc.com,marshay@naturallywiredkc.com,19133859926,19132155000,todd,sandler,overlandpark,ks,66085,us
info@iwanthd.tv,,18592533500,15022205447,,,lexington,ky,40509,us
,,18593413520,15132331627,adam,perkins,southgate,ky,41071,us
james@hitechsmarthomes.com,tony@hitechsmarthomes.com,15049948328,15043902468,,,gretna,la,70053,us
info@miraclemachines.com,,15043295693,,,,neworleans,la,70124,us
richie@noav.com,u003erichie@noav.com,15047333524,,,,harahan,la,70123,us
ryan@pro-fitsolutions.net,,12258921839,,,,batonrouge,la,70809,us
,,15082381930,17742559292,,,easton,ma,02356,us
hello@bostonautomations.com,,17813338003,17816509775,adam,zell,northeaston,ma,02356,us
u003egeneral@huntingtonhomesystems.com,anthony@huntingtonhomesystems.com,16172446800,,,,newton,ma,02459,us
hello@khandesign.net,,18572144386,,mohammed,khan,framingham,ma,01702,us
info@kreativeav.com,,16172137579,,,,woburn,ma,01801,us
michael@nantucketmediasystems.com,alison@nantucketmediasystems.com,15082410862,15083255472,michael,alpert,nantucket,ma,02554,us
info@rsavs.com,,17743029812,,,,bourne,ma,02534,us
info@techswhoconnect.com,,19789690496,,jonathan,davis,beverly,ma,01915,us
info@toadbuilds.com,,18663168623,,bill,clinton,bourne,ma,02559,us
info@xbuildingautomation.com,,17749942413,17742043006,,,barnstable,ma,02601,us
,,14109194895,17037711676,,,annapolis,md,21403,us
hr@gramophone.com,,14103081650,14102374434,,,timonium,md,21093,us
appt@hitechupgrades.com,,14104873963,,,,severnapark,md,21146,us
gsnyder@htarchitects.com,,13015600454,,,,rockville,md,20852,us
info@soundscapemd.com,,14108891134,,,,baltimore,md,21210,us
rickbaron@solutionsbyswat.com,rick@solutionsbyswat.com,18009557928,12408884653,rick,baron,gaithersburg,md,20878,us
u003einfo@smartautomationsolutions.com,info@smartautomationsolutions.com,12402427272,,gary,flax,gaithersburg,md,20877,us
u003einfo@strategichomemedia.com,steve@strategichomemedia.com,14106433335,18666433336,steve,adams,stevensville,md,21666,us
info@wooferave.com,,12078299245,12078294562,dan,king,cumberland,me,04021,us
,,15869605776,,,,annarbor,mi,48108,us
info@digitalinteriorshd.com,,12489219598,12482508980,,,clawson,mi,48017,us
service@markelectronics.net,,12489239000,,mark,meehan,rochesterhills,mi,48309,us
,,18334856985,,,,ypsilanti,mi,48197,us
info@newagehometheaters.com,,15867398846,,,,macomb,mi,48042,us
,,12484863720,,,,southlyon,mi,48178,us
,,16517478081,18888201310,,,maplewood,mn,55109,us
,,19522047222,,,,plymouth,mn,55447,us
info@northstarhometech.com,,16122542626,,chris,hayes,stillwater,mn,55082,us
,,17634201070,17632426372,,,hamlake,mn,55304,us
sales@stereoland.com,,19528299700,,bill,soderholm,minneapolis,mn,55438,us
support@twincitiestechservices.com,,16123873400,16126431835,,,wayzata,mn,55391,us
,,18165918936,,,,kansascity,mo,64119,us
,,13149565861,13142702477,,,stlouis,mo,63127,us
info@indepaudio.com,,18162529782,,scott,huffman,independence,mo,64055,us
,,13144753080,,,,stlouis,mo,63127,us
info@simplysmart.life,,13143999679,,,,chesterfield,mo,63005,us
connect@turnkeysolution3d.com,,18165626160,15138224974,,,kansascity,mo,64111,us
u003einfo@avsinc.ms,info@avsinc.ms,16012681818,,adam,odom,hattiesburg,ms,39402,us
,,16019413560,,,,ridgeland,ms,39157,us
,,14062842320,,ron,davis,bozeman,mt,59718,us
info@evolutionava.com,,14069244010,,,,belgrade,mt,59714,us
mtb@turnituptech.com,,14065808888,,,,bozeman,mt,59718,us
bill@1touchsolutions.tv,marcus@1touchsolutions.tv,17044832471,,,,stanley,nc,28164,us
u003einfo@ava-nc.com,info@ava-nc.com,17048217270,,,,indiantrail,nc,28079,us
%20sales@acousticreations.com,sales@acousticreations.com,19105373578,19103712038,,,wilmington,nc,28405,us
ricky@avspecialties.net,,17043571287,,,,charlotte,nc,28217,us
hello@co-da.com,,18007092823,17048212823,chris,wissa,indiantrail,nc,28079,us
u003einfo@carolinacustomsound.com,info@carolinacustomsound.com,13366240545,13368378341,,,winstonsalem,nc,27104,us
scott@cleaninstalls.com,,16198475680,,,,concord,nc,28027,us
hello@getconnesso.com,,19198858558,16149993443,ryan,prestel,apex,nc,27502,us
info@convergenceusa.com,,19192136370,13363659301,joshua,huffman,mebane,nc,27302,us
,,17045292828,17045292829,don,dahl,charlotte,nc,28217,us
info@electronics2you.com,,19103970953,,jason,walter,wilmington,nc,28405,us
,,17042576472,18889993417,,,denver,nc,28037,us
sales@htscompanies.com,,17047085126,,,,charlotte,nc,28270,us
,,17048963900,18882853161,,,cornelius,nc,28031,us
info@onetouchavl.com,,15708546438,,,,asheville,nc,28801,us
,,18282032440,,,,asheville,nc,28704,us
,,19198768002,,,,raleigh,nc,27616,us
info@totaltechwnc.com,,18284148324,,nashden,dickerson,etowah,nc,28729,us
,,19193679074,,neale,boecke,apex,nc,27502,us
,,14023974434,,,,omaha,ne,68114,us
hello@extremeelec.com,,16035087543,,anthony,scavo,pelham,nh,03076,us
info@xtreme-av.com,,18889876281,,pat,molettieri,pelham,nh,03076,us
henryj@digihm.com,,19732649960,19732515756,,,kearny,nj,07032,us
u003einfo@digitalsurroundings.com,info@digitalsurroundings.com,16099121800,,,,lawrencetownship,nj,08648,us
,,18663476874,17325258181,,,princeton,nj,08540,us
info@jnsaudiovideo.com,,19736196930,,,,ridgewood,nj,07450,us
office@restrepoinnovations.com,,12014052022,,mike,restrepo,wyckoff,nj,07481,us
info@smarthomeintegrations.com,,17324408450,,carlos,cuellar,oceantownship,nj,07712,us
,,12014365338,12014368684,,,bayonne,nj,07002,us
contact@waverlytv.com,,19733771333,,,,madison,nj,07940,us
info@avluxurygroup.com,,17029104913,,,,lasvegas,nv,89135,us
info@audiointegrations.com,,17026576666,17028020202,,,lasvegas,nv,89113,us
,,17027368880,,cory,reif,lasvegas,nv,89120,us
sales@hometheater.vegas,,17029974108,,jeremy,degre,lasvegas,nv,89103,us
,,17026092633,14356196367,,,lasvegas,nv,89119,us
info@luxuryelectronicsinc.com,,17025080708,,,,lasvegas,nv,89118,us
elias.n@naffahtechsolutions.com,,17022656819,,,,henderson,nv,89015,us
info@progressivesmarthomes.com,,17022637357,,,,lasvegas,nv,89118,us
info@teccomav.com,,17754736984,15305794201,,,reno,nv,89502,us
wolf@thewolfav.com,,17023216213,,,,lasvegas,nv,89118,us
info@americancommunications.com,,15162038000,15165463000,,,merrick,ny,11566,us
u003einfo@audiointeriors.com,info@audiointeriors.com,16314344770,,,,hauppauge,ny,11788,us
info@audioservicesny.com,,18454403483,,,,tappan,ny,10983,us
,,16314884080,,,,eastquogue,ny,11942,us
shapiros@theaudio11.com,info@theaudio11.com,15186185500,,,,cohoes,ny,12047,us
,,15164216999,,,,melville,ny,11747,us
kevin@connectedlivingsolutions.com,,17166880052,,,,eastamherst,ny,14051,us
info@comeseedave.com,,15854241820,17163270985,,,rochester,ny,14623,us
,,15188595613,,drew,sweeney,saratogasprings,ny,12866,us
contact@datawiresolutions.com,,19143154280,,,,valhalla,ny,10595,us
info@electronicconcepts.net,,15164098888,,,,merrick,ny,11566,us
info@envelopingsound.com,,19145020800,19143455600,,,briarcliffmanor,ny,10510,us
dhong@gcintegrations.com,u003edhong@gcintegrations.com,18885938990,19144958660,,,hawthorne,ny,10532,us
admin@greenersmarthomes.com,,16318770011,,,,hamptonbays,ny,11946,us
zac@htgny.com,,16317713200,,,,easthampton,ny,11937,us
info@hometheaterman.com,,16317804097,16312397411,,,hauppauge,ny,11788,us
info@ibsalbany.com,,15184593993,12000076547,jason,kenney,albany,ny,12205,us
kevin@leadertv.com,repair@leadertv.com,15853288181,13126548193,,,rochester,ny,14624,us
contact@longislandav.com,,16319876786,,,,holbrook,ny,11741,us
paul@millennium-av.com,,19147840033,13025500032,,,putnamvalley,ny,10579,us
sales@pse-av.com,,13474604590,,alexey,malyshev,brooklyn,ny,11232,us
info@parkavenueaudio.com,,12126858101,,,,newyork,ny,10016,us
ken@popaudio.net,,16317025000,,,,hamptonbays,ny,11946,us
c.glenn@selectav.net,,15183386481,,,,glensfallsnorth,ny,12804,us
,,15163645599,15163646596,,,syosset,ny,11791,us
sales@sound-insight.com,,16312714434,,,,huntington,ny,11743,us
speakershop@verizon.net,u003espeakershop@verizon.net,17168371557,,,,buffalo,ny,14226,us
,,16315636930,,,,southampton,ny,11968,us
,,16312833455,16465803318,,,westhamptonbeach,ny,11978,us
office@technoconscious.com,,19174152670,,,,newyork,ny,10014,us
info@telstaris.com,,15166767700,,,,glencove,ny,11542,us
u003esales@townetv.com,sales@townetv.com,15183551020,15183551061,,,schenectady,ny,12303,us
u003evictor@vmeelectric.com,office@vmeelectric.com,16319535293,,,,easthampton,ny,11937,us
vince@vincentdesigns.tv,,19146324884,,vincent,capece,newrochelle,ny,10801,us
info@viseramedia.com,,18776295133,,,,wappingersfalls,ny,12590,us
info@yoursmarthome.com,,15132318555,,,,loveland,oh,45140,us
info@audioetc.tv,,19374349770,,,,dayton,oh,45459,us
,,15132572432,19377239587,rob,hopper,cincinnati,oh,45208,us
sales@controllingtech.net,,15137881488,,,,westchestertownship,oh,45246,us
,,14404730430,,,,cleveland,oh,44124,us
sales@justintimeav.com,,19372038082,19373475037,,,dayton,oh,45424,us
,,15132718877,,,,cincinnati,oh,45244,us
info@bluespeedllc.com,,19188563547,19182843644,,,tulsa,ok,74145,us
,,19182990510,,,,tulsa,ok,74119,us
info@sosmartsecurity.com,,14052001261,,arlen,speakman,oklahomacity,ok,73114,us
,,14055493880,,,,oklahomacity,ok,73120,us
fred@uniquehomeaudio.com,eric@uniquehomeaudio.com,14058163766,14055131086,,,oklahomacity,ok,73116,us
,,15036162779,,,,tigard,or,97223,us
info@avautomationpros.com,,19713081864,18334581775,,,hoodriver,or,97031,us
,,15417280758,,,,bend,or,97702,us
,,15037204167,,,,portland,or,97236,us
info@experiencevelara.com,,15035060586,,,,clackamas,or,97015,us
rick@avccom.com,u003erick@avccom.com,16104308300,,,,exton,pa,19341,us
info@automated-lifestyles.com,service@automated-lifestyles.com,18005707789,15705651358,larry,supon,mtcobb,pa,18436,us
brian@innovativeavd.com,,12673322010,,,,bensalem,pa,19020,us
info@kozimediadesign.com,,18777465694,17243344695,tim,koziarski,pittsburgh,pa,15235,us
,,14126871131,,albert,wurst,pittsburgh,pa,15232,us
,,12232399226,,,,harrisburg,pa,17104,us
contact@nestology.pro,info@nestology.pro,17172987889,17173681178,,,palmyra,pa,17078,us
info@sapgh.com,,14123430348,14124340348,tom,pieracki,leetsdale,pa,15056,us
info@springboardautomation.com,,12159887771,12127062600,everett,katzen,philadelphia,pa,19103,us
livehappy@yoursuperhome.com,,12154691387,,,,philadelphia,pa,19128,us
john@surroundsounds.com,info@surroundsounds.com,16105246900,,ron,mcgill,exton,pa,19341,us
info@wiredintegrations.com,,17176589935,,,,chambersburg,pa,17202,us
info@iavdesign.com,sales@iavdesign.com,17178028346,,,,lemoyne,pa,17043,us
,,14018288500,,,,warwick,ri,02886,us
,,14015196770,,,,westwarwick,ri,02893,us
,,14015196770,14014337240,,,eastprovidence,ri,02914,us
,,18432272587,,,,bluffton,sc,29910,us
info@audioone.bz,,18032385002,,,,lexington,sc,29072,us
,,18438814802,,,,mtpleasant,sc,29464,us
,,18433572121,,,,murrellsinlet,sc,29576,us
aaron@fusionaudiovideo.com,daniel@fusionaudiovideo.com,18642714276,18284198000,aaron,cowden,greenville,sc,29601,us
sammymurphy23@yahoo.com,,18642244599,,,,anderson,sc,29625,us
sales@legendssecurity.com,,18037881299,,,,columbia,sc,29223,us
info@tekscene.com,,18038818777,18035550123,david,wong,chapin,sc,29036,us
info@avsdc.com,,18655234018,,buddy,carmichael,knoxville,tn,37917,us
info@av-experience.com,,16158192137,18887187879,,,brentwood,tn,37027,us
,,14234983800,,,,chattanooga,tn,37402,us
stacy@hifibuysnashville.com,dustin@hifibuysnashville.com,16158335000,16155931037,,,nashville,tn,37211,us
info@immersiveac.com,,14233673366,,,,johnsoncity,tn,37604,us
info@informedlogic.com,,18009802638,18659097258,,,knoxville,tn,37938,us
sales@mymiestro.com,help@mymiestro.com,19014120810,16156780098,,,memphis,tn,38117,us
studio@proave.com,frank@proave.com,16152798284,16152977283,frank,stafford,nashville,tn,37204,us
info@symspire.com,,16153320093,18665570629,tom,lundborg,brentwood,tn,37027,us
ric@warneraudiovideo.com,jane@warneraudiovideo.com,12565089342,19319933815,,,taft,tn,38488,us
,,16156261808,,,,nashville,tn,37217,us
j.morales@isstenn.com,,18656900154,,,,knoxville,tn,37919,us
,,15124544534,15128369380,,,austin,tx,78757,us
info@avautomation.com,,15127954242,,aaron,reilly,lakeway,tx,78734,us
sales@avconnectonline.com,,15123542099,,,,austin,tx,78757,us
info@thewoodlandshomeautomation.com,,18324471039,12815419649,,,thewoodlands,tx,77380,us
audiovideoinnovation@yahoo.com,,13616525706,,fritz,boedeker,victoria,tx,77904,us
info@austinhomesystems.com,,15122933179,,,,austin,tx,78756,us
info@aveon.com,,17135292282,,dick,rozic,houston,tx,77098,us
info@avitech.org,,13613344202,,,,corpuschristi,tx,78418,us
sales@bondstv.com,,15124763551,,david,bond,austin,tx,78703,us
info@gobentec.com,,15125900633,,michael,bennett,cedarpark,tx,78613,us
u003esales@bjorns.com,sales@bjorns.com,12108283237,18002236991,,,sanantonio,tx,78232,us
,,12145017651,,,,pilotpoint,tx,76258,us
info@designedatmospheres.com,,15126728717,14322424623,,,marblefalls,tx,78654,us
,,18776242367,,,,fortworth,tx,76108,us
info@digitalholics.com,,14696660747,,,,plano,tx,75024,us
,,13613340601,,,,corpuschristi,tx,78415,us
sales@electronicdreams.biz,,12818905200,,,,houston,tx,77081,us
sales@elite-at.com,,12815168126,17029974108,,,conroe,tx,77302,us
info@grizzlytec.com,,13462202472,,daniel,lopez,spring,tx,77386,us
,,18173001518,,,,fortworth,tx,76119,us
,,13462992010,,,,houston,tx,77079,us
contact@homecinema.solutions,,14694125478,,,,frisco,tx,75034,us
u003einfo@h-t-d.com,info@h-t-d.com,19722503440,,,,farmersbranch,tx,75244,us
,,12109980288,,,,sanantonio,tx,78256,us
leadsdfw@homeprotech.com,technicalsupport@homeprotech.com,15126400882,18446615777,jake,roane,austin,tx,78758,us
questions@integratedlifestylesinc.com,u003equestions@integratedlifestylesinc.com,12142728678,,paul,lopez,dallas,tx,75243,us
contact@modia.com,,17139525700,18008772900,,,houston,tx,77057,us
contactus@mediahead.co,,19727079573,,steve,harman,addison,tx,75001,us
info@multitechincorporated.com,,19563208350,,,,sanbenito,tx,78586,us
info@nxgservice.com,,12144327159,14698879533,jonathan,mcbride,rockwall,tx,75032,us
info@neweradfw.com,,14698449266,,,,addison,tx,75001,us
info@originhifi.com,,17377874434,,,,austin,tx,78729,us
studio@rndtek.com,,12817122329,,blake,beltran,houston,tx,77084,us
,,18304565725,12109130998,,,fredericksburg,tx,78624,us
info@simplyvast.com,,19568870442,,,,laferia,tx,78559,us
,,18179955021,,,,mansfield,tx,76063,us
hello@sihometheater.com,,18173464500,,chris,hornsby,fortworth,tx,76116,us
customerservice@star-power.com,info@star-power.com,19729280472,19724494117,,,dallas,tx,75248,us
u003einfo@stereoeast.com,info@stereoeast.com,19723355122,,,,frisco,tx,75034,us
info@systemworkshometheatre.com,,12106820905,,,,helotes,tx,78023,us
,,12816980876,,,,houston,tx,77046,us
,,13612882440,,,,corpuschristi,tx,78411,us
,,19722004032,14697142181,david,directly,frisco,tx,75033,us
u003esales@thoughtfulintegrations.com,u003esupport@thoughtfulintegrations.com,12143966290,19723182823,,,addison,tx,75001,us
u003einfo@totalhometx.com,info@totalhometx.com,15129910567,15129914559,,,austin,tx,78757,us
info@trudefinition.com,,18179651042,,,,dallas,tx,75208,us
u003esales@videogeneral.com,support@videogeneral.com,18176405321,18176465452,,,grandprairie,tx,75050,us
info@visionarysmarthomes.com,,18179974471,,matthew,gerber,fortworth,tx,76137,us
michelle@yesinstallation.com,info@yesinstallation.com,12147028427,,,,dallas,tx,75228,us
hello@meroconcepts.com,,15123753379,,marc,oliveri,cedarpark,tx,78613,us
u003einfo@avi-utah.com,u003esupport@avi-utah.com,18016199473,,,,draper,ut,84020,us
u003einfo@briteav.com,info@briteav.com,18012182461,,ryan,kohler,parkcity,ut,84098,us
,,14356151515,,kevin,barnes,parkcity,ut,84098,us
sales@monsterautomation.com,,18019480871,,,,alpine,ut,84004,us
info@mtnstates.net,,18014862110,,,,saltlakecity,ut,84115,us
tferran@newport-ave.com,,18012823989,18012826190,travis,ferran,southjordan,ut,84095,us
info@smarttechutah.com,,18018903660,,,,murray,ut,84121,us
,,17038988798,,,,chantilly,va,20152,us
info@hometechva.com,,17572231062,17572231065,,,yorktown,va,23693,us
sales@plasmaguys.com,,17577734388,,,,chesapeake,va,23322,us
clientservices@smartcomht.net,,15402860300,,,,fredericksburg,va,22406,us
,,15715350070,,scott,gossert,greatfalls,va,22066,us
,,17572691537,,,,chesapeake,va,23321,us
,,18028785368,18008105368,,,williston,vt,05495,us
contact@sivermont.com,,18027351400,,,,williston,vt,05495,us
info@vermontelectronics.biz,,18022536509,,,,stowe,vt,05672,us
,,14252243788,,travis,bain,snohomish,wa,98290,us
sales@beyondhifi.com,service@beyondhifi.com,14259988008,,,,bellevue,wa,98005,us
info@horizonavs.com,,13602937335,,,,anacortes,wa,98221,us
service@ihi-nw.com,info@ihi-nw.com,14257461262,,,,issaquah,wa,98027,us
info@lluminet.com,,14253904575,,,,renton,wa,98058,us
,,14254406206,14254406208,,,bellevue,wa,98006,us
,,14257667411,,,,tukwila,wa,98188,us
contact@thosetechguys.com,,12066298524,,,,tukwila,wa,98188,us
justin@theaudiovideopros.com,austin@theaudiovideopros.com,16087799395,,justin,snyder,onalaska,wi,54650,us
charlie@einsteinaudiosystems.com,,16082680000,16082684466,,,stoughton,wi,53589,us
info@elementalhometech.com,,16088770265,,,,stoughton,wi,53589,us
dsteybe@flanners.com,,14148001480,,,,westallis,wi,53214,us
info@hitechhomes.com,,12623756742,,,,pewaukee,wi,53072,us
ernst@homeavpros.com,sales@homeavpros.com,16086165529,,,,monona,wi,53716,us
sales@iqautomation.net,,12626969633,,,,brookfield,wi,53072,us
support@sound-designs.net,sales@sound-designs.net,12622425599,,,,mequon,wi,53092,us
webmaster@suesselectronics.com,,19207336464,,rosemary,suess,appleton,wi,54914,us
sales@hts-wyo.com,,13072284487,,,,lovell,wy,82431,us
rich@jacksonholeav.com,info@jacksonholeav.com,13077332629,,rich,ashburn,jackson,wy,83001,us
,,14152836976,,,,sanmateo,ca,94402,us
,,14153612429,13103833022,,,belmont,ca,94002,us
,,14156245352,,,,oakland,ca,94607,us
,,16504895454,,,,mountainview,ca,94041,us
support@brilliant.tech,sales@brilliant.tech,18556500940,,jonathan,temlock,sanmateo,ca,94401,us
gbarker@smarthomesecuritycontrol.com,gregory.barker@yahoo.com,19258542694,19253223095,,,alamo,ca,94507,us
,,14156617943,,,,sanfrancisco,ca,94116,us
gjanke@premierac.com,august@premierac.com,15108968716,18105034243,georgia,janke,newark,ca,94560,us
,,14158976217,,,,novato,ca,94949,us
,,13233916417,,,,beverlyhills,ca,90212,us
sanmateo-service@security101.com,,16502493315,18002612041,,,sanmateo,ca,94401,us
,,14086269641,,,,sanjose,ca,95112,us
info@smartwireselectric.com,,16692720099,16692720010,,,saratoga,ca,95070,us
,,16699002580,,,,sunnyvale,ca,94087,us
,,14088399298,,,,santaclara,ca,95050,us
cthompson@automatedbldgs.com,info@automatedbldgs.com,14083808518,14086051874,,,sanjose,ca,95112,us
,,14083870878,,,,sanjose,ca,95117,us
,,14083451465,,mitsu,orozco,santaclara,ca,95050,us
,,14087811299,,,,sanjose,ca,95123,us
info@intelligencesecurity.net,,14087486010,,,,sanjose,ca,95128,us
,,16692244990,,,,santaclara,ca,95050,us
,,14083849762,,,,santaclara,ca,95050,us
contact@automationanywhere.com,,18884843535,14088347676,mihir,shukla,sanjose,ca,95134,us
service@asgbms.com,sales@asgbms.com,14086492700,14084320300,tony,skibinski,sanjose,ca,95131,us
information@homenes.com,,14082544663,17023332412,,,sanjose,ca,95131,us
,,14083581500,14083582090,larry,walker,campbell,ca,95008,us
,,14083691245,,,,campbell,ca,95008,us
,,14083934779,,,,campbell,ca,95008,us
info@ics-integration.com,,14084916000,14089980100,,,sanjose,ca,95119,us
,,14154597900,18004260277,mark,hoffenberg,sanrafael,ca,94901,us
info@kinetic.auto,media@kinetic.auto,18887442327,16579004182,qasar,younis,phoenix,az,85027,us
customercare@avsnext.com,info@avsnext.com,14158241717,,,,sanfrancisco,ca,94110,us
,,14154416220,,,,sanfrancisco,ca,94115,us
,,17075424773,12086182006,larry,dashiell,santarosa,ca,95403,us
,,14152952365,,robert,may,sanfrancisco,ca,94103,us
info@neetek.com,,14159462390,,michael,chung,sanfrancisco,ca,94111,us
dsanguenza@managecasa.com,info@managecasa.com,18009986627,14153905386,,,sanfrancisco,ca,94111,us
,,14088403736,,,,gilroy,ca,95020,us
,,14158516622,,,,sanfrancisco,ca,94133,us
info@ipsofacto.net,,14153622922,,,,sanfrancisco,ca,94114,us
info@techinsf.com,,14157613632,,john,williamson,sanfrancisco,ca,94107,us
,,18004658929,,,,sanfrancisco,ca,94108,us
,,14156302411,,,,sanfrancisco,ca,94111,us
info@tekrevol.com,,14152261313,18003629239,hansel,graef,sanfrancisco,ca,94105,us
,,17075748728,,vinny,bagala,santarosa,ca,95401,us
,,17072835900,17604387000,,,petaluma,ca,94954,us
s.filimoshkina@svitla.com,g.biriukova@svitla.com,14158918605,14158918604,nataliya,anon,cortemadera,ca,94925,us
,,14157580044,,skip,mccormack,sanrafael,ca,94903,us
,,12297041076,,,,cortemadera,ca,94925,us
justin@jacopidesigns.com,,14152466607,,,,novato,ca,94949,us
,,14155248741,,nyal,mellor,sanrafael,ca,94901,us
,,19165838890,,,,roseville,ca,95678,us
,,19164575504,,,,sacramento,ca,95815,us
,,15108653940,,,,alameda,ca,94501,us
info@avdg.com,sales@avdg.com,18775542834,18669852834,curtis,heath,sanrafael,ca,94901,us
,,19253578894,,,,pleasanthill,ca,94523,us
,,14158831476,,,,novato,ca,94949,us
,,19258204900,,,,pleasanthill,ca,94523,us
hello@gridwiseelectric.com,,14154888828,,mark,lounsbury,sanrafael,ca,94901,us
,,17073877780,,,,napa,ca,94558,us
production@indigolive.com,,17079400022,,,,napa,ca,94559,us
,,17079753790,,,,napa,ca,94559,us
,,18552021444,,fred,fontaine,napa,ca,94558,us
,,18555746567,,don,rinkor,santarosa,ca,95403,us
,,12394388494,,,,naples,fl,34120,us
4see@hometronicsfl.com,info@hometronicsfl.com,12393003873,,,,naples,fl,34109,us
aei@1aei.com,,12393195732,17246461903,,,naples,fl,34110,us
,,12393002138,19419280343,mark,bolduc,naples,fl,34102,us
sales@allinonetechnology.com,,12394001622,,,,naples,fl,34110,us
,,12395377573,,,,naples,fl,34120,us
,,18179284646,,andrew,haggard,colleyville,tx,76034,us
,,12144491402,,,,frisco,tx,75034,us
,,19724901090,,,,dallas,tx,75252,us
,,19723665432,,,,plano,tx,75093,us
,,14699197318,,,,dallas,tx,75254,us
marketing@mycinematech.com,,19723811071,,,,addison,tx,75001,us
,,12147442155,,,,dallas,tx,75238,us
,,19723943300,,,,dallas,tx,75252,us
,,13607464210,,,,allen,tx,75013,us
,,12143402222,12547737300,kody,shed,plano,tx,75074,us
,,19722500006,18326497658,,,allen,tx,75013,us
,,18175217839,14693051939,jordan,desmarais,haslet,tx,76052,us
,,14699807177,,,,aubrey,tx,76227,us
,,12149346865,,,,wylie,tx,75098,us
sales@automationintegration.net,,12144325981,,,,celina,tx,75009,us
,,12143933129,,,,southlake,tx,76092,us
,,18179931100,19723520854,jorge,castro,southlake,tx,76092,us
jim@jmintegrators.com,,12144600364,,,,dallas,tx,75230,us
,,19403238178,,,,denton,tx,76208,us
,,18333728346,,brian,row,hurst,tx,76053,us
,,12142440149,19403219473,kevin,smith,corinth,tx,76210,us
,,18175851467,,,,benbrook,tx,76126,us
,,16822604947,13038930552,,,arlington,tx,76015,us
sales@txautosys.com,,14696975708,,,,grandprairie,tx,75050,us
sales@seatonas.com,,18173504591,,,,fortworth,tx,76119,us
info@chisholmsecurity.com,,18176164190,,jon,kelch,fortworth,tx,76132,us
,,18175944787,,,,brock,tx,76087,us
,,19727711050,,,,heath,tx,75032,us
info@mastervideo.net,,12143883446,,,,rockwall,tx,75087,us
,,14695732375,,,,wylie,tx,75098,us
info@triumphav.com,,12144949369,,,,heath,tx,75032,us
info@hytechservices.com,,12146079678,,,,rowlett,tx,75088,us
info@opus.one,,12123433030,,,,newyork,ny,10018,us
,,16692739580,,,,brooklyn,ny,11224,us
,,13322649746,18888872702,,,brooklyn,ny,11201,us
,,17182697156,12000341991,,,greatneck,ny,11021,us
,,15168805399,,,,lindenhurst,ny,11757,us
,,19149397000,,tom,manna,ryebrook,ny,10573,us
,,19296494748,,frank,montesinos,newyork,ny,10001,us
,,18664702244,19292850090,,,newyork,ny,10013,us
,,12122494104,,,,newyork,ny,10024,us
,,19293451008,13478680337,,,longislandcity,ny,11101,us
,,12124019832,,,,newyork,ny,10013,us
,,18668150099,,,,newyork,ny,10018,us
info@standard-integration.com,,18667499526,12000321268,,,newyork,ny,10001,us
,,19179971917,,,,newyork,ny,10003,us
,,12127521214,,,,newyork,ny,10022,us
,,13474349673,12016202929,,,brooklyn,ny,11211,us
,,16465728199,,,,newyork,ny,10018,us
,,15163654434,,,,manhasset,ny,11030,us
info@nycittech.com,,12126713330,,,,newyork,ny,10017,us
info@avequipmentrental.nyc,,12127294305,18773495278,,,newyork,ny,10018,us
jason@hifi-loft.com,,15189208090,15186882111,,,newyork,ny,10036,us
,,18668480505,14753634330,mark,motyl,newyork,ny,10014,us
info@fhtla.com,,13105596100,,murray,kunis,losangeles,ca,90016,us
,,18188126598,,,,vannuys,ca,91406,us
,,13104322381,,tom,schilling,vannuys,ca,91406,us
hello@latechs.com,,12133548324,,,,lomita,ca,90717,us
,,18777966344,,,,losangeles,ca,90035,us
,,14243134200,13107500697,,,beverlyhills,ca,90212,us
svenegas@asi-technician.com,,16268124488,16268127799,,,baldwinpark,ca,91706,us
,,13106457226,18884004070,,,losangeles,ca,90045,us
aftercare@audiocommand.com,sales@audiocommand.com,13104443882,15169975800,jonathan,flamm,losangeles,ca,90025,us
,,12132243660,,,,losangeles,ca,90071,us
,,18182721642,,,,shermanoaks,ca,91403,us
info@sounddecisionav.com,,18189194400,13102461061,,,lacaadaflintridge,ca,91011,us
,,13102763955,,,,losangeles,ca,90035,us
mihai@ionavt.com,info@ionavt.com,18188048891,,mihai,ion,northhollywood,ca,91605,us
,,17089193659,,,,oakpark,il,60301,us
,,18474293216,,,,winnetka,il,60093,us
,,13126802903,,,,chicago,il,60657,us
,,18477105858,,,,niles,il,60714,us
,,12242428193,,,,northbrook,il,60062,us
,,12246623529,,,,lakezurich,il,60047,us
,,13128799990,16308982850,brian,perreault,chicago,il,60654,us
,,17085973143,,,,alsip,il,60803,us
,,17737883094,,,,chicago,il,60610,us
,,17084341197,,,,oakpark,il,60302,us
,,17738628143,,,,chicago,il,60657,us
hello@qorvantis.com,,13312156090,,,,rosemont,il,60018,us
,,13126009615,,,,chicago,il,60654,us
,,13124204942,,,,chicago,il,60622,us
,,17086696471,,,,chicago,il,60601,us
pjriehle@yahoo.com,,16303368777,,,,willowbrook,il,60527,us
,,17085166996,,involved,expertise,hammond,in,46324,us
,,17737201542,18889087725,,,chicago,il,60640,us
info@quality-connect.com,,17736614000,,,,chicago,il,60618,us
colin@audiblesound.com,info@audiblesound.com,17735809414,,,,chicago,il,60660,us
info@concertsound.com,,18556422432,,michael,patrick,chicago,il,60639,us
,,17139802877,,,,houston,tx,77057,us
,,18324296549,,,,deerpark,tx,77536,us
,,17133000685,,,,houston,tx,77082,us
,,12815377373,12815377139,,,houston,tx,77069,us
robert@protech-home.com,,17139061611,,,,houston,tx,77033,us
,,12819079620,,,,spring,tx,77373,us
,,17137223500,,,,houston,tx,77043,us
,,17132918454,,,,houston,tx,77057,us
,,17139998042,,cory,andrews,houston,tx,77092,us
,,17135200025,17135200023,bill,maxey,houston,tx,77055,us
allison.hall@cti.com,bonnie.granda@cti.com,17132908300,18007436051,dennis,woodhouse,houston,tx,77055,us
info@twistist.com,,17136880696,,curt,hall,houston,tx,77092,us
info@hometheaterhouston.com,,12817864222,12817422054,,,houston,tx,77056,us
,,18327937986,,,,houston,tx,77098,us
,,12155156108,,,,philadelphia,pa,19102,us
,,12679707377,,,,philadelphia,pa,19115,us
,,16108103344,,thomas,moser,garnetvalley,pa,19060,us
,,16104506580,,,,collegeville,pa,19426,us
info@vtxauto.com,,12153226788,12153222816,hans,schoenberger,huntingdonvalley,pa,19006,us
,,16104598448,,,,glenmills,pa,19342,us
,,12677216010,,,,philadelphia,pa,19131,us
support@deluxetechllc.com,,12154540473,16094310367,,,philadelphia,pa,19122,us
info@mmsproav.com,,12677139876,,nik,mondo,essington,pa,19029,us
,,12155501291,,,,philadelphia,pa,19118,us
,,17177012275,,,,lancaster,pa,17603,us
info@pantherproaudio.com,,12153569125,,daniel,kishbaugh,philadelphia,pa,19120,us
info@audiogeneral.com,,12672880300,12672880301,,,huntingdonvalley,pa,19006,us
walter@phillysound.com,,12153822616,,,,philadelphia,pa,19143,us
info@soflosystems.com,,19547872613,,,,fortlauderdale,fl,33311,us
,,13052009726,,,,miami,fl,33172,us
,,13057726198,,,,miami,fl,33132,us
,,17864513649,,,,miami,fl,33122,us
info@avlsolutions.com,,13057070621,17865622164,,,doral,fl,33172,us
,,17862547915,,,,doral,fl,33172,us
,,17866779778,,,,miami,fl,33131,us
info@onsmartech.com,,13053891529,,,,miami,fl,33185,us
,,17863397393,,,,homestead,fl,33034,us
,,13057604955,,,,miami,fl,33132,us
info@atgamerica.com,,19548354495,,ken,serig,miami,fl,33186,us
,,19545045404,,,,davie,fl,33328,us
,,13058052800,18884439776,,,medley,fl,33166,us
customerservice%20@lightingreps.net,sebastian@lightingreps.net,13055005580,17877081532,carlos,leon,miami,fl,33125,us
hello@dreamediaav.com,sales@dreamediaav.com,19546367975,18774179000,,,miamibeach,fl,33139,us
,,13053749767,13056067660,,,miami,fl,33131,us
,,16787617564,,,,atlanta,ga,30303,us
contact@truthautomations.com,,14704108227,,,,atlanta,ga,30326,us
info@wedoautomation.com,,14702388806,18885288668,alex,huber,tucker,ga,30084,us
,,18333258427,,,,atlanta,ga,30308,us
sales@factoryautomation.com,,17709966955,,,,collegepark,ga,30349,us
info@smarti4u.com,,18885195678,,,,atlanta,ga,30349,us
sales@pavatlanta.com,,16787926951,,jason,caponi,marietta,ga,30067,us
,,17706120166,,,,roswell,ga,30075,us
,,16176574848,,,,quincy,ma,02171,us
,,16174095577,,,,boston,ma,02210,us
,,17813260275,,,,stoughton,ma,02072,us
info@edgeautomationsolutions.com,service@edgeautomationsolutions.com,19784033343,15106495710,nick,agganis,northreading,ma,01864,us
,,19789967732,,,,belmont,ma,02478,us
,,16173796738,,,,boston,ma,02127,us
john.umina@ihomesys.com,info@ihomesys.com,19783694937,,,,watertown,ma,02472,us
office@elitesecurityandaccess.com,,16177651303,,john,smith,boston,ma,02116,us
,,16173253131,,,,medford,ma,02155,us
,,16176816700,16176816900,,,charlestown,ma,02129,us
info@bostonsecurityintegration.com,,16179331732,,,,methuen,ma,01844,us
,,16179331732,,,,boston,ma,02116,us
,,15083863927,,,,raynham,ma,02767,us
info@building-automation.com,,17813373040,17813379289,,,weymouth,ma,02189,us
,,16179327575,18444624625,robert,farina,boston,ma,02110,us
,,16175863538,,,,boston,ma,02134,us
info@summitautomation.com,,14805005468,,,,mesa,az,85210,us
baziz@artisanaz.com,jbakutis@artisanaz.com,14805381071,14802479100,,,scottsdale,az,85260,us
,,16023294252,,,,scottsdale,az,85260,us
info@peaksystems.tech,,16027302940,,,,scottsdale,az,85251,us
,,16235370110,18008033981,helen,heisler,phoenix,az,85027,us
info@ltgaz.com,,16027484040,,,,scottsdale,az,85260,us
,,16233225458,18772465458,,,phoenix,az,85050,us
mjg@vme.com,msd@vme.com,14805138979,14805133993,,,scottsdale,az,85260,us
tmcanally@aveaz.com,info@aveaz.com,14806495155,,,,phoenix,az,85018,us
,,14156609391,18884089738,lee,hallberg,sanfrancisco,ca,94105,us
,,14152161260,,,,sanfrancisco,ca,94103,us
,,14156713880,,,,sanfrancisco,ca,94124,us
info@mhzav.com,,16506417135,18772249072,,,sanfrancisco,ca,94107,us
,,16508731111,,,,southsanfrancisco,ca,94080,us
,,14087174388,16504698825,dan,walker,campbell,ca,95008,us
,,18003470295,,,,redmond,wa,98052,us
,,14258291096,,suzanne,zahr,kirkland,wa,98034,us
,,12533035391,,,,mercerisland,wa,98040,us
,,14254707323,14256455865,,,marysville,wa,98270,us
aiden@wacitech.com,michael@wacitech.com,12067870071,,,,seattle,wa,98133,us
jeff@alltechsystemsinc.net,,14253797733,,,,marysville,wa,98270,us
,,12062796562,,,,seattle,wa,98108,us
support@avisolutions.net,,18442849473,,,,seattle,wa,98104,us
,,19133792028,19134959494,,,lenexa,ks,66214,us
info@cielowigle.com,support@cielowigle.com,14255295775,18009952222,,,bellevue,wa,98007,us
hello@cchbuilds.com,,12067827070,,rob,carlisle,seattle,wa,98117,us
support@region6.systems,office@region6.systems,18888664251,,,,seattle,wa,98109,us
,,12064306090,,jhon,doe,seattle,wa,98117,us
,,18444473428,,,,tukwila,wa,98188,us
,,12066136600,12065218342,sandy,gill,seattle,wa,98104,us
,,12069151058,,,,seattle,wa,98102,us
,,12062748477,18665483185,,,seattle,wa,98107,us
info@olisrobotics.com,,18553376268,18553366268,,,seattle,wa,98104,us
,,18773339872,,,,seattle,wa,98101,us
support@igms.com,marketing@igms.com,14252222922,14253572673,igor,kostin,seattle,wa,98101,us
heidi@idiehstudio.com,,12062519820,,,,seattle,wa,98116,us
rchap@rainiercustomhomes.com,rchar@rainiercustomhomes.com,13608020981,12065134242,,,renton,wa,98057,us
info@tbhsterling.com,,12069395535,,,,seattle,wa,98108,us
,,16698002500,,,,seattle,wa,98108,us
contact@webcon.com,,12065132513,18124431390,,,seattle,wa,98101,us
info@zentechworks.com,,14252493978,12063970323,,,seattle,wa,98103,us
,,12064543160,,,,seattle,wa,98134,us
info@snic.com,,12064419009,,,,seattle,wa,98115,us
,,18889167768,,,,seattle,wa,98121,us
info@puzzleconstructiongroup.com,,14252726063,12068884880,yevheniia,vladarchyk,renton,wa,98057,us
749ac52e1bbc447bbb2ada30e6887425@itrellis.com,info@itrellis.com,14253057260,14255918051,chris,johnson,seattle,wa,98104,us
contact@yavar.it,,12067530109,12067530106,,,seattle,wa,98101,us
sales@elluminatiinc.com,info@elluminatiinc.com,16465850540,14155470560,haney,sabet,seattle,wa,98104,us
info@theobald-software.com,info@us.theobald-software.com,12066819638,17114605990,patrick,theobald,seattle,wa,98121,us
info@aadigi.com,,14257807821,17148395041,,,seattle,wa,98103,us
contact@pipe17.com,,,,mo,afshar,seattle,wa,98121,us
info@phishcloud.com,,18665980440,,terry,mccorkle,seattle,wa,98134,us
controls@erwlighting.com,u003einfo@erwlighting.com,12067677722,12062043955,jay,pachl,seattle,wa,98108,us
info@avexclusives.com,,14252458846,,,,edmonds,wa,98026,us
,,12064050824,,,,seattle,wa,98104,us
glenn@shultzav.com,,17604440407,17605057461,glenn,shultz,escondido,ca,92029,us
tracking@homecontrols.com,returns@homecontrols.com,18586938887,18586938892,,,sandiego,ca,92126,us
service@houseofautomation.com,,16194417400,,,,elcajon,ca,92020,us
,,16194885111,,,,lamesa,ca,91942,us
,,16192572577,,,,sandiego,ca,92110,us
info@pascontrols.com,,18583916400,,,,sandiego,ca,92121,us
,,16157937704,,,,lavergne,tn,37086,us
sumner.lee@fuseintegration.com,scott.rosebush@fuseintegration.com,16192550668,,sumner,lee,sandiego,ca,92111,us
contactus@environmentallights.com,hr@environmentallights.com,18887828132,18888801880,,,poway,ca,92064,us
,,18582688400,18582569816,,,sandiego,ca,92123,us
,,13233040378,,,,sandiego,ca,92108,us
,,15716450498,,,,sandiego,ca,92122,us
contact@tishops.com,,16192592215,16198793816,,,nationalcity,ca,91950,us
,,19522484725,,,,minnetonka,mn,55305,us
,,19529290000,,dennis,galligan,stlouispark,mn,55426,us
,,16123082486,,,,robbinsdale,mn,55422,us
sales@minnesotasecurity.com,,19522249191,,,,edina,mn,55439,us
,,16123899755,16127902172,,,edenprairie,mn,55344,us
,,19524058397,,,,minnetonka,mn,55345,us
,,17635713336,,,,minneapolis,mn,55429,us
mmetzger@greatriverautomation.com,dnordstrom@greatriverautomation.com,18004487585,16129003223,,,newbrighton,mn,55112,us
info@techsavvymn.com,,16128450517,,,,minneapolis,mn,55407,us
info@ecsillc.com,careers@ecsillc.com,16517357470,16516436600,jerry,retires,eagan,mn,55121,us
info@customautomationinc.net,,17637929434,,,,blaine,mn,55449,us
sales@zsyst.com,,19529743140,19529743141,,,minneapolis,mn,55426,us
,,19529387500,16125591000,,,minnetonka,mn,55345,us
sales@bautomation.com,,17635718580,18775718580,blaine,bunting,minneapolis,mn,55433,us
info@icsminn.com,,17634326076,,,,excelsior,mn,55331,us
info@spye.co,,16123186388,16123567605,,,minneapolis,mn,55406,us
appointments@phase-electric.com,service@phase-electric.com,19528814100,,brad,alness,bloomington,mn,55431,us
support@securityoneonline.com,,18885845152,16126056049,,,minneapolis,mn,55402,us
,,17634886600,18005373611,mike,turner,minneapolis,mn,55406,us
,,17632101171,17632337737,,,brooklyncenter,mn,55430,us
,,17632337700,19529994500,,,brooklyncenter,mn,55430,us
,,16512531876,,,,roseville,mn,55113,us
sales@curbsideproductions.com,,16122329119,,,,minneapolis,mn,55418,us
,,12313977404,,,,minneapolis,mn,55418,us
info@imav.pro,,16513004154,,theo,christofore,minneapolis,mn,55418,us
enielsen@audio-visions.com,jgoforth@audio-visions.com,16516458782,14028945800,,,vadnaisheights,mn,55110,us
,,16129656635,16129641413,,,minneapolis,mn,55411,us
info@outdoortheatersystem.com,,18006307503,18002909476,,,edenprairie,mn,55344,us
,,17634008708,,,,minneapolis,mn,55404,us
,,19529151180,,,,hopkins,mn,55343,us
,,16125886722,,,,edenprairie,mn,55346,us
info@soundmaskingpros.com,,17632109989,,,,goldenvalley,mn,55426,us
,,16123398616,17637105700,daniel,woody,minneapolis,mn,55405,us
,,18776439682,,,,minneapolis,mn,55423,us
,,13035589050,,joe,montoya,denver,co,80223,us
,,13035260403,17205379402,ron,callis,lakewood,co,80214,us
info@sysdy.com,,13039622022,,matt,johnson,denver,co,80203,us
,,17203532803,,,,lakewood,co,80226,us
,,17207334295,,,,littleton,co,80120,us
,,17205320199,13033591974,kevin,nguyen,lakewood,co,80215,us
info@avlsg.com,,13035311015,19542330389,,,englewood,co,80110,us
,,13034100924,18552854647,david,king,arvada,co,80002,us
parts@novaautomation.com,service@novaautomation.com,13034955010,,,,denver,co,80219,us
,,14154665200,,deb,noller,denver,co,80202,us
s.giordani@bluepillow.com,,,,,,denver,co,80204,us
,,17205315830,,,,denver,co,80216,us
adam@soundscapestereo.com,,17209649046,,,,evergreen,co,80439,us
,,13036629402,,,,centennial,co,80111,us
info@ampchamp.com,,17209004386,,,,denver,co,80207,us
,,18133441944,,,,tampa,fl,33624,us
michael.haueter@smarterhandyman.org,service@smarterhandyman.org,18136999776,,,,riverview,fl,33579,us
sales@flashsecurity.com,info@flashsecurity.com,18669977757,13373341698,,,tampa,fl,33609,us
,,18135754483,18137336080,,,tampa,fl,33607,us
,,14072283000,,,,orlando,fl,32835,us
sales@primeavs.com,,18134135450,18134928329,,,university,fl,33613,us
,,18139625816,,,,tampa,fl,33624,us
,,18133828324,,,,tampa,fl,33629,us
,,18134457355,,,,tampa,fl,33606,us
info@abegame.com,,17049744858,,,,concord,nc,28027,us
u003einfo@securitylifeinc.com,info@securitylifeinc.com,17042474141,17042474126,,,charlotte,nc,28216,us
nick@roviraenterprise.com,,17047379477,,,,charlotte,nc,28262,us
,,19805019010,,,,charlotte,nc,28210,us
info@audiovideodata.com,,18038795599,17049669095,,,fortmill,sc,29708,us
,,19802394781,17048390782,,,indiantrail,nc,28079,us
info@smartersys.com,,17047655065,17047315535,ned,coleman,charlotte,nc,28273,us
,,17047848101,18136763080,,,concord,nc,28025,us
,,17042722221,,,,charlotte,nc,28209,us
,,17043698642,13362928777,michael,rushing,charlotte,nc,28206,us
hello@levelupcharlotte.com,,19803168045,,despina,koumantaros,charlotte,nc,28277,us
,,17045990112,18554081876,,,charlotte,nc,28269,us
info@sightandsound-av.com,,17046341408,18039950909,,,fortmill,sc,29707,us
,,17043625333,,,,charlotte,nc,28211,us
,,15126559795,,,,austin,tx,78702,us
,,15125227817,,,,roundrock,tx,78665,us
,,18776272215,18442345143,mark,tanner,cedarpark,tx,78613,us
,,15128273497,,,,austin,tx,78738,us
,,15123878221,12812048300,,,austin,tx,78758,us
contact@relant-us.com,,17374121717,15124890523,,,austin,tx,78759,us
,,15126564055,,,,austin,tx,78759,us
info@goaaacontrol.com,,15127902424,,danny,darek,austin,tx,78704,us
,,15129695155,,,,austin,tx,78758,us
,,18445887661,,,,austin,tx,78741,us
glennm@soundsanctuaryaustin.com,,15125348613,15128830844,,,austin,tx,78738,us
info@tvmountingaustintx.com,,17372975264,,,,austin,tx,78703,us
,,14076103191,14076103101,,,ladylake,fl,32159,us
info@cflautomation.com,,13219992120,,,,wintergarden,fl,34787,us
,,14077551009,18325281158,,,altamontesprings,fl,32701,us
,,13212777173,,,,winterpark,fl,32789,us
sales@inconlighting.com,,14073235630,18003935630,,,sanford,fl,32773,us
altitudefidelity@outlook.com,,19729516304,,,,orlando,fl,32829,us
edwin@ecultimatetech.com,,14079293121,16892095373,,,apopka,fl,32703,us
production@eartsinc.com,byron@eartsinc.com,14072999678,18505657779,,,orlando,fl,32808,us
info@honestavpros.com,,14076068008,,,,orlando,fl,32809,us
sales@gseav.com,,14079721249,18885736847,jeanne,schneider,orlando,fl,32819,us
,,18007722292,,,,campbell,ca,95008,us
inquiries@pavion.com,service@pavion.com,18665728466,18884010647,fire,business,leessummit,mo,64064,us
,,18446225710,,,,sanjose,ca,95131,us
,,16696908002,,,,sanjose,ca,95116,us
info@wiredint.com,,14084418100,14084594950,,,sanjose,ca,95110,us
sales@ccintegration.com,support@ccintegration.com,18777297330,14698975800,,,sanjose,ca,95131,us
,,14084958007,18667753124,andy,schnadarle,sanjose,ca,95112,us
info@roboteon.com,,14088887623,,,,sanjose,ca,95110,us
cs@itconstructionpros.com,,14082258777,,,,sanjose,ca,95123,us
info@insyncai.com,,14088591614,,,,sanjose,ca,95113,us
,,14084753282,,michael,bolanos,sanjose,ca,95110,us
,,14082740400,18558658243,,,sanjose,ca,95134,us
,,16698774400,,,,sanjose,ca,95125,us
lizr@borgessecurity.com,,14082862205,,,,sanjose,ca,95127,us
katie@precisioncommsystems.com,corporate@precisioncommsystems.com,14085838140,,,,sanjose,ca,95131,us
meinfo@platform9.com,info@platform9.com,16508987369,,sirish,raghuram,sanjose,ca,95113,us
sales@avstech.com,support@avstech.com,18007011866,12018603550,michael,riotto,sanjose,ca,95131,us
bi.sales@infinitisolutions.com,adaptive@infinitisolutions.com,14089237300,14082515431,,,sanjose,ca,95134,us
mail@diffco.us,,14156551002,,vadim,peskov,sanjose,ca,95110,us
servicedesk@zagtech.com,,14083832000,17205248616,daniel,noy,sanjose,ca,95134,us
payal.mathur@jadeglobal.com,marketing@jadeglobal.com,14088997200,18008997200,karan,yaramada,sanjose,ca,95110,us
,,16692921211,,,,sanjose,ca,95113,us
,,18559255472,,,,sanjose,ca,95110,us
venues@nextlevelproductionservices.com,info@nextlevelproductionservices.com,14088278521,,,,sanjose,ca,95112,us
,,14086370545,,,,sanjose,ca,95117,us
,,14083707578,,,,campbell,ca,95008,us
info@zamarmedia.com,,14082264323,,,,sanjose,ca,95119,us
,,16152619930,,john,lupear,smyrna,tn,37167,us
cameraexpert@outlook.com,,16159677737,,,,brentwood,tn,37027,us
,,16158007276,,john,doberneck,nashville,tn,37203,us
,,16152607561,,jonathan,bennett,nashville,tn,37209,us
,,16153608382,,,,lavergne,tn,37086,us
pluke@opensourcecontrols.com,,16158005575,,,,nashville,tn,37211,us
sales@springautomation.com,,16154729454,,matt,harvey,nashville,tn,37204,us
bladd@defense-is.com,bwilson@defense-is.com,18004826108,15088571836,managing,member,nashville,tn,37220,us
,,18338433300,,,,nashville,tn,37204,us
,,16155890215,15555555555,,,nashville,tn,37211,us
,,16152164970,,,,dickson,tn,37055,us
,,16158387178,,,,nashville,tn,37209,us
info@austinav.com,,16158902775,,,,murfreesboro,tn,37129,us
,,16153913700,,ken,porter,nashville,tn,37210,us
sales@cm-audiovisual.com,,18667456965,,,,nashville,tn,37238,us
webmaster@etigroupav.com,info@etigroupav.com,17025827631,18186054124,,,northlasvegas,nv,89031,us
,,17022203591,18553894663,nathan,mays,lasvegas,nv,89118,us
,,17022406399,,,,lasvegas,nv,89118,us
,,17027930591,,jason,cardona,lasvegas,nv,89131,us
,,17028508350,18664954465,scott,underbrink,lasvegas,nv,89128,us
,,17026002385,,,,lasvegas,nv,89120,us
,,17027447779,17025372657,president,clinton,lasvegas,nv,89103,us
sales@immersive.vegas,,17022964981,17023499100,,,lasvegas,nv,89103,us
,,15035151192,,jason,gotz,damascus,or,97089,us
,,18779653284,,,,camas,wa,98607,us
,,15034845700,,,,portland,or,97214,us
contact@ak.systems,,15038803995,,,,portland,or,97229,us
,,19712558463,19712258463,,,portland,or,97211,us
,,15038223500,18445383766,,,portland,or,97209,us
,,15032126488,13604696829,,,damascus,or,97089,us
,,15033957665,,kevin,kent,vancouver,wa,98661,us
,,18773884001,18009623111,,,portland,or,97266,us
,,18443052665,,brian,cook,portland,or,97220,us
,,18004269806,18885759992,,,portland,or,97212,us
info@huserintegrated.com,,15032276688,,,,portland,or,97209,us
,,15032579696,,bill,glasbrenner,portland,or,97216,us
nathan@omniwireinc.com,,15039066355,15035166262,,,portland,or,97233,us
,,18665392633,,,,portland,or,97201,us
hello@peoplesav.com,,15039335116,,,,portland,or,97214,us
justin@pcg.live,info@pcg.live,15033439700,,justin,hamilton,portland,or,97206,us
rfp@seamlessevents.com,,15032300222,,laurel,miller,portland,or,97214,us
inquiry@rthautomation.com,,12103103660,12103103737,,,sanantonio,tx,78219,us
joby@alarmconsult.com,,12103171194,,joby,gray,sanantonio,tx,78258,us
,,12109958655,,,,sanantonio,tx,78254,us
,,18554856682,,,,sanantonio,tx,78257,us
jrhoward@h3automationcontrols.com,amyhoward@h3automationcontrols.com,12602421961,12607048762,,,sanantonio,tx,78233,us
w.meiers@aac-tx.com,admin@aac-tx.com,19498649322,,,,sanantonio,tx,78217,us
,,12107014113,,chris,cantu,sanantonio,tx,78232,us
,,12109372461,,,,sanantonio,tx,78203,us
,,12103753525,,,,sanantonio,tx,78216,us
info@fortresslinksecurity.com,,12108764857,,eric,garner,sanantonio,tx,78266,us
webmaster@towerelectric.net,,12105907333,,,,sanantonio,tx,78219,us
,,12109429799,,,,sanantonio,tx,78212,us
,,12107418121,,,,sanantonio,tx,78202,us
sales@audiogeeks.com,,18004641540,,,,sanantonio,tx,78249,us
info@directmotiontechnologies.com,,12108846403,,,,sanantonio,tx,78205,us
carolg@saslonline.com,mark@saslonline.com,12105243910,,mark,stevens,sanantonio,tx,78216,us
info@texasavl.com,,12107599454,19567527500,,,sanantonio,tx,78205,us
,,12103141004,,,,sanantonio,tx,78216,us
,,19165389744,,,,sacramento,ca,95842,us
,,19167976332,,,,sacramento,ca,95814,us
,,18556326272,,,,rocklin,ca,95677,us
goelectric@jetsonhome.com,support@jetsonhome.com,18889965876,,peter,hollero,westsacramento,ca,95691,us
info@msmhomesolutions.com,,19162036386,19166555207,,,sacramento,ca,95841,us
tstuder@astrosecuritymonitoring.com,,19162529121,18886104366,,,sacramento,ca,95822,us
supplysales@capturet.com,info@capturet.com,19164435050,18005445050,joe,franco,citrusheights,ca,95610,us
,,19164730623,18667098869,,,sacramento,ca,95842,us
,,18773312084,19096287773,,,sacramento,ca,95834,us
,,19164493902,18008580549,,,sacramento,ca,95814,us
,,19164730643,,,,sacramento,ca,95821,us
info@metromedia-productions.com,,19169248431,12198062920,paul,tisa,sacramento,ca,95834,us
,,18162107575,,,,leessummit,mo,64086,us
,,19134996953,,,,shawnee,ks,66227,us
,,18443143487,18169140263,,,lenexa,ks,66219,us
ryon@kctechsystems.com,,18169979544,,,,kansascity,mo,64153,us
service@eliteautomate.com,info@eliteautomate.com,19137662188,,,,overlandpark,ks,66212,us
,,19133039700,19133474396,,,kansascity,ks,66106,us
djohnson@systemig.com,ryana@systemig.com,18164150203,19419274308,,,pleasantvalley,mo,64068,us
info2@genesyscorp.net,,18165257701,,,,kansascity,mo,64132,us
contact@apexhometek.com,,19132855790,,,,kansascity,mo,64108,us
support@catiais.com,,18166422593,,,,independence,mo,64055,us
office@icthomepros.com,,19133432703,13166170034,alvaro,ramirez,kansascity,mo,64102,us
,,18164038559,,,,kansascity,mo,64110,us
support@networksolutionsks.com,,19134445457,18665144983,,,kansascity,ks,66103,us
,,19132085045,,,,kansascity,mo,64106,us
contact@xakiatech.com,,18162080621,,jodie,baker,kansascity,mo,64112,us
,,18164217350,,,,kansascity,mo,64132,us
contact@healthcareintegrations.com,,18163995225,18163230200,,,kansascity,mo,64154,us
,,18008827779,,,,overlandpark,ks,66210,us
james@levelupav.com,,18166013865,,lead,programmer,kansascity,mo,64109,us
,,18168540072,,,,northkansascity,mo,64116,us
general@brickwallkc.com,,18166088500,,,,kansascity,mo,64112,us
gabe@nerdtech.ai,,18163688949,,gabe,monroy,independence,mo,64055,us
info@tricension.com,,18884851920,,,,kansascity,mo,64116,us
,,18164715400,,,,northkansascity,mo,64116,us
installkci@yahoo.com,,18167562613,,,,kansascity,mo,64109,us
info@soundenvironment.com,,18166785740,14023913842,charlie,santmire,kansascity,mo,64108,us
paul@acvstica.com,,19132435913,,,,kansascity,mo,64101,us
