email,email,phone,phone,fn,ln,ct,st,zip,country
,,18884004070,18015233100,,,bg,,11070,us
admin@aplussecurity.com,,19078681800,,,,anchorage,ak,99507,us
,,19073604276,,karl,augestad,anchorage,ak,99503,us
info@alaskansecurity.com,,19073419837,,,,anchorage,ak,99503,us
,,19078682838,,,,anchorage,ak,99501,us
,,19075628501,,,,anchorage,ak,99503,us
,,19073444409,,,,anchorage,ak,99515,us
helpdesk@cisalaska.com,info@cisalaska.com,19072762776,,,,anchorage,ak,99501,us
,,19072223666,,,,anchorage,ak,99508,us
inquiry@doorsystemsak.com,,19079319500,,,,anchorage,ak,99567,us
survey_support@frontierprecision.com,mapping_support@frontierprecision.com,19078681500,17012222030,dennis,kemmesat,anchorage,ak,99518,us
graybarsupport@graybar.com,arquestions@graybar.com,19077864200,18553472839,human,resources,anchorage,ak,99518,us
information@imigav.com,,19072742161,,,,anchorage,ak,99503,us
info@icdalaska.com,,19078683321,,,,anchorage,ak,99518,us
,,18007703737,18662272750,,,anchorage,ak,99502,us
,,19073330879,,,,anchorage,ak,99501,us
,,19073498889,,,,anchorage,ak,99515,us
svcmgr@msicontrols.com,info@msicontrols.com,19072793320,19072792369,general,manager,anchorage,ak,99518,us
,,19079809065,,,,anchorage,ak,99518,us
chris.meador@northernsecurityandsurveillance.com,,19076026896,,,,anchorage,ak,99501,us
jaimey@ntsalaska.com,u003einfo@ntsalaska.com,19072292269,,,,anchorage,ak,99503,us
,,19075638112,19075622497,,,anchorage,ak,99518,us
,,19075611980,18002575288,,,anchorage,ak,99518,us
info@safeandsoundalaska.com,,19075222353,19073572353,,,anchorage,ak,99518,us
ar@chariotgroup.com,nw@chariotgroup.com,19072225300,18778225300,,,anchorage,ak,99503,us
visionaryelectronics@outlook.com,,19498959656,,,,anchorage,ak,99501,us
,,19073088668,,,,palmer,ak,99645,us
,,19073122345,,,,wasilla,ak,99654,us
,,12562330444,,,,athens,al,35611,us
dhutchins@auburnhometech.com,,13348217883,,,,auburn,al,36830,us
,,12053273237,18002013153,bobby,reuse,birmingham,al,35233,us
info@alexisav.com,,12057831111,,,,birmingham,al,35244,us
info@armstrongelectricalco.com,,12058474000,12059010121,,,birmingham,al,35222,us
,,12058712219,12058791953,,,birmingham,al,35209,us
%20apsbirmingham@apstemps.com,apsbirmingham@apstemps.com,12058689448,12059079842,david,soileau,birmingham,al,35209,us
,,12054923844,,,,birmingham,al,35242,us
,,12054281550,,,,birmingham,al,35211,us
,,12055825900,18664471004,,,birmingham,al,35233,us
,,12052259987,17709558909,kenneth,ellis,birmingham,al,35209,us
sales@gulfstatesautomation.com,,18008629822,18504750724,,,birmingham,al,35244,us
rental@holtav.com,productions@holtav.com,12053285231,18003224658,,,birmingham,al,35233,us
,,12053222600,18008280025,,,birmingham,al,35233,us
scott@ironcityav.com,,12055773124,,,,birmingham,al,35243,us
,,12056244840,,,,birmingham,al,35244,us
,,12053284525,15047330070,,,birmingham,al,35233,us
sales@nrtcautomation.com,,18889907606,12267745000,,,birmingham,al,35215,us
customer@nextavsolutions.com,,12057793484,15551234567,daniel,bearden,birmingham,al,35210,us
info@reliableautomation.com,,12055911566,,,,birmingham,al,35222,us
hello@reliantmediallc.com,sales@reliantmediallc.com,12054197172,,,,birmingham,al,35211,us
,,12052259524,,,,birmingham,al,35244,us
info@sphereav.com,,12057775626,,,,birmingham,al,35242,us
,,12059004602,,,,birmingham,al,35233,us
,,12059959357,,,,birmingham,al,35242,us
,,12059457001,,,,birmingham,al,35209,us
,,12053828360,12054921005,,,birmingham,al,35209,us
brian@customthunderav.com,,12563532991,12562142006,,,decatur,al,35601,us
,,12568022020,,,,decatur,al,35603,us
press@vivint.com,,12562934641,18444818630,,,decatur,al,35601,us
info@autosystemsinc.com,,12565020148,,,,falkville,al,35622,us
info@mathesgroup.com,,12519438551,18004774161,,,foley,al,36535,us
support@valdezaudiovideo.com,,12567836305,,,,harvest,al,35749,us
,,12058717289,16155135499,,,homewood,al,35209,us
,,12053323936,12052343368,,,homewood,al,35209,us
info@callchorus.com,,12059781234,18333358325,,,hoover,al,35244,us
jt@jts-surveillance.com,,12055939507,,,,hoover,al,35226,us
info@sixty5av.com,,12568868002,,,,huntsville,al,35802,us
,,12568825081,16153385827,,,huntsville,al,35801,us
,,12568504352,,,,huntsville,al,35806,us
ashok@huntsvillehifi.com,,12566653212,,,,huntsville,al,35801,us
,,12567138912,,,,huntsville,al,35801,us
keith@avocrew.com,,12567211600,12566823695,,,huntsville,al,35816,us
contactus@aletatechnologies.com,,12568958870,,,,huntsville,al,35806,us
,,12565330640,,,,huntsville,al,35824,us
billy@bbcmadison.com,,12567747250,,,,huntsville,al,35801,us
,,12565024619,16106803769,,,huntsville,al,35816,us
,,12563461974,12564606174,,,huntsville,al,35810,us
emmacate.hart@bluewoodproductions.com,emily.joseph@bluewoodproductions.com,12567014946,,adam,dumbacher,huntsville,al,35801,us
,,12568836820,16152632900,,,huntsville,al,35801,us
,,12569219682,12564281983,,,huntsville,al,35806,us
,,12569379371,18773227856,,,huntsville,al,35810,us
builders@electronicexpress.com,homeinstall@electronicexpress.com,12565852755,18882577500,,,huntsville,al,35802,us
admin@ght.network,,12567353253,18333423743,,,huntsville,al,35801,us
,,12567144046,,,,huntsville,al,35816,us
,,12562795542,,,,huntsville,al,35806,us
contact@huntsvilleaigroup.com,,12564572884,,tristan,morris,huntsville,al,35801,us
office@huntsvilleelectriciannow.com,,12569360440,,,,huntsville,al,35811,us
info@lvw.com,,17168660250,17195408900,,,huntsville,al,35816,us
james@matthewsintegration.com,,12564309890,,,,huntsville,al,35805,us
,,12562588753,18448661367,,,huntsville,al,35806,us
,,12565344600,,,,huntsville,al,35811,us
,,12569221200,,,,huntsville,al,35806,us
contact@redcustom.com,,12562035049,18558326733,,,huntsville,al,35806,us
,,12564893058,,,,huntsville,al,35811,us
mail@richardslighting.com,,12565331460,,,,huntsville,al,35801,us
,,12567052539,,,,huntsville,al,35806,us
info@smartalarmllc.com,,12562750767,,,,huntsville,al,35763,us
,,12562036716,,,,huntsville,al,35811,us
hello@smartflowhq.com,,12562036686,,,,huntsville,al,35801,us
,,12565134739,,,,huntsville,al,35824,us
,,12567131220,,,,huntsville,al,35805,us
,,12567490173,,,,huntsville,al,35810,us
mpilotte@tactynesystems.com,megan@tactynesystems.com,18448228963,,,,huntsville,al,35802,us
chris.eng@verta.tech,christian.tuttle@verta.tech,12569730393,,,,huntsville,al,35806,us
,,12563275541,,,,huntsville,al,35806,us
,,12059464700,,,,irondale,al,35210,us
support@fiberintegrity.com,,12058474321,,,,leeds,al,35094,us
,,12564155131,,,,madison,al,35758,us
,,12563531500,16155671000,dan,kalman,madison,al,35756,us
michael@mozaicav.com,craig@mozaicav.com,12563254903,,michael,johnson,madison,al,35758,us
,,12568900077,,,,madison,al,35757,us
,,12566942146,,,,madison,al,35758,us
tsialarms@comcast.net,info@tsialarmsandaudio.com,12516620500,18504388144,,,mobile,al,36609,us
bholt@avspro.net,,13343956555,,,,montgomery,al,36116,us
,,12054334022,,general,manger,mtolive,al,35117,us
info@engav.com,,12056188324,,gary,boackle,pelham,al,35124,us
contact@lightingandlamp.com,,12052711423,,,,pelham,al,35124,us
,,12059461234,18509491234,,,pellcity,al,35128,us
,,12059661624,,,,pinson,al,35126,us
,,12512779097,,,,spanishfort,al,36527,us
,,13342832420,,,,tallassee,al,36078,us
info@iconautomation.com,,12566161793,,,,tanner,al,35671,us
,,18334687591,,,,vestaviahills,al,35243,us
,,15013152400,,,,benton,ar,72015,us
,,14795444992,,,,bentonville,ar,72712,us
,,15013296308,,,,conway,ar,72034,us
,,18703364669,14794398038,,,jonesboro,ar,72404,us
,,15016611164,15016668749,,,littlerock,ar,72201,us
info@arkansascarstereo.com,,15015620064,,,,littlerock,ar,72209,us
,,15012257737,,,,littlerock,ar,72211,us
sales@bk-techsolutions.com,,15018470200,,,,littlerock,ar,72206,us
allison.hall@cti.com,bonnie.granda@cti.com,15013752800,18007436051,dennis,woodhouse,littlerock,ar,72209,us
,,15019409095,,,,littlerock,ar,72205,us
,,15018045994,15016188600,,,littlerock,ar,72209,us
info@coreidhome.com,,15019442535,,,,littlerock,ar,72202,us
,,15013722555,19013621616,,,littlerock,ar,72202,us
,,15013678123,18006043004,,,littlerock,ar,72223,us
info@elevenhifi.com,,15013036060,,,,littlerock,ar,72211,us
,,15018312257,,,,littlerock,ar,72210,us
,,15012239026,18006388875,,,littlerock,ar,72205,us
redteam@genesisdatacom.com,,15018330300,14793500330,,,littlerock,ar,72210,us
info@hi-def-solutions.com,,15013500262,,,,littlerock,ar,72212,us
hollywoodlr@yahoo.com,,15016818454,,,,littlerock,ar,72227,us
,,15013742155,,,,littlerock,ar,72201,us
batonrouge@goies.com,houston@goies.com,15015627510,13182229459,,,littlerock,ar,72209,us
,,15012055002,,,,littlerock,ar,72204,us
,,15012055002,,,,littlerock,ar,72204,us
mail@keepout.cc,,15016646789,15016665678,,,littlerock,ar,72205,us
,,15014431909,15016720023,,,littlerock,ar,72223,us
littlerock@ninostrading.com,info@ninostrading.com,15015651111,14793619998,,,littlerock,ar,72209,us
sales@omnitechpros.com,,15013994988,,,,littlerock,ar,72205,us
,,15013721886,15013799647,,,littlerock,ar,72202,us
,,15012633740,18008313299,,,littlerock,ar,72204,us
,,15015653006,,,,littlerock,ar,72209,us
,,18002809675,18776160661,,,littlerock,ar,72204,us
info@thetvmountingpro.com,,15017070786,,,,littlerock,ar,72202,us
ben@toneproduction.net,toneproduction@yahoo.com,15049139291,,benjamin,tone,littlerock,ar,72201,us
,,15016644599,,seth,ward,littlerock,ar,72202,us
,,15017080903,,,,littlerock,ar,72204,us
,,19013775574,18777356905,larry,bailey,maumelle,ar,72113,us
,,15018606767,14793422585,,,northlittlerock,ar,72116,us
tchapman@chapmanserviceinc.net,,15015016279,15014909342,dan,chapman,northlittlerock,ar,72114,us
steve@interactivesecuritysolutions.com,,15014251391,15016188600,steve,kabat,northlittlerock,ar,72118,us
,,15017588029,18887584728,,,northlittlerock,ar,72116,us
,,15013627905,,,,northlittlerock,ar,72113,us
travis@martincompanyav.com,,15013036640,15015661807,,,northlittlerock,ar,72118,us
,,15012714252,,,,northlittlerock,ar,72190,us
info@onltech.com,,15012243906,15012243916,phil,dively,northlittlerock,ar,72113,us
,,15019042444,,,,northlittlerock,ar,72118,us
,,18772688178,,ryan,heringer,northlittlerock,ar,72113,us
,,15019443479,,,,northlittlerock,ar,72114,us
,,15017585483,,,,northlittlerock,ar,72113,us
,,14797473028,,,,pottsville,ar,72858,us
,,15014006777,15012957778,,,sherwood,ar,72120,us
,,15018353777,,,,sherwood,ar,72120,us
,,14793652201,,,,springdale,ar,72762,us
,,16023543065,,,,avondale,az,85323,us
info@jshometheater.com,,15204316572,15555555555,,,casagrande,az,85122,us
info@stabley.net,,14804850222,14803255015,jamie,stabley,chandler,az,85286,us
,,14804050945,,,,chandler,az,85226,us
info@planetgeekllc.com,,14807660025,,,,chandler,az,85225,us
sales@sedonatec.com,,16026873253,,,,chandler,az,85286,us
info@techintegrated.com,,19282042022,,,,cottonwood,az,86326,us
,,18002241122,19286342364,,,cottonwood,az,86326,us
,,16026222206,,,,fountainhills,az,85268,us
,,14805683849,14806407084,,,gilbert,az,85234,us
,,14805883511,,,,mesa,az,85201,us
hello@amp-av.com,,14806459980,,,,mesa,az,85202,us
office@audioenvision.com,,14804058338,,justin,kane,mesa,az,85201,us
,,14805455050,14805455461,,,mesa,az,85204,us
,,14802273569,,,,mesa,az,85212,us
,,18777775328,,,,mesa,az,85209,us
info@summitautomation.com,,14805005468,,,,mesa,az,85210,us
sales@avbydesign.com,,14802426459,,,,peoria,az,85383,us
,,16238508001,,,,peoria,az,85382,us
,,16024372878,,,,phoenix,az,85034,us
,,16237763100,,,,phoenix,az,85027,us
,,16029531623,,,,phoenix,az,85028,us
,,16022644434,,,,phoenix,az,85013,us
sales@audiointegrators.com,,16234344614,,,,phoenix,az,85085,us
tmcanally@aveaz.com,info@aveaz.com,14806495155,,,,phoenix,az,85018,us
sales@bkwinc.net,,16024311158,,,,phoenix,az,85040,us
,,14807940901,,,,phoenix,az,85016,us
,,16235370110,18008033981,helen,heisler,phoenix,az,85027,us
info@cinematichomeav.com,,16027558665,16027964127,john,akers,phoenix,az,85028,us
,,16028506333,14142586333,gregg,brunclik,phoenix,az,85009,us
,,16025959267,,,,phoenix,az,85053,us
sales@azchs.com,,16233767560,16023767560,,,phoenix,az,85027,us
cas@customautomatedsolutions.net,,16023548869,12095299200,,,phoenix,az,85020,us
info@customsystemsav.com,,16022967955,,,,phoenix,az,85050,us
,,14805162990,,,,phoenix,az,85048,us
,,16233225458,18772465458,,,phoenix,az,85050,us
info@azeliteintegration.com,,16235871950,,paul,gunn,phoenix,az,85027,us
admin@azevolve.com,,16027539555,,badr,morsadi,phoenix,az,85021,us
admin@myidealav.com,,16025564164,,,,phoenix,az,85028,us
,,14804976734,,,,phoenix,az,85050,us
,,16024992355,,,,phoenix,az,85013,us
info@kinetic.auto,media@kinetic.auto,18887442327,16579004182,qasar,younis,phoenix,az,85027,us
hello@levelupyourhome.com,,16022955454,14078508758,jennifer,mallett,phoenix,az,85028,us
sales@nextlevelus.com,,19704265051,15053276398,randy,allen,phoenix,az,85027,us
onservices-labor@onservices.com,sales@onservices.com,14802223180,18009672419,,,phoenix,az,85008,us
info@orangewireav.com,,16023701522,,,,phoenix,az,85028,us
interest@pivium.com,,18007371930,,jeanna,garrett,phoenix,az,85027,us
,,16028660238,,,,phoenix,az,85027,us
,,18885815531,18888515531,,,phoenix,az,85027,us
info@procommtechnologies.com,,16235877300,,,,phoenix,az,85085,us
joey@rmintegration.com,,16023216512,,joey,noland,phoenix,az,85085,us
utsales@technoprov.com,nmsales@technoprov.com,14808570099,18017028242,tony,ortiz,phoenix,az,85040,us
strat1953@aol.com,,14807039586,,,,phoenix,az,85032,us
armando@thevalleyconnect.com,,14802740995,,,,phoenix,az,85017,us
,,16025952940,16025952954,,,phoenix,az,85009,us
leads@westshorehome.com,,16026105610,17176974033,,,phoenix,az,85040,us
,,14803619500,14803619950,doug,evans,queencreek,az,85142,us
hello@mhsaz.com,,16028130528,16208130528,ren,rainey,queencreek,az,85142,us
info@alert360.com,,14805882976,18333601595,,,scottsdale,az,85260,us
baziz@artisanaz.com,jbakutis@artisanaz.com,14805381071,14802479100,,,scottsdale,az,85260,us
,,14802457500,14803789819,,,scottsdale,az,85255,us
,,14809001799,14805159288,,,scottsdale,az,85260,us
phoenix@beyondaudio.com,,14807399961,12508609929,ryan,dockrill,scottsdale,az,85260,us
info@cashwoodinnovations.com,,14804527266,,,,scottsdale,az,85260,us
service@creativesound.info,sales@creativesound.info,14809989699,18087314193,doug,greenwald,scottsdale,az,85257,us
,,14804833399,14804833313,,,scottsdale,az,85255,us
,,14808161900,14032438823,ron,patrick,scottsdale,az,85260,us
nathan@integrationdg.com,info@integrationdg.com,14802001851,19282274011,,,scottsdale,az,85260,us
info@lmche.com,,14804030011,14804030010,mike,ware,scottsdale,az,85254,us
info@ltgaz.com,,16027484040,,,,scottsdale,az,85260,us
,,14802266420,,,,scottsdale,az,85260,us
info@mavphx.com,,14805903048,,,,scottsdale,az,85260,us
,,16023294252,,,,scottsdale,az,85260,us
info@nohassleav.com,,18884001215,,,,scottsdale,az,85251,us
justin@oasissmarthomes.com,stacy@oasissmarthomes.com,14809077095,19492109440,justin,worley,scottsdale,az,85255,us
evan@optimumavsystems.com,info@optimumavsystems.com,14809681588,,,,scottsdale,az,85258,us
info@peaksystems.tech,,16027302940,,,,scottsdale,az,85251,us
,,14804990853,,,,scottsdale,az,85260,us
customerservice@star-power.com,info@star-power.com,16025364538,19724494117,,,scottsdale,az,85260,us
mjg@vme.com,msd@vme.com,14805138979,14805133993,,,scottsdale,az,85260,us
,,16028630078,,,,scottsdale,az,85260,us
,,14803291613,,,,scottsdale,az,85257,us
info@wattintegration.com,,14805159288,14809001799,bryan,watt,scottsdale,az,85260,us
,,14807715500,14257028600,lee,travis,scottsdale,az,85260,us
,,14809222500,18002381774,,,scottsdale,az,85260,us
,,15205578528,,,,sedona,az,86336,us
,,18006697779,18446692221,,,tempe,az,85284,us
info@arizonaav.com,,16029074315,,tom,gazda,tempe,az,85288,us
hagan@daisyco.com,dion@daisyco.com,14803470493,19546503074,awele,nwaeze,tempe,az,85282,us
bmckeon@e1avtech.com,swatts@e1avtech.com,18885723265,16028340175,,,tempe,az,85284,us
,,18004736914,,,,tempe,az,85281,us
rick@epicavaz.com,jason@epicavaz.com,14808885571,14804525603,rick,larsen,tempe,az,85281,us
sammh@fordav.com,sales@fordav.com,16026434200,18006546744,bryan,burdick,tempe,az,85281,us
info@phoenixtechav.com,,16024885765,,katie,reave,tempe,az,85282,us
sales@walts.com,customerservice@walts.com,14809684999,,,,tempe,az,85284,us
info@idesignhs.com,service@idesignhs.com,14807714640,14807714650,,,tempe,az,85288,us
support@tucsonaccura.com,,15207220220,,,,tucson,az,85715,us
avi@avinnovations.com,,15203254206,,,,tucson,az,85712,us
info@av-as.com,,15209993233,,david,knittle,tucson,az,85714,us
,,15202975463,,,,tucson,az,85745,us
,,15204771503,,,,tucson,az,85705,us
,,15206206656,15206206676,,,tucson,az,85705,us
sales@area51audio.com,,15205444951,15204980117,,,tucson,az,85705,us
leejr@azcine.com,,15206238268,,,,tucson,az,85719,us
,,15208848550,,,,tucson,az,85719,us
sales@goavp.com,,15202194248,,,,tucson,az,85752,us
ip@audioeye.com,,18663315324,,,,tucson,az,85711,us
sales@automationez.com,,15204009496,15207449316,,,tucson,az,85741,us
,,18553521015,15203521015,ken,abbott,tucson,az,85745,us
info@cablingsolutionsgroup.com,,15206051405,,brian,pessin,tucson,az,85705,us
,,15207907302,15203176561,,,tucson,az,85715,us
support@gadgetgeeks.us,,15206143188,15206898835,,,tucson,az,85710,us
info@hifiworkshop.com,,15203268051,,,,tucson,az,85716,us
,,15203253031,19287746257,,,tucson,az,85716,us
customercare@integracustomsystems.com,,15205462982,18773344734,greg,sellers,tucson,az,85710,us
andy@iavsaz.com,,15209007292,,,,tucson,az,85741,us
info@protechalarm.com,,15208823800,,jamie,dircks,tucson,az,85711,us
,,15207229609,,,,tucson,az,85710,us
sales@sstsun.com,,15203448761,18006794778,,,tucson,az,85745,us
bids@solutionsi3.com,info@solutionsi3.com,15203522627,15555555555,,,tucson,az,85713,us
,,15208848880,,,,tucson,az,85705,us
,,15203260551,16198524154,abraham,coronado,tucson,az,85716,us
,,15203224303,,,,tucson,az,85711,us
,,15207842500,,,,tucson,az,85712,us
support@titanalarm.net,,15203251217,16026804567,taylor,proudfit,tucson,az,85714,us
,,15209559092,,,,tucson,az,85716,us
,,18559477628,,,,tucson,az,85713,us
sales@wiseguyshometheater.com,,15205481839,,,,tucson,az,85745,us
,,18188791312,18008368577,,,agourahills,ca,91301,us
info@avspaces.com,,18558008505,15109964600,,,alameda,ca,94502,us
,,15108653940,,,,alameda,ca,94501,us
tech@rgb.com,media@rgb.com,15108147000,14247771588,,,alameda,ca,94501,us
gbarker@smarthomesecuritycontrol.com,gregory.barker@yahoo.com,19258542694,19253223095,,,alamo,ca,94507,us
sales@acejanuaryproductions.com,,16268721089,,,,alhambra,ca,91803,us
,,18586302913,,,,alisoviejo,ca,92656,us
info@audiovideo.live,,19493941164,19493121135,,,anaheim,ca,92808,us
,,17146308100,,,,anaheim,ca,92806,us
,,16577468324,,,,anaheim,ca,92807,us
,,17147799900,,michael,pothos,anaheim,ca,92807,us
,,17079652889,15555555555,,,angwin,ca,94508,us
u003escheduling@lbsmarthome.com,scheduling@lbsmarthome.com,19163869696,15309278117,mark,buzzard,auburn,ca,95603,us
sun@aa1cctv.com,,16613741496,,,,bakersfield,ca,93309,us
info@avsmart.com,,16613234500,16613225735,andrew,fuller,bakersfield,ca,93309,us
info@adaptive-net.com,,16612410638,16614107681,michael,louie,bakersfield,ca,93309,us
customerservice@alphatechas.com,,16618348324,,,,bakersfield,ca,93308,us
rjones@acecontrol.biz,dlockhart@acecontrol.biz,16615892223,16615898223,,,bakersfield,ca,93308,us
info@bistec.net,,16616658055,,,,bakersfield,ca,93313,us
,,16613219978,,wulan,sari,bakersfield,ca,93308,us
jrfredross@bakersfield-lighting.com,service@bakersfield-lighting.com,16613240918,,raymond,murphy,bakersfield,ca,93305,us
,,16613242260,18333002114,,,bakersfield,ca,93307,us
info@essiav.com,,16613249044,18710411701,,,bakersfield,ca,93301,us
,,16612930213,,edith,mata,bakersfield,ca,93308,us
sales@eaaes.com,,16615782677,16615785677,,,bakersfield,ca,93308,us
info@herediacablingsolutions.com,,18774270005,,,,bakersfield,ca,93313,us
sales@iapengineering.com,,18444273644,,,,bakersfield,ca,93301,us
info@kaliebdesigns.com,,16613014373,16614124308,,,bakersfield,ca,93311,us
info@mylinkus.com,,18888546587,,,,bakersfield,ca,93313,us
info@msisecurity.com,,18009746014,,,,bakersfield,ca,93301,us
paul@psaudiovideosolutions.com,angie@psaudiovideosolutions.com,16615895555,,paul,silvas,bakersfield,ca,93309,us
,,16613224470,14323015976,,,bakersfield,ca,93312,us
info@pacwestsystemsca.com,,16614630513,16613951448,,,bakersfield,ca,93313,us
,,16613951448,,,,bakersfield,ca,93305,us
info@premierlightingca.com,,16618358500,,,,bakersfield,ca,93313,us
,,16615886355,18887393577,,,bakersfield,ca,93308,us
acombs@royalbakersfield.com,,16613246727,,,,bakersfield,ca,93308,us
,,16615884357,18008880444,,,bakersfield,ca,93308,us
,,16613261747,,,,bakersfield,ca,93301,us
,,18778603567,18553898905,,,bakersfield,ca,93307,us
sales@trisbak.com,,16619007146,,,,bakersfield,ca,93312,us
,,16613975511,18002929227,,,bakersfield,ca,93313,us
,,16613962530,18002351391,,,bakersfield,ca,93313,us
,,16613950249,,,,bakersfield,ca,93308,us
info@lowvoltageinnovations.com,,19252899445,16615444300,,,bakersfield,ca,93304,us
svenegas@asi-technician.com,,16268124488,16268127799,,,baldwinpark,ca,91706,us
,,14153612429,13103833022,,,belmont,ca,94002,us
norcal@signalsolutions.com,socal@signalsolutions.com,17077471100,18008947833,greg,richey,benicia,ca,94510,us
,,15104861166,18667731096,john,meyer,berkeley,ca,94702,us
,,17603451457,,,,bermudadunes,ca,92203,us
,,14243727401,18185917107,,,beverlyhills,ca,90210,us
info@audiovisualarchitects.com,,12138669030,15127669473,jon,edwards,beverlyhills,ca,90211,us
,,14243134200,13107500697,,,beverlyhills,ca,90212,us
info@ezavd.com,,18186442255,,dorel,muresan,beverlyhills,ca,90211,us
,,13233916417,,,,beverlyhills,ca,90212,us
,,18286082239,,,,beverlyhills,ca,90210,us
,,18183333600,14078391154,,,burbank,ca,91506,us
,,18185782929,18189898258,,,burbank,ca,91501,us
,,18665392633,,,,burbank,ca,91502,us
,,18188414700,,,,burbank,ca,91505,us
support@vizualsymphony.com,,16262299112,,susan,holguin,burbank,ca,91505,us
,,16507629598,,,,burlingame,ca,94010,us
,,18187262626,,,,calabasas,ca,91302,us
,,19093281970,,justin,powell,calimesa,ca,92320,us
,,18058505718,,,,camarillo,ca,93012,us
info@audiovideoevolution.net,sales@audiovideoevolution.net,14086280771,14086280772,,,campbell,ca,95008,us
,,14083691245,,,,campbell,ca,95008,us
,,16697582595,,,,campbell,ca,95008,us
,,18007722292,,,,campbell,ca,95008,us
,,14083581500,14083582090,larry,walker,campbell,ca,95008,us
,,14083934779,,,,campbell,ca,95008,us
,,14083707578,,,,campbell,ca,95008,us
912456info@ultimatehd.com,info@ultimatehd.com,14084025445,,,,campbell,ca,95008,us
,,14087174388,16504698825,dan,walker,campbell,ca,95008,us
,,17605754819,,,,carlsbad,ca,92008,us
sales@bulldog-av.com,,17606137506,,,,carlsbad,ca,92011,us
contact@calcoastav.com,,17604520773,,jason,bash,carlsbad,ca,92008,us
,,17609319922,18885675494,,,carlsbad,ca,92008,us
daniel@1stlightmedia.com,,18584142528,,,,carmel,ca,93923,us
info@carmelav.com,,18316244800,,,,carmel,ca,93923,us
,,18319027998,,,,carmel,ca,93923,us
,,18316471800,,,,carmelvalley,ca,93924,us
mike@houseof8media.com,brittney@houseof8media.com,18312048526,,jane,press,carmelvalley,ca,93924,us
,,18319203217,18664274287,,,carmelbythesea,ca,93921,us
,,18312404494,14806961198,,,carmelbythesea,ca,93921,us
rick@rtvelectronics.com,judy@rtvelectronics.com,19164887878,19169740496,,,carmichael,ca,95608,us
info@centralcoastav.com,,18056698885,,,,carpinteria,ca,93013,us
,,18052017053,18056698885,,,carpinteria,ca,93013,us
,,13105138800,,,,carson,ca,90745,us
taylor@palmspringsgripandlighting.com,,17603284480,,,,cathedralcity,ca,92234,us
,,17603887919,,,,cathedralcity,ca,92234,us
contact@galaxychico.com,,15308790920,,,,chico,ca,95926,us
supplysales@capturet.com,info@capturet.com,19164435050,18005445050,joe,franco,citrusheights,ca,95610,us
,,15594548388,,,,clovis,ca,93612,us
,,18667753124,,andy,schnadarle,clovis,ca,93612,us
,,18772277903,15594723357,,,clovis,ca,93612,us
sales@digitalattic.com,support@digitalattic.com,15593249341,12490032207,,,clovis,ca,93612,us
,,15592228842,,,,clovis,ca,93612,us
,,15594723328,15592226456,ajaz,ahmed,clovis,ca,93619,us
,,15594359400,,,,clovis,ca,93612,us
sales@hitechhome.net,service@hitechhome.net,15595211400,15595211410,,,clovis,ca,93611,us
,,15594980290,15592062611,,,clovis,ca,93611,us
sales@mobile12vsolutions.com,,15593751746,15597446688,,,clovis,ca,93612,us
info@avstructural.com,,14153868086,,,,concord,ca,94520,us
carlos@cmelightingsupply.com,albert@cmelightingsupply.com,18006552677,19256859233,,,concord,ca,94518,us
sales@creationnetworks.net,info@creationnetworks.net,18882303661,,,,concord,ca,94518,us
,,19254988921,19258158324,sean,mendell,concord,ca,94518,us
info@jcvtek.com,,19492942040,,juan,valencia,corona,ca,92879,us
office@lveservice.com,,19093159522,,,,corona,ca,92883,us
salessupport@e4control.com,,18888948434,,,,corona,ca,92878,us
info@coronadohometheater.com,,16195951757,16195961287,dane,crosby,coronado,ca,92178,us
s.filimoshkina@svitla.com,g.biriukova@svitla.com,14158918605,14158918604,nataliya,anon,cortemadera,ca,94925,us
,,19496468895,,tom,farinola,costamesa,ca,92627,us
concierge@cantaradesign.com,support@cantaradesign.com,19496453684,19496458727,,,costamesa,ca,92626,us
,,18553894663,19496004114,nathan,mays,costamesa,ca,92626,us
info@glabman.com,,17145455505,,,,costamesa,ca,92627,us
,,17145794100,,,,costamesa,ca,92626,us
,,19494864110,,eli,weinkle,costamesa,ca,92627,us
,,19495481160,,,,costamesa,ca,92627,us
,,17142621186,,,,costamesa,ca,92627,us
info@simplicity1.com,,17144280500,,,,costamesa,ca,92626,us
cs@smartlgy.com,,19499912900,,,,costamesa,ca,92626,us
,,19496983646,,,,costamesa,ca,92627,us
kingofsounds@yahoo.com,,16263320222,,,,covina,ca,91722,us
,,13103889539,18888083917,nathan,javidzad,culvercity,ca,90232,us
jeffb@infiniteaudioandvideo.com,info@infiniteaudioandvideo.com,14086476355,,,,cupertino,ca,95014,us
,,14084433242,18009778741,,,cupertino,ca,95014,us
info@visualsound.com,,15627355100,18005237525,,,cypress,ca,90630,us
info@hmsecurityinc.com,,18003774082,18005900780,,,downey,ca,90241,us
,,18887759732,,,,downey,ca,90241,us
,,19258338716,,,,dublin,ca,94568,us
,,16504552909,,bob,hillier,dublin,ca,94568,us
info@andrussmarttech.com,,16195961287,,,,elcajon,ca,92020,us
customerservice@ceselcajon.com,,16195790711,,,,elcajon,ca,92020,us
cpg@cpgav.com,,16192595254,,,,elcajon,ca,92020,us
service@houseofautomation.com,,16194417400,,,,elcajon,ca,92020,us
,,16197847733,16198388333,,,elcajon,ca,92020,us
,,13106459855,,,,elsegundo,ca,90245,us
,,19166899377,,,,elkgrove,ca,95624,us
uk@asgllc.com,info@asgllc.com,15106548300,12074594333,dave,hoy,emeryville,ca,94608,us
,,17607531626,,,,encinitas,ca,92024,us
info@rsfsecurity.com,,17609420688,18003038877,scripps,ranch,encinitas,ca,92024,us
,,13104009759,,,,encino,ca,91316,us
customersupport@ontechsmartservices.com,,18336683241,18883450758,,,englewood,ca,80112,us
information@aavintegration.com,,17605607088,,,,escondido,ca,92029,us
info@advanceddigitalhomes.com,,18588291450,,,,escondido,ca,92029,us
tempe@controlledproducts.com,matthew.law@controlledproducts.com,17607387006,18006422249,,,escondido,ca,92029,us
glenn@shultzav.com,,17604440407,17605057461,glenn,shultz,escondido,ca,92029,us
pr@lampsplus.com,,19169614156,18007821967,,,fairoaks,ca,95628,us
kacy@millerava.com,,19163374993,,,,fairoaks,ca,95628,us
support@defendersolution.tech,,16572766885,17148609866,,,fountainvalley,ca,92708,us
info@avdg.com,sales@avdg.com,14082931833,18669852834,curtis,heath,fremont,ca,94538,us
,,18009998590,18007980330,human,resources,fremont,ca,94538,us
sales@roccaaudiovisual.com,,15107719543,,,,fremont,ca,94538,us
info@advineagency.com,,15592830465,,layne,ryan,fresno,ca,93710,us
darinbuscaglia@alrinc.com,darrellcpackard@alrinc.com,15594530444,15106383800,,,fresno,ca,93727,us
support@aplos.com,,18882741316,,,,fresno,ca,93720,us
,,15592880310,,,,fresno,ca,93722,us
,,15592290123,,,,fresno,ca,93726,us
,,15592979228,,,,fresno,ca,93726,us
,,15594341226,19165960021,,,fresno,ca,93721,us
,,15594548021,,randy,silva,fresno,ca,93727,us
support@dpstele.com,sales@dpstele.com,18006930351,15594541600,,,fresno,ca,93727,us
,,18552021444,,fred,fontaine,fresno,ca,93720,us
webmaster@ekccorp.com,,15594380330,,,,fresno,ca,93727,us
service@electricalpowersourceinc.com,,15593284724,15592109405,elbow,bar,fresno,ca,93706,us
,,15593140687,,,,fresno,ca,93721,us
,,15592218200,,,,fresno,ca,93722,us
letsgo@gteeventgroup.com,,15592067550,15592214600,isaac,atkinson,fresno,ca,93704,us
service@helios-tfb.com,,15592371400,,,,fresno,ca,93727,us
info@hoffmansecurity.com,,15592927871,17072610001,,,fresno,ca,93710,us
,,15597082802,18776590184,,,fresno,ca,93722,us
lvangm37@att.net,whbogie@sbcglobal.net,15594732555,12095442500,,,fresno,ca,93711,us
,,18889702070,15596662500,arman,eghbali,fresno,ca,93721,us
,,15598628806,,,,fresno,ca,93730,us
,,15594587250,18003571340,,,fresno,ca,93727,us
,,15595708114,16613935535,,,fresno,ca,93722,us
,,15594867900,,,,fresno,ca,93711,us
,,15594491999,,,,fresno,ca,93650,us
,,15599080992,,,,fresno,ca,93727,us
info@lpcautomation.com,,18887425572,,,,fresno,ca,93727,us
,,18004854982,,,,fresno,ca,93722,us
,,18773546777,,,,fresno,ca,93727,us
ray@maximusmedia.net,info@maximusmedia.net,15592551688,,global,marketing,fresno,ca,93727,us
sales@msieventproductions.com,,15593461020,,,,fresno,ca,93727,us
,,15595001986,,araceli,ortiz,fresno,ca,93722,us
info@outlierautomation.com,,15593212326,,,,fresno,ca,93711,us
,,15595120724,,,,fresno,ca,93721,us
,,15592262666,15597407789,,,fresno,ca,93710,us
,,15592750222,18009649283,,,fresno,ca,93726,us
marketing@realtimeca.com,,15592226456,15592728256,ajaz,ahmed,fresno,ca,93704,us
info@reliant.services,,15593384458,18558563532,,,fresno,ca,93704,us
,,15592941300,18002661922,benjamin,moore,fresno,ca,93727,us
,,18778977329,18772537835,bill,barcus,fresno,ca,93711,us
,,15592612105,16196443000,patty,mooney,fresno,ca,93711,us
,,15594729971,,,,fresno,ca,93722,us
contact@skills-construction.com,,15598011408,,brenda,allison,fresno,ca,93722,us
,,15594393344,,,,fresno,ca,93729,us
info@smarthomeimprove.com,,15598336945,,,,fresno,ca,93727,us
,,15599993032,,,,fresno,ca,93726,us
office@soundcontracting.net,,15592242242,,,,fresno,ca,93727,us
,,15598360949,,,,fresno,ca,93702,us
,,15595791122,15595791118,,,fresno,ca,93703,us
,,15594445555,,,,fresno,ca,93703,us
,,15592927010,18882929872,,,fresno,ca,93727,us
,,18336000406,15594310107,,,fresno,ca,93650,us
sales@westcomsystems.com,,15592221100,,,,fresno,ca,93722,us
info@wiseconn.com,,15593267613,16229078586,,,fresno,ca,93722,us
,,15599337446,,andrew,walter,fresno,ca,93711,us
,,18888077459,,,,fullerton,ca,92835,us
,,17148924325,15555555555,,,gardengrove,ca,92841,us
,,19497769704,16613670426,alex,clark,gardengrove,ca,92840,us
jessica@bydesignvsm.com,joaquin@bydesignvsm.com,15629127740,,joaquin,rivera,gardena,ca,90248,us
,,13102787253,,,,gardena,ca,90248,us
,,14088403736,,,,gilroy,ca,95020,us
galaxyhometheatres@yahoo.com,,18183953342,,michael,abounassar,glendale,ca,91205,us
,,13233195936,,,,glendale,ca,91204,us
,,18059620110,18052016262,lani,ballonoff,goleta,ca,93117,us
%20info@audiomobilehayward.com,info@audiomobilehayward.com,15103737124,15108391992,david,trinh,hayward,ca,94544,us
bayalarm@bayalarm.com,,18006101000,18004701000,,,hayward,ca,94545,us
contact@gmsav.com,,15104008635,15104008631,,,hayward,ca,94545,us
,,15106068800,17607373900,,,hayward,ca,94545,us
info@stereobase.com,,15105831661,,,,hayward,ca,94544,us
,,17073949030,17074339199,ryan,lyeth,healdsburg,ca,95448,us
ivo@stylehometheaters.com,,18889889598,,,,hermosabeach,ca,90254,us
apex@apexaudio.com,,17145961185,18408412569,david,fishbein,huntingtonbeach,ca,92647,us
,,17145874009,18007894307,,,huntingtonbeach,ca,92646,us
,,17145146071,,,,huntingtonbeach,ca,92647,us
general@ultimateinstallz.com,,19496794817,13107491672,jayson,cruz,huntingtonbeach,ca,92649,us
info@vertexav.com,,17148911100,,,,huntingtonbeach,ca,92647,us
,,17603472899,,,,indio,ca,92203,us
,,14244382626,,,,inglewood,ca,90302,us
nery@nitidoav.com,info@nitidoav.com,13108942046,14242793164,nery,barrios,inglewood,ca,90304,us
info@machinelogix.com,,19493410977,19493410988,,,irvine,ca,92618,us
,,19492060606,18004260277,mark,hoffenberg,irvine,ca,92618,us
info@audioimages.tv,,17142587238,17145550123,,,irvine,ca,92614,us
hmcmillen@audioquest.com,jscatena@audioquest.com,19497906000,18007472770,,,irvine,ca,92614,us
info@audiovideoking.com,sales@audiovideoking.com,19492076033,13233326781,,,irvine,ca,92612,us
info@bcsconsultants.com,,19493331000,19493157478,,,irvine,ca,92618,us
service@controlmyav.com,,17145872324,18446070588,,,irvine,ca,92618,us
sales@etap.com,info@etap.com,19499001000,,farrokh,shokooh,irvine,ca,92618,us
,,19498378788,,garden,grove,irvine,ca,92618,us
info@fixacal.com,,19492347744,,,,irvine,ca,92619,us
jobs@goldenstateav.com,sales@goldenstateav.com,19497486041,,,,irvine,ca,92614,us
1@kubuska.com,,14245357978,,,,irvine,ca,92618,us
,,19495157030,19712800969,,,irvine,ca,92614,us
mike@mmpav.com,,19496794202,,mike,ivey,irvine,ca,92618,us
info@nibavlifts.us,,12133221024,19497991966,ramanathanbabu,vishal,irvine,ca,92618,us
,,19493821776,,,,irvine,ca,92618,us
,,19498613350,,,,irvine,ca,92614,us
info@proavcomm.com,,18774221518,,valerie,owen,irvine,ca,92618,us
sales@rockonav.com,,19493518735,19492007500,,,irvine,ca,92618,us
,,18887627211,18887186344,,,irvine,ca,92618,us
,,18884239194,,joe,scalisi,irvine,ca,92618,us
,,19494293303,,,,irvine,ca,92618,us
sorenacaraudio@yahoo.com,,19497340803,,,,irvine,ca,92614,us
leigh.older@integrationworks.com,james.carter@integrationworks.com,18775926277,17142587970,,,irvine,ca,92614,us
,,19498299700,19135412500,,,irvine,ca,92618,us
,,19496996600,12402356802,markus,tarin,irvine,ca,92618,us
info@criterionautomation.com,,19516832400,19516837400,chris,carda,jurupavalley,ca,92509,us
,,19515319113,,chris,hamilton,jurupavalley,ca,92509,us
info@sounddecisionav.com,,18189194400,13102461061,,,lacaadaflintridge,ca,91011,us
,,19097175513,,,,lahabra,ca,90631,us
,,18583492812,,brian,rhew,lajolla,ca,92037,us
,,16194885111,,,,lamesa,ca,91942,us
avslq2@icloud.com,,17602726208,,,,laquinta,ca,92253,us
info@grindhouseav.com,,17608085175,,,,laquinta,ca,92253,us
,,17609832004,18008055707,,,laquinta,ca,92253,us
,,17603608860,,,,laquinta,ca,92253,us
info@procircuitav.com,,17607711010,,ryan,hamilton,laquinta,ca,92253,us
,,17608809977,,,,laquinta,ca,92253,us
info@wyredreams.com,,16263008887,18886899973,david,malik,laverne,ca,91750,us
info@ocavs.com,,19494259493,13102753635,,,lagunahills,ca,92653,us
,,19496894458,,,,lagunaniguel,ca,92677,us
help@technicalcomfort.com,,19492128117,,shana,jf,lagunaniguel,ca,92677,us
support@hdtvcare.com,,19498302500,,,,lakeforest,ca,92630,us
events@clarityexperiences.com,,18882508801,19496278915,nathan,kurszewski,lakeforest,ca,92630,us
,,19494079227,,,,lakeforest,ca,92630,us
sales@productionaccessgroup.com,,17147441425,,,,lakeforest,ca,92630,us
,,17147722002,,kirk,rhinehart,lakeforest,ca,92630,us
shawn@evoht.com,,16194466744,,,,lakeside,ca,92040,us
wmurdock@jecintegration.com,,19497599487,,,,lakewood,ca,90712,us
info@paramountprotechsllc.com,,15623062332,,,,lakewood,ca,90712,us
,,15622704493,,,,lakewood,ca,90712,us
,,19164206643,,,,lincoln,ca,95648,us
,,14243001156,,,,lomita,ca,90717,us
hello@latechs.com,,12133548324,,,,lomita,ca,90717,us
,,18559102747,18556991819,,,longbeach,ca,90802,us
gasparalva@yahoo.com,,13233087492,,,,longbeach,ca,90805,us
,,15623623738,18552728458,,,longbeach,ca,90804,us
contact@astraproductions.com,,12132672048,,,,longbeach,ca,90804,us
micheal@belmontproductions.com,,15624387110,,micheal,loberg,longbeach,ca,90814,us
info@bluenetworkinc.com,,19492873374,16263825666,,,longbeach,ca,90802,us
info@cvrecordings.com,,15626895889,,seth,reeder,longbeach,ca,90805,us
,,18554881060,15623793355,rusty,deeble,longbeach,ca,90807,us
,,13104836439,,,,longbeach,ca,90805,us
,,15623876055,,,,longbeach,ca,90805,us
,,15626071745,,,,longbeach,ca,90804,us
info@karmicelectrical.com,,15627087673,,mario,urbalejo,longbeach,ca,90814,us
info@localtrustedelectricians.com,,15622762419,12133220128,,,longbeach,ca,90813,us
,,15622181200,15622505120,,,longbeach,ca,90806,us
sales@mariocastilloelectric.com,,15622734660,,,,longbeach,ca,90802,us
,,15624891000,13105268635,,,longbeach,ca,90806,us
info@pacificblueengineering.com,,16572018603,,,,longbeach,ca,90755,us
info@pacificcoaststudio.com,,15622013961,,,,longbeach,ca,90808,us
,,18328357165,,,,longbeach,ca,90807,us
edye@specialtydoorsofca.com,,13102233933,18888019255,,,longbeach,ca,90805,us
info@gotov3.com,,15624295224,,,,longbeach,ca,90806,us
,,19166521086,19162233754,,,loomis,ca,95650,us
,,15625969988,15626832140,,,losalamitos,ca,90720,us
inquiry@werigi.com,,13103371241,12486246520,,,losalamitos,ca,90720,us
contact@industrial-automation-solution.com,,16572636852,,,,losalamitos,ca,90720,us
info@purposevideoservices.com,,15626886279,,,,losalamitos,ca,90720,us
,,15627408724,18882834645,chuck,mitchell,losalamitos,ca,90720,us
jcrawford@csiav.com,,14083096031,,,,losaltos,ca,94024,us
,,18186602760,,,,losangeles,ca,91324,us
,,13236312029,,,,losangeles,ca,90063,us
audioprodirect@me.com,,13235992223,13235992233,,,losangeles,ca,91303,us
info@avplanners.com,,12134936473,12134936475,craig,heiman,losangeles,ca,90036,us
accuratecommunication@yahoo.com,,13233348988,,,,losangeles,ca,90027,us
sales@aheadstereo.com,,13239318873,,,,losangeles,ca,90036,us
,,18188828546,13102759301,,,losangeles,ca,90034,us
laura@allamericanav.com,van@allamericanav.com,18188828546,13102759301,,,losangeles,ca,90034,us
info@armtechservices.com,,18773537707,13233005904,,,losangeles,ca,90027,us
aftercare@audiocommand.com,sales@audiocommand.com,13104443882,15169975800,jonathan,flamm,losangeles,ca,90025,us
,,13238451155,15106548300,,,losangeles,ca,90034,us
tech@audioperception.com,info@audioperception.com,18186930134,,jonathan,parks,losangeles,ca,90014,us
dave@daveshometheater.com,info@daveshometheater.com,18007154958,18886517941,,,losangeles,ca,91307,us
support@avillusions.com,,18185088275,,dean,maya,losangeles,ca,91602,us
info@audiovideowest.com,,13102680036,,,,losangeles,ca,90025,us
support@bavihometech.com,,13104810612,,,,losangeles,ca,90049,us
sales@bbone.tech,support@bbone.tech,13109952721,,arturs,grablevskis,losangeles,ca,90068,us
info@commonwave.net,,12132774434,,,,losangeles,ca,90033,us
,,18184014455,16262499940,,,losangeles,ca,90032,us
eric@evolvesv.com,info@evolvesv.com,13102482444,13105927587,,,losangeles,ca,90069,us
,,12136550682,,,,losangeles,ca,90012,us
support@fortechsolutions.com,contact@fortechsolutions.com,18188922311,18778548324,,,losangeles,ca,91605,us
info@fhtla.com,,13105596100,,murray,kunis,losangeles,ca,90016,us
info@gizmo-la.com,,13104749774,14155041150,greg,shukov,losangeles,ca,90025,us
,,12132977555,,,,losangeles,ca,90012,us
,,13108554288,13109931757,,,losangeles,ca,90035,us
contact@ihandyandy.com,,12135793329,17205418180,,,losangeles,ca,90017,us
info@homihomeautomation.com,,18182455201,,paula,perez,losangeles,ca,91423,us
info@installationking.com,,18189431365,19498008860,,,losangeles,ca,90066,us
%20nfo@intellihomeav.com,%20info@intellihomeav.com,13104097655,15035000180,,,losangeles,ca,90064,us
rentals@luminaeventlighting.com,,12137863829,12136999069,,,losangeles,ca,90021,us
,,12132243660,,,,losangeles,ca,90071,us
,,13102344010,,,,losangeles,ca,90025,us
mitch@montroseinc.com,,19493122986,13238797901,,,losangeles,ca,90293,us
info@mysmartyhome.com,,18187940404,18787887886,,,losangeles,ca,90038,us
,,13237411147,13237415998,,,losangeles,ca,90065,us
anthony@optimumsurveillance.com,,13232669062,,,,losangeles,ca,90032,us
sales@powerfullsystems.com,,13108369333,,,,losangeles,ca,90019,us
,,13236179393,,,,losangeles,ca,90039,us
customers@quicktvmounting.online,,16577483033,15306581486,,,losangeles,ca,90017,us
,,13102763955,,,,losangeles,ca,90035,us
,,12137492211,,,,losangeles,ca,90021,us
,,18777966344,,,,losangeles,ca,90035,us
,,16269418743,,,,losangeles,ca,90744,us
,,13104173544,,,,losangeles,ca,90061,us
,,12136888860,,,,losangeles,ca,90021,us
mail@supervisionav.com,,13106529510,,,,losangeles,ca,90034,us
info@tsvla.com,,18186468864,,,,losangeles,ca,91405,us
customers@tvmountlax.com,,13476562256,13479785751,,,losangeles,ca,90005,us
info@techincontrol.com,,18185100077,,,,losangeles,ca,91411,us
,,13233566344,,,,losangeles,ca,91352,us
cs@thewireszone.com,,18777787938,,,,losangeles,ca,90021,us
support@urban-orbits.com,,13232040818,13232079697,,,losangeles,ca,90026,us
,,13102778282,13108992929,,,losangeles,ca,90067,us
rentals@wova.com,,13106595959,,,,losangeles,ca,90016,us
,,14083534223,,russ,berger,losgatos,ca,95033,us
,,14087667199,,,,losgatos,ca,95032,us
,,15597600106,19876543210,,,madera,ca,93636,us
,,13239184868,,,,malibu,ca,90265,us
info@liontechla.com,support@liontechla.com,13237471747,,,,malibu,ca,90265,us
info@smarthvacsystem.com,,18669661645,18132800905,,,malibu,ca,90265,us
showroom@tristarelectricca.com,amy@tristarelectricca.com,13104571639,,,,malibu,ca,90265,us
,,13104024818,13107405375,,,manhattanbeach,ca,90266,us
thomas@bluelakehometheater.com,,15305444663,,,,markleeville,ca,96120,us
handyman@beardandbelt.com,,16502608380,,,,menlopark,ca,94025,us
sales@equiptek.com,,16502611711,,,,menlopark,ca,94025,us
,,16503272138,15106590300,,,menlopark,ca,94025,us
,,16503648324,,,,menlopark,ca,94025,us
info@guildtheatre.com,,16507795490,,,,menlopark,ca,94025,us
alan@spectrumavmarin.com,,14155694380,,alan,hutchings,millvalley,ca,94941,us
contact@positive-electric.net,,16506926425,,,,millbrae,ca,94030,us
u003einfo@avdinc.com,info@avdinc.com,19497161099,19497356767,ty,meyer,missionviejo,ca,92691,us
,,13107344288,,,,montecito,ca,93108,us
sales@axiomhometech.com,,18316459900,,,,monterey,ca,93940,us
support@visionsav.com,,18055272188,,,,moorpark,ca,93021,us
itsdeanautomation@yahoo.com,,19516565853,19516565908,,,morenovalley,ca,92553,us
info@custom-innovations.com,,14082396824,18312003636,,,morganhill,ca,95037,us
,,18447686462,,,,morganhill,ca,95037,us
,,16504895454,,,,mountainview,ca,94041,us
info@advancedha.com,,16509671400,,,,mountainview,ca,94041,us
sales@audiohigh.com,,16509644000,,,,mountainview,ca,94043,us
larry@evergreenhomesystems.com,,14086919386,14086919389,larry,kaiser,mountainview,ca,94040,us
,,16509030300,,,,mountainview,ca,94043,us
,,16198657206,,,,murrieta,ca,92562,us
hello@aperture.media,,,,,,napa,ca,94559,us
,,17072521141,,,,napa,ca,94559,us
info@digital-connections.net,,17072558568,,brian,bonaccorso,napa,ca,94558,us
,,17073322163,,,,napa,ca,94559,us
,,17072267800,,,,napa,ca,94559,us
production@indigolive.com,,17079400022,,,,napa,ca,94559,us
,,17073079700,,david,schloss,napa,ca,94558,us
,,17073877780,,,,napa,ca,94558,us
,,17072249361,18008463900,,,napa,ca,94558,us
,,17072526611,,,,napa,ca,94558,us
,,17072539647,,,,napa,ca,94558,us
,,17073207202,,,,napa,ca,94558,us
,,17079753790,,,,napa,ca,94559,us
info@pinnaclelive.com,,17072524177,13125000063,eddy,eisenberg,napa,ca,94558,us
office@safetytrainingseminars.com,,17073451668,14154371600,laura,seidel,napa,ca,94558,us
sales@vinodesignbuild.com,,17076815942,,,,napa,ca,94558,us
rondrapinski@drapinskitv.com,u003erondrapinski@drapinskitv.com,17072522627,,,,napa,ca,94559,us
contact@tishops.com,,16192592215,16198793816,,,nationalcity,ca,91950,us
gjanke@premierac.com,august@premierac.com,15108968716,18105034243,georgia,janke,newark,ca,94560,us
sales@automatednow.com,support@automatednow.com,18883364211,,,,newportbeach,ca,92660,us
,,19499230372,,,,newportbeach,ca,92660,us
mrose@excelaudio.us,,19499331599,,mike,rose,newportbeach,ca,92660,us
partner@five-starav.com,info@five-starav.com,16302368712,,robert,tippin,newportbeach,ca,92657,us
info@pacificcoastav.com,,19496405093,,,,newportbeach,ca,92625,us
,,19499120452,,,,newportbeach,ca,92660,us
,,19495143038,,,,newportbeach,ca,92660,us
,,18059298468,,,,nipomo,ca,93444,us
,,19164762830,18884962105,paul,gaponov,northhighlands,ca,95660,us
,,19167019196,,,,northhighlands,ca,95660,us
,,18008446914,18187238187,,,northhollywood,ca,91606,us
mihai@ionavt.com,info@ionavt.com,18188048891,,mihai,ion,northhollywood,ca,91605,us
amrproductions@msn.com,,14158978204,,,,novato,ca,94949,us
,,14153200179,,,,novato,ca,94945,us
,,14158976217,,,,novato,ca,94949,us
justin@jacopidesigns.com,,14152466607,,,,novato,ca,94949,us
,,14158831476,,,,novato,ca,94949,us
contact@proavatech.com,,14154088078,14155550100,daniell,silva,novato,ca,94949,us
,,14154567000,,,,novato,ca,94949,us
,,15105908532,,,,oakland,ca,94611,us
info@analog-to-digital.net,,15106451105,,,,oakland,ca,94610,us
sweetow@avconsultants.com,mitch@avconsultants.com,15108392020,15106821147,stu,sweetow,oakland,ca,94610,us
clifton@cacvideo.com,info@cacvideo.com,15109005758,15102555396,,,oakland,ca,94612,us
,,18184226882,,,,oakland,ca,94601,us
,,15109304101,,,,oakland,ca,94609,us
,,15108228711,,,,oakland,ca,94607,us
,,14152132285,,,,oakland,ca,94609,us
,,15109031498,,,,oakland,ca,94607,us
,,14155593333,,,,oakland,ca,94608,us
,,16502419721,,,,oakland,ca,94618,us
,,15105328888,,,,oakland,ca,94606,us
,,15106408720,18883334540,,,oakland,ca,94612,us
info@samedayinstallations.com,,15103094426,,,,oakland,ca,94607,us
,,15187326730,,,,oakland,ca,94601,us
,,15106929059,,,,oakland,ca,94612,us
sales@totaldvr.com,,15108726678,15102512929,,,oakland,ca,94612,us
,,15104156384,,,,oakland,ca,94601,us
,,15104222361,,,,oakland,ca,94607,us
,,14156245352,,,,oakland,ca,94607,us
,,17147444455,,,,orange,ca,92866,us
sales@experienceaudiovideo.com,,17147444455,,brian,chappell,orange,ca,92867,us
,,19495109674,,,,orange,ca,92867,us
,,17147444455,,,,orange,ca,92866,us
,,19162345202,,dan,dyer,orangevale,ca,95662,us
info@24incontrol.com,,18332477724,,,,orinda,ca,94563,us
,,18312040596,,,,pacificgrove,ca,93950,us
,,17607977274,,,,palmdesert,ca,92211,us
,,17606733855,,,,palmdesert,ca,92211,us
,,17607790881,,mike,oster,palmdesert,ca,92211,us
info@audiovideoconceptsusa.com,,17607333490,,,,palmdesert,ca,92260,us
,,17605651729,,,,palmdesert,ca,92211,us
,,17604236567,,,,palmdesert,ca,92211,us
,,17603977481,,,,palmdesert,ca,92211,us
info@desertalarm.com,,17603221562,18007261779,,,palmdesert,ca,92260,us
,,17607724100,17608806860,,,palmdesert,ca,92211,us
george@expertalarm.com,dtardencilla@icloud.com,17602855070,,,,palmdesert,ca,92260,us
pete@firstcallpd.com,,17603328900,,pete,chryss,palmdesert,ca,92260,us
info@palmerelectricco.com,,17607977878,,,,palmdesert,ca,92260,us
,,17606604207,17603289500,,,palmdesert,ca,92260,us
,,17603289500,,,,palmdesert,ca,92211,us
ron@smarttechprotect.com,frank@smarttechprotect.com,17606105984,,ron,galippo,palmdesert,ca,92211,us
,,17603250025,,,,palmsprings,ca,92262,us
,,18663511144,,,,palmsprings,ca,92262,us
,,17603889800,18555017800,roman,misan,palmsprings,ca,92262,us
robert@homepixels.com,,17606502121,17602759217,,,palmsprings,ca,92262,us
,,17606563244,,,,palmsprings,ca,92262,us
,,12139030593,13233338946,,,palmsprings,ca,92264,us
,,14422197832,,,,palmsprings,ca,92262,us
,,17603184115,,,,palmsprings,ca,92264,us
,,17605373201,,,,palmsprings,ca,92262,us
,,17604233756,,,,palmsprings,ca,92264,us
paloalto@apple.com,media.help@apple.com,16507982800,18006927753,sue,wagner,paloalto,ca,94301,us
,,18008617432,14085420833,,,paloalto,ca,94301,us
info@immexperiences.com,,16503217833,,john,savage,paloalto,ca,94301,us
,,16503273241,,,,paloalto,ca,94301,us
info@lumelec.net,,14083453783,,,,paloalto,ca,94303,us
,,16503290891,,,,paloalto,ca,94301,us
info@smartforsmart.com,,16506403369,,,,paloalto,ca,94306,us
,,14158773277,,,,paloalto,ca,94303,us
,,16503243700,,,,paloalto,ca,94301,us
info@vikingsys.com,,16506651221,,,,paloalto,ca,94306,us
tristan@advancedhomecinema.com,,15305248451,,,,palocedro,ca,96073,us
,,16264497902,,,,pasadena,ca,91106,us
info@alcalaconsulting.com,,16264495549,,marco,alcala,pasadena,ca,91101,us
,,18884002748,,,,pasadena,ca,91101,us
,,16267962122,,,,pasadena,ca,91107,us
,,16267937229,,,,pasadena,ca,91103,us
,,16263516500,,tom,jacob,pasadena,ca,91107,us
,,18188395237,18773312084,,,pasadena,ca,91101,us
,,16267926682,,,,pasadena,ca,91107,us
hello@miadesigngroup.com,,13106007315,,gaby,lopez,pasadena,ca,91104,us
info@monacoav.com,sales@monacoav.com,16263959597,,,,pasadena,ca,91101,us
,,16265300062,,,,pasadena,ca,91107,us
ambassadors@pasadenaplayhouse.org,seasonsubmissions@pasadenaplayhouse.org,16263567529,16267928672,carol,burnett,pasadena,ca,91101,us
,,16267026919,,,,pasadena,ca,91101,us
,,16267951593,,,,pasadena,ca,91104,us
soco@soundandshades.com,sf@soundandshades.com,16264690424,16197429788,,,pasadena,ca,91101,us
,,18008413130,,,,pasadena,ca,91103,us
,,18666153233,13104000931,,,pasadena,ca,91103,us
info@woodyshome.com,,16267938200,,,,pasadena,ca,91101,us
,,18058354335,,,,pasorobles,ca,93446,us
,,17072835900,17604387000,,,petaluma,ca,94954,us
,,18884628478,,,,pleasanthill,ca,94523,us
info@camberintegration.com,,14156568966,19256671747,,,pleasanthill,ca,94523,us
,,19253578894,,,,pleasanthill,ca,94523,us
,,19258204900,,,,pleasanthill,ca,94523,us
,,14156104770,19134959494,,,pleasanton,ca,94588,us
info@vipav.com,,19252360583,,brentwood,visual,pleasanton,ca,94588,us
,,16157937704,,,,poway,ca,92064,us
contactus@environmentallights.com,hr@environmentallights.com,18887828132,18888801880,,,poway,ca,92064,us
,,17606363371,,,,ranchomirage,ca,92270,us
,,18583337991,,,,ranchosantafe,ca,92091,us
support@ranchosantafeaudiovideo.com,,18587642648,,,,ranchosantafe,ca,92091,us
hello@solvsd.com,,18582277658,,zach,blickstein,ranchosantafe,ca,92067,us
info@futureautomationdesign.com,,13107459802,,,,redondobeach,ca,90277,us
,,13103728932,,,,redondobeach,ca,90278,us
,,13109260225,,,,redondobeach,ca,90277,us
,,16502788937,,,,redwoodcity,ca,94061,us
,,16503694366,,,,redwoodcity,ca,94061,us
,,16503093962,,,,redwoodcity,ca,94063,us
,,16506678035,16503814107,,,redwoodcity,ca,94063,us
,,16505031685,,,,redwoodcity,ca,94063,us
,,16509002030,,,,redwoodcity,ca,94061,us
support@steigerdynamics.com,sales@steigerdynamics.com,18559159000,,,,redwoodcity,ca,94063,us
,,19163202969,,buzzhive,marketing,rescue,ca,95672,us
,,15102351256,,,,richmond,ca,94804,us
,,15102332795,18004684734,,,richmond,ca,94801,us
ap@shopavs.com,support@shopavs.com,19513433393,,,,riverside,ca,92503,us
,,19513931208,,,,riverside,ca,92505,us
sales@alarmax.com,,19512759915,14129218330,,,riverside,ca,92507,us
,,19516809063,13512136826,,,riverside,ca,92506,us
,,14244781566,,,,riverside,ca,92522,us
support@ersi.pro,,19517889700,18888459200,,,riverside,ca,92507,us
,,19516869880,,,,riverside,ca,92507,us
contact@empiretechs.com,,19094174875,17147508175,,,riverside,ca,92503,us
,,19517766586,,,,riverside,ca,92508,us
ar@iealarm.com,installmgmt@iealarm.com,19516862029,18667032896,,,riverside,ca,92507,us
,,19515154805,,,,riverside,ca,92504,us
,,18006973455,,,,riverside,ca,92507,us
,,18779411048,18775958324,,,riverside,ca,92507,us
contact@kmesystems.com,,19517428020,19494627001,,,riverside,ca,92507,us
contactus@kpsalarms.com,,18004577252,,kirk,page,riverside,ca,92505,us
,,19093750633,,,,riverside,ca,92507,us
,,19516883524,,,,riverside,ca,92504,us
,,19515885445,,,,riverside,ca,92503,us
admin@psia.biz,,19516567139,19516568139,,,riverside,ca,92507,us
,,19518330736,,,,riverside,ca,92503,us
support@securityoneonline.com,,18885845152,16126056049,,,riverside,ca,92508,us
,,19515001806,,,,riverside,ca,92508,us
nick@systemselectronicsinc.com,zac@systemselectronicsinc.com,19517812085,,,,riverside,ca,92507,us
,,18668346321,,,,riverside,ca,92507,us
,,19094420513,19099520047,,,riverside,ca,92507,us
silicondevice@e-consystems.com,salesna@e-consystems.com,14087667503,,vayu,robotics,riverside,ca,92505,us
,,15302149999,,,,rocklin,ca,95765,us
,,18556326272,,,,rocklin,ca,95677,us
,,19166330044,,,,roseville,ca,95746,us
,,19165838890,,,,roseville,ca,95678,us
,,14158283001,,,,sf,ca,94102,us
info@bugid.com,,14153313115,,,,sf,ca,94133,us
,,14155491440,,,,sf,ca,94104,us
,,14154017828,,,,sf,ca,94110,us
,,14159744077,,,,sf,ca,94103,us
,,14156368855,,,,sf,ca,94107,us
,,14085773000,,,,sf,ca,94118,us
alex@theaudiovisualrental.com,info@theaudiovisualrental.com,15109439809,18449736828,,,sf,ca,94103,us
,,14152095817,,,,sf,ca,94103,us
,,14156261195,,,,sf,ca,94103,us
,,19165399191,,,,sacramento,ca,95824,us
,,19166724073,,,,sacramento,ca,95815,us
,,18889023309,,,,sacramento,ca,95834,us
sale@4ase.com,dculligan@4ase.com,19163349800,,,,sacramento,ca,95841,us
,,19162779044,,,,sacramento,ca,95838,us
,,19168038978,,,,sacramento,ca,95828,us
,,19169710830,,,,sacramento,ca,95825,us
,,19166498040,,,,sacramento,ca,95815,us
tstuder@astrosecuritymonitoring.com,,19162529121,18886104366,,,sacramento,ca,95822,us
,,12792508880,,,,sacramento,ca,95822,us
,,19165812258,,,,sacramento,ca,95834,us
,,19165766646,13125000063,eddy,eisenberg,sacramento,ca,95815,us
,,18884999906,,,,sacramento,ca,95834,us
,,19163007323,,,,sacramento,ca,95826,us
,,19162420246,,,,sacramento,ca,95818,us
,,19167750544,13852330220,,,sacramento,ca,95821,us
,,19163672261,,,,sacramento,ca,95815,us
,,19164730623,18667098869,,,sacramento,ca,95842,us
,,19168904882,,,,sacramento,ca,95833,us
kwrobel@hilineelectric.com,,19164447915,19164443717,jill,pompei,sacramento,ca,95811,us
,,18444732727,,,,sacramento,ca,95834,us
,,19164575504,,,,sacramento,ca,95815,us
,,19164568742,,,,sacramento,ca,95822,us
,,19164423582,,,,sacramento,ca,95816,us
info@msmhomesolutions.com,,19162036386,19166555207,,,sacramento,ca,95841,us
,,18559863876,,,,sacramento,ca,95834,us
info@metromedia-productions.com,,19169248431,12198062920,paul,tisa,sacramento,ca,95834,us
,,19168902920,,,,sacramento,ca,95834,us
,,19783840780,,,,sacramento,ca,95825,us
,,19163070990,,,,sacramento,ca,95814,us
info@pacific-music-group.com,,19162075538,,,,sacramento,ca,95834,us
,,19164813900,19166793760,,,sacramento,ca,95825,us
,,19165389744,,,,sacramento,ca,95842,us
appointment@republiceliteintegration.com,customerservice-rei@republiceliteintegration.com,19163291950,18556001220,,,sacramento,ca,95827,us
,,19164730643,,,,sacramento,ca,95821,us
rich@syncavn.com,info@syncavn.com,19169137962,,,,sacramento,ca,95834,us
,,19163795280,,,,sacramento,ca,95826,us
,,19164847575,,,,sacramento,ca,95841,us
,,19167976332,,,,sacramento,ca,95814,us
info@tlctech.com,,19164398695,19164413838,hector,fanas,sacramento,ca,95864,us
,,19164493902,18008580549,,,sacramento,ca,95814,us
sales@telenetsolutions.com,,19167607550,18886111485,,,sacramento,ca,95814,us
,,19164435300,,,,sacramento,ca,95816,us
,,19164820800,,,,sacramento,ca,95825,us
,,19164433535,,,,sacramento,ca,95811,us
,,19167607189,,,,sacramento,ca,95833,us
info@baymedia.net,,18316580799,18313330665,,,salinas,ca,93908,us
service@atipro.net,,19513741551,,,,sanbernardino,ca,92408,us
kiernan@levineslights.com,,16508895089,,justin,levine,sancarlos,ca,94070,us
,,16508223110,,,,sancarlos,ca,94070,us
sales@zettacomm.com,,16505239330,,shawnon,parkinson,sancarlos,ca,94070,us
,,19493122986,19497852810,mitch,montrose,sanclemente,ca,92673,us
info@5northmedia.com,,18586212155,,ron,bobuk,sandiego,ca,92121,us
info@acousticevolution.com,,18586731675,,,,sandiego,ca,92128,us
,,18446988489,16194595064,seth,maxton,sandiego,ca,92123,us
,,16192436615,,,,sandiego,ca,92111,us
info@aha-av.com,,16198927176,,,,sandiego,ca,92107,us
sales@ameritechs.co,,18585051122,18885051125,,,sandiego,ca,92111,us
sales@audioimpact.com,,18582714154,,,,sandiego,ca,92121,us
,,18002842288,,,,sandiego,ca,92111,us
,,16193201776,,,,sandiego,ca,92111,us
info@digitalhomesd.com,,18585654229,16192443050,,,sandiego,ca,92117,us
info@emeraldaudiovisual.com,,18583549155,,,,sandiego,ca,92109,us
info@envirotechsd.com,,18588636891,,,,sandiego,ca,92126,us
,,16195176040,,,,sandiego,ca,92117,us
sumner.lee@fuseintegration.com,scott.rosebush@fuseintegration.com,16192550668,,sumner,lee,sandiego,ca,92111,us
,,16192572577,,,,sandiego,ca,92110,us
info@hdhookups.com,,18584334852,18884346658,,,sandiego,ca,92111,us
,,18586685446,,,,sandiego,ca,92117,us
tracking@homecontrols.com,returns@homecontrols.com,18586938887,18586938892,,,sandiego,ca,92126,us
,,18582080040,,,,sandiego,ca,92127,us
directv@myinnovationtech.com,sales@myinnovationtech.com,18585003691,18887895845,senior,president,sandiego,ca,92108,us
,,18584801719,,,,sandiego,ca,92123,us
info@intelligentaudiovisual.com,,18585660606,18584497675,,,sandiego,ca,92131,us
,,18583305590,,,,sandiego,ca,92128,us
info@sdlightworks.com,support@sdlightworks.com,18584579100,,troy,dunnington,sandiego,ca,92126,us
,,18585816545,,,,sandiego,ca,92109,us
,,18584542345,,,,sandiego,ca,92109,us
,,18582688400,18582569816,,,sandiego,ca,92123,us
,,16196797176,,,,sandiego,ca,92101,us
,,15716450498,,,,sandiego,ca,92122,us
info@modernhomesystems.com,,18585540404,18585540707,,,sandiego,ca,92121,us
,,18584499282,,,,sandiego,ca,92110,us
info@1touchliving.com,,18587989130,,,,sandiego,ca,92127,us
info@pascontrols.com,,18583916400,,,,sandiego,ca,92121,us
contact@plugnplaytv.com,,16193024637,,,,sandiego,ca,92117,us
mark@premiersoundtechnology.com,,16198041940,,,,sandiego,ca,92115,us
,,16196477923,,,,sandiego,ca,92123,us
,,18585410500,,,,sandiego,ca,92111,us
,,18588748700,,,,sandiego,ca,92123,us
office@smartshieldsystems.com,,18444777627,,yud,hefez,sandiego,ca,92123,us
,,18007002057,,,,sandiego,ca,92123,us
,,18582031250,,,,sandiego,ca,92120,us
contact@soundideas-av.com,,18585784380,18585784381,,,sandiego,ca,92126,us
,,16192238151,,,,sandiego,ca,92110,us
,,17045022758,,,,sandiego,ca,92105,us
sales@tazzlighting.com,,18584448880,,,,sandiego,ca,92121,us
,,13233040378,,,,sandiego,ca,92108,us
,,18582792255,,,,sandiego,ca,92120,us
info@videotoodvd.com,,16192208500,,,,sandiego,ca,92108,us
,,18584677111,,,,sandiego,ca,92123,us
,,18585605000,,,,sandiego,ca,92111,us
support@wiredsd.com,,16197806611,,,,sandiego,ca,92120,us
customercare@avsnext.com,info@avsnext.com,14158241717,,,,sanfrancisco,ca,94110,us
,,14156141118,,,,sanfrancisco,ca,94109,us
,,18004658929,,,,sanfrancisco,ca,94108,us
info@canarytechnologies.com,,18777391545,,chris,sommers,sanfrancisco,ca,94111,us
,,14158516622,,,,sanfrancisco,ca,94133,us
,,14086474687,,robert,spivack,sanfrancisco,ca,94103,us
,,14156713880,,,,sanfrancisco,ca,94124,us
support@fieldwire.com,,18552224959,14158013530,puneet,raj,sanfrancisco,ca,94105,us
,,14158167111,,,,sanfrancisco,ca,94118,us
,,14157631000,,doug,watson,sanfrancisco,ca,94109,us
,,14159937600,16505300226,clarence,hermary,sanfrancisco,ca,94103,us
info@ipsofacto.net,,14153622922,,,,sanfrancisco,ca,94114,us
,,14152952365,,robert,may,sanfrancisco,ca,94103,us
,,16503322067,,,,sanfrancisco,ca,94104,us
,,14155787111,,evan,jones,sanfrancisco,ca,94103,us
,,14156302411,,,,sanfrancisco,ca,94111,us
dsanguenza@managecasa.com,info@managecasa.com,18009986627,14153905386,,,sanfrancisco,ca,94111,us
,,12022503633,,peter,sirota,sanfrancisco,ca,94111,us
info@mhzav.com,,16506417135,18772249072,,,sanfrancisco,ca,94107,us
,,14153458111,,,,sanfrancisco,ca,94115,us
info@neetek.com,,14159462390,,michael,chung,sanfrancisco,ca,94111,us
,,14158618972,,,,sanfrancisco,ca,94102,us
,,14156192830,,,,sanfrancisco,ca,94105,us
,,14154416220,,,,sanfrancisco,ca,94115,us
,,14156609391,18884089738,lee,hallberg,sanfrancisco,ca,94105,us
,,14156617943,,,,sanfrancisco,ca,94116,us
,,18882921394,,,,sanfrancisco,ca,94103,us
info@techinsf.com,,14157613632,,john,williamson,sanfrancisco,ca,94107,us
info@tekrevol.com,,14152261313,18003629239,hansel,graef,sanfrancisco,ca,94105,us
tim@toneofmusic.com,info@toneofmusic.com,14158606818,14158241779,,,sanfrancisco,ca,94114,us
,,14159645565,,,,sanfrancisco,ca,94102,us
,,14152161260,,,,sanfrancisco,ca,94103,us
info@westcoastsoundsolutions.com,,18889277496,14158644447,,,sanfrancisco,ca,94116,us
,,14154468877,,,,sanfrancisco,ca,94110,us
,,18662527699,,,,sangabriel,ca,91778,us
,,14084774632,,,,sanjose,ca,95120,us
info@av.land,,14157991315,,,,sanjose,ca,95126,us
sales@avstech.com,support@avstech.com,18007011866,12018603550,michael,riotto,sanjose,ca,95131,us
,,18559255472,,,,sanjose,ca,95110,us
cthompson@automatedbldgs.com,info@automatedbldgs.com,14083808518,14086051874,,,sanjose,ca,95112,us
service@asgbms.com,sales@asgbms.com,14086492700,14084320300,tony,skibinski,sanjose,ca,95131,us
contact@automationanywhere.com,,18884843535,14088347676,mihir,shukla,sanjose,ca,95134,us
,,18888395831,,,,sanjose,ca,95134,us
blossomhilltv@yahoo.com,,14082253800,,,,sanjose,ca,95128,us
lizr@borgessecurity.com,,14082862205,,,,sanjose,ca,95127,us
sales@ccintegration.com,support@ccintegration.com,18777297330,14698975800,,,sanjose,ca,95131,us
,,16698774400,,,,sanjose,ca,95125,us
,,14089431234,,,,sanjose,ca,95134,us
,,14087924542,14087924111,,,sanjose,ca,95113,us
,,14085267209,,,,sanjose,ca,95134,us
,,14082954200,,,,sanjose,ca,95112,us
,,14089717390,,,,sanjose,ca,95133,us
,,18553039410,,,,sanjose,ca,95134,us
mail@diffco.us,,14156551002,,vadim,peskov,sanjose,ca,95110,us
trent@drummondelectric.com,,14086610219,,jennifer,chapman,sanjose,ca,95120,us
,,14082807488,,,,sanjose,ca,95112,us
info@ene-smarthome.com,,,,,,sanjose,ca,95129,us
info@gpsinteractive.com,,14083719177,14083718901,,,sanjose,ca,95124,us
,,14084531199,,,,sanjose,ca,95112,us
,,14087811299,,,,sanjose,ca,95123,us
,,14089248501,,,,sanjose,ca,95113,us
info@hi-techav.com,,14087309900,,,,sanjose,ca,95125,us
,,14084370244,,,,sanjose,ca,95133,us
information@homenes.com,,14082544663,17023332412,,,sanjose,ca,95131,us
info@ics-integration.com,,14084916000,14089980100,,,sanjose,ca,95119,us
bi.sales@infinitisolutions.com,adaptive@infinitisolutions.com,14089237300,14082515431,,,sanjose,ca,95134,us
cs@itconstructionpros.com,,14082258777,,,,sanjose,ca,95123,us
info@insyncai.com,,14088591614,,,,sanjose,ca,95113,us
info@intelligencesecurity.net,,14087486010,,,,sanjose,ca,95128,us
,,18446225710,,,,sanjose,ca,95131,us
payal.mathur@jadeglobal.com,marketing@jadeglobal.com,14088997200,18008997200,karan,yaramada,sanjose,ca,95110,us
,,17077168136,,,,sanjose,ca,95131,us
,,14086269641,,,,sanjose,ca,95112,us
info@lemonremodeling.com,,15102543211,,,,sanjose,ca,95110,us
,,14083200450,,jimmy,tran,sanjose,ca,95131,us
,,14083870878,,,,sanjose,ca,95117,us
venues@nextlevelproductionservices.com,info@nextlevelproductionservices.com,14088278521,,,,sanjose,ca,95112,us
,,14082120230,,,,sanjose,ca,95131,us
inquiries@pavion.com,service@pavion.com,18006003939,18665728466,fire,business,sanjose,ca,95131,us
meinfo@platform9.com,info@platform9.com,16508987369,,sirish,raghuram,sanjose,ca,95113,us
katie@precisioncommsystems.com,corporate@precisioncommsystems.com,14085838140,,,,sanjose,ca,95131,us
,,14086370545,,,,sanjose,ca,95117,us
,,14082740400,18558658243,,,sanjose,ca,95134,us
info@roboteon.com,,14088887623,,,,sanjose,ca,95110,us
,,14087338844,,,,sanjose,ca,95112,us
info@sanjosetvinstall.com,,14082902157,,,,sanjose,ca,95127,us
info@smart-monitor.com,support@smart-monitor.com,18883345045,14087541695,anoo,nathan,sanjose,ca,95119,us
,,14082543982,14082543250,,,sanjose,ca,95127,us
,,14084303492,14084303692,joe,chimenti,sanjose,ca,95112,us
,,14082976999,,,,sanjose,ca,95122,us
groupreservations@thetech.org,guestservices@thetech.org,14082948324,14087956198,katrina,stevens,sanjose,ca,95113,us
,,16692921211,,,,sanjose,ca,95113,us
hello@truadvantage.com,,14086808389,18006504144,,,sanjose,ca,95128,us
,,16696908002,,,,sanjose,ca,95116,us
info@wiredint.com,,14084418100,14084594950,,,sanjose,ca,95110,us
servicedesk@zagtech.com,,14083832000,17205248616,daniel,noy,sanjose,ca,95134,us
info@zamarmedia.com,,14082264323,,,,sanjose,ca,95119,us
,,18887999666,,,,sanjose,ca,95113,us
,,14085330288,,,,sanjose,ca,95134,us
chris@cgwiring.com,support@cgwiring.com,14088564424,,,,sanjose,ca,95110,us
,,14084753282,,michael,bolanos,sanjose,ca,95110,us
,,18006006287,,,,sanleandro,ca,94577,us
justin@onpointaudiovisual.com,matt@onpointaudiovisual.com,14153740887,14154966740,justin,dodd,sanleandro,ca,94577,us
,,18055481190,18055405116,harry,hamilton,sanluisobispo,ca,93401,us
rstover@homeavtv.com,info@homeavtv.com,17608910571,17602010775,,,sanmarcos,ca,92078,us
,,18589992031,,,,sanmarcos,ca,92078,us
support@brilliant.tech,sales@brilliant.tech,18556500940,,jonathan,temlock,sanmateo,ca,94401,us
,,14152836976,,,,sanmateo,ca,94402,us
sanmateo-service@security101.com,,16502493315,18002612041,,,sanmateo,ca,94401,us
,,14155248741,,nyal,mellor,sanrafael,ca,94901,us
,,14155260070,,,,sanrafael,ca,94901,us
hello@gridwiseelectric.com,,14154888828,,mark,lounsbury,sanrafael,ca,94901,us
,,14154991400,17075400511,,,sanrafael,ca,94903,us
,,14157580044,,skip,mccormack,sanrafael,ca,94903,us
,,19258388444,18004994288,vanessa,neilson,sanramon,ca,94583,us
contact@sightpro-solutions.com,,19253076410,,,,sanramon,ca,94583,us
,,18553002030,,,,santaana,ca,92705,us
,,18052687372,16612597000,,,santabarbara,ca,93101,us
contact@anytechca.com,help@anytechca.com,18052849715,,,,santabarbara,ca,93101,us
,,18058132214,,,,santabarbara,ca,93101,us
service@consolidatedoverheaddoor.com,sales@consolidatedoverheaddoor.com,18059650539,,bill,lewis,santabarbara,ca,93103,us
,,18059630908,,,,santabarbara,ca,93108,us
,,18057458324,,,,santabarbara,ca,93103,us
info@firebirdav.com,,18056174433,,wyatt,olsen,santabarbara,ca,93103,us
membership@hificlub.net,service@hificlub.net,18059622525,,,,santabarbara,ca,93101,us
,,18059659848,18052012618,,,santabarbara,ca,93101,us
news@keyt.com,vern.alvin@keyt.com,18058823933,18058823930,andrew,gillies,santabarbara,ca,93109,us
,,18059630761,,,,santabarbara,ca,93101,us
,,18059665111,,,,santabarbara,ca,93101,us
u003einfo@missionaudiovideo.com,info@missionaudiovideo.com,18056827575,,,,santabarbara,ca,93101,us
,,18059691575,,,,santabarbara,ca,93108,us
info@secureproinc.com,,18058801200,,,,santabarbara,ca,93103,us
,,18056948333,,,,santabarbara,ca,93101,us
dylan@sb-av.com,,18056877228,,,,santabarbara,ca,93105,us
,,18052324107,,,,santabarbara,ca,93101,us
,,18058992222,,,,santabarbara,ca,93101,us
boxoffice@etcsb.org,bmcdonald@etcsb.org,18059655400,18055683806,jon,kechejian,santabarbara,ca,93101,us
,,18056173312,,,,santabarbara,ca,93101,us
sales@visionary-av.com,support@visionary-av.com,18058458900,18058458889,,,santabarbara,ca,93103,us
,,14083849762,,,,santaclara,ca,95050,us
cs@corpav.net,,16509658358,18776212938,,,santaclara,ca,95054,us
,,16692244990,,,,santaclara,ca,95050,us
hello@moonasmart.com,,18888186857,,,,santaclara,ca,95054,us
,,14083451465,,mitsu,orozco,santaclara,ca,95050,us
,,14088399298,,,,santaclara,ca,95050,us
info@rnaautomaticgates.com,,16509121200,14086550468,,,santaclara,ca,95050,us
,,16617729355,,,,santaclarita,ca,91355,us
,,18312826035,18312760142,,,santacruz,ca,95062,us
info@beyondhometheater.com,,18777176863,,,,santamonica,ca,90405,us
,,13103934434,,,,santamonica,ca,90401,us
,,17075283557,17074837326,,,santarosa,ca,95407,us
,,17075442706,18002473569,,,santarosa,ca,95403,us
,,17078233830,17078585580,,,santarosa,ca,95403,us
,,17075369828,,greg,courdy,santarosa,ca,95401,us
,,17075425483,,,,santarosa,ca,95403,us
,,17078610733,,,,santarosa,ca,95403,us
,,17072002260,,,,santarosa,ca,95409,us
sales@jflighting.com,,17075457944,,,,santarosa,ca,95403,us
,,17075777900,,,,santarosa,ca,95401,us
,,17075463633,,,,santarosa,ca,95401,us
,,18555746567,,don,rinkor,santarosa,ca,95403,us
,,17072919720,,,,santarosa,ca,95405,us
,,17072008181,,,,santarosa,ca,95409,us
,,17076840024,,shows,up,santarosa,ca,95401,us
,,17075424773,12086182006,larry,dashiell,santarosa,ca,95403,us
,,17078204448,17077999558,,,santarosa,ca,95403,us
,,17075748728,,vinny,bagala,santarosa,ca,95401,us
info@tech4u.solutions,,17073964048,,,,santarosa,ca,95404,us
,,18442809146,,,,santarosa,ca,95405,us
,,17072314434,,,,santarosa,ca,95404,us
,,16199289099,,,,santee,ca,92071,us
johnmichael@cht.life,,18584679996,,,,santee,ca,92071,us
orders@basilaudio.com,info@basilaudio.com,14086475407,16193279557,,,saratoga,ca,95070,us
info@smartwireselectric.com,,16692720099,16692720010,,,saratoga,ca,95070,us
info@audiosymphony.com,,14152923300,,,,sausalito,ca,94965,us
support@automationracks.com,,14159972796,14159939927,,,sausalito,ca,94965,us
,,18313450321,,,,scottsvalley,ca,95066,us
info@montereyinnovations.com,,18317601091,,,,seaside,ca,93955,us
,,16615892858,,,,shafter,ca,93263,us
,,18182721642,,,,shermanoaks,ca,91403,us
info@ironlionav.com,,18188254842,,brandon,carroll,shermanoaks,ca,91423,us
sam@nexttechsystems.com,info@nexttechsystems.com,18188602678,,,,shermanoaks,ca,91411,us
,,15626054980,,,,signalhill,ca,90755,us
sales@ivasolutions.com,customerservice@ivasolutions.com,18665718529,18662041904,amara,omoregie,signalhill,ca,90755,us
,,15625954999,,,,signalhill,ca,90755,us
,,18887542280,,,,simivalley,ca,93063,us
ralph@functionalsmarthome.com,,18054326259,,,,simivalley,ca,93063,us
,,18884987761,,,,simivalley,ca,93065,us
,,18584367122,,,,solanabeach,ca,92075,us
,,17076025555,18774154158,derich,marsh,sonoma,ca,95476,us
support@granko.com,,17072915516,,,,sonoma,ca,95476,us
,,14156107779,,,,sonoma,ca,95476,us
,,15305411696,,,,southlaketahoe,ca,96150,us
,,15305844263,,,,southlaketahoe,ca,96150,us
,,15305450425,,,,southlaketahoe,ca,96150,us
,,15305773311,,,,southlaketahoe,ca,96150,us
,,15304949720,,,,southlaketahoe,ca,96150,us
info@blueskyelectricalsolutions.com,,15307213942,15307213770,,,southlaketahoe,ca,96150,us
%20info@clearviewelectrician.com,info@clearviewelectrician.com,15303141304,,allen,wheatfill,southlaketahoe,ca,96150,us
,,15305415596,17753920129,frank,giardina,southlaketahoe,ca,96150,us
chip@hatchelectric.com,office@hatchelectric.com,15305413035,15305418132,leonard,hatch,southlaketahoe,ca,96150,us
,,15306004545,,,,southlaketahoe,ca,96150,us
,,15307214485,18443870326,,,southlaketahoe,ca,96150,us
,,15304168722,,,,southlaketahoe,ca,96158,us
,,18882848078,,,,southlaketahoe,ca,96150,us
,,15305418880,,,,southlaketahoe,ca,96150,us
,,14155102050,,,,southsanfrancisco,ca,94080,us
info@argushd.com,,14153208465,,tim,kay,southsanfrancisco,ca,94080,us
,,16504529456,,jake,barker,southsanfrancisco,ca,94080,us
support@futuresoundav.com,,16503421476,16503281081,,,southsanfrancisco,ca,94080,us
,,16508731111,,,,southsanfrancisco,ca,94080,us
,,16505520660,16508737701,robert,smith,southsanfrancisco,ca,94080,us
,,16699002580,,,,sunnyvale,ca,94087,us
info@leoselectricautomation.com,,15302146046,,leo,jimenez,tahoecity,ca,96145,us
office@racav.com,,15305834100,17866479647,,,tahoecity,ca,96145,us
,,15305836901,18007665911,,,tahoecity,ca,96145,us
,,13104067058,,,,tahoecity,ca,96145,us
info@foremostautomation.com,,18186605580,,,,tarzana,ca,91335,us
,,18052778524,18189910010,,,thousandoaks,ca,91360,us
wayne@avcinc.biz,,18054803322,,,,thousandoaks,ca,91320,us
info@definedav.com,,18053760052,18059760052,,,thousandoaks,ca,91320,us
,,18054694945,,,,thousandoaks,ca,91320,us
,,18186204566,,,,thousandoaks,ca,91360,us
,,18055347082,,,,thousandoaks,ca,91362,us
,,18053701172,,,,thousandoaks,ca,91360,us
,,18002144499,,,,thousandoaks,ca,91320,us
,,18057188338,,,,thousandoaks,ca,91362,us
,,18055515768,,,,thousandoaks,ca,91362,us
chad@usfilmproduction.com,,18052087776,,scott,bronstad,thousandoaks,ca,91360,us
,,18053722462,,,,thousandoaks,ca,91362,us
,,18008880204,,,,thousandoaks,ca,91360,us
,,17603437488,,,,thousandpalms,ca,92276,us
,,17602488709,,,,thousandpalms,ca,92276,us
,,15419536657,,,,topanga,ca,90290,us
,,14242717761,,,,torrance,ca,90502,us
sales@thesourceav.com,support@thesourceav.com,13105349900,13105349901,,,torrance,ca,90505,us
,,15305821446,,,,truckee,ca,96161,us
info@carlsonselectronics.com,,15305871430,,,,truckee,ca,96161,us
,,15303860494,,mel,honda,truckee,ca,96161,us
,,15304481220,,,,truckee,ca,96161,us
,,18776272215,18442345143,mark,tanner,truckee,ca,96161,us
,,15302102275,,,,truckee,ca,96161,us
dave@independenttechnologies.net,,15304483694,,,,truckee,ca,96161,us
info@modularsystemcontrols.com,,14088099100,,craig,bradley,truckee,ca,96161,us
,,15305874844,,,,truckee,ca,96161,us
,,15302149468,,,,truckee,ca,96161,us
johnkim@cinema-systems.com,info@cinema-systems.com,12135456169,,,,tujunga,ca,91042,us
,,17147318883,,,,tustin,ca,92780,us
,,17143681001,,,,tustin,ca,92782,us
info@selectmultimedia.com,,18552863342,,,,tustin,ca,92780,us
support@synergy.tv,info@synergy.tv,17145052003,,steve,gorton,tustin,ca,92780,us
,,18555586284,,,,tustin,ca,92780,us
,,18666260423,,,,tustin,ca,92780,us
,,12132324702,,,,vannuys,ca,91406,us
,,13104322381,,tom,schilling,vannuys,ca,91406,us
,,18187810976,12133487356,,,vannuys,ca,91406,us
,,18188126598,,,,vannuys,ca,91406,us
grant@grantsound.com,,18059637756,,margaux,macgregor,ventura,ca,93003,us
,,18056738414,,,,ventura,ca,93004,us
,,15596674130,,,,visalia,ca,93292,us
,,17604551464,17603308377,julian,ramirez,vista,ca,92084,us
,,19259322211,19259352680,rod,uffindell,walnutcreek,ca,94596,us
,,19252895555,,,,walnutcreek,ca,94596,us
,,19253223095,,,,walnutcreek,ca,94596,us
info@soundandvideorentals.com,,14154947287,,,,walnutcreek,ca,94598,us
,,19252566631,,,,walnutcreek,ca,94596,us
,,18188888877,18178888877,eli,citrom,westhills,ca,91304,us
info@malibuwired.com,,13236563474,,,,westhollywood,ca,90046,us
,,19166698388,,,,westsacramento,ca,95691,us
goelectric@jetsonhome.com,support@jetsonhome.com,18889965876,,peter,hollero,westsacramento,ca,95691,us
,,13102794123,,,,westlakevillage,ca,91362,us
,,18183496300,,,,westlakevillage,ca,91361,us
91362info@blisshta.com,info@blisshta.com,18187062794,,,,westlakevillage,ca,91362,us
,,18052729603,,,,westlakevillage,ca,91361,us
,,18056008502,,,,westlakevillage,ca,91362,us
,,18183378575,,,,westlakevillage,ca,91362,us
jimlillie02@yahoo.com,audiomed1@comcast.net,17605201069,13235595273,daniel,willis,westlakevillage,ca,91361,us
,,18054971179,18054977536,,,westlakevillage,ca,91361,us
,,14152358094,,,,woodacre,ca,94973,us
info@cinegration.com,,17202952496,18004321429,,,arvada,co,80002,us
,,13038988983,,,,arvada,co,80002,us
admin@drivercentral.io,,,,,,arvada,co,80002,us
,,17206396571,,,,arvada,co,80002,us
,,13035522990,,,,arvada,co,80007,us
barry@jenningsav.com,,13035788199,,leo,slattery,arvada,co,80002,us
,,13034100924,18552854647,david,king,arvada,co,80002,us
,,19709253733,,,,aspen,co,81611,us
,,19702795139,18773943160,,,aspen,co,81611,us
,,13133143617,,,,aspen,co,81611,us
,,19705449800,,,,aspen,co,81611,us
info@conundrumtechnologies.com,,19706885261,13033081400,mike,pessina,aspen,co,81611,us
bizdev@decyphertech.com,,19705449700,18558086920,farr,shepherd,aspen,co,81611,us
s.giordani@bluepillow.com,,,,,,aspen,co,81611,us
info@eppilus.com,,19702791222,,magnus,grimmett,aspen,co,81611,us
info@leaxcontrols.com,,19709274845,,,,aspen,co,81611,us
,,19709203167,,,,aspen,co,81611,us
,,19709257595,,,,aspen,co,81611,us
customers@radioshack.com,dealers@radioshack.com,19709255550,18444474225,,,aspen,co,81611,us
boxoffice@theatreaspen.org,etaylor@theatreaspen.org,19709259313,19703004474,,,aspen,co,81611,us
,,19702749553,,,,aspen,co,81611,us
,,19709633742,,,,aspen,co,81611,us
,,19709251700,13034107047,,,aspen,co,81611,us
kory@alpenglowintegration.com,keith@alpenglowintegration.com,19703930684,19703316447,,,avon,co,81620,us
,,19708279120,,,,avon,co,81620,us
peter@artisticsound.net,dharper@artisticsound.net,19709255515,19709278883,,,basalt,co,81621,us
,,19709489065,,,,basalt,co,81621,us
liaison@liaisontechgroup.com,,19702952273,18882791235,steve,weber,basalt,co,81621,us
,,19704445006,,,,basalt,co,81621,us
contact@avcrafters.com,,13038187007,,dana,solomon,boulder,co,80301,us
,,17205026282,,,,boulder,co,80301,us
,,13038708182,,,,boulder,co,80304,us
,,19702305793,,,,boulder,co,80303,us
,,13034444428,,,,boulder,co,80302,us
,,13034403334,,,,boulder,co,80301,us
,,13037462592,,nick,karas,boulder,co,80302,us
contact@listenup.com,,13034440479,18777441179,,,boulder,co,80302,us
,,17206151248,,,,boulder,co,80302,us
,,18557500004,,,,boulder,co,80302,us
,,17204068946,,,,boulder,co,80301,us
,,13034060387,,,,boulder,co,80304,us
,,17147546175,,,,boulder,co,80301,us
,,17203355710,,,,boulder,co,80301,us
,,17202011905,,,,boulder,co,80302,us
jay@avscolorado.com,,19704851359,,,,breckenridge,co,80424,us
,,18772887707,,,,broomfield,co,80021,us
,,13036669700,,,,broomfield,co,80020,us
,,19709876802,,,,carbondale,co,81623,us
,,19703152292,,,,carbondale,co,81623,us
,,19706186560,,,,carbondale,co,81623,us
,,13032091038,,,,castlepines,co,80108,us
,,17202327584,,,,centennial,co,80112,us
,,13036629402,,,,centennial,co,80111,us
info@digitalmediainnovations.com,,13038731100,,insurance,providers,centennial,co,80112,us
,,17207343120,,tyson,rabani,centennial,co,80112,us
,,17207711011,,,,centennial,co,80112,us
contact@amgtv.com,,17199001116,,fitness,coach,coloradosprings,co,80919,us
,,18004829385,,mark,cray,coloradosprings,co,80909,us
,,17193236100,,,,coloradosprings,co,80904,us
,,17195914300,,,,coloradosprings,co,80916,us
,,17193017171,,,,coloradosprings,co,80918,us
,,17196301900,,,,coloradosprings,co,80907,us
,,17195053903,,,,coloradosprings,co,80907,us
,,17192332667,,,,coloradosprings,co,80919,us
,,17196458528,,,,coloradosprings,co,80907,us
,,17192323047,,,,coloradosprings,co,80915,us
,,17195205379,,,,coloradosprings,co,80907,us
,,17195980189,,,,coloradosprings,co,80907,us
,,18333302244,,,,coloradosprings,co,80917,us
support@hdconnections.co,,17194818346,,,,coloradosprings,co,80917,us
,,17196850660,18002381774,,,coloradosprings,co,80919,us
,,17196301981,,,,coloradosprings,co,80906,us
,,17196338402,,,,coloradosprings,co,80903,us
orders@lavrentals.com,,17195330336,,,,coloradosprings,co,80919,us
,,17193887500,,,,coloradosprings,co,80921,us
,,17194930439,,,,coloradosprings,co,80916,us
,,17192317195,,,,coloradosprings,co,80918,us
,,18006187491,,,,coloradosprings,co,80909,us
info@saltcreekintegrated.com,,17194285510,,trevor,kinkade,coloradosprings,co,80907,us
,,17194713823,,,,coloradosprings,co,80907,us
,,17193922012,,,,coloradosprings,co,80903,us
,,17196297765,,,,coloradosprings,co,80917,us
,,17194828746,,,,coloradosprings,co,80905,us
,,17197554794,,master,installer,coloradosprings,co,80917,us
,,17203773877,,,,coloradosprings,co,80921,us
,,17192397125,17196361684,,,coloradosprings,co,80904,us
,,17194770535,,,,coloradosprings,co,80907,us
info@ampchamp.com,,17209004386,,,,denver,co,80207,us
jordan@ashcrafttech.com,sales@ashcrafttech.com,13032681946,,,,denver,co,80222,us
,,17204320373,,,,denver,co,80210,us
,,13035589050,,joe,montoya,denver,co,80223,us
,,17206892234,,brandon,donovan,denver,co,80210,us
,,17205315830,,,,denver,co,80216,us
,,17208022938,,,,denver,co,80221,us
,,17203202899,,,,denver,co,80222,us
service@eiexperts.com,,13037617277,,,,denver,co,80223,us
,,13032967778,,,,denver,co,80216,us
info@envision10.com,,13035292279,,,,denver,co,80206,us
info@iqhomeandoffice.com,,13034793229,13035239923,,,denver,co,80223,us
,,13037581818,,,,denver,co,80222,us
,,13037925588,,,,denver,co,80223,us
,,13037620500,,,,denver,co,80239,us
u003einfo@logicav.net,info@logicav.net,13034848237,,shawn,hansson,denver,co,80202,us
,,13035788346,,,,denver,co,80216,us
parts@novaautomation.com,service@novaautomation.com,13034955010,,,,denver,co,80219,us
,,17208388863,15204296084,patrick,mcclellan,denver,co,80210,us
,,13032849661,,,,denver,co,80219,us
info@reliablehometechnology.com,,17203160030,17203160010,,,denver,co,80214,us
,,13034774456,,,,denver,co,80216,us
,,14154665200,,deb,noller,denver,co,80202,us
info@sysdy.com,,13039622022,,matt,johnson,denver,co,80203,us
,,13032686600,,,,denver,co,80223,us
,,17203881234,,,,denver,co,80202,us
,,17202137550,,,,denver,co,80211,us
,,13035715611,,,,denver,co,80204,us
,,17204149925,,,,denver,co,80202,us
,,19704010027,,,,eagle,co,81631,us
,,16626418722,,,,eagle,co,81631,us
info@vailhometheater.com,,19704714075,,,,edwards,co,81632,us
,,19709261896,,,,edwards,co,81632,us
,,19704466547,,,,edwards,co,81632,us
,,17207904381,,,,englewood,co,80111,us
info@avlsg.com,,13035311015,19542330389,,,englewood,co,80110,us
sales@goldsound.net,,13037895310,,,,englewood,co,80113,us
inquiries@milehighaudiovideo.com,,17205055000,,,,englewood,co,80112,us
,,13036232324,,,,englewood,co,80110,us
,,13037210111,,,,englewood,co,80112,us
adam@soundscapestereo.com,,17209649046,,,,evergreen,co,80439,us
,,19702211496,,,,fortcollins,co,80526,us
,,19702330801,,,,fortcollins,co,80524,us
cavsales@cavfrontrange.com,cavservice@cavfrontrange.com,18007365094,15716086286,,,fortcollins,co,80524,us
,,17208006095,,,,fortcollins,co,80524,us
helpdesk@elliottelectric.com,,19703053593,19703721731,rusty,rust,fortcollins,co,80525,us
,,19706896881,,,,fortcollins,co,80524,us
,,17204609388,,,,fortcollins,co,80524,us
,,19706825323,,,,fortcollins,co,80524,us
info@harmonicseries.com,,19706737437,,,,fortcollins,co,80526,us
,,19702218008,,,,fortcollins,co,80524,us
,,19702978010,,,,fortcollins,co,80525,us
,,19706824015,,,,fortcollins,co,80524,us
,,19705661438,,,,fortcollins,co,80525,us
jeff@rockymtninstall.com,,19706700255,,,,fortcollins,co,80526,us
,,19702263430,,,,fortcollins,co,80525,us
,,19702943111,,,,fortcollins,co,80526,us
,,19702149613,,,,fortcollins,co,80524,us
,,19702817217,,,,fortcollins,co,80521,us
,,17192318074,,,,fountain,co,80817,us
,,19709456610,13039567747,brian,reiter,glenwoodsprings,co,81601,us
,,19705100064,,,,glenwoodsprings,co,81601,us
hello@kaleidoscope-co.com,,17208810673,,stephen,ridgway,golden,co,80401,us
,,13036569895,,,,golden,co,80403,us
,,19703021447,,,,greeley,co,80634,us
sales@soundingshifi.com,,13037595505,13037594273,rod,tomson,greenwoodvillage,co,80112,us
,,13039865764,,,,lakewood,co,80214,us
,,17205320199,13033591974,kevin,nguyen,lakewood,co,80215,us
,,13035260403,17205379402,ron,callis,lakewood,co,80214,us
,,17205752494,,,,lakewood,co,80401,us
,,17203532803,,,,lakewood,co,80226,us
,,13032341235,19703637794,steve,sullivan,littleton,co,80128,us
,,17207334295,,,,littleton,co,80120,us
alan@digitalhomecolorado.com,,13037758973,,,,longmont,co,80503,us
info@nextsteponline.net,,13038349486,,,,longmont,co,80504,us
customerservice@adsalarm.com,,13034441191,16308446300,scott,bennett,louisville,co,80027,us
,,13034695252,,,,louisville,co,80027,us
info@integralhomesystems.com,,19707752400,,,,loveland,co,80537,us
,,18045001204,,,,montrose,co,81403,us
,,17196297905,,,,monument,co,80132,us
,,18559844659,,scott,wilson,monument,co,80132,us
,,19707080348,,randy,martin,paonia,co,81428,us
sales@afterburnerhs.com,,13039152216,,,,parker,co,80134,us
,,17202484479,,curtis,slaght,parker,co,80134,us
,,17202571233,,,,parker,co,80134,us
,,17204455455,,,,parker,co,80134,us
,,17197611383,,,,peyton,co,80831,us
sales@pmav.co,,18337692824,,,,sheridan,co,80110,us
info@cosmartsystems.com,support@cosmartsystems.com,13035881146,,john,young,sheridan,co,80110,us
,,19704858563,19703558100,,,silverthorne,co,80498,us
peter@prospectrumsystems.com,info@prospectrumsystems.com,19703899713,19704061073,peter,vaartjes,silverthorne,co,80498,us
,,19708754353,,,,steamboatsprings,co,80487,us
support@teamc9.com,,19707612352,,thomas,mckenzie,steamboatsprings,co,80487,us
,,19707444444,14074929350,,,steamboatsprings,co,80487,us
,,19708718500,,,,steamboatsprings,co,80487,us
,,19708792217,,,,steamboatsprings,co,80477,us
,,19708799900,19708799700,,,steamboatsprings,co,80487,us
info@stagecoachelectricinc.com,billing@stagecoachelectricinc.com,19708463316,,,,steamboatsprings,co,80487,us
,,19708464274,,,,steamboatsprings,co,80487,us
,,19707083756,,,,telluride,co,81435,us
,,19707280400,,,,telluride,co,81435,us
hello@bivygroup.com,,19707081840,,,,telluride,co,81435,us
digital1av@outlook.com,,19707793165,,,,telluride,co,81435,us
,,19707080069,,,,telluride,co,81435,us
,,19707658593,,,,telluride,co,81435,us
,,19703690022,,,,telluride,co,81435,us
,,19707650233,,,,telluride,co,81435,us
,,19707280662,,,,telluride,co,81435,us
,,19706880505,,,,telluride,co,81435,us
,,19707284445,,,,telluride,co,81435,us
,,19707289592,,,,telluride,co,81435,us
,,19707298011,19702391456,michael,mowery,telluride,co,81320,us
,,19707080990,,,,telluride,co,81435,us
,,19707291221,,,,telluride,co,81435,us
,,19703691269,,,,telluride,co,81435,us
info@yxtech.co,,19703699989,,,,telluride,co,81435,us
support@soundmediaonline.com,,13035643440,,steve,strother,thornton,co,80602,us
info@dkautomation.com,,14695568700,12145662809,,,timnath,co,80547,us
,,19702148597,,,,timnath,co,80547,us
,,19703763983,,,,vail,co,81657,us
,,19293985314,,,,vail,co,81657,us
,,19704760700,,,,vail,co,81657,us
,,19709046304,,,,vail,co,81657,us
skidmc@invitedhome.com,owners@invitedhome.com,19706151788,17205371661,,,vail,co,81657,us
,,19704772990,,,,vail,co,81657,us
,,19703310698,,,,vail,co,81657,us
,,19703066741,,,,vail,co,81657,us
,,19704768282,,,,vail,co,81657,us
hello@wisheskidsstore.com,,19704768697,19708450456,,,vail,co,81657,us
,,13032259125,,,,westminster,co,80031,us
sales@securecomm.us,,13037512288,12474757462,george,ge,westminster,co,80003,us
,,18882540770,,,,wheatridge,co,80033,us
lenard@shopimaginemore.com,branden@shopimaginemore.com,19704600895,,,,windsor,co,80550,us
,,19706861040,,,,windsor,co,80550,us
,,12038086991,,,,ansonia,ct,06401,us
,,12037341635,,,,ansonia,ct,06401,us
alex_keylin@msn.com,,18602057373,18606759992,,,avon,ct,06001,us
,,12039275829,,,,berlin,ct,06037,us
,,18608365991,,,,bloomfield,ct,06002,us
,,18608336174,,,,branford,ct,06405,us
,,12037850300,,,,branford,ct,06405,us
,,12034334145,,,,branford,ct,06405,us
,,12033957234,,,,bridgeport,ct,06606,us
,,18608458564,,,,bristol,ct,06010,us
info@mackmediagroup.com,,12034086700,12037781120,scott,johnson,brookfield,ct,06804,us
,,18606759056,,,,canton,ct,06019,us
service@perfectvisionsound.com,,18606770075,,,,canton,ct,06019,us
support@cthomeautomation.com,,12034390776,,,,cheshire,ct,06410,us
,,12032508500,,,,cheshire,ct,06410,us
ctsales@autoassoc.com,pratajczak@autoassoc.com,12036556466,12035832095,,,darien,ct,06820,us
info@vistagroupinternational.com,sales@vistagroupinternational.com,12038525557,,martha,yaney,darien,ct,06820,us
,,18004689418,,,,durham,ct,06422,us
,,18602894286,,,,easthartford,ct,06108,us
,,18008428446,,,,easthartford,ct,06108,us
,,18608991536,,,,easthartford,ct,06108,us
,,18605396460,,,,easthartford,ct,06118,us
info@nextgenerationalarms.com,,18882329993,,,,easthartford,ct,06108,us
,,18602214144,,andrew,stoddard,easthartford,ct,06108,us
,,18604287000,,,,easthartford,ct,06108,us
rick@rjesposito.com,,12038041224,,,,easthaven,ct,06512,us
,,12038643287,,,,easthaven,ct,06512,us
,,12038915814,,,,easthaven,ct,06512,us
,,12032276878,,,,fairfield,ct,06824,us
,,18604810646,,,,fairfield,ct,06824,us
ira@idesigntheaters.com,,12032592423,,ira,fagan,fairfield,ct,06824,us
,,12033380706,,,,fairfield,ct,06825,us
,,12032276640,,,,fairfield,ct,06825,us
contact@westfairtv.com,,12032551671,,,,fairfield,ct,06824,us
bob@bentleysystems.us,,18606578558,18606525461,arthur,bentley,glastonbury,ct,06073,us
,,18446332412,,,,glastonbury,ct,06033,us
,,18605305824,,,,glastonbury,ct,06033,us
info@bri-tech.com,,12033402155,16315638000,,,greenwich,ct,06830,us
,,12035699222,,,,greenwich,ct,06830,us
sales@control-digital.net,,18334234448,,vincent,fama,greenwich,ct,06830,us
sales@coscobtv.com,,12038692277,,,,greenwich,ct,06807,us
sales@fairfieldis.io,,12036149365,15618342211,,,greenwich,ct,06878,us
,,16033877691,,,,greenwich,ct,06830,us
,,12032262386,12035806711,,,greenwich,ct,06830,us
info@roloelectronics.com,,19142479506,19142589339,julio,cabrera,greenwich,ct,06831,us
,,12036221801,,,,greenwich,ct,06830,us
,,18605166210,,,,groton,ct,06355,us
,,18442872576,,,,hamden,ct,06514,us
,,19148376004,,,,hamden,ct,06518,us
,,12032348080,,,,hamden,ct,06514,us
,,12032489323,,,,hamden,ct,06518,us
,,12036890627,,,,hartford,ct,06105,us
,,18602173967,,,,hartford,ct,06112,us
,,19295603978,,,,hartford,ct,06120,us
,,18607278715,,,,hartford,ct,06120,us
,,18602316264,,,,hartford,ct,06106,us
,,18602497631,,,,hartford,ct,06114,us
boxoffice@hartfordstage.org,,18605275151,18605255601,,,hartford,ct,06103,us
,,18604030201,,,,hartford,ct,06120,us
,,18605607757,,,,hartford,ct,06103,us
,,12038681160,,,,hartford,ct,06106,us
,,18602921111,,,,hartford,ct,06120,us
webguy@realartways.org,palbano@realartways.org,18602321006,,,,hartford,ct,06106,us
,,18604932532,,,,hartford,ct,06114,us
info@sgzpro.com,,18602920628,18609204710,executive,director,hartford,ct,06103,us
info@bushnell.org,,18609875900,,,,hartford,ct,06106,us
,,18605487370,,,,hartford,ct,06120,us
,,18605237250,,,,hartford,ct,06105,us
,,18602468001,,,,hartford,ct,06114,us
,,18605277838,,,,hartford,ct,06103,us
info@litchfieldstereo.com,,18604915659,18605674434,,,kent,ct,06757,us
,,18605675801,,,,litchfield,ct,06750,us
,,18609140965,14078508758,jennifer,mallett,litchfield,ct,06759,us
info@avtheaterdesigns.com,,12034838888,,,,madison,ct,06443,us
,,18604883317,,,,manchester,ct,06040,us
,,18602680657,,,,mansfield,ct,06268,us
,,18609807233,,,,middletown,ct,06457,us
,,12033678777,,,,milford,ct,06460,us
,,12034702734,12037908889,john,gigante,monroe,ct,06468,us
info@a-plus-electrical.com,,12032289082,18606313933,,,naugatuck,ct,06770,us
,,19145896681,,,,newcanaan,ct,06840,us
info@hullalarmsllc.com,,18603974855,18332894855,,,newhartford,ct,06057,us
,,12036753710,,,,newhaven,ct,06513,us
,,12034672878,,,,newhaven,ct,06512,us
,,12037779644,,,,newhaven,ct,06511,us
,,12035164200,,,,newhaven,ct,06515,us
,,12037478244,,,,newhaven,ct,06515,us
,,15166603699,,,,newhaven,ct,06510,us
,,12037890889,,,,newhaven,ct,06510,us
,,12032151410,,,,newhaven,ct,06510,us
,,12034044835,,,,newhaven,ct,06510,us
,,14752398043,,,,newhaven,ct,06511,us
,,12038579083,12103698639,,,newhaven,ct,06513,us
,,18606665006,18606677030,,,newington,ct,06111,us
sales@flexibleautomationsystemstechnology.com,hr@flexibleautomationsystemstechnology.com,12032701799,12037884854,,,newtown,ct,06482,us
,,12036932246,,,,northbranford,ct,06471,us
,,12039156682,,,,northhaven,ct,06473,us
,,12032871907,18009981907,,,northhaven,ct,06473,us
dom@advancedalarms.com,joe@advancedalarms.com,12032342166,,domenic,liuzzi,northhaven,ct,06473,us
,,12032881000,,,,northhaven,ct,06473,us
,,12032395553,,,,northhaven,ct,06473,us
,,12032811121,,jose,ortiz,northhaven,ct,06473,us
accounting@opusavc.com,purchasing@opusavc.com,12034980407,12038915015,,,northhaven,ct,06473,us
,,12032346343,,,,northhaven,ct,06473,us
,,12032300226,18002999956,,,northhaven,ct,06473,us
,,12038896899,,,,northhaven,ct,06473,us
aesalarm@aesalarm.com,,12038460700,12038401516,,,norwalk,ct,06851,us
,,12032955050,,,,norwalk,ct,06854,us
management@ctcable.com,info@ctcable.com,12038478630,,,,norwalk,ct,06854,us
,,12038566376,,,,norwalk,ct,06851,us
,,19144847009,,,,norwalk,ct,06854,us
info@justaudiovisual.com,,12033950404,12037700795,,,norwalk,ct,06851,us
,,12039183218,,,,norwalk,ct,06854,us
,,12038545701,,,,norwalk,ct,06855,us
salesstaff@stratatech.net,,12032990222,,,,norwalk,ct,06850,us
,,12033254554,12000311378,,,norwalk,ct,06851,us
,,12038004410,,,,orange,ct,06477,us
,,18604908444,,,,plainville,ct,06062,us
sales@automationdevelopment.com,,18605830852,18003490528,,,plymouth,ct,06786,us
matt@c9audiovisual.com,,12035586414,,matt,carnein,plymouth,ct,06786,us
,,18603420731,,,,portland,ct,06480,us
info@homemediadesigns.com,,12034313344,,david,woodward,ridgefield,ct,06877,us
,,18605445846,,,,rockyhill,ct,06067,us
sales@intelligentsystemsconsulting.com,billing@intelligentsystemsconsulting.com,18608380799,,,,rockyhill,ct,06067,us
,,18606192400,,,,roxbury,ct,06783,us
info@grandlight.com,,12038286596,18009221469,union,club,seymour,ct,06483,us
info@aplusaudiovisual.com,,12039549577,18408412569,,,shelton,ct,06484,us
,,18605171043,,,,shelton,ct,06484,us
,,12038886634,,,,shelton,ct,06484,us
info@solutioninnovators.com,,18602885353,,melody,mulder,southwindsor,ct,06074,us
,,18888412815,,,,southington,ct,06489,us
sales@natheatrix.com,,18608634112,,gary,peck,southington,ct,06489,us
,,18606288828,,,,southington,ct,06479,us
,,12033243100,,,,stamford,ct,06901,us
,,19144384524,,,,stamford,ct,06901,us
,,12038984648,,,,stamford,ct,06902,us
,,12033578853,,,,stamford,ct,06902,us
,,12033560000,18667037666,,,stamford,ct,06902,us
,,12033258070,,,,stamford,ct,06902,us
,,16469839898,,,,stamford,ct,06902,us
,,19144139180,,,,stamford,ct,06901,us
,,12033271120,,,,stamford,ct,06902,us
,,12033561000,,,,stamford,ct,06907,us
,,12037249999,,,,stamford,ct,06901,us
info@countytv.com,sales@countytv.com,12033272630,18778274995,,,stamford,ct,06905,us
,,12033096601,,,,stamford,ct,06905,us
,,19146062419,,,,stamford,ct,06902,us
,,12033246308,,,,stamford,ct,06902,us
,,12039611715,16569907280,,,stamford,ct,06902,us
info@freedomfusionsystem.com,,19362805670,19362886261,luca,finco,stamford,ct,06902,us
,,12039626392,,,,stamford,ct,06901,us
info@cthometech.com,,12033888770,,,,stamford,ct,06905,us
info@intertechmedia.com,sales@intertechmedia.com,12039671800,12039677271,,,stamford,ct,06906,us
,,18006595821,,,,stamford,ct,06905,us
,,12033277157,,,,stamford,ct,06902,us
,,18773556225,,,,stamford,ct,06901,us
casting@lucky8.tv,info@lucky8.tv,13474791818,,,,stamford,ct,06902,us
,,12033482100,,,,stamford,ct,06906,us
,,12033292290,12032268701,ted,hartlett,stamford,ct,06903,us
,,12035247974,,carlos,carlin,stamford,ct,06905,us
,,12039681515,,,,stamford,ct,06905,us
,,12034060545,,,,stamford,ct,06910,us
sales@richavdesign.com,,12036535025,,,,stamford,ct,06902,us
,,12033274800,,,,stamford,ct,06901,us
,,12035360021,,,,stamford,ct,06901,us
,,14754194042,,,,stamford,ct,06906,us
,,12039216628,,,,stamford,ct,06907,us
,,12033254466,,,,stamford,ct,06901,us
,,12039054058,,,,stamford,ct,06901,us
,,18557975526,14073764878,juan,castano,stamford,ct,06903,us
,,18662903435,,,,stamford,ct,06901,us
info@unitedhomeandpatio.com,,12033888848,,andy,cunningham,stamford,ct,06901,us
contact@venturehome.com,,18882745580,18885229161,alex,yackery,stamford,ct,06902,us
,,16465045176,,,,stamford,ct,06901,us
,,12032573934,,,,stratford,ct,06614,us
,,12036105705,,,,stratford,ct,06615,us
,,12033141810,,,,stratford,ct,06614,us
,,15086405894,,,,thompson,ct,06255,us
info@soundworksandsecurity.com,,18604967041,18604967043,,,torrington,ct,06790,us
,,18669917233,,,,trumbull,ct,06611,us
,,18608707676,,,,vernon,ct,06066,us
,,18608752876,,joseph,colangelo,vernon,ct,06066,us
,,18606000499,,nate,joslin,vernon,ct,06066,us
shaun@otgsound.com,,18608177180,,shaun,anderson,vernon,ct,06066,us
,,12034881187,18332499259,,,wallingford,ct,06492,us
,,12032655702,,,,wallingford,ct,06492,us
,,14752037080,18445383766,,,wallingford,ct,06492,us
,,18605130100,,,,wallingford,ct,06492,us
,,18456756942,,,,waterbury,ct,06705,us
,,18604425314,,,,waterford,ct,06385,us
,,18602365991,,,,westhartford,ct,06110,us
,,18605784089,,,,westhaven,ct,06516,us
steffmo@aol.com,,12039347186,,,,westhaven,ct,06516,us
,,12035140305,,,,westhaven,ct,06516,us
,,12037475335,,,,westhaven,ct,06516,us
,,14756557557,,,,westhaven,ct,06516,us
,,12032220000,,,,weston,ct,06883,us
,,16462459259,,,,weston,ct,06883,us
,,18576002050,,,,westport,ct,06880,us
,,12032225200,,,,westport,ct,06880,us
,,12038325669,19172073504,phil,levieff,westport,ct,06880,us
,,12404190963,,,,accokeek,dc,20607,us
,,17033239535,,,,alexandria,dc,22302,us
,,17036774187,17037834724,claire,liston,alexandria,dc,22314,us
,,12029303007,17039803266,,,arlington,dc,22207,us
,,15715739000,,,,arlington,dc,22206,us
,,15712275093,,,,arlington,dc,22202,us
,,17034205434,,,,ashburn,dc,20147,us
,,13012633132,,,,capitolheights,dc,20743,us
brendanjr@trinitywiringsolutions.com,,17032579403,18004321429,,,chantilly,dc,20151,us
2sales@sightandsoundsystems.com,,17038026443,,kris,kaymanesh,dulles,dc,20166,us
info@commandav.com,,17035327239,,jeff,fox,fallschurch,dc,22046,us
,,18779426262,,,,kensington,dc,20895,us
info@evolutionav.com,,17034629552,,,,mclean,dc,22102,us
info@dcpowerhouse.com,,13018389191,13015884390,,,silverspring,dc,20910,us
,,17036462602,,,,springfield,dc,22150,us
sales@iniav.com,,17037711676,,,,sterling,dc,20164,us
,,12029417216,,,,washington,dc,20009,us
info@avdcav.com,,12027186239,,,,washington,dc,20036,us
info@avrexpos.com,,12022208001,18006936668,,,washington,dc,20002,us
,,17813280978,,,,washington,dc,20002,us
,,18552626826,,,,washington,dc,20037,us
sales@artisticav.com,support@artisticav.com,12027898064,12027898063,,,washington,dc,20001,us
,,12027652150,,,,washington,dc,20036,us
,,12026433010,,,,washington,dc,20006,us
,,12027602716,,,,washington,dc,20036,us
,,12027351287,,,,washington,dc,20004,us
,,17865205921,,,,washington,dc,20002,us
contacts@basementremodeling.com,contact@basementremodeling.com,12028131571,12024100111,pavel,abaev,washington,dc,20009,us
dc@builddesigncenter.com,frederick@builddesigncenter.com,12029263838,18669365663,,,washington,dc,20007,us
,,12022957180,,,,washington,dc,20006,us
,,12025547774,,,,washington,dc,20024,us
commlink@commlinkav.com,clihelp@commlinkav.com,14102290027,19282444995,,,washington,dc,20037,us
,,17706375024,,,,washington,dc,20005,us
,,12028291916,,,,washington,dc,20005,us
mfoley@customtvsolutions.com,,12022508330,,,,washington,dc,20007,us
,,12024102566,,,,washington,dc,20005,us
,,12024997840,,,,washington,dc,20036,us
,,13019770387,,,,washington,dc,20006,us
contact@extendederp.com,,12027925531,,jack,harmon,washington,dc,20009,us
info@fwgsolutions.com,,12023910058,,,,washington,dc,20004,us
contact@globalinkit.com,,18303500695,18886787219,marcus,williams,washington,dc,20001,us
,,12022449643,,,,washington,dc,20016,us
,,19199872280,,,,washington,dc,20004,us
,,17039530999,,,,washington,dc,20007,us
,,12029637700,,,,washington,dc,20006,us
info@itecksolutions.com,support@itecksolutions.com,13019291852,18664832544,zeke,warner,washington,dc,20036,us
brianburan@issits.com,lhouk@issits.com,13012515101,,linda,houk,washington,dc,20009,us
,,12026212344,,,,washington,dc,20005,us
contact@jecoinc.com,,12027268488,13017794108,,,washington,dc,20011,us
,,12029865710,,,,washington,dc,20008,us
info@layermark.com,,12028678444,,,,washington,dc,20036,us
,,12026245700,,,,washington,dc,20001,us
,,19174745872,,,,washington,dc,20006,us
sales@matrixmspllc.com,,12022314321,18772462874,,,washington,dc,20006,us
,,12029908557,,,,washington,dc,20001,us
,,18567887513,,,,washington,dc,20003,us
,,12409407548,,,,washington,dc,20001,us
,,17712239205,,,,washington,dc,20006,us
,,12026819643,,,,washington,dc,20002,us
,,12405830546,,,,washington,dc,20002,us
info@obverseinc.com,,12029526496,12022172919,,,washington,dc,20012,us
,,12026815575,,,,washington,dc,20001,us
,,15713395106,,,,washington,dc,20006,us
,,12028272214,,,,washington,dc,20002,us
,,12023750782,,,,washington,dc,20008,us
zack@rtwav.com,sales@rtwav.com,18044484800,15408721519,,,washington,dc,20004,us
,,18889277990,,,,washington,dc,20004,us
,,18667809700,,,,washington,dc,20005,us
registrar@softekdc.com,,12027475000,12027475010,,,washington,dc,20005,us
,,12023323300,,,,washington,dc,20005,us
kcotten@techconllc.com,,12024997006,13015092902,,,washington,dc,20001,us
hello@thinknimble.com,,12024809291,,neil,shah,washington,dc,20036,us
,,16509189201,,,,washington,dc,20002,us
,,12027549117,,,,washington,dc,20007,us
info@vision-security.com,,18668237233,17328052025,,,washington,dc,20018,us
,,12026402737,,,,washington,dc,20005,us
,,13026551600,,,,newcastle,de,19720,us
info@ihomellc.com,,13026561624,,,,wilmington,de,19805,us
,,18669953108,,,,wilmington,de,19801,us
,,13522616727,,,,alachua,fl,32615,us
,,13863203707,18335397800,joe,strada,alachua,fl,32615,us
,,14078655784,,,,altamontesprings,fl,32714,us
,,14077551009,18325281158,,,altamontesprings,fl,32701,us
cneal@relianceav.com,info@relianceav.com,14075532579,,chet,neal,altamontesprings,fl,32714,us
edwin@ecultimatetech.com,,14079293121,16892095373,,,apopka,fl,32703,us
,,15615666934,,,,bocaraton,fl,33431,us
will@automatedintelligence.ai,bill@automatedintelligence.ai,15618490343,,,,bocaraton,fl,33499,us
,,15618027744,,,,bocaraton,fl,33432,us
info@bluehawktech.com,,17548002242,,,,bocaraton,fl,33432,us
support@bocatech.com,,15619999024,,jeff,galea,bocaraton,fl,33434,us
,,18886668380,,,,bocaraton,fl,33431,us
hello@elitech.design,,13057760590,,,,bocaraton,fl,33487,us
info@fiberop.com,,18883897257,14072924545,,,bocaraton,fl,33487,us
sales@goodsoundshometheater.com,,15613005300,,,,bocaraton,fl,33487,us
info@omwavehome.com,,15612357107,18003134841,,,bocaraton,fl,33431,us
,,15615456067,,,,bocaraton,fl,33432,us
,,15617575392,,,,bocaraton,fl,33431,us
,,15612003395,,,,bocaraton,fl,33498,us
,,15613677445,17862121491,,,bocaraton,fl,33487,us
,,15617173280,15162102120,brian,zeidman,bocaraton,fl,33432,us
,,15612889196,,joe,griffin,bocaraton,fl,33431,us
,,15615379315,,,,bocaraton,fl,33432,us
,,19548566166,,,,bocaraton,fl,33487,us
info@techprosecurity.com,,15619228416,,boca,raton,bocaraton,fl,33432,us
miami@theavgroup.com,boca@theavgroup.com,15612060346,18772048984,,,bocaraton,fl,33431,us
,,15619714807,,,,bocaraton,fl,33432,us
,,15612555788,,seth,diggs,bocaraton,fl,33431,us
,,19549338333,,,,bocaraton,fl,33433,us
info@eesecurity.net,,12395979077,,,,bonitasprings,fl,34135,us
pierre@quantum-av.com,blake@quantum-av.com,12399088284,,,,bonitasprings,fl,34135,us
info@techsavvynaples.com,,12399208324,,,,bonitasprings,fl,34135,us
u003esupport@yourtechfl.com,support@yourtechfl.com,12392282020,,,,bonitasprings,fl,34135,us
jordan@blueskyautomationllc.com,support@blueskyautomationllc.com,15612352071,19546096616,,,boyntonbeach,fl,33426,us
info@southtechfl.com,,15612003395,,,,boyntonbeach,fl,33435,us
,,19414027806,,,,bradenton,fl,34203,us
,,18134081277,,,,brandon,fl,33511,us
,,13863136177,,,,bunnell,fl,32110,us
,,18504738704,,,,cantonment,fl,32533,us
,,12392702371,,travis,buffum,capecoral,fl,33914,us
,,12397785001,,,,capecoral,fl,33990,us
,,12396736970,,,,capecoral,fl,33991,us
krystal@counterstrikess.com,lindsay@counterstrikess.com,12397720155,12392474871,amy,ali,capecoral,fl,33991,us
info@creativesoundsolution.com,,18888658195,,,,capecoral,fl,33909,us
%20info@innerlinkss.com,info@innerlinkss.com,12397728835,,daniel,kennedy,capecoral,fl,33991,us
,,12394753068,,,,capecoral,fl,33990,us
,,18882184719,,,,casselberry,fl,32707,us
jesse@nextlevelavs.com,jesee@nextlevelavs.com,18503738901,,jesse,gavin,chipley,fl,32428,us
,,17274419292,,,,clearwater,fl,33765,us
,,17275920733,,,,clearwater,fl,33762,us
,,17275311100,,,,clearwater,fl,33760,us
,,17278042277,17278043996,chip,tollefson,clearwater,fl,33761,us
info@integralfl.com,,17275591265,,,,clearwater,fl,33765,us
,,13212505445,18333358766,real,marketing,cocoa,fl,32926,us
,,19548331512,,,,coralsprings,fl,33065,us
info@hwautomation.com,,19543220136,,,,daniabeach,fl,33004,us
,,19545045404,,,,davie,fl,33328,us
,,19545381400,,,,davie,fl,33317,us
chris@frontrowtheater.com,info@frontrowtheater.com,19543518985,,,,davie,fl,33324,us
,,19545841730,,,,davie,fl,33312,us
,,13864810596,,,,daytonabeach,fl,32114,us
,,13862550961,,,,daytonabeach,fl,32114,us
,,13862385700,,,,daytonabeach,fl,32114,us
boxoffice@daytonaplayhouse.org,,13862552431,,,,daytonabeach,fl,32118,us
,,18007245501,,,,daytonabeach,fl,32117,us
,,13862520411,,,,daytonabeach,fl,32114,us
,,13863172055,,,,daytonabeach,fl,32114,us
,,14078035403,,,,daytonabeach,fl,32114,us
,,13864548600,,,,daytonabeach,fl,32114,us
,,13056154208,,,,daytonabeach,fl,32114,us
,,13863040722,,,,daytonabeach,fl,32114,us
,,13863082911,16154755728,,,daytonabeach,fl,32117,us
%20led@lynchelectricdesign.com,led@lynchelectricdesign.com,13862567270,13865623624,,,daytonabeach,fl,32114,us
,,18002210932,,,,daytonabeach,fl,32117,us
,,13863340731,,chris,lozano,daytonabeach,fl,32114,us
,,13862522292,,,,daytonabeach,fl,32114,us
,,13862381711,18663226366,walt,kinney,daytonabeach,fl,32117,us
,,13862537093,,,,daytonabeach,fl,32114,us
,,13867612251,,,,daytonabeach,fl,32119,us
,,13867881596,,,,daytonabeachshores,fl,32118,us
designs@onetouchtechnology.com,,19545311967,,,,deerfieldbeach,fl,33442,us
,,15613058141,,david,arango,delraybeach,fl,33444,us
info@simplyonpoint.com,,15617788000,,jarred,isgette,delraybeach,fl,33444,us
,,15615264718,18006332677,,,delraybeach,fl,33445,us
,,18508370045,18506642222,,,destin,fl,32541,us
,,18508633474,,,,destin,fl,32541,us
,,18506505488,,,,destin,fl,32541,us
,,18505353334,,,,destin,fl,32541,us
,,18502131682,,,,destin,fl,32541,us
,,18504243821,,,,destin,fl,32541,us
,,18507417532,,,,destin,fl,32541,us
,,18506316761,,,,destin,fl,32541,us
,,18506549333,,,,destin,fl,32550,us
,,18502691010,,,,destin,fl,32541,us
,,18505856207,,,,destin,fl,32541,us
,,18447444894,,,,destin,fl,32541,us
sales@tecabatech.com,,18336797979,,,,destin,fl,32541,us
info@avlsolutions.com,,13057070621,17865622164,,,doral,fl,33172,us
info@av-solutions.com,,13056400565,,,,doral,fl,33172,us
,,13054568568,,,,doral,fl,33166,us
,,13057184114,,,,doral,fl,33166,us
info@melodyav.com,,13055919905,,,,doral,fl,33166,us
,,17862547915,,,,doral,fl,33172,us
sales@ultimatesv.com,,13055011000,15616720400,paolo,ramirez,doral,fl,33178,us
,,17867099706,,,,doral,fl,33172,us
,,13055077402,,,,doral,fl,33122,us
,,14079135150,,,,edgewater,fl,32132,us
,,12396821077,,,,estero,fl,33928,us
,,12394052627,,,,estero,fl,33928,us
,,19045907979,,,,flemingisland,fl,32003,us
,,13055970448,,,,fortlauderdale,fl,33305,us
,,13058166517,,,,fortlauderdale,fl,33309,us
,,19542712772,,,,fortlauderdale,fl,33301,us
,,19545832070,18003320850,,,fortlauderdale,fl,33312,us
,,19547638190,,,,fortlauderdale,fl,33312,us
,,19542535407,,,,fortlauderdale,fl,33309,us
,,19544934987,,,,fortlauderdale,fl,33301,us
admin@championcontrols.com,,19543183090,14075003090,chantal,wedderburn,fortlauderdale,fl,33309,us
,,19547791100,,,,fortlauderdale,fl,33315,us
info@dnbwireless.com,,19542991895,,,,fortlauderdale,fl,33301,us
,,15613170894,,,,fortlauderdale,fl,33308,us
hello@dreamediaav.com,sales@dreamediaav.com,19546367975,18774179000,,,fortlauderdale,fl,33306,us
,,19547352165,19547352490,,,fortlauderdale,fl,33309,us
info@genesisautomationinc.com,,19543162450,,,,fortlauderdale,fl,33312,us
,,19543340000,,,,fortlauderdale,fl,33309,us
,,19546388728,,,,fortlauderdale,fl,33312,us
info@illusiveautomation.com,,19543632700,,,,fortlauderdale,fl,33311,us
,,17548162346,,,,fortlauderdale,fl,33394,us
info@kiliansmarthomes.com,,17866419593,17868317920,,,fortlauderdale,fl,33311,us
,,19547279424,,,,fortlauderdale,fl,33309,us
sales@premiumaudiovideo.com,,18003900950,,leonard,stephens,fortlauderdale,fl,33301,us
,,18006914711,,,,fortlauderdale,fl,33304,us
info@pureaudiovideo.com,,19545814434,,gustavo,serafini,fortlauderdale,fl,33312,us
info@soflosystems.com,,19547872613,,,,fortlauderdale,fl,33311,us
david@soundplanningav.com,,19544343991,17756367511,dave,armstrong,fortlauderdale,fl,33328,us
,,19548182566,,,,fortlauderdale,fl,33309,us
info@soundwhereusa.com,,19547975355,,,,fortlauderdale,fl,33314,us
,,19547739844,15618794514,,,fortlauderdale,fl,33304,us
idesign@ultratechdirect.com,electrical@ultratechdirect.com,19542849824,13059144723,,,fortlauderdale,fl,33305,us
info@ynvents.com,,17544000067,,,,fortlauderdale,fl,33301,us
info@startedwithavision.com,,18668261237,,,,fortmyers,fl,33912,us
,,12397919505,,,,fortmyers,fl,33901,us
,,17324467799,,,,fortmyers,fl,33912,us
,,12393137064,,,,fortmyers,fl,33919,us
,,12393135540,,,,fortmyers,fl,33912,us
,,12393347447,,syed,ali,fortmyers,fl,33901,us
service@allphase-electric.com,,12399397093,19413406072,dominic,pipia,fortmyers,fl,33912,us
jeff@alternativeaudiosolutions.com,,12399859228,12398509499,,,fortmyers,fl,33966,us
,,18002649837,,,,fortmyers,fl,33966,us
,,12395618662,,,,fortmyers,fl,33907,us
mike@avss.com,info@avss.com,12392781133,18007142877,,,fortmyers,fl,33966,us
,,12399972947,,,,fortmyers,fl,33905,us
estimators@bcitech.com,sales@bcitech.com,12394339600,,,,fortmyers,fl,33913,us
,,12394714329,,,,fortmyers,fl,33908,us
,,12392770333,,,,fortmyers,fl,33966,us
,,12393344581,12393325139,,,fortmyers,fl,33966,us
,,12393748403,,,,fortmyers,fl,33908,us
,,12399313136,,,,fortmyers,fl,33966,us
,,12399319132,,,,fortmyers,fl,33966,us
chris@completelyconnected.net,patti@completelyconnected.net,18005851992,12393984369,,,fortmyers,fl,33967,us
,,12397681799,,,,fortmyers,fl,33913,us
,,12394290134,,,,fortmyers,fl,33901,us
,,12398428000,,,,fortmyers,fl,33913,us
,,13213287199,,,,fortmyers,fl,33907,us
fciservicerequest@future-controls.com,servicerequest@future-controls.com,12396931313,18003301303,norma,myers,fortmyers,fl,33905,us
,,12394892980,,,,fortmyers,fl,33912,us
,,12394445522,,,,fortmyers,fl,33966,us
,,12399392273,,,,fortmyers,fl,33966,us
,,12392441484,,chris,burke,fortmyers,fl,33913,us
,,12394917070,,jess,tineo,fortmyers,fl,33913,us
,,12392654089,,,,fortmyers,fl,33912,us
,,18662735906,,,,fortmyers,fl,33967,us
,,12396912120,,,,fortmyers,fl,33966,us
,,12394821122,,,,fortmyers,fl,33912,us
%20info@magicalhometheaters.com,info@magicalhometheaters.com,12397451514,,,,fortmyers,fl,33913,us
,,12396103040,13058833231,,,fortmyers,fl,33901,us
,,12396940089,12392203211,,,fortmyers,fl,33905,us
,,15857038500,,,,fortmyers,fl,33913,us
,,12394828181,,,,fortmyers,fl,33912,us
john.doe@moderntek.com,info@moderntek.com,12393193999,,,,fortmyers,fl,33912,us
info@monitoredalarm.com,,12395672467,,william,murray,fortmyers,fl,33919,us
,,12392246006,18008426816,,,fortmyers,fl,33967,us
,,12392219658,12394001420,,,fortmyers,fl,33907,us
,,12393090520,,,,fortmyers,fl,33966,us
,,19418751312,,,,fortmyers,fl,33917,us
,,12394812949,12394822949,ron,brown,fortmyers,fl,33919,us
,,12392743759,,,,fortmyers,fl,33901,us
,,12394329099,,,,fortmyers,fl,33966,us
,,12394893410,,,,fortmyers,fl,33912,us
,,12392676363,,,,fortmyers,fl,33912,us
,,12396881368,,,,fortmyers,fl,33901,us
,,12393137122,,,,fortmyers,fl,33912,us
,,12392922157,,,,fortmyers,fl,33907,us
,,12393371500,,,,fortmyers,fl,33916,us
,,12393370187,,,,fortmyers,fl,33916,us
,,12399395463,,,,fortmyers,fl,33901,us
store004@tintworld.com,,12398009552,18007678468,charles,bonfiglio,fortmyers,fl,33966,us
,,12399367947,12399367948,,,fortmyers,fl,33901,us
,,12393324246,,,,fortmyers,fl,33901,us
,,12395525900,18777170702,,,fortmyers,fl,33913,us
,,12392748111,18883301820,,,fortmyers,fl,33916,us
,,12395605865,,,,fortmyers,fl,33912,us
emallo@aol.com,admin@airtronics.biz,17724670097,18004321429,,,fortpierce,fl,34946,us
,,13528709862,,,,gainesville,fl,32609,us
,,13522838003,,,,gainesville,fl,32609,us
,,13523568178,,,,gainesville,fl,32601,us
,,13523809583,,,,gainesville,fl,32653,us
,,13525751327,,,,gainesville,fl,32605,us
,,13524223534,,,,gainesville,fl,32606,us
support@cpss.net,,13523761499,18009491799,,,gainesville,fl,32608,us
,,13524511094,13525551234,wigberto,baez,gainesville,fl,32608,us
,,13523630635,,,,gainesville,fl,32607,us
,,13523325608,,,,gainesville,fl,32606,us
,,13522401281,,,,gainesville,fl,32605,us
,,13523730612,,,,gainesville,fl,32606,us
,,13526186550,,,,gainesville,fl,32601,us
,,13525053254,,,,gainesville,fl,32609,us
,,13528712717,,,,gainesville,fl,32608,us
,,13525057582,,,,gainesville,fl,32601,us
bizdev@gnosys.net,support@gnosys.net,13528702034,13528427692,jim,houston,gainesville,fl,32607,us
,,13522343153,,,,gainesville,fl,32608,us
,,13523591000,,,,gainesville,fl,32653,us
,,13522263454,,,,gainesville,fl,32609,us
,,13523721221,,,,gainesville,fl,32609,us
,,13523747700,,,,gainesville,fl,32609,us
info@soundideasstereo.com,,13523780192,13523711791,gamma,beta,gainesville,fl,32609,us
,,13523750024,,,,gainesville,fl,32609,us
,,13527896043,18557896043,,,gainesville,fl,32607,us
tom@twinklenights.com,michelle@twinklenights.com,13523252225,18448204613,tom,snogles,gainesville,fl,32609,us
chancey@vintageelectric.net,mattl@vintageelectric.net,13523718021,13523188769,chancey,padgett,gainesville,fl,32653,us
,,13525750378,,,,gainesville,fl,32608,us
,,13523636382,,,,gainesville,fl,32609,us
z-sys@z-sys.com,,13523710990,13523710093,,,gainesville,fl,32609,us
,,18135733089,,,,gibsonton,fl,33534,us
,,18504783737,,,,gonzalez,fl,32533,us
,,15615771003,,ryan,nielsen,greenacres,fl,33467,us
info@integratedsurroundings.com,,18509320848,,,,gulfbreeze,fl,32563,us
,,18504635142,,,,gulfbreeze,fl,32563,us
,,18889297567,,,,hallandalebeach,fl,33009,us
,,17865633160,13058888830,,,hialeah,fl,33012,us
,,13053647585,,,,hialeah,fl,33014,us
contactus@smartechintegration.com,,13059064264,,,,hialeah,fl,33015,us
info@id-fl.com,,13056521138,18414888722,,,hollywood,fl,33020,us
,,13052042000,,,,hollywood,fl,33024,us
,,17863397393,,,,homestead,fl,33034,us
,,13054644556,,,,homestead,fl,33033,us
,,19042569315,,,,jacksonville,fl,32207,us
,,19045245825,,,,jacksonville,fl,32217,us
sunkelbach@avlproductions.com,jbrimhall@avlproductions.com,19045511315,,stephen,unkelbach,jacksonville,fl,32219,us
info@awvproduction.com,,19044251631,,,,jacksonville,fl,32257,us
,,19047377770,,,,jacksonville,fl,32256,us
,,19047202182,,,,jacksonville,fl,32246,us
sales@smarthome.biz,,19047438444,19122648679,,,jacksonville,fl,32211,us
,,19043332322,,,,jacksonville,fl,32225,us
,,19047211860,,lorem,ipsum,jacksonville,fl,32256,us
,,19047776656,,,,jacksonville,fl,32244,us
,,17704953100,,,,jacksonville,fl,32218,us
,,19045091209,,,,jacksonville,fl,32257,us
info@elite-tech-solutions.com,,19043095990,,,,jacksonville,fl,32256,us
,,19048493669,,,,jacksonville,fl,32254,us
,,19044569670,18003216487,,,jacksonville,fl,32202,us
info@facilityautomationsolutions.com,,19044468100,19044468101,brad,howald,jacksonville,fl,32256,us
,,19046197355,,,,jacksonville,fl,32257,us
,,19043960444,,,,jacksonville,fl,32257,us
fultech@fultechsolutions.com,,19049926624,,dan,fulmer,jacksonville,fl,32256,us
steven@goodeava.com,,19042993502,,,,jacksonville,fl,32216,us
,,19046123032,,,,jacksonville,fl,32250,us
,,19046426677,,,,jacksonville,fl,32207,us
,,19044047047,,,,jacksonville,fl,32216,us
accounting@jcrsystems.com,sales@jcrsystems.com,19042968200,14072326880,,,jacksonville,fl,32216,us
,,19047775400,,,,jacksonville,fl,32256,us
,,19042655268,,vice,president,jacksonville,fl,32216,us
,,18777788885,,,,jacksonville,fl,32256,us
,,19043998500,,,,jacksonville,fl,32207,us
,,19047337330,,,,jacksonville,fl,32257,us
sales@securitycenterusa.com,,19047275000,18009764172,your,title,jacksonville,fl,32207,us
,,19046457880,,,,jacksonville,fl,32224,us
,,19048007731,,,,jacksonville,fl,32223,us
,,19047327486,19047327487,,,jacksonville,fl,32256,us
,,19048808499,,,,jacksonville,fl,32223,us
mike@smarterav.com,peter@smarterav.com,19044204550,,,,jacksonville,fl,32217,us
,,19046046100,,,,jacksonville,fl,32224,us
,,18885867730,,,,jacksonville,fl,32256,us
info@webwatchdogs.net,,19043518356,13869579339,,,jacksonville,fl,32207,us
,,19042479001,,robert,wing,jacksonvillebeach,fl,32250,us
,,16463349720,,,,jacksonvillebeach,fl,32250,us
,,13523387907,,,,jonesville,fl,32669,us
,,15612623602,,,,jupiter,fl,33478,us
office@aascustoms.com,,15619727287,,curtis,depew,jupiter,fl,33477,us
,,15612621766,,,,jupiter,fl,33458,us
,,15617760066,17722994441,,,jupiter,fl,33458,us
,,15617444585,,,,jupiter,fl,33458,us
info@definitiveelectronics.com,,15612692829,15617483564,,,jupiter,fl,33458,us
sales@egretelectronics.com,,15617456186,15617457794,ron,luks,jupiter,fl,33458,us
info@electricalsolutionsgroup.net,,15618470912,,,,jupiter,fl,33458,us
,,15612105944,18007729096,,,jupiter,fl,33458,us
,,18447679922,,,,jupiter,fl,33458,us
,,17728726366,,,,jupiter,fl,33458,us
,,15619162121,18334353959,,,jupiter,fl,33477,us
,,15612251261,15614448182,,,jupiter,fl,33458,us
,,15617418720,,,,jupiter,fl,33458,us
,,15617079530,,,,jupiter,fl,33458,us
info@seagullelectronics.com,,15612793837,15616240220,steven,siegel,jupiter,fl,33458,us
,,15612466226,15612031821,,,jupiter,fl,33458,us
,,15615106599,,,,jupiter,fl,33469,us
,,15617479646,,,,jupiter,fl,33458,us
info@thedvrgroup.com,,15612534156,,david,shapiro,jupiter,fl,33458,us
,,15615780557,,,,jupiter,fl,33469,us
,,15612035167,18008575028,,,jupiter,fl,33477,us
admin@alswifi.com,,13052579434,,,,keylargo,fl,33037,us
,,13052099507,,,,keylargo,fl,33037,us
,,13056001411,19546371361,,,keylargo,fl,33037,us
,,13055097913,,,,keylargo,fl,33037,us
contact@sivermont.com,,13053674800,18027351400,,,keylargo,fl,33037,us
,,13054510939,,,,keylargo,fl,33037,us
sales@extreamsolutions.com,,13215219386,18635577611,,,kissimmee,fl,34747,us
,,14076103191,14076103101,,,ladylake,fl,32159,us
nael@crowneaudio.com,,14073334621,,nael,yacoub,lakemary,fl,32746,us
,,15612485474,,,,lakeworthbeach,fl,33461,us
sales@integritysound.com,,19413602412,19419222672,,,lakewoodranch,fl,34202,us
,,18007417696,,,,lauderdalebythesea,fl,33308,us
,,19543993406,,,,lauderhill,fl,33351,us
,,17272973897,,,,longwood,fl,32750,us
customersupport@amplighting.com,sales@amplighting.com,18139783900,,,,lutz,fl,33549,us
,,18139553909,18132972013,,,lutz,fl,33549,us
,,18137734420,,,,lutz,fl,33559,us
,,18002147208,,,,lutz,fl,33549,us
,,13058853821,,,,medley,fl,33178,us
,,13058052800,18884439776,,,medley,fl,33166,us
,,17864260062,,,,miami,fl,33142,us
,,13052009726,,,,miami,fl,33172,us
info@atgamerica.com,,19548354495,,ken,serig,miami,fl,33186,us
,,13057726198,,,,miami,fl,33132,us
,,13055910006,,,,miami,fl,33155,us
,,17869321355,,,,miami,fl,33134,us
contact@antonytech.com,,13052098282,,,,miami,fl,33132,us
,,13056654299,,,,miami,fl,33155,us
,,13052691700,,,,miami,fl,33186,us
,,13056964800,,,,miami,fl,33166,us
,,13053881101,,,,miami,fl,33186,us
,,13053749767,13056067660,,,miami,fl,33131,us
web@casahifi.com,,17866185990,,,,miami,fl,33133,us
info@creativeavinc.com,,13058840100,,,,miami,fl,33186,us
sales@digitalhabitatstore.com,,18662070015,14754776306,,,miami,fl,33127,us
,,17862516009,,,,miami,fl,33125,us
,,17868721181,,,,miami,fl,33187,us
,,13058309453,17863408244,,,miami,fl,33155,us
sales@geeksfl.com,,13057917001,19542510600,,,miami,fl,33131,us
info@greenhomeautomations.com,,13057756909,,jorge,alfonso,miami,fl,33155,us
,,13059102890,,,,miami,fl,33131,us
,,13056398022,,,,miami,fl,33125,us
,,13058822630,,,,miami,fl,33155,us
,,13057604955,,,,miami,fl,33132,us
,,13055918390,,,,miami,fl,33166,us
contact@lucelectric.com,,13056995963,,,,miami,fl,33138,us
customerservice%20@lightingreps.net,sebastian@lightingreps.net,13055005580,17877081532,carlos,leon,miami,fl,33125,us
events@limitlessproductionservices.com,elizabeth@limitlessproductionservices.com,13052151415,,,,miami,fl,33122,us
maria.caparroso@livingontechnology.com,sales@livingontechnology.com,17868287981,17868592793,luis,lafaurie,miami,fl,33138,us
,,13054792679,,,,miami,fl,33179,us
,,18888264286,,,,miami,fl,33181,us
info@gomartec.com,,17865041004,17863833829,,,miami,fl,33162,us
,,13053014087,,,,miami,fl,33173,us
,,19547872613,,,,miami,fl,33131,us
,,13054795531,,,,miami,fl,33133,us
,,13059677422,16144965908,,,miami,fl,33127,us
info@midtownvideo.com,,13056691117,13056622860,debby,miller,miami,fl,33155,us
info@onsmartech.com,,13053891529,,,,miami,fl,33185,us
,,13053597245,,,,miami,fl,33127,us
,,13056191056,,,,miami,fl,33145,us
info@proavsys.com,,13056692778,13056692823,antonio,seicentos,miami,fl,33155,us
,,17866779778,,,,miami,fl,33131,us
sales@signaturehometheaters.net,,17862995455,18889585583,,,miami,fl,33186,us
,,17864513649,,,,miami,fl,33122,us
info@smarthomestudio.co,,15619215877,17868823755,juan,santos,miami,fl,33145,us
info@smartsolutionsnetwork.net,,13052051735,,,,miami,fl,33122,us
info@smartspacesus.com,,19542796322,18768786605,,,miami,fl,33166,us
,,13053067249,,,,miami,fl,33142,us
,,13052554466,,,,miami,fl,33186,us
info@stagedigitaladvisors.com,sales@stagedigitaladvisors.com,17862876191,,,,miami,fl,33166,us
,,17863181229,,,,miami,fl,33186,us
,,13052227711,,,,miami,fl,33133,us
,,17548003050,,,,miami,fl,33128,us
,,13053302710,,,,miami,fl,33131,us
,,17864789915,,,,miami,fl,33186,us
,,13056612005,,,,miami,fl,33155,us
,,17867991844,,,,miami,fl,33132,us
info@visualacoustics.net,,13055764160,,,,miami,fl,33127,us
info@xtremeavfl.com,,13058788050,,,,miami,fl,33166,us
,,13054431981,,,,miami,fl,33137,us
jon@electronicdesigns.net,,17863903117,18004697480,,,miamibeach,fl,33139,us
,,13056068616,,,,miamibeach,fl,33141,us
info@hometheatersofsouthflorida.com,,19545101010,,,,miamigardens,fl,33015,us
,,18507500252,,,,midway,fl,32343,us
,,18504720436,,,,milton,fl,32583,us
,,18503243493,18503961218,,,milton,fl,32583,us
,,18506121192,,,,miramarbeach,fl,32550,us
,,18506225276,18506221667,trae,carney,miramarbeach,fl,32550,us
,,12392311139,13055931965,,,naples,fl,34109,us
info@amssoundandvision.com,,12395985795,,,,naples,fl,34109,us
sales@avlpro.com,service@avlpro.com,12395936455,12392965444,,,naples,fl,34110,us
sales@allinonetechnology.com,,12394001622,,,,naples,fl,34110,us
info@analogdigitalsystems.com,,12393309225,12397703404,,,naples,fl,34113,us
,,12395377573,,,,naples,fl,34120,us
aei@1aei.com,,12393195732,17246461903,,,naples,fl,34110,us
,,12395949595,18009784274,,,naples,fl,34110,us
info@blurooav.com,,12397343191,12393850430,,,naples,fl,34109,us
jason@cite-solutions.com,sean@cite-solutions.com,12398442483,,,,naples,fl,34110,us
info@classicaudiovideo.com,,12392221452,,,,naples,fl,34117,us
,,12395931700,,,,naples,fl,34109,us
,,12395525931,15612322943,,,naples,fl,34104,us
ales@epicaudiovideo.com,sales@epicaudiovideo.com,12396433050,,mike,novak,naples,fl,34103,us
feedback@freedomnaples.com,info@freedomnaples.com,12392311141,,,,naples,fl,34109,us
,,12395923634,12393304939,bradd,konert,naples,fl,34104,us
4see@hometronicsfl.com,info@hometronicsfl.com,12393003873,,,,naples,fl,34109,us
support@customintegrityav.com,,12394505020,,,,naples,fl,34109,us
,,12394557287,,,,naples,fl,34117,us
sales@millenniumsounds.com,,12395712304,13178459484,,,naples,fl,34110,us
,,12392617585,,,,naples,fl,34103,us
,,12393152232,,,,naples,fl,34104,us
,,12394388494,,,,naples,fl,34120,us
support@naplestop.tech,,12393000652,,david,droganici,naples,fl,34103,us
info@smarthomespecialists.com,,12396763435,,,,naples,fl,34110,us
,,12394055970,,,,naples,fl,34119,us
projects@stereotypes.tech,kalibohannon@stereotypes.tech,12394384500,18882179488,,,naples,fl,34102,us
,,12393002138,19419280343,mark,bolduc,naples,fl,34102,us
,,19048341216,,,,nocatee,fl,32081,us
,,19419294006,,,,nokomis,fl,34275,us
,,13057662533,,george,schamy,northbayvillage,fl,33141,us
,,19549346317,,,,northlauderdale,fl,33068,us
info@avlinnovations.com,sales@avlinnovations.com,13057586362,13057856362,,,northmiami,fl,33168,us
,,13058939191,,michelle,langone,northmiami,fl,33161,us
,,17866636666,,,,northmiami,fl,33181,us
info@securityinstall.us,sales@securityinstall.us,17542252002,,,,northmiami,fl,33161,us
gustavo@lutronpro.com,,19548016735,,,,northmiamibeach,fl,33160,us
sales@ccjtechsolutions.com,support@ccjtechsolutions.com,15617781485,,chevaughn,willis,northpalmbeach,fl,33408,us
,,18668662834,,,,northport,fl,34289,us
info@skylinesmarthomes.us,,19418417410,,,,northport,fl,34286,us
,,14077384130,13524968324,,,oakland,fl,34787,us
,,19547725300,,,,oaklandpark,fl,33334,us
,,19542668112,,william,ciani,oaklandpark,fl,33334,us
,,19543661236,,,,oaklandpark,fl,33334,us
info@unifiedautomation.net,,13528300300,,,,ocala,fl,34471,us
hello@homeviewpro.com,support@homeviewpro.com,18507139001,,,,ochlockoneebay,fl,32346,us
,,14074961203,,,,odessa,fl,33556,us
,,18138413986,,,,odessa,fl,33556,us
,,18773289283,,,,oldsmar,fl,34677,us
,,17272709302,17277871010,,,oldsmar,fl,34677,us
,,19045793723,,,,orangepark,fl,32065,us
,,18663071877,,,,orlando,fl,32809,us
,,18555278624,,,,orlando,fl,32801,us
,,13213212922,,,,orlando,fl,32809,us
,,13213227722,,,,orlando,fl,32809,us
altitudefidelity@outlook.com,,19729516304,,,,orlando,fl,32829,us
,,14078888300,,,,orlando,fl,32837,us
info@audioexcellencecfl.com,,14072778790,14079778790,,,orlando,fl,32807,us
sales@crunchytech.com,info@crunchytech.com,14074762044,13212858304,,,orlando,fl,32806,us
,,16892200611,,,,orlando,fl,32801,us
support@eccamcorp.com,,14077734410,,,,orlando,fl,32828,us
,,13216953818,,,,orlando,fl,32829,us
,,14076861017,16474497034,,,orlando,fl,32801,us
production@eartsinc.com,byron@eartsinc.com,14072999678,18505657779,,,orlando,fl,32808,us
sales@evo-av.com,,14077345001,,steve,juan,orlando,fl,32811,us
sales@famtechmedia.com,,14077286093,,,,orlando,fl,32828,us
sales@floridahometheaters.com,,14073515798,,jack,chevrier,orlando,fl,32809,us
sales@gseav.com,,14079721249,18885736847,jeanne,schneider,orlando,fl,32819,us
,,14072511876,,,,orlando,fl,32806,us
chris@hsscustomav.com,info@hsscustomav.com,14074389511,,,,orlando,fl,32811,us
,,14072283000,,,,orlando,fl,32835,us
info@honestavpros.com,,14076068008,,,,orlando,fl,32809,us
,,14073497315,,,,orlando,fl,32808,us
info@impactsoundsystem.com,,14079480971,,hugo,feliciano,orlando,fl,32824,us
pkoren@impactlightinginc.com,roy@impactlightinginc.com,14077454584,18005075714,paul,koren,orlando,fl,32808,us
support@innovationsystemsfl.com,,14076842606,,,,orlando,fl,32808,us
,,14072338888,,,,orlando,fl,32811,us
,,14073997394,,,,orlando,fl,32837,us
,,18009792791,,jennifer,mallett,orlando,fl,32828,us
,,14078521484,,,,orlando,fl,32809,us
info@ihtflorida.com,,14076541427,14072922413,,,orlando,fl,32804,us
%20partner@proaudiovisualinc.com,partner@proaudiovisualinc.com,14077095768,,roque,productions,orlando,fl,32809,us
,,14076322319,,,,orlando,fl,32801,us
,,13214301776,,,,orlando,fl,32822,us
sales@satellitecityinc.com,,14073848711,,,,orlando,fl,32822,us
us.ecom@solotech.com,ecom@solotech.com,14078169400,,,,orlando,fl,32809,us
,,14078036594,,,,orlando,fl,32808,us
,,14079943227,,,,orlando,fl,32819,us
,,13212063492,,,,orlando,fl,32805,us
,,14075015751,,,,orlando,fl,32819,us
,,14079093388,,,,orlando,fl,32808,us
,,18007524018,,,,ormondbeach,fl,32174,us
,,13863108716,,,,ormondbeach,fl,32174,us
info@habitechsystems.com,,18006106720,,ali,babazadeh,ormondbeach,fl,32174,us
sales@domotech.us,,15615590806,18446677500,,,palmbeach,fl,33480,us
,,15612232177,,,,palmbeachgardens,fl,33410,us
,,15617752727,,,,palmbeachgardens,fl,33410,us
john@sterlinghometheater.com,,17722452220,16177559811,,,palmcity,fl,34990,us
,,13864497969,,,,palmcoast,fl,32137,us
,,17277863741,,,,palmharbor,fl,34683,us
doug@musicandcinema.com,roger@musicandcinema.com,17274085111,18134588209,doug,sharp,palmharbor,fl,34684,us
,,19046367888,,,,palmvalley,fl,32082,us
,,17869306366,,,,palmettobay,fl,33176,us
,,18508193566,18508190363,,,panamacity,fl,32401,us
,,13059062520,,,,pembrokepines,fl,33027,us
,,18504792678,,,,pensacola,fl,32504,us
,,18504780530,18006628313,,,pensacola,fl,32526,us
atspns@aol.com,thegateguys@aol.com,18504778807,,,,pensacola,fl,32526,us
,,18504334631,,,,pensacola,fl,32505,us
,,18507770305,,,,pensacola,fl,32504,us
,,18504778440,,,,pensacola,fl,32505,us
,,18504341286,,,,pensacola,fl,32501,us
,,18504328982,,,,pensacola,fl,32501,us
%20support@coastalprotect.com,trae@coastalprotect.com,18503324700,18506221667,trae,carney,pensacola,fl,32502,us
information@comfortsystemsusa.com,,17138309600,,trent,mckenna,pensacola,fl,32503,us
,,18504765580,,,,pensacola,fl,32514,us
,,18502701600,,,,pensacola,fl,32501,us
eslatton@currentluxury.com,aachorn@currentluxury.com,18504354994,,,,pensacola,fl,32505,us
info@duhpensacola.com,,18504390640,18504665136,jo,heckler,pensacola,fl,32501,us
,,18504326916,,,,pensacola,fl,32505,us
,,18504328853,,,,pensacola,fl,32505,us
,,18504848202,,,,pensacola,fl,32514,us
,,18507230449,,,,pensacola,fl,32504,us
info@handychief.com,,18505562900,,handychief,andrew,pensacola,fl,32503,us
hello@hausofhue.com,,18509124744,,lauren,bakarian,pensacola,fl,32503,us
liz@indetailinteriors.com,,18504370636,,cheryl,clendenon,pensacola,fl,32503,us
traci@ingramcorp.com,tony@ingramcorp.com,18504338267,,,,pensacola,fl,32503,us
,,18504794417,,,,pensacola,fl,32505,us
jeremiah@lvi-llc.com,service@lvi-llc.com,18503908500,,,,pensacola,fl,32514,us
,,18008513618,,,,pensacola,fl,32514,us
,,18886098889,,,,pensacola,fl,32501,us
,,18504447482,,,,pensacola,fl,32505,us
,,18503325350,,kyle,crawford,pensacola,fl,32502,us
contact_us@panhandlesystems.com,,18504782108,18005373287,,,pensacola,fl,32503,us
,,18504854238,,,,pensacola,fl,32505,us
,,18777202527,,,,pensacola,fl,32505,us
,,18505427800,,,,pensacola,fl,32514,us
,,18504794711,,,,pensacola,fl,32507,us
salesandservice@qualityalarmsystems.com,,18554339600,18504339600,scott,struthers,pensacola,fl,32506,us
,,18504796000,,,,pensacola,fl,32504,us
gtaylor@roomstogo.com,mgoldstein@roomstogo.com,18504761000,18887095380,,,pensacola,fl,32503,us
info@pensacolasaenger.com,,18505953880,18505953882,,,pensacola,fl,32502,us
,,18775939266,,,,pensacola,fl,32514,us
,,18508604369,,,,pensacola,fl,32503,us
,,18509827082,15567810899,david,stenmarck,pensacola,fl,32501,us
,,18009259822,,,,pensacola,fl,32505,us
support@totalconnectsolutions.com,,18884112387,18504775054,,,pensacola,fl,32514,us
,,18504272070,,,,pensacola,fl,32504,us
support@totalconnecttechnology.com,,18504507944,,,,pensacola,fl,32514,us
,,18504733850,,,,pensacola,fl,32504,us
,,18504793808,,,,pensacola,fl,32503,us
,,17275478460,,,,pinellaspark,fl,33781,us
,,13058799813,,,,plantation,fl,33324,us
sales@soundnspace.com,,17862592302,,,,plantation,fl,33324,us
,,19545800714,,,,pompanobeach,fl,33064,us
,,15615202000,,,,pompanobeach,fl,33064,us
,,17542228530,,,,pompanobeach,fl,33069,us
productions@zbd.us,,19549420044,,,,pompanobeach,fl,33060,us
gdfrontrow@yahoo.com,,12069410444,,,,portstlucie,fl,34984,us
,,17722060236,,,,portstlucie,fl,34986,us
,,18002229929,,,,riverview,fl,33578,us
officialaudioplus@yahoo.com,info@officialaudioplus.net,18136718481,,,,riverview,fl,33578,us
michael.haueter@smarterhandyman.org,service@smarterhandyman.org,18136999776,,,,riverview,fl,33579,us
info@smartsecurityspecialist.com,,15618030713,,,,rivierabeach,fl,33404,us
,,13212579700,,,,rockledge,fl,32955,us
,,15612852780,,,,royalpalmbeach,fl,33411,us
sales@inconlighting.com,,14073235630,18003935630,,,sanford,fl,32773,us
,,18508428500,,,,santarosabeach,fl,32459,us
,,18507373044,,,,santarosabeach,fl,32459,us
owner@alltechnologysecurity.com,,19417354586,,,,sarasota,fl,34231,us
info@advanced-esi.net,,19415545000,,,,sarasota,fl,34231,us
,,19415441055,16124569105,,,sarasota,fl,34231,us
,,19419328157,,,,sarasota,fl,34240,us
,,17273887064,19413095421,,,sarasota,fl,34236,us
,,19412999419,,,,sarasota,fl,34237,us
info@ccavinc.com,,19419548000,,ryan,kirby,sarasota,fl,34240,us
admin@castle-protect.com,,19412180291,18667806981,,,sarasota,fl,34240,us
,,19412752742,,,,sarasota,fl,34237,us
sales@focusedtechnology.com,,18886860551,19419260624,,,sarasota,fl,34240,us
,,19413161515,,,,sarasota,fl,34236,us
,,19418092503,18889993417,,,sarasota,fl,34243,us
info@infinityautomation.net,sales@infinityautomation.net,19169056332,,,,sarasota,fl,34240,us
,,19412634476,18138660589,,,sarasota,fl,34243,us
,,19419222842,,,,sarasota,fl,34242,us
info@synctfl.com,,19413524374,18137337843,,,sarasota,fl,34231,us
,,19418065899,,,,sarasota,fl,34233,us
,,19412427289,18447221979,,,sarasota,fl,34239,us
michael@sarasotasmarthomes.com,,19412000056,,,,sarasota,fl,34238,us
steve@sightsandsoundsav.com,smoyer2941@aol.com,19419573429,19412329765,,,sarasota,fl,34239,us
info@srqsmart.com,,19413624508,19415414508,bob,friedman,sarasota,fl,34234,us
info@smarthouseintegration.com,,19414044470,,jess,human,sarasota,fl,34236,us
sales@smartshieldhomes.com,,19413168800,,,,sarasota,fl,34240,us
,,19412596000,,,,sarasota,fl,34240,us
sales@sunshine-automation.com,,19413516330,,,,sarasota,fl,34243,us
,,19417801731,,,,sarasota,fl,34240,us
,,19416135727,,,,sarasota,fl,34237,us
,,19418820589,,,,sarasota,fl,34240,us
,,19413555753,,,,sarasota,fl,34236,us
,,13867675895,,,,southdaytona,fl,32119,us
,,13864513113,,,,southdaytona,fl,32119,us
,,13867618800,,,,southdaytona,fl,32119,us
info@praterintegration.com,,17722780086,18509105531,,,stuart,fl,34997,us
,,17722329114,18773973787,,,stuart,fl,34997,us
,,13522452183,13527535950,,,summerfield,fl,34491,us
info@cornerstoneavi.com,,13523505169,13525041773,,,summerfield,fl,34491,us
,,17542008106,,,,sunrise,fl,33351,us
,,19545805080,,,,sunrise,fl,33351,us
,,13059924031,,,,sunrise,fl,33325,us
info@intelligentav.com,,19546890104,,,,sunrise,fl,33351,us
info@mediastage.com,,18004188388,,wilson,alers,sunrise,fl,33325,us
info@avelectronicsinc.com,,18502247422,,,,tallahassee,fl,32301,us
,,18505099926,,,,tallahassee,fl,32304,us
,,18502247977,18502242430,,,tallahassee,fl,32303,us
,,18509996578,,,,tallahassee,fl,32303,us
,,18502192850,,,,tallahassee,fl,32301,us
,,18506946013,,,,tallahassee,fl,32303,us
info@bigbenddesign.info,,18508681106,,,,tallahassee,fl,32312,us
,,19046425303,18008844595,,,tallahassee,fl,32301,us
,,18887061811,,,,tallahassee,fl,32312,us
,,18507650147,,,,tallahassee,fl,32304,us
,,18503865201,,,,tallahassee,fl,32308,us
,,18504916277,,,,tallahassee,fl,32301,us
info@creekenterprise.com,,18505807731,15174246518,,,tallahassee,fl,32304,us
,,18504227700,,,,tallahassee,fl,32303,us
,,18505755655,,,,tallahassee,fl,32301,us
ete@everitetime.com,,18505750617,,,,tallahassee,fl,32304,us
floridaelectricinc@comcast.net,,18505743355,14039043623,,,tallahassee,fl,32303,us
%20info@gtelectricfl.com,careersinfo@gtelectricfl.com,18506550868,,ben,turner,tallahassee,fl,32308,us
,,18505585520,,,,tallahassee,fl,32303,us
info@ghirusa.com,,18505083948,,,,tallahassee,fl,32301,us
support@hitechflorida.com,,18503857649,,,,tallahassee,fl,32308,us
,,18504023700,,,,tallahassee,fl,32301,us
,,18506295812,,,,tallahassee,fl,32303,us
,,18506561705,,,,tallahassee,fl,32303,us
,,18507525276,,,,tallahassee,fl,32303,us
,,18506929001,,,,tallahassee,fl,32301,us
,,18003422633,,,,tallahassee,fl,32311,us
marshall@megafaunafilms.com,,18505971212,,egdar,gamez,tallahassee,fl,32301,us
,,18502246158,18008486158,,,tallahassee,fl,32303,us
,,18502247433,,,,tallahassee,fl,32301,us
,,18502735737,,,,tallahassee,fl,32303,us
tlockard@redwire.com,teamservice@redwire.com,18773719473,18509139473,,,tallahassee,fl,32303,us
,,18505979046,,,,tallahassee,fl,32301,us
,,18505750239,,,,tallahassee,fl,32303,us
,,18508300642,,,,tallahassee,fl,32304,us
,,18502055000,,,,tallahassee,fl,32303,us
,,18502242635,,,,tallahassee,fl,32303,us
tallahassee@superiorfenceandrail.com,,18502017897,18508074930,,,tallahassee,fl,32304,us
,,18505670843,,,,tallahassee,fl,32301,us
,,18508783271,,,,tallahassee,fl,32301,us
,,18509265092,18509263474,,,tallahassee,fl,32310,us
boxoffice@theatretallahassee.org,contact@theatretallahassee.org,18502248474,,,,tallahassee,fl,32303,us
,,18504430896,,,,tallahassee,fl,32303,us
,,18506567240,,,,tallahassee,fl,32301,us
,,18507550950,,,,tallahassee,fl,32301,us
,,18502703122,,,,tallahassee,fl,32310,us
,,18666694273,,,,tallahassee,fl,32302,us
,,18505140003,,,,tallahassee,fl,32303,us
,,18887947366,,,,tallahassee,fl,32301,us
,,18139625816,,,,tampa,fl,33624,us
info@avitpartners.com,,18885205229,,bob,basham,tampa,fl,33634,us
avn@avninstallations.com,,18132791999,,,,tampa,fl,33610,us
,,18139780101,,,,tampa,fl,33612,us
,,18139249726,,,,tampa,fl,33629,us
,,17272519002,,,,tampa,fl,33635,us
,,18132435561,18138771089,,,tampa,fl,33634,us
sales@automatedcontrols.us,,18137846987,,,,tampa,fl,33619,us
,,18139944554,,,,tampa,fl,33647,us
,,18132535775,,,,tampa,fl,33607,us
,,18133490090,,,,tampa,fl,33619,us
,,18134457355,,,,tampa,fl,33606,us
info@dxg.agency,,18552829394,,,,tampa,fl,33626,us
,,18132532774,18132545907,max,poppel,tampa,fl,33606,us
contact@eti-fl.com,,18133443955,,,,tampa,fl,33607,us
,,18005485844,,,,tampa,fl,33619,us
sales@flashsecurity.com,info@flashsecurity.com,18669977757,13373341698,,,tampa,fl,33609,us
,,18135752160,,,,tampa,fl,33619,us
info@gcsav.com,,18139909313,,,,tampa,fl,33602,us
,,18138824709,18008575028,,,tampa,fl,33634,us
team@halosmarthome.com,,18006514256,18134041291,,,tampa,fl,33602,us
,,18135754483,18137336080,,,tampa,fl,33607,us
,,18135754483,18137336080,,,tampa,fl,33606,us
ops@hoppenhomesystems.com,,18133134531,,ernie,lashlee,tampa,fl,33619,us
service@iontechnology.net,,18886480060,,,,tampa,fl,33611,us
,,18132008854,,,,tampa,fl,33602,us
,,18138498065,18138125199,,,tampa,fl,33619,us
,,18138773300,,,,tampa,fl,33614,us
,,18139480202,,,,tampa,fl,33610,us
,,18133959655,,,,tampa,fl,33602,us
,,18138828477,,,,tampa,fl,33614,us
,,18007836664,,,,tampa,fl,33647,us
,,18133311921,,,,tampa,fl,33607,us
,,18887466423,18136774837,,,tampa,fl,33619,us
company@sritampabay.com,,18138852276,18009917093,,,tampa,fl,33634,us
,,18133828324,,,,tampa,fl,33629,us
,,18136305700,,,,tampa,fl,33634,us
,,18333330616,,,,tampa,fl,33624,us
sales@synergyfl.com,,18136640770,18776640770,,,tampa,fl,33619,us
,,18133441944,,,,tampa,fl,33624,us
,,18138035048,,,,tampa,fl,33602,us
,,18139470659,,,,tampa,fl,33615,us
audioitch@icloud.com,theaudioitch@mac.com,18138774824,,,,tampa,fl,33629,us
sales@thepromediagroup.com,,18008816887,,ken,avis,tampa,fl,33634,us
,,13059421485,,,,tavernier,fl,33070,us
,,13057417855,,,,tavernier,fl,33070,us
,,13056976007,,,,tavernier,fl,33070,us
sales@primeavs.com,,18134135450,18134928329,,,university,fl,33613,us
,,17722109950,,,,verobeach,fl,32963,us
doconnell@atsvero.com,,17726333042,,,,verobeach,fl,32960,us
,,17722023898,,,,verobeach,fl,32967,us
,,17724696675,,,,verobeach,fl,32960,us
,,17727780052,,,,verobeach,fl,32960,us
,,17725625565,15618818118,,,verobeach,fl,32960,us
,,17728887233,,,,verobeach,fl,32960,us
chris@computerrepairverobeach.com,,17722260017,,,,verobeach,fl,32960,us
,,17722677163,,,,verobeach,fl,32962,us
,,17722984043,,,,verobeach,fl,32967,us
,,17722057205,,,,verobeach,fl,32960,us
sales@omegatechs.co,,18446634248,17728282314,,,verobeach,fl,32960,us
john@soundtechsecurity.com,,17722493456,17728281993,,,verobeach,fl,32962,us
,,17724928154,,,,verobeach,fl,32960,us
,,17725623767,,,,verobeach,fl,32960,us
,,17729996115,,,,verobeach,fl,32960,us
info@soundsandcinema.com,,15618330633,,,,wellington,fl,33414,us
info@petronetechnologygroup.com,,15619620064,,,,wellington,fl,33414,us
hello@erg247.com,,18136326699,,tony,casler,wesleychapel,fl,33544,us
,,18134514476,,,,wesleychapel,fl,33545,us
,,15615457935,,,,westpalmbeach,fl,33412,us
,,15613707468,,,,westpalmbeach,fl,33411,us
itadmin@av-worx.com,info@av-worx.com,18444289679,,,,westpalmbeach,fl,33409,us
,,15616864473,,,,westpalmbeach,fl,33409,us
,,15614783100,,,,westpalmbeach,fl,33409,us
,,15614783100,,,,westpalmbeach,fl,33409,us
info@avapb.com,,15612489200,,,,westpalmbeach,fl,33409,us
,,15612933975,15612933976,,,westpalmbeach,fl,33407,us
info@cat5security.com,,18775765450,15616875858,,,westpalmbeach,fl,33409,us
admin@cometelectricinc.com,,15616894400,18005545105,,,westpalmbeach,fl,33413,us
info@command-one.com,,15612472631,15612141215,,,westpalmbeach,fl,33404,us
,,15618818118,17725625565,,,westpalmbeach,fl,33409,us
email@eaeinfo.com,,15618429336,,,,westpalmbeach,fl,33404,us
,,15615662511,,,,westpalmbeach,fl,33412,us
,,15612771885,,,,westpalmbeach,fl,33411,us
,,15619906121,,,,westpalmbeach,fl,33411,us
,,15617216446,,,,westpalmbeach,fl,33407,us
,,15615070513,,,,westpalmbeach,fl,33401,us
ssummers@orionintegrated.com,dodess@orionintegrated.com,15614229696,15617143333,scott,summers,westpalmbeach,fl,33411,us
,,15617955555,,,,westpalmbeach,fl,33411,us
simple@pbavsmarthomes.com,,15615685191,,ezra,norman,westpalmbeach,fl,33411,us
,,15617137029,,,,westpalmbeach,fl,33412,us
,,15619021648,,zak,deily,westpalmbeach,fl,33404,us
,,18008061108,,,,westpalmbeach,fl,33407,us
ales@phastav.com,,15617270288,,,,westpalmbeach,fl,33414,us
,,15615124694,,,,westpalmbeach,fl,33411,us
,,19543489654,,,,westpark,fl,33023,us
brucealaimo@outlook.com,,19546554431,,,,weston,fl,33327,us
,,16789399455,,,,wimauma,fl,33598,us
,,14075367321,,,,wintergarden,fl,34787,us
sales@axiomintegration.com,,14077752222,,,,wintergarden,fl,34787,us
info@cflautomation.com,,13219992120,,,,wintergarden,fl,34787,us
,,14075572323,14075748271,series,speakers,wintergarden,fl,34787,us
,,13212777173,,,,winterpark,fl,32789,us
kevin.harris@aftermathgeneralservices.solutions,,19046901792,,,,yulee,fl,32097,us
av_solutions@garysav.com,,19047164995,19047186125,,,yulee,fl,32097,us
,,18002225464,,,,alpharetta,ga,30005,us
experience@goavigroup.com,,17704620301,17707466613,shawn,roberts,alpharetta,ga,30009,us
info@avliglobal.com,,14045514715,18889279310,chris,johnson,alpharetta,ga,30004,us
sales@acousticinnovations.biz,,16786485235,,,,alpharetta,ga,30004,us
brian@advancedinstallation.com,,17322459900,,scott,mays,alpharetta,ga,30004,us
u0022webmaster@atlantaaudio.com,,17709779110,14046666401,phillip,ampel,alpharetta,ga,30005,us
,,16784518375,,,,alpharetta,ga,30004,us
support@audioenhancement.com,,18003839362,18009323578,,,alpharetta,ga,30004,us
,,16782637999,,,,alpharetta,ga,30009,us
,,18778946228,,,,alpharetta,ga,30009,us
,,14703947755,,,,alpharetta,ga,30009,us
hello@brayelectrical.com,,17702703354,17705253979,fred,mcgill,alpharetta,ga,30004,us
info@callawayhometheater.com,,17705699897,,,,alpharetta,ga,30004,us
%20info@callawaysecurity.com,info@callawaysecurity.com,17703959692,,robert,simpson,alpharetta,ga,30004,us
,,18886218841,,,,alpharetta,ga,30005,us
,,17707524500,,,,alpharetta,ga,30005,us
training@h2kinfosys.com,,17707771269,16789182979,,,alpharetta,ga,30005,us
,,14043838015,,,,alpharetta,ga,30009,us
sales@htwatlanta.com,,17706437777,,seth,herold,alpharetta,ga,30022,us
kris.smeers@ipte.com,sebastian.stoehr@ipte.com,16788070067,19722085574,,,alpharetta,ga,30005,us
,,16789900068,,,,alpharetta,ga,30009,us
,,14047137743,,,,alpharetta,ga,30004,us
,,14044456720,,,,alpharetta,ga,30005,us
sales@phoenixsystems.tv,,16785662640,18436285077,chian,nicholson,alpharetta,ga,30005,us
,,14123733700,,,,alpharetta,ga,30004,us
,,17702505508,,,,alpharetta,ga,30009,us
jcatlett@sensibleautomationsolutions.com,,17706095428,16785200887,,,alpharetta,ga,30004,us
,,18005005566,17707291199,,,alpharetta,ga,30005,us
,,17705291845,,,,alpharetta,ga,30009,us
,,16785176462,,,,alpharetta,ga,30004,us
,,17707408002,,,,alpharetta,ga,30005,us
customerservice@3csaudiovisual.com,,14704355575,,,,atlanta,ga,30339,us
,,18333258427,,,,atlanta,ga,30308,us
,,17705294084,14049027336,shawn,roberts,atlanta,ga,30346,us
,,14048829917,14048066851,,,atlanta,ga,30340,us
,,14047459842,,,,atlanta,ga,30336,us
,,14042311720,,,,atlanta,ga,30305,us
,,17704582111,,,,atlanta,ga,30340,us
,,14048352230,,,,atlanta,ga,30318,us
info@atlantasmartsystems.com,,14709676245,,,,atlanta,ga,30309,us
,,17704557695,,,,atlanta,ga,30341,us
,,19376969744,,,,atlanta,ga,30318,us
,,14044276872,,,,atlanta,ga,30331,us
,,14049185597,,,,atlanta,ga,30336,us
,,14045855967,,,,atlanta,ga,30326,us
,,14043254892,,,,atlanta,ga,30309,us
,,14042310504,,terry,massey,atlanta,ga,30305,us
sales@envisionmediaav.com,,14703092671,,,,atlanta,ga,30309,us
sales@evolutionht.com,,14048691880,,,,atlanta,ga,30305,us
,,17709310606,,,,atlanta,ga,30305,us
,,14048173566,,,,atlanta,ga,30340,us
info@inexsystemsdesigns.com,,14049666979,,bruce,solis,atlanta,ga,30313,us
jmilline@bellsouth.net,,14043491647,,john,milline,atlanta,ga,30331,us
info@modusav.com,,14044713779,16784819051,,,atlanta,ga,30341,us
trade@motionshading.com,info@motionshading.com,14047336060,,,,atlanta,ga,30324,us
,,14708757517,,,,atlanta,ga,31107,us
,,16787617564,,,,atlanta,ga,30303,us
,,17069573618,,,,atlanta,ga,30305,us
,,14047676677,,,,atlanta,ga,30354,us
,,14042369808,,,,atlanta,ga,30310,us
,,18557373976,,,,atlanta,ga,30318,us
,,17702504487,,,,atlanta,ga,30328,us
info@smarti4u.com,,18885195678,,,,atlanta,ga,30349,us
customerservice@smarttvinstallation.com,,17708993355,16787603888,franco,attanasio,atlanta,ga,30342,us
,,17709557368,,,,atlanta,ga,30339,us
newyork@soundassociates.com,distribution@soundassociates.com,14047249050,19149633452,,,atlanta,ga,30306,us
,,14042360007,,wes,bradshaw,atlanta,ga,30342,us
contact@truthautomations.com,,14704108227,,,,atlanta,ga,30326,us
,,18007893722,,,,atlanta,ga,30318,us
,,17064819090,,,,augusta,ga,30909,us
,,17069142676,,,,augusta,ga,30904,us
info@allproaudiovisual.com,,18886133335,,,,augusta,ga,30909,us
,,17069550905,18553749800,,,augusta,ga,30909,us
info@carolinaburglaralarm.com,,18034267630,18642618143,jonathan,wickliffe,augusta,ga,30904,us
,,18002779444,,,,augusta,ga,30909,us
info@controlplus.com,,17068606900,17068691400,,,augusta,ga,30909,us
,,17062559980,,,,augusta,ga,30907,us
,,17067266896,,,,augusta,ga,30907,us
,,17067222024,,,,augusta,ga,30909,us
info@netplanner.com,,17063644190,17706625482,,,augusta,ga,30907,us
,,17067967084,,,,augusta,ga,30909,us
,,17709102831,,,,canton,ga,30114,us
,,17704485400,,,,chamblee,ga,30341,us
,,17704554578,,,,chamblee,ga,30341,us
sales@factoryautomation.com,,17709966955,,,,collegepark,ga,30349,us
info@myavx.com,,18558569289,,robert,lewis,cumming,ga,30040,us
info@avsolutionsatlanta.com,,16786481603,,paul,tordik,cumming,ga,30041,us
info@southerncinema.com,,17708888848,19048248488,,,cumming,ga,30040,us
,,17704625077,,,,dacula,ga,30019,us
info@tributetechinc.com,,17703096150,18773288393,,,dacula,ga,30019,us
jordan@loudmediagroup.us,,17069134454,,,,dalton,ga,30722,us
,,14042840920,,,,decatur,ga,30033,us
,,14044900017,,,,doraville,ga,30360,us
,,14045803359,,,,duluth,ga,30096,us
,,18008057210,,,,eastpoint,ga,30344,us
,,19126535440,,,,ellabell,ga,31308,us
info@macelec.com,,17062107050,17062107053,,,evans,ga,30809,us
clay@millervideo.org,,17063394460,,,,evans,ga,30809,us
info@aaronshometech.com,,17707286176,17704613477,charles,vail,fayetteville,ga,30214,us
info@turningpointav.com,,18554872811,13203412270,,,gardencity,ga,31408,us
,,17065031052,,,,grovetown,ga,30813,us
info@augustalowvoltage.com,,17068360258,,,,grovetown,ga,30813,us
,,17068360258,,,,grovetown,ga,30813,us
,,17704791820,,,,hollysprings,ga,30115,us
sales@skcaraudio.com,,14044882061,,,,johnscreek,ga,30022,us
jon@avprodesign.com,,14047889330,,,,kennesaw,ga,30152,us
,,17069573618,,,,lagrange,ga,30241,us
,,16784040650,,,,lawrenceville,ga,30046,us
,,16783771659,,,,lawrenceville,ga,30043,us
,,16789789434,,,,loganville,ga,30052,us
,,16785348100,,,,marietta,ga,30060,us
sales@pavatlanta.com,,16787926951,,jason,caponi,marietta,ga,30067,us
info@rmsinstalls.com,,14704563108,,,,marietta,ga,30060,us
info@activeintegration.tech,,17062252794,,,,martinez,ga,30907,us
,,17068638722,,,,martinez,ga,30907,us
johncollinsaavs@aol.com,alexcollinsaavs@aol.com,17068685977,,john,collins,martinez,ga,30907,us
sales@allegiancetech.io,,19122164050,,,,pembroke,ga,31321,us
,,19126560596,,,,pooler,ga,31322,us
,,17702841112,,,,powdersprings,ga,30127,us
,,19122090094,18774224238,,,richmondhill,ga,31324,us
,,19122952060,,,,rincon,ga,31326,us
,,17069374162,,,,ringgold,ga,30736,us
,,17069374163,,,,ringgold,ga,30736,us
service@chatronix.com,,17069568112,,,,rossville,ga,30741,us
info@avtechmedia.com,,17706631277,,colum,crilly,roswell,ga,30076,us
concierge@atlantahometheater.com,%20concierge@atlantahometheater.com,17706425557,,david,martinez,roswell,ga,30075,us
,,17705974994,,,,roswell,ga,30075,us
,,14048357342,,atlanta,falcons,roswell,ga,30076,us
,,17709988232,,,,roswell,ga,30076,us
,,18777337771,,,,roswell,ga,30075,us
,,14049985634,,,,roswell,ga,30076,us
,,17706120166,,,,roswell,ga,30075,us
,,19123537885,,,,savannah,ga,31401,us
info@advancedav.rentals,,19122329920,,sam,eufemia,savannah,ga,31404,us
silawi@att.net,sales@avrsavannah.com,19122348836,19122390000,,,savannah,ga,31401,us
mail@bellihs.com,,19122338990,,,,savannah,ga,31405,us
,,19129630183,,,,savannah,ga,31405,us
customerservice@trustcss.com,,19122724383,18004957621,,,savannah,ga,31405,us
,,19123521600,,,,savannah,ga,31406,us
,,19123560150,,,,savannah,ga,31406,us
,,19129665470,,,,savannah,ga,31408,us
,,19122362971,,,,savannah,ga,31401,us
,,19122338383,,,,savannah,ga,31405,us
,,19125728989,,,,savannah,ga,31419,us
,,19129204090,,,,savannah,ga,31405,us
,,19127775975,,,,savannah,ga,31401,us
tseyden@remotetechnology.net,,19123548727,,,,savannah,ga,31408,us
,,19123551102,,,,savannah,ga,31406,us
,,19123548900,,,,savannah,ga,31408,us
drbeats@aol.com,,19128567433,,larry,pawlowski,savannah,ga,31406,us
,,19126503276,,,,savannah,ga,31406,us
specialtycontrols@comcast.net,,19126651043,,,,savannah,ga,31419,us
,,18007369242,,,,savannah,ga,31405,us
,,19123515616,,,,savannah,ga,31419,us
tvcenter@comcast.net,,19122337767,19122338775,,,savannah,ga,31405,us
,,19127775721,,,,savannah,ga,31404,us
,,18889363237,,richard,quinones,snellville,ga,30078,us
,,19126389014,,,,stsimonsisland,ga,31522,us
info@linkyourhouse.com,,17702090086,18666565465,nick,mcculloch,suwanee,ga,30024,us
info@starlightatlanta.com,,16785581858,,,,suwanee,ga,30024,us
,,12293788866,,,,thomasville,ga,31757,us
info@wedoautomation.com,,14702388806,18885288668,alex,huber,tucker,ga,30084,us
,,14047205655,,,,tucker,ga,30084,us
sales@intuav.com,,17703177016,16158335000,,,woodstock,ga,30188,us
admin@alohaalarm.com,,18084884111,,,,aiea,hi,96701,us
info@hawaiimedia.com,,18084845706,,,,aiea,hi,96701,us
info@modtechsolutions.com,,18082042384,,,,aiea,hi,96701,us
,,18084853200,,,,aiea,hi,96701,us
,,14438542741,,,,haleiwa,hi,96712,us
,,18087923937,,,,honolulu,hi,96814,us
,,18085892727,,,,honolulu,hi,96813,us
webmaster@audiolabhawaii.com,,18085958066,,,,honolulu,hi,96814,us
,,18085912791,,,,honolulu,hi,96814,us
jason@alshawaii.com,,18083309490,,,,honolulu,hi,96821,us
,,18082024619,,,,honolulu,hi,96813,us
,,18082011319,,,,honolulu,hi,96819,us
info@brightlight.biz,,18085213000,,,,honolulu,hi,96813,us
businessdevelopment@cve.com,info@cve.com,18083540080,18885580600,jim,laub,honolulu,hi,96813,us
,,18084684416,,,,honolulu,hi,96826,us
,,18088457811,,,,honolulu,hi,96819,us
,,18087353567,,,,honolulu,hi,96816,us
,,18082022822,,,,honolulu,hi,96816,us
,,18082614476,,,,honolulu,hi,96817,us
daniel@hawaiivideopro.com,info@hawaiivideopro.com,18082329772,,daniel,skaf,honolulu,hi,96828,us
,,18089476117,,,,honolulu,hi,96813,us
,,18089494008,,,,honolulu,hi,96822,us
,,18085326688,,,,honolulu,hi,96819,us
sales@iehawaii.com,,18088474300,18088410960,,,honolulu,hi,96817,us
,,18089489600,18087484062,branden,baker,honolulu,hi,96813,us
,,16504207455,,,,honolulu,hi,96814,us
,,18085962211,,,,honolulu,hi,96817,us
tom@lightinghawaii.com,mike@lightinghawaii.com,18089559955,,,,honolulu,hi,96826,us
,,18089222246,,,,honolulu,hi,96815,us
,,18085502587,,,,honolulu,hi,96813,us
,,18085188494,,,,honolulu,hi,96819,us
admin@hawaiiav.com,,18082757733,18086572890,,,honolulu,hi,96816,us
info@ohanacontrols.com,,18088425888,,amir,borochov,honolulu,hi,96819,us
,,18083208463,18088243495,phil,mulligan,honolulu,hi,96819,us
,,18083819381,,,,honolulu,hi,96819,us
,,18085997600,,,,honolulu,hi,96819,us
,,18085361933,,,,honolulu,hi,96814,us
tdagostino@smartsourcellc.com,tstubbs@smartsourcellc.com,18085364236,18002394670,todd,norton,honolulu,hi,96813,us
inquiry@starcommwireless.com,,18088457827,,lad,panis,honolulu,hi,96819,us
engineer@systemsintegrationgroup.com,,18082621880,,,,honolulu,hi,96813,us
,,18084396669,,,,honolulu,hi,96822,us
,,18082897069,,,,honolulu,hi,96825,us
ur@hawaii.edu,itsada@hawaii.edu,18089568111,18082458311,,,honolulu,hi,96822,us
info@zmana.com,,18084251131,,kevin,mccallum,honolulu,hi,96814,us
,,18088748019,,,,kahului,hi,96732,us
andy@hiavls.com,,18087269606,,,,kailua,hi,96734,us
,,18083318403,,,,kailuakona,hi,96740,us
social@steadfastav.com,contact@steadfastav.com,18084681800,,,,kapolei,hi,96707,us
,,18083723390,,,,kapolei,hi,96707,us
admin@hawaiiprosoundvr.com,,18088420077,,,,waipahu,hi,96797,us
,,18088424646,,,,waipahu,hi,96797,us
,,18088364094,,,,waipahu,hi,96797,us
info@itshawaii.com,,18088244487,,,,waipahu,hi,96797,us
,,18083926592,,,,waipahu,hi,96797,us
,,18088365647,,,,waipahu,hi,96797,us
,,15153033573,,,,altoona,ia,50009,us
,,15159852018,15153096474,,,ankeny,ia,50021,us
,,15152576627,,,,ankeny,ia,50023,us
support@knight-integration.com,info@knight-integration.com,15152440445,,,,ankeny,ia,50021,us
,,15152879960,,,,carlisle,ia,50047,us
,,15154488881,,,,clive,ia,50325,us
,,15154571199,,,,clive,ia,50325,us
,,15154532209,,,,clive,ia,50325,us
service@wiredsolutionsia.com,,15152495574,,,,clive,ia,50325,us
,,13193547700,18887027800,todd,guerrero,coralville,ia,52241,us
,,15633867800,18887027800,todd,guerrero,davenport,ia,52807,us
,,15156305813,,,,desmoines,ia,50316,us
,,18007288889,,,,desmoines,ia,50309,us
,,15152669888,,,,desmoines,ia,50313,us
,,15152460001,,thomas,bernau,desmoines,ia,50320,us
,,15152181029,,,,desmoines,ia,50316,us
,,15152123277,,,,desmoines,ia,50316,us
,,15152622900,,,,desmoines,ia,50316,us
arren.wetzel@cleproductions.com,katie.bradshaw@cleproductions.com,15152774190,15152772295,arren,wetzel,desmoines,ia,50321,us
,,15152776261,,,,desmoines,ia,50312,us
,,15152831100,18003433998,,,desmoines,ia,50309,us
,,16025960040,,,,desmoines,ia,50309,us
,,15153090251,,,,desmoines,ia,50309,us
,,15152447231,18007982568,,,desmoines,ia,50321,us
,,15152075162,,,,desmoines,ia,50311,us
,,15152829785,,,,desmoines,ia,50315,us
info@waldinger.com,service@waldinger.com,15152841911,18447889224,,,desmoines,ia,50321,us
,,15152432125,,,,desmoines,ia,50321,us
,,15152189224,,,,desmoines,ia,50310,us
,,15156050424,,,,desmoines,ia,50313,us
info@onlineaplus.com,,15156452345,18778827587,,,grimes,ia,50111,us
,,15152085667,,,,grimes,ia,50111,us
,,15152002034,,,,indianola,ia,50125,us
chuck@professionalavi.com,,13194302482,,chuck,polfliet,iowacity,ia,52240,us
christin.burbey@aiwmglobal.com,,15153843046,,,,johnston,ia,50131,us
,,16415268585,18774337701,,,kellogg,ia,50135,us
,,17122030947,,,,lemars,ia,51031,us
info@midwesttechia.com,,18775778324,,,,madrid,ia,50156,us
,,15158682779,,,,norwalk,ia,50211,us
,,15152627686,,,,pleasanthill,ia,50327,us
info@controlmidwest.com,,15152444834,,,,pleasanthill,ia,50327,us
service@wireoneelectric.com,,15156504220,15152092966,,,pleasanthill,ia,50327,us
,,15152761090,,,,urbandale,ia,50322,us
,,15152765040,18002873279,,,urbandale,ia,50322,us
,,18557342521,,,,urbandale,ia,50322,us
,,15152701844,18005812053,,,urbandale,ia,50322,us
dustin@luxdsm.com,,15159881593,,,,urbandale,ia,50322,us
,,15152884000,14023316111,,,urbandale,ia,50322,us
,,15152445660,18004737627,michael,duffy,urbandale,ia,50322,us
,,18008439859,,,,urbandale,ia,50323,us
,,15152521535,,,,urbandale,ia,50322,us
desmoines@seisecurity.com,iowacity@seisecurity.com,15152709075,18002793667,,,urbandale,ia,50323,us
dustin.mick@teamultravue.com,heather.johnson@teamultravue.com,15153096446,,dustin,mick,urbandale,ia,50322,us
contact@technologybydesign.com,,15153317999,15157278030,,,urbandale,ia,50323,us
usinfo@rednoise6.com,info@rednoise6.com,15158680606,,,,waukee,ia,50263,us
,,15152882216,,,,westdesmoines,ia,50265,us
info@electronicbiz.com,,15152444155,,erik,anderson,westdesmoines,ia,50265,us
sales@embarkit.com,support@embarkit.com,15154401451,18664401451,anita,messerschmidt,westdesmoines,ia,50265,us
,,15157837217,,,,westdesmoines,ia,50265,us
,,18334113111,,,,westdesmoines,ia,50266,us
,,18668666767,,,,boise,id,83709,us
,,12083430900,,,,boise,id,83704,us
office@accessintegrationinc.com,,12088958200,,,,boise,id,83709,us
,,12083757060,,,,boise,id,83713,us
,,12084093330,,,,boise,id,83703,us
,,12083442507,,,,boise,id,83702,us
,,12083443981,,,,boise,id,83716,us
,,12083762100,15094841516,,,boise,id,83704,us
,,12083758200,,,,boise,id,83713,us
,,12085015684,,,,boise,id,83702,us
,,12083764900,,,,boise,id,83704,us
chris@cadenceav.com,,12087200040,,,,boise,id,83704,us
office@clearwateraudiovideo.com,,12087892332,,,,boise,id,83704,us
,,12089497152,,,,boise,id,83714,us
brandan@fishdawgproductions.com,,15155233294,12087948663,annie,grace,boise,id,83704,us
u003einfo@garrettsystems.net,info@garrettsystems.net,12089382302,18772438447,,,boise,id,83713,us
booking@idahosound.com,,12089997978,,,,boise,id,83705,us
,,18666767414,,,,boise,id,83709,us
connor@johnconnormedia.com,,12082584853,,,,boise,id,83702,us
,,12088533411,,,,boise,id,83704,us
info@esprosystems.com,admin@esprosystems.com,12089396083,12089171133,,,boise,id,83703,us
sales@magnumopussecurity.com,,12083700100,14062039030,,,boise,id,83702,us
support@momentsmarthome.com,,12083539800,12083539500,,,boise,id,83706,us
,,12083218000,,,,boise,id,83709,us
,,12083751300,,,,boise,id,83706,us
,,12345212968,,,,boise,id,83702,us
,,12084815722,,,,boise,id,83709,us
,,12089942063,,,,boise,id,83704,us
,,12083626493,,,,boise,id,83709,us
care@thestereoshoppe.com,,12083780000,,,,boise,id,83709,us
,,12089381568,,,,boise,id,83704,us
,,12082422257,,,,boise,id,83713,us
,,12084886404,,,,boise,id,83713,us
,,12089069331,,,,boise,id,83714,us
,,12083360391,,,,boise,id,83702,us
info@techdriven.com,,12082440507,,,,eagle,id,83616,us
,,12089412144,,,,gardencity,id,83714,us
,,12088606336,,,,gardencity,id,83714,us
,,12087171003,,,,gardencity,id,83714,us
info@boisesmarthomes.com,,12087818301,14432759890,chad,shapiro,gardencity,id,83714,us
info@psiiusa.com,,12083888400,18005287078,,,gardencity,id,83714,us
,,12083367655,,,,gardencity,id,83714,us
frontdesk@audioi.org,,12087883400,,,,hailey,id,83333,us
info@iessunvalley.com,,12087888115,12087888116,champ,church,hailey,id,83333,us
support@mediacontrolled.com,,12082152900,12087952050,mark,ackerman,hayden,id,83835,us
,,12083604100,,,,idahofalls,id,83401,us
,,12085522505,12085523337,tom,smith,idahofalls,id,83402,us
,,12087268968,,,,ketchum,id,83340,us
,,12087267872,,,,ketchum,id,83340,us
info@homemedia.net,,12087250075,,,,ketchum,id,83340,us
,,12086220222,,,,ketchum,id,83340,us
matt@soundwaveinc.com,,12087260987,,,,ketchum,id,83340,us
,,12087141385,,,,kuna,id,83634,us
u003einfo@steinerav.com,info@steinerav.com,12087463381,,harley,steiner,lewiston,id,83501,us
,,12082743011,,,,meridian,id,83646,us
,,12089004447,,,,meridian,id,83642,us
,,12085730642,12086292455,,,meridian,id,83642,us
,,12083444223,,nadina,gillette,meridian,id,83642,us
,,12082585356,12086348200,maitland,fritzley,meridian,id,83642,us
,,12083917585,,,,meridian,id,83646,us
,,12082882800,,,,meridian,id,83642,us
info@boiseaudiodoctor.com,,12083913930,,david,martin,meridian,id,83642,us
,,12083714220,,,,nampa,id,83651,us
,,12084427222,,,,nampa,id,83687,us
,,12086661112,18776502263,,,postfalls,id,83854,us
,,12087199860,,,,postfalls,id,83854,us
,,12086203900,,,,postfalls,id,83854,us
,,12085200469,12085418812,,,rigby,id,83442,us
info@audioplusidaho.com,,12086104894,,,,sandpoint,id,83864,us
,,12084478455,,,,star,id,83669,us
,,12087264274,,,,sunvalley,id,83353,us
,,14156925411,,,,sunvalley,id,83353,us
,,13074130054,,,,victor,id,83455,us
,,18006002864,18006002064,,,addison,il,60101,us
info@davidsonhometech.com,,17088789049,17087668269,,,alsip,il,60803,us
,,17085973143,,,,alsip,il,60803,us
tracy@outputunlimited.com,,16189208775,,,,alton,il,62002,us
sales@midwestscreens.com,,18475575015,12628120001,,,antioch,il,60002,us
,,18774796228,,,,antioch,il,60002,us
,,18474631057,18474631056,,,arlingtonheights,il,60004,us
,,18473054560,,,,arlingtonheights,il,60005,us
,,12245007128,,,,arlingtonheights,il,60005,us
,,16302779273,,,,aurora,il,60502,us
info@completehometechnology.com,,16302428362,,,,aurora,il,60502,us
nick@creativedigitalmasters.com,,16309780444,,,,aurora,il,60504,us
,,13125440411,,,,aurora,il,60506,us
,,18476306462,,,,aurora,il,60503,us
,,18477373142,18477560081,,,barrington,il,60010,us
,,18475882533,,,,barrington,il,60010,us
,,18479996349,,,,barrington,il,60010,us
,,18473667314,,,,barrington,il,60010,us
,,18477105858,,,,barrington,il,60010,us
info@midwestaudiogroup.com,,18475510030,,,,barrington,il,60010,us
jsinger@soundliving.com,,18479267034,,,,barrington,il,60010,us
,,12243850848,,,,barrington,il,60010,us
,,18153557956,,,,barrington,il,60010,us
mail@swissautomation.com,,18473814405,18473814581,,,barrington,il,60010,us
,,13126007074,,,,bensenville,il,60106,us
,,13098255747,,eric,albert,bloomington,il,61704,us
,,16307395764,,,,bolingbrook,il,60440,us
,,17323476245,,,,bolingbrook,il,60490,us
,,17085985850,,,,bridgeview,il,60455,us
,,17084499900,,,,broadview,il,60155,us
info@etronicsonline.net,,12242236200,,,,buffalogrove,il,60089,us
,,18478634414,15128084015,brent,metz,buffalogrove,il,60089,us
molham@isave.io,,17089496444,,molham,kattaieh,burrridge,il,60527,us
info@soundandvision.net,support@soundandvision.net,16302424600,,,,burrridge,il,60527,us
,,16308712222,,,,carolstream,il,60188,us
,,13127230450,,,,chicago,il,60641,us
,,17737704803,,,,chicago,il,60641,us
,,13126009615,,,,chicago,il,60654,us
colin@audiblesound.com,info@audiblesound.com,17735809414,,,,chicago,il,60660,us
,,17735521121,,,,chicago,il,60630,us
webcontact@audiovisualsystems.com,,13126699692,13126699701,,,chicago,il,60632,us
patrick.variali@automationgallery.com,,13126548193,,,,chicago,il,60611,us
,,13128799990,16308982850,brian,perreault,chicago,il,60654,us
,,17734130088,,,,chicago,il,60626,us
,,17086696471,,,,chicago,il,60601,us
,,18554524642,,,,chicago,il,60614,us
info@concertsound.com,,18556422432,,michael,patrick,chicago,il,60639,us
,,13124237938,,,,chicago,il,60630,us
events@digitalrend.com,,17732193442,,,,chicago,il,60612,us
info@digitalsystemsav.com,,18889034448,,mike,anderson,chicago,il,60647,us
concierge@emt-home.com,,13123289840,,brett,fealy,chicago,il,60607,us
,,17737479565,,vic,morales,chicago,il,60641,us
,,13125545156,,,,chicago,il,60630,us
,,17737611500,18472518000,,,chicago,il,60626,us
,,17732788866,,,,chicago,il,60618,us
,,13124204942,,,,chicago,il,60622,us
luis@ldaudio.com,,13124910391,13122258246,,,chicago,il,60616,us
,,18665060942,,,,chicago,il,60609,us
,,18776338866,,,,chicago,il,60630,us
,,17738876066,,,,chicago,il,60609,us
,,17732771466,,,,chicago,il,60623,us
matt@pineappleaudio.com,m.barrett@pineappleaudio.com,17083286097,,chief,officer,chicago,il,60641,us
help@pistonhome.com,,13312380279,,sameer,kelkar,chicago,il,60661,us
,,17737201542,18889087725,,,chicago,il,60640,us
info@premieresystems.com,,13122740220,12395300220,ken,johnson,chicago,il,60618,us
,,17738839500,,,,chicago,il,60614,us
info@quality-connect.com,,17736614000,,,,chicago,il,60618,us
,,18722034317,,,,chicago,il,60640,us
,,18337967867,,,,chicago,il,60611,us
royalhomeent@aol.com,,17739297600,,,,chicago,il,60657,us
,,17737883094,,,,chicago,il,60610,us
,,13122487679,,,,chicago,il,60654,us
,,13126802903,,,,chicago,il,60657,us
,,13126803479,,,,chicago,il,60610,us
info@sapienthome.co,,13122431977,,,,chicago,il,60612,us
,,17739354434,18009704434,andy,zimmerman,chicago,il,60657,us
,,17734897469,,,,chicago,il,60630,us
info@silvergtech.com,,17736986148,,tyler,warble,chicago,il,60613,us
info@soundinvestmentav.com,,18007208545,,,,chicago,il,60642,us
leor@soundspecialists.com,info@soundspecialists.com,17732781650,,scott,himmel,chicago,il,60642,us
info@stereorehab.com,,17737654236,,,,chicago,il,60659,us
,,18723339029,,,,chicago,il,60640,us
,,17737573256,,,,chicago,il,60612,us
,,17738628143,,,,chicago,il,60657,us
,,17738293894,,,,chicago,il,60630,us
,,17738626700,,,,chicago,il,60622,us
info@countylineav.com,,16309746990,,,,clarendonhills,il,60514,us
,,16185041250,,,,columbia,il,62236,us
,,16308471421,,,,cresthill,il,60403,us
,,18479779124,,,,deerfield,il,60015,us
,,18476049256,,,,desplaines,il,60018,us
info@gstav.com,,18665491275,,mike,goyette,desplaines,il,60018,us
service@goldylocksinc.com,,16302164510,17086334750,eliz,burghard,downersgrove,il,60515,us
,,18478413888,12392919000,,,elgin,il,60124,us
,,12242654544,13129620330,,,elkgrovevillage,il,60007,us
info@frequencyav.com,sales@frequencyav.com,17734897200,,alec,gorecki,elkgrovevillage,il,60007,us
,,18472966767,,,,elkgrovevillage,il,60007,us
,,12244276702,,,,elkgrovevillage,il,60007,us
accounts@enlinetech.com,info@enlinetech.com,18778324312,,sanjay,rana,elmhurst,il,60126,us
sales@iavschicago.com,,13122656282,,,,elmhurst,il,60126,us
,,18008603577,,,,glenview,il,60025,us
hsi@homesystems4u.com,,18479981970,,,,glenview,il,60026,us
info@avintegrationgroup.com,,18477803464,,,,highlandpark,il,60035,us
,,12247547173,,,,highlandpark,il,60035,us
,,18477968281,,,,hinsdale,il,60521,us
,,12243698752,,,,lakebluff,il,60044,us
,,18472345670,,,,lakebluff,il,60044,us
,,18478074444,,,,lakebluff,il,60044,us
,,12245041454,,,,lakeforest,il,60045,us
sales@wiredonbanklane.com,,18472349150,,,,lakeforest,il,60045,us
,,18473380469,,alisa,zaleski,lakevilla,il,60046,us
,,12246623529,,,,lakezurich,il,60047,us
,,18723051916,,,,libertyville,il,60048,us
margaret@eocaudio.com,info@eocaudio.com,16303866266,,,,lisle,il,60532,us
info@eocsecure.com,,16306909150,,,,lisle,il,60532,us
,,16302410292,,,,lisle,il,60532,us
,,16189697088,,,,marion,il,62959,us
,,13122294100,,,,maywood,il,60153,us
,,13317011200,,,,montgomery,il,60538,us
scott@4htc.com,,13092666640,13092495050,,,morton,il,61550,us
services@denalitechs.com,,13124397500,,ash,boraki,mtprospect,il,60056,us
sales@ecoautomateddesigns.com,contact@ecoautomateddesigns.com,18474754442,,,,mundelein,il,60060,us
,,13312960135,,,,naperville,il,60540,us
,,16304551553,,,,naperville,il,60564,us
info@aperturevideography.com,,16303942900,,,,naperville,il,60563,us
,,13317012802,,,,naperville,il,60563,us
info@aavinc.com,,16303058662,,,,naperville,il,60563,us
ted@assemblyandrepair.com,,13312157951,,,,naperville,il,60540,us
,,16303571780,16303571794,,,naperville,il,60565,us
info@bwst.net,,16309466587,,,,naperville,il,60565,us
,,16309340405,,,,naperville,il,60563,us
hr@codeautomation.ai,info@codeautomation.ai,18156148480,18505584691,,,naperville,il,60540,us
,,16306071300,,,,naperville,il,60563,us
,,16307770195,,,,naperville,il,60563,us
,,16302500101,,,,naperville,il,60563,us
,,17732360326,,,,naperville,il,60565,us
,,16303643600,,,,naperville,il,60563,us
,,16309615900,16309619540,,,naperville,il,60540,us
service@flux-controls.com,,16308668505,,,,naperville,il,60563,us
,,16304161500,,,,naperville,il,60563,us
aaron@hangituptvs.com,,16306995861,,,,naperville,il,60564,us
support@teamits.com,,16304202550,16304202771,,,naperville,il,60563,us
,,18478349572,,,,naperville,il,60563,us
,,16308690985,,,,naperville,il,60565,us
,,13127641853,,,,naperville,il,60540,us
info@lumimindsinc.com,,18722255949,,,,naperville,il,60540,us
sales@myguysknowhow.com,,18157149489,,bryan,talkie,naperville,il,60564,us
napemcam@menards.com,napeshipping@menards.com,16307786710,,,,naperville,il,60540,us
,,18663955514,,,,naperville,il,60540,us
info@napervillealarm.com,,16309228900,,,,naperville,il,60563,us
,,16303552124,,,,naperville,il,60540,us
,,18333679913,,,,naperville,il,60563,us
,,18779322478,,,,naperville,il,60540,us
,,16309416000,,,,naperville,il,60563,us
info@srksystems.com,,16304447086,16308399396,,,naperville,il,60563,us
,,18553310359,,,,naperville,il,60563,us
,,18884160920,,,,naperville,il,60564,us
,,16307169228,,,,naperville,il,60564,us
,,16304059402,,,,naperville,il,60563,us
,,16303692900,,,,naperville,il,60563,us
,,16303933333,,,,naperville,il,60563,us
sales@synsysinc.com,,16307241960,16306132569,mark,urda,naperville,il,60540,us
,,16302703313,,,,naperville,il,60563,us
service@vip-electric.com,,16305518470,,,,naperville,il,60540,us
sales@vidazzle.com,,16303554676,16303554776,,,naperville,il,60563,us
,,13317026577,,,,naperville,il,60540,us
,,17082962720,,,,naperville,il,60540,us
,,18478689200,18475858780,,,northbrook,il,60062,us
,,18475201348,,,,northbrook,il,60062,us
,,18477303280,,,,northbrook,il,60062,us
,,18474304700,,,,northbrook,il,60062,us
,,12242428193,,,,northbrook,il,60062,us
info@videosoundinc.com,,17085626316,18002446316,,,northlake,il,60164,us
nick@estylehomesystems.com,admin@estylehomesystems.com,16307428923,,,,oakbrook,il,60523,us
,,17084341197,,,,oakpark,il,60302,us
,,17089193659,,,,oakpark,il,60301,us
,,16306070054,,,,oakbrookterrace,il,60181,us
,,18476128782,,,,oswego,il,60543,us
info@brightaam.com,,12247259474,,nicholas,thomas,palatine,il,60074,us
info@adigitalhome.com,,18477765063,,,,palatine,il,60067,us
info@hunterhomeautomation.com,,18476393446,,,,palatine,il,60074,us
steve@luxehometheater.com,info@luxehometheater.com,16307158910,,,,plainfield,il,60585,us
,,13313121211,,,,plainfield,il,60585,us
kris@remote-av.com,slav@remote-av.com,18152541660,18152541666,kris,gutrich,plainfield,il,60585,us
hq@sounddesigninc.com,info@sounddesigninc.com,16305487000,12394013100,,,plainfield,il,60585,us
admin@techpoint1.com,,16305513500,,,,plainfield,il,60585,us
,,16305529600,16305529616,,,plano,il,60545,us
,,17733394701,,,,prospectheights,il,60070,us
info@customresidential.com,support@customresidential.com,18477055086,,,,rollingmeadows,il,60008,us
hello@qorvantis.com,,13312156090,,,,rosemont,il,60018,us
,,16306882886,,,,schaumburg,il,60193,us
,,18479289200,,,,schillerpark,il,60176,us
,,18474199990,,,,skokie,il,60076,us
,,16304440011,,,,stcharles,il,60174,us
,,13312565544,,,,villapark,il,60181,us
info@acichicago.com,sales@acichicago.com,16308369440,,,,warrenville,il,60555,us
,,16308858043,,,,warrenville,il,60555,us
info@chicagoav.net,,18009244628,,john,bransky,wauconda,il,60084,us
,,18474440370,18473439806,,,wheeling,il,60090,us
pjriehle@yahoo.com,,16303368777,,,,willowbrook,il,60527,us
,,16307808336,,,,winfield,il,60190,us
,,18474293216,,,,winnetka,il,60093,us
info@corsigaav.com,,16302977679,,,,woodridge,il,60517,us
,,16306631298,,,,woodridge,il,60517,us
sales@avdiusa.com,,18889902834,,,,auburn,in,46706,us
sales@intensealarms.com,,13179705770,,,,brownsburg,in,46112,us
%20contactus@castlewallsecurity.com,contactus@castlewallsecurity.com,18007380258,13172181007,,,carmel,in,46032,us
,,13175809460,,,,carmel,in,46032,us
bedwards@ovationav.com,ccruzan@ovationav.com,13176828466,,gary,mccormick,carmel,in,46032,us
,,13178090412,,,,carmel,in,46033,us
,,13172184264,,,,carmel,in,46032,us
,,13175801032,,,,carmel,in,46032,us
,,12198634697,,,,demotte,in,46310,us
info@icav.us,,12607242276,,,,decatur,in,46733,us
derek@dssindy.com,ray@dssindy.com,13178480101,,caryn,osullivan,fishers,in,46038,us
,,13176956886,,,,fishers,in,46037,us
,,13177471777,,,,fishers,in,46038,us
,,18886960884,,,,fishers,in,46038,us
info@ad-doesitall.com,,12604679455,,,,fortwayne,in,46808,us
support@abcwarehouse.com,,12604831804,18009813866,,,fortwayne,in,46805,us
,,12604719707,,,,fortwayne,in,46808,us
info@accentconsulting.com,,12604081234,18774261337,,,fortwayne,in,46845,us
sales@adapteksystems.com,info@adapteksystems.com,12606378660,12606378597,,,fortwayne,in,46818,us
,,12604282698,,,,fortwayne,in,46803,us
,,12604877814,,,,fortwayne,in,46825,us
,,12604821537,,,,fortwayne,in,46825,us
%20bcorner@alphaitfw.com,sales@alphaitfw.com,12603413776,12603411590,dave,bender,fortwayne,in,46825,us
salesteam1@atgfw.com,,12604822844,18338324033,,,fortwayne,in,46818,us
,,12604224226,,,,fortwayne,in,46802,us
,,12604002866,,,,fortwayne,in,46804,us
,,12604364669,,,,fortwayne,in,46804,us
,,12602202916,,,,fortwayne,in,46805,us
,,12604499201,,,,fortwayne,in,46809,us
,,12604833737,,,,fortwayne,in,46804,us
,,12604263456,,,,fortwayne,in,46802,us
,,12604830553,17735493333,,,fortwayne,in,46805,us
,,12604890852,,,,fortwayne,in,46818,us
,,12606251009,18558289792,,,fortwayne,in,46814,us
,,12604802441,18032170710,,,fortwayne,in,46825,us
,,12604232414,,,,fortwayne,in,46825,us
,,12602030512,,,,fortwayne,in,46806,us
,,12602060570,,,,fortwayne,in,46806,us
,,12604375800,,,,fortwayne,in,46845,us
kelly@fwembassytheatre.org,brittneay@fwembassytheatre.org,12604246287,12604245665,kelly,updike,fortwayne,in,46802,us
info@fdcav.com,,12602670588,,,,fortwayne,in,46808,us
,,13175862844,,,,fortwayne,in,46809,us
,,12604228641,,,,fortwayne,in,46802,us
,,12604231444,,,,fortwayne,in,46802,us
,,12602176500,,,,fortwayne,in,46805,us
,,18556641953,,,,fortwayne,in,46818,us
,,12604787800,,,,fortwayne,in,46809,us
,,12603051216,,,,fortwayne,in,46808,us
,,15625841786,,,,fortwayne,in,46825,us
,,12602159623,,,,fortwayne,in,46803,us
,,18004822712,,,,fortwayne,in,46808,us
,,12604240376,,,,fortwayne,in,46802,us
,,12604842604,,,,fortwayne,in,46825,us
,,13098680605,,,,fortwayne,in,46815,us
,,12604970520,12607409477,bill,arnold,fortwayne,in,46825,us
,,12604838108,,,,fortwayne,in,46805,us
,,12604896007,,,,fortwayne,in,46802,us
,,12604920358,,,,fortwayne,in,46809,us
sales@redfli.com,service@redfli.com,12602226000,18778073335,nick,berry,fortwayne,in,46815,us
,,18444627342,,,,fortwayne,in,46825,us
,,12602094090,,,,fortwayne,in,46802,us
,,12602031992,,,,fortwayne,in,46815,us
,,18004132057,,,,fortwayne,in,46835,us
,,12604877777,,,,fortwayne,in,46825,us
,,12604827233,,,,fortwayne,in,46825,us
,,12604227001,,,,fortwayne,in,46802,us
,,12604221290,,,,fortwayne,in,46805,us
,,12607451016,,,,fortwayne,in,46807,us
,,12604507739,,,,fortwayne,in,46805,us
jayvalleo@sweetdreams.us,cole@sweetdreams.us,12606157467,,jay,leo,fortwayne,in,46805,us
,,18009259822,,,,fortwayne,in,46802,us
todd@tn-solutions.net,,12609183400,12609182203,,,fortwayne,in,46818,us
,,12604717116,,,,fortwayne,in,46808,us
,,12604340317,,,,fortwayne,in,46825,us
plra@recone.com,,12604268742,12604245463,,,fortwayne,in,46808,us
,,12607154500,,,,fortwayne,in,46808,us
,,12605158447,,,,fortwayne,in,46825,us
matt@up-vl.com,,12604155903,,,,fortwayne,in,46802,us
,,12604811515,,,,fortwayne,in,46808,us
,,12607553226,,,,fortwayne,in,46802,us
,,18009522805,,,,fortwayne,in,46808,us
,,17654278527,,,,frankfort,in,46041,us
,,13174746456,13174414321,,,greenwood,in,46143,us
chris@galaxyhometheater.com,,13178859500,,,,greenwood,in,46142,us
,,13176587230,,,,greenwood,in,46142,us
,,17085166996,,involved,expertise,hammond,in,46324,us
,,13173701794,,,,indianapolis,in,46220,us
,,13178763753,,,,indianapolis,in,46226,us
web_info@allied-automation.com,,18002140322,13172535900,greg,dill,indianapolis,in,46220,us
,,18596537382,,,,indianapolis,in,46278,us
,,13172532495,,,,indianapolis,in,46220,us
audioreference@aol.com,,13172554434,,,,indianapolis,in,46220,us
,,13178976004,,,,indianapolis,in,46219,us
,,18003446575,,,,indianapolis,in,46278,us
,,13175312975,,,,indianapolis,in,46239,us
,,13176103228,,,,indianapolis,in,46204,us
,,13175427087,,,,indianapolis,in,46220,us
info@design27.com,,13175368000,,meri,weber,indianapolis,in,46205,us
,,13178161400,,,,indianapolis,in,46240,us
,,13179423689,,,,indianapolis,in,46202,us
,,13178896969,,,,indianapolis,in,46203,us
,,13175769115,12609691226,chuck,fairchild,indianapolis,in,46226,us
,,18005520778,,,,indianapolis,in,46268,us
,,13179157000,,,,indianapolis,in,46250,us
,,13176440570,,,,indianapolis,in,46256,us
,,13172551327,,,,indianapolis,in,46220,us
,,13173995748,,,,indianapolis,in,46268,us
info@indyaudiolabs.com,,18665595113,,,,indianapolis,in,46268,us
,,13175903367,,,,indianapolis,in,46202,us
,,13178290457,,,,indianapolis,in,46235,us
,,13175986900,,,,indianapolis,in,46256,us
support@mis.tech,,14637778830,15137936222,,,indianapolis,in,46227,us
,,13178447328,,,,indianapolis,in,46256,us
,,13172552125,,,,indianapolis,in,46220,us
,,13177461997,,,,indianapolis,in,46228,us
,,13172860260,,,,indianapolis,in,46204,us
,,13178423500,13147141580,,,indianapolis,in,46278,us
,,13178608100,14001002391,,,indianapolis,in,46268,us
sales@prosecurityandautomation.com,,13179001021,,ryan,geltz,indianapolis,in,46250,us
theo@protechthome.com,info@protechthome.com,13172520200,14693914024,theo,garber,indianapolis,in,46256,us
rtomlinson@securityautomationsystems.com,bjdunham@securityautomationsystems.com,13174899621,18777273679,ryan,tomlinson,indianapolis,in,46256,us
info@securityforcenow.com,,13177877763,,david,franzman,indianapolis,in,46239,us
,,13177830077,,,,indianapolis,in,46227,us
,,13175478000,,,,indianapolis,in,46278,us
,,13177590603,,,,indianapolis,in,46239,us
,,13175935575,,,,indianapolis,in,46205,us
u003einfo@technologyinteriors.com,info@technologyinteriors.com,13172841084,,,,indianapolis,in,46250,us
,,18886294486,,,,indianapolis,in,46268,us
,,13178501843,18443989724,kevin,scheibler,indianapolis,in,46202,us
,,13179671218,13176601360,,,indianapolis,in,46218,us
,,13174134450,,,,indianapolis,in,46278,us
,,13174264019,,mike,camphor,indianapolis,in,46218,us
,,18122827522,,,,jeff,in,47130,us
hawkeye@hawkeyesecurity.us,,18122843200,15022767874,matt,drexler,jeff,in,47130,us
max@systemmaxavl.com,,18122212233,,,,jeff,in,47130,us
,,18778457774,,millennium,sounds,noblesville,in,46060,us
josh@noble-av.com,,13179000911,,karl,krohn,noblesville,in,46062,us
,,17653364140,,,,pittsboro,in,46167,us
,,15743414444,,,,plymouth,in,46563,us
,,12606272416,,,,spencerville,in,46788,us
,,13178444030,,chad,gray,westfield,in,46074,us
,,13178961393,,,,westfield,in,46074,us
,,13173484854,,,,westfield,in,46074,us
design@indianaaudiovideo.com,,13172928802,13178362657,,,zionsville,in,46077,us
service@intelligentlivingindy.com,,18883900502,13179420502,dan,killinger,zionsville,in,46077,us
jrushing@triphase-tech.com,service@triphase-tech.com,13178450236,13176698429,eli,lilly,zionsville,in,46077,us
,,16205435908,,,,buhler,ks,67522,us
,,19133626940,,,,kansascity,ks,66106,us
support@networksolutionsks.com,,19134445457,18665144983,,,kansascity,ks,66103,us
,,19133039700,19133474396,,,kansascity,ks,66106,us
,,19137061468,,,,kansascity,ks,66106,us
info@avdoxa.com,sales@avdoxa.com,19133830243,18662753261,greg,davis,lenexa,ks,66214,us
,,19133620000,14028951800,executive,chairman,lenexa,ks,66214,us
,,18443143487,18169140263,,,lenexa,ks,66219,us
,,19138948480,,,,lenexa,ks,66214,us
info@modernpac.com,,19134898484,,brian,lunbeck,lenexa,ks,66215,us
,,19133020491,,brad,bartholomew,lenexa,ks,66215,us
,,19132281334,,,,lenexa,ks,66219,us
,,19135290029,,,,lenexa,ks,66215,us
,,19135297380,,,,lenexa,ks,66215,us
info@teagueictrl.com,,19135297381,19135297831,,,lenexa,ks,66215,us
info@audiorentkc.com,,19137307319,,,,mission,ks,66202,us
,,19132141212,,,,mission,ks,66202,us
web@ascendav.net,info@ascendav.net,19139722317,19132196915,,,olathe,ks,66062,us
,,19134925775,,,,olathe,ks,66061,us
hello@denizenhome.com,,19136633366,18334024936,,,olathe,ks,66062,us
,,19132197475,,,,olathe,ks,66062,us
rob@longwirekc.com,,19134404790,,rob,long,olathe,ks,66061,us
,,19138325632,,,,olathe,ks,66061,us
,,19135993666,16364251400,,,olathe,ks,66061,us
,,19139486000,,,,overlandpark,ks,66212,us
service@eliteautomate.com,info@eliteautomate.com,19137662188,,,,overlandpark,ks,66212,us
office@integrateit.tech,,19138047575,,moran,alon,overlandpark,ks,66223,us
web@kinkadehome.com,,19133959107,19132196915,,,overlandpark,ks,66214,us
todds@naturallywiredkc.com,marshay@naturallywiredkc.com,19133859926,19132155000,todd,sandler,overlandpark,ks,66085,us
info@realmediakc.com,,19137541901,19138948989,,,overlandpark,ks,66214,us
,,19136600750,19135996363,cameron,mcnie,overlandpark,ks,66212,us
,,18666917754,,,,overlandpark,ks,66213,us
,,19136421500,,,,overlandpark,ks,66212,us
sales@homediasolutions.com,,19137082284,,,,shawnee,ks,66218,us
,,19134996953,,,,shawnee,ks,66227,us
,,19134981183,,,,stilwell,ks,66085,us
,,13162397849,,,,wichita,ks,67212,us
,,13166361278,,,,wichita,ks,67206,us
,,13164257775,17854627501,,,wichita,ks,67209,us
,,13162022237,,,,wichita,ks,67206,us
,,13166346050,,,,wichita,ks,67205,us
,,13169469988,,,,wichita,ks,67213,us
,,13162472441,,,,wichita,ks,67203,us
,,13162657878,18003665320,,,wichita,ks,67207,us
,,18666430555,,eddie,parish,wichita,ks,67213,us
,,13165223401,,,,wichita,ks,67216,us
,,13167684100,,,,wichita,ks,67215,us
,,13166778260,,,,wichita,ks,67226,us
,,18006581676,,,,wichita,ks,67202,us
,,13166862090,,,,wichita,ks,67210,us
michael@hephnertv.com,,13162643284,13162633881,charlie,jansen,wichita,ks,67211,us
sales@homeaccessibilitysolutions.com,,13163616220,,,,wichita,ks,67203,us
office@icthomepros.com,,13166170034,15154990666,alvaro,ramirez,wichita,ks,67213,us
,,13166306800,,,,wichita,ks,67226,us
,,18882647050,,,,wichita,ks,67211,us
,,13169288828,,,,wichita,ks,67202,us
,,13166859235,,,,wichita,ks,67208,us
info@lockesupply.com,,13169422880,14056319701,wanda,locke,wichita,ks,67213,us
maximize@mmwichita.com,,13162471558,,,,wichita,ks,67230,us
,,13162658686,,herbert,mcclelland,wichita,ks,67214,us
,,13166865882,,,,wichita,ks,67213,us
chris@relevantaudiovisual.com,,13162521153,18009720553,chief,officer,wichita,ks,67212,us
info@seniorprotection.us,sales@seniorprotection.us,13162651700,13153073208,,,wichita,ks,67209,us
,,13167752129,,,,wichita,ks,67205,us
,,13162641177,,,,wichita,ks,67205,us
,,13162648414,,,,wichita,ks,67209,us
,,13168389100,,rolland,eakins,wichita,ks,67202,us
,,13169427266,18008350160,,,wichita,ks,67217,us
info@wichitahomeworks.com,,13163034485,,nathan,svoboda,wichita,ks,67211,us
cody@theplatinumaudio.com,,18598689989,,,,berea,ky,40403,us
contact@automatedlifestyles.com,,12709714065,18009442712,,,bowlinggreen,ky,42101,us
,,18592619024,,,,covington,ky,41014,us
,,18596553080,18003472902,mike,claypool,covington,ky,41011,us
,,15139380004,,,,erlanger,ky,41018,us
bob.melton@atotalsolutionllc.com,brandon.melton@atotalsolutionllc.com,15026944262,14733378901,bob,melton,fisherville,ky,40023,us
,,18593605480,,,,fortmitchell,ky,41017,us
,,15022259597,,,,goshen,ky,40026,us
,,12709284500,12074439121,,,grandrivers,ky,42045,us
,,15024997522,,,,jeffersontown,ky,40299,us
phil@superhomesystems.com,barry@superhomesystems.com,15022677045,15022677141,phil,deddens,jeffersontown,ky,40299,us
info@46solutions.com,,18597884600,,,,lexington,ky,40509,us
systems@alliedlex.com,,18592553058,18592317535,,,lexington,ky,40504,us
,,18592551975,,,,lexington,ky,40505,us
,,18592036066,,,,lexington,ky,40505,us
,,18599136222,,,,lexington,ky,40503,us
,,18592334599,18003228346,,,lexington,ky,40511,us
,,18592548954,,,,lexington,ky,40511,us
hello@btwebgroup.com,,18595233053,,brian,evans,lexington,ky,40517,us
hello@btmediaproductions.com,,18592172337,,,,lexington,ky,40517,us
info@barneymillers.com,support@barneymillers.com,18592522216,18593092195,grandpa,barney,lexington,ky,40507,us
info@bghe.com,,18592533454,,,,lexington,ky,40505,us
,,18592733124,,,,lexington,ky,40503,us
support@ciscom.com,,18592945465,15022534525,,,lexington,ky,40503,us
,,18593799530,,,,lexington,ky,40514,us
deby.prechtl@cobaltav.com,,18592999494,18002646021,,,lexington,ky,40509,us
,,18592930573,18164217350,,,lexington,ky,40509,us
,,18592310888,,,,lexington,ky,40505,us
,,18593536020,,,,lexington,ky,40502,us
mbenton@courage-media.com,,18597711152,15773333442,,,lexington,ky,40503,us
,,18593351011,,,,lexington,ky,40502,us
,,18598189250,,,,lexington,ky,40511,us
,,17134814662,,fred,spickler,lexington,ky,40509,us
bcodispoti@hammondcg.com,jkelsey@hammondcg.com,18592541878,,bill,giles,lexington,ky,40511,us
,,18598100830,,,,lexington,ky,40509,us
inforequest@integratedprotection.com,,18593096454,18882651211,,,lexington,ky,40511,us
info@iwanthd.tv,,18592533500,15022205447,,,lexington,ky,40509,us
,,18595239723,,,,lexington,ky,40509,us
info@jadeav.net,,18593214510,,,,lexington,ky,40508,us
sales@kinemetrix.com,,18593819937,18599403929,jim,peyton,lexington,ky,40510,us
,,18592316150,,,,lexington,ky,40511,us
,,18597215282,,,,lexington,ky,40505,us
,,18593096899,,,,lexington,ky,40505,us
,,18594146646,,,,lexington,ky,40503,us
,,18595526575,,,,lexington,ky,40502,us
ben.murphy@lovosystems.com,robert.scott@lovosystems.com,18592250113,,ben,murphy,lexington,ky,40509,us
,,18592559049,,,,lexington,ky,40507,us
,,18594218768,,,,lexington,ky,40502,us
,,18592310488,,,,lexington,ky,40510,us
,,18592450582,,,,lexington,ky,40509,us
,,18594000136,,,,lexington,ky,40507,us
,,18594021413,18437909207,,,lexington,ky,40503,us
josh@rockstarhs.com,,18599830836,,,,lexington,ky,40505,us
,,18592555285,,,,lexington,ky,40505,us
,,18594691015,,,,lexington,ky,40509,us
team@studio46media.com,,18599775846,,,,lexington,ky,40509,us
brock@tdohe.com,,18593351644,,brock,bailey,lexington,ky,40503,us
sales@theblindsman.net,,18592601551,,,,lexington,ky,40503,us
,,18594021413,,,,lexington,ky,40503,us
,,18592990068,,,,lexington,ky,40502,us
,,18592544051,,,,lexington,ky,40509,us
,,18592334233,,,,lexington,ky,40511,us
,,18593514506,,,,lexington,ky,40504,us
carson@videolablex.com,greg@videolablex.com,18592591200,18592334754,,,lexington,ky,40511,us
,,18592590466,,,,lexington,ky,40505,us
,,18592663776,,,,lexington,ky,40511,us
,,18599779767,,,,lexington,ky,40502,us
,,15023381452,,,,louisville,ky,40228,us
,,15026362402,14252519680,,,louisville,ky,40217,us
support@alarmgrid.com,,15025864743,18888187728,,,louisville,ky,40229,us
,,15024548938,,,,louisville,ky,40205,us
,,15027274335,,,,louisville,ky,40241,us
,,15024738837,,,,louisville,ky,40299,us
info@adsrecorders.com,,15022530134,,,,louisville,ky,40243,us
,,15025012867,,,,louisville,ky,40204,us
sales@automatedlivingllc.com,,15026431194,,,,louisville,ky,40203,us
,,15025686030,,,,louisville,ky,40203,us
,,15024544891,15024526705,,,louisville,ky,40205,us
,,15026374595,,,,louisville,ky,40209,us
,,15024994921,,,,louisville,ky,40299,us
info@centuryliving.com,,15022536922,16297023150,,,louisville,ky,40207,us
madisonheightssales@cochranesupply.com,redfordsales@cochranesupply.com,15022083640,18004824894,,,louisville,ky,40299,us
support@ced.bz,info@ced.bz,15023623247,,,,louisville,ky,40204,us
info@controltouch.com,,15024529397,15024529373,samantha,elwood,louisville,ky,40218,us
,,15022970029,,,,louisville,ky,40299,us
,,18559807328,,,,louisville,ky,40206,us
jepperson@decoav.com,service@decoav.com,15025871700,15025876176,,,louisville,ky,40204,us
,,15023648879,,,,louisville,ky,40272,us
,,15026341285,,,,louisville,ky,40223,us
,,15024526969,,,,louisville,ky,40218,us
,,15022420442,,,,louisville,ky,40222,us
,,15027494700,,,,louisville,ky,40241,us
,,15027494705,,,,louisville,ky,40241,us
,,18003545287,,,,louisville,ky,40223,us
knight@knightaudio.com,,15022665507,,,,louisville,ky,40118,us
office@laswellco.com,,15022316326,15023734538,,,louisville,ky,40219,us
,,15029649661,,,,louisville,ky,40218,us
,,15022817777,,,,louisville,ky,40223,us
,,15028821401,,,,louisville,ky,40299,us
info@mooreaps.com,,15024347758,,,,louisville,ky,40202,us
,,15025871848,,,,louisville,ky,40213,us
ethan@medleyandsons.com,,15026457947,,,,louisville,ky,40204,us
,,15028511111,,,,louisville,ky,40223,us
,,17659775219,,,,louisville,ky,40218,us
,,17866898899,,,,louisville,ky,40214,us
info@perfect-install.com,,15026101234,,,,louisville,ky,40223,us
,,15022676768,,,,louisville,ky,40299,us
,,15024895800,,,,louisville,ky,40223,us
sgrass@smartbuildingequipment.com,,,,,,louisville,ky,40299,us
,,15022539020,,,,louisville,ky,40218,us
,,15027494700,,,,louisville,ky,40241,us
,,15024937234,,,,louisville,ky,40243,us
,,15022667099,,,,louisville,ky,40299,us
,,15025897441,,,,louisville,ky,40202,us
,,15024544500,,,,louisville,ky,40218,us
,,15022406100,,,,louisville,ky,40299,us
,,15028121550,,,,louisville,ky,40219,us
,,15024584411,,,,louisville,ky,40204,us
,,15024128588,,,,louisville,ky,40222,us
info@videobred.com,,15025845787,,jamie,pence,louisville,ky,40204,us
,,15024101354,,,,louisville,ky,40299,us
,,15022087688,,,,louisville,ky,40213,us
dannydavis@provideoaudio.com,vdavis@provideoaudio.com,16063485770,16062780047,danny,davis,monticello,ky,42633,us
,,15022316686,,,,mtwashington,ky,40047,us
,,15132049022,,,,newport,ky,41071,us
,,18597506344,,,,newport,ky,41076,us
,,18883284242,,,,nicholasville,ky,40356,us
,,18592728199,,,,nicholasville,ky,40356,us
sales@prosoundky.com,,18598858318,18887576863,,,nicholasville,ky,40356,us
,,18592732873,,,,nicholasville,ky,40356,us
,,18592484403,,,,richmond,ky,40475,us
,,18593413520,15132331627,adam,perkins,southgate,ky,41071,us
,,18887748055,,,,vinegrove,ky,40175,us
sales@asi.us.com,,12252019996,12252019997,,,batonrouge,la,70816,us
solutions@avsolutions.com,,12253263832,14400028237,,,batonrouge,la,70816,us
info@avssla.com,,12254397920,,,,batonrouge,la,70816,us
,,12259299620,,,,batonrouge,la,70806,us
,,12259062589,18137253838,,,batonrouge,la,70810,us
,,12255292221,,,,batonrouge,la,70809,us
,,12252918749,,,,batonrouge,la,70816,us
,,12252925276,,,,batonrouge,la,70816,us
,,12259283334,,,,batonrouge,la,70809,us
,,12257520337,,,,batonrouge,la,70809,us
,,12252634863,,,,batonrouge,la,70806,us
,,12259263966,,,,batonrouge,la,70808,us
,,12253880073,,,,batonrouge,la,70802,us
,,12259273358,,,,batonrouge,la,70802,us
,,12252562334,,,,batonrouge,la,70809,us
,,12252915548,,,,batonrouge,la,70816,us
,,12257675030,12257674090,,,batonrouge,la,70810,us
,,12252527443,,,,batonrouge,la,70809,us
,,12259382228,,jeremy,rasti,batonrouge,la,70817,us
,,12259275535,,,,batonrouge,la,70815,us
,,12253431508,,,,batonrouge,la,70806,us
,,12257636010,18888986010,,,batonrouge,la,70808,us
experienceav@yahoo.com,,12259331939,,,,batonrouge,la,70809,us
support@facilityautomation.com,,12259231073,18002601601,ray,shepherd,batonrouge,la,70816,us
,,12256101621,,jeremy,pleasant,batonrouge,la,70809,us
,,12252619800,,,,batonrouge,la,70818,us
reception@gseintegrated.com,,12256158131,,,,batonrouge,la,70817,us
support@geninf.com,,12257677670,18883498766,,,batonrouge,la,70810,us
info@impactavbr.com,,12254126635,12252761141,derek,gilliam,batonrouge,la,70816,us
,,12257525655,,,,batonrouge,la,70809,us
,,12253030165,,,,batonrouge,la,70809,us
,,12256122112,,,,batonrouge,la,70802,us
,,12257562205,,,,batonrouge,la,70809,us
,,12253066038,,,,batonrouge,la,70815,us
,,12259285569,,,,batonrouge,la,70815,us
,,12253276861,,,,batonrouge,la,70802,us
,,12252924986,,,,batonrouge,la,70816,us
,,15042665681,,,,batonrouge,la,70810,us
,,12254169434,,,,batonrouge,la,70816,us
,,12253020179,,,,batonrouge,la,70816,us
,,12254058499,,,,batonrouge,la,70809,us
,,12252921303,,,,batonrouge,la,70816,us
,,12259230228,,,,batonrouge,la,70817,us
,,12252167887,,,,batonrouge,la,70809,us
sales@esentia.com,,12259249624,18003907090,,,batonrouge,la,70809,us
ryan@pro-fitsolutions.net,,12258921839,,,,batonrouge,la,70809,us
,,12252935432,13372347427,,,batonrouge,la,70816,us
,,12252360930,,,,batonrouge,la,70809,us
,,12253550396,,,,batonrouge,la,70816,us
,,18772751270,,,,batonrouge,la,70809,us
,,12253306713,,,,batonrouge,la,70816,us
,,12259275430,,,,batonrouge,la,70809,us
sales@tsgcom.com,service@tsgcom.com,12257519800,,,,batonrouge,la,70809,us
,,18335014858,,,,batonrouge,la,70815,us
info@geauxventure.com,,12255057849,12256122943,,,batonrouge,la,70810,us
,,12252960123,,,,batonrouge,la,70809,us
,,12253668087,,,,batonrouge,la,70802,us
,,15043944132,,,,bellechasse,la,70037,us
,,13183495265,,,,bossiercity,la,71112,us
advaudio@cox.net,,12256674855,,,,denhamsprings,la,70706,us
,,12259287867,12255353731,,,denhamsprings,la,70726,us
,,12252702539,,,,denhamsprings,la,70726,us
,,15047330383,18003152852,,,elmwood,la,70123,us
,,12254614877,,,,gonzales,la,70737,us
,,12252351528,,,,gonzales,la,70737,us
,,15045920672,,,,gretna,la,70053,us
james@hitechsmarthomes.com,tony@hitechsmarthomes.com,15049948328,15043902468,,,gretna,la,70053,us
richie@noav.com,u003erichie@noav.com,15047333524,,,,harahan,la,70123,us
,,15043098030,,,,harahan,la,70123,us
,,15047333300,13104140048,,,harahan,la,70123,us
,,18666652533,,,,harvey,la,70058,us
,,15043134565,15048304581,,,jefferson,la,70121,us
,,15043557655,,,,jefferson,la,70121,us
,,15047808622,,,,kenner,la,70062,us
,,15046692368,,,,kenner,la,70065,us
,,13379849126,,,,lafayette,la,70508,us
,,13375144300,,,,lafayette,la,70508,us
,,19855075898,,,,laplace,la,70068,us
,,19854026028,,,,madisonville,la,70447,us
,,19852310623,,chuck,breaux,mandeville,la,70471,us
,,15048589253,,,,metairie,la,70002,us
alteraudio@aol.com,,15048345400,,,,metairie,la,70002,us
,,15048336984,,,,metairie,la,70001,us
,,15044461135,,,,metairie,la,70002,us
,,15048357677,,,,metairie,la,70003,us
,,15048844434,,,,neworleans,la,70126,us
,,15044860094,,,,neworleans,la,70119,us
j.doe@armstrongssupply.com,info@armstrongssupply.com,15044860034,15044862562,,,neworleans,la,70119,us
,,15045699070,,,,neworleans,la,70113,us
,,15045229485,15045524311,drew,bevolo,neworleans,la,70130,us
info@brunoav.com,,15044309182,15049486145,,,neworleans,la,70122,us
sales@corplighting.com,,15048373947,15048373948,,,neworleans,la,70123,us
projects@dynamicaudiovideo.com,accounting@dynamicaudiovideo.com,15042368742,15043043434,jamie,gannon,neworleans,la,70123,us
,,15045249067,,,,neworleans,la,70130,us
info@homeresolutionllc.com,,15043580770,12253687112,benjamin,riley,neworleans,la,70130,us
,,15049824309,,,,neworleans,la,70119,us
info@miraclemachines.com,,15043295693,,,,neworleans,la,70124,us
,,15049002522,,,,neworleans,la,70116,us
,,15045255600,,,,neworleans,la,70125,us
,,15043241110,,,,neworleans,la,70127,us
info@teclynx.com,,15045186825,18898006802,adam,delaua,neworleans,la,70122,us
info@the-installation-experts.com,,19852554400,19856413757,,,neworleans,la,70128,us
,,15047312922,,,,neworleans,la,70123,us
,,18335434448,,,,neworleans,la,70130,us
,,12253433393,,,,portallen,la,70767,us
,,15043939607,12257693040,,,prairieville,la,70769,us
,,15043582854,,,,slidell,la,70460,us
,,15042059376,,,,terrytown,la,70056,us
cody@connectedsolutionsla.com,,13374122703,,cody,taylor,youngsville,la,70592,us
jeames@comcast.net,,15083647648,,jonathan,eames,barnstable,ma,02630,us
info@extremeaudiocapecod.com,,15087788963,,,,barnstable,ma,02601,us
,,15087714434,,,,barnstable,ma,02601,us
,,15086832500,,,,barnstable,ma,02601,us
info@xbuildingautomation.com,,17749942413,17742043006,,,barnstable,ma,02601,us
,,19789967732,,,,belmont,ma,02478,us
info@techswhoconnect.com,,19789690496,,jonathan,davis,beverly,ma,01915,us
,,18884143806,,,,billerica,ma,01862,us
,,15082163747,,,,boston,ma,02199,us
,,16174889529,,,,boston,ma,02122,us
,,18573943387,,,,boston,ma,02129,us
,,18572125660,,,,boston,ma,02119,us
,,16172870536,,,,boston,ma,02125,us
,,16178889913,,,,boston,ma,02135,us
,,19782188878,,,,boston,ma,02199,us
,,16179331732,,,,boston,ma,02116,us
,,16175863538,,,,boston,ma,02134,us
,,18573650969,,,,boston,ma,02128,us
office@elitesecurityandaccess.com,,16177651303,,john,smith,boston,ma,02116,us
,,16173796738,,,,boston,ma,02127,us
,,18883549333,,,,boston,ma,02116,us
,,17817467110,17817674022,bob,doolin,boston,ma,02127,us
,,16173041310,,,,boston,ma,02111,us
,,16178809205,,,,boston,ma,02119,us
info@newenglandaudiorental.com,,16173471818,16172128106,,,boston,ma,02118,us
,,15085079477,,,,boston,ma,02119,us
,,16173806842,,,,boston,ma,02127,us
gianna.pasquale@soundandvisionmedia.com,info@soundandvisionmedia.com,16175835099,17812849707,noelle,spinosa,boston,ma,02109,us
,,16178205115,,,,boston,ma,02116,us
,,16174095577,,,,boston,ma,02210,us
,,16179327575,18444624625,robert,farina,boston,ma,02110,us
smart@tsp.space,,16172673030,15010640391,michael,oh,boston,ma,02118,us
,,16177782740,,,,boston,ma,02118,us
,,16173037500,,,,boston,ma,02116,us
support@simplehome.net,,17745120385,16179654600,brad,smith,boston,ma,02210,us
,,15082381930,17742559292,,,bourne,ma,02559,us
,,18005648273,,,,bourne,ma,02559,us
,,15083757707,,,,bourne,ma,02532,us
info@rsavs.com,,17743029812,,,,bourne,ma,02534,us
michael@soundwavescorp.com,,15088021014,,,,bourne,ma,02532,us
info@toadbuilds.com,,18663168623,,bill,clinton,bourne,ma,02559,us
,,15082433759,15082698895,sean,dailey,bridgewater,ma,02324,us
,,16174876200,,,,brookline,ma,02446,us
,,16175472727,,,,cambridge,ma,02139,us
,,16176816700,16176816900,,,charlestown,ma,02129,us
,,19786925111,,,,chelmsford,ma,01824,us
,,17814330888,,,,dedham,ma,02026,us
sales@mobileelectronicsstudio.com,orders@mobileelectronicsstudio.com,15087604564,15087601199,,,dennis,ma,02660,us
,,18337629663,,,,dennis,ma,02660,us
thomas@vineyardhome.com,,15083887857,,,,falmouth,ma,02540,us
hello@khandesign.net,,18572144386,,mohammed,khan,framingham,ma,01702,us
,,19786534018,12036870702,,,hamilton,ma,01982,us
,,17819243018,16178759606,,,hanover,ma,02339,us
aiello@runsol.com,dthompson@runsol.com,17819255334,,gianluca,aiello,hanover,ma,02339,us
,,19522927003,,,,harwich,ma,02646,us
,,18883685049,,awele,nwaeze,holliston,ma,01746,us
,,15084500490,,,,leicester,ma,01524,us
,,17816322201,,,,lynnfield,ma,01940,us
info@bostonavservices.com,,16175488392,17818063060,fritz,bosch,medford,ma,02155,us
,,16173253131,,,,medford,ma,02155,us
info@bostonsecurityintegration.com,,16179331732,,,,methuen,ma,01844,us
scott@avrental.net,,15086686858,,,,millis,ma,02054,us
,,15086801682,,,,nantucket,ma,02554,us
,,15082807285,,,,nantucket,ma,02554,us
solutions@jobesystems.com,,18779063560,,jason,jobe,nantucket,ma,02554,us
josh@morashmedia.com,joshuamorash@yahoo.com,17745630057,,,,nantucket,ma,02554,us
chris@housefitters.com,natalie@housefitters.com,15082282815,15082282816,,,nantucket,ma,02554,us
michael@nantucketmediasystems.com,alison@nantucketmediasystems.com,15082410862,15083255472,michael,alpert,nantucket,ma,02554,us
,,15089019503,,,,nantucket,ma,02554,us
,,15083324419,,,,nantucket,ma,02554,us
info@mcmahonmedia.com,,15086513754,,,,natick,ma,01760,us
frank@ablecontrol.com,john@ablecontrol.com,17818822253,17813840113,frank,odell,needham,ma,02494,us
,,17814740500,,,,needham,ma,02494,us
chris@cmcsystems.net,,16173224485,,chris,chaloff,needham,ma,02492,us
,,16173918919,,angel,centeno,needham,ma,02494,us
u003egeneral@huntingtonhomesystems.com,anthony@huntingtonhomesystems.com,16172446800,,,,newton,ma,02459,us
hello@heritagesmart.com,,15085706746,,rob,garvey,norfolk,ma,02056,us
rick@todayssmarthome.com,,19785800195,,,,northandover,ma,01845,us
,,16177341800,15086998819,,,northattleborough,ma,02763,us
hello@bostonautomations.com,,17813338003,17816509775,adam,zell,northeaston,ma,02356,us
info@edgeautomationsolutions.com,service@edgeautomationsolutions.com,19784033343,15106495710,nick,agganis,northreading,ma,01864,us
,,16173355582,,,,norwood,ma,02062,us
,,15088962132,,,,orleans,ma,02653,us
,,17747229728,,,,orleans,ma,02653,us
,,16176574848,,,,quincy,ma,02171,us
,,17817671331,,,,randolph,ma,02368,us
,,16179230055,,,,randolph,ma,02368,us
,,15083863927,,,,raynham,ma,02767,us
,,15088880988,,,,sandwich,ma,02563,us
,,15087765140,,,,sandwich,ma,02563,us
info@mulhollandaudiovideo.com,,15083366464,,frank,mattos,seekonk,ma,02771,us
,,17815183920,,,,somerville,ma,02143,us
,,16172242646,,,,southboston,ma,02127,us
,,17813260275,,,,stoughton,ma,02072,us
,,15083314190,,,,sudbury,ma,01776,us
info@fittsbest.com,,15086932378,17744734425,,,tisbury,ma,02568,us
,,15086965891,,,,tisbury,ma,02568,us
,,15086932773,,,,tisbury,ma,02568,us
,,15086933178,,,,tisbury,ma,02568,us
,,15086939590,,,,tisbury,ma,02568,us
,,15086848636,15086848639,,,tisbury,ma,02568,us
,,15083883008,,,,tisbury,ma,02568,us
john.umina@ihomesys.com,info@ihomesys.com,19783694937,,,,watertown,ma,02472,us
,,16033877691,,,,wellesley,ma,02482,us
,,17812372929,,brian,gibson,wellesley,ma,02481,us
info@building-automation.com,,17813373040,17813379289,,,weymouth,ma,02189,us
info@aztecsound.com,,16177598832,16177598823,rob,pride,wilmington,ma,01887,us
,,19782562001,,,,woburn,ma,01801,us
,,16172971552,,,,woburn,ma,01801,us
info@kreativeav.com,,16172137579,,,,woburn,ma,01801,us
,,17814318708,,,,woburn,ma,01801,us
,,17819395630,17818210087,,,woburn,ma,01801,us
info@avintegrators.co,,15084688822,,,,worcester,ma,01608,us
,,15083986316,,,,yarmouth,ma,02673,us
,,15083641919,,,,yarmouth,ma,02675,us
,,13018527748,,,,annapolis,md,21403,us
,,14435756592,,,,annapolis,md,21401,us
sale@atlcontrol.com,sales@atlcontrol.com,14102663588,,,,annapolis,md,21401,us
,,17035508786,,,,annapolis,md,21401,us
,,14106262728,,,,annapolis,md,21401,us
,,14108739214,,,,annapolis,md,21401,us
,,14109194895,17037711676,,,annapolis,md,21403,us
,,14438222627,,,,annapolis,md,21401,us
,,14102803000,18132179171,paula,sedghi,annapolis,md,21403,us
,,14435150559,,,,annapolis,md,21401,us
,,14104984353,,,,annapolis,md,21401,us
,,13015054222,,,,annapolis,md,21403,us
sales@pha.systems,,14109569676,18004321429,,,annapolis,md,21401,us
,,16672255536,,,,annapolis,md,21401,us
,,14102809622,,,,annapolis,md,21401,us
,,14109724526,,,,annapolis,md,21401,us
,,14432147785,,,,annapolis,md,21401,us
,,14108818892,,,,annapolis,md,21401,us
info@timberlakehomes.com,,14434206166,,jason,minzer,annapolis,md,21401,us
,,18885365755,,,,annapolis,md,21401,us
,,14104891978,,,,annapolis,md,21401,us
,,18002054909,13013170001,,,annapolisjunction,md,20701,us
,,14433644976,15716014040,,,annapolisjunction,md,20701,us
,,14438529761,,,,arnold,md,21012,us
,,14103302399,,,,arnold,md,21012,us
eb@eblights.com,u003eeb@eblights.com,14102767617,,,,baltimore,md,21202,us
,,14435256340,,,,baltimore,md,21207,us
,,14102473636,,,,baltimore,md,21227,us
,,14107120239,,,,baltimore,md,21230,us
info@soundscapemd.com,,14108891134,,,,baltimore,md,21210,us
jasonj@outlook.com,info@myprojectiot.com,18777351231,,,,belair,md,21014,us
,,13019310200,,,,beltsville,md,20705,us
,,13019319001,,,,beltsville,md,20705,us
,,17038646036,,,,bethesda,md,20814,us
,,13016562548,,,,bethesda,md,20814,us
connect@district-av.com,,12404659636,,chirag,patel,bethesda,md,20814,us
,,12026527075,,,,bethesda,md,20817,us
greg@eisemann-theater.com,,13013676758,12403818944,,,bethesda,md,20814,us
,,13019869680,,,,bethesda,md,20814,us
,,13016567020,,,,bethesda,md,20814,us
,,14105629103,,,,bethesda,md,20814,us
cjbowden@outdoorillumination.com,mattt@outdoorillumination.com,13019074999,18883364999,,,bethesda,md,20814,us
,,13017994646,,,,bethesda,md,20816,us
,,13016700044,17862933272,,,bethesda,md,20814,us
info@american-automation.com,support@american-automation.com,13013522400,18003946454,,,bowie,md,20715,us
,,12403508735,,,,bowie,md,20716,us
,,14106354074,,,,catonsville,md,21228,us
,,12027026700,,,,clinton,md,20735,us
,,14102909028,,,,columbia,md,21045,us
,,13017504322,,,,columbia,md,21045,us
recruiting@scdit.com,it_sales@scdit.com,14102901591,18557103723,,,columbia,md,21046,us
,,13013407200,,eddie,shapiro,columbia,md,21045,us
info@systemautomation.com,,18008394729,,charles,rubin,columbia,md,21046,us
,,16103426156,18472966767,,,conshohocken,md,19428,us
,,13018580820,,,,crofton,md,21114,us
,,18008058774,,,,crofton,md,21114,us
,,14108207760,,,,easton,md,21601,us
,,14106731759,,,,easton,md,21601,us
info@shorehomesolutions.com,,14108782448,13013990004,,,easton,md,21601,us
,,13013772696,,,,edgewater,md,21037,us
info@bestintegratedsystems.com,,18884456445,,,,elkridge,md,21075,us
,,14437570480,,,,elkridge,md,21075,us
,,13016434549,,,,ellicottcity,md,21043,us
info@eheservices.com,,14108092422,,,,foresthill,md,21050,us
info@uesav.com,,13012198561,13018828948,chris,hubbard,fortwashington,md,20744,us
,,18006684988,,,,frederick,md,21704,us
,,18884050475,,,,gaithersburg,md,20879,us
hr@gramophone.com,,13012966202,14103081650,,,gaithersburg,md,20877,us
,,13013637347,,,,gaithersburg,md,20877,us
,,12022409117,18885031768,,,gaithersburg,md,20879,us
rickbaron@solutionsbyswat.com,rick@solutionsbyswat.com,18009557928,12408884653,rick,baron,gaithersburg,md,20878,us
u003einfo@smartautomationsolutions.com,info@smartautomationsolutions.com,12402427272,,gary,flax,gaithersburg,md,20877,us
,,12403835558,,,,germantown,md,20876,us
,,12405948680,,,,glenndale,md,20769,us
info@huntaudiovideo.com,,13017334962,,,,hagerstown,md,21742,us
,,18009894031,,,,hyattsville,md,20781,us
,,18885954700,,,,kensington,md,20895,us
rental@total-av.com,techsupport@total-av.com,13015893337,,,,kensington,md,20895,us
,,14436290817,,,,kingsville,md,21087,us
,,13013923960,,,,laplata,md,20646,us
,,12026157235,,,,lanham,md,20706,us
request@smarthostdesign.com,,18669508380,13019390198,femi,dada,lanham,md,20706,us
,,15714454687,,,,lansdowne,md,20176,us
info@metrotechnical.com,,13014702142,13014904749,,,laurel,md,20707,us
,,13013953151,,,,laurel,md,20724,us
,,14108824360,,,,middleriver,md,21220,us
,,18045712021,,,,northbethesda,md,20852,us
,,14102193095,,,,oceancity,md,21842,us
paulsadaka@msn.com,,14436231682,,paul,sadaka,odenton,md,21113,us
,,14103607703,14103603590,tom,albrecht,pasadena,md,21122,us
,,14102559566,,,,pasadena,md,21122,us
,,14432508919,,,,pasadena,md,21122,us
,,18889478476,18889178726,,,pikesville,md,21208,us
leo@electroniccinemaservice.com,sales@electroniccinemaservice.com,13013495225,13013495202,,,poolesville,md,20837,us
,,13014245573,,,,potomac,md,20854,us
,,13014950964,,,,rockville,md,20852,us
matt@chasesystems.com,andrea@chasesystems.com,13019797179,,,,rockville,md,20852,us
gsnyder@htarchitects.com,,13015600454,,,,rockville,md,20852,us
,,13019797901,,,,rockville,md,20850,us
,,14435783629,14433962555,christopher,haas,severnapark,md,21108,us
appt@hitechupgrades.com,,14104873963,,,,severnapark,md,21146,us
,,13012325553,,,,silverspring,md,20902,us
,,12402004224,,,,silverspring,md,20901,us
,,12404909499,,,,silverspring,md,20906,us
,,14107455192,,,,stmichaels,md,21663,us
u003einfo@strategichomemedia.com,steve@strategichomemedia.com,14106433335,18666433336,steve,adams,stevensville,md,21666,us
,,13019200218,,,,takomapark,md,20912,us
,,16107198500,,,,westchester,md,19382,us
,,13019426800,,,,wheatonglenmont,md,20902,us
,,18888696370,,,,arundel,me,04046,us
techdispatch@connectivitypoint.com,,18667820200,,torben,bernfeld,auburn,me,04210,us
,,12072848935,,,,biddeford,me,04005,us
,,12076668966,,,,bowdoinham,me,04008,us
rthurston@atlanticav.com,ngthurston@atlanticav.com,12073731147,12072068880,ryan,thurston,brunswick,me,04011,us
info@wooferave.com,,12078299245,12078294562,dan,king,cumberland,me,04021,us
ddutra@videoengineering.com,,12074395212,14134875123,,,eliot,me,03903,us
,,16034364850,,,,eliot,me,03903,us
,,12072380329,,,,fairfield,me,04937,us
info@mcguirecontrols.com,,12077973323,12077972445,ken,mcguire,falmouth,me,04105,us
,,12072005972,,,,freeport,me,04032,us
,,12077274666,,,,gorham,me,04038,us
,,12079858356,,,,kennebunk,me,04043,us
jess@theapplianceadvantage.com,bentedesco@theapplianceadvantage.com,12076412722,16034300001,,,kennebunk,me,04043,us
,,12076412722,,,,kennebunk,me,04043,us
,,12079853392,12079853241,,,kennebunk,me,04043,us
,,12075697070,,,,kennebunk,me,04043,us
,,12075027021,,,,kennebunk,me,04043,us
,,12078880552,,,,kennebunk,me,04043,us
,,12079859770,,,,kennebunk,me,04043,us
,,12079855105,,,,kennebunk,me,04043,us
,,12077107099,,,,kennebunkport,me,04046,us
,,12072840300,,,,kennebunkport,me,04046,us
,,12079672100,,,,kennebunkport,me,04046,us
jeff@ktronicsmaine.com,rebecca@ktronicsmaine.com,12076963200,,,,madison,me,04950,us
info@360mediaventures.com,,,,rufus,frost,portland,me,04101,us
,,12078998324,,,,portland,me,04103,us
,,12077721088,,,,portland,me,04102,us
info@thebellelectric.com,,18573500950,,master,electrician,portland,me,04103,us
,,12077729561,,,,portland,me,04103,us
,,12072213331,12075172578,ian,cambell,portland,me,04103,us
,,12075365888,16034334393,awele,nwaeze,portland,me,04102,us
,,12073332206,,,,portland,me,04102,us
,,12077977568,,,,portland,me,04101,us
,,12077617788,,,,portland,me,04102,us
boxoffice@goodtheater.com,,12078350895,,,,portland,me,04103,us
,,12074095428,,,,portland,me,04103,us
,,12074151374,,,,portland,me,04101,us
mlawson@headlightav.com,,12077745998,,bob,bruns,portland,me,04103,us
,,12078544737,,,,portland,me,04103,us
,,12077732424,,,,portland,me,04102,us
clebel@iasinc.com,mholmes@iasinc.com,12077972345,18007362345,,,portland,me,04103,us
,,12077735604,,,,portland,me,04102,us
,,12074152396,,,,portland,me,04103,us
,,15039271996,,,,portland,me,04103,us
,,12075984701,,,,portland,me,04103,us
neil@portcityvideo.com,,12077562626,,,,portland,me,04101,us
,,12075361521,,,,portland,me,04101,us
,,12077740465,,,,portland,me,04101,us
hello@sonardigital.co,info@sonardigital.co,12077475536,,,,portland,me,04101,us
,,12077125292,,,,portland,me,04103,us
,,12079566000,,,,portland,me,04101,us
,,17501457631,,,,portland,me,04101,us
,,12072007020,,,,portland,me,04101,us
,,12077721222,,reva,tankle,portland,me,04101,us
,,12073707680,,,,portland,me,04103,us
contact@takeflyte.com,,12078717921,,,,portland,me,04101,us
,,12073314544,,,,portland,me,04101,us
,,15735692448,,,,raymond,me,04071,us
,,12072308388,,,,rockport,me,04856,us
,,12072841100,,,,saco,me,04072,us
,,12076990115,,,,scarborough,me,04074,us
security.service@bcmcontrols.com,energy@bcmcontrols.com,12078836364,17819338878,,,scarborough,me,04074,us
,,12078834110,,,,scarborough,me,04074,us
,,12076536027,,,,scarborough,me,04074,us
,,18886127988,,john,deo,scarborough,me,04074,us
info@tuckerandtucker.com,,12078850059,,stephen,tucker,scarborough,me,04074,us
,,12078744739,18003350235,,,southportland,me,04106,us
,,12073705546,,,,southportland,me,04106,us
portland@entertainmentcinemas.com,,12078193456,,,,southportland,me,04106,us
,,12072326393,,,,southportland,me,04106,us
,,12078284600,,,,southportland,me,04106,us
,,18003703473,,,,southportland,me,04106,us
bgabloff@portlandmediagrp.com,sleketa@portlandmediagrp.com,12077710100,12077744561,,,southportland,me,04106,us
,,12077403345,,,,turner,me,04282,us
,,12079560617,,,,waterboro,me,04030,us
,,12072169738,,,,wells,me,04090,us
,,12075062232,,,,wells,me,04090,us
,,12076418600,,,,wells,me,04090,us
,,12073181022,,,,westbrook,me,04092,us
,,12077200702,,zeb,beal,wiscasset,me,04578,us
,,12072527160,,,,yarmouth,me,04096,us
,,12073611000,,,,york,me,03902,us
,,17342458170,,,,annarbor,mi,48108,us
,,15869605776,,,,annarbor,mi,48108,us
,,17344497302,,,,annarbor,mi,48104,us
service@altechmechanical.com,,17346696100,17344249529,,,annarbor,mi,48103,us
,,17346626000,,,,annarbor,mi,48103,us
ams_inc@comcast.net,,17346626295,,,,annarbor,mi,48103,us
,,17349946088,,,,annarbor,mi,48108,us
,,17346699500,,,,annarbor,mi,48103,us
,,17343408364,,,,annarbor,mi,48108,us
,,17342532145,,,,annarbor,mi,48103,us
info@designesinc.com,,17343402059,,,,annarbor,mi,48108,us
,,12482917815,,,,annarbor,mi,48104,us
,,17347942460,,,,annarbor,mi,48108,us
,,17347615836,,,,annarbor,mi,48108,us
,,17342101720,,,,annarbor,mi,48103,us
,,17349264630,18777400543,mike,blue,annarbor,mi,48108,us
info@ivccommunications.com,,17346228161,18016408001,,,annarbor,mi,48104,us
,,17342037667,,,,annarbor,mi,48103,us
,,17342749106,,,,annarbor,mi,48104,us
aj@cts-companies.com,info@cts-companies.com,17347618850,12483345800,,,annarbor,mi,48108,us
,,17346472583,17347644599,,,annarbor,mi,48104,us
,,17349291170,,,,annarbor,mi,48104,us
info@muse.audio,,17345455775,,,,annarbor,mi,48103,us
trevorc@nulimitcontractors.com,,17348269551,,,,annarbor,mi,48103,us
,,17346621812,,keith,moorman,annarbor,mi,48103,us
info@paragonsns.com,,17346623595,,,,annarbor,mi,48103,us
,,17343693408,,,,annarbor,mi,48103,us
,,18778754376,,,,annarbor,mi,48108,us
tvoiles@rosemarksystem.com,nreynolds@rosemarksystem.com,17346623537,17344362631,tom,voiles,annarbor,mi,48105,us
,,17346197731,,,,annarbor,mi,48104,us
,,17346620667,,,,annarbor,mi,48105,us
,,17346638704,18558289792,,,annarbor,mi,48103,us
sales@thalner.com,,17347614506,18006867235,,,annarbor,mi,48103,us
david@thsaudio.com,,17349294962,,,,annarbor,mi,48105,us
,,12053411230,,,,annarbor,mi,48108,us
info@wolverinelowvoltage.com,,13138995420,,,,annarbor,mi,48108,us
,,12482215933,,,,auburnhills,mi,48326,us
,,12486236114,,,,auburnhills,mi,48326,us
,,12483994640,,,,berkley,mi,48072,us
info@themoderntheater.org,,12484830777,,,,birmingham,mi,48009,us
,,12486429777,,,,bloomfieldhills,mi,48302,us
,,16165414114,,,,caledonia,mi,49316,us
,,18888859910,,,,casco,mi,48064,us
info@digitalinteriorshd.com,,12489219598,12482508980,,,clawson,mi,48017,us
info@audioimagingspecialists.com,service@audioimagingspecialists.com,15867928260,18103430770,ken,angst,clintontownship,mi,48035,us
,,18003690374,,,,commercetownship,mi,48390,us
,,16164478774,,,,comstockpark,mi,49321,us
,,17342030000,18333238238,,,dearbornheights,mi,48125,us
,,13135025295,,michael,kinnie,detroit,mi,48201,us
info@aurora-field-design.space,,13133073933,,,,detroit,mi,48201,us
,,13139709234,,,,detroit,mi,48214,us
,,18107201555,13134441042,,,detroit,mi,48243,us
,,18555608080,,,,detroit,mi,48243,us
,,13137891010,,,,detroit,mi,48202,us
,,13134740937,,,,detroit,mi,48202,us
,,13132377464,,,,detroit,mi,48226,us
,,13138943000,,,,detroit,mi,48210,us
,,13132416286,,,,detroit,mi,48226,us
info@elevateproductiongroup.com,,18003888496,16167376419,eric,jacques,detroit,mi,48226,us
,,13134717000,13134717929,,,detroit,mi,48201,us
,,18004724643,,,,detroit,mi,48226,us
,,12489185900,,,,detroit,mi,48202,us
,,13139215300,15199666163,,,detroit,mi,48213,us
,,13133410416,,,,detroit,mi,48221,us
,,13139746121,,,,detroit,mi,48226,us
,,13133094700,13133094614,,,detroit,mi,48201,us
,,13137041174,,,,detroit,mi,48226,us
,,15199743330,15199748886,,,detroit,mi,48202,us
wkasperski@wescommtech.com,info@wescommtech.com,13134829441,18887937266,wesley,kasperski,detroit,mi,48243,us
customersupport@ambiencehometech.com,,16166446250,,,,douglas,mi,49406,us
,,12487875289,,,,farmingtonhills,mi,48335,us
info@paulsonsav.com,,12485534100,,,,farmingtonhills,mi,48331,us
support@fusetg.com,sales@fusetg.com,12485090491,12485450800,,,ferndale,mi,48220,us
,,18006095790,,,,ferndale,mi,48220,us
,,16167775225,,,,foresthills,mi,49301,us
office@thesoundvision.com,,12488048011,,jonathon,anderson,franklin,mi,48025,us
office@eisenav.com,,16165661143,,,,grandhaven,mi,49417,us
,,16162889124,,,,grandrapids,mi,49548,us
,,16165385520,16165387055,,,grandrapids,mi,49504,us
info@avigroup.biz,,16169421000,,phil,littell,grandrapids,mi,49525,us
,,16163698366,,,,grandrapids,mi,49508,us
,,16169567799,,,,grandrapids,mi,49546,us
,,16169881188,,,,grandrapids,mi,49512,us
miker@createdcontrol.com,,16163562660,,,,grandrapids,mi,49505,us
,,16164590281,,,,grandrapids,mi,49504,us
,,16162432752,,,,grandrapids,mi,49508,us
,,16166827013,,,,grandrapids,mi,49503,us
,,16169494931,,,,grandrapids,mi,49512,us
,,16162299840,,,,grandrapids,mi,49525,us
,,16164510724,12489198265,,,grandrapids,mi,49503,us
sales@glasupply.com,,18003218434,12699783838,allie,lutz,grandrapids,mi,49548,us
,,16164535451,,harold,steele,grandrapids,mi,49544,us
,,16162014010,,,,grandrapids,mi,49534,us
,,16168281010,,,,grandrapids,mi,49546,us
service@kgroupcompanies.com,,18882356860,,chris,kuncaitis,grandrapids,mi,49504,us
kvo@kvoav.com,,16166770100,,karl,oostenbrugge,grandrapids,mi,49534,us
ben@thelightbulbco.com,eric@thelightbulbco.com,16165341251,16165381379,,,grandrapids,mi,49548,us
sales@lindenlighting.net,,16162431713,16162435560,,,grandrapids,mi,49548,us
,,18445728547,,rich,bacans,grandrapids,mi,49546,us
,,16163040699,,,,grandrapids,mi,49512,us
,,16162599193,,,,grandrapids,mi,49504,us
,,16169806806,,,,grandrapids,mi,49504,us
,,16165522578,,,,grandrapids,mi,49506,us
,,16163612664,,,,grandrapids,mi,49525,us
,,16167736300,,,,grandrapids,mi,49509,us
sales@shaltzautomation.com,,16168851203,18107321970,,,grandrapids,mi,49548,us
,,18885951115,,,,grandrapids,mi,49503,us
mitchd@tuffautomation.com,sales@tuffautomation.com,16167353939,,,,grandrapids,mi,49534,us
,,16162796046,,,,grandrapids,mi,49503,us
,,16164512298,,,,grandrapids,mi,49503,us
,,16162247036,,,,grandville,mi,49418,us
,,16162957814,,,,grandville,mi,49418,us
,,16162190138,,,,grandville,mi,49418,us
,,12313476759,18773476759,,,harborsprings,mi,49740,us
drockwell@grandhome.com,bsimcox@grandhome.com,16168962010,16168962003,dean,rockwell,hudsonville,mi,49426,us
info@istmi.com,,18887747627,18052422450,pete,buzby,jackson,mi,49202,us
,,18667984446,,,,jenison,mi,49428,us
,,12693246072,,awele,nwaeze,kalamazoo,mi,49009,us
,,16163122289,,,,kentwood,mi,49508,us
,,16163338205,,,,kentwood,mi,49512,us
,,17345221266,,,,livonia,mi,48150,us
info@intunerentals.com,,12487350000,,,,livonia,mi,48150,us
,,18002520368,,,,livonia,mi,48154,us
info@newagehometheaters.com,,15867398846,,,,macomb,mi,48042,us
,,12486770850,,,,madisonheights,mi,48071,us
,,12485429090,,,,madisonheights,mi,48071,us
,,18773374324,,,,madisonheights,mi,48071,us
sales@ossdetroit.com,,12485854677,,,,madisonheights,mi,48071,us
,,12485458422,,,,madisonheights,mi,48071,us
,,15173815171,15173815179,john,gilluly,mason,mi,48854,us
,,12316832127,,,,muskegon,mi,49445,us
,,12487887500,14044101250,,,oakpark,mi,48237,us
,,17348920886,,,,plymouth,mi,48170,us
,,17342596142,,,,plymouth,mi,48170,us
,,12693504471,,,,portage,mi,49002,us
,,13132554100,13132554103,brian,bachert,redfordtownship,mi,48239,us
,,12489876174,,,,redfordtownship,mi,48240,us
mark@syntronicav.com,matt@syntronicav.com,18108750653,,,,rochester,mi,48309,us
service@markelectronics.net,,12489239000,,mark,meehan,rochesterhills,mi,48309,us
info@getalmashifi.com,sales@getalmashifi.com,12485498090,12485498030,,,royaloak,mi,48073,us
,,12484141000,,,,royaloak,mi,48067,us
,,12482898500,,,,royaloak,mi,48073,us
,,19892740407,,charles,krause,saginaw,mi,48603,us
,,12488532170,,,,shelbytownship,mi,48315,us
,,12483797313,15869915251,,,shelbytownship,mi,48315,us
,,12484863720,,,,southlyon,mi,48178,us
,,18007829688,,,,southfield,mi,48033,us
,,12484405996,,,,southfield,mi,48076,us
,,15864838034,,,,sterlingheights,mi,48312,us
billy@michiganhomeimprovements.com,,17349470400,17342030000,,,taylor,mi,48180,us
,,18884761776,,,,taylor,mi,48180,us
,,12488400999,,,,troy,mi,48083,us
service@intellitech-systems.com,info@intellitech-systems.com,15862193737,,,,troy,mi,48083,us
info@spireintegrated.com,support@spireintegrated.com,12485440072,12319446229,,,troy,mi,48084,us
,,12488418500,,,,troy,mi,48083,us
,,16168886292,,,,walker,mi,49544,us
,,16164536570,,,,walker,mi,49534,us
,,17348376050,,,,westland,mi,48185,us
doug@harberthomesystems.com,,18774478958,,,,williamston,mi,48895,us
info@omnicabling.com,,12485330805,,,,wixom,mi,48393,us
,,16162479422,,,,wyoming,mi,49509,us
,,17343839948,,,,ypsilanti,mi,48197,us
,,18334856985,,,,ypsilanti,mi,48197,us
,,16167488200,,,,zeeland,mi,49464,us
info@customautomationinc.net,,17637929434,,,,blaine,mn,55449,us
,,19523676948,,,,blaine,mn,55449,us
appointments@phase-electric.com,service@phase-electric.com,19528814100,,brad,alness,bloomington,mn,55431,us
,,17632337700,19529994500,,,brooklyncenter,mn,55430,us
,,17632101171,17632337737,,,brooklyncenter,mn,55430,us
,,17635610433,,,,brooklynpark,mn,55445,us
,,19528532270,,,,brooklynpark,mn,55445,us
,,19524059699,,,,burnsville,mn,55337,us
allseasonwindows@msn.com,info@advancedhome.biz,16517313900,16123330654,,,eagan,mn,55121,us
info@ecsillc.com,careers@ecsillc.com,16517357470,16516436600,jerry,retires,eagan,mn,55121,us
,,19528969898,,,,edenprairie,mn,55344,us
,,16125886722,,,,edenprairie,mn,55346,us
,,19524002222,,,,edenprairie,mn,55344,us
,,16123982070,,,,edenprairie,mn,55344,us
,,18886226565,,,,edenprairie,mn,55344,us
info@outdoortheatersystem.com,,18006307503,18002909476,,,edenprairie,mn,55344,us
,,16123899755,16127902172,,,edenprairie,mn,55344,us
hello@admitonesystems.com,,19522406262,,,,edina,mn,55439,us
sales@minnesotasecurity.com,,19522249191,,,,edina,mn,55439,us
,,17634018248,,,,elkriver,mn,55330,us
info@icsminn.com,,17634326076,,,,excelsior,mn,55331,us
,,19525445555,,,,goldenvalley,mn,55427,us
info@hsintegration.com,,18552850324,17635459900,,,goldenvalley,mn,55426,us
,,19528354600,,,,goldenvalley,mn,55416,us
info@soundmaskingpros.com,,17632109989,,,,goldenvalley,mn,55426,us
,,17634201070,17632426372,,,hamlake,mn,55304,us
,,16125120428,,,,hopkins,mn,55343,us
,,19529151180,,,,hopkins,mn,55343,us
,,16124613114,,,,lakeelmo,mn,55042,us
,,17635779700,,,,maplegrove,mn,55311,us
,,16128080709,,,,maplegrove,mn,55311,us
,,16517478081,18888201310,,,maplewood,mn,55109,us
info@westernsystemsllc.com,,17636822899,17636829242,,,medina,mn,55340,us
hannah@revolutionsystemsinc.com,dustin@revolutionsystemsinc.com,16512538953,,,,mendotaheights,mn,55120,us
info@slhsystems.com,,19522245450,,,,mendotaheights,mn,55120,us
,,19529994500,,,,minneapolis,mn,55441,us
dkartak@avvr.com,booth@avvr.com,19528149898,18002382887,michael,lundeen,minneapolis,mn,55420,us
,,16128660083,,,,minneapolis,mn,55423,us
,,17635713336,,,,minneapolis,mn,55429,us
sales@bautomation.com,,17635718580,18775718580,blaine,bunting,minneapolis,mn,55433,us
,,17635579711,,,,minneapolis,mn,55447,us
sales@curbsideproductions.com,,16122329119,,,,minneapolis,mn,55418,us
,,17635957100,,,,minneapolis,mn,55441,us
,,16122822841,,,,minneapolis,mn,55408,us
,,16123552300,,,,minneapolis,mn,55413,us
,,16123398616,17637105700,daniel,woody,minneapolis,mn,55405,us
,,12313977404,,,,minneapolis,mn,55418,us
,,16123396351,,,,minneapolis,mn,55405,us
info@imav.pro,,16513004154,,theo,christofore,minneapolis,mn,55418,us
,,16123283376,,,,minneapolis,mn,55422,us
,,17637815945,,,,minneapolis,mn,55421,us
,,18776439682,,,,minneapolis,mn,55423,us
,,17635443375,,,,minneapolis,mn,55427,us
,,16129656635,16129641413,,,minneapolis,mn,55411,us
,,17476665768,,,,minneapolis,mn,55407,us
,,17634008708,,,,minneapolis,mn,55404,us
info@northstarhometech.com,,16122542626,,chris,hayes,minneapolis,mn,55408,us
,,16127873635,,,,minneapolis,mn,55407,us
,,19522222160,,,,minneapolis,mn,55415,us
info@spye.co,,16123186388,16123567605,,,minneapolis,mn,55406,us
,,16128956883,,,,minneapolis,mn,55416,us
sales@stereoland.com,,19528299700,,bill,soderholm,minneapolis,mn,55438,us
info@techsavvymn.com,,16128450517,,,,minneapolis,mn,55407,us
info@latteda.org,,16123393003,,,,minneapolis,mn,55413,us
,,17634886600,18005373611,mike,turner,minneapolis,mn,55406,us
,,16122083762,,,,minneapolis,mn,55411,us
,,17632107500,16519000732,austin,figgins,minneapolis,mn,55447,us
sales@zsyst.com,,19529743140,19529743141,,,minneapolis,mn,55426,us
,,16122345850,,lucca,chesky,minnetonka,mn,55345,us
,,19524058397,,,,minnetonka,mn,55345,us
,,19529387500,16125591000,,,minnetonka,mn,55345,us
careers@golelch.com,hello@golelch.com,16123535087,16122380524,,,minnetonka,mn,55345,us
,,17635531477,,,,minnetonka,mn,55345,us
confirm@gotopac.com,,18889030333,17134601144,,,minnetonka,mn,55305,us
,,19527675000,,,,minnetonka,mn,55343,us
,,19522484725,,,,minnetonka,mn,55305,us
,,16125053264,,,,minnetonka,mn,55343,us
,,17639714400,18669773901,,,minnetonka,mn,55305,us
mmetzger@greatriverautomation.com,dnordstrom@greatriverautomation.com,18004487585,16129003223,,,newbrighton,mn,55112,us
,,17635335377,,,,newhope,mn,55428,us
,,19529292839,,,,plymouth,mn,55442,us
,,19522047222,,,,plymouth,mn,55447,us
,,17637105700,,daniel,woody,plymouth,mn,55441,us
,,16127892496,,,,robbinsdale,mn,55422,us
,,16123082486,,,,robbinsdale,mn,55422,us
,,17634776931,,,,rockford,mn,55373,us
,,16512531876,,,,roseville,mn,55113,us
,,19528268999,,,,savage,mn,55378,us
,,13202175877,12184540338,,,stjoseph,mn,56374,us
,,19529448838,,,,stlouispark,mn,55426,us
estromberg@e-tronix.com,rsullivan@e-tronix.com,16128032619,19529222232,,,stlouispark,mn,55416,us
,,19529290000,,dennis,galligan,stlouispark,mn,55426,us
info@trimlightmn.com,,16125178539,,,,stlouispark,mn,55426,us
info@yourwestco.com,,19526817652,,,,stlouispark,mn,55426,us
,,18446925886,,,,stpaul,mn,55108,us
,,19529991492,,,,stpaul,mn,55116,us
enielsen@audio-visions.com,jgoforth@audio-visions.com,16516458782,14028945800,,,vadnaisheights,mn,55110,us
support@twincitiestechservices.com,,16123873400,16126431835,,,wayzata,mn,55391,us
,,13143511896,18009732288,colin,harrold,affton,mo,63123,us
,,16364672428,,,,arnold,mo,63010,us
,,13146413100,,gary,luaders,ballwin,mo,63011,us
,,13143958888,,kevin,boone,brentwood,mo,63144,us
stlsales@hd-mediasystems.com,sales@hd-mediasystems.com,13148581156,15738031460,,,brentwood,mo,63144,us
,,16365370404,18888998776,leon,shaw,chesterfield,mo,63005,us
,,16366779855,13145406474,,,chesterfield,mo,63017,us
info@simplysmart.life,,13143999679,,,,chesterfield,mo,63005,us
,,16365190022,18006332677,robert,farb,chesterfield,mo,63005,us
,,15733169444,,eric,pyle,columbia,mo,65203,us
,,18003254808,,,,earthcity,mo,63045,us
refer@s24alarms.com,,18662037387,18003953181,,,earthcity,mo,63045,us
,,16362000990,,,,fenton,mo,63026,us
,,16363779518,,,,fenton,mo,63026,us
,,13143800004,,,,ferguson,mo,63135,us
,,18164362120,,,,gladstone,mo,64119,us
support@catiais.com,,18166422593,,,,independence,mo,64055,us
info@indepaudio.com,,18162529782,,scott,huffman,independence,mo,64055,us
gabe@nerdtech.ai,,18163688949,,gabe,monroy,independence,mo,64055,us
office@icontrolskc.com,,18163477471,,,,independence,mo,64050,us
,,18169319525,,,,kcmo,mo,64111,us
john@evolutionaudio.com,,18165610423,,john,blank,kcmo,mo,64111,us
,,18166128170,,,,kcmo,mo,64106,us
,,18164833889,,,,kcmo,mo,64106,us
,,18165294975,,,,kcmo,mo,64127,us
duane@wmsoundlab.com,e@wmsoundlab.com,18167431896,,,,kcmo,mo,64127,us
paul@acvstica.com,,19132435913,,,,kansascity,mo,64101,us
contact@apexhometek.com,,19132855790,,,,kansascity,mo,64108,us
fjmoreno@att.net,information@audioinnovationsinc.com,18164200400,18164200040,,,kansascity,mo,64155,us
,,18165918936,,,,kansascity,mo,64119,us
general@brickwallkc.com,,18166088500,,,,kansascity,mo,64112,us
,,19132085045,,,,kansascity,mo,64106,us
,,18165512889,,,,kansascity,mo,64131,us
info2@genesyscorp.net,,18165257701,,,,kansascity,mo,64132,us
contact@healthcareintegrations.com,,18163995225,18163230200,,,kansascity,mo,64154,us
,,19132283039,,,,kansascity,mo,64134,us
keith@jadealarm.com,lbutler@jadealarm.com,18163335233,18164445233,,,kansascity,mo,64131,us
ryon@kctechsystems.com,,18169979544,,,,kansascity,mo,64153,us
,,18007985228,18163332152,mickey,adler,kansascity,mo,64131,us
installkci@yahoo.com,,18167562613,,,,kansascity,mo,64109,us
james@levelupav.com,,18166013865,,lead,programmer,kansascity,mo,64109,us
,,19137120013,,,,kansascity,mo,64108,us
info@soundenvironment.com,,18166785740,14023913842,charlie,santmire,kansascity,mo,64108,us
info@tricension.com,,18884851920,,,,kansascity,mo,64116,us
connect@turnkeysolution3d.com,,18165626160,15138224974,,,kansascity,mo,64111,us
,,18164038559,,,,kansascity,mo,64110,us
contact@xakiatech.com,,18162080621,,jodie,baker,kansascity,mo,64112,us
,,13149663775,,,,kirkwood,mo,63122,us
,,18162107575,,,,leessummit,mo,64086,us
,,18165478897,,,,leessummit,mo,64063,us
,,13143958207,,,,maplewood,mo,63143,us
qq@stlouislightinggroup.com,melissa@stlouislightinggroup.com,13149633311,13144526045,,,maplewood,mo,63143,us
,,13144322224,,,,marylandheights,mo,63043,us
,,13144328111,,,,marylandheights,mo,63043,us
,,13146270346,,,,marylandheights,mo,63043,us
,,18165816300,,,,northkansascity,mo,64116,us
,,18167813006,,,,northkansascity,mo,64116,us
,,18164715400,,,,northkansascity,mo,64116,us
marco@omnilifevr.com,blake.s@omnilifevr.com,18167348700,13022912051,marco,stanich,northkansascity,mo,64116,us
,,18168540072,,,,northkansascity,mo,64116,us
,,18007043655,,,,ofallon,mo,63366,us
,,13142410422,,,,overland,mo,63114,us
,,18163395190,,,,pleasantvalley,mo,64068,us
djohnson@systemig.com,ryana@systemig.com,18164150203,19419274308,,,pleasantvalley,mo,64068,us
,,18167448900,,,,raytown,mo,64133,us
,,18162375410,,,,riverside,mo,64150,us
,,13146046544,13149135626,,,sappington,mo,63126,us
,,16364778444,16364668630,,,stcharles,mo,63304,us
,,16367342745,,paul,loveland,stcharles,mo,63301,us
,,16362291352,,,,stcharles,mo,63301,us
,,16369394474,,,,stpeters,mo,63376,us
,,13147449085,,,,stpeters,mo,63376,us
,,16369425276,,,,stpeters,mo,63376,us
,,13146384321,,,,stlouis,mo,63111,us
stlouis@goagilix.com,,13145693122,18003333122,,,stlouis,mo,63146,us
,,13143814500,,,,stlouis,mo,63130,us
,,13147817600,,,,stlouis,mo,63144,us
,,18774952724,,,,stlouis,mo,63110,us
,,13143291805,,,,stlouis,mo,63119,us
,,13148337900,,,,stlouis,mo,63123,us
,,13146473318,,,,stlouis,mo,63143,us
christine.lawrence@cn-video.com,support@cn-video.com,13148433663,,,,stlouis,mo,63116,us
,,13142666760,,,,stlouis,mo,63105,us
,,13149913700,,,,stlouis,mo,63146,us
,,13143285799,,,,stlouis,mo,63103,us
,,13149565861,13142702477,,,stlouis,mo,63127,us
,,13143343437,,,,stlouis,mo,63129,us
,,18444740050,,,,stlouis,mo,63127,us
,,13147810755,,,,stlouis,mo,63110,us
,,13144235400,,,,stlouis,mo,63132,us
,,16366984748,,,,stlouis,mo,63110,us
,,13145719995,,,,stlouis,mo,63116,us
,,13143505171,,,,stlouis,mo,63123,us
,,13147314444,,,,stlouis,mo,63146,us
,,13142761707,,,,stlouis,mo,63117,us
heather.rice@indoff.com,tom.vanhoozer@indoff.com,13149971122,18004867867,partner,support,stlouis,mo,63146,us
,,13144753080,,,,stlouis,mo,63127,us
sales@jhf.com,,13144270600,18004440522,,,stlouis,mo,63134,us
,,13149722236,,,,stlouis,mo,63143,us
,,13149684050,,,,stlouis,mo,63103,us
,,13146471477,,,,stlouis,mo,63139,us
,,13143978909,,,,stlouis,mo,63103,us
,,13142666551,,,,stlouis,mo,63123,us
,,13148809977,,,,stlouis,mo,63125,us
,,13145358548,,,,stlouis,mo,63108,us
,,13148922680,,,,stlouis,mo,63129,us
info@reelimpact.com,,13147579400,13144287200,paul,trapp,stlouis,mo,63132,us
,,13147812400,,,,stlouis,mo,63143,us
,,13146311158,,,,stlouis,mo,63125,us
,,13147646890,,,,stlouis,mo,63132,us
,,13149683650,,,,stlouis,mo,63144,us
rmuller@schillers.com,,13149683650,18003667244,william,schiller,stlouis,mo,63144,us
,,13144515391,,,,stlouis,mo,63130,us
,,13148631414,,,,stlouis,mo,63130,us
,,13144160777,,,,stlouis,mo,63125,us
,,13149135626,,,,stlouis,mo,63128,us
,,13144877474,,,,stlouis,mo,63126,us
,,13146589516,,,,stlouis,mo,63139,us
,,13146456200,,,,stlouis,mo,63139,us
,,13146436822,,,,stlouis,mo,63123,us
,,13143678500,,,,stlouis,mo,63102,us
,,13146994878,,,,stlouis,mo,63134,us
,,13142876330,,,,universitycity,mo,63130,us
steve@asoundandvideo.com,,16362258806,,,,valleypark,mo,63088,us
,,13149615747,,,,webstergroves,mo,63119,us
info@thevhsgroup.com,,13143018905,13142799527,,,webstergroves,mo,63119,us
,,13143384663,,,,wildwood,mo,63038,us
,,19012407999,,,,byhalia,ms,38611,us
mail@dedms.com,,16019692929,16019692931,,,clinton,ms,39056,us
,,16018914225,,,,florence,ms,39073,us
,,16019368155,,,,flowood,ms,39232,us
,,16019879970,,,,flowood,ms,39232,us
info@penningtonandtrim.com,,16019395231,,ed,trim,flowood,ms,39232,us
,,16019327874,,,,flowood,ms,39232,us
u003einfo@avsinc.ms,info@avsinc.ms,16012681818,,adam,odom,hattiesburg,ms,39402,us
,,18882016016,,,,jackson,ms,39204,us
,,16016243470,,,,jackson,ms,39206,us
,,17692180164,,,,jackson,ms,39204,us
,,17697680025,,,,jackson,ms,39213,us
,,16013558594,,,,jackson,ms,39202,us
,,16019069051,,,,jackson,ms,39201,us
,,16016229208,,,,jackson,ms,39211,us
,,16013717121,,,,jackson,ms,39212,us
,,16013539118,,,,jackson,ms,39201,us
,,16013543282,,,,jackson,ms,39201,us
,,16019576566,,,,madison,ms,39110,us
,,12282222464,,,,passchristian,ms,39571,us
,,16019327030,,,,pearl,ms,39208,us
,,16019372069,,,,pearl,ms,39208,us
,,16019575830,,,,pearl,ms,39208,us
,,16019397877,,,,pearl,ms,39208,us
,,16015197810,,,,raymond,ms,39154,us
,,16019392853,,,,richland,ms,39218,us
,,16019413560,,,,ridgeland,ms,39157,us
office@innovativesolutionsms.com,,16017077350,,,,ridgeland,ms,39157,us
johnw@magnolialighting.com,annie@magnolialighting.com,16014990693,16622360025,,,ridgeland,ms,39157,us
info@mssmarthomes.com,,16017491843,,jake,manning,ridgeland,ms,39157,us
jason@beckscustomav.com,info@beckscustomav.com,16624016864,,jason,beck,tupelo,ms,38804,us
info@evolutionava.com,,14069244010,,,,belgrade,mt,59714,us
info@platinumtechservices.net,,14065776061,,,,belgrade,mt,59714,us
kevin@acebigskytools.com,,14069954500,,kevin,barton,bigsky,mt,59716,us
office@bigskyhomemanagement.com,,14069952242,14065814948,,,bigsky,mt,59716,us
info@bigskyluxuryvacations.com,,18554754244,,,,bigsky,mt,59716,us
,,14069956333,,,,bigsky,mt,59716,us
,,14069938140,,,,bigsky,mt,59716,us
,,14069952055,,,,bigsky,mt,59716,us
,,14069957827,,,,bigsky,mt,59716,us
,,14062562331,,,,billings,mt,59101,us
craig@cktechmt.com,,14066704858,,craig,kahnke,billings,mt,59101,us
,,14064520307,,,,blackeagle,mt,59414,us
,,14065516212,,,,bozeman,mt,59718,us
,,14062091342,,,,bozeman,mt,59718,us
,,14062842320,,ron,davis,bozeman,mt,59718,us
kchvilicek@highmtn.net,office@highmtn.net,14065812177,14065791247,,,bozeman,mt,59718,us
,,14065864488,,,,bozeman,mt,59715,us
support@savinc.net,,14065865593,14065998823,cory,reistad,bozeman,mt,59715,us
smartcare@shs-mt.com,info@shs-mt.com,14063880676,14066167519,,,bozeman,mt,59718,us
,,14065875118,,,,bozeman,mt,59718,us
mtb@turnituptech.com,,14065808888,,,,bozeman,mt,59718,us
,,14066681672,,,,butte,mt,59701,us
,,14064105274,,,,butte,mt,59701,us
mike@simpletechmt.com,,14069095610,,,,columbiafalls,mt,59912,us
,,14063331970,,,,corvallis,mt,59828,us
,,14064016207,,,,cutbank,mt,59427,us
,,14064752328,,,,easthelena,mt,59635,us
,,14065469353,,,,florence,mt,59833,us
,,14068130582,,,,gallatingateway,mt,59730,us
,,19174388318,,,,gallatingateway,mt,59730,us
,,14064520090,,,,greatfalls,mt,59405,us
,,14064570407,,,,helena,mt,59601,us
,,14063144422,,,,kalispell,mt,59901,us
,,14062499588,,,,kalispell,mt,59901,us
jerry@auradynamics.com,,14067555762,,,,kalispell,mt,59901,us
,,14067523536,,,,kalispell,mt,59901,us
av@heavenspeakmt.com,,14062989224,,lehi,steward,kalispell,mt,59901,us
,,14066077744,,,,kalispell,mt,59901,us
info@soundseasy.us,,14062618871,,tim,koenig,kalispell,mt,59901,us
,,14067561100,,,,kalispell,mt,59901,us
sales@automatedlivingmt.com,,14066378788,,,,missoula,mt,59808,us
,,18337466868,,,,missoula,mt,59804,us
,,14062019785,,,,missoula,mt,59808,us
info@realaudioconcepts.com,,14062089890,14432759890,chad,shapiro,shepherd,mt,59079,us
%20collin@altaservices.net,collin@altaservices.net,14063750092,,,,victor,mt,59875,us
,,14069612440,,,,victor,mt,59875,us
info@bridgewaterbuilds.com,,14062601204,14062613481,,,whitefish,mt,59937,us
sales@digitalaudiotechnologies.com,,18002613199,,,,whitefish,mt,59937,us
,,14064033723,,,,whitefish,mt,59937,us
info@jmacvideo.com,,14064996292,17029944889,,,whitefish,mt,59937,us
,,14062607990,,,,whitefish,mt,59937,us
u003einfo@carolinacustomsound.com,info@carolinacustomsound.com,13366240545,13368378341,,,advance,nc,27006,us
hello@getconnesso.com,,19198858558,16149993443,ryan,prestel,apex,nc,27502,us
,,19193871800,,ed,carey,apex,nc,27502,us
,,19193679074,,neale,boecke,apex,nc,27502,us
contact@jacksonelect.com,,18288914335,18283888285,,,arden,nc,28704,us
,,18286848441,,,,arden,nc,28704,us
,,18284848110,,,,asheville,nc,28804,us
ej@ashevillesecurity.com,jay@ashevillesecurity.com,18282526411,18002737781,,,asheville,nc,28806,us
,,18282515818,,,,asheville,nc,28804,us
,,18649995803,,,,asheville,nc,28803,us
,,18282528588,,,,asheville,nc,28801,us
sales@harmonyinteriors.com,support@harmonyinteriors.com,18282509800,,tommy,calloway,asheville,nc,28805,us
,,18287123616,,,,asheville,nc,28704,us
info@hi-techsystems.com,,18282526001,,,,asheville,nc,28806,us
,,18282390263,,,,asheville,nc,28801,us
info@onetouchavl.com,,15708546438,,,,asheville,nc,28801,us
,,18282032440,,,,asheville,nc,28704,us
,,18664142553,,,,asheville,nc,28806,us
,,18287471446,,,,asheville,nc,28801,us
,,18282531235,,,,asheville,nc,28803,us
,,18287755905,,,,asheville,nc,28806,us
,,18286815405,,,,asheville,nc,28803,us
,,19102647591,,,,bolivia,nc,28422,us
,,13363758440,,,,brownssummit,nc,27214,us
info@itautomation.com,sales@itautomation.com,19192496373,19198829969,sirisha,sumanam,cary,nc,27511,us
,,19198591199,,,,cary,nc,27518,us
,,19193554288,,,,cary,nc,27513,us
,,19193808212,,,,cary,nc,27511,us
,,18282009051,,,,cashiers,nc,28717,us
designs@integratedarchitech.com,,18645803636,18285562040,john,youmans,cashiers,nc,28717,us
info@365proav.com,,17045005577,,,,charlotte,nc,28202,us
,,18004673709,,,,charlotte,nc,28214,us
,,19805019010,,,,charlotte,nc,28210,us
,,17043890230,,,,charlotte,nc,28277,us
ricky@avspecialties.net,,17043571287,,,,charlotte,nc,28217,us
,,17043625333,,,,charlotte,nc,28211,us
,,17048075005,,,,charlotte,nc,28212,us
,,17043352186,,,,charlotte,nc,28203,us
,,17043235993,,,,charlotte,nc,28216,us
,,17045272004,17045275020,,,charlotte,nc,28203,us
,,17047965577,,,,charlotte,nc,28269,us
manager@clarityssd.com,info@clarityssd.com,17043021041,,mathew,winder,charlotte,nc,28205,us
,,17045254223,,,,charlotte,nc,28208,us
contactus@connextec.com,,17045649581,,luis,cardona,charlotte,nc,28273,us
,,17045292828,17045292829,don,dahl,charlotte,nc,28217,us
,,17046153695,,,,charlotte,nc,28211,us
,,19804174016,,,,charlotte,nc,28206,us
,,17043698642,13362928777,michael,rushing,charlotte,nc,28206,us
sales@htscompanies.com,,17047085126,,,,charlotte,nc,28270,us
,,17044504401,17042510986,,,charlotte,nc,28206,us
,,17049190392,,esbith,andaya,charlotte,nc,28208,us
,,17048374013,,,,charlotte,nc,28212,us
,,17044539321,,,,charlotte,nc,28269,us
,,17043974809,,,,charlotte,nc,28205,us
,,19802884800,,,,charlotte,nc,28217,us
,,17045990112,18554081876,,,charlotte,nc,28269,us
hello@levelupcharlotte.com,,19803168045,,despina,koumantaros,charlotte,nc,28277,us
,,17046020150,,,,charlotte,nc,28205,us
,,19802505079,,,,charlotte,nc,28273,us
,,17047494473,,,,charlotte,nc,28216,us
,,17047247021,,,,charlotte,nc,28217,us
nsp@normansound.com,,17043341601,18667667626,,,charlotte,nc,28227,us
sales@phoenixcustomsystems.com,,18775040370,,,,charlotte,nc,28204,us
,,17044499448,16097560426,,,charlotte,nc,28203,us
nick@roviraenterprise.com,,17047379477,,,,charlotte,nc,28262,us
jrluther@sesystems.com,scottingold@sesystems.com,13362754444,18006621312,cliff,miller,charlotte,nc,28208,us
josh@safehomesecuritycharlotte.com,,17042995365,,,,charlotte,nc,28216,us
u003einfo@securitylifeinc.com,info@securitylifeinc.com,17042474141,17042474126,,,charlotte,nc,28216,us
customerservice@securityconsult411.com,sales@securityconsult411.com,17045318399,,,,charlotte,nc,28212,us
,,17044082781,,,,charlotte,nc,28202,us
info@smartersys.com,,17047655065,17047315535,ned,coleman,charlotte,nc,28273,us
robert@soundadvice.com,,17043011170,,,,charlotte,nc,28203,us
mason@statelinelighting.com,ben@statelinelighting.com,17045423133,13362650001,mason,mcmehan,charlotte,nc,28206,us
,,17047773942,,,,charlotte,nc,28203,us
support@theintegratedhome.net,,17044124040,17044129301,,,charlotte,nc,28273,us
,,19804285977,,,,charlotte,nc,28217,us
,,17042722221,,,,charlotte,nc,28209,us
info@abegame.com,,17049744858,,,,concord,nc,28027,us
,,17047848101,18136763080,,,concord,nc,28025,us
cmcclamrock@caliberav.com,jedgison@caliberav.com,17047062513,17047067499,,,concord,nc,28027,us
scott@cleaninstalls.com,,16198475680,,,,concord,nc,28027,us
,,19802963050,,,,concord,nc,28027,us
,,17044392997,,,,cornelius,nc,28031,us
,,17045064205,,,,cornelius,nc,28031,us
,,17048963900,18882853161,,,cornelius,nc,28031,us
,,17044254888,,,,cornelius,nc,28031,us
,,19805225055,,,,dallas,nc,28034,us
,,17043185103,,,,davidson,nc,28036,us
,,19802639194,,,,davidson,nc,28036,us
operations@interactiveinteriors-av.com,,17043084848,,,,denver,nc,28037,us
,,17044832000,,,,denver,nc,28037,us
,,17044832226,,,,denver,nc,28037,us
,,19844778000,,,,durham,nc,27713,us
,,19194935473,,,,durham,nc,27707,us
,,19192860011,,,,durham,nc,27705,us
info@davenportcustoms.com,,19196825627,19196264531,,,durham,nc,27705,us
kyle.bradbury@duke.edu,kirsten.shaw@duke.edu,19196605996,19196605533,architect,harmon,durham,nc,27705,us
,,19196804321,,,,durham,nc,27701,us
,,19196194095,,,,durham,nc,27713,us
info@totaltechwnc.com,,18284148324,,nashden,dickerson,etowah,nc,28729,us
,,19103919086,,,,fayetteville,nc,28301,us
info@optimaltek.net,,18284352815,,pete,meyer,fletcher,nc,28732,us
info@pisgahavl.com,,18285854787,,robert,shaffer,fletcher,nc,28732,us
,,18285244484,,,,franklin,nc,28734,us
,,18283699134,,,,franklin,nc,28734,us
,,19192788345,,,,garner,nc,27529,us
,,19193061230,,,,garner,nc,27529,us
info@justpushplay.us,,19196050352,,,,garner,nc,27529,us
,,18285071254,,,,glenville,nc,28736,us
,,13363161204,,,,greensboro,nc,27410,us
,,13362996695,13362996692,,,greensboro,nc,27406,us
,,13368889330,,,,greensboro,nc,27409,us
,,13362234811,,,,greensboro,nc,27409,us
,,13362741234,,,,greensboro,nc,27406,us
rackers@automationtechniques.com,,13362946223,13362946422,,,greensboro,nc,27407,us
,,18775408822,,,,greensboro,nc,27407,us
,,18889670234,18004613010,richard,lacy,greensboro,nc,27407,us
,,13362928282,,,,greensboro,nc,27409,us
,,13363786800,,,,greensboro,nc,27406,us
,,13365422355,,,,greensboro,nc,27405,us
,,13362724123,,,,greensboro,nc,27405,us
account@callhsp.com,,13362819855,,,,greensboro,nc,27407,us
,,18005152230,,,,greensboro,nc,27406,us
angela@illuminatingtechnologies.com,bryce@illuminatingtechnologies.com,13362301490,18002785483,blake,hunt,greensboro,nc,27409,us
kenny@kebservicesinc.com,,13362153291,,kenny,brutcher,greensboro,nc,27406,us
,,18778770757,,,,greensboro,nc,27410,us
,,13369448888,,,,greensboro,nc,27408,us
,,18337444854,,,,greensboro,nc,27407,us
,,18778542576,,,,greensboro,nc,27410,us
,,13368550520,,,,greensboro,nc,27407,us
,,13367638969,19198735903,,,greensboro,nc,27407,us
,,13369626579,,,,greensboro,nc,27407,us
sales@tigercontrols.com,,13368896265,13368895436,,,greensboro,nc,27409,us
,,13363759780,,,,greensboro,nc,27406,us
,,18282023321,18282912171,,,hickory,nc,28601,us
info@basllco.com,,13368844026,18886839053,bruce,braun,highpoint,nc,27260,us
,,13368892344,,,,highpoint,nc,27265,us
,,18552712809,,,,highlands,nc,28741,us
,,18284825170,,,,highlands,nc,28741,us
,,18283311391,,,,highlands,nc,28741,us
,,18552717246,,,,highlands,nc,28741,us
,,18285262590,,,,highlands,nc,28741,us
,,18285269380,,,,highlands,nc,28741,us
,,18285269047,,,,highlands,nc,28741,us
,,18285263554,,,,highlands,nc,28741,us
,,18003555668,,,,highlands,nc,28741,us
,,18285269929,,,,highlands,nc,28741,us
,,18285262400,,,,highlands,nc,28741,us
,,18284827736,,,,highlands,nc,28741,us
rgarner@reevesacehardware.com,cpage@reevesacehardware.com,18285262157,17067824253,,,highlands,nc,28741,us
,,18287872002,,,,highlands,nc,28741,us
,,18285264008,,,,highlands,nc,28741,us
,,18002215078,,,,highlands,nc,28741,us
,,18284821578,,,,highlands,nc,28741,us
info@insighttechadv.com,,18556301417,19192004400,craig,stapel,hillsborough,nc,27278,us
info@automatedavnc.com,,19806990486,,,,huntersville,nc,28078,us
,,17047247625,18669685552,,,huntersville,nc,28078,us
,,19802394781,17048390782,,,indiantrail,nc,28079,us
u003einfo@ava-nc.com,info@ava-nc.com,17048217270,,,,indiantrail,nc,28079,us
hello@co-da.com,,18007092823,17048212823,chris,wissa,indiantrail,nc,28079,us
,,17048396616,,,,indiantrail,nc,28079,us
office@championsystemsinc.com,,13368852441,,,,jamestown,nc,27282,us
info@easylivingtechnologies.com,,17049603063,,,,kannapolis,nc,28081,us
sales@ace-hti.com,,13369413171,,,,kernersville,nc,27284,us
info@aveintegration.com,,13365432930,,,,kernersville,nc,27284,us
,,13369965151,13369967841,danny,caudill,kernersville,nc,27284,us
chris.hudson@connectedhomenc.com,mike.marino@connectedhomenc.com,19103170876,19105501013,,,leland,nc,28451,us
info@rytecelectric.com,,18033998879,18037213734,steven,scheeler,leland,nc,28451,us
info@convergenceusa.com,,19192136370,13363659301,joshua,huffman,mebane,nc,27302,us
info@foothillsalarm.com,,18283513902,,fred,nixon,millspring,nc,28756,us
aaron@fusionaudiovideo.com,daniel@fusionaudiovideo.com,18284198000,18642714276,aaron,cowden,millsriver,nc,28759,us
,,18779324567,,,,minthill,nc,28227,us
,,19802107507,,,,monroe,nc,28110,us
,,17048921524,,,,mooresville,nc,28115,us
,,17048802583,18665023655,,,mooresville,nc,28117,us
,,19804442033,,ryan,ameigh,mooresville,nc,28117,us
,,17042455576,,,,mooresville,nc,28115,us
info@svavnc.com,,17046962792,,,,mooresville,nc,28117,us
marion@av-ent.com,,18284335511,,marion,dixon,morganton,nc,28655,us
info@mhstechnologies.com,,18287330141,18282644348,,,newland,nc,28657,us
info@bandraudio.com,,18282547277,,bruce,jensen,penrose,nc,28766,us
,,19102282255,,,,pinebluff,nc,28373,us
,,19109862092,,,,pinehurst,nc,28374,us
,,16466278237,,,,pinehurst,nc,28374,us
,,19109860689,,,,pinehurst,nc,28374,us
blastme@nuviewhometheaters.com,,19102950535,19102950536,,,pinehurst,nc,28374,us
support@audioadvice.com,,17048214510,18888998776,leon,shaw,pineville,nc,28134,us
,,17048895995,,,,pineville,nc,28134,us
hans@brightaudiovideo.com,,17048258989,17048072541,,,pineville,nc,28134,us
,,19802677577,,,,pineville,nc,28134,us
info@solesourceav.com,sales@solesourceav.com,18444687653,,,,pineville,nc,28134,us
,,19192331901,,,,raleigh,nc,27607,us
,,18888590888,,,,raleigh,nc,27607,us
sales@axcontrol.com,,19193728413,18009917026,,,raleigh,nc,27603,us
patrick@audioaffects.org,trick@audioaffects.org,19192951170,19194380343,,,raleigh,nc,27615,us
,,19196705732,,,,raleigh,nc,27606,us
info@av1-ch.com,,19196221927,19193380921,,,raleigh,nc,27617,us
,,19194319411,,,,raleigh,nc,27606,us
,,19199996686,,,,raleigh,nc,27615,us
,,18776298191,,,,raleigh,nc,27603,us
,,19198291875,,,,raleigh,nc,27616,us
,,19143193570,,,,raleigh,nc,27606,us
,,19193247477,,,,raleigh,nc,27606,us
,,19192054392,,,,raleigh,nc,27603,us
,,13368938385,,,,raleigh,nc,27603,us
,,12628923343,,,,raleigh,nc,27617,us
,,19195616045,,,,raleigh,nc,27616,us
,,19197149077,,bill,thompson,raleigh,nc,27603,us
,,19198343440,,,,raleigh,nc,27606,us
,,18777278757,,,,raleigh,nc,27606,us
,,19194814224,,,,raleigh,nc,27606,us
,,19199579818,,,,raleigh,nc,27609,us
,,19196752202,,,,raleigh,nc,27603,us
,,19192389266,,,,raleigh,nc,27603,us
,,19193076719,,,,raleigh,nc,27604,us
,,19198788747,19195593777,,,raleigh,nc,27604,us
info@precisionaudio.com,,19842634450,,,,raleigh,nc,27603,us
,,19193554288,,,,raleigh,nc,27612,us
,,19198251763,,,,raleigh,nc,27606,us
,,19193357577,,,,raleigh,nc,27616,us
,,19192313990,,,,raleigh,nc,27604,us
,,19192313990,,,,raleigh,nc,27604,us
,,19193018009,,,,raleigh,nc,27615,us
,,12523551111,,,,raleigh,nc,27610,us
,,19198768002,,,,raleigh,nc,27616,us
,,19197588404,,,,raleigh,nc,27612,us
,,18002555664,,,,raleigh,nc,27616,us
,,19193243592,19193243617,aaron,vedder,raleigh,nc,27615,us
,,19843497338,,,,raleigh,nc,27617,us
sales@wiredsouth.com,,13362522540,,lee,hancock,raleigh,nc,27603,us
,,19193869969,,,,researchtrianglepark,nc,27709,us
,,12522701280,,,,rockymount,nc,27803,us
,,19545051596,,,,rockypoint,nc,28457,us
,,12527725551,,,,rolesville,nc,27571,us
sales@immersivehometech.com,,17046590920,,,,sherrillsford,nc,28673,us
,,19103158187,,,,southernpines,nc,28387,us
secure@centralsecuritync.com,mail@centralsecuritync.com,19106922871,,,,southernpines,nc,28387,us
bill@1touchsolutions.tv,marcus@1touchsolutions.tv,17044832471,,,,stanley,nc,28164,us
,,17048135932,,,,stanley,nc,28164,us
,,17047998652,,,,troutman,nc,28166,us
,,17047992209,,,,troutman,nc,28166,us
info@provisionavs.com,,19197043154,19198183875,,,wakeforest,nc,27587,us
,,19196326161,,,,wakeforest,nc,27587,us
,,19196732564,,,,wakeforest,nc,27587,us
,,19197615696,,,,wakeforest,nc,27587,us
sales@cablenc.com,,19193079065,,,,wendell,nc,27591,us
,,19106343332,,,,westend,nc,27376,us
ryan@sandhillshometheater.com,,19106343343,,,,westend,nc,27376,us
%20sales@acousticreations.com,sales@acousticreations.com,19105373578,19103712038,,,wilmington,nc,28405,us
,,19106199999,,,,wilmington,nc,28403,us
,,18332866728,,,,wilmington,nc,28405,us
info@avscoastal.com,,19103410045,18772480215,mike,riley,wilmington,nc,28405,us
wilmington@baysidesupply.com,lighting@baysidesupply.com,19108337912,19102518888,,,wilmington,nc,28403,us
,,18885637772,,,,wilmington,nc,28405,us
pmerritt@capefearautomation.com,,19103997502,19102594500,peter,merritt,wilmington,nc,28401,us
,,19102512555,,,,wilmington,nc,28403,us
,,19107623345,13019096500,,,wilmington,nc,28403,us
,,19107623345,,,,wilmington,nc,28403,us
,,19105503935,,,,wilmington,nc,28401,us
,,19106230613,,,,wilmington,nc,28401,us
info@electronics2you.com,,19103970953,,jason,walter,wilmington,nc,28405,us
,,19103508086,,,,wilmington,nc,28405,us
,,19107934181,,,,wilmington,nc,28403,us
,,19102023160,,,,wilmington,nc,28401,us
bob@lancasterelectricnc.com,gary@lancasterelectricnc.com,19103954677,19107930107,,,wilmington,nc,28405,us
,,19107981280,,,,wilmington,nc,28405,us
,,19105122288,,,,wilmington,nc,28409,us
sales@ledinc.com,,19107998597,18002512512,paul,canady,wilmington,nc,28412,us
,,19107420799,,,,wilmington,nc,28411,us
,,19102519700,,,,wilmington,nc,28405,us
,,19103925600,,,,wilmington,nc,28405,us
,,19109408024,,,,wilmington,nc,28405,us
,,19103568203,,,,wilmington,nc,28405,us
,,19107905700,,brad,stich,wilmington,nc,28411,us
,,19107951131,,,,wilmington,nc,28403,us
,,17323058400,,,,wilmington,nc,28405,us
,,18884736748,18886107664,,,wilmington,nc,28412,us
info@sounddecisions.biz,,19103921066,17046962792,,,wilmington,nc,28405,us
,,19104271580,,,,wilmington,nc,28405,us
,,18009303944,,,,wilmington,nc,28412,us
,,19107620944,18432493865,,,wilmington,nc,28403,us
,,19106659334,,,,wilmington,nc,28405,us
support@swellsystem.com,,19108890450,18005551234,derek,schmidt,wilmington,nc,28405,us
,,19103972911,,,,wilmington,nc,28405,us
,,19107621834,,,,wilmington,nc,28401,us
hello@wilmingtonavl.com,,19109452905,,,,wilmington,nc,28405,us
,,19107637381,,,,wilmington,nc,28405,us
,,19102620850,,,,wilmington,nc,28405,us
,,19107901909,,,,wilmington,nc,28405,us
sales@wolfsecuritysolutions.com,,19107994980,,,,wilmington,nc,28405,us
,,19106607664,,,,wilmington,nc,28405,us
,,19103706060,,,,wilmington,nc,28401,us
,,13367229955,13363919687,,,winstonsalem,nc,27106,us
dwood@ciavl.com,ddepew@ciavl.com,13368782233,13367931482,daniel,wood,winstonsalem,nc,27107,us
,,19195562976,,,,youngsville,nc,27596,us
jamie@smarthomefargo.com,,17015260979,,,,westfargo,nd,58078,us
,,14022050687,,,,elkhorn,ne,68022,us
,,14027216586,,,,fremont,ne,68025,us
,,14027332100,,,,lavista,ne,68128,us
,,14023423050,,,,omaha,ne,68127,us
,,14029090130,,,,omaha,ne,68102,us
info@asisystemspro.com,,14023344844,,,,omaha,ne,68127,us
,,15319993074,,,,omaha,ne,68144,us
info@aiomaha.net,,14028305055,,,,omaha,ne,68134,us
,,14023972867,,,,omaha,ne,68137,us
,,14028585560,,,,omaha,ne,68138,us
,,14023312320,19049987227,,,omaha,ne,68137,us
,,14022985011,,,,omaha,ne,68137,us
,,14028616100,,,,omaha,ne,68138,us
sales@controldepotinc.com,,14029340078,18668097408,jason,kreikemeier,omaha,ne,68127,us
,,14023339800,,,,omaha,ne,68144,us
,,14023394344,,,,omaha,ne,68137,us
,,14023974434,,,,omaha,ne,68114,us
esinfo@electronicsound.com,,14023348550,14023348553,,,omaha,ne,68144,us
,,14028194857,,,,omaha,ne,68127,us
,,14029350300,,,,omaha,ne,68127,us
,,14022040904,,,,omaha,ne,68022,us
,,14027797984,,,,omaha,ne,68130,us
,,14028951010,,,,omaha,ne,68137,us
,,14027316268,,,,omaha,ne,68117,us
,,14023460200,,,,omaha,ne,68131,us
,,14029151672,,,,omaha,ne,68022,us
,,15313891136,,,,omaha,ne,68137,us
,,14022089679,,,,omaha,ne,68107,us
smartliftus@smartlift.com,ms@smartlift.com,14022158080,12792206589,,,omaha,ne,68127,us
sales@sellhorst.com,,14025049527,18442163973,rich,sellhorst,omaha,ne,68022,us
info@smarthousepro.io,,14028804567,,,,omaha,ne,68116,us
,,14029439494,,,,omaha,ne,68127,us
,,14022034184,,,,omaha,ne,68102,us
,,14023314977,,,,omaha,ne,68137,us
,,18664126726,,,,omaha,ne,68110,us
,,14022045273,,,,omaha,ne,68137,us
,,14028919480,,,,omaha,ne,68106,us
davidv@uesomaha.com,,14023345331,14025041111,,,omaha,ne,68137,us
,,14029829169,,,,springfield,ne,68059,us
,,16036272730,,,,auburn,nh,03032,us
,,16033877691,,,,bedford,nh,03110,us
,,16037920001,,,,bedford,nh,03110,us
,,16032065474,,,,bedford,nh,03110,us
chris@stimulisightandsound.com,contact@stimulisightandsound.com,16037671738,,chris,andrews,dover,nh,03820,us
,,16037750900,,,,exeter,nh,03833,us
,,16037782468,,,,exeter,nh,03833,us
,,16033565095,,,,gilford,nh,03249,us
,,16036011050,,,,hampton,nh,03842,us
,,16034644600,,,,hillsborough,nh,03244,us
,,16036244221,,when,lawrence,hooksett,nh,03106,us
info@securelysound.com,,16038820067,16034841242,,,hooksett,nh,03106,us
,,16034253900,,,,londonderry,nh,03053,us
,,16036301392,,jerry,boyson,meredith,nh,03253,us
,,16034227733,,,,newington,nh,03801,us
,,16032949494,,,,newington,nh,03801,us
,,16034362310,18008971769,,,newington,nh,03801,us
support@iaudiosolutions.com,info@iaudiosolutions.com,16035539822,,london,loukx,newmarket,nh,03857,us
,,16033877691,,,,northhampton,nh,03862,us
,,18339422277,,,,northhampton,nh,03862,us
hello@extremeelec.com,,16035087543,,anthony,scavo,pelham,nh,03076,us
info@xtreme-av.com,,18889876281,,pat,molettieri,pelham,nh,03076,us
,,16034316288,,,,portsmouth,nh,03801,us
,,16034740870,,,,portsmouth,nh,03801,us
,,18447543292,,,,portsmouth,nh,03802,us
,,16034367500,,,,portsmouth,nh,03801,us
info@anchorline.tv,,16034278272,,,,portsmouth,nh,03801,us
,,16034334488,,,,portsmouth,nh,03801,us
,,16034229525,,,,portsmouth,nh,03801,us
,,12076193877,,,,portsmouth,nh,03801,us
,,16173880739,,,,portsmouth,nh,03801,us
,,18663684262,,,,portsmouth,nh,03801,us
,,16034319144,,,,portsmouth,nh,03801,us
,,16035010410,16035834392,,,portsmouth,nh,03801,us
sales-us@globalsign.com,,16035707060,18777754562,general,management,portsmouth,nh,03801,us
all-store-511-portsmouth-retail-managers@guitarcenter.com,,16034313248,18664987882,,,portsmouth,nh,03801,us
,,16035590015,,,,portsmouth,nh,03801,us
,,16034270038,,,,portsmouth,nh,03801,us
,,16034315877,,,,portsmouth,nh,03801,us
,,16038333217,,,,portsmouth,nh,03801,us
,,16035021540,,,,portsmouth,nh,03801,us
,,16038807800,,,,portsmouth,nh,03801,us
,,18776967720,,,,portsmouth,nh,03801,us
,,16034316644,,,,portsmouth,nh,03801,us
,,16178702055,,,,portsmouth,nh,03801,us
,,16034368123,,,,portsmouth,nh,03801,us
board@ppmtvnh.org,,16034278093,,nevin,brown,portsmouth,nh,03801,us
,,18776683360,,,,portsmouth,nh,03801,us
support@resolvetech.biz,,16037421118,,brian,wheeler,portsmouth,nh,03801,us
tech@russound.com,sales@russound.com,16036595170,,maureen,baldwin,portsmouth,nh,03801,us
,,16036349365,,,,portsmouth,nh,03801,us
,,16034334472,,,,portsmouth,nh,03801,us
,,16033806178,,,,portsmouth,nh,03801,us
customerservice@statestreetdiscount.com,,16034367047,,,,portsmouth,nh,03801,us
,,16036055274,,,,portsmouth,nh,03801,us
,,16035010003,,,,portsmouth,nh,03801,us
,,16034361504,,,,portsmouth,nh,03801,us
,,16034362400,,,,portsmouth,nh,03801,us
,,16038143020,,,,portsmouth,nh,03801,us
dhoeman@unitedautomation.com,bsheltra@unitedautomation.com,16034319299,16034369597,duane,hoeman,portsmouth,nh,03801,us
,,16035024755,,,,portsmouth,nh,03801,us
,,16033303533,,,,rochester,nh,03867,us
,,16032314175,,,,salem,nh,03079,us
,,16036895768,,erik,burke,salem,nh,03079,us
,,16035805744,,,,seabrook,nh,03874,us
notice@audiovideonh.com,info@audiovideonh.com,16037632596,16033877691,,,springfield,nh,03284,us
,,12014365338,12014368684,,,bayonne,nj,07002,us
,,18662183478,,,,belleville,nj,07109,us
,,18005555280,,,,berlintownship,nj,08091,us
,,18563353244,18566634500,,,berlintownship,nj,08091,us
tom@bravoav.com,admin@bravoav.com,19089530555,,tom,curnin,bernardsville,nj,07924,us
,,16096898181,,,,bordentown,nj,08505,us
,,19083337362,,,,branchburg,nj,08876,us
,,17324950423,,,,bricktownship,nj,08724,us
info@profoundav.com,,16093881403,18778041777,,,cherryhilltownship,nj,08003,us
info@serenitysmarthomesnj.com,,18562718963,,ashley,williams,cherryhilltownship,nj,08002,us
,,18444228433,,,,cityoforange,nj,07050,us
david@audiovideosynergy.com,,19088945222,,david,shulz,clinton,nj,08809,us
,,17325770077,,,,coltsneck,nj,07722,us
,,19736662696,,,,eastorange,nj,07017,us
,,19088993918,,,,edison,nj,08820,us
info@avsillc.com,,17326347903,17322258985,,,edison,nj,08837,us
,,18887114521,,,,edison,nj,08820,us
info@newworldsolutions.com,,18002586525,18889388253,,,elizabeth,nj,07202,us
info@cyberhomessystems.com,,17326059701,17326059702,,,englishtown,nj,07726,us
alopez@avservices.net,contact@avservices.net,19735755222,18008522181,charles,rodriguez,fairfield,nj,07004,us
dslavitt@avsolutions.tech,info@avsolutions.tech,19733352412,18663352412,,,fairfield,nj,07004,us
,,19738864205,,,,florhampark,nj,07932,us
gabriel@jdavdesign.com,service@jdavdesign.com,12014617475,12014618063,gabriel,karlis,fortlee,nj,07024,us
info@protek-avdesign.com,,12018919446,,,,franklinlakes,nj,07417,us
info@horizonavl.com,,18885102673,,joshua,kell,gloucestertownship,nj,08012,us
info@hometheatergroup.com,,17324248680,,,,greenbrooktownship,nj,08812,us
,,19739938500,19739840644,,,hackettstown,nj,07840,us
,,18002133021,,,,hainesport,nj,08036,us
,,12155156108,,,,hamiltontownship,nj,08691,us
,,17327922112,18888384330,terry,heath,hamiltontownship,nj,08620,us
,,19738877744,,,,hanover,nj,07981,us
,,19082817399,,,,hillsboroughtownship,nj,08844,us
,,17328514017,,,,jacksontownship,nj,08527,us
,,18622762938,,,,jerseycity,nj,07306,us
,,17328581185,,,,jerseycity,nj,07306,us
,,12019046128,,,,jerseycity,nj,07307,us
,,12014639758,,,,kearny,nj,07032,us
henryj@digihm.com,,19732649960,19732515756,,,kearny,nj,07032,us
,,19733880583,,,,kearny,nj,07032,us
,,19086080152,,,,kenilworth,nj,07033,us
info@resoundav.com,,19086289333,,,,kenilworth,nj,07033,us
u003cnoreply@smarttech-us.com,info@smarttech-us.com,19084568330,,mo,chenawi,kenilworth,nj,07033,us
info@advanced-automations.com,,19737509900,,,,kinnelon,nj,07405,us
info@fortechelectric.com,,17323678324,,,,lakewood,nj,08701,us
,,16098037901,,,,lawrencetownship,nj,08648,us
u003einfo@digitalsurroundings.com,info@digitalsurroundings.com,16099121800,,,,lawrencetownship,nj,08648,us
info@mainaccesssystems.com,,16093944900,18883944906,,,lawrencetownship,nj,08648,us
,,18885734669,,,,littleeggharbortownship,nj,08087,us
,,17329245900,,dan,tapolow,littlesilver,nj,07739,us
,,17323850046,,,,livingston,nj,07039,us
,,16095312642,,,,lumbertontownship,nj,08048,us
contact@waverlytv.com,,19733771333,,,,madison,nj,07940,us
info@corbinelectric.com,,17325360444,,,,marlborotownship,nj,07746,us
,,18569850909,,,,medford,nj,08055,us
store@epicsystems.tech,sales@epicsystems.tech,19732981000,,,,mendham,nj,07945,us
,,18622251305,12016202929,,,millburn,nj,07078,us
info@pac-nj.com,,19734671950,,ralph,tarnofsky,millburn,nj,07041,us
info@ynvision.design,,19732325281,19735441122,seweryn,rys,millburn,nj,07041,us
info@homecinema4u.com,,16318309033,,,,monroetownship,nj,08831,us
,,16099247444,,,,montgomery,nj,08558,us
info@starksystemdesign.com,,18563967436,,,,moorestown,nj,08057,us
,,18567808000,,,,moorestown,nj,08057,us
info@cineacoustic.com,,19734494861,,,,morrisplains,nj,07950,us
,,19735082246,,,,morrisplains,nj,07950,us
,,14100004001,12304100004,galih,pratama,morristown,nj,07960,us
,,19086300040,,,,morristown,nj,07960,us
sales@smartavinstall.com,,19738129584,19732225656,nick,dev,morristown,nj,07960,us
,,12124010045,,,,morristown,nj,07960,us
,,19082018090,,,,morristown,nj,07960,us
info@customavnj.com,support@customavnj.com,18563434700,,justin,kaplan,mullicahill,nj,08062,us
,,12017196043,,,,newark,nj,07107,us
,,13472773269,,,,newark,nj,07114,us
,,18332892767,,,,newark,nj,07102,us
,,18669788260,,,,newark,nj,07102,us
,,12126325196,12015551234,,,northbergen,nj,07047,us
sale@shoresmarthome.pro,info@shoresmarthome.pro,16096451300,,neil,wiessler,northfield,nj,08225,us
,,12016772250,,,,northvale,nj,07647,us
,,12014972400,,,,norwood,nj,07648,us
,,12013832885,,,,nutley,nj,07110,us
info@smarthomeintegrations.com,,17324408450,,carlos,cuellar,oceantownship,nj,07712,us
,,17328428700,,,,oceantownship,nj,07712,us
support@gmiautomation.com,,19735774350,,,,oldbridge,nj,08857,us
,,17187154083,12125401199,shota,kimeridze,paramus,nj,07652,us
,,12018881048,15555555555,,,paramus,nj,07652,us
dennis@dhaudioandhometheater.com,,19179230552,19734289800,dennis,hartwick,parsippanytroyhills,nj,07054,us
,,17322002272,,,,pennington,nj,08534,us
,,18564385624,,,,pennsauken,nj,08109,us
ryan@onesoundchoice.com,info@onesoundchoice.com,19739455275,19733160678,ryan,herd,pequannocktownship,nj,07444,us
,,17326873052,,,,pointpleasant,nj,08742,us
relax@4elementswellnesscenter.com,,16092853115,,silvia,fedorcikova,princeton,nj,08540,us
info@abnhav.com,,17322761361,,,,princeton,nj,08540,us
,,16099244479,,,,princeton,nj,08540,us
recruiting@besthtech.com,info@besthtech.com,19177426658,16096815756,,,princeton,nj,08540,us
,,16097995300,,,,princeton,nj,08540,us
,,16098065470,,,,princeton,nj,08540,us
,,16093850569,12154313747,,,princeton,nj,08540,us
,,18663476874,17325258181,,,princeton,nj,08540,us
,,16094522060,,,,princeton,nj,08540,us
,,18563560561,,,,princeton,nj,08540,us
,,16096880777,,,,princeton,nj,08542,us
,,16097593400,,,,princeton,nj,08540,us
,,16099872600,,,,princeton,nj,08540,us
,,16093099330,,,,princeton,nj,08540,us
,,16095585309,,,,princeton,nj,08542,us
oriavisarhic.adm@icloud.com,,16093664811,,,,princeton,nj,08540,us
,,16094528197,16094522540,jim,holanda,princeton,nj,08540,us
,,16096424788,,,,princeton,nj,08540,us
,,16094190099,,,,princeton,nj,08540,us
,,16098345524,,,,princeton,nj,08540,us
info@princetonits.com,,12125079350,16094737283,ravi,karamsetty,princeton,nj,08540,us
,,16094737283,,ravi,karemsetty,princeton,nj,08540,us
info@prex.com,,16099210881,,barry,weisfeld,princeton,nj,08542,us
,,16092790050,,,,princeton,nj,08540,us
,,16092585000,,,,princeton,nj,08540,us
,,16099217721,,,,princeton,nj,08540,us
,,16462945243,,,,princeton,nj,08540,us
,,12675287771,,,,princeton,nj,08542,us
,,16099518555,16099510274,,,princeton,nj,08540,us
,,16098740990,,,,princeton,nj,08542,us
membership@princetongardentheatre.org,sponsors@princetongardentheatre.org,16092791999,12153481878,liz,lempert,princeton,nj,08542,us
info@trivenidigital.com,support@trivenidigital.com,16097163500,16097163535,,,princeton,nj,08540,us
,,16097998010,,,,princeton,nj,08540,us
info@e-home.com,,18002326651,,,,ridgefield,nj,07657,us
info@jnsaudiovideo.com,,19736196930,,,,ridgewood,nj,07450,us
,,18775505150,,,,roseland,nj,07068,us
,,19086206464,,,,roselle,nj,07203,us
,,17327848429,,,,rumson,nj,07760,us
,,12019617001,,,,saddleriver,nj,07458,us
,,16093682626,,,,stoneharbor,nj,08247,us
listen@audionexus.com,,19082770333,,,,summit,nj,07901,us
sales@elitesmarthome.com,info@elitesmarthome.com,18563159147,,,,surfcity,nj,08008,us
info@elitehometech.com,,17328220323,,,,tomsriver,nj,08753,us
,,19084431154,,,,trenton,nj,08619,us
,,16095572894,18777271909,,,trenton,nj,08648,us
,,19086201007,,,,union,nj,07083,us
,,12012936144,,,,union,nj,07083,us
,,12017773986,,,,unioncity,nj,07087,us
,,12014094130,,,,unioncity,nj,07087,us
info@bermanhomesystems.com,,19732398870,,rob,berman,verona,nj,07044,us
,,12014455006,,,,waldwick,nj,07463,us
,,17326723062,,,,walltownship,nj,07719,us
info@hidefnj.com,,17325305511,17325801508,,,walltownship,nj,07719,us
,,17326305064,,,,watchung,nj,07069,us
,,19735206960,,,,wayne,nj,07470,us
,,12015192264,,,,westmilford,nj,07421,us
,,17325248773,,,,westwindsortownship,nj,08550,us
,,18006552520,19737257705,,,woodlandpark,nj,07424,us
office@restrepoinnovations.com,,12014052022,,mike,restrepo,wyckoff,nj,07481,us
,,15058215777,,,,albuquerque,nm,87109,us
,,15053067312,,,,albuquerque,nm,87110,us
,,15058890448,,,,albuquerque,nm,87113,us
,,15053451381,,,,albuquerque,nm,87109,us
sales@actionsecurityiron.com,,15053445471,13033445471,,,albuquerque,nm,87113,us
,,15052443321,,,,albuquerque,nm,87106,us
,,15058215515,,,,albuquerque,nm,87109,us
,,15053453432,,,,albuquerque,nm,87102,us
,,15052919456,,,,albuquerque,nm,87110,us
,,15058836136,,,,albuquerque,nm,87113,us
,,15053413900,,,,albuquerque,nm,87109,us
admin@aasound.net,,15058236725,,,,albuquerque,nm,87111,us
,,15052994464,,,,albuquerque,nm,87123,us
store@baillios.com,,15052739795,15058837511,,,albuquerque,nm,87110,us
,,15052964393,,,,albuquerque,nm,87113,us
ken@caldwellelectrical.com,info@caldwellelectrical.com,15059332988,19155934966,,,albuquerque,nm,87109,us
,,15056888520,,,,albuquerque,nm,87114,us
,,15053431700,,,,albuquerque,nm,87106,us
,,15058730846,,,,albuquerque,nm,87105,us
sales1@etsnm.com,customerservice@etsnm.com,15058883923,,,,albuquerque,nm,87123,us
,,15052466922,,dominic,acevedo,albuquerque,nm,87110,us
gcvideo@gcvideo.com,,15052936509,,,,albuquerque,nm,87113,us
,,18778734256,,,,albuquerque,nm,87107,us
,,15055084443,,,,albuquerque,nm,87109,us
,,15058188643,,,,albuquerque,nm,87110,us
,,15054596242,,,,albuquerque,nm,87113,us
,,15053419060,,,,albuquerque,nm,87113,us
info@hssnm.com,,15058882951,15057264839,,,albuquerque,nm,87107,us
,,15052265701,,,,albuquerque,nm,87109,us
,,15052700594,,,,albuquerque,nm,87112,us
joeeverett@gotoiea.com,mitchnorman@gotoiea.com,15052429913,15052429952,,,albuquerque,nm,87102,us
,,15058841970,,,,albuquerque,nm,87113,us
,,15053441600,,,,albuquerque,nm,87107,us
,,15052682111,,,,albuquerque,nm,87110,us
,,15052552700,18337487170,john,cotter,albuquerque,nm,87110,us
concierge@morethangates.com,,15052216673,,,,albuquerque,nm,87123,us
,,15058989767,,,,albuquerque,nm,87114,us
505.881.7002sales@paceaudio.com,sales@paceaudio.com,15058817002,,,,albuquerque,nm,87110,us
,,15058832800,,,,albuquerque,nm,87109,us
,,15058816375,,,,albuquerque,nm,87110,us
info@productionoutfitters.com,,15052370770,,gary,marsh,albuquerque,nm,87110,us
sales@quickbeam.com,,15053459230,,,,albuquerque,nm,87109,us
info@retis.com,,15052478129,15052472473,,,albuquerque,nm,87106,us
accountsreceivable@scinm.net,sales@scinm.net,15059981150,17820110926,,,albuquerque,nm,87109,us
,,15053429276,,,,albuquerque,nm,87113,us
,,15053456564,,,,albuquerque,nm,87107,us
,,15057929316,,,,albuquerque,nm,87107,us
,,15059991981,,,,albuquerque,nm,87102,us
,,15059249700,,,,albuquerque,nm,87109,us
info@smartvoltav.com,support@smartvoltav.com,15059036911,15059775585,,,albuquerque,nm,87107,us
,,15103702060,,,,albuquerque,nm,87108,us
sales@southwestceramiclighting.com,,15054530630,,,,albuquerque,nm,87108,us
,,15052753104,,,,albuquerque,nm,87110,us
,,15055080587,,,,albuquerque,nm,87105,us
,,15058810001,15059889889,marty,mayo,albuquerque,nm,87110,us
,,18444726750,,,,albuquerque,nm,87113,us
,,15052945284,,,,albuquerque,nm,87107,us
,,15054291811,,,,albuquerque,nm,87120,us
,,15058190011,15055878191,elisabeth,thompson,albuquerque,nm,87111,us
,,15052278924,,,,albuquerque,nm,87109,us
,,15052648008,,,,albuquerque,nm,87102,us
,,15058817878,,,,albuquerque,nm,87107,us
,,15058912124,,,,riorancho,nm,87124,us
,,15059839988,,,,santafe,nm,87505,us
sales@solarsmartliving.com,,19154002995,15752883331,,,santateresa,nm,88008,us
,,17758833277,,,,carsoncity,nv,89706,us
elias.n@naffahtechsolutions.com,,17022656819,,,,henderson,nv,89015,us
,,16193632996,,,,ivgid,nv,89451,us
david@classicaltahoe.org,anna@classicaltahoe.org,17752980245,,,,ivgid,nv,89451,us
info@holmelectric.com,info-vegas@holmelectric.com,17758313781,17028183781,,,ivgid,nv,89451,us
,,17758321234,,,,ivgid,nv,89451,us
,,15305465951,17752776069,,,ivgid,nv,89451,us
info@nexushome.com,,18006180874,,,,ivgid,nv,89451,us
,,18337628731,,,,ivgid,nv,89451,us
,,17753060668,,,,ivgid,nv,89451,us
wecare@victra.com,,17755484157,18554922986,richard,balot,ivgid,nv,89451,us
,,17758327500,,,,ivgid,nv,89451,us
,,17029037626,,,,lasvegas,nv,89107,us
info@avluxurygroup.com,,17029104913,,,,lasvegas,nv,89135,us
,,17027447779,17025372657,president,clinton,lasvegas,nv,89103,us
,,17028785050,,,,lasvegas,nv,89103,us
,,17028508350,18664954465,scott,underbrink,lasvegas,nv,89128,us
,,17026487474,17027967474,chief,officer,lasvegas,nv,89139,us
,,17023384274,,,,lasvegas,nv,89131,us
info@audiointegrations.com,,17026576666,17028020202,,,lasvegas,nv,89113,us
,,17026546831,,,,lasvegas,nv,89123,us
,,17024349657,,,,lasvegas,nv,89120,us
,,17028251978,,david,chaddock,lasvegas,nv,89118,us
info@emintegrators.com,,17023303030,,,,lasvegas,nv,89102,us
,,17027368880,,cory,reif,lasvegas,nv,89120,us
sales@hometheater.vegas,,17029974108,,jeremy,degre,lasvegas,nv,89103,us
,,17022406399,,,,lasvegas,nv,89118,us
,,17026092633,14356196367,,,lasvegas,nv,89119,us
deanposer@hometroniclv.com,,17022471444,,,,lasvegas,nv,89108,us
,,17029077752,,,,lasvegas,nv,89123,us
sales@immersive.vegas,,17022964981,17023499100,,,lasvegas,nv,89103,us
,,17027930591,,jason,cardona,lasvegas,nv,89131,us
admin@mylancelot.com,,17027796682,17029967585,,,lasvegas,nv,89120,us
info@luxuryelectronicsinc.com,,17025080708,,,,lasvegas,nv,89118,us
,,17024181060,,,,lasvegas,nv,89102,us
sales@msilv.com,,17023960662,17023960646,,,lasvegas,nv,89149,us
,,17027584049,,,,lasvegas,nv,89103,us
portland@overthetopmounts.com,info@overthetopmounts.com,17028842748,17023540587,,,lasvegas,nv,89108,us
info@psx-inc.com,,19858098001,18887792673,,,lasvegas,nv,89139,us
info@pegasuslv.com,,17027342787,,,,lasvegas,nv,89108,us
info@premierelv.com,,17028770222,,,,lasvegas,nv,89148,us
,,17026002385,,,,lasvegas,nv,89120,us
,,18188507765,,,,lasvegas,nv,89118,us
,,17026227309,17029974108,jeremy,degre,lasvegas,nv,89119,us
info@progressivesmarthomes.com,,17022637357,,,,lasvegas,nv,89118,us
sales@rrsaudio.com,,17023768385,,,,lasvegas,nv,89119,us
,,17027452757,,,,lasvegas,nv,89145,us
info@smartmainpanel.com,,17259002620,18667570080,,,lasvegas,nv,89118,us
,,17025248649,,,,lasvegas,nv,89121,us
,,17027378464,,,,lasvegas,nv,89119,us
info@sturdyhandslv.com,,17027793408,,,,lasvegas,nv,89131,us
,,17028577576,,,,lasvegas,nv,89118,us
,,17027890980,,,,lasvegas,nv,89119,us
,,18008935292,,,,lasvegas,nv,89113,us
wolf@thewolfav.com,,17023216213,,,,lasvegas,nv,89118,us
,,17028978508,,,,lasvegas,nv,89120,us
,,17255007283,,,,lasvegas,nv,89131,us
,,17023024567,,,,lasvegas,nv,89118,us
webmaster@etigroupav.com,info@etigroupav.com,17025827631,18186054124,,,northlasvegas,nv,89031,us
,,17026805058,,,,northlasvegas,nv,89032,us
,,17026004491,,,,northlasvegas,nv,89030,us
,,17752843644,,,,reno,nv,89502,us
mike@arborglyphltd.com,,17757624058,,jeff,ismail,reno,nv,89509,us
,,17758514004,,,,reno,nv,89511,us
installers@channelsav.com,,17752293024,17758001866,,,reno,nv,89511,us
,,17758268998,,,,reno,nv,89502,us
,,17753006790,,,,reno,nv,89521,us
customvideoservicesreno@yahoo.com,,17753595599,,,,reno,nv,89506,us
,,17757500181,,,,reno,nv,89521,us
,,17753368078,,,,reno,nv,89523,us
contact@digitalcraftusa.com,sales@digitalcraftusa.com,17753484007,,,,reno,nv,89502,us
,,18775645051,,,,reno,nv,89521,us
,,18882116033,,,,reno,nv,89521,us
jnorby@playgvg.com,ccriscola@playgvg.com,14062817600,14066967843,,,reno,nv,89521,us
,,17758252011,,,,reno,nv,89502,us
support@jandldigital.com,,17752777289,17755000589,,,reno,nv,89502,us
,,17758258496,,,,reno,nv,89502,us
,,17753550405,,,,reno,nv,89502,us
plca@plcautomation.co,,17753587002,,,,reno,nv,89506,us
,,17753450877,12086016636,,,reno,nv,89502,us
,,18058867228,,,,reno,nv,89501,us
,,17758530930,,,,reno,nv,89511,us
hq@renoautosound.com,,17758254455,,,,reno,nv,89502,us
,,17752363350,17756576293,allen,wilson,reno,nv,89511,us
,,17758534800,,,,reno,nv,89511,us
,,16156499114,,,,reno,nv,89521,us
,,17753311010,,,,reno,nv,89512,us
,,17753233158,,,,reno,nv,89502,us
,,15305807733,,,,reno,nv,89503,us
,,17758308374,,,,reno,nv,89506,us
,,17753605856,,,,reno,nv,89502,us
info@teccomav.com,,17754736984,15305794201,,,reno,nv,89502,us
,,17757379159,,,,reno,nv,89521,us
,,17758281126,,,,reno,nv,89502,us
sales@wilkcomm.net,,17752100600,15555555555,symeon,wilkins,reno,nv,89511,us
shannon@brightlifeelectricnv.com,,17753000059,,,,sparks,nv,89431,us
,,17756263454,,,,sparks,nv,89431,us
,,17759964012,,,,sparks,nv,89431,us
info@prosourceav.com,,17755250713,,jason,garlington,sparks,nv,89431,us
office@palominovalleyelectric.com,,17754069857,17754067117,,,sparks,nv,89431,us
sales@soaringaudio.com,,17754258000,,,,sparks,nv,89441,us
,,17753550831,,,,sparks,nv,89431,us
contact@arcticelectricians.com,,17755889232,,chuck,corby,stateline,nv,89449,us
contact@elevatedhomesystems.com,,17754950248,,chris,mozzone,stateline,nv,89449,us
,,17755884348,,,,zephyrcove,nv,89448,us
,,15187592288,,,,albany,ny,12203,us
,,15184634600,,adam,rosen,albany,ny,12202,us
,,15189610069,,,,albany,ny,12204,us
,,15184589300,18604091700,,,albany,ny,12205,us
,,15182186895,18006592684,,,albany,ny,12205,us
,,15189774056,,,,albany,ny,12205,us
shannon.licygiewicz@albanycapitalcenter.com,,15184872155,15184872225,executive,director,albany,ny,12207,us
,,15183009374,,,,albany,ny,12203,us
,,19295125341,,,,albany,ny,12207,us
,,15182181088,,,,albany,ny,12205,us
,,17184416802,,,,albany,ny,12203,us
bryan@audioobsessions.com,dan@audioobsessions.com,15184440470,15187086040,adam,smith,albany,ny,12205,us
admin@boomer-mcloud.com,,15184383000,15183464091,,,albany,ny,12205,us
,,15185227354,15189492009,,,albany,ny,12205,us
,,15184493366,15185769260,,,albany,ny,12206,us
,,15184874759,,,,albany,ny,12205,us
bcurry@capitalrep.org,info@capitalrep.org,15183466204,15183823884,,,albany,ny,12207,us
,,15182181500,,,,albany,ny,12205,us
,,18778771840,,,,albany,ny,12211,us
,,15188629121,15184777577,kendra,hart,albany,ny,12205,us
,,15184523505,,,,albany,ny,12205,us
,,18008360969,,,,albany,ny,12205,us
,,18483843773,,,,albany,ny,12206,us
,,15184626814,,,,albany,ny,12205,us
,,15182180130,,,,albany,ny,12205,us
,,18455974804,,,,albany,ny,12205,us
,,15185417980,,,,albany,ny,12206,us
,,15188691671,14432764788,jen,digaetani,albany,ny,12203,us
,,15182708045,,,,albany,ny,12203,us
,,15184649843,,,,albany,ny,12205,us
,,15183001349,,,,albany,ny,12205,us
,,15182093826,,,,albany,ny,12206,us
,,15184821864,,,,albany,ny,12203,us
al@houghtalingelectrical.com,houghtalingelectrical2010@yahoo.com,15188575320,15183316606,,,albany,ny,12209,us
,,15182129645,,,,albany,ny,12206,us
info@ibsalbany.com,,15184593993,12000076547,jason,kenney,albany,ny,12205,us
nycontact@iqinfotek.com,,15182071309,,,,albany,ny,12205,us
whu@ivysmartconsulting.com,support@ivysmartconsulting.com,15183627887,,,,albany,ny,12211,us
info@jgimedia.com,,15184874759,,,,albany,ny,12205,us
,,15186314062,,,,albany,ny,12206,us
,,13154557436,,,,albany,ny,12205,us
,,15182180000,,,,albany,ny,12203,us
,,15185003042,,,,albany,ny,12205,us
,,15184498995,,,,albany,ny,12209,us
,,15183724849,,,,albany,ny,12205,us
,,15163633464,,,,albany,ny,12207,us
,,18773315220,,,,albany,ny,12203,us
,,15188163161,,,,albany,ny,12203,us
,,15184073664,,,,albany,ny,12207,us
,,18007240023,,,,albany,ny,12204,us
morgan@tshomeinspections.com,,15185221449,16000112594,,,albany,ny,12210,us
info@techbridgegroup.com,,15183208480,,walter,guiles,albany,ny,12205,us
,,15185272040,,,,albany,ny,12206,us
,,15187722768,15187722498,ed,kear,albany,ny,12205,us
admin@vertesol.com,info@vertesol.com,15189916551,,,,albany,ny,12206,us
,,15184241842,15186949449,,,albany,ny,12205,us
,,15184564360,,,,albany,ny,12205,us
,,18003424304,15184898451,,,albany,ny,12206,us
,,15182271846,,,,albany,ny,12209,us
,,15183752004,,,,albany,ny,12204,us
,,16312684216,,,,amityville,ny,11701,us
,,19145981647,,,,armonk,ny,10504,us
,,19142195520,15167391010,elliot,ingber,armonk,ny,10504,us
,,12126349091,,,,armonk,ny,10504,us
,,19142732510,,,,armonk,ny,10504,us
tdaltro@smarthouse-ny.com,smarthouse@smarthouse-ny.com,17188100548,13473496164,,,astoria,ny,11106,us
,,19149627770,,,,baldwinplace,ny,10505,us
,,15853434050,,,,batavia,ny,14020,us
,,16077763690,,,,bath,ny,14810,us
,,12125184002,16315525165,rex,aguirre,bayport,ny,11705,us
contact@longislandav.com,,16319876786,,,,bohemia,ny,11716,us
,,16315638000,,brian,mcauliff,bohemia,ny,11716,us
info@smarterhomesolutionsny.com,,16315843536,19088945222,art,dirla,brentwood,ny,11717,us
info@envelopingsound.com,,19145020800,19143455600,,,briarcliffmanor,ny,10510,us
hello@sunrisesmarthome.com,info@sunrisesmarthome.com,16318996777,,,,bridgehampton,ny,11932,us
,,12127296244,,,,brooklyn,ny,11223,us
info@ahav.com,,13474709638,,,,brooklyn,ny,11249,us
,,19173485572,,,,brooklyn,ny,11230,us
,,18554534445,,,,brooklyn,ny,11211,us
,,12126205261,17187689340,gerry,parker,brooklyn,ny,11232,us
,,12122010847,18443244464,,,brooklyn,ny,11231,us
,,17185778707,,,,brooklyn,ny,11215,us
,,16692739580,,,,brooklyn,ny,11224,us
,,13322649746,18888872702,,,brooklyn,ny,11201,us
sales@pse-av.com,,13474604590,,alexey,malyshev,brooklyn,ny,11232,us
info@resolutionavnyc.com,,17187888362,,adam,wexler,brooklyn,ny,11205,us
,,17169840269,,,,buffalo,ny,14227,us
,,17162045889,,,,buffalo,ny,14221,us
,,17169128392,,,,buffalo,ny,14217,us
,,17163006544,,,,buffalo,ny,14222,us
,,17162760890,,,,buffalo,ny,14218,us
,,17168362100,18002842420,,,buffalo,ny,14215,us
,,17163819608,,,,buffalo,ny,14202,us
,,17168731437,,,,buffalo,ny,14214,us
,,17168362930,,,,buffalo,ny,14214,us
,,17168845391,,,,buffalo,ny,14225,us
sales@linstar.com,,17166319200,18006555454,jocelyn,johnson,buffalo,ny,14221,us
,,17162004218,,,,buffalo,ny,14212,us
,,17168564491,,,,buffalo,ny,14203,us
,,17168047471,,,,buffalo,ny,14207,us
,,17168846886,,,,buffalo,ny,14203,us
,,17164729904,,,,buffalo,ny,14207,us
,,17168227000,12000302523,,,buffalo,ny,14218,us
info@shades-unltd.com,,17168967393,17168915383,,,buffalo,ny,14225,us
,,17166848700,,,,buffalo,ny,14217,us
speakershop@verizon.net,u003espeakershop@verizon.net,17168371557,,,,buffalo,ny,14226,us
,,17169954201,,,,buffalo,ny,14210,us
,,17166884675,,,,buffalo,ny,14228,us
,,17168561182,,,,buffalo,ny,14202,us
info@smartspacesgroup.com,,16469929525,,,,canalstreet,ny,10013,us
info@buffaloaudiovisual.com,,17162184070,,,,cheektowaga,ny,14227,us
,,18455584576,,,,chester,ny,10918,us
,,17163592849,,,,clarencecenter,ny,14032,us
,,15183730770,18006940770,,,cliftonpark,ny,12065,us
sales@request.com,jobs@request.com,18002362812,15188991254,,,cliftonpark,ny,12065,us
rentals@saviusa.com,employment@saviusa.com,15183836501,15183836506,,,cliftonpark,ny,12065,us
shapiros@theaudio11.com,info@theaudio11.com,15186185500,,,,cohoes,ny,12047,us
,,18007746026,,,,colonie,ny,12205,us
info@hometecny.com,,15184758119,,,,colonie,ny,12205,us
,,15187865180,17327922112,terry,heath,colonie,ny,12205,us
,,15182901374,,,,corinth,ny,12822,us
,,19176875233,,,,cortlandtmanor,ny,10567,us
,,16317370444,,,,deerpark,ny,11729,us
info@jvnsystems.com,,18888274586,,,,deerpark,ny,11729,us
sales@sbdtech.com,,15184780373,,,,delmar,ny,12054,us
,,17166688308,,,,depew,ny,14043,us
kevin@connectedlivingsolutions.com,,17166880052,,,,eastamherst,ny,14051,us
info@comeseedave.com,,17163270985,15854241820,,,eastamherst,ny,14051,us
,,17166022112,,,,eastamherst,ny,14051,us
,,16316785994,,,,easthampton,ny,11937,us
,,16319025880,,,,easthampton,ny,11937,us
mail@ehelectric.net,,16313249000,,,,easthampton,ny,11937,us
zac@htgny.com,,16317713200,,,,easthampton,ny,11937,us
,,16313241237,,,,easthampton,ny,11937,us
,,16316044404,,,,easthampton,ny,11937,us
,,16316045070,16313535257,,,easthampton,ny,11937,us
u003evictor@vmeelectric.com,office@vmeelectric.com,16319535293,,,,easthampton,ny,11937,us
,,16314884080,,,,eastquogue,ny,11942,us
patrick@elevated-av.com,,16319962349,,,,eastquogue,ny,11942,us
info@innovativetechnologiesny.com,,16316532055,12000278934,david,girgenti,eastquogue,ny,11942,us
,,15852187390,,,,eastrochester,ny,14445,us
sales@audiovideocorp.com,,13154631946,15184497213,,,eastsyracuse,ny,13057,us
support@avsolution.us,sales@avsolution.us,19145023979,19144772041,,,eastchester,ny,10709,us
,,18453757701,19413227070,,,eastchester,ny,10709,us
,,17164629455,,,,eggertsville,ny,14226,us
,,15167155250,,,,elmont,ny,11003,us
corpav@corporate-av.com,faxcorpav@corporate-av.com,18004888408,19145929700,,,elmsford,ny,10523,us
sales@adwarvideo.com,,16317777070,16317777011,sam,adwar,farmingdale,ny,11735,us
,,16316943334,13057284280,,,farmingdale,ny,11735,us
,,16314147426,,,,farmingdale,ny,11735,us
,,18003160997,,,,farmingdale,ny,11735,us
,,13479797836,,,,foresthills,ny,11375,us
,,17185548699,,,,freshmeadows,ny,11366,us
,,15188590015,,,,gansevoort,ny,12831,us
,,15168827465,,,,gardencity,ny,11530,us
,,15167595483,,,,glencove,ny,11542,us
,,15166767748,,,,glencove,ny,11542,us
info@telstaris.com,,15166767700,,,,glencove,ny,11542,us
,,15184751491,,,,glenmont,ny,12077,us
,,15187923528,,,,glensfallsnorth,ny,12804,us
c.glenn@selectav.net,,15183386481,,,,glensfallsnorth,ny,12804,us
info@attywon.com,,15162802999,12123901005,,,greatneck,ny,11021,us
,,17182697156,12000341991,,,greatneck,ny,11021,us
,,17164513796,,,,hamburg,ny,14075,us
,,17166486565,,,,hamburg,ny,14075,us
office@acousticvisions.com,,16318026100,,,,hamptonbays,ny,11946,us
admin@greenersmarthomes.com,,16318770011,,,,hamptonbays,ny,11946,us
ken@popaudio.net,,16317025000,,,,hamptonbays,ny,11946,us
info@osbee.com,,19147776611,15613637130,dave,raines,harrison,ny,10528,us
,,16318597650,,,,hauppauge,ny,11788,us
u003einfo@audiointeriors.com,info@audiointeriors.com,16314344770,,,,hauppauge,ny,11788,us
info@hometheaterman.com,,16317804097,16312397411,,,hauppauge,ny,11788,us
,,16312735800,,,,hauppauge,ny,11788,us
,,16318687124,,,,hauppauge,ny,11788,us
dhong@gcintegrations.com,u003edhong@gcintegrations.com,18885938990,19144958660,,,hawthorne,ny,10532,us
,,19147479294,,,,hawthorne,ny,10532,us
,,15855400946,,,,henrietta,ny,14467,us
info@avprosny.com,,15165448500,18772440912,,,hicksville,ny,11801,us
,,16466043868,,,,hicksville,ny,11801,us
,,15165503900,,,,hicksville,ny,11801,us
info@unitedavrentals.com,,17327137624,,,,hicksville,ny,11801,us
info@islandavns.com,,16318867100,12000315505,,,holtsville,ny,11742,us
,,16312396755,16319960284,,,huntington,ny,11743,us
sales@sound-insight.com,,16312714434,,,,huntington,ny,11743,us
,,17168760711,,,,kenmore,ny,14217,us
,,13479514258,,,,latham,ny,12110,us
mkteam@microknowledge.com,support@microknowledge.com,15187861181,,kathleen,pingelski,latham,ny,12110,us
info@technical-video.com,,15188673020,,,,latham,ny,12110,us
,,15168805399,,,,lindenhurst,ny,11757,us
,,17185139735,,,,littleneck,ny,11362,us
info@northshoresounds.com,,17182240044,,,,littleneck,ny,11362,us
,,17164334973,,,,lockport,ny,14094,us
,,19293451008,13478680337,,,longislandcity,ny,11101,us
info@kraushi-tech.com,,12127538000,18008881212,,,longislandcity,ny,11106,us
,,17187866400,,,,longislandcity,ny,11101,us
,,15186295025,,,,malta,ny,12020,us
,,19144220071,,dean,valencic,mamaroneck,ny,10543,us
sales@audio1975.com,,15166277333,,,,manhasset,ny,11030,us
,,15163654434,,,,manhasset,ny,11030,us
,,16317658696,,,,mattituck,ny,11952,us
gary@nfav.com,,16312984545,17722902999,,,mattituck,ny,11952,us
,,15164216999,,,,melville,ny,11747,us
ninsidesales@leviton.com,nintl@leviton.com,18008243005,14254862222,,,melville,ny,11747,us
,,15163293790,,,,melville,ny,11747,us
,,15184788365,,,,menands,ny,12204,us
info@americancommunications.com,,15162038000,15165463000,,,merrick,ny,11566,us
info@electronicconcepts.net,,15164098888,,,,merrick,ny,11566,us
,,19142428881,,,,mtkisco,ny,10549,us
,,19147650461,,lou,gordon,mtkisco,ny,10549,us
,,16315855600,,,,nesconset,ny,11767,us
anthony@surveilcoli.com,,18884501008,,,,nesconset,ny,11767,us
,,18458206981,,,,newhampton,ny,10958,us
info@ihdny.com,,15164910037,18883151235,,,newhydepark,ny,11040,us
info@audiovisualnyc.com,,12126743333,,nathalie,tejada,newrochelle,ny,10801,us
vince@vincentdesigns.tv,,19146324884,,vincent,capece,newrochelle,ny,10801,us
info@avnyc.com,,12124648754,12122561445,,,newyork,ny,10018,us
sales@avworkshop.com,info@avworkshop.com,12126430040,12125645277,,,newyork,ny,10018,us
,,18002837181,,,,newyork,ny,10010,us
,,14153208465,,tim,kay,newyork,ny,10001,us
info@audiovideosnyc.com,,12126713330,17182192825,,,newyork,ny,10001,us
sales@brighthometheater.com,,16465857000,,,,newyork,ny,10018,us
,,19174551683,,,,newyork,ny,10001,us
info@cfxusa.com,,12123984542,13054205450,,,newyork,ny,10017,us
,,12129971110,16314884747,awele,nwaeze,newyork,ny,10018,us
eugene@fiksconsultants.com,info@fiksconsultants.com,19177944994,,,,newyork,ny,10018,us
%20%20info@hdhtech.com,info@hdhtech.com,18884494233,,,,newyork,ny,10018,us
sales@hteny.com,,19173970624,16314461000,alex,karoussos,newyork,ny,10016,us
jason@hifi-loft.com,,15189208090,15186882111,,,newyork,ny,10036,us
mark@hometheateradvisors.com,info@hometheateradvisors.com,16464501060,,mark,feinberg,newyork,ny,10128,us
,,16466411065,,robert,kelman,newyork,ny,10009,us
,,12129791273,,,,newyork,ny,10012,us
info@innovative.nyc,,12126344444,12123444444,,,newyork,ny,10155,us
info@avequipmentrental.nyc,,12127294305,18773495278,,,newyork,ny,10018,us
,,18884494233,,,,newyork,ny,10018,us
,,12123470077,12123472211,,,newyork,ny,10010,us
,,18334589328,,,,newyork,ny,10018,us
,,18664702244,19292850090,,,newyork,ny,10013,us
,,19295663424,16466930998,,,newyork,ny,10018,us
,,19174738077,,,,newyork,ny,10018,us
info@nycittech.com,,12126713330,,,,newyork,ny,10017,us
,,16469125050,,,,newyork,ny,10016,us
requests@nyctvmounted.com,,13478749843,,michael,kane,newyork,ny,10036,us
,,19179971917,,,,newyork,ny,10003,us
william@nexavt.com,,16468590306,16465030246,,,newyork,ny,10018,us
info@opus.one,,12123433030,,,,newyork,ny,10018,us
,,18008893751,,,,newyork,ny,10017,us
info@parkavenueaudio.com,,12126858101,,,,newyork,ny,10016,us
,,12127366350,,,,newyork,ny,10016,us
info@sageav.com,support@sageav.com,12122131523,,,,newyork,ny,10016,us
support@smarthomeworx.com,,12125376179,18669603109,,,newyork,ny,10018,us
rob@soundsightonline.com,chris@soundsightonline.com,12127600892,12127600695,,,newyork,ny,10001,us
,,16462266717,,,,newyork,ny,10025,us
info@standard-integration.com,,18667499526,12000321268,,,newyork,ny,10001,us
info@stereoexchange.com,,12125051111,,david,wasserman,newyork,ny,10003,us
,,12124019832,,,,newyork,ny,10013,us
,,16465728199,,,,newyork,ny,10018,us
,,19296494748,,frank,montesinos,newyork,ny,10001,us
office@technoconscious.com,,19174152670,,,,newyork,ny,10014,us
,,13477960427,,,,newyork,ny,10002,us
,,18668150099,,,,newyork,ny,10018,us
,,12032462011,,,,newyork,ny,10014,us
,,18668480505,14753634330,mark,motyl,newyork,ny,10014,us
,,12122494104,,,,newyork,ny,10024,us
,,19176223970,,,,newyork,ny,10003,us
info@einteractiveinc.com,,18554179783,,,,newyork,ny,10002,us
,,18662644844,,,,newyork,ny,10001,us
,,18555005329,,,,niagarafalls,ny,14305,us
,,17168703344,,,,niagarafalls,ny,14305,us
,,16313218969,,,,northbabylon,ny,11703,us
damondg@premieravdesigns.com,,19145095360,,,,northwhiteplains,ny,10603,us
info@hvhomemedia.com,,18456130640,19088945222,,,nyack,ny,10960,us
,,17169457100,,,,olean,ny,14760,us
cs@csautomation.net,extrusion@csautomation.net,15852654330,15852652608,,,ontario,ny,14519,us
sales@crownelectricsupply.com,,15852652480,15852652484,,,ontario,ny,14519,us
,,17166679473,,,,orchardpark,ny,14127,us
,,16315893000,,al,jackson,patchogue,ny,11772,us
,,15857872986,,,,penfield,ny,14526,us
,,15852720130,,,,penfield,ny,14526,us
steve@markethold.com,jeanne@markethold.com,15853838510,18007241779,,,penfield,ny,14526,us
consultation@simplesmart.tech,,18455583558,,john,nuzzolo,piermont,ny,10968,us
,,15857398253,,,,pittsford,ny,14534,us
,,15856338895,,,,pittsford,ny,14534,us
,,15852004832,,,,pittsford,ny,14534,us
general@welcomehomeliving.com,,15853834333,12000276068,,,pittsford,ny,14534,us
sales@audiovideoinvasion.com,,15163452636,,,,plainview,ny,11803,us
,,15166256060,,,,plainview,ny,11803,us
hello@lisoundandcinema.com,,15166269090,,,,plainview,ny,11803,us
info@techprohomeautomation.com,,15168455678,,,,plainview,ny,11803,us
info@alphastereo.com,,15185612822,,,,plattsburgh,ny,12901,us
,,19145924151,,,,portchester,ny,10573,us
info@enhanced-home.com,,19145604100,,alpesh,patel,portchester,ny,10573,us
paul@millennium-av.com,,19147840033,13025500032,,,putnamvalley,ny,10579,us
,,16317694141,,,,quogue,ny,11959,us
dave@dhometech.com,,16316537077,16317865077,,,quogue,ny,11959,us
,,15182861061,18669930393,,,rensselaer,ny,12144,us
,,15854541460,,,,rochester,ny,14610,us
,,15852546960,,,,rochester,ny,14606,us
support@actionsecuritygroup.com,,15852321410,,,,rochester,ny,14607,us
info@affordablesecuritysys.com,,15854244260,,,,rochester,ny,14623,us
dan@theatresupply.com,dan.swartout@theatresupply.com,15852729280,15852721156,,,rochester,ny,14623,us
,,15852271110,,,,rochester,ny,14626,us
,,15853255060,15853913035,,,rochester,ny,14605,us
,,15854361850,,,,rochester,ny,14623,us
,,15852241111,,,,rochester,ny,14619,us
solutions@bitstream.media,,15859436041,,richard,fairbrother,rochester,ny,14617,us
,,15852660346,,,,rochester,ny,14617,us
,,15854410055,,,,rochester,ny,14623,us
support@cstvmounting.com,,18445166100,,,,rochester,ny,14626,us
,,15852592293,15853295502,,,rochester,ny,14625,us
jamie@cheshireav.com,justin@cheshireav.com,15853254250,18773254250,,,rochester,ny,14624,us
,,18556288729,,,,rochester,ny,14620,us
,,18886854440,,steve,stookey,rochester,ny,14618,us
,,15853523333,,,,rochester,ny,14624,us
,,18666196969,,,,rochester,ny,14614,us
,,15852328800,,,,rochester,ny,14604,us
,,15852714640,,adam,goldfeder,rochester,ny,14607,us
,,15854538200,,,,rochester,ny,14626,us
,,18455580766,,,,rochester,ny,14604,us
,,15852720110,,,,rochester,ny,14623,us
,,15859029886,15853570415,,,rochester,ny,14625,us
,,15857308324,,,,rochester,ny,14624,us
,,15854829190,,,,rochester,ny,14609,us
langie@langieav.com,,15853854880,15853854882,,,rochester,ny,14623,us
kevin@leadertv.com,repair@leadertv.com,15853288181,13126548193,,,rochester,ny,14624,us
,,15852428888,,,,rochester,ny,14606,us
,,15852131243,,,,rochester,ny,14609,us
info@mqelectricalny.com,,15857499740,,,,rochester,ny,14609,us
info@marchandelec.com,,15854230462,,,,rochester,ny,14618,us
,,15853251080,,,,rochester,ny,14611,us
,,15854583150,,,,rochester,ny,14606,us
,,15852548840,,,,rochester,ny,14607,us
spamtrap@nleaudio.com,,15854295639,15855128260,,,rochester,ny,14624,us
calls@nicholselectric.com,,15855802102,15854499839,,,rochester,ny,14623,us
,,14435042613,,,,rochester,ny,14607,us
,,15852666725,,,,rochester,ny,14621,us
,,15853664125,,,,rochester,ny,14624,us
,,15852716311,,,,rochester,ny,14610,us
,,15852355980,,,,rochester,ny,14611,us
koosha@roctechsolution.com,,15854858655,,,,rochester,ny,14609,us
sales@rochauto.com,,15855943222,,,,rochester,ny,14624,us
,,15854143457,,,,rochester,ny,14622,us
,,15853600222,,,,rochester,ny,14618,us
,,15854884864,,,,rochester,ny,14623,us
,,15852040112,,,,rochester,ny,14608,us
,,15857700348,,,,rochester,ny,14626,us
,,15853251060,,,,rochester,ny,14623,us
,,18005669190,,,,rochester,ny,14625,us
,,15858658340,,,,rochester,ny,14615,us
,,13157583349,,,,rochester,ny,14604,us
,,15852271910,,,,rochester,ny,14626,us
,,18339444430,,,,rochester,ny,14608,us
,,15852715877,,,,rochester,ny,14618,us
,,15852548010,,,,rochester,ny,14606,us
,,18444847233,,,,rochester,ny,14623,us
,,15852093363,,,,rochester,ny,14604,us
,,18777368432,,,,rochester,ny,14610,us
,,16314944550,,,,rockypoint,ny,11778,us
info@iccautomation.com,,16315632000,12122883037,,,ronkonkoma,ny,11779,us
,,13475231566,,,,ronkonkoma,ny,11779,us
,,18665732873,12000259400,,,ronkonkoma,ny,11779,us
info@audiovideolongisland.com,,15168522156,17182192925,,,roslyn,ny,11576,us
,,17183660600,,,,roslynheights,ny,11577,us
,,19149397000,,tom,manna,ryebrook,ny,10573,us
,,15188595613,,drew,sweeney,saratogasprings,ny,12866,us
info@upstateautomation.com,,15182907300,15183681767,ken,schunk,saratogasprings,ny,12866,us
,,19142652222,,,,scarsdale,ny,10583,us
,,19144418828,,,,scarsdale,ny,10583,us
,,19147233344,,,,scarsdale,ny,10583,us
,,15183348270,,,,schenectady,ny,12303,us
u003esales@townetv.com,sales@townetv.com,15183551020,15183551061,,,schenectady,ny,12303,us
,,15166092800,,,,seacliff,ny,11579,us
info@hometheater.biz,,15166799700,,,,seaford,ny,11783,us
support@extremeavs.com,,16315199002,16314565007,,,smithtown,ny,11787,us
,,16312873300,,,,southampton,ny,11968,us
,,16312873733,,,,southampton,ny,11968,us
jaime@automatedideas.com,glenn@automatedideas.com,16312837444,16315488027,,,southampton,ny,11968,us
,,15162498800,,,,southampton,ny,11968,us
,,16312838181,,,,southampton,ny,11968,us
,,16315636930,,,,southampton,ny,11968,us
,,17187756913,,jak,daragjati,statenisland,ny,10309,us
,,15169316800,15169311020,roy,mussaffi,syosset,ny,11791,us
,,15163645599,15163646596,,,syosset,ny,11791,us
,,13154232000,,,,syracuse,ny,13206,us
info@audioservicesny.com,,18454403483,,,,tappan,ny,10983,us
,,19144165220,18339753555,,,tarrytown,ny,10591,us
john@advancedalarm.net,eric@advancedalarm.net,17166934597,17168853888,john,sperrazza,tonawanda,ny,14150,us
tech@digitalinstruments.com,sales@digitalinstruments.com,17168745848,,john,swanson,tonawanda,ny,14150,us
,,15187880508,,,,troy,ny,12180,us
,,19048446902,,,,troy,ny,12180,us
mike@livesoundinc.com,,15182799085,,mike,seddon,troy,ny,12180,us
sales@avdesigninc.com,,18668969856,16468737559,,,valhalla,ny,10595,us
contact@datawiresolutions.com,,19143154280,,,,valhalla,ny,10595,us
,,19145928372,,,,valhalla,ny,10595,us
,,19148351534,,,,valhalla,ny,10595,us
info@rayva.com,,18444672982,14253288640,theo,kalomirakis,valhalla,ny,10595,us
,,15854339000,,,,victor,ny,14564,us
sales@lippoliselectric.com,service@lippoliselectric.com,19147383550,18458551426,,,villageofpelham,ny,10803,us
info@viseramedia.com,,18776295133,,,,wappingersfalls,ny,12590,us
,,15856706870,,,,webster,ny,14580,us
,,15856710996,,,,webster,ny,14580,us
daniel@3dsoundandsecurity.com,,16315241188,,daniel,croce,westislip,ny,11795,us
,,17165394034,,,,westseneca,ny,14224,us
,,16312832133,12127865755,,,westhamptonbeach,ny,11978,us
info@shorelineconnected.com,,16312684553,,dylan,huber,westhamptonbeach,ny,11978,us
,,16312833455,16465803318,,,westhamptonbeach,ny,11978,us
,,19146862300,,,,whiteplains,ny,10606,us
,,19143327874,,,,whiteplains,ny,10605,us
getwav@westchesterav.com,,19149210099,,,,whiteplains,ny,10604,us
,,17166750256,,,,williamsville,ny,14221,us
,,17168008321,,,,williamsville,ny,14221,us
,,15165008021,,sean,purcell,woodbury,ny,11797,us
designteam@ultisound.com,,17187292111,12000283050,jack,borenstein,woodside,ny,11377,us
,,19144495046,,,,yonkers,ny,10710,us
,,19144542435,,,,yonkers,ny,10704,us
,,19142667268,19802727839,,,yonkers,ny,10704,us
info@lighting-boss.com,,13307337070,18888132677,,,akron,oh,44312,us
sales@pureavcorp.com,,13309079970,13307709575,,,akron,oh,44312,us
,,13306255227,13306485408,,,akron,oh,44304,us
mike@soundadviceofcinti.com,glang@soundadviceofcinti.com,15139431234,15135201613,greg,lang,amelia,oh,45102,us
,,19374260995,,,,beavercreek,oh,45440,us
,,18007997992,,,,beavercreek,oh,45434,us
sales@securitycamerasofdayton.com,,19373058491,15134490035,,,beavercreek,oh,45431,us
mdi@mdifilm.com,,12165394634,,,,bedford,oh,44146,us
,,14405331011,,,,bedfordheights,oh,44146,us
,,12165879510,,,,bedfordheights,oh,44128,us
,,15133519024,,,,blueash,oh,45242,us
,,18006766123,,,,blueash,oh,45242,us
,,13308359910,,,,broadviewheights,oh,44147,us
webinquiries@xtendav.com,,14405267500,,,,broadviewheights,oh,44147,us
rocky@lights.us.com,,14405391115,,,,brooklyn,oh,44144,us
,,12163256960,,,,brooklynheights,oh,44131,us
,,12348031100,,,,brunswick,oh,44212,us
,,19377239587,15132572432,rob,hopper,centerville,oh,45459,us
,,14407082424,14404874444,,,chagrinfalls,oh,44022,us
,,15135311111,,,,cincinnati,oh,45212,us
info@accessaudio.com,jobs@accessaudio.com,15137711500,15137711525,,,cincinnati,oh,45215,us
,,19375096872,,,,cincinnati,oh,45243,us
,,15137690871,,rob,raby,cincinnati,oh,45215,us
,,15132233957,15134434212,,,cincinnati,oh,45209,us
,,15137713525,,,,cincinnati,oh,45215,us
,,15134523187,,,,cincinnati,oh,45233,us
helpdesk@browncowtech.com,info@browncowtech.com,15134432269,15137287550,,,cincinnati,oh,45249,us
,,15137914663,,,,cincinnati,oh,45245,us
,,15135218800,,,,cincinnati,oh,45239,us
,,18774228665,,,,cincinnati,oh,45209,us
,,15134892500,,,,cincinnati,oh,45249,us
service@dialonesecurity.com,,15135274400,,,,cincinnati,oh,45227,us
,,18889802010,,,,cincinnati,oh,45226,us
,,15132716500,,,,cincinnati,oh,45227,us
employment@hansonav.com,,15135630444,19372936200,,,cincinnati,oh,45242,us
rentals@icbav.com,ian.budd@icbav.com,15132427400,15134824645,ian,budd,cincinnati,oh,45229,us
,,18008998877,,,,cincinnati,oh,45207,us
,,15137611990,,,,cincinnati,oh,45240,us
sales@justintimeav.com,,15133702011,19372038082,,,cincinnati,oh,45249,us
sales@kempercontrols.com,,15134690440,15135305088,,,cincinnati,oh,45242,us
,,15135540895,,,,cincinnati,oh,45242,us
,,15134210488,,,,cincinnati,oh,45215,us
,,15134696522,15134696505,,,cincinnati,oh,45226,us
,,15133519500,,,,cincinnati,oh,45237,us
,,15132718877,,,,cincinnati,oh,45244,us
info@mtlookouttv.com,,15133212830,,,,cincinnati,oh,45208,us
,,12345753787,,,,cincinnati,oh,45219,us
,,15139076663,,,,cincinnati,oh,45236,us
,,15132737343,15132731233,,,cincinnati,oh,45238,us
info@pixel.tech,,18596897451,,scott,burkhart,cincinnati,oh,45214,us
,,15132417475,,,,cincinnati,oh,45202,us
tony@prestigeav.com,cthompson@prestigeav.com,15136411600,18002943179,tony,ramstetter,cincinnati,oh,45237,us
info@qcipanels.com,,15132723900,15132723939,,,cincinnati,oh,45244,us
,,19379854364,,,,cincinnati,oh,45249,us
,,15138980511,,,,cincinnati,oh,45242,us
info@sheertec.com,,15138980511,,,,cincinnati,oh,45242,us
,,15133210083,,,,cincinnati,oh,45208,us
,,15133450782,,,,cincinnati,oh,45242,us
,,15135495737,,,,cincinnati,oh,45237,us
,,15132817500,15134717111,greg,games,cincinnati,oh,45255,us
tgalvin@uniquehomesystems.com,ngalvin@uniquehomesystems.com,15137910905,15132608391,tim,galvin,cincinnati,oh,45236,us
,,15133447701,,,,cincinnati,oh,45246,us
,,15132325200,,,,cincinnati,oh,45245,us
,,12166770180,,,,cleveland,oh,44113,us
,,12169413072,,,,cleveland,oh,44127,us
,,12162523000,,,,cleveland,oh,44111,us
,,12164089860,,,,cleveland,oh,44127,us
,,12162329424,,,,cleveland,oh,44103,us
,,14404629721,,,,cleveland,oh,44114,us
,,18883922278,,,,cleveland,oh,44113,us
,,12167812300,,,,cleveland,oh,44113,us
,,12166942000,12166212400,,,cleveland,oh,44114,us
,,14404619081,,,,cleveland,oh,44124,us
,,12167714444,,,,cleveland,oh,44115,us
,,12166921370,,,,cleveland,oh,44119,us
support@crescentdigital.com,,12163780360,,,,cleveland,oh,44115,us
,,14404730430,,,,cleveland,oh,44124,us
,,14409955900,,,,cleveland,oh,44143,us
sales@starlightingproducts.com,,18003923552,12134337500,,,cleveland,oh,44130,us
,,12162410668,,,,cleveland,oh,44114,us
,,18004494115,,,,cleveland,oh,44114,us
,,12162549848,,,,cleveland,oh,44120,us
,,14409693006,,,,cleveland,oh,44113,us
info@loroosecurity.com,,12168600020,,tom,knepper,cleveland,oh,44102,us
,,12165145023,,,,cleveland,oh,44125,us
,,12165145023,,,,cleveland,oh,44125,us
,,12162006682,,,,cleveland,oh,44144,us
ben@playitagainsam.com,,12162287330,12162090943,,,cleveland,oh,44107,us
info@proshowsound.com,,12162426969,,keith,steele,cleveland,oh,44129,us
,,12169304567,,,,cleveland,oh,44143,us
,,12162816600,,,,cleveland,oh,44102,us
,,12163765936,,,,cleveland,oh,44108,us
,,13305596278,,,,cleveland,oh,44113,us
info@verticalsoundpro.com,,12169399994,,,,cleveland,oh,44102,us
,,14407342322,14408276221,,,cleveland,oh,44126,us
,,16147051897,,,,columbus,oh,43201,us
contact@actualitymedia.co,,14193590891,,nathan,agin,columbus,oh,43215,us
,,16142193161,,,,columbus,oh,43202,us
communications@ansera.com,hello@ansera.com,,,,,columbus,oh,43219,us
,,16146835186,,,,columbus,oh,43230,us
vo@bestlightvideo.com,info@bestlightvideo.com,18554756779,,,,columbus,oh,43215,us
invoices@centralohav.com,artwork@centralohav.com,16148485222,18774328273,,,columbus,oh,43229,us
,,16148829029,,,,columbus,oh,43231,us
,,16143372339,,,,columbus,oh,43219,us
,,16142720270,,,,columbus,oh,43204,us
sales@dhdpros.com,support@dhdpros.com,16144532003,,,,columbus,oh,43235,us
,,16148488525,,,,columbus,oh,43231,us
,,16142743465,,,,columbus,oh,43204,us
,,16144399769,,,,columbus,oh,43231,us
,,16144488992,,,,columbus,oh,43215,us
field-services@imsohio.com,sales@imsohio.com,16142635301,,,,columbus,oh,43219,us
,,16142405999,,,,columbus,oh,43201,us
addressemailadmin@ipstechnow.com,admin@ipstechnow.com,16144681680,16143988436,dominic,sisi,columbus,oh,43229,us
,,16142597116,,,,columbus,oh,43207,us
,,16144567080,,,,columbus,oh,43219,us
,,16142946351,,,,columbus,oh,43219,us
,,16146964933,,,,columbus,oh,43206,us
,,16143108020,19374984784,,,columbus,oh,43228,us
,,16142628527,,,,columbus,oh,43224,us
,,16142910820,,,,columbus,oh,43212,us
,,16143894443,,,,columbus,oh,43235,us
,,16143609400,,,,columbus,oh,43240,us
nlambert@thetheaterpeople.com,info@thetheaterpeople.com,16146046327,,,,columbus,oh,43213,us
bob@tsicolumbus.com,,16148888055,,,,columbus,oh,43229,us
,,16142761997,,,,columbus,oh,43204,us
,,16145008990,,,,columbus,oh,43214,us
info@ivideo.com,,18003526150,14408919440,,,columbus,oh,43235,us
info@mediaobsessions.com,,13302944646,,jamie,schmid,cuyahogafalls,oh,44221,us
,,13309235933,12162920300,mike,woods,cuyahogafalls,oh,44221,us
,,18553380740,,,,dayton,oh,45414,us
,,19372931177,,,,dayton,oh,45420,us
,,19372650518,,,,dayton,oh,45426,us
,,19377654210,,jessie,miller,dayton,oh,45414,us
info@audioetc.tv,,19374349770,,,,dayton,oh,45459,us
,,19376080696,,,,dayton,oh,45402,us
,,19373870351,,,,dayton,oh,45439,us
,,19372336084,,,,dayton,oh,45404,us
tickets@daytonlive.org,info@daytonlive.org,19372283630,19376378100,,,dayton,oh,45402,us
,,19372542227,,,,dayton,oh,45431,us
,,19378392489,,,,dayton,oh,45415,us
,,19372744866,,,,dayton,oh,45414,us
,,19373847804,18007046313,,,dayton,oh,45449,us
hiring@deltapowergroup.com,info@deltapowergroup.com,18779133582,,,,dayton,oh,45402,us
,,19372245491,19372245492,,,dayton,oh,45402,us
,,19372754718,,,,dayton,oh,45404,us
,,19378296666,,,,dayton,oh,45414,us
,,19378252129,,,,dayton,oh,45403,us
sales@iacohio.com,,19378906215,18006446215,,,dayton,oh,45414,us
,,19379121197,,,,dayton,oh,45404,us
,,19377394300,,,,dayton,oh,45404,us
,,19372245492,,,,dayton,oh,45402,us
,,18889264748,,,,dayton,oh,45402,us
,,19372911123,,,,dayton,oh,45459,us
,,19373876980,,,,dayton,oh,45414,us
,,19378663377,18006797374,,,dayton,oh,45402,us
,,19378662028,,,,dayton,oh,45449,us
info@singervaughnelectric.com,,19379125790,,,,dayton,oh,45429,us
,,19372566200,,,,dayton,oh,45410,us
,,19372227469,,,,dayton,oh,45402,us
,,16144024585,,,,dublin,oh,43016,us
,,16144953700,,,,dublin,oh,43017,us
info@homeconnectnow.com,,16142199187,16143897060,,,dublin,oh,43017,us
nvminfo@newvisionmediainc.com,,16142220966,18774225650,jerrud,smith,dublin,oh,43017,us
info@premiereht.com,,16143693920,,,,dublin,oh,43016,us
,,16142611272,,,,dublin,oh,43017,us
,,16147991920,17143671124,,,dublin,oh,43017,us
,,16145598675,16145947475,,,dublin,oh,43017,us
,,18776645483,,,,etna,oh,43018,us
,,12165121920,,,,euclid,oh,44132,us
service@connectyou.tech,,16147052555,,,,gahanna,oh,43230,us
,,16149390802,16149390805,john,senters,gahanna,oh,43230,us
contact@uscande.com,,12164780810,12164780829,,,garfieldheights,oh,44128,us
,,18005568556,,,,grovecity,oh,43123,us
,,18887750651,,,,hinckley,oh,44233,us
info@htstoledo.com,,14197206979,,,,holland,oh,43528,us
,,19376434037,,,,kettering,oh,45429,us
applicationscleveland@lightingsystemscol.com,,16148766722,12343801690,scott,fenton,lewiscenter,oh,43035,us
support@radianttech.net,sales@radianttech.net,16144018324,18003484008,greg,myers,lewiscenter,oh,43035,us
info@yoursmarthome.com,,15132318555,,,,loveland,oh,45140,us
,,15135125581,,,,loveland,oh,45140,us
,,15137594477,,tommy,brand,loveland,oh,45140,us
,,15135004780,,,,maineville,oh,45039,us
info@hornernetworks.com,,14403685649,,shane,horner,mentor,oh,44060,us
,,14409424132,,bill,tompkins,mentor,oh,44060,us
,,18002282790,,,,miamisburg,oh,45342,us
,,19374355550,,,,miamisburg,oh,45342,us
,,12164317300,,,,middleburgheights,oh,44130,us
,,15137933737,,,,montgomery,oh,45242,us
services@hsisecurity.com,,19374796628,16145830958,,,moraine,oh,45439,us
,,15135351518,,,,moraine,oh,45439,us
,,12164406179,,,,northridgeville,oh,44039,us
,,14405824434,14403685649,shane,horner,northroyalton,oh,44133,us
,,18003511155,,,,northroyalton,oh,44133,us
,,14403540095,,,,painesville,oh,44077,us
,,12167727615,,,,parma,oh,44129,us
,,14408456363,,,,parmaheights,oh,44130,us
,,17409641198,,,,pataskala,oh,43062,us
info@bcicontrols.com,,16143343300,16143349004,,,powell,oh,43065,us
info@ccgautomation.com,,13306595082,,,,richfield,oh,44286,us
,,12163748458,,,,sevenhills,oh,44131,us
,,12166661469,,,,shakerheights,oh,44120,us
,,14403494900,,,,solon,oh,44139,us
,,12165955155,,,,solon,oh,44139,us
,,19375912457,,,,springfield,oh,45505,us
,,13306565205,,,,stow,oh,44224,us
dayne@utssohio.com,,16147472050,16149321444,dayne,shick,sunbury,oh,43074,us
,,15138317728,,,,terracepark,oh,45174,us
,,19373450525,,,,tippcity,oh,45371,us
sales@centuriondyt.com,,19375525669,,,,troy,oh,45373,us
,,19377780857,,,,troy,oh,45373,us
atozaudio@atozaudio.com,typeset@atozaudio.com,14403330040,14164938900,,,valleyview,oh,44125,us
info@bit-techs.com,,19377230173,18333438248,,,vandalia,oh,45377,us
,,19378825276,,,,vandalia,oh,45377,us
info@hesohio.com,,13307349394,,,,wadsworth,oh,44281,us
,,19374351806,,,,westcarrollton,oh,45449,us
,,15138700098,,,,westchestertownship,oh,45246,us
sales@controllingtech.net,,15137881488,,,,westchestertownship,oh,45246,us
,,15138748700,,,,westchestertownship,oh,45246,us
,,16148650776,,,,westerville,oh,43082,us
,,17409367767,,,,westerville,oh,43081,us
,,16147380841,,,,westerville,oh,43081,us
,,16148917600,16148917501,,,westerville,oh,43081,us
,,14409305117,12167897654,,,westlake,oh,44145,us
,,14409305117,12167897654,,,westlake,oh,44145,us
hayley@jpatrickav.com,,14404947633,,,,wickliffe,oh,44092,us
,,16142857468,,,,worthington,oh,43085,us
paul@smartsuinc.com,,13303188134,,,,youngstown,oh,44514,us
,,19188505994,,ron,straley,bixby,ok,74008,us
infinitytulsa@yahoo.com,,19187048014,19185186785,,,bixby,ok,74008,us
,,19183663700,,,,bixby,ok,74008,us
,,19182505353,,,,brokenarrow,ok,74012,us
,,19186984101,,john,mitchell,brokenarrow,ok,74012,us
sales@customtechplus.com,,19182516303,,,,brokenarrow,ok,74012,us
,,18334387548,,,,brokenarrow,ok,74012,us
,,19186221988,,,,brokenarrow,ok,74012,us
info@thesmarthomeexperience.com,,19186390759,19183021984,,,brokenarrow,ok,74011,us
,,14056703377,14058567608,pat,redpath,delcity,ok,73115,us
,,14057491866,,,,edmond,ok,73013,us
,,14054785432,14053776827,,,edmond,ok,73013,us
steve@greatchoiceav.com,david@greatchoiceav.com,14055096422,,,,edmond,ok,73034,us
,,14053484300,14055947940,,,edmond,ok,73013,us
,,14052860844,,,,edmond,ok,73013,us
,,14054714083,,,,edmond,ok,73013,us
,,18009756054,,,,edmond,ok,73012,us
,,19186360391,19186260391,,,jenks,ok,74037,us
,,14057329000,,,,midwestcity,ok,73130,us
info@avd.org,,14057997555,,,,moore,ok,73160,us
,,14056347900,14052101567,,,oklahomacity,ok,73128,us
sales@acousticdesignsok.com,,14059235459,,,,oklahomacity,ok,73127,us
em@acgent.com,,14052568834,,,,oklahomacity,ok,73123,us
,,14055133093,,,,oklahomacity,ok,73116,us
,,14056092828,,,,oklahomacity,ok,73129,us
,,14054324241,,,,oklahomacity,ok,73128,us
,,14057949800,,,,oklahomacity,ok,73129,us
,,14056107455,,,,oklahomacity,ok,73135,us
jamesh@communicateone.net,tylert@communicateone.net,14056981850,14059902652,bob,mills,oklahomacity,ok,73114,us
,,14056828800,14056860905,britt,gotcher,oklahomacity,ok,73127,us
,,14052392800,,,,oklahomacity,ok,73112,us
dallas@dallasprosound.com,,14055147885,14056257039,,,oklahomacity,ok,73127,us
,,14057820400,,,,oklahomacity,ok,73127,us
,,14053889380,,,,oklahomacity,ok,73104,us
info@earthsmartcontrols.com,,14057788008,,,,oklahomacity,ok,73118,us
,,14052957233,,,,oklahomacity,ok,73106,us
sforopel@greatplainsaudio.com,,19513472732,,francisco,jileta,oklahomacity,ok,73127,us
info@hetronic.com,,14059463574,,,,oklahomacity,ok,73112,us
,,14056010625,,,,oklahomacity,ok,73169,us
,,14054679480,,,,oklahomacity,ok,73108,us
jrhines@lonestarelectricsupply.com,jdaggs@lonestarelectricsupply.com,14057782500,18328553400,kevin,hogan,oklahomacity,ok,73128,us
,,14059920258,,,,oklahomacity,ok,73129,us
,,14059177720,,,,oklahomacity,ok,73119,us
,,14052334343,,,,oklahomacity,ok,73162,us
,,14059920258,,,,oklahomacity,ok,73129,us
,,14052425042,14053539595,founding,partner,oklahomacity,ok,73131,us
,,14054456589,14055095465,,,oklahomacity,ok,73116,us
,,14056050101,,,,oklahomacity,ok,73139,us
,,14055705103,,,,oklahomacity,ok,73116,us
,,18883657770,,,,oklahomacity,ok,73118,us
hello@smartspacesok.com,,14057521115,,,,oklahomacity,ok,73120,us
estewart@smithlighting.com,mdemario@smithlighting.com,14055210093,,,,oklahomacity,ok,73105,us
info@sosmartsecurity.com,,14052001261,,arlen,speakman,oklahomacity,ok,73114,us
,,14055493880,,,,oklahomacity,ok,73120,us
,,14056081199,,,,oklahomacity,ok,73116,us
,,14052856938,,,,oklahomacity,ok,73108,us
,,14058435090,14056082360,,,oklahomacity,ok,73116,us
fred@uniquehomeaudio.com,eric@uniquehomeaudio.com,14058163766,14055131086,,,oklahomacity,ok,73116,us
,,14057213764,,,,oklahomacity,ok,73132,us
,,14052311912,14052311998,jeff,bezdek,oklahomacity,ok,73102,us
info@ecsliving.com,,19182360273,,jason,evans,sandsprings,ok,74063,us
jason@thetvpros.com,,19184309996,,,,skiatook,ok,74070,us
,,19189946450,,,,tulsa,ok,74146,us
,,19182612817,,,,tulsa,ok,74128,us
,,19182706600,,,,tulsa,ok,74105,us
info@audioadvicetulsa.com,,19186641933,,,,tulsa,ok,74146,us
,,19187942583,,,,tulsa,ok,74115,us
,,14056234757,,,,tulsa,ok,74145,us
info@bluespeedllc.com,,19188563547,19182843644,,,tulsa,ok,74145,us
brandon@bluecouchstudio.com,,14059906688,,,,tulsa,ok,74120,us
info@clarkavl.com,,19185683194,,,,tulsa,ok,74132,us
,,19182910092,,,,tulsa,ok,74133,us
,,19182990510,,,,tulsa,ok,74119,us
,,19189488198,13367774328,,,tulsa,ok,74146,us
,,19183827278,19186414991,,,tulsa,ok,74104,us
emeasales@enovationcontrols.com,indiasales@enovationcontrols.com,19183174100,19183174266,,,tulsa,ok,74146,us
,,19187272104,12083599944,chet,taylor,tulsa,ok,74137,us
info@ico-inc.com,,19188342770,,,,tulsa,ok,74112,us
,,19189654357,,,,tulsa,ok,74146,us
,,19184949675,,,,tulsa,ok,74133,us
,,19184254446,,,,tulsa,ok,74115,us
,,19186712991,,,,tulsa,ok,74103,us
sales@kazaraudiovideo.com,,19182890283,,,,tulsa,ok,74120,us
,,19185516196,,,,tulsa,ok,74120,us
,,19187047676,,,,tulsa,ok,74146,us
,,18558957680,,,,tulsa,ok,74103,us
,,19186224978,,,,tulsa,ok,74145,us
,,19188387777,,,,tulsa,ok,74116,us
,,19186098400,,,,tulsa,ok,74117,us
info@limitlessavl.com,,19185263939,,cody,beyer,tulsa,ok,74145,us
email@mediaconcepts.tv,,19182523600,19182501155,,,tulsa,ok,74137,us
newavesolutionssales@newavesolutions.com,info@newavesolutions.com,19182892093,14056698209,,,tulsa,ok,74105,us
info@newavetulsa.com,,19186055409,19189065409,,,tulsa,ok,74146,us
,,19188328800,,,,tulsa,ok,74112,us
admin@phostulsa.com,info@phostulsa.com,19187470100,,,,tulsa,ok,74107,us
,,19187449777,,,,tulsa,ok,74104,us
,,19184171454,,,,tulsa,ok,74145,us
,,19186227110,,,,tulsa,ok,74135,us
,,19185165016,,,,tulsa,ok,74110,us
,,19188369092,19188369066,,,tulsa,ok,74145,us
,,13236937963,,,,tulsa,ok,74137,us
,,19182507641,,,,tulsa,ok,74146,us
roderick@tulsahomeanddesign.com,,19182214282,,,,tulsa,ok,74104,us
contact@tulsasurvtech.com,,19182213226,,,,tulsa,ok,74145,us
,,19184039072,,,,tulsa,ok,74145,us
,,19189407180,19186061138,keith,carroll,tulsa,ok,74146,us
,,19184950586,,,,tulsa,ok,74136,us
,,19182890880,,keith,schultz,tulsa,ok,74112,us
,,14056009239,,,,warracres,ok,73122,us
,,16476977525,,,,burlington,on,705,us
,,15197379971,,,,tecumseh,on,903,us
,,15199691610,15194538288,,,windsor,on,925,us
glaughton@mvcc.ca,hr@mvcc.ca,12267870622,15873498252,,,windsor,on,827,us
info@advantageaudio-visual.com,,15034813933,,,,beaverton,or,97006,us
spencer@eliteportland.com,,19716451851,,,,beaverton,or,97078,us
,,15034687067,,,,beaverton,or,97006,us
randy@klasstech.com,sales@klasstech.com,18885527832,15036434400,,,beaverton,or,97008,us
,,15038035011,,,,beaverton,or,97008,us
hello@protechpdx.com,,15037474872,15037572818,,,beaverton,or,97008,us
,,18005033800,13094513999,,,beaverton,or,97006,us
info@tekologyinc.com,,18558356564,,,,beaverton,or,97008,us
video@aceofheartsfilms.com,,15417283144,,,,bend,or,97701,us
admin@asebend.com,,15413068854,,,,bend,or,97702,us
,,15038882515,,,,bend,or,97701,us
kyle@centraloregonav.com,service@centraloregonav.com,15414200295,,,,bend,or,97702,us
,,15414207355,,,,bend,or,97702,us
sales@enhanceav.net,,15416684940,,,,bend,or,97702,us
matt@handinhandproductions.com,info@handinhandproductions.com,15416337476,,matt,hand,bend,or,97701,us
sales@hssbend.com,info@hssbend.com,15416107915,,austin,arruda,bend,or,97701,us
,,18884726306,,,,bend,or,97702,us
,,15419480207,,graham,hausler,bend,or,97701,us
,,15417280758,,,,bend,or,97702,us
freddie@revelproav.com,,15412054249,,,,bend,or,97701,us
,,14586009194,,,,bend,or,97703,us
,,15416393545,,,,bend,or,97701,us
info@mysecuracore.com,,15412418114,,matt,schaberg,bend,or,97701,us
,,15412809391,,jerry,ellis,bend,or,97702,us
,,15413829062,,,,bend,or,97702,us
,,15413124332,,,,bend,or,97701,us
,,15413829062,,,,bend,or,97703,us
info@tailoredaudiovideo.com,,15416687493,,,,bend,or,97703,us
,,15419485095,18338327678,ron,wanless,bend,or,97701,us
,,15413906208,18778575419,,,bend,or,97701,us
,,15412453100,,dennis,lane,centralpoint,or,97502,us
info@experiencevelara.com,,15035060586,,,,clackamas,or,97015,us
,,15035151192,,jason,gotz,damascus,or,97089,us
,,15032126488,13604696829,,,damascus,or,97089,us
,,15039070137,,,,gresham,or,97030,us
,,15039985420,,,,gresham,or,97030,us
,,18882833293,,,,gresham,or,97030,us
,,15038884313,,,,hillsboro,or,97124,us
info@avautomationpros.com,,19713081864,18334581775,,,hoodriver,or,97031,us
,,15036205657,15416545418,curtis,moore,lakeoswego,or,97035,us
,,15039103514,15038459633,,,lakeoswego,or,97035,us
,,18004569657,15036849611,,,lakeoswego,or,97035,us
info@avawakenings.com,,15039410150,,,,lakeoswego,or,97034,us
,,15035343710,,,,lakeoswego,or,97035,us
,,15417918140,,,,lakeoswego,or,97035,us
info@pdx.iyhusa.com,,15034432424,,,,lakeoswego,or,97035,us
,,15035346180,,,,lakeoswego,or,97035,us
,,15035989948,,,,lakeoswego,or,97035,us
,,15036355253,,,,lakeoswego,or,97035,us
,,15033187973,,,,lakeoswego,or,97035,us
,,19714096726,,,,lakeoswego,or,97035,us
,,15036454000,,,,lakeoswego,or,97035,us
inquiry@pointmonitor.com,,15036270100,14252090499,mark,higgins,lakeoswego,or,97035,us
sales@quailtech.com,,15032396986,18775028444,,,lakeoswego,or,97035,us
,,18777155439,,,,lakeoswego,or,97035,us
,,18889086649,,kory,roth,milwaukie,or,97222,us
info@networkspdx.com,,19719154420,,,,milwaukie,or,97222,us
support@oregonoutdoorlighting.com,,15033138580,,,,oregoncity,or,97045,us
,,19714843630,,,,oregoncity,or,97045,us
contact@ak.systems,,15038803995,,,,portland,or,97229,us
,,15035466415,,,,portland,or,97211,us
,,15037771203,,,,portland,or,97206,us
,,15035507596,,,,portland,or,97215,us
,,15038275750,,,,portland,or,97239,us
,,19713039493,,,,portland,or,97214,us
,,18004269806,18885759992,,,portland,or,97212,us
sales@bridgecitymedia.com,,13603345589,,erik,croswell,portland,or,97227,us
,,15037885777,15035403423,,,portland,or,97086,us
,,15032579696,,bill,glasbrenner,portland,or,97216,us
sales@chelseaaudiovideo.com,,15036413533,,,,portland,or,97223,us
,,15032658494,,,,portland,or,97227,us
,,18443052665,,brian,cook,portland,or,97220,us
,,15032362875,,,,portland,or,97206,us
,,15032283441,,,,portland,or,97201,us
,,18882483246,,,,portland,or,97221,us
,,15032249400,,,,portland,or,97209,us
contactme@fredsoundofmusic.com,,15032345341,,,,portland,or,97214,us
info@huserintegrated.com,,15032276688,,,,portland,or,97209,us
,,15038223500,18445383766,,,portland,or,97209,us
,,16262432747,,,,portland,or,97214,us
careers@lumald.com,,15032263905,12065968606,,,portland,or,97204,us
jason@leftmindmedia.com,,15036103407,15038536189,alex,engar,portland,or,97232,us
store@pdxloungelizard.com,,15034526940,,,,portland,or,97214,us
info@lupensystems.com,,13606546064,,,,portland,or,97217,us
,,15032086246,,,,portland,or,97202,us
,,15032354656,,,,portland,or,97206,us
,,15036205670,,,,portland,or,97223,us
,,15034845700,,,,portland,or,97214,us
nathan@omniwireinc.com,,15039066355,15035166262,,,portland,or,97233,us
,,15032222599,,,,portland,or,97209,us
hello@peoplesav.com,,15039335116,,,,portland,or,97214,us
,,15032225083,18662225083,casey,phillips,portland,or,97219,us
,,15032353456,,,,portland,or,97232,us
,,15037204167,,,,portland,or,97236,us
justin@pcg.live,info@pcg.live,15033439700,,justin,hamilton,portland,or,97206,us
,,15032324889,,,,portland,or,97214,us
info@projectus.com,,15035988968,,doug,obrien,portland,or,97224,us
,,18773884001,18009623111,,,portland,or,97266,us
support@region6.systems,office@region6.systems,18888664251,,,,portland,or,97209,us
rfp@seamlessevents.com,,15032300222,,laurel,miller,portland,or,97214,us
,,18007169964,,,,portland,or,97214,us
,,15037135246,,,,portland,or,97223,us
info@stereotypesaudio.com,,15032800910,15032842662,teri,inman,portland,or,97214,us
,,19712558463,19712258463,,,portland,or,97211,us
,,17202959693,,,,portland,or,97212,us
,,15038037700,,,,portland,or,97212,us
,,15034421963,,,,portland,or,97239,us
hello@youngelectricco.com,,15037069867,,,,portland,or,97225,us
,,15418973215,,,,portland,or,97214,us
,,15414806299,,,,redmond,or,97756,us
,,19713396004,,,,scappoose,or,97056,us
,,15036162779,,,,tigard,or,97223,us
,,15037655122,,,,tigard,or,97223,us
,,15034727402,,,,tigard,or,97224,us
,,15036188198,,,,troutdale,or,97060,us
info@leonsgates.com,,19714591220,13609978960,,,tualatin,or,97062,us
info@myriadhes.com,,15037228180,,grove,hunt,westlinn,or,97068,us
,,15035988815,,,,wilsonville,or,97070,us
,,12675228298,,,,bensalem,pa,19020,us
brian@innovativeavd.com,,12673322010,,,,bensalem,pa,19020,us
,,17176778770,,,,biglerville,pa,17307,us
,,14122060400,,,,bridgeville,pa,15017,us
info@phoenixav.com,,16109106251,16103409052,,,broomall,pa,19008,us
,,17179391807,,,,camphill,pa,17011,us
,,17177614113,18003821431,robert,grim,camphill,pa,17011,us
sales@goosebumpshome.com,,17249413326,14129523511,randy,evans,canonsburg,pa,15317,us
,,14122795611,,,,carnegie,pa,15106,us
,,17244505477,,,,carnotmoon,pa,15108,us
info@futurecommunications.biz,,14128536953,,,,cecilbishop,pa,15321,us
info@wiredintegrations.com,,17176589935,,,,chambersburg,pa,17202,us
,,12672258863,,,,cheltenhamvillage,pa,19012,us
,,14842638634,,,,chestersprings,pa,19425,us
sales@dumpyourcable.com,,17249456154,17242924713,,,cokeburg,pa,15324,us
,,16104506580,,,,collegeville,pa,19426,us
,,12157899388,,,,collingdale,pa,19023,us
sales@artisticvs.com,,16102820632,,brian,dierolf,coopersburg,pa,18036,us
,,17247723131,,,,cranberrytwp,pa,16066,us
,,17176021488,,,,dillsburg,pa,17019,us
,,16105182200,,,,downingtown,pa,19335,us
,,14128242264,,,,eastpittsburgh,pa,15112,us
info@mmsproav.com,,12677139876,,nik,mondo,essington,pa,19029,us
,,16105211765,,,,essington,pa,19029,us
rick@avccom.com,u003erick@avccom.com,16104308300,,,,exton,pa,19341,us
john@surroundsounds.com,info@surroundsounds.com,16105246900,,ron,mcgill,exton,pa,19341,us
sales@video-visions.com,,12159426642,12676846819,arthur,milanese,feastervilletrevose,pa,19053,us
,,16108103344,,thomas,moser,garnetvalley,pa,19060,us
,,14844128108,12020701325,,,gladwyne,pa,19035,us
,,16104598448,,,,glenmills,pa,19342,us
,,17177900454,,,,hampdentownship,pa,17050,us
,,17179162518,,,,hanover,pa,17331,us
sales@nyetechnicalservices.com,,17242041750,,bud,nye,harmony,pa,16037,us
,,17175265505,,,,harrisburg,pa,17111,us
,,17176950699,,,,harrisburg,pa,17104,us
,,17174410546,12153541420,,,harrisburg,pa,17101,us
contactrequest@andersonaudio.com,,17175580003,,,,harrisburg,pa,17111,us
,,17179097000,,,,harrisburg,pa,17112,us
sales@ce3s.com,,18009550225,,,,harrisburg,pa,17111,us
,,17172082325,,,,harrisburg,pa,17111,us
,,17172338711,,,,harrisburg,pa,17111,us
,,17176573427,,,,harrisburg,pa,17111,us
,,17175641515,17175643675,,,harrisburg,pa,17111,us
,,17172368733,,,,harrisburg,pa,17111,us
info@gamuttheatre.org,,17172384111,,clark,nicholson,harrisburg,pa,17101,us
,,17172044569,17172324328,,,harrisburg,pa,17104,us
,,17172811083,,,,harrisburg,pa,17111,us
,,17175451293,,,,harrisburg,pa,17112,us
,,17172388123,15703448293,,,harrisburg,pa,17102,us
,,17178367366,,,,harrisburg,pa,17112,us
,,17173653300,,,,harrisburg,pa,17110,us
,,17172329743,18003821319,,,harrisburg,pa,17110,us
info@mediamadeeasy.com,,18778605255,,,,harrisburg,pa,17111,us
,,17175768442,,,,harrisburg,pa,17112,us
kfoltz@momentumsound.com,,17179822012,,,,harrisburg,pa,17112,us
,,12232399226,,,,harrisburg,pa,17104,us
,,17172160000,,,,harrisburg,pa,17111,us
,,17172326736,,,,harrisburg,pa,17101,us
chuck@paentertainmentgroup.com,,17175543885,,chuck,farrell,harrisburg,pa,17103,us
,,17178894865,17175550123,,,harrisburg,pa,17101,us
,,17172331621,,,,harrisburg,pa,17111,us
,,17175804948,,,,harrisburg,pa,17110,us
,,17174613555,,,,harrisburg,pa,17110,us
,,17175642230,,,,harrisburg,pa,17111,us
customersupport@yaleelectricsupply.com,,17172338401,17176966426,,,harrisburg,pa,17111,us
,,12156728805,,,,hatboro,pa,19040,us
info@smarthomehifi.com,,12154123600,,,,hatfield,pa,19440,us
,,12154369011,,,,havertown,pa,19083,us
,,17179250098,,,,hummelstown,pa,17036,us
info@audiogeneral.com,,12672880300,12672880301,,,huntingdonvalley,pa,19006,us
info@vtxauto.com,,12153226788,12153222816,hans,schoenberger,huntingdonvalley,pa,19006,us
,,17244630110,,,,indiana,pa,15701,us
support@kineticsav.com,,14129771939,,,,jeffersonhills,pa,15025,us
,,12152062727,12152771087,paul,sandquist,jenkintown,pa,19046,us
,,18889619700,,,,kingofprussia,pa,19406,us
,,16109929300,,larry,korff,kingofprussia,pa,19406,us
netflixhousepr@netflix.com,,16105107248,,,,kingofprussia,pa,19406,us
,,17172955555,,,,lancaster,pa,17602,us
,,17177012275,,,,lancaster,pa,17603,us
,,17176532700,,,,lancaster,pa,17601,us
,,16107189801,,,,lansdale,pa,19446,us
solutions@control-point.com,support@control-point.com,17173893333,,,,lebanon,pa,17042,us
info@lumapgh.com,,14123430348,,,,leetsdale,pa,15056,us
info@sapgh.com,,14123430348,14124340348,tom,pieracki,leetsdale,pa,15056,us
,,17179752800,,,,lemoyne,pa,17043,us
don@omniisinc.com,jeff@omniisinc.com,17177302666,17177302670,don,powell,lemoyne,pa,17043,us
info@iavdesign.com,sales@iavdesign.com,17178028346,,,,lemoyne,pa,17043,us
,,17176264000,,,,lititz,pa,17543,us
,,17176178096,,,,lititz,pa,17543,us
,,16103638585,,joe,lusi,malvern,pa,19355,us
info@martincomm.com,,14124980157,14123313939,,,mckeesrocks,pa,15136,us
,,17174730533,,,,mechanicsburg,pa,17055,us
info@genesistech.net,,17172829859,,,,mechanicsburg,pa,17055,us
david@grimwoodllc.com,,18773076034,,,,mechanicsburg,pa,17055,us
,,17178148577,,,,mechanicsburg,pa,17055,us
,,17177615177,,,,mechanicsburg,pa,17055,us
,,17179144344,17175101622,,,middletown,pa,17057,us
,,17179964596,,,,middletown,pa,17057,us
steve@solutionsavt.com,,14847693336,,,,mohnton,pa,19540,us
,,12153688343,18669617781,,,montgomeryville,pa,18936,us
alan@avinnovationsllc.com,,14124982363,,,,morgan,pa,15064,us
info@automated-lifestyles.com,service@automated-lifestyles.com,18005707789,15705651358,larry,supon,mtcobb,pa,18436,us
,,15702208165,,,,newcolumbia,pa,17856,us
,,17177742222,17174369044,,,newcumberland,pa,17070,us
mark@affordableaudioandvideo.com,%20mark@affordableaudioandvideo.com,12154313024,,,,newtown,pa,18940,us
,,16106321909,16105799929,,,newtownsquare,pa,19073,us
,,14094075901,,,,newtownsquare,pa,19073,us
,,18005309650,,,,norristown,pa,19401,us
leon@runawayrecordsproductions.com,,14124452729,14122792680,,,oakdale,pa,15071,us
,,17243371685,,,,oakmont,pa,15139,us
contact@nestology.pro,info@nestology.pro,17172987889,17173681178,,,palmyra,pa,17078,us
,,12154629379,,,,philadelphia,pa,19145,us
,,18006955943,,,,philadelphia,pa,19137,us
,,12155455293,,,,philadelphia,pa,19131,us
,,12677216010,,,,philadelphia,pa,19131,us
,,12675074350,,,,philadelphia,pa,19147,us
,,18007939044,,,,philadelphia,pa,19146,us
info@d24ksound.com,,12157391670,,,,philadelphia,pa,19122,us
support@deluxetechllc.com,,12154540473,16094310367,,,philadelphia,pa,19122,us
,,12672974482,,scott,lipner,philadelphia,pa,19122,us
,,12672395686,,,,philadelphia,pa,19132,us
,,12679707377,,,,philadelphia,pa,19115,us
boxoffice@interacttheatre.org,oxoffice@interacttheatre.org,12155688079,,seth,rozin,philadelphia,pa,19102,us
,,12154692277,,,,philadelphia,pa,19114,us
,,12154549136,,,,philadelphia,pa,19102,us
,,12156089630,,,,philadelphia,pa,19102,us
,,12159390728,,,,philadelphia,pa,19106,us
info@pantherproaudio.com,,12153569125,,daniel,kishbaugh,philadelphia,pa,19120,us
walter@phillysound.com,,12153822616,,,,philadelphia,pa,19143,us
,,18443944420,,,,philadelphia,pa,19138,us
info@springboardautomation.com,,12159887771,12127062600,everett,katzen,philadelphia,pa,19103,us
livehappy@yoursuperhome.com,,12154691387,,,,philadelphia,pa,19128,us
,,12155501291,,,,philadelphia,pa,19118,us
,,12678080028,,operator,pratt,philadelphia,pa,19134,us
info@vuworld.net,,12155378800,,,,philadelphia,pa,19134,us
,,12672168321,,,,philadelphia,pa,19107,us
,,16104070776,,,,phoenixville,pa,19460,us
,,14125311314,,,,pittsburgh,pa,15217,us
,,18004561977,,,,pittsburgh,pa,15222,us
john@alpineadvancements.com,,14129990230,,,,pittsburgh,pa,15237,us
,,14127882280,,,,pittsburgh,pa,15275,us
,,14127817140,,,,pittsburgh,pa,15215,us
,,14127167114,18445820444,,,pittsburgh,pa,15237,us
,,18334300430,,,,pittsburgh,pa,15208,us
,,14123670235,,,,pittsburgh,pa,15237,us
,,14128854327,,,,pittsburgh,pa,15210,us
,,14125683730,,,,pittsburgh,pa,15234,us
member@inventionhome.com,support@inventionhome.com,18668446512,18668512589,,,pittsburgh,pa,15239,us
info@kozimediadesign.com,,18777465694,17243344695,tim,koziarski,pittsburgh,pa,15235,us
info@lexhometech.com,,14124478760,,,,pittsburgh,pa,15212,us
,,14126871131,,albert,wurst,pittsburgh,pa,15232,us
info@northernaudio.com,,14129315850,14129397069,mark,mawhinney,pittsburgh,pa,15237,us
,,14124522704,,,,pittsburgh,pa,15223,us
,,14129140320,,,,pittsburgh,pa,15237,us
design@pghcustomht.com,,14123621273,,greg,calvimontes,pittsburgh,pa,15201,us
,,14127011151,,,,pittsburgh,pa,15238,us
,,14125636220,,,,pittsburgh,pa,15216,us
,,14123351929,,,,pittsburgh,pa,15203,us
jbird@nicholaselectric.com,,14122718001,,,,rankin,pa,15104,us
,,18003771277,,glenn,eshelman,ronks,pa,17572,us
info@ccspittsburgh.com,,17249963544,,,,sewickley,pa,15143,us
hello@stereostereopgh.com,,17247192330,,michael,klein,warrendale,pa,15086,us
,,16108257040,,,,wayne,pa,19087,us
info@elitemediainstallations.com,,14129102376,,,,westview,pa,15229,us
,,14127165500,,marty,rodgers,wexford,pa,15090,us
,,17179163050,,,,york,pa,17401,us
,,17178439955,,mark,nardontonia,york,pa,17406,us
,,17177676004,,,,york,pa,17406,us
info@thewiremd.com,,15164455038,,,,york,pa,17403,us
info@betterdaystechnology.com,,14012478324,,jeff,day,bristol,ri,02809,us
,,18029994094,,,,bristol,ri,02809,us
,,14012849958,14012342337,,,bristol,ri,02809,us
info@scsv.net,,14017891700,,,,charlestown,ri,02813,us
,,14018288848,,,,coventry,ri,02816,us
,,14012653747,,,,coventry,ri,02816,us
,,14012582224,,,,cranston,ri,02910,us
,,14017995001,,,,cranston,ri,02920,us
,,14019414222,,,,cranston,ri,02920,us
,,14017739791,,,,cumberland,ri,02864,us
,,14018296348,,peoples,union,cumberland,ri,02864,us
,,16032361422,,jeff,bragg,cumberland,ri,02864,us
,,14014658010,,,,eastgreenwich,ri,02818,us
,,14015618269,,,,eastprovidence,ri,02915,us
,,14015196770,14014337240,,,eastprovidence,ri,02914,us
jwilhite@starautomation.com,parts@starautomation.com,14014340617,12622533550,,,eastprovidence,ri,02914,us
,,14015210022,14012736980,,,eastprovidence,ri,02914,us
,,14014345320,,,,eastprovidence,ri,02914,us
,,18605644512,,,,eastprovidence,ri,02916,us
,,14014315227,,,,eastprovidence,ri,02914,us
,,14014530002,,,,johnston,ri,02919,us
,,14015726660,,,,johnston,ri,02919,us
,,14018480090,,,,middletown,ri,02842,us
,,14018492280,,,,middletown,ri,02842,us
,,14018419433,,,,middletown,ri,02842,us
,,19144204437,,,,middletown,ri,02842,us
,,14018415597,,,,middletown,ri,02842,us
,,14018470993,,richard,toner,middletown,ri,02842,us
,,14019324214,14016222250,,,narragansett,ri,02882,us
,,14352015700,,,,newport,ri,02840,us
,,14016198421,,,,newport,ri,02840,us
team@jarthur.co,,14012391311,,,,newport,ri,02840,us
,,14018482639,,frank,dwyer,newport,ri,02840,us
webmaster@tjsaudionewport.com,,14018455050,,,,newport,ri,02840,us
,,14018463389,,,,newport,ri,02840,us
,,14012947171,,,,northkingstown,ri,02852,us
,,14012942667,,,,northkingstown,ri,02852,us
continentalalarms@aol.com,,14012320120,,,,northprovidence,ri,02911,us
tony@adbmedia.com,,14015802550,,,,northprovidence,ri,02911,us
,,14017145714,,,,northprovidence,ri,02904,us
,,14014665577,,,,northprovidence,ri,02911,us
,,16174108318,,,,northprovidence,ri,02911,us
,,14012695823,,,,northprovidence,ri,02911,us
,,14014245388,,,,northprovidence,ri,02911,us
,,14014759244,,,,pawtucket,ri,02860,us
,,14017393844,,,,pawtucket,ri,02861,us
,,14017254783,,,,pawtucket,ri,02860,us
info@aqtechri.com,,14016551173,,,,portsmouth,ri,02871,us
,,14017513121,,,,providence,ri,02904,us
,,14012334412,,,,providence,ri,02909,us
,,14012445200,,,,providence,ri,02907,us
,,14017817080,18005845565,,,providence,ri,02905,us
,,14018616329,,,,providence,ri,02904,us
,,14014061602,,,,providence,ri,02903,us
swolf@growsmartri.org,jfinkle@growsmartri.org,14012735711,14012583125,,,providence,ri,02903,us
,,14018620197,,,,providence,ri,02907,us
,,18005567690,,,,providence,ri,02905,us
,,14013182461,,,,providence,ri,02903,us
contact@onegrid.earth,,18336634743,,dexter,hofhines,providence,ri,02903,us
gary@primetimedigital.com,,14019411202,,,,providence,ri,02905,us
,,14018245050,,,,providence,ri,02903,us
,,14017533775,,,,providence,ri,02906,us
,,14012438480,,,,providence,ri,02908,us
,,14018616329,,,,providence,ri,02904,us
,,14018610695,,,,providence,ri,02903,us
,,14012401000,,,,providence,ri,02903,us
,,14019418500,,,,warwick,ri,02886,us
freitas@cag-ri.com,pelletier@cag-ri.com,14017396200,14013966200,,,warwick,ri,02886,us
,,14018288500,,,,warwick,ri,02886,us
,,18003819868,,,,warwick,ri,02888,us
joenecam@verizon.net,,14017391412,14017393643,,,warwick,ri,02887,us
support@rihomesecurity.com,,18334723374,,michael,jussaume,warwick,ri,02888,us
sales@securefuturetech.com,,14015932913,14012648389,,,warwick,ri,02886,us
,,14015938282,,,,warwick,ri,02886,us
,,14016238090,,,,westwarwick,ri,02893,us
,,14015196770,,,,westwarwick,ri,02893,us
sammymurphy23@yahoo.com,,18642244599,,,,anderson,sc,29625,us
connect@wireproav.com,,18436946936,18432126368,,,beaufort,sc,29906,us
,,18432272587,,,,bluffton,sc,29910,us
,,18438365700,,,,bluffton,sc,29910,us
,,18438159389,,,,bluffton,sc,29910,us
,,18432267045,19125673207,,,bluffton,sc,29910,us
info@avoutfitters.com,,18438429473,,,,bluffton,sc,29910,us
,,18438155130,,sandy,benson,bluffton,sc,29910,us
craig@csthomasconstruction.com,scott@csthomasconstruction.com,18432475452,,craig,thomas,bluffton,sc,29910,us
,,18437579351,,,,bluffton,sc,29910,us
,,18438154292,,,,bluffton,sc,29910,us
,,18433766769,18437382464,kevin,thompson,bluffton,sc,29910,us
,,18667772007,,,,bluffton,sc,29910,us
,,18037104377,18037104337,joe,steinberger,blythewood,sc,29016,us
,,18039488327,18432819555,,,chapin,sc,29036,us
info@tekscene.com,,18038818777,18035550123,david,wong,chapin,sc,29036,us
avrentals@avconnectionssc.com,jluckhart@avconnectionssc.com,18435731174,17507511000,product,support,charleston,sc,29407,us
sales@accucomig.com,,18437694822,,,,charleston,sc,29407,us
,,18434604575,,,,charleston,sc,29403,us
,,18438529093,18437671781,,,charleston,sc,29407,us
info@theaudiowarehouse.com,,18435710535,18432252604,,,charleston,sc,29407,us
,,18439376453,,,,charleston,sc,29401,us
,,18432259996,,,,charleston,sc,29492,us
kelly@carolinalanterns.com,janna@carolinalanterns.com,18434168732,18438814170,,,charleston,sc,29492,us
,,18432848239,,,,charleston,sc,29492,us
,,18437663055,,,,charleston,sc,29407,us
,,18435715003,,,,charleston,sc,29407,us
,,18435328346,,,,charleston,sc,29412,us
,,18437203968,,,,charleston,sc,29401,us
,,18436089473,,,,charleston,sc,29405,us
,,18434468785,,,,charleston,sc,29412,us
user@homesc.com,,18887464482,18888994663,shon,frazier,charleston,sc,29492,us
,,18432063871,,,,charleston,sc,29403,us
customerservice@palmettosmarthome.com,,18438709939,,,,charleston,sc,29407,us
,,18432847105,,,,charleston,sc,29403,us
,,18886884774,,,,charleston,sc,29403,us
,,18447347233,,,,charleston,sc,29492,us
,,18437224487,,,,charleston,sc,29401,us
,,18435579933,,,,charleston,sc,29407,us
,,18436088476,,derrick,easton,charleston,sc,29492,us
,,18439990750,,,,charleston,sc,29492,us
,,18004749126,,,,columbia,sc,29210,us
,,18033609164,,,,columbia,sc,29210,us
,,18007503718,,,,columbia,sc,29210,us
,,18037489473,,,,columbia,sc,29201,us
,,18038795378,,,,columbia,sc,29205,us
sales@ecscolumbia.com,,18036919600,18003181408,,,columbia,sc,29203,us
,,18036918852,,,,columbia,sc,29203,us
,,18037369007,,,,columbia,sc,29223,us
,,18036789191,,,,columbia,sc,29210,us
sales@legendssecurity.com,,18037881299,,,,columbia,sc,29223,us
,,18032524373,,,,columbia,sc,29201,us
,,18034706360,,richard,robinson,columbia,sc,29204,us
,,18037918550,,,,columbia,sc,29209,us
,,18032618340,,,,columbia,sc,29229,us
,,18037766262,,,,columbia,sc,29209,us
,,18032558887,,jerry,temple,columbia,sc,29223,us
,,18433973733,,shaun,ellis,conway,sc,29527,us
,,18034934926,,,,duncan,sc,29334,us
,,18645695876,,,,easley,sc,29642,us
info@audiovideodata.com,,18038795599,17049669095,,,fortmill,sc,29708,us
,,17046613685,,,,fortmill,sc,29708,us
info@sightandsound-av.com,,17046341408,18039950909,,,fortmill,sc,29707,us
,,18649672150,18008333557,,,fountaininn,sc,29644,us
,,18649004900,,,,greenville,sc,29607,us
,,18642507942,,,,greenville,sc,29607,us
,,18889133913,,,,greenville,sc,29607,us
,,18645190386,,,,greenville,sc,29611,us
,,18643324600,,,,greenville,sc,29615,us
,,18644589988,,,,greenville,sc,29607,us
,,18642817406,,,,greenville,sc,29615,us
,,18644698386,,,,greenville,sc,29609,us
,,18642351897,,,,greenville,sc,29607,us
info@electricsoulcreative.com,,18642035804,,,,greenville,sc,29607,us
,,18645580745,,,,greenville,sc,29605,us
,,18647357706,18648811675,,,greenville,sc,29608,us
,,18643704451,,,,greenville,sc,29607,us
,,18643004230,,,,greenville,sc,29601,us
,,18648811675,18642684731,,,greenville,sc,29608,us
info@greenvillemedia.com,,18643252781,,mark,finney,greenville,sc,29615,us
,,18642683101,,,,greenville,sc,29607,us
,,18646404822,,,,greenville,sc,29601,us
brent.a.boverhof@koops.com,david.murillo@koops.com,16163950230,18444556677,wesley,koops,greenville,sc,29605,us
info@liquidvideotechnologies.com,,18648599848,18664666563,,,greenville,sc,29607,us
,,18642716890,,,,greenville,sc,29605,us
,,18642970025,,,,greenville,sc,29607,us
,,18647120160,,,,greenville,sc,29615,us
contact@relant-us.com,,15124890523,,,,greenville,sc,29607,us
,,18642889999,,,,greenville,sc,29607,us
info@scielectronicsinc.com,,18642347313,,,,greenville,sc,29607,us
info@teleco.com,,18008006159,,william,rogers,greenville,sc,29607,us
,,18642350255,,,,greenville,sc,29607,us
,,18647578782,,,,greenville,sc,29609,us
,,18642754779,,,,greenville,sc,29607,us
,,18774182003,,,,greenville,sc,29601,us
,,18642014320,,,,greer,sc,29650,us
info@empireav.net,,18649791691,18643203576,chris,conwell,greer,sc,29651,us
sales@ondutysc.com,,18644214988,,,,greer,sc,29651,us
,,18644303694,,,,greer,sc,29650,us
,,18432082880,,,,hardeeville,sc,29927,us
frank@ahtdesigns.com,,18433385084,,,,hiltonheadisland,sc,29928,us
,,18437159894,,,,hiltonheadisland,sc,29926,us
,,18433386437,,,,hiltonheadisland,sc,29926,us
,,18436813999,,,,hiltonheadisland,sc,29926,us
,,18006752200,,,,hiltonheadisland,sc,29926,us
,,18432981614,,,,hiltonheadisland,sc,29928,us
,,18433426436,,,,hiltonheadisland,sc,29926,us
,,18436893115,,,,hiltonheadisland,sc,29926,us
,,18436713003,,,,hiltonheadisland,sc,29926,us
,,18434764776,,,,hiltonheadisland,sc,29928,us
,,18432273751,,,,hiltonheadisland,sc,29926,us
,,18432038087,,,,hiltonheadisland,sc,29926,us
,,18284296891,,,,inman,sc,29349,us
info@avgroup-sc.com,,18034514031,,,,irmo,sc,29063,us
,,18037641923,,,,irmo,sc,29063,us
accounts@romoremusicsi.com,,18032130539,,,,irmo,sc,29063,us
james@progressiveintegrations.com,sales@progressiveintegrations.com,18435592958,,mike,riley,johnsisland,sc,29455,us
,,18438218971,,,,ladson,sc,29456,us
info@audioone.bz,,18032385002,,,,lexington,sc,29072,us
info@scaudio.com,,18033563030,,,,lexington,sc,29072,us
gattisproaudio@aol.com,,18038082777,,,,lexington,sc,29072,us
,,18033599201,,,,lexington,sc,29072,us
,,18037315483,,,,lexington,sc,29072,us
%20info@techguide.net,%20support@techguide.net,18039511690,,,,lexington,sc,29072,us
,,18646630014,,,,lyman,sc,29365,us
info@techitezsc.com,,18649991280,,,,mauldin,sc,29662,us
,,18438814802,,,,mtpleasant,sc,29464,us
,,18434712990,,,,mtpleasant,sc,29466,us
,,18435331864,,,,mtpleasant,sc,29466,us
erik@wiremonkeys.com,,18435531622,,erik,riggs,mtpleasant,sc,29464,us
,,18433572121,,,,murrellsinlet,sc,29576,us
,,18434920313,13092669111,,,myrtlebeach,sc,29588,us
,,18432131414,18435748100,,,myrtlebeach,sc,29577,us
,,18439700274,,,,northcharleston,sc,29406,us
,,18437899994,,,,northcharleston,sc,29405,us
web@coastalburglaralarm.com,bridget@coastalburglaralarm.com,18437444198,17774441987,,,northcharleston,sc,29405,us
,,18432508797,,,,northcharleston,sc,29420,us
,,18436143229,,,,northcharleston,sc,29405,us
,,18435296329,,,,northcharleston,sc,29405,us
,,18435521412,,,,northcharleston,sc,29418,us
,,18438718531,,,,northcharleston,sc,29406,us
,,18433009675,,,,northcharleston,sc,29404,us
,,12056007447,,scott,broome,northcharleston,sc,29418,us
info@rescomdesigns.com,,18434058505,,kyle,huggins,northcharleston,sc,29406,us
,,18438600335,,,,northcharleston,sc,29405,us
service@genxsecurity.com,info@genxsecurity.com,18665984369,18004166917,wendy,heiks,piedmont,sc,29673,us
,,18644694790,,,,piedmont,sc,29673,us
,,18433429899,18436455529,,,ridgeland,sc,29936,us
,,18437067250,,,,ridgeland,sc,29936,us
,,18649739793,,,,seneca,sc,29678,us
,,18645808276,,,,simpsonville,sc,29681,us
,,18773070020,,,,spartanburg,sc,29301,us
,,18436474023,13157989809,,,summerville,sc,29485,us
,,18435019002,,,,summerville,sc,29485,us
,,18433769730,,,,summerville,sc,29485,us
,,18643222333,,,,taylors,sc,29687,us
,,18646263380,,,,taylors,sc,29687,us
info@myharrishome.com,,18643817144,,,,taylors,sc,29687,us
palmettointegration1@outlook.com,,18033357363,,,,warrenville,sc,29851,us
info@acsweb.com,,18037917200,18008492502,,,westcolumbia,sc,29169,us
accessmultimedia1@yahoo.com,,18037941746,,eddie,stroud,westcolumbia,sc,29169,us
info@amteck.com,,18037994400,18592559546,,,westcolumbia,sc,29169,us
,,18037645961,,,,westcolumbia,sc,29169,us
,,18037652900,,,,westcolumbia,sc,29169,us
,,18033102169,,,,westcolumbia,sc,29169,us
,,18039963200,,,,westcolumbia,sc,29169,us
,,18036155270,,,,westcolumbia,sc,29169,us
,,18033339475,,,,westcolumbia,sc,29169,us
,,16055997224,,,,siouxfalls,sd,57108,us
,,19018812511,,,,arlington,tn,38002,us
,,19018378090,19013470238,todd,nelson,atoka,tn,38004,us
,,19012138916,,,,bartlett,tn,38134,us
spencer@promountech.com,,19015028382,,,,bartlett,tn,38134,us
richard@absavtn.com,masonf@absavtn.com,16156568900,,richard,friesen,brentwood,tn,37027,us
info@av-experience.com,,16158192137,18887187879,,,brentwood,tn,37027,us
,,16153778808,,,,brentwood,tn,37027,us
,,16156103500,,,,brentwood,tn,37027,us
jason@islandsightandsound.com,info@islandsightandsound.com,16153992200,,,,brentwood,tn,37027,us
cameraexpert@outlook.com,,16159677737,,,,brentwood,tn,37027,us
,,16155415069,,,,brentwood,tn,37027,us
info@symspire.com,,16153320093,18665570629,tom,lundborg,brentwood,tn,37027,us
support@615sounds.com,,15203693593,16153693593,,,chattanooga,tn,37402,us
support@automationig.com,sales@automationig.com,14238758862,14238754902,,,chattanooga,tn,37405,us
,,14233645399,,,,chattanooga,tn,37415,us
info@blindsmax.com,sales@blindsmax.com,18883058020,,,,chattanooga,tn,37421,us
,,14237020979,,,,chattanooga,tn,37450,us
,,14238923260,,,,chattanooga,tn,37421,us
,,14238755112,,,,chattanooga,tn,37343,us
bgrider@cornerstone-automation.com,,14238703400,,buck,grider,chattanooga,tn,37421,us
,,14238944633,,,,chattanooga,tn,37416,us
,,14238007786,,,,chattanooga,tn,37416,us
,,14234983800,,,,chattanooga,tn,37402,us
,,14238993724,,,,chattanooga,tn,37343,us
,,14237566128,,,,chattanooga,tn,37411,us
william@hi-techcontrols.com,taylor@hi-techcontrols.com,14233625644,17062781311,kelly,gaines,chattanooga,tn,37421,us
,,18883058020,,,,chattanooga,tn,37421,us
,,14236647263,18665320411,,,chattanooga,tn,37405,us
,,14238705558,,,,chattanooga,tn,37415,us
,,14238228080,,,,chattanooga,tn,37405,us
hr@ny-systems.com,,16156250105,,,,chattanooga,tn,37403,us
smart@netgainit.com,,14234998097,18447776278,molly,jacobson,chattanooga,tn,37421,us
,,14238703272,,,,chattanooga,tn,37421,us
,,14237082551,,,,chattanooga,tn,37408,us
,,14239227360,,,,chattanooga,tn,37421,us
,,14238381890,,,,chattanooga,tn,37421,us
,,14234582522,,,,chattanooga,tn,37406,us
info@smartsysinc.com,careers@smartsysinc.com,14238778195,,steve,nicola,chattanooga,tn,37343,us
jarod@solutionsintegratedsystems.com,info@solutionsintegratedsystems.com,14234439938,14237197900,jarod,raley,chattanooga,tn,37421,us
office@soundforce.com,,14232657018,,,,chattanooga,tn,37415,us
,,14238925483,,,,chattanooga,tn,37421,us
,,14235938356,18008297454,,,chattanooga,tn,37408,us
webmaster@tnaqua.org,,14232650695,18002620695,walnut,bridge,chattanooga,tn,37402,us
,,14238940994,,,,chattanooga,tn,37421,us
,,14235412703,,,,chattanooga,tn,37343,us
,,14233443787,16152239600,,,chattanooga,tn,37421,us
,,14238990017,,,,chattanooga,tn,37421,us
,,14236246520,18883058020,,,chattanooga,tn,37421,us
,,18883788511,18444071313,,,chattanooga,tn,37408,us
,,19318417675,,,,cleveland,tn,37311,us
,,19013501804,,,,collierville,tn,38017,us
,,19018619577,,,,collierville,tn,38017,us
bill@1homeautomation.com,,19018542221,,,,collierville,tn,38017,us
hi@smarthomebydesign.com,hello@smarthomebydesign.com,19014229100,,,,collierville,tn,38017,us
gtillett@safensound.com,jama@safensound.com,18659330358,,geoff,tillett,corryton,tn,37721,us
,,16152164970,,,,dickson,tn,37055,us
info@hissecurity.com,,18654749495,,,,farragut,tn,37934,us
,,16152519103,,,,franklin,tn,37064,us
,,16157906754,,,,franklin,tn,37064,us
,,16154658445,,nicholas,brown,franklin,tn,37067,us
accounts@integrityav.net,info@integrityav.net,18665763215,,,,franklin,tn,37067,us
ben@mankinmedia.com,info@mankinmedia.com,16153248350,,ben,mankin,franklin,tn,37064,us
,,16154540397,18553149704,larry,matson,franklin,tn,37067,us
,,16155992108,,,,franklin,tn,37064,us
,,16158072100,,,,franklin,tn,37064,us
,,16154068779,,,,franklin,tn,37064,us
,,16156396191,,,,goodlettsville,tn,37072,us
,,16155194335,,eric,dyer,goodlettsville,tn,37072,us
info@immersiveac.com,,14233673366,,,,johnsoncity,tn,37604,us
info@athomeavtech.com,,18655841800,18655234470,mark,midyett,knoxville,tn,37917,us
rental@avcotech.com,design@avcotech.com,18652812522,18652818633,,,knoxville,tn,37918,us
info@avsdc.com,,18655234018,,buddy,carmichael,knoxville,tn,37917,us
,,18653758696,,,,knoxville,tn,37929,us
,,18656940028,,,,knoxville,tn,37919,us
,,18885256696,,,,knoxville,tn,37921,us
,,18655880684,,,,knoxville,tn,37919,us
,,18656375555,,,,knoxville,tn,37917,us
,,18655580080,,,,knoxville,tn,37909,us
,,18655241112,,,,knoxville,tn,37919,us
,,18653158512,,,,knoxville,tn,37934,us
,,18652572225,12165834685,,,knoxville,tn,37917,us
,,18655234470,,,,knoxville,tn,37917,us
jonathan@dynamicavdesign.com,,18658096909,,,,knoxville,tn,37921,us
,,18653506160,,,,knoxville,tn,37922,us
,,18655449964,,,,knoxville,tn,37932,us
,,16158613033,,,,knoxville,tn,37919,us
,,18655231073,,,,knoxville,tn,37917,us
,,18774347077,,,,knoxville,tn,37932,us
info@informedlogic.com,,18009802638,18659097258,,,knoxville,tn,37938,us
,,18656868868,,,,knoxville,tn,37921,us
,,18657484848,,,,knoxville,tn,37922,us
,,18655238745,,,,knoxville,tn,37921,us
,,18652705930,18658962121,,,knoxville,tn,37931,us
info@lochandkeyproductions.com,jobs@lochandkeyproductions.com,18658519101,,,,knoxville,tn,37917,us
support@m3techgroup.com,,18656911124,18772270717,,,knoxville,tn,37932,us
,,18656935058,,,,knoxville,tn,37921,us
,,18653483777,,,,knoxville,tn,37919,us
,,18659664567,,,,knoxville,tn,37932,us
,,18655467941,,,,knoxville,tn,37921,us
,,18339366868,,,,knoxville,tn,37923,us
,,18654983048,,,,knoxville,tn,37917,us
,,18656930095,18656932875,,,knoxville,tn,37932,us
,,18656072530,,,,knoxville,tn,37919,us
,,18656892082,,,,knoxville,tn,37918,us
,,18655580351,,,,knoxville,tn,37919,us
,,18652108501,,,,knoxville,tn,37909,us
,,18656894255,,,,knoxville,tn,37912,us
,,18654286340,,,,knoxville,tn,37919,us
,,18654091555,,,,knoxville,tn,37918,us
j.morales@isstenn.com,,18656900154,,,,knoxville,tn,37919,us
,,16153608382,,,,lavergne,tn,37086,us
,,18659669687,,,,lenoircity,tn,37771,us
,,18653898624,,,,lenoircity,tn,37771,us
,,19012525000,,,,memphis,tn,38120,us
,,19013982355,,,,memphis,tn,38112,us
info@avartistry.com,,19013732444,19013007924,,,memphis,tn,38117,us
,,19013459500,18003560590,,,memphis,tn,38116,us
,,19013664505,,,,memphis,tn,38134,us
paula@eememphis.net,tim@eememphis.net,19013866557,19013866569,tim,bell,memphis,tn,38133,us
,,19014525267,,,,memphis,tn,38112,us
info@fourteenthcolonylighting.com,,19012727007,18002979719,,,memphis,tn,38104,us
fortsmithcs@fainc.net,joshw@fainc.net,19013627504,14796467448,executive,board,memphis,tn,38118,us
,,19017551800,,,,memphis,tn,38018,us
,,19012746780,,,,memphis,tn,38104,us
,,19015904579,,,,memphis,tn,38122,us
,,19017673220,,,,memphis,tn,38122,us
shelly@lightingsource.net,david@lightingsource.net,19013233130,19013233150,,,memphis,tn,38112,us
,,19018001709,,,,memphis,tn,38134,us
chrish@macsinc.com,keithm@macsinc.com,19013861521,16158893009,,,memphis,tn,38133,us
,,19017613880,19017617774,,,memphis,tn,38133,us
,,19014582000,,,,memphis,tn,38112,us
,,19012780461,,,,memphis,tn,38104,us
sales@mymiestro.com,help@mymiestro.com,19014120810,16156780098,,,memphis,tn,38117,us
adam@mobilevisiontechnologies.com,,19016498255,,chris,edens,memphis,tn,38112,us
,,19015274313,,,,memphis,tn,38134,us
,,19017610633,,,,memphis,tn,38119,us
,,19012014335,,,,memphis,tn,38134,us
jstafford@smclighting.com,tony@smclighting.com,19013320181,19013966025,,,memphis,tn,38116,us
,,18337635563,,,,memphis,tn,38118,us
,,19013775222,18006338035,,,memphis,tn,38133,us
,,19015901801,,,,memphis,tn,38112,us
,,16158406147,,,,mtjuliet,tn,37122,us
info@austinav.com,,16158902775,,,,murfreesboro,tn,37129,us
info@audilux.co,,16159551531,,jon,king,nashville,tn,37209,us
brian@brianscustomtheaters.com,,16153560181,16154561671,,,nashville,tn,37205,us
,,16158007276,,john,doberneck,nashville,tn,37203,us
sales@cm-audiovisual.com,,18667456965,,,,nashville,tn,37238,us
,,16155890215,15555555555,,,nashville,tn,37211,us
bladd@defense-is.com,bwilson@defense-is.com,18004826108,15088571836,managing,member,nashville,tn,37220,us
,,16158387178,,,,nashville,tn,37209,us
,,16157191339,,,,nashville,tn,37204,us
stacy@hifibuysnashville.com,dustin@hifibuysnashville.com,16158335000,16155931037,,,nashville,tn,37211,us
,,16156799491,16155092238,chip,crabtree,nashville,tn,37211,us
jody@imsi.us,,16152282736,,jody,noes,nashville,tn,37222,us
,,18338433300,,,,nashville,tn,37204,us
booking@mountingmusiccity.tv,,16156697557,,,,nashville,tn,37204,us
%20info@msi-media.com,emailinfo@msi-media.com,16157726007,,,,nashville,tn,37204,us
,,16154227222,,luther,tanley,nashville,tn,37204,us
,,16153339292,15555555555,,,nashville,tn,37211,us
,,16157777622,,,,nashville,tn,37209,us
info@nashvilleaudiovisual.com,,16159884554,,mary,logan,nashville,tn,37210,us
,,16157918565,,,,nashville,tn,37209,us
,,16152557959,,,,nashville,tn,37210,us
pluke@opensourcecontrols.com,,16158005575,,,,nashville,tn,37211,us
studio@proave.com,frank@proave.com,16152798284,16152977283,frank,stafford,nashville,tn,37204,us
,,16152619930,,john,lupear,nashville,tn,37203,us
,,16159337220,16158307813,,,nashville,tn,37210,us
,,16152607561,,jonathan,bennett,nashville,tn,37209,us
,,16153913700,,ken,porter,nashville,tn,37210,us
sales@springautomation.com,,16154729454,,matt,harvey,nashville,tn,37204,us
,,16156459964,,,,nashville,tn,37203,us
,,16159478287,,,,nashville,tn,37217,us
,,16155098705,,,,nashville,tn,37210,us
,,18002418994,,,,nashville,tn,37228,us
,,16156261808,,,,nashville,tn,37217,us
,,16155728001,16155454144,,,portland,tn,37148,us
,,18654092866,,,,powell,tn,37849,us
,,18656046122,,,,powell,tn,37849,us
,,18654460199,,,,seymour,tn,37865,us
info@smartwiring247.com,,16152200340,,,,smyrna,tn,37167,us
,,14233322693,,,,soddydaisy,tn,37343,us
ric@warneraudiovideo.com,jane@warneraudiovideo.com,12565089342,19319933815,,,taft,tn,38488,us
hugh@cobbhomeinnovations.com,,16154390438,,,,woodbury,tn,37190,us
support@soundandscreen.net,,13256694899,13256659994,,,abilene,tx,79602,us
marketing@mycinematech.com,,19723811071,,,,addison,tx,75001,us
contactus@mediahead.co,,19727079573,,steve,harman,addison,tx,75001,us
info@neweradfw.com,,14698449266,,,,addison,tx,75001,us
support@texadiasystems.com,,12149565820,,,,addison,tx,75001,us
u003esales@thoughtfulintegrations.com,u003esupport@thoughtfulintegrations.com,12143966290,19723182823,,,addison,tx,75001,us
,,19568283855,,,,alamo,tx,78516,us
info@a1gateintercom.com,,14692707073,16825169940,,,allen,tx,75002,us
,,13607464210,,,,allen,tx,75013,us
,,12142271088,,,,allen,tx,75013,us
,,19722500006,18326497658,,,allen,tx,75013,us
,,19725211208,,,,allen,tx,75013,us
,,14699664470,,,,alvarado,tx,76009,us
dhellman@dbav.co,info@dbav.co,18172218195,18649105218,,,alvord,tx,76225,us
,,19729986884,,,,anna,tx,75409,us
ricknickels@wired-ts.com,,12149732277,,,,anna,tx,75409,us
,,16827724909,,,,arlington,tx,76002,us
,,16822604947,13038930552,,,arlington,tx,76015,us
,,18178648975,14037681355,,,arlington,tx,76011,us
,,14699807177,,,,aubrey,tx,76227,us
,,19407358531,,,,aubrey,tx,76227,us
,,15124544534,15128369380,,,austin,tx,78757,us
info@goaaacontrol.com,,15127902424,,danny,darek,austin,tx,78704,us
,,19123468757,,,,austin,tx,78702,us
,,15126559795,,,,austin,tx,78702,us
eseritt@atxtvmounting.com,,15129210245,,,,austin,tx,78701,us
sales@atxsmarthomes.com,,15123943644,,,,austin,tx,78701,us
sales@avconnectonline.com,,15123542099,,,,austin,tx,78757,us
,,15125775052,,,,austin,tx,78751,us
,,15125989217,,,,austin,tx,78759,us
info@audionllc.com,,18779768337,,,,austin,tx,78704,us
quinn@austinaudiovideosimplified.com,qcpleo@yahoo.com,15127670391,18282303941,,,austin,tx,78748,us
%20info@homeautomationaustin.com,info@homeautomationaustin.com,15125891747,15125153456,,,austin,tx,78757,us
info@austinhomesystems.com,,15122933179,,,,austin,tx,78756,us
sales@bondstv.com,,15124763551,,david,bond,austin,tx,78703,us
,,15128656185,,,,austin,tx,78752,us
info@bennyshometechsolutions.com,,12817838806,,,,austin,tx,78731,us
info@blustarinstalls.com,,15126964528,,,,austin,tx,78754,us
,,15124730500,,,,austin,tx,78746,us
,,15126425457,,,,austin,tx,78752,us
,,15123878221,12812048300,,,austin,tx,78758,us
info@digitalavenue.us,,15123871119,,,,austin,tx,78757,us
dallas@electralink.com,austin@electralink.com,15128356475,12813506096,,,austin,tx,78759,us
,,15122887786,,,,austin,tx,78737,us
info@empireavservices.com,support@empireavservices.com,15126409203,18326806961,,,austin,tx,78726,us
,,15125721777,,,,austin,tx,78704,us
,,15129314686,,,,austin,tx,78758,us
clientservices@haasht.com,info@haasht.com,15128313667,15122704857,miguel,rivera,austin,tx,78702,us
,,15123488171,,,,austin,tx,78703,us
leadsdfw@homeprotech.com,technicalsupport@homeprotech.com,15126400882,18446615777,jake,roane,austin,tx,78758,us
info@thehomeva.com,,15122532283,,david,diaz,austin,tx,78757,us
,,15126281154,,,,austin,tx,78757,us
,,17374206992,,,,austin,tx,78757,us
,,18445887661,,,,austin,tx,78741,us
,,15125790710,,,,austin,tx,78758,us
,,15129695155,,,,austin,tx,78758,us
,,15128273497,,,,austin,tx,78738,us
,,15125199361,19724881082,,,austin,tx,78729,us
,,15127124130,18778575419,,,austin,tx,78748,us
,,15122517778,,,,austin,tx,78753,us
info@originhifi.com,,17377874434,,,,austin,tx,78729,us
,,15124809987,,,,austin,tx,78731,us
,,15126580278,,,,austin,tx,78749,us
,,15126376100,,,,austin,tx,78724,us
,,15122891214,,steven,weinstein,austin,tx,78752,us
support@smarthauz.me,,15127146979,,sunny,sneckner,austin,tx,78701,us
,,15126059221,,,,austin,tx,78731,us
glennm@soundsanctuaryaustin.com,,15125348613,15128830844,,,austin,tx,78738,us
,,15125935155,,,,austin,tx,78758,us
info@tvmountingaustintx.com,,17372975264,,,,austin,tx,78703,us
,,15124401400,,,,austin,tx,78756,us
u003einfo@totalhometx.com,info@totalhometx.com,15129910567,15129914559,,,austin,tx,78757,us
,,15128283101,,,,austin,tx,78745,us
,,15129944387,15129444387,,,austin,tx,78756,us
,,15126564055,,,,austin,tx,78759,us
,,14098320276,18326800276,,,beaumont,tx,77707,us
,,15417999113,,matt,spangler,bedford,tx,76021,us
,,18175851467,,,,benbrook,tx,76126,us
,,18175944787,,,,brock,tx,76087,us
,,15124548824,12547737300,kody,shed,buda,tx,78610,us
robertsoto@powersolutionsep.com,,19152520571,19152595883,,,canutillo,tx,79835,us
,,12147243727,,,,carrollton,tx,75006,us
,,12143507678,,,,carrollton,tx,75006,us
,,19725286700,12143894985,chief,officer,carrollton,tx,75006,us
,,19729560000,,,,carrollton,tx,75007,us
info@gobentec.com,,15125900633,,michael,bennett,cedarpark,tx,78613,us
,,15124562800,,,,cedarpark,tx,78613,us
hello@meroconcepts.com,,15123753379,,marc,oliveri,cedarpark,tx,78613,us
sales@automationintegration.net,,12144325981,,,,celina,tx,75009,us
,,18179284646,,andrew,haggard,colleyville,tx,76034,us
sales@elite-at.com,,12815168126,17029974108,,,conroe,tx,77302,us
marshall@newgenerationhomepro.com,supportteam@newgenerationhomepro.com,19362052735,17135019985,marshall,briggs,conroe,tx,77304,us
,,13468378628,,,,conroe,tx,77301,us
,,12142440149,19403219473,kevin,smith,corinth,tx,76210,us
admin@360tcpm.com,,18889786360,,,,corpuschristi,tx,78415,us
support@absolutealarminc.com,,13618532027,,,,corpuschristi,tx,78413,us
,,13618839008,,,,corpuschristi,tx,78405,us
,,13613345353,,,,corpuschristi,tx,78412,us
info@avitech.org,,13613344202,,,,corpuschristi,tx,78418,us
,,13619928300,,,,corpuschristi,tx,78411,us
,,13618839900,,,,corpuschristi,tx,78405,us
,,18334247253,,,,corpuschristi,tx,78418,us
,,13612108800,,,,corpuschristi,tx,78415,us
,,13613340601,,,,corpuschristi,tx,78415,us
,,13618525276,18003742527,,,corpuschristi,tx,78413,us
joe@ealarmandsurveillance.com,ricardogbravo@ealarmandsurveillance.com,13618149425,13617799542,,,corpuschristi,tx,78411,us
,,13618578446,,,,corpuschristi,tx,78409,us
,,13614296453,,,,corpuschristi,tx,78411,us
,,13619918511,,,,corpuschristi,tx,78413,us
sales@gcoptimization.com,,13612268342,13614445811,,,corpuschristi,tx,78408,us
,,18003266059,13619931790,wayne,chambers,corpuschristi,tx,78411,us
ics@icsdigitalmarketing.com,,13615482023,,,,corpuschristi,tx,78411,us
,,13617748475,,,,corpuschristi,tx,78413,us
,,13612711739,,,,corpuschristi,tx,78413,us
,,13618823444,,,,corpuschristi,tx,78408,us
,,13612474169,,,,corpuschristi,tx,78411,us
contact@nrgcc.com,,13618522727,13618522922,,,corpuschristi,tx,78411,us
josh@psionsite.com,lonnie@psionsite.com,13616543100,13618822280,joshua,pollard,corpuschristi,tx,78411,us
info@precisionaircc.com,,13618002465,,,,corpuschristi,tx,78401,us
sales@protechmech.com,,13618822101,18888822101,dan,whiteside,corpuschristi,tx,78417,us
,,13613341219,,,,corpuschristi,tx,78415,us
,,13618524094,,,,corpuschristi,tx,78415,us
,,13619068803,,,,corpuschristi,tx,78412,us
,,13612996767,,,,corpuschristi,tx,78404,us
info@solarpowerintegrator.com,,13613601800,,,,corpuschristi,tx,78418,us
,,13616916171,,,,corpuschristi,tx,78418,us
,,13618822111,,,,corpuschristi,tx,78408,us
info@synergyhomeandcommercial.com,,13613341066,,juan,hernandez,corpuschristi,tx,78413,us
,,13612882440,,,,corpuschristi,tx,78411,us
,,13618768303,,,,corpuschristi,tx,78401,us
,,13615100751,13614431227,richard,ford,corpuschristi,tx,78418,us
sales@aceintegratedtech.com,support@aceintegratedtech.com,12142714899,12144315700,,,dallas,tx,75220,us
info@audiovideosolutions.org,sales@audiovideosolutions.org,12142933330,12142991765,,,dallas,tx,75230,us
info@audio-concepts.com,,12143609520,,,,dallas,tx,75230,us
,,12143582623,,,,dallas,tx,75220,us
,,19723943300,,,,dallas,tx,75252,us
,,12146076170,,,,dallas,tx,75254,us
david@electronicinteriors.net,byron@electronicinteriors.net,19723808720,19726792734,,,dallas,tx,75207,us
info@ellistonsystems.com,,12146349525,12146349526,steve,elliston,dallas,tx,75207,us
,,19722007087,,,,dallas,tx,75208,us
,,12143067155,12145194616,,,dallas,tx,75252,us
,,14694668060,,,,dallas,tx,75231,us
,,19724901090,,,,dallas,tx,75252,us
,,12144847772,12144841868,soren,hall,dallas,tx,75243,us
questions@integratedlifestylesinc.com,u003equestions@integratedlifestylesinc.com,12142728678,,paul,lopez,dallas,tx,75243,us
jim@jmintegrators.com,,12144600364,,,,dallas,tx,75230,us
,,12143410411,,,,dallas,tx,75226,us
bruceasolis@koremmsolutions.com,,12142026551,,bruce,solis,dallas,tx,75243,us
info@metroplexsmarthomes.com,,13607464210,,christopher,ward,dallas,tx,75247,us
,,19726168309,,,,dallas,tx,75234,us
,,14699197318,,,,dallas,tx,75254,us
,,12149267172,,,,dallas,tx,75206,us
,,12147442155,,,,dallas,tx,75238,us
parker@showtechproductions.com,info@showtechproductions.com,19729880033,18173717542,,,dallas,tx,75247,us
,,14698380959,,,,dallas,tx,75201,us
,,14692943009,,,,dallas,tx,75219,us
,,19725840272,12145194616,ray,estrada,dallas,tx,75252,us
,,14694893849,,,,dallas,tx,75229,us
info@trudefinition.com,,18179651042,,,,dallas,tx,75208,us
fkhan@usa-smarthomes.com,rshahdin@usa-smarthomes.com,19452104759,14168212300,,,dallas,tx,75243,us
sales@wisesecuritysolutions.com,,18449049473,,,,dallas,tx,75204,us
michelle@yesinstallation.com,info@yesinstallation.com,12147028427,,,,dallas,tx,75228,us
support@awssmarthome.com,,12145036961,14699661149,,,desoto,tx,75115,us
,,18324296549,,,,deerpark,tx,77536,us
,,19403238178,,,,denton,tx,76208,us
,,19567330060,,,,donna,tx,78537,us
,,14699126749,,,,edinburg,tx,78539,us
,,19564322033,,,,edinburg,tx,78541,us
,,19155338686,,,,elpaso,tx,79938,us
,,19155956160,,,,elpaso,tx,79935,us
,,19158212935,,,,elpaso,tx,79924,us
,,19157789111,,,,elpaso,tx,79925,us
,,19158450007,,,,elpaso,tx,79901,us
info@advancedbroadcastservices.com,,19153081227,,,,elpaso,tx,79912,us
,,19155912690,,,,elpaso,tx,79936,us
,,19159909999,,,,elpaso,tx,79904,us
,,19158332937,,,,elpaso,tx,79903,us
,,19157033262,,,,elpaso,tx,79932,us
,,19156918057,12125551212,,,elpaso,tx,79915,us
,,19155452256,,,,elpaso,tx,79903,us
admin@customavd.com,,19157608273,,,,elpaso,tx,79912,us
,,19158456934,,,,elpaso,tx,79922,us
,,19156153101,,,,elpaso,tx,79936,us
,,19157789223,,,,elpaso,tx,79915,us
,,19153169015,,,,elpaso,tx,79901,us
,,19153139957,19158564470,,,elpaso,tx,79902,us
,,19152249039,,,,elpaso,tx,79905,us
,,19152198781,,,,elpaso,tx,79907,us
,,19153332298,,,,elpaso,tx,79907,us
,,19157752552,,,,elpaso,tx,79905,us
justin@hoffertechnologies.com,,19156949051,,,,elpaso,tx,79912,us
,,19153399679,,,,elpaso,tx,79936,us
,,19155993022,,,,elpaso,tx,79925,us
,,19157310333,,,,elpaso,tx,79905,us
,,19153569051,,,,elpaso,tx,79912,us
maseralarms@sbcglobal.net,,19155325033,19155885255,,,elpaso,tx,79936,us
,,19153332558,,,,elpaso,tx,79928,us
,,15759153367,,,,elpaso,tx,79936,us
,,19157510313,19157512018,thomas,shelton,elpaso,tx,79924,us
sales@prewireofelpaso.com,,19155984937,,,,elpaso,tx,79935,us
,,19157558884,,,,elpaso,tx,79912,us
dave@resident-technology.com,veronica@resident-technology.com,19156309356,19159218330,,,elpaso,tx,79936,us
,,19155810184,,,,elpaso,tx,79922,us
,,19152683030,,,,elpaso,tx,79936,us
,,19155035684,,,,elpaso,tx,79936,us
,,19153737119,19152218214,,,elpaso,tx,79938,us
,,19152292090,,,,elpaso,tx,79936,us
,,19157795421,,,,elpaso,tx,79912,us
,,19155620131,,,,elpaso,tx,79932,us
,,19155396499,,,,elpaso,tx,79936,us
,,19155032601,,,,elpaso,tx,79912,us
,,19155421300,,,,elpaso,tx,79905,us
,,19155322861,,,,elpaso,tx,79912,us
,,19726850180,18326806961,,,farmersbranch,tx,75244,us
u003einfo@h-t-d.com,info@h-t-d.com,19722503440,,,,farmersbranch,tx,75244,us
,,19724468818,15129949051,john,howell,farmersbranch,tx,75234,us
,,19407355087,,,,flowermound,tx,75022,us
,,18175348500,,,,foresthill,tx,76119,us
,,16823243399,,,,forthood,tx,76544,us
,,16825585401,,,,fortworth,tx,76133,us
,,15613199005,14692035586,,,fortworth,tx,76102,us
info@chisholmsecurity.com,,18176164190,,jon,kelch,fortworth,tx,76132,us
,,18175313733,,,,fortworth,tx,76119,us
service@dfwsecurity.com,sales@dfwsecurity.com,18554993019,18773720350,,,fortworth,tx,76118,us
,,18776242367,,,,fortworth,tx,76108,us
,,18176549905,,,,fortworth,tx,76140,us
,,18173001518,,,,fortworth,tx,76119,us
,,18174771217,,,,fortworth,tx,76140,us
sales@seatonas.com,,18173504591,,,,fortworth,tx,76119,us
hello@sihometheater.com,,18173464500,,chris,hornsby,fortworth,tx,76116,us
,,18178036849,,,,fortworth,tx,76104,us
info@visionarysmarthomes.com,,18179974471,,matthew,gerber,fortworth,tx,76137,us
,,18309985706,,ryan,booth,fredericksburg,tx,78624,us
,,18304565725,12109130998,,,fredericksburg,tx,78624,us
chris@jarvissmarthomes.com,info@jarvissmarthomes.com,17133668060,18778358060,,,friendswood,tx,77546,us
,,19727635523,,,,frisco,tx,75034,us
sales@briteproav.com,,14697019050,,,,frisco,tx,75035,us
info@centerstagetx.com,,12144989996,,,,frisco,tx,75033,us
,,14697745945,,,,frisco,tx,75035,us
,,12146004144,,warren,packer,frisco,tx,75033,us
contact@homecinema.solutions,,14694125478,,,,frisco,tx,75034,us
info@idealinstalls.com,,12143938909,,,,frisco,tx,75035,us
quote@msinstallationsav.com,,14697737180,,,,frisco,tx,75034,us
,,14696507416,,,,frisco,tx,75034,us
,,19729724600,,,,frisco,tx,75034,us
,,14694106675,,,,frisco,tx,75034,us
,,18557467353,,,,frisco,tx,75036,us
u003einfo@stereoeast.com,info@stereoeast.com,19723355122,,,,frisco,tx,75034,us
,,12147170700,,,,frisco,tx,75034,us
,,12144491402,,,,frisco,tx,75034,us
,,19722004032,14697142181,david,directly,frisco,tx,75033,us
sales@txautosys.com,,14696975708,,,,grandprairie,tx,75050,us
u003esales@videogeneral.com,support@videogeneral.com,18176405321,18176465452,,,grandprairie,tx,75050,us
info@agpav.com,,18775714490,,,,grapevine,tx,76051,us
patricia@smarthomeconstruction.com,,19564286607,19567734030,,,harlingen,tx,78552,us
,,18175217839,14693051939,jordan,desmarais,haslet,tx,76052,us
,,19727711050,,,,heath,tx,75032,us
info@triumphav.com,,12144949369,,,,heath,tx,75032,us
info@systemworkshometheatre.com,,12106820905,,,,helotes,tx,78023,us
customerservice@turneylighting.com,,12106952424,12103089966,ron,turney,helotes,tx,78023,us
,,12545564259,12542354116,,,hewitt,tx,76643,us
,,18308226296,,,,horseshoebay,tx,78657,us
hsbav@yahoo.com,,15129474776,,,,horseshoebay,tx,78657,us
,,18306938844,,will,howes,horseshoebay,tx,78657,us
,,18325304716,,,,houston,tx,77027,us
,,17139546600,,,,houston,tx,77063,us
,,17138437389,,,,houston,tx,77081,us
asoria@avschouston.com,,18324337766,,,,houston,tx,77040,us
info@avguys.net,,12818942800,,,,houston,tx,77040,us
info@aveon.com,,17135292282,,dick,rozic,houston,tx,77098,us
,,17135898825,,,,houston,tx,77018,us
,,17139775887,,,,houston,tx,77064,us
info@ctstheater.com,,18328760235,,,,houston,tx,77063,us
,,17138815300,,,,houston,tx,77072,us
,,17134664999,,randall,duncan,houston,tx,77064,us
info@digitaldelight.com,,17132838100,,,,houston,tx,77036,us
,,17133347619,,,,houston,tx,77074,us
,,17135899222,,,,houston,tx,77082,us
sales@electronicdreams.biz,,12818905200,,,,houston,tx,77081,us
info@elevatedavproduction.com,,18329805513,17134236889,,,houston,tx,77065,us
info@eyeonis.com,,17134608662,,sam,ibrahim,houston,tx,77040,us
,,17139802877,,,,houston,tx,77057,us
,,17133007777,,,,houston,tx,77041,us
info@gridhifi.com,,17132188120,18324792544,,,houston,tx,77081,us
,,17137223500,,,,houston,tx,77043,us
,,13462992010,,,,houston,tx,77079,us
info@homegadget.net,,17139756100,,,,houston,tx,77098,us
info@hometheaterhouston.com,,12817864222,12817422054,,,houston,tx,77056,us
info@houstoncustominstallers.com,,12816094001,,,,houston,tx,77056,us
,,18327937986,,,,houston,tx,77098,us
,,17135388434,,,,houston,tx,77057,us
,,17136705733,,jonathan,lynch,houston,tx,77007,us
,,19726807800,,,,houston,tx,77063,us
,,17132543468,,jeremiah,allison,houston,tx,77092,us
gus@jandkelectronics.com,,12819994443,,,,houston,tx,77057,us
,,17136959400,,,,houston,tx,77018,us
,,17137229797,17138850618,,,houston,tx,77035,us
,,18329309771,,,,houston,tx,77099,us
,,17136675611,17136607541,,,houston,tx,77081,us
contact@modia.com,,17139525700,18008772900,,,houston,tx,77057,us
solutions@modmediasystems.com,info@modmediasystems.com,18323445284,,luis,gutierrez,houston,tx,77024,us
,,17135200025,17135200023,bill,maxey,houston,tx,77055,us
info@mediasystems.com,,17134260900,,,,houston,tx,77024,us
info@mymultimediatech.com,,12814026777,,,,houston,tx,77006,us
sales@nxtlevelsmarthome.com,,18327570632,,,,houston,tx,77043,us
,,17136802080,,orlando,cardenas,houston,tx,77092,us
info@one10av.com,admin@one10av.com,17138997221,,,,houston,tx,77024,us
getsomehelp@otwav.com,,18328722885,,,,houston,tx,77036,us
robert@protech-home.com,,17139061611,,,,houston,tx,77033,us
studio@rndtek.com,,12817122329,,blake,beltran,houston,tx,77084,us
,,12815377373,12815377139,,,houston,tx,77069,us
,,17135244885,17135200025,bill,maxey,houston,tx,77055,us
,,13467028990,,,,houston,tx,77042,us
,,17132918454,,,,houston,tx,77057,us
,,17139998042,,cory,andrews,houston,tx,77092,us
sales@tvinstallationhouston.com,,17138584108,17139006034,,,houston,tx,77002,us
info@twistist.com,,17136880696,,curt,hall,houston,tx,77092,us
77099info@txavpro.com,,12812417520,,tosin,makinde,houston,tx,77099,us
,,12814079902,,,,houston,tx,77084,us
,,12816980876,,,,houston,tx,77046,us
,,17136230750,,,,houston,tx,77027,us
,,17133000685,,,,houston,tx,77082,us
info@usitinfrastructures.com,help@usitinfrastructures.com,18328801162,12818225389,,,houston,tx,77079,us
info@uniquehd.net,,18323312207,,,,houston,tx,77055,us
info@unlimitedintegration.com,,18328570080,,,,houston,tx,77074,us
info@wbsav.com,,12819745764,,,,houston,tx,77018,us
,,17132978350,,,,houston,tx,77033,us
,,18322988024,,,,houston,tx,77099,us
info@iconicinc.com,,17139330606,17136705733,jonathan,lynch,houston,tx,77007,us
,,18333728346,,brian,row,hurst,tx,76053,us
,,18177788625,18307981244,joey,proctor,hurst,tx,76054,us
info@safesolutions.us,,19402417233,,,,hurst,tx,76053,us
,,15127124008,,,,hutto,tx,78634,us
,,15125227233,,,,hutto,tx,78634,us
,,15123825753,,,,hutto,tx,78634,us
leemlancon@theinstallspot.com,,12147183968,,,,irving,tx,75063,us
,,12817207544,,,,katy,tx,77494,us
info@kmrav.com,,12817809383,,,,katy,tx,77494,us
,,18179036988,,,,keller,tx,76248,us
,,18308953115,,,,kerrville,tx,78028,us
,,18309552018,,,,kerrville,tx,78028,us
customercare@homesmartexperts.com,sales@homesmartexperts.com,13253889278,18006413474,,,kingsland,tx,78639,us
info@simplyvast.com,,19568870442,,,,laferia,tx,78559,us
,,19566224455,,,,laferia,tx,78559,us
info@avautomation.com,,15127954242,,aaron,reilly,lakeway,tx,78734,us
info@nextav.com,service@nextav.com,15122639700,,,,lakeway,tx,78734,us
bill.wagner@genesishts.com,,19452153910,19453378844,ebrahim,jabbari,lewisville,tx,75056,us
,,15129939539,,,,libertyhill,tx,78642,us
contact@igshomeworks.com,,12814659101,,jon,kotwicki,magnolia,tx,77354,us
,,19368286546,19365259443,,,magnolia,tx,77354,us
,,17134173547,,,,magnolia,tx,77355,us
,,18325351991,,,,magnolia,tx,77354,us
contact.us@demandtechnow.com,,13105941473,,,,mansfield,tx,76063,us
info@infinity-sound.com,service@infinity-sound.com,19722060001,19722060029,,,mansfield,tx,76063,us
,,18179955021,,,,mansfield,tx,76063,us
info@designedatmospheres.com,,15126728717,14322424623,,,marblefalls,tx,78654,us
,,19566246363,,,,mcallen,tx,78501,us
,,19566316931,,,,mcallen,tx,78504,us
,,19563705150,,,,mcallen,tx,78504,us
,,18666627487,,,,mcallen,tx,78504,us
sales@eliteelectric-rgv.com,,19562121606,,,,mcallen,tx,78504,us
,,18776830079,,,,mcallen,tx,78504,us
,,19567764318,,,,mcallen,tx,78504,us
,,19568558482,,,,mcallen,tx,78501,us
,,19566242463,,,,mcallen,tx,78501,us
,,19564511139,,,,mcallen,tx,78504,us
,,19566873231,,,,mcallen,tx,78501,us
,,19569920412,19569920413,,,mcallen,tx,78501,us
,,19569920412,19569920413,,,mcallen,tx,78504,us
,,19566303930,,,,mcallen,tx,78501,us
,,19569044472,,,,mcallen,tx,78501,us
,,19564293520,,,,mcallen,tx,78504,us
,,19566826986,,,,mcallen,tx,78504,us
info@ie-services.com,info@www.ie-services.com,19566824645,12103499098,,,mcallen,tx,78501,us
contact@lfdfurniture.com,,19566821441,19565420757,,,mcallen,tx,78503,us
,,19569920690,,,,mcallen,tx,78501,us
,,19566270701,,,,mcallen,tx,78501,us
,,19566001210,,,,mcallen,tx,78501,us
,,19563225987,,,,mcallen,tx,78504,us
,,19562175998,,,,mcallen,tx,78504,us
,,15129569590,,,,mcallen,tx,78501,us
,,19563816655,19564238112,,,mcallen,tx,78504,us
,,19563303062,,,,mcallen,tx,78501,us
,,19567772662,,,,mcallen,tx,78504,us
,,19562783333,,,,mcallen,tx,78504,us
,,19563425209,,,,mcallen,tx,78501,us
info@southpointsystems.com,,19562175013,,,,mcallen,tx,78504,us
,,19563104761,,,,mcallen,tx,78501,us
here4u@superioralarms.com,sales@superioralarms.com,19566826005,18005806001,,,mcallen,tx,78501,us
,,19566140038,,,,mcallen,tx,78501,us
,,19564293107,,,,mcallen,tx,78503,us
,,19566867080,,,,mcallen,tx,78504,us
,,19566861988,,,,mcallen,tx,78504,us
info@vicommvc.com,,19562407952,,,,mcallen,tx,78504,us
info@precisionhomepro.com,,18884125580,,,,mckinney,tx,75069,us
,,19726472474,,,,mckinney,tx,75070,us
,,14697933130,,,,mckinney,tx,75069,us
sales@myhomedia.com,,12143839811,14692708260,,,mckinney,tx,75070,us
,,14693715651,,,,mesquite,tx,75150,us
,,19565855504,,,,mission,tx,78572,us
,,19565800600,,,,mission,tx,78573,us
,,19564005392,,,,mission,tx,78573,us
,,12817627245,,,,missouricity,tx,77489,us
contact@onelighthouse.com,,18326056924,,brian,kraft,montgomery,tx,77316,us
info@r2rtechnology.com,,19795746840,,,,montgomery,tx,77316,us
,,18555588637,,,,newbraunfels,tx,78132,us
,,18305155166,19519248923,,,newbraunfels,tx,78130,us
,,19562791878,,,,palmview,tx,78572,us
info@zillaitconsulting.com,,19564200055,19568996098,john,smith,pharr,tx,78577,us
,,12145017651,,,,pilotpoint,tx,76258,us
,,19725161849,14695654804,,,plano,tx,75075,us
,,19725190518,,,,plano,tx,75093,us
solutions@ashleyfurniture.com,mlabay@ashleyfurniture.com,19725092560,18664363393,,,plano,tx,75075,us
,,19723398333,,,,plano,tx,75093,us
info@coreav.net,,12145007075,12145005075,,,plano,tx,75074,us
info@digitalholics.com,,14696660747,,,,plano,tx,75024,us
,,18177859845,,,,plano,tx,75074,us
info@premierhas.com,,12142149458,,,,plano,tx,75024,us
sales@solomonsecuritytx.com,,14698096009,,chaim,solomon,plano,tx,75093,us
,,19725090500,,doug,thompson,plano,tx,75074,us
,,12149797334,,,,plano,tx,75093,us
nmhal@teslaae.com,,14695023777,,,,plano,tx,75074,us
,,14696641097,,,,plano,tx,75074,us
info@tylertech.com,,19727133700,,,,plano,tx,75024,us
,,19723665432,,,,plano,tx,75093,us
info@71concepts.com,,14693934757,,,,richardson,tx,75081,us
,,18008053715,,,,richardson,tx,75081,us
,,18663553595,12147523333,,,richlandhills,tx,76118,us
,,18327991940,,,,richmond,tx,77469,us
info@mastervideo.net,,12143883446,,,,rockwall,tx,75087,us
info@nxgservice.com,,12144327159,14698879533,jonathan,mcbride,rockwall,tx,75032,us
info@omniav.com,,12143469126,12143469172,jeff,morrison,rockwall,tx,75032,us
info@raptor.solutions,,14695894008,,johnny,kirkpatrick,rockwall,tx,75032,us
info@trademarkinstall.com,,14692889135,,,,rockwall,tx,75032,us
,,14693329241,,,,rockwall,tx,75087,us
info@avconsultations.com,,15122558678,,,,roundrock,tx,78681,us
,,15123180604,,,,roundrock,tx,78664,us
,,15125227817,,,,roundrock,tx,78665,us
info@greenelectronicsolutions.com,,19724759396,,,,rowlett,tx,75088,us
info@hytechservices.com,,12146079678,,,,rowlett,tx,75088,us
nelson@nelsonautomation.com,nlsautomationsys@yahoo.com,19724858617,19726708393,,,rowlett,tx,75088,us
,,18179358333,,,,saginaw,tx,76179,us
,,12106173434,,,,sanantonio,tx,78251,us
,,12105451770,,,,sanantonio,tx,78216,us
,,12103416672,,,,sanantonio,tx,78216,us
contact@getapexsmart.com,,12103010032,,jason,mckinzie,sanantonio,tx,78229,us
contact@avcalibrationstx.com,,12103699572,,,,sanantonio,tx,78216,us
ders@avsourcerentals.com,david@avsourcerentals.com,12109799494,12109799181,,,sanantonio,tx,78216,us
,,12108042403,,gene,martinez,sanantonio,tx,78233,us
w.meiers@aac-tx.com,admin@aac-tx.com,19498649322,,,,sanantonio,tx,78217,us
steve@satheater.com,tri@satheater.com,12103417020,12104908088,,,sanantonio,tx,78216,us
bobby@advancedhomestx.com,,12106859059,,,,sanantonio,tx,78229,us
info@alamosmarthome.com,,12106256575,,,,sanantonio,tx,78216,us
,,12107418121,,,,sanantonio,tx,78202,us
joby@alarmconsult.com,,12103171194,,joby,gray,sanantonio,tx,78258,us
,,12107635857,,,,sanantonio,tx,78238,us
email@audio-eng.com,,12106274780,,richard,landgrebe,sanantonio,tx,78240,us
sales@audiogeeks.com,,18004641540,,,,sanantonio,tx,78249,us
jbonham@audiovisualaids.com,cthompson@audiovisualaids.com,12107321234,18004221282,,,sanantonio,tx,78212,us
,,12105852298,,,,sanantonio,tx,78249,us
u003esales@bjorns.com,sales@bjorns.com,12108283237,18002236991,,,sanantonio,tx,78232,us
sales@cgsmarthome.com,,12106091261,,,,sanantonio,tx,78216,us
,,12102889744,,,,sanantonio,tx,78216,us
info@directmotiontechnologies.com,,12108846403,,,,sanantonio,tx,78205,us
info@dominiontx.com,,12104049838,,,,sanantonio,tx,78249,us
,,12104959772,,,,sanantonio,tx,78249,us
mail@etechintegration.com,,12103428821,12103663944,,,sanantonio,tx,78216,us
,,14699071500,,,,sanantonio,tx,78217,us
info@fortresslinksecurity.com,,12108764857,,eric,garner,sanantonio,tx,78266,us
jrhoward@h3automationcontrols.com,amyhoward@h3automationcontrols.com,12602421961,12607048762,,,sanantonio,tx,78233,us
,,12109873429,,,,sanantonio,tx,78216,us
,,12109429799,,,,sanantonio,tx,78212,us
,,12109980288,,,,sanantonio,tx,78256,us
,,12103613398,12103613967,,,sanantonio,tx,78249,us
,,12103753525,,,,sanantonio,tx,78216,us
,,12102391837,,,,sanantonio,tx,78249,us
,,12109372461,,,,sanantonio,tx,78203,us
,,12103400306,,,,sanantonio,tx,78230,us
gabrieltrinidad@lightinginc.com,scottbailey@lightinginc.com,12105418500,15124916444,,,sanantonio,tx,78248,us
info@markeys.com,,13177831155,,,,sanantonio,tx,78258,us
,,12102894432,,,,sanantonio,tx,78216,us
,,12102249481,,,,sanantonio,tx,78220,us
,,12102236383,,,,sanantonio,tx,78218,us
,,18554856682,,,,sanantonio,tx,78257,us
,,12106862918,,,,sanantonio,tx,78212,us
inquiry@rthautomation.com,,12103103660,12103103737,,,sanantonio,tx,78219,us
,,12149605525,,,,sanantonio,tx,78230,us
projects@ruetechnologies.com,info@ruetechnologies.com,18337536200,18304774334,,,sanantonio,tx,78258,us
info@sgtechoftexas.com,,12104786980,12102866651,,,sanantonio,tx,78264,us
,,12103141004,,,,sanantonio,tx,78216,us
,,12107014113,,chris,cantu,sanantonio,tx,78232,us
,,12106289024,,,,sanantonio,tx,78217,us
carolg@saslonline.com,mark@saslonline.com,12105243910,,mark,stevens,sanantonio,tx,78216,us
,,12109958655,,,,sanantonio,tx,78254,us
,,12102501127,,,,sanantonio,tx,78251,us
info@tsgsan.com,,12106924821,18667464874,armando,jr,sanantonio,tx,78232,us
info@texasavl.com,,12107599454,19567527500,,,sanantonio,tx,78205,us
,,12109965170,,,,sanantonio,tx,78216,us
webmaster@towerelectric.net,,12105907333,,,,sanantonio,tx,78219,us
,,12106985110,,,,sanantonio,tx,78257,us
info@multitechincorporated.com,,19563208350,,,,sanbenito,tx,78586,us
info@automationdesignsinc.com,,15123961223,,,,sanmarcos,tx,78666,us
,,12108797066,,,,selma,tx,78154,us
,,19159963831,,,,socorro,tx,79927,us
,,12143933129,,,,southlake,tx,76092,us
,,18179931100,19723520854,jorge,castro,southlake,tx,76092,us
,,18179800347,,,,southlake,tx,76092,us
,,18174819300,,,,southlake,tx,76092,us
,,14696441675,,,,southlake,tx,76092,us
info@futuriansystems.com,info.northtexas@futuriansystems.com,18179120111,18665976616,,,southlake,tx,76092,us
info@modernmediaav.com,,12148018431,,todd,forgan,southlake,tx,76092,us
info@techlifeav.com,,14693528999,,jason,maguire,southlake,tx,76092,us
info@defineav.com,,12812966600,,,,spring,tx,77380,us
info@grizzlytec.com,,13462202472,,daniel,lopez,spring,tx,77386,us
,,12819079620,,,,spring,tx,77373,us
,,18329308350,,,,spring,tx,77386,us
,,18325927036,,,,spring,tx,77379,us
ncolvin@iesmartsystems.com,dcolvin@iesmartsystems.com,12814476278,18664376278,hannah,carrillo,spring,tx,77373,us
,,19362426409,,,,spring,tx,77386,us
,,18304462235,,,,springbranch,tx,78070,us
,,18005223687,,,,stafford,tx,77477,us
sales@avsecuritys.com,,12817604932,,led,you,sugarland,tx,77478,us
,,18328560205,,,,sugarland,tx,77479,us
info@thewoodlandshomeautomation.com,,18324471039,12815419649,,,thewoodlands,tx,77380,us
,,18324781753,,,,thewoodlands,tx,77380,us
,,18323491002,,,,thewoodlands,tx,77380,us
tyler@trademarkav.com,,12816605676,,,,thewoodlands,tx,77389,us
,,18323194542,,,,tomball,tx,77377,us
info@homemediapros.com,,18323696696,,,,tomball,tx,77375,us
audiovideoinnovation@yahoo.com,,13616525706,,fritz,boedeker,victoria,tx,77904,us
support@smarterhomesaustin.com,,15127756101,,peter,sandford,westlakehills,tx,78746,us
jake@mydigitalhabitat.com,grivera@mydigitalhabitat.com,19729418600,12142266276,,,wylie,tx,75098,us
,,14695732375,,,,wylie,tx,75098,us
,,19723129900,,,,wylie,tx,75098,us
,,12149346865,,,,wylie,tx,75098,us
sales@monsterautomation.com,,18019480871,,,,alpine,ut,84004,us
,,18014443200,,,,bountiful,ut,84010,us
info@utahaudio.com,,18016196262,18019978981,,,cottonwoodheights,ut,84121,us
u003einfo@avi-utah.com,u003esupport@avi-utah.com,18016199473,,,,draper,ut,84020,us
,,18016923474,,,,draper,ut,84020,us
,,13854858065,,,,draper,ut,84020,us
,,18012812329,,,,draper,ut,84020,us
info@philmgear.com,,18019998552,,jaron,robbins,draper,ut,84020,us
,,13852332886,,,,fruitheights,ut,84037,us
amber@techiav.com,,18016517709,,,,hebercity,ut,84032,us
support@cloversmarthome.com,,18889585514,18017816101,,,kaysville,ut,84037,us
,,14357526564,,lynn,hancey,logan,ut,84341,us
,,18015661324,,,,midvale,ut,84047,us
,,13852001050,18013308320,jereme,barnes,murray,ut,84107,us
info@aavtechnology.com,,18012627171,18014219231,greg,bentley,murray,ut,84123,us
info@smarttechutah.com,,18018903660,,,,murray,ut,84121,us
,,18014274546,,,,murray,ut,84123,us
,,14356081363,,,,northsaltlake,ut,84054,us
,,18002028812,,,,orem,ut,84058,us
,,18013681088,13854062773,,,orem,ut,84058,us
,,13853423032,13853656806,,,orem,ut,84058,us
tanner@onyx-automation.com,,18017029913,,,,orem,ut,84058,us
info@ati-america.com,,18019942339,18014414407,,,parkcity,ut,84060,us
,,18019963146,,brad,larkin,parkcity,ut,84060,us
,,18446495200,,,,parkcity,ut,84098,us
u003einfo@briteav.com,info@briteav.com,18012182461,,ryan,kohler,parkcity,ut,84098,us
,,14356550382,14354292262,,,parkcity,ut,84098,us
,,14356023689,,,,parkcity,ut,84060,us
gregory@gtcelectric.com,,14357310727,,,,parkcity,ut,84098,us
,,14356151515,,kevin,barnes,parkcity,ut,84098,us
todd@nerve.tv,,14353331313,,,,parkcity,ut,84098,us
tferran@newport-ave.com,,14356476464,18012823989,travis,ferran,parkcity,ut,84098,us
john@parkcityhometheater.com,,14356310300,,,,parkcity,ut,84098,us
,,14352003133,,,,parkcity,ut,84060,us
,,18004447231,,,,parkcity,ut,84060,us
,,14357297575,18012157070,,,parkcity,ut,84098,us
,,14357290241,,,,parkcity,ut,84098,us
,,14356559898,,,,parkcity,ut,84098,us
info@audiodesign-ut.com,,18018354117,,,,saltlakecity,ut,84101,us
,,18013649999,,,,saltlakecity,ut,84115,us
order@build26.com,jennifer@build26.com,18019736200,12089577435,max,marler,saltlakecity,ut,84104,us
,,18012143300,,,,saltlakecity,ut,84115,us
,,18014865757,,,,saltlakecity,ut,84115,us
,,18013555402,,,,saltlakecity,ut,84101,us
rickf@desktopvisuals.com,,18013595808,18017064401,,,saltlakecity,ut,84101,us
info@digitalbytes.tv,,18018920300,,,,saltlakecity,ut,84121,us
,,18019662222,,,,saltlakecity,ut,84101,us
,,18018394389,,roger,lee,saltlakecity,ut,84101,us
,,18014855012,18007718330,,,saltlakecity,ut,84115,us
,,18019738095,,,,saltlakecity,ut,84116,us
rmurray@ipprotech.com,info@ipprotech.com,18014491947,,,,saltlakecity,ut,84106,us
info@lynkengineers.com,,18013285151,18006787077,power,infrastructure,saltlakecity,ut,84111,us
info@mtnstates.net,,18014862110,,,,saltlakecity,ut,84115,us
,,18007718330,,,,saltlakecity,ut,84115,us
,,18013641200,,,,saltlakecity,ut,84101,us
,,18012612500,18002612500,harry,poll,saltlakecity,ut,84107,us
,,13462984020,,,,saltlakecity,ut,84101,us
,,18014855500,,,,saltlakecity,ut,84104,us
,,18014613800,18015672200,,,saltlakecity,ut,84115,us
,,13854799191,,,,saltlakecity,ut,84105,us
info@takeoneav.com,,18019990855,,,,saltlakecity,ut,84115,us
,,18018089988,,,,saltlakecity,ut,84118,us
,,18014633733,,,,saltlakecity,ut,84115,us
,,13853184106,18013184106,trace,bodin,saltlakecity,ut,84117,us
,,18014848567,,,,saltlakecity,ut,84104,us
support@bigskyav-utah.com,,18016786461,,,,sandy,ut,84070,us
,,14357766070,,,,snyderville,ut,84098,us
,,14353332271,,,,snyderville,ut,84098,us
,,18015698850,,,,southjordan,ut,84095,us
customerservice@commerciallightinginc.com,,18019723060,18016548572,,,southsaltlake,ut,84119,us
info@customsoundco.com,,18014867090,18018917090,joseph,bod,southsaltlake,ut,84115,us
info@intellivex.com,,18017336000,,,,southsaltlake,ut,84115,us
,,18014850070,,,,southsaltlake,ut,84115,us
office@aisav.com,,14357547066,,blaine,christensen,tremonton,ut,84337,us
,,18013828746,,,,westjordan,ut,84081,us
info@vastintegration.com,,13855010400,,,,westjordan,ut,84081,us
,,18019670303,,,,westvalleycity,ut,84120,us
,,18016998976,,,,westvalleycity,ut,84119,us
,,18013054682,14354651272,,,westvalleycity,ut,84119,us
,,18012968468,,,,woodscross,ut,84010,us
,,17034746772,,,,aldie,va,20105,us
info@avactions.com,,17037511010,15712575233,rod,beard,alexandria,va,22304,us
,,18008352147,,,,arlington,va,22201,us
info@aegistechnologies.com,,18006616768,,michael,dowling,ashburn,va,20147,us
,,17034831244,15715204413,daniel,schanzenbach,ashburn,va,20147,us
zagodatawire@outlook.com,,15713161600,,,,ashburn,va,20147,us
,,18043652919,,,,ashland,va,23005,us
info@connec-inc.com,,18047989081,,,,ashland,va,23005,us
info@smartwire360.com,,18047460035,,,,ashland,va,23005,us
customercare@homeperformancemasters.com,,17039454300,,,,burke,va,22015,us
,,17034888455,,,,centreville,va,20120,us
,,17038988798,,,,chantilly,va,20152,us
info@genesistek.net,,15714497612,,,,chantilly,va,20151,us
,,17039525051,,,,chantilly,va,20151,us
,,17036373332,,,,chantilly,va,20151,us
,,17033957886,,,,chantilly,va,20152,us
info@tmediausa.com,,17034039169,,,,chantilly,va,20151,us
events@spectrumintegrators.com,sales@spectrumintegrators.com,14349772797,12705165593,heinz,musitronics,charlottesville,va,22901,us
,,17572149016,,,,chesapeake,va,23320,us
jeff@htm-va.com,,17574828072,,,,chesapeake,va,23320,us
sales@plasmaguys.com,,17577734388,,,,chesapeake,va,23322,us
,,17575202020,18885207841,,,chesapeake,va,23320,us
,,17572691537,,,,chesapeake,va,23321,us
,,17574935000,,,,chesapeake,va,23320,us
info@capitolhometheater.com,,17034341917,,,,dulles,va,20166,us
,,15714446886,,,,fairfax,va,22031,us
info@avitservice.com,,17039578805,,,,fairfax,va,22030,us
support@dotsightsolutions.com,,17032614672,,,,fairfax,va,22030,us
,,15715790114,,,,fairfax,va,22030,us
,,17038769698,17039454300,,,fairfax,va,22031,us
info@hometechrestoration.com,,18338881321,12029995095,,,fairfax,va,22030,us
u003einfo@iq-av.com,info@iq-av.com,17032189855,,,,fairfax,va,22030,us
,,12407074789,,,,fairfax,va,22030,us
,,17032911404,,,,fairfax,va,22031,us
nsi@nationalsecurityinc.com,,17032735555,18008860886,,,fairfax,va,22030,us
,,15712988627,17035436929,,,fairfax,va,22031,us
info@visioncustom.com,,17039979717,,,,fairfax,va,22031,us
,,12028006778,,,,fallschurch,va,22046,us
info@archerhifi.com,,17036876115,,,,fallschurch,va,22046,us
clientservices@smartcomht.net,,15402860300,,,,fredericksburg,va,22406,us
,,15712619805,15712619808,,,gainesville,va,20155,us
,,18046144556,18044149880,,,goochland,va,23063,us
,,15714011111,,mehrdad,ebrahimi,greatfalls,va,22066,us
,,15715350070,,scott,gossert,greatfalls,va,22066,us
,,18043854827,,,,henrico,va,23228,us
,,18043725913,18049640546,,,henrico,va,23294,us
,,18047990599,,,,henrico,va,23231,us
,,18047557899,,,,henrico,va,23228,us
info@securityplusav.com,,18045544006,18042647164,paul,crouch,henrico,va,23233,us
salesnorth@sonitrolrichmond.com,,18042707900,18009660030,robert,baxter,henrico,va,23238,us
officemanager@structuredcableofva.com,,18049340000,,,,henrico,va,23233,us
,,18042613836,,,,henrico,va,23228,us
,,12406600554,,,,herndon,va,20170,us
,,17037772070,,,,leesburg,va,20176,us
info@rumavsolutions.com,,17034570329,,,,leesburg,va,20175,us
,,17034698880,,,,mclean,va,22102,us
,,17038218629,,,,mclean,va,22101,us
info@thebasementlab.com,,15716833494,12705196056,juan,cantero,mclean,va,22101,us
,,13473368356,,,,mclean,va,22102,us
,,18774028744,,,,mclean,va,22102,us
,,18042822003,,,,mechanicsville,va,23116,us
,,18045593589,18043024488,mike,bartells,mechanicsville,va,23111,us
info@mmis.biz,,18045060007,,,,mechanicsville,va,23111,us
,,18045645972,,,,midlothian,va,23112,us
,,18043799400,,,,midlothian,va,23113,us
,,18044193281,18042232990,peter,norman,midlothian,va,23113,us
,,18046744800,,,,midlothian,va,23113,us
info@moseleyelectronics.com,,18043791348,,sara,moseley,midlothian,va,23113,us
bkranda@thinknts.com,cnitz@thinknts.com,18043791800,18776878646,,,midlothian,va,23113,us
,,18883281952,,,,midlothian,va,23112,us
info@jointech-us.com,,18049444004,12025774300,,,newkent,va,23124,us
rnicholson@oempanels.com,jwilliams@oempanels.com,17575996884,18885422012,,,newportnews,va,23601,us
,,12025150020,,,,reston,va,20190,us
mcritz@amctechnology.com,info@amctechnology.com,18044198600,18003904866,mary,critz,richmond,va,23220,us
sales@avprva.com,,18047474777,18884144777,lee,dickinson,richmond,va,23228,us
,,18042820438,,,,richmond,va,23230,us
,,18045007703,18045915348,,,richmond,va,23238,us
marydel@audioimagerecording.com,info@audioimagerecording.com,18046447700,18046448801,,,richmond,va,23220,us
,,18043539212,18775649143,lee,wilkinson,richmond,va,23220,us
,,18044778695,,,,richmond,va,23233,us
,,18042716300,,,,richmond,va,23236,us
,,18887233582,,,,richmond,va,23231,us
,,18044008855,,,,richmond,va,23236,us
,,18049219953,,,,richmond,va,23230,us
service@esitechinc.com,info@esitechinc.com,18046723223,12701035744,,,richmond,va,23294,us
,,18043586737,,,,richmond,va,23220,us
,,18044663134,,,,richmond,va,23224,us
ninfo@inaray.com,todd@inaray.com,18043683797,,todd,peace,richmond,va,23230,us
info@hermeticnetworks.com,,18045453173,18045441048,jeff,hughes,richmond,va,23235,us
,,18042814395,,,,richmond,va,23231,us
info@ja-audio.net,,18044777302,,,,richmond,va,23221,us
,,18049379001,18046164156,,,richmond,va,23230,us
,,18046353192,,,,richmond,va,23230,us
,,18046577476,,,,richmond,va,23230,us
,,18045910062,18665910062,,,richmond,va,23230,us
,,18043564777,,,,richmond,va,23229,us
,,18042259510,,,,richmond,va,23220,us
,,18043656937,18667032926,,,richmond,va,23230,us
,,18042886515,,,,richmond,va,23230,us
,,18047415816,,graham,hickerson,richmond,va,23227,us
info@soundworksva.com,,18042225905,,,,richmond,va,23228,us
,,18043962769,,,,richmond,va,23221,us
,,18889780608,,,,richmond,va,23220,us
,,18044103605,,,,richmond,va,23220,us
,,18045262687,,,,richmond,va,23220,us
,,18047737475,,,,rockville,va,23146,us
,,17037866283,,,,springfield,va,22151,us
,,18434186700,17033730700,ian,williams,sterling,va,20166,us
weborders@dulleselectric.com,,17034505700,,,,sterling,va,20166,us
careers@hogarcontrols.com,info@hogarcontrols.com,17038441160,18448440789,,,sterling,va,20166,us
2sales@snappymount.com,,15718883223,,,,sterling,va,20166,us
service@iavva.com,,17572559212,,,,suffolk,va,23435,us
michael@metamorphosis.solutions,,13105690050,15406875117,,,theplains,va,20198,us
,,17573422502,,,,toano,va,23168,us
adrenaline2k@cox.net,,17576892189,,,,virginiabeach,va,23453,us
,,17574472830,,,,virginiabeach,va,23464,us
cs@audio-services.com,peter@audio-services.com,17574988277,17574989554,,,virginiabeach,va,23454,us
,,17574991111,17574491111,jeffrey,simon,virginiabeach,va,23462,us
,,17575231575,,,,virginiabeach,va,23464,us
jhart@definitiveconcepts.com,info@definitiveconcepts.com,17574639850,17574639851,,,virginiabeach,va,23454,us
digitalsound@cox.net,,17574245850,17574128839,,,virginiabeach,va,23462,us
,,17575482020,,,,virginiabeach,va,23451,us
,,17574315000,17574310834,,,virginiabeach,va,23454,us
,,17575055600,17575050066,doors,demand,virginiabeach,va,23462,us
,,17578287006,,,,virginiabeach,va,23455,us
,,17576514744,,,,virginiabeach,va,23454,us
info@lava-int.com,,17579654274,17572416601,,,virginiabeach,va,23452,us
,,17573836988,,,,virginiabeach,va,23454,us
,,17572757300,17572757301,,,virginiabeach,va,23462,us
,,17576535100,,,,virginiabeach,va,23455,us
avsystems@loyola.com,benito@loyola.com,17574986118,12705039092,,,virginiabeach,va,23452,us
mwilkerson@msco.pro,hmeza@msco.pro,17574270016,,melanie,riggs,virginiabeach,va,23452,us
info@nipperelectric.com,,17578421710,17574914517,,,virginiabeach,va,23451,us
,,18665910062,,,,virginiabeach,va,23452,us
info@purecustomav.com,,17574272020,14432759890,joe,torres,virginiabeach,va,23453,us
,,17572558797,,,,virginiabeach,va,23462,us
jp@smarthomesecurityllc.com,,18444937723,,,,virginiabeach,va,23452,us
william@studiocenter.com,,17576222111,18666154321,,,virginiabeach,va,23462,us
,,17576855862,,,,virginiabeach,va,23454,us
,,15713932628,,,,warrenton,va,20187,us
,,18044800837,,,,whitestone,va,22578,us
support@optech.net,info@optech.net,17572538800,18008683282,,,williamsburg,va,23185,us
,,17572581285,17002310025,,,williamsburg,va,23188,us
,,15714587075,,,,woodbridge,va,22192,us
info@hometechva.com,,17572231062,17572231065,,,yorktown,va,23693,us
,,18029172437,,,,barre,vt,05641,us
,,18022224245,,,,bradford,vt,05033,us
,,18332883766,,,,burlington,vt,05401,us
helpdesk@burlingtontelecom.com,customerservice@burlingtontelecom.com,18025400007,18026524220,,,burlington,vt,05401,us
,,18028623966,,,,burlington,vt,05401,us
,,18028623966,,,,burlington,vt,05401,us
,,18026585444,18008205444,,,burlington,vt,05401,us
,,18022764010,,,,burlington,vt,05401,us
,,18026584482,,,,burlington,vt,05401,us
info@dz-systems.com,,18025030752,,,,burlington,vt,05401,us
hello@eternitymarketing.com,,18028652000,,mike,lannen,burlington,vt,05401,us
reservations@mediafactory.org,gin@mediafactory.org,18026519692,,,,burlington,vt,05401,us
,,18026511013,,,,burlington,vt,05401,us
help@hireaninspector.com,,18029997494,15087846727,,,burlington,vt,05408,us
staff@purepoprecords.com,,18026582652,,,,burlington,vt,05401,us
,,18062248811,,,,burlington,vt,05401,us
,,18029519700,,,,burlington,vt,05401,us
,,18025400791,18025400107,,,burlington,vt,05401,us
info@synergy-vt.com,,18027348742,,,,burlington,vt,05408,us
,,18028635966,,,,burlington,vt,05401,us
info@shopthelamp.com,,18028646782,,,,burlington,vt,05401,us
,,18028626701,,,,burlington,vt,05401,us
info@vtaudiovisual.com,,18023632538,,,,burlington,vt,05401,us
vtstage@vermontstage.org,jamien@vermontstage.org,18028621497,,,,burlington,vt,05401,us
,,18023551461,,,,burlington,vt,05401,us
,,18024480403,,,,burlington,vt,05401,us
,,18024482365,,,,burlington,vt,05401,us
,,18007273920,,,,burlington,vt,05401,us
,,18024484153,,,,burlington,vt,05401,us
,,18028757235,,,,chester,vt,05143,us
,,18027755550,,,,clarendon,vt,05759,us
,,18026551886,,,,colchester,vt,05446,us
,,18023389336,,,,colchester,vt,05446,us
,,18028810092,,,,colchester,vt,05446,us
reply@essexcinemas.com,,18028787231,,,,essexjunction,vt,05452,us
,,18022889853,,,,essexjunction,vt,05452,us
rallaire@sunrayvt.com,,18028789091,,ray,allaire,essexjunction,vt,05452,us
mike@lamoselectric.com,,18023938113,,mike,lamos,franklin,vt,05457,us
,,18027854555,,,,hartford,vt,05001,us
nick@northeastsoundmixer.com,,19079870985,,,,hartland,vt,05048,us
,,18024824802,,,,hinesburg,vt,05461,us
,,18022287888,,,,ludlow,vt,05149,us
,,16197649919,,,,manchester,vt,05255,us
webmaster@avevt.com,,18028936260,,,,milton,vt,05468,us
info@vermontsecurity.com,,18022232033,,jesse,harper,montpelier,vt,05602,us
,,18024579339,,,,pomfret,vt,05067,us
,,18027790106,,,,rutland,vt,05701,us
,,18023737690,,,,shelburne,vt,05482,us
,,18029852204,,,,shelburne,vt,05482,us
,,18023169509,,,,southburlington,vt,05403,us
,,18024484447,,,,southburlington,vt,05403,us
%20info@benoure.com,gmorin@benoure.com,18028647156,18028647167,gary,morin,southburlington,vt,05403,us
info@cummingselectric.com,,18026581292,,,,southburlington,vt,05403,us
,,18025784422,,,,southburlington,vt,05403,us
sales@fuzzbuzzav.com,,18023992133,,,,southburlington,vt,05403,us
hello@henhousemedia.com,,18028643400,,bryan,agran,southburlington,vt,05403,us
11501069bbe4495c96b1440c9b317e2b@itinvt.com,,18027352046,,,,southburlington,vt,05403,us
,,18028626508,,master,electrician,southburlington,vt,05403,us
amanda.cook@lifesafetysystemsne.com,,18028795355,,,,southburlington,vt,05403,us
,,18022311015,,,,southburlington,vt,05403,us
,,18028620517,,,,southburlington,vt,05403,us
,,18028612300,,,,southburlington,vt,05403,us
info@spotlightvermont.com,,18028657626,,,,southburlington,vt,05403,us
helpdesk@tgvt.net,accounts.receivable@tgvt.net,18028621197,,steve,loyer,southburlington,vt,05403,us
general@vabvi.org,,18028631358,18006395861,,,southburlington,vt,05403,us
,,18023992953,18027724452,,,southburlington,vt,05403,us
,,18026526300,,,,southburlington,vt,05403,us
info@vermontelectronics.biz,,18022536509,,,,stowe,vt,05672,us
,,18023432677,,,,underhill,vt,05489,us
,,18027642200,,,,williston,vt,05495,us
,,18028785368,18008105368,,,williston,vt,05495,us
,,18028785090,,,,williston,vt,05495,us
,,18029994477,18337630280,,,williston,vt,05495,us
support@royalvt.com,,18028624112,18008341030,,,williston,vt,05495,us
jappleton@shiftconstruction.com,jolsen@shiftconstruction.com,18025574818,,,,williston,vt,05495,us
,,18022913987,,,,windsor,vt,05089,us
,,18026558805,,,,winooski,vt,05404,us
info@horizonavs.com,,13602937335,,,,anacortes,wa,98221,us
,,12533534432,,,,auburn,wa,98001,us
,,14254580273,,,,auburn,wa,98001,us
,,12067468061,,,,bainbridgeisland,wa,98110,us
info@bainbridgetech.com,,12068428324,,,,bainbridgeisland,wa,98110,us
bainbridgewirelesscomputers@bainbridgewireless.com,info@bainbridgewireless.com,12068429434,,,,bainbridgeisland,wa,98110,us
,,12062443667,,darren,kiesler,bainbridgeisland,wa,98110,us
mike@audioplusllc.com,alan@audioplusllc.com,14254531415,14254518032,mike,humphres,bellevue,wa,98005,us
,,12062086714,,,,bellevue,wa,98005,us
sales@beyondhifi.com,service@beyondhifi.com,14259988008,,,,bellevue,wa,98005,us
feedback@c2stechs.com,careers@c2stechs.com,14255623457,14252562250,jagan,chitiprolu,bellevue,wa,98007,us
at@cartoys.com,ba@cartoys.com,14256432726,,,,bellevue,wa,98005,us
info@cielowigle.com,support@cielowigle.com,14255295775,18009952222,,,bellevue,wa,98007,us
care@definitive.com,,14257463188,19714624434,,,bellevue,wa,98007,us
,,14259003610,,,,bellevue,wa,98004,us
office@evergreenelectricgates.com,,12062227808,12067410237,,,bellevue,wa,98004,us
luke@gallisonsystems.com,lgallison@msn.com,12068192070,,,,bellevue,wa,98004,us
info@ittia.com,,14254620046,,,,bellevue,wa,98004,us
,,12532207364,,,,bellevue,wa,98005,us
,,14255461515,,,,bellevue,wa,98004,us
,,12065294433,13213213430,luca,jacob,bellevue,wa,98004,us
,,18444628346,,,,bellevue,wa,98004,us
,,14255621771,,,,bellevue,wa,98005,us
,,18555876334,,,,bellevue,wa,98006,us
,,14254406206,14254406208,,,bellevue,wa,98006,us
,,17084652911,,,,bellevue,wa,98005,us
,,14257029999,14257028600,,,bellevue,wa,98005,us
customerservice@outtoday.com,,14255325445,14256155000,,,bellevue,wa,98005,us
,,14253760155,,,,bellevue,wa,98006,us
,,12065898499,,,,bellevue,wa,98004,us
,,12068227132,,,,bellevue,wa,98005,us
,,12067803929,,,,bellevue,wa,98005,us
,,14252411885,,,,bellevue,wa,98005,us
,,12062608969,,,,bellevue,wa,98006,us
,,14253242360,18443242360,,,bellevue,wa,98004,us
,,14257323222,,,,bellevue,wa,98005,us
sales@systemsunltd.com,careers@systemsunltd.com,14256499880,,,,bellevue,wa,98005,us
,,14259526070,,,,bellevue,wa,98005,us
,,14256417275,,,,bellevue,wa,98005,us
,,18774817634,,,,bellevue,wa,98008,us
,,18779653284,,,,camas,wa,98607,us
,,12538488706,,,,edgewood,wa,98372,us
info@avexclusives.com,,14252458846,,,,edmonds,wa,98026,us
brandonb@masterclassaudiovideo.com,,12064279538,,,,edmonds,wa,98020,us
info@avsmartsolutions.com,,14256555052,14256555060,david,stafford,everett,wa,98204,us
,,12536617181,,,,federalway,wa,98003,us
info@protecnw.com,,12536425020,18089696699,,,federalway,wa,98003,us
info@redsafety.com,,18885575167,18089696699,,,federalway,wa,98003,us
sales@agilityavl.com,,12539264185,17024440557,,,fife,wa,98424,us
info@ikonika.com,,12533441523,12533445123,,,fife,wa,98424,us
,,12536324967,,,,fife,wa,98424,us
hiring@whidbey-av.com,hello@whidbey-av.com,13606823920,,,,freeland,wa,98249,us
info@gigharboraudio.com,,12532286021,,,,gigharbor,wa,98335,us
service@ihi-nw.com,info@ihi-nw.com,14257461262,,,,issaquah,wa,98027,us
,,14253909999,,,,issaquah,wa,98027,us
,,14259960228,15039542200,debbie,williamson,issaquah,wa,98027,us
,,14257097002,18009998590,jeff,davis,issaquah,wa,98027,us
,,12068700244,,,,kent,wa,98032,us
,,12067637181,,,,kent,wa,98032,us
technicalsales@kele.com,info@kele.com,12067670140,18778269045,,,kent,wa,98032,us
sales@rivastechgroup.com,,14259546003,,ivan,rivas,kent,wa,98032,us
,,14258291096,,suzanne,zahr,kirkland,wa,98034,us
,,14258182053,,,,kirkland,wa,98033,us
sandiferd@e2systemsllc.com,ryanm@e2systemsllc.com,12532843707,12532843714,,,lakewood,wa,98499,us
netzeroelectric@icloud.com,,12532545442,,jordan,ivie,lakewood,wa,98498,us
jfrank@premiersightandsound.com,,15098793369,,jeff,frank,libertylake,wa,99019,us
,,14257745735,,,,lynnwood,wa,98036,us
info@high-techliving.com,,14258923332,,,,lynnwood,wa,98037,us
,,12064625227,,,,lynnwood,wa,98036,us
jeff@alltechsystemsinc.net,,14253797733,,,,marysville,wa,98270,us
,,13603864500,,,,marysville,wa,98270,us
,,14254707323,14256455865,,,marysville,wa,98270,us
,,12063805420,,,,mercerisland,wa,98040,us
,,12533035391,,,,mercerisland,wa,98040,us
,,12536525442,12062360502,,,mercerisland,wa,98040,us
,,12062320842,,,,mercerisland,wa,98040,us
,,12538028798,12539449012,,,mercerisland,wa,98040,us
,,18442264262,14252269100,,,mercerisland,wa,98040,us
miparks@mercerisland.gov,ali.spietz@mercerisland.gov,12062757609,12062757600,,,mercerisland,wa,98040,us
,,14252832526,,,,mercerisland,wa,98040,us
contact@oldworldhandyman.com,,12533916184,,,,mercerisland,wa,98040,us
info@six-walls.com,,12062753399,14254441966,,,mercerisland,wa,98040,us
,,12067758810,,,,mercerisland,wa,98040,us
,,12069069673,,,,mercerisland,wa,98040,us
service@myswitchelectric.com,,14256504313,14252708035,,,monroe,wa,98272,us
info@wa-smarthomesolutions.com,,18773762785,,,,monroe,wa,98272,us
info@digitalavr.com,,13603362392,,,,mountvernon,wa,98274,us
,,13604223799,,daniel,bates,mountvernon,wa,98273,us
,,13604249030,,bruce,salazar,mountvernon,wa,98273,us
,,12065968850,,,,mountlaketerrace,wa,98043,us
sales@cedi.tv,,14252493004,14257729021,roland,munroe,mukilteo,wa,98275,us
,,15096714104,,,,newport,wa,99156,us
info@avtechinnovations.com,,15092553855,,,,ninemilefalls,wa,99026,us
,,13605819836,,general,contractor,portorchard,wa,98366,us
info@intelli-systems.com,,13608957995,13608953799,gregory,weight,portorchard,wa,98366,us
,,13604436995,,,,portorchard,wa,98367,us
mike@asinw.com,heather@asinw.com,12537705570,12532260655,mike,lindbo,puyallup,wa,98372,us
,,12536179288,,megan,baxter,puyallup,wa,98373,us
info@serenityairinc.com,,12532555682,12532562914,,,puyallup,wa,98373,us
,,18003470295,,,,redmond,wa,98052,us
sales@remotecontroltech.com,,14252167555,14252164555,,,redmond,wa,98052,us
,,12065933660,,,,renton,wa,98057,us
info@digitalcinemadesign.com,,14258821226,,,,renton,wa,98056,us
info@ids-nw.net,,12065751906,,,,renton,wa,98058,us
,,12065791018,,,,renton,wa,98059,us
info@lluminet.com,,14253904575,,,,renton,wa,98058,us
,,14255286050,14255258198,,,renton,wa,98059,us
info@puzzleconstructiongroup.com,,14252726063,12068884880,yevheniia,vladarchyk,renton,wa,98057,us
rchap@rainiercustomhomes.com,rchar@rainiercustomhomes.com,13608020981,12065134242,,,renton,wa,98057,us
,,12063121218,,,,seattle,wa,98146,us
support@avisolutions.net,,18442849473,,,,seattle,wa,98104,us
service@apexenergygroup.com,,18888652739,13177332828,,,seattle,wa,98118,us
,,12065820360,,,,seattle,wa,98134,us
pevcpartner@avalara.com,,18777596520,18772243650,,,seattle,wa,98104,us
info@ballardcustomaudio.com,,12064574080,,,,seattle,wa,98107,us
aiden@wacitech.com,michael@wacitech.com,12067870071,,,,seattle,wa,98133,us
hello@cchbuilds.com,,12067827070,,rob,carlisle,seattle,wa,98117,us
production@carlson-audio.com,rentals@carlson-audio.com,12063408811,18773408811,,,seattle,wa,98134,us
info@cityprotech.com,,12067379602,,,,seattle,wa,98125,us
info@cloud1it.com,,12068956888,12068955888,,,seattle,wa,98119,us
,,12067740004,,rian,saputra,seattle,wa,98101,us
lightingconsultants@deako.com,sales@deako.com,18446733256,12067592573,derek,richardson,seattle,wa,98105,us
,,12069151058,,,,seattle,wa,98102,us
,,12064383518,,,,seattle,wa,98125,us
controls@erwlighting.com,u003einfo@erwlighting.com,12067677722,12062043955,jay,pachl,seattle,wa,98108,us
info@exptechnical.com,,12062642784,,jessica,michaels,seattle,wa,98101,us
sales@elluminatiinc.com,info@elluminatiinc.com,16465850540,14155470560,haney,sabet,seattle,wa,98104,us
,,12065651455,12067632389,,,seattle,wa,98108,us
,,18773339872,,,,seattle,wa,98101,us
,,12064306090,,jhon,doe,seattle,wa,98117,us
,,12066226545,,,,seattle,wa,98134,us
,,12065229609,,,,seattle,wa,98115,us
,,18889167768,,,,seattle,wa,98121,us
,,18006554888,12062640970,,,seattle,wa,98134,us
,,12064050824,,,,seattle,wa,98104,us
orders@liveoakav.com,,12065489822,,,,seattle,wa,98108,us
design@luxecs.com,,12067357099,12536271172,tawfiqur,rahman,seattle,wa,98108,us
info@mirskyelectric.com,,12069314395,,darrell,mirsky,seattle,wa,98107,us
info@olisrobotics.com,,18553376268,18553366268,,,seattle,wa,98104,us
,,18005979127,,,,seattle,wa,98104,us
,,16698002500,,,,seattle,wa,98108,us
info@phishcloud.com,,18665980440,,terry,mccorkle,seattle,wa,98134,us
contact@pipe17.com,,,,mo,afshar,seattle,wa,98121,us
integration@react-av.com,,12065274053,,,,seattle,wa,98188,us
,,13235157757,,,,seattle,wa,98101,us
info@resonantmastering.com,,12063255212,,mastering,engineer,seattle,wa,98112,us
info@schenkarconstruction.com,,15643330103,12065695272,alex,schenkar,seattle,wa,98107,us
,,12062796562,,,,seattle,wa,98108,us
info@seattlesightandsound.com,,12065886450,,,,seattle,wa,98109,us
info@seattle-tv-mounting.com,,12067379602,,,,seattle,wa,98107,us
,,12062748477,18665483185,,,seattle,wa,98107,us
info@solterra.com,,12064621103,,,,seattle,wa,98134,us
info@snic.com,,12064419009,,,,seattle,wa,98115,us
,,12064543160,,,,seattle,wa,98134,us
,,12064533168,,,,seattle,wa,98106,us
info@tbhsterling.com,,12069395535,,,,seattle,wa,98108,us
,,18008981401,,,,seattle,wa,98104,us
info@theobald-software.com,info@us.theobald-software.com,12066819638,17114605990,patrick,theobald,seattle,wa,98121,us
info@tunehifi.com,,12068193757,12062838863,connon,price,seattle,wa,98121,us
,,14256757440,,,,seattle,wa,98121,us
contact@webcon.com,,12065132513,18124431390,,,seattle,wa,98101,us
,,12066136600,12065218342,sandy,gill,seattle,wa,98104,us
contact@yavar.it,,12067530109,12067530106,,,seattle,wa,98101,us
,,12068298170,,,,seattle,wa,98108,us
info@zentechworks.com,,14252493978,12063970323,,,seattle,wa,98103,us
info@ztechnicians.com,,12067379602,,,,seattle,wa,98119,us
info@aadigi.com,,14257807821,17148395041,,,seattle,wa,98103,us
support@igms.com,marketing@igms.com,14252222922,14253572673,igor,kostin,seattle,wa,98101,us
749ac52e1bbc447bbb2ada30e6887425@itrellis.com,info@itrellis.com,14253057260,14255918051,chris,johnson,seattle,wa,98104,us
heidi@idiehstudio.com,,12062519820,,,,seattle,wa,98116,us
office@galaxyel.com,,12064141211,,pete,bojic,shoreline,wa,98133,us
,,12064535588,12062904638,troy,grugett,shoreline,wa,98155,us
,,13606498127,,,,silverdale,wa,98383,us
,,14252243788,,travis,bain,snohomish,wa,98290,us
,,12062749946,,jimmie,beem,snohomish,wa,98290,us
,,15095373773,,,,spokane,wa,99202,us
,,15093703292,,,,spokane,wa,99205,us
,,15094432609,18884432609,,,spokane,wa,99217,us
,,15097479275,,,,spokane,wa,99201,us
,,15094652980,,,,spokane,wa,99208,us
,,15093689334,15093629556,,,spokane,wa,99202,us
,,15093280706,,,,spokane,wa,99205,us
,,15095350098,,,,spokane,wa,99202,us
,,15097474552,18887474552,,,spokane,wa,99201,us
connect@syncavi.com,,15094839046,,,,spokane,wa,99217,us
info@vipproductionnw.com,,15097474804,18008014804,,,spokane,wa,99202,us
info@prodigyarrow.com,,15095704665,,,,spokane,wa,99201,us
,,15099285400,,,,spokanevalley,wa,99212,us
sales@ampdspokane.com,,15098389861,15098389535,,,spokanevalley,wa,99216,us
,,15095342526,,,,spokanevalley,wa,99206,us
,,15099229111,12086648700,,,spokanevalley,wa,99206,us
,,15098921121,15098921135,,,spokanevalley,wa,99212,us
,,15092423036,18887653269,,,spokanevalley,wa,99212,us
info@homescapes.me,,15099281331,,,,spokanevalley,wa,99206,us
,,15097230022,,,,spokanevalley,wa,99206,us
info@mainstreamhomeservices.com,,15095175912,15092376483,michael,furrer,spokanevalley,wa,99216,us
service@monaco-inc.com,,15099266277,15099244980,,,spokanevalley,wa,99216,us
onecall@onecall.com,u003eonecall@onecall.com,18003404770,,,,spokanevalley,wa,99212,us
,,15099519173,,,,spokanevalley,wa,99212,us
info@audio-ultra.com,,12533213204,,,,sumner,wa,98390,us
info@tappselectric.com,,12533444622,12539934626,,,sumner,wa,98390,us
,,12539278324,,,,tacoma,wa,98402,us
info@sound-films.com,,12535331441,12532368492,,,tacoma,wa,98444,us
info@cctvroom.com,,12536832288,,,,tacoma,wa,98402,us
info@dubreezyent.com,,12065954948,,,,tacoma,wa,98402,us
,,12532011050,,,,tacoma,wa,98403,us
m.berry@dynamicavi.com,s.clifton@dynamicavi.com,12538615607,,,,tacoma,wa,98444,us
,,12533287345,,,,tacoma,wa,98402,us
,,12534745855,,,,tacoma,wa,98409,us
care@highnoteaudio.com,,12534659544,,,,tacoma,wa,98409,us
,,12532724893,,,,tacoma,wa,98408,us
,,12532134514,,,,tacoma,wa,98402,us
,,12062184580,,,,tacoma,wa,98443,us
,,12533834546,,,,tacoma,wa,98466,us
,,18663092911,,,,tacoma,wa,98402,us
info@rsitek.com,,12534483342,,,,tacoma,wa,98444,us
,,12534758730,,,,tacoma,wa,98409,us
,,14254483279,,,,tacoma,wa,98406,us
mail@soundelectronics.com,,12534722955,15555555555,,,tacoma,wa,98409,us
,,12532720200,,,,tacoma,wa,98402,us
,,12532606868,,,,tacoma,wa,98445,us
,,12534750540,,,,tacoma,wa,98444,us
,,12534755636,,,,tacoma,wa,98408,us
,,12534732910,,,,tacoma,wa,98408,us
,,12534717766,,,,tacoma,wa,98409,us
,,12534590876,,,,tacoma,wa,98402,us
,,12532419272,,,,tacoma,wa,98402,us
info@visualoptions.net,,12534721440,,,,tacoma,wa,98409,us
sales@advantageavsystems.com,,18774846217,,,,tukwila,wa,98188,us
,,12067679080,,,,tukwila,wa,98168,us
,,14257667411,,,,tukwila,wa,98188,us
,,18444473428,,,,tukwila,wa,98188,us
contact@thosetechguys.com,,12066298524,,,,tukwila,wa,98188,us
daniel@graymp.com,,12535094554,12535094565,daniel,gray,universityplace,wa,98466,us
,,12533190335,,,,universityplace,wa,98466,us
,,13608593487,,tony,curtis,vancouver,wa,98660,us
info@expertsmarthomes.com,,19713038544,,,,vancouver,wa,98662,us
,,15033957665,,kevin,kent,vancouver,wa,98661,us
,,19712052748,,,,vancouver,wa,98665,us
webmaster@suesselectronics.com,,19207336464,,rosemary,suess,appleton,wi,54914,us
jv@audiovideoenterprises.com,,16086354709,,,,arlington,wi,53911,us
,,12627904050,,,,brookfield,wi,53005,us
,,19205708554,,,,brookfield,wi,53005,us
sales@iqautomation.net,,12626969633,,,,brookfield,wi,53072,us
contact@sounddynamicsusa.com,,14142413861,,,,brookfield,wi,53005,us
andrew@apexavwi.com,brian@apexavwi.com,14144468377,12628933820,,,browndeer,wi,53223,us
,,12628200600,,,,browndeer,wi,53223,us
support@foxriveraudio.com,,12623327726,,,,burlington,wi,53105,us
,,16088507070,18339281429,,,deforest,wi,53532,us
,,12622074099,,,,deforest,wi,53532,us
sales@oosht.com,,14144859555,14142078818,,,delafield,wi,53018,us
assistant@travissounddesign.com,,12627286335,,,,delavan,wi,53115,us
,,14144559550,,,,easttroy,wi,53120,us
info@arctekwi.com,,17156718567,,,,fonddulac,wi,54935,us
,,19205639505,,,,fortatkinson,wi,53538,us
,,19203449764,,,,foxlake,wi,53933,us
info@goaudiolive.com,,14148589210,14148589211,,,franklin,wi,53132,us
dan@puresoundvision.com,,14147753497,,,,franklin,wi,53132,us
info@automationsolutionsllc.com,,12622939134,,isaac,showaki,germantown,wi,53022,us
info@infocor.com,,18008969495,12624789566,,,germantown,wi,53022,us
info@evolvedhabitat.com,,18009207610,,,,greenbay,wi,54303,us
,,19204139300,,tim,nass,greenbay,wi,54301,us
,,14149300889,,,,hartland,wi,53029,us
maureen@smartcustomhomes.com,bryan@smartcustomhomes.com,19206641616,19206196668,bryan,bryfczynski,hobart,wi,54155,us
,,17153867034,18009450194,,,hudson,wi,54016,us
office@superiortechwi.com,info@superiortechwi.com,16082016777,,kaleb,shafer,janesville,wi,53546,us
,,16087812210,,,,lacrosse,wi,54601,us
studio@athomelg.com,,12622483688,,,,lakegeneva,wi,53147,us
,,12622484459,12622481375,jacque,arensdorf,lakegeneva,wi,53147,us
office@foremost-electric.com,,12624422636,,,,lakegeneva,wi,53147,us
,,12622496858,,,,lakegeneva,wi,53147,us
grandgenevasecurity@grandgeneva.com,info@grandgeneva.com,12622488811,18777419598,,,lakegeneva,wi,53147,us
hello@lakegenevahost.com,,12622057122,18504939177,,,lakegeneva,wi,53147,us
,,12629490114,,,,lakegeneva,wi,53147,us
,,12622489181,,,,lakegeneva,wi,53147,us
,,18474955000,,,,lakegeneva,wi,53147,us
parking@cityoflakegeneva.com,ddraper@cityoflakegeneva.com,12622483673,19207491995,,,lakegeneva,wi,53147,us
,,12622488494,,,,lakegeneva,wi,53147,us
info@lakegenevaclueroom.com,,12623252375,,,,lakegeneva,wi,53147,us
,,12622486206,18005585911,,,lakegeneva,wi,53147,us
,,12624261195,,,,lakegeneva,wi,53147,us
,,12628180911,12828180911,kyle,stiverson,lakegeneva,wi,53147,us
info@staymaxwell.com,,12622489711,,philip,maxwell,lakegeneva,wi,53147,us
,,12627550955,,,,lakegeneva,wi,53147,us
,,12622486268,,kristi,hugunin,lakegeneva,wi,53147,us
,,18557665258,,,,lakegeneva,wi,53147,us
,,12622486772,,,,lakegeneva,wi,53147,us
sales@securityrep.com,,12627451447,,,,lakegeneva,wi,53147,us
info@sevenoakslakegeneva.com,,12622484006,12622482306,,,lakegeneva,wi,53147,us
,,18884067063,,,,lakegeneva,wi,53147,us
,,12622103751,,,,lakegeneva,wi,53147,us
mt-info@studiom-int.com,lg-info@studiom-int.com,12628128052,17637178500,,,lakegeneva,wi,53147,us
,,12622481097,12622151545,,,lakegeneva,wi,53147,us
,,12622484700,,,,lakegeneva,wi,53147,us
,,12622499460,,,,lakegeneva,wi,53147,us
,,12627494367,,,,lakegeneva,wi,53147,us
,,12622480505,,,,lakegeneva,wi,53147,us
,,12622498584,12624422636,,,lakegeneva,wi,53147,us
,,16085712965,,,,madison,wi,53704,us
,,16082747400,16082743223,,,madison,wi,53719,us
,,16082221111,,,,madison,wi,53716,us
,,16082983107,,,,madison,wi,53719,us
,,16087070006,12629562195,,,madison,wi,53718,us
,,16088260077,14048988874,,,madison,wi,53719,us
,,16082778883,19204921798,,,madison,wi,53718,us
,,16082550511,,,,madison,wi,53703,us
sales@automationarts.com,,16088315012,17152418332,,,madison,wi,53718,us
,,12625275861,,,,madison,wi,53704,us
,,16082412882,,,,madison,wi,53704,us
,,16084432595,,,,madison,wi,53714,us
,,16082231100,,,,madison,wi,53713,us
,,16086612473,,,,madison,wi,53713,us
,,16086638016,15636900003,,,madison,wi,53718,us
rhaggar@haggaraudio.com,,16082746573,16082712737,when,haggar,madison,wi,53713,us
,,16088196276,,,,madison,wi,53704,us
inquiry@hometechnologyplace.com,,16085159181,,,,madison,wi,53713,us
info@ibsystemsinc.com,,16084679193,,nissa,judd,madison,wi,53713,us
jeremiah.s@jksecurity.com,info@jksecurity.com,16082555799,16082556785,,,madison,wi,53715,us
,,16083345737,,,,madison,wi,53713,us
,,16085043861,,,,madison,wi,53719,us
greg@madisonproaudio.com,info@madisonproaudio.com,16082280808,,,,madison,wi,53714,us
,,13176179567,,,,madison,wi,53704,us
,,18337487462,,,,madison,wi,53718,us
,,16082757001,19209971600,,,madison,wi,53713,us
joel@meterstudio.com,,13129525045,,,,madison,wi,53714,us
,,16084388541,,,,madison,wi,53718,us
,,16086986513,,paul,ranola,madison,wi,53704,us
info@smartspaceswi.com,,16087407977,12629556333,victor,hernandez,madison,wi,53704,us
,,16082102290,,,,madison,wi,53713,us
,,16086611140,,,,madison,wi,53717,us
,,16083450437,,,,madison,wi,53714,us
,,16082049299,,,,madison,wi,53716,us
,,16085240625,,,,madison,wi,53717,us
,,16085270655,,,,madison,wi,53716,us
info@spokenframemedia.com,,16088201086,,,,madison,wi,53719,us
,,16083546208,,,,madison,wi,53705,us
sales@universityaudio.com,info@universityaudio.com,16082840001,16082840228,,,madison,wi,53715,us
,,18777837987,,,,madison,wi,53703,us
info@lightmantechnology.com,,16082863541,,,,mcfarland,wi,53558,us
,,16082733676,19209442515,,,mcfarland,wi,53558,us
,,12622608766,,,,mequon,wi,53092,us
support@sound-designs.net,sales@sound-designs.net,12622425599,,,,mequon,wi,53092,us
sales@flynnaudio.com,,16086227266,,,,middleton,wi,53562,us
info@larsonelectricmadison.com,,16082184522,,,,middleton,wi,53562,us
,,16082036532,,,,middleton,wi,53562,us
,,14146454477,,,,milwaukee,wi,53214,us
info@avenue.systems,,14149090919,,david,price,milwaukee,wi,53212,us
,,14149330808,,,,milwaukee,wi,53233,us
,,14142718300,,,,milwaukee,wi,53233,us
,,12623402001,,,,milwaukee,wi,53215,us
info@davincimedia.com,,,,,,milwaukee,wi,53203,us
,,14145315529,,,,milwaukee,wi,53221,us
,,12625181877,,,,milwaukee,wi,53205,us
,,12623665558,,,,milwaukee,wi,53225,us
,,14144311719,,,,milwaukee,wi,53208,us
,,14142716650,,,,milwaukee,wi,53233,us
contact@proaudiodesigns.com,,14144761011,,jonathan,laney,milwaukee,wi,53226,us
,,12624752615,,santos,santiago,milwaukee,wi,53226,us
fbellido@smartmeasurement.com,sales@smartmeasurement.com,14142993896,18664045415,,,milwaukee,wi,53226,us
,,14144551026,,,,milwaukee,wi,53207,us
,,16082212422,,,,monona,wi,53716,us
ernst@homeavpros.com,sales@homeavpros.com,16086165529,,,,monona,wi,53716,us
61ce41249c1546f0b968cf4863a259b8@myeasytek.com,,18473878103,,,,mtpleasant,wi,53406,us
,,18557377469,12623783291,mark,hartzell,muskego,wi,53150,us
,,12627861699,,,,newberlin,wi,53151,us
,,12628441535,,,,newberlin,wi,53146,us
,,12627846060,12627847030,brenna,pollak,newberlin,wi,53151,us
justin@theaudiovideopros.com,austin@theaudiovideopros.com,16087799395,,justin,snyder,onalaska,wi,54650,us
,,16088350556,,,,oregon,wi,53575,us
,,12622430103,,,,pewaukee,wi,53072,us
info@hitechhomes.com,,12623756742,,,,pewaukee,wi,53072,us
info@soundspecialty.biz,,12625545201,,glenn,saunders,racine,wi,53405,us
,,16085241268,,,,reedsburg,wi,53959,us
,,14147457276,,,,shorewood,wi,53211,us
charlie@einsteinaudiosystems.com,,16082680000,16082684466,,,stoughton,wi,53589,us
info@elementalhometech.com,,16088770265,,,,stoughton,wi,53589,us
,,16083719929,,,,stoughton,wi,53589,us
info@aptuswi.com,,16082914501,,,,sunprairie,wi,53590,us
understanding.888.686.4624info@naviant.com,info@naviant.com,18886864624,18006868789,michael,carr,verona,wi,53593,us
info@aviwi.com,,12627511192,,,,wales,wi,53183,us
,,12624576100,12624576101,,,wales,wi,53183,us
info@digitekdigital.com,,12622640574,,,,waukesha,wi,53186,us
susan@lewissound.com,accounting@lewissound.com,12627542800,12627543754,susan,lewis,waukesha,wi,53186,us
info@pulse-automation.com,,16084558810,,,,waunakee,wi,53597,us
info@audiovideosolutions.net,,19203926700,,,,waupun,wi,53963,us
,,14142571300,,,,wauwatosa,wi,53213,us
,,14142210200,,,,wauwatosa,wi,53213,us
,,14144764200,18442222280,,,westallis,wi,53214,us
dsteybe@flanners.com,,14148001480,,,,westallis,wi,53214,us
,,14146300127,,,,windlake,wi,53185,us
,,17154234800,,,,wisconsinrapids,wi,54494,us
,,13075778800,,,,casper,wy,82609,us
brian@encoresightandsound.com,ryan@encoresightandsound.com,13073002051,19708331460,,,cheyenne,wy,82009,us
,,13072001614,,,,jackson,wy,83001,us
sales@alarmlogix.com,,13072011949,,,,jackson,wy,83001,us
ace@acelectricjh.com,info@acelectricjh.com,13077342921,,,,jackson,wy,83001,us
,,13077336043,,,,jackson,wy,83001,us
,,13072007236,14152361333,katy,hollbacher,jackson,wy,83001,us
info@hughesproduction.com,,13077336505,,,,jackson,wy,83001,us
,,13074139266,,john,corless,jackson,wy,83001,us
,,13076991962,,,,jackson,wy,83001,us
rich@jacksonholeav.com,info@jacksonholeav.com,13077332629,,rich,ashburn,jackson,wy,83001,us
,,13077336994,,,,jackson,wy,83001,us
,,13077332380,,,,jackson,wy,83001,us
jeff@sellingjacksonhole.com,kelli@sellingjacksonhole.com,13076900873,13076905286,,,jackson,wy,83001,us
,,18446666462,,,,jackson,wy,83001,us
pa@premieresav.com,info@premieresav.com,13072017040,17273661255,,,jackson,wy,83001,us
matt@relieftech.com,,13076905689,,matt,balogh,jackson,wy,83001,us
info@serenityinc.com,,13077340927,13077340930,,,jackson,wy,83001,us
contactus@sourcetechservicesinc.com,,13072188441,,,,jackson,wy,83001,us
info@sqr-1.com,,13077340211,,,,jackson,wy,83001,us
hello@synergylabs.co,,16454441069,,,,jackson,wy,83001,us
av@videovisioninc.com,,13077338081,,,,jackson,wy,83001,us
,,13077333938,13077330778,,,jackson,wy,83001,us
sales@hts-wyo.com,,13072284487,,,,lovell,wy,82431,us
%20office@dbsmarthomes.com,office@dbsmarthomes.com,13077639090,,daniel,baker,sheridan,wy,82801,us
,,14045522410,,,,sheridan,wy,82801,us
,,12013509642,,,,sheridan,wy,82801,us
