Name,City,State,Zip,County,Phone,Local time at noon ET,Rating,Review count,Reviews shown,Listings,Website,Status,Source
"Valley Home Theater & Automation, Inc.",Dublin,CA,94568,San Mateo County,+1 925-592-9704,9:00 AM,5.0,11,yes,3,http://valleyhometheater.com/?utm_campaign=gmb,,cold
Advanced Home Automation,Mountain View,CA,94041,San Mateo County,+1 650-967-1400,9:00 AM,5.0,2,yes,1,https://advancedha.com/,,cold
Evergreen Home Systems Inc | Lutron Smart Home | Ketra,Mountain View,CA,94040,San Mateo County,+1 408-691-9386,9:00 AM,5.0,3,yes,1,https://evergreenhomesystems.com/,,cold
zettacomm Automated Lifestyle,San Carlos,CA,94070,San Mateo County,+1 650-523-9330,9:00 AM,5.0,9,yes,1,https://zettacomm.com/pages/about/,,cold
Smart4Smart,Palo Alto,CA,94306,San Mateo County,+1 650-640-3369,9:00 AM,5.0,20,yes,1,https://smartforsmart.com/,,cold
Immersive Experiences - Home Theater Design & Installation,Palo Alto,CA,94301,San Mateo County,+1 650-321-7833,9:00 AM,5.0,20,yes,1,http://www.immexperiences.com/,,cold
Ecohome Automation,San Mateo,CA,94402,San Mateo County,+1 415-283-6976,9:00 AM,,0,no,1,https://www.ecohomeautomations.com/?utm_source=google&utm_medium=wix_google_business_profile&utm_campaign=4153641034979705381,,cold
Spectrum Systems,Belmont,CA,94002,San Mateo County,+1 415-361-2429,9:00 AM,4.8,9,yes,1,http://www.spectrumsystemssf.net/,,cold
XK Estates,Oakland,CA,94607,San Mateo County,+1 415-624-5352,9:00 AM,4.9,16,yes,1,https://www.xk-estates.com/,,cold
Automation Racks,Sausalito,CA,94965,San Mateo County,+1 415-997-2796,9:00 AM,5.0,14,yes,1,https://automationracks.com/,,cold
54 Electric Inc,Mountain View,CA,94041,San Mateo County,+1 650-489-5454,9:00 AM,4.9,11,yes,2,http://www.54electric.com/,,cold
Full Spectrum Technology Group,Concord,CA,94518,San Mateo County,+1 925-498-8921,9:00 AM,5.0,19,yes,1,https://www.fullspectrumtg.com/?utm_source=google&utm_medium=organic&utm_campaign=gbp-listing,,cold
Positive Electric,Millbrae,CA,94030,San Mateo County,+1 650-692-6425,9:00 AM,5.0,4,yes,1,https://positive-electric.net/,,cold
Brilliant NextGen,San Mateo,CA,94401,San Mateo County,+1 855-650-0940,9:00 AM,2.7,19,yes,1,https://www.brilliant.tech/?utm_source=google&utm_medium=organic&utm_campaign=seolocale,,cold
Connect and Protect - Smart Home Showrrom,Alamo,CA,94507,San Mateo County,+1 925-854-2694,9:00 AM,5.0,1,yes,1,http://www.smarthomesecuritycontrol.com/,,cold
"Automation & Entertainment, Inc",Los Gatos,CA,95033,San Mateo County,+1 408-353-4223,9:00 AM,3.7,3,yes,1,http://automationandentertainmentinc.com/contact-us/,,cold
Simplifi,San Francisco,CA,94116,San Mateo County,+1 415-661-7943,9:00 AM,,0,no,1,https://www.simplifihometech.com/,,cold
Premier Automation Contractors,Newark,CA,94560,San Mateo County,+1 510-896-8716,9:00 AM,,0,no,1,http://www.premierac.com/,,cold
Barker Tech,South San Francisco,CA,94080,San Mateo County,+1 650-452-9456,9:00 AM,5.0,26,yes,1,https://onetapconnect.com/barkertech-jakebarker/,,cold
Home Cinema Marin -,Novato,CA,94949,San Mateo County,+1 415-897-6217,9:00 AM,4.8,25,yes,1,https://www.homecinemamarin.com/,,cold
Home Theater Builders,Beverly Hills,CA,90212,San Mateo County,+1 323-391-6417,9:00 AM,5.0,26,yes,1,https://home-theater-builders.com/,,cold
Security 101 - San Mateo,San Mateo,CA,94401,San Mateo County,+1 650-249-3315,9:00 AM,5.0,12,yes,1,https://www.security101.com/san-mateo,,cold
LUXE AV,San Jose,CA,95112,Santa Clara County,+1 408-626-9641,9:00 AM,5.0,6,yes,1,https://luxeav.com/?utm_source=gbp&utm_medium=organic&utm_campaign=gbp-listing,,cold
Smart Wires LLC,Saratoga,CA,95070,Santa Clara County,+1 669-272-0099,9:00 AM,5.0,20,yes,1,https://smartwireselectric.com/,,cold
Sightpro Solutions,San Ramon,CA,94583,Santa Clara County,+1 925-307-6410,9:00 AM,5.0,12,yes,1,https://www.sightpro-solutions.com/,,cold
CallTech,Sunnyvale,CA,94087,Santa Clara County,+1 669-900-2580,9:00 AM,5.0,10,yes,1,https://www.calltech.pro/,,cold
QuickGenie,Santa Clara,CA,95050,Santa Clara County,+1 408-839-9298,9:00 AM,5.0,27,yes,1,https://quickgenie.store/,,cold
Custom Innovations,Morgan Hill,CA,95037,Santa Clara County,+1 408-239-6824,9:00 AM,,0,no,1,http://custom-innovations.com/,,cold
Golden Pacific Systems,San Jose,CA,95124,Santa Clara County,+1 408-371-9177,9:00 AM,4.0,4,yes,1,http://gpsinteractive.com/,,cold
Haven & Wire,Los Gatos,CA,95032,Santa Clara County,+1 408-766-7199,9:00 AM,5.0,16,yes,1,https://www.havenandwire.com/,,cold
Automated Building Control Solutions,San Jose,CA,95112,Santa Clara County,+1 408-380-8518,9:00 AM,3.9,7,yes,1,http://www.automatedbldgs.com/,,cold
MP Security Cameras,San Jose,CA,95117,Santa Clara County,+1 408-387-0878,9:00 AM,4.6,12,yes,1,http://www.mpscameras.com/,,cold
Premier AV Tech Inc.,Santa Clara,CA,95050,Santa Clara County,+1 408-345-1465,9:00 AM,5.0,7,yes,1,https://www.pavtechnology.com/,,cold
HBK Electric,San Jose,CA,95123,Santa Clara County,+1 408-781-1299,9:00 AM,4.8,20,yes,1,https://www.hbkelectric.com/,,cold
Intelligence Security LLC,San Jose,CA,95128,Santa Clara County,+1 408-748-6010,9:00 AM,5.0,15,yes,1,http://www.intelligencesecurity.net/,,cold
Intelligent Automation Technology,Santa Clara,CA,95050,Santa Clara County,+1 669-224-4990,9:00 AM,1.0,1,yes,1,http://www.cygia.com/,,cold
CCS Electric,Santa Clara,CA,95050,Santa Clara County,+1 408-384-9762,9:00 AM,,0,no,1,https://www.ccselectric.com/,,cold
Automation Anywhere,San Jose,CA,95134,Santa Clara County,+1 888-484-3535,9:00 AM,3.9,17,yes,1,http://www.automationanywhere.com/,,cold
Automated Solutions Group,San Jose,CA,95131,Santa Clara County,,9:00 AM,3.7,3,yes,1,http://asgbms.com/,,cold
"Home Networks, Electric & Solar, Inc. (CA)",San Jose,CA,95131,Santa Clara County,+1 408-254-4663,9:00 AM,4.3,15,yes,1,https://homenes.com/,,cold
The Alarm Company,Campbell,CA,95008,Santa Clara County,+1 408-358-1500,9:00 AM,5.0,12,yes,1,http://www.thealarmcompany.com/,,cold
"Automatic Gate Installations, Inc.",Campbell,CA,95008,Santa Clara County,+1 408-369-1245,9:00 AM,5.0,8,yes,1,http://www.automaticgateinstallations.com/,,cold
San Jose TV Install,San Jose,CA,95127,Santa Clara County,+1 408-290-2157,9:00 AM,5.0,11,yes,1,https://www.sanjosetvinstall.com/,,cold
Infinite Audio & Video,Cupertino,CA,95014,Santa Clara County,+1 408-647-6355,9:00 AM,4.7,3,yes,1,http://www.infiniteaudioandvideo.com/,,cold
The Integrated Lifestyle,Campbell,CA,95008,Santa Clara County,+1 408-393-4779,9:00 AM,5.0,1,yes,1,https://www.theintegratedlifestyle.com/,,cold
ICS Integrated Communication Systems,San Jose,CA,95119,Santa Clara County,+1 408-491-6000,9:00 AM,5.0,3,yes,1,http://ics-integration.com/,,cold
Camber Integration,Pleasant Hill,CA,94523,San Francisco,+1 415-656-8966,9:00 AM,5.0,8,yes,1,https://www.camberintegration.com/,,cold
AUDIOVISIONS,San Rafael,CA,94901,San Francisco,+1 415-459-7900,9:00 AM,5.0,7,yes,1,http://www.audiovisions.com/?utm_source=gbp&utm_medium=organic&utm_campaign=gbp-listing,,cold
DoItForMe.Solutions,San Francisco,CA,94103,San Francisco,+1 408-647-4687,9:00 AM,,0,no,1,http://www.doitforme.solutions/,,cold
Hermary's LLC,San Francisco,CA,94103,San Francisco,+1 415-993-7600,9:00 AM,5.0,8,yes,1,http://www.hermarys.com/,,cold
Kinetic Automation,Phoenix,AZ,85027,Maricopa County,+1 888-744-2327,10:00 AM,5.0,3,yes,2,https://www.kinetic.auto/,,cold
AVS,San Francisco,CA,94110,San Francisco,+1 415-824-1717,9:00 AM,4.6,9,yes,1,http://avsnext.com/,,cold
Performance Audio,San Francisco,CA,94115,San Francisco,+1 415-441-6220,9:00 AM,4.0,21,yes,1,https://www.performance-audio.com/,,cold
Summit Technology Group,Santa Rosa,CA,95403,San Francisco,+1 707-542-4773,9:00 AM,4.8,26,yes,1,https://summit-e.com/?utm_source=gbp&utm_medium=organic&utm_campaign=gbp-listing,,cold
Immersive Installs,San Francisco,CA,94103,San Francisco,+1 415-295-2365,9:00 AM,5.0,7,yes,1,https://immersiveinstalls.com/,,cold
Neetek Systems Integration,San Francisco,CA,94111,San Francisco,+1 415-946-2390,9:00 AM,4.3,3,yes,1,http://www.neetek.com/,,cold
ManageCasa HOA and Rental Property Management Software,San Francisco,CA,94111,San Francisco,+1 800-998-6627,9:00 AM,4.0,21,yes,1,https://www.managecasa.com/,,cold
Active Integration,Gilroy,CA,95020,San Francisco,+1 408-840-3736,9:00 AM,,0,no,1,http://activeint.com/,,cold
Commuataive Home Safety Services | San Francisco,San Francisco,CA,94133,San Francisco,+1 415-851-6622,9:00 AM,,0,no,1,https://business.google.com/site/l/17429718197206742086,,cold
IPSOFACTO IT Services,San Francisco,CA,94114,San Francisco,+1 415-362-2922,9:00 AM,5.0,10,yes,1,http://now.ipsofacto.net/,,cold
"TechInSF Consulting | IT Solutions, Computer Repair, Web Design, Digital Marketing & E-Commerce in San Francisco Bay Area",San Francisco,CA,94107,San Francisco,+1 415-761-3632,9:00 AM,5.0,19,yes,1,http://www.techinsf.com/,,cold
Avenue Code,San Francisco,CA,94108,San Francisco,+1 800-465-8929,9:00 AM,4.7,15,yes,1,http://www.avenuecode.com/,,cold
Lightstep,San Francisco,CA,94111,San Francisco,+1 415-630-2411,9:00 AM,5.0,10,yes,1,https://lightstep.com/,,cold
TekRevol - Mobile App Development Company in San Francisco,San Francisco,CA,94105,San Francisco,+1 415-226-1313,9:00 AM,4.6,9,yes,1,https://www.tekrevol.com/award-winning-san-francisco-mobile-app-development?utm_source=google&utm_medium=gmb-san-francisco&utm_campaign=gmb-organic,,cold
Proava Tech - Expert Home & Commercial Automation,Novato,CA,94949,Marin County,+1 415-408-8078,9:00 AM,5.0,6,yes,1,https://www.proavatech.com/,,cold
Audio Video Integration,San Rafael,CA,94901,Marin County,+1 415-526-0070,9:00 AM,4.9,19,yes,1,http://www.avimarin.com/,,cold
Sync Systems,Santa Rosa,CA,95403,Marin County,+1 707-820-4448,9:00 AM,5.0,7,yes,1,https://www.syncsystemsav.com/?utm_campaign=gmb,,cold
Digital Living Inc.,Sonoma,CA,95476,Marin County,+1 707-602-5555,9:00 AM,5.0,13,yes,1,http://digitalliving.com/,,cold
Tech Savvy Inc.,Santa Rosa,CA,95401,Marin County,+1 707-574-8728,9:00 AM,4.3,6,yes,1,http://www.techsavvyav.com/,,cold
Spectrum Audio Visual,Mill Valley,CA,94941,Marin County,+1 415-569-4380,9:00 AM,5.0,19,yes,1,http://www.spectrumavmarin.com/,,cold
ELAN HOME SYSTEMS,Petaluma,CA,94954,Marin County,+1 707-283-5900,9:00 AM,,0,no,1,http://elanu.com/contact_info.asp,,cold
"Svitla Systems, Inc.",Corte Madera,CA,94925,Marin County,+1 415-891-8605,9:00 AM,5.0,7,yes,1,https://svitla.com/,,cold
"Granko, Inc",Sonoma,CA,95476,Marin County,+1 707-291-5516,9:00 AM,5.0,3,yes,1,http://www.granko.com/,,cold
Layline Automation,San Rafael,CA,94903,Marin County,+1 415-758-0044,9:00 AM,3.0,2,yes,1,https://www.laylineautomation.com/,,cold
High Definition Home,San Rafael,CA,94903,Marin County,+1 415-499-1400,9:00 AM,5.0,1,yes,1,http://www.mobiussystems.com/,,cold
Echozone Theater Install,Corte Madera,CA,94925,Marin County,+1 229-704-1076,9:00 AM,,0,no,4,https://sites.google.com/view/echozone-theater-install/home,,cold
Jacopi Designs smart home audio & video installations,Novato,CA,94949,Marin County,,9:00 AM,5.0,2,yes,1,http://jacopidesigns.com/,,cold
Acoustic Frontiers LLC,San Rafael,CA,94901,Marin County,+1 415-524-8741,9:00 AM,5.0,2,yes,1,http://www.acousticfrontiers.com/,,cold
Marin SF AV,Woodacre,CA,94973,Marin County,+1 415-235-8094,9:00 AM,5.0,1,yes,1,http://marinsfav.com/,,cold
Theater Xtreme,Roseville,CA,95678,Marin County,+1 916-583-8890,9:00 AM,5.0,5,yes,1,http://www.theaterxtreme.tv/,,cold
Home Theater Company,Sacramento,CA,95815,Marin County,+1 916-457-5504,9:00 AM,4.4,7,yes,1,http://hometheatercompany.com/,,cold
Hidden Connections Inc,Alameda,CA,94501,Marin County,+1 510-865-3940,9:00 AM,4.9,25,yes,1,https://hiddenconnections.net/,,cold
Audio Visual Design Group,San Rafael,CA,94901,Marin County,+1 877-554-2834,9:00 AM,5.0,5,yes,1,https://avdg.com/,,cold
Visual Sound Solutions,Pleasant Hill,CA,94523,Marin County,+1 925-357-8894,9:00 AM,,0,no,1,http://www.visualsoundsolutions.net/,,cold
Performance Media Industries (PMI),Novato,CA,94949,Marin County,+1 415-883-1476,9:00 AM,5.0,2,yes,1,https://www.pmiltd.com/,,cold
Same Day Installations,Oakland,CA,94607,Marin County,+1 510-309-4426,9:00 AM,5.0,6,yes,2,https://samedayinstallations.com/,,cold
World of Sound & Vision,Pleasant Hill,CA,94523,Marin County,+1 925-820-4900,9:00 AM,5.0,4,yes,1,https://www.wosv.com/,,cold
Gridwise Electric,San Rafael,CA,94901,Marin County,+1 415-488-8828,9:00 AM,5.0,9,yes,1,https://gridwiseelectric.com/,,cold
drapinski TV & Audio Inc,Napa,CA,94559,Napa County,+1 707-252-2627,9:00 AM,4.2,22,yes,1,http://www.drapinskitv.com/,,cold
Digital Connections,Napa,CA,94558,Napa County,+1 707-255-8568,9:00 AM,3.7,3,yes,1,http://www.digital-connections.net/,,cold
"JD's Home Renovations, Inc.",Napa,CA,94558,Napa County,+1 707-387-7780,9:00 AM,5.0,6,yes,1,https://jdshomerenovations.com/,,cold
INDIGO LIVE | Napa Audio Visual,Napa,CA,94559,Napa County,+1 707-940-0022,9:00 AM,5.0,1,yes,1,https://napa.indigolive.com/,,cold
Northern California Audio Video,Napa,CA,94559,Napa County,+1 707-975-3790,9:00 AM,,0,no,1,http://norcalav.net/,,cold
Cinema Systems,Tujunga,CA,91042,Napa County,+1 213-545-6169,9:00 AM,4.6,10,yes,1,http://cinema-systems.com/,,cold
E Tech Group,Napa,CA,94558,Napa County,+1 855-202-1444,9:00 AM,,0,no,2,http://www.etechgroup.com/,,cold
Sierra @ Home,Sonoma,CA,95476,Sonoma County,+1 415-610-7779,9:00 AM,,0,no,1,https://sierraathome.com/,,cold
Rinkor Technology Solutions,Santa Rosa,CA,95403,Sonoma County,+1 855-574-6567,9:00 AM,5.0,21,yes,1,https://rinkortech.com/,,cold
Liaison Technology Group,Denver,CO,80223,Denver County,+1 303-757-1840,10:00 AM,5.0,20,yes,6,https://www.liaisontechgroup.com/home-automation-denver/,,cold
Naples Top Tech LLC,Naples,FL,34103,Collier County,+1 239-300-0652,12:00 PM,5.0,10,yes,1,http://naplestop.tech/,,cold
Analog & Digital Systems,Naples,FL,34113,Collier County,+1 239-330-9225,12:00 PM,5.0,19,yes,1,http://www.analogdigitalsystems.com/,# bad ,cold
Naples Smart Home Watch,Naples,FL,34120,Collier County,+1 239-438-8494,12:00 PM,5.0,11,yes,1,https://naplessmarthomewatch.com/,Low ticket offering,cold
CITE Solutions,Naples,FL,34110,Collier County,+1 239-844-2483,12:00 PM,5.0,4,yes,1,http://www.cite-solutions.com/,Has an AV marketer,cold
Your Tech,Bonita Springs,FL,34135,Collier County,+1 239-228-2020,12:00 PM,4.9,8,yes,1,http://yourtechfl.com/,No answer,cold
BluRoo Automation & Lighting,Naples,FL,34109,Collier County,+1 239-734-3191,12:00 PM,4.9,29,yes,1,http://www.blurooav.com/,Not the right guy,cold
"AVL Pro, Inc.",Naples,FL,34110,Collier County,+1 239-593-6455,12:00 PM,4.3,12,yes,1,http://www.avlpro.com/,Just hired a marketer,cold
Integrity AV,Naples,FL,34109,Collier County,+1 239-450-5020,12:00 PM,5.0,7,yes,1,http://www.customintegrityav.com/,,cold
Millennium Sounds,Naples,FL,34110,Collier County,+1 239-571-2304,12:00 PM,5.0,27,yes,1,https://www.millenniumsounds.com/,,cold
Criteria of Naples,Naples,FL,34109,Collier County,+1 239-593-1700,12:00 PM,4.0,4,yes,1,http://www.criteriaofnaples.com/,,cold
HomeTronics,Naples,FL,34109,Collier County,+1 239-300-3873,12:00 PM,,0,no,1,http://hometronicsfl.com/,,cold
Tech Savvy of SWFL LLC,Bonita Springs,FL,34135,Collier County,+1 239-920-8324,12:00 PM,5.0,5,yes,1,http://www.techsavvynaples.com/,,cold
AHT Global,Naples,FL,34109,Collier County,+1 239-231-1139,12:00 PM,5.0,2,yes,2,https://ahtglobal.com/,,cold
Arrow Electric Inc,Naples,FL,34110,Collier County,+1 239-319-5732,12:00 PM,4.7,15,yes,1,https://1aei.com/florida/?utm_source=google_business_profile_fl&utm_medium=GBP_View_website_&utm_campaign=website+visit,,cold
Wicked Smart Homes,Naples,FL,34102,Collier County,+1 239-300-2138,12:00 PM,,0,no,1,http://www.wickedsmarthomes.com/,,cold
"All In One Technology, Inc.",Naples,FL,34110,Collier County,+1 239-400-1622,12:00 PM,4.7,20,yes,1,https://www.allinonetechnology.com/,,cold
Apexx Access & Automation,Naples,FL,34120,Collier County,+1 239-537-7573,12:00 PM,4.7,30,yes,1,https://apexx-aa.com/,,cold
Smart Home Solutions,Colleyville,TX,76034,Dallas County,+1 817-928-4646,11:00 AM,5.0,15,yes,1,http://smarthometexas.net/,,cold
TekMax Technologies,Dallas,TX,75252,Dallas County,+1 972-584-0272,11:00 AM,5.0,16,yes,1,https://www.tekmaxtechnologies.com/,,cold
Texas Smart Home Systems,Frisco,TX,75034,Dallas County,+1 214-449-1402,11:00 AM,5.0,15,yes,1,https://www.texshs.com/,,cold
Premier Lighting & Home Automation,Plano,TX,75024,Dallas County,+1 214-214-9458,11:00 AM,5.0,30,yes,1,https://www.premierhas.com/,,cold
Ace Integrated Technologies,Dallas,TX,75220,Dallas County,+1 214-271-4899,11:00 AM,5.0,13,yes,1,https://aceintegratedtech.com/,,cold
Kore Multimedia Solutions,Dallas,TX,75243,Dallas County,+1 214-202-6551,11:00 AM,5.0,2,yes,1,http://www.koremmsolutions.com/,,cold
Audio Video Solutions,Dallas,TX,75230,Dallas County,+1 214-293-3330,11:00 AM,5.0,23,yes,1,https://www.audiovideosolutions.org/?utm_source=google&utm_medium=wix_google_business_profile&utm_campaign=11630957158755609011,,cold
TruDefinition,Dallas,TX,75208,Dallas County,+1 817-965-1042,11:00 AM,5.0,26,yes,1,http://www.trudefinition.com/,,cold
Hometronics Inc,Dallas,TX,75252,Dallas County,+1 972-490-1090,11:00 AM,5.0,7,yes,1,https://hometronics.com/,,cold
ebode,Plano,TX,75093,Dallas County,+1 972-366-5432,11:00 AM,5.0,4,yes,1,http://ebodetech.com/,,cold
OPTIMA,Dallas,TX,75254,Dallas County,+1 469-919-7318,11:00 AM,5.0,10,yes,1,http://myoptimaservices.com/,,cold
"CinemaTech Home Theater Seating, Design, & Showroom",Addison,TX,75001,Dallas County,+1 972-381-1071,11:00 AM,4.4,8,yes,1,http://www.mycinematech.com/,,cold
Advanced Home Theater Systems,Plano,TX,75075,Dallas County,+1 972-516-1849,11:00 AM,2.8,4,yes,1,http://www.advancedhometheater.com/,,cold
Home Cinema Solutions,Frisco,TX,75034,Dallas County,+1 469-412-5478,11:00 AM,5.0,3,yes,1,https://www.homecinema.solutions/,,cold
Home Theater Gallery,Carrollton,TX,75007,Dallas County,+1 972-956-0000,11:00 AM,3.6,5,yes,1,http://www.thehometheatergallery.com/,,cold
The Install Spot,Irving,TX,75063,Dallas County,+1 214-718-3968,11:00 AM,4.4,21,yes,1,https://www.theinstallspot.com/,,cold
Paul Labute Inc.,Dallas,TX,75238,Dallas County,+1 214-744-2155,11:00 AM,5.0,4,yes,1,https://www.plabute.com/,,cold
Dallas Extreme,Dallas,TX,75252,Dallas County,+1 972-394-3300,11:00 AM,5.0,2,yes,1,https://www.dallasextreme.com/,,cold
Electronic Interiors Inc,Dallas,TX,75207,Dallas County,+1 972-380-8720,11:00 AM,3.0,8,yes,1,http://electronicinteriors.net/,,cold
Metroplex | Audio & Video,Allen,TX,75013,Collin County,+1 360-746-4210,11:00 AM,5.0,7,yes,1,https://metrosmarthomes.com/,,cold
InHouse Systems - Plano,Plano,TX,75074,Collin County,+1 214-340-2222,11:00 AM,5.0,16,yes,1,http://www.inhousesys.com/,,cold
Texas Custom Av & Security,Allen,TX,75013,Collin County,+1 972-250-0006,11:00 AM,5.0,3,yes,1,http://tcavdallas.com/,,cold
Next Level Automations,Haslet,TX,76052,Collin County,+1 817-521-7839,11:00 AM,5.0,3,yes,1,https://www.nextlevelautomations.net/,,cold
myHomedia Home Theater,McKinney,TX,75070,Collin County,+1 214-383-9811,11:00 AM,5.0,9,yes,1,https://www.myhomedia.com/,,cold
Profocus Home Entertainment,Aubrey,TX,76227,Collin County,+1 469-980-7177,11:00 AM,4.4,9,yes,1,http://www.profocushe.com/,,cold
TZM Tech,Wylie,TX,75098,Collin County,+1 214-934-6865,11:00 AM,5.0,1,yes,1,https://tzmtechservices.com/,,cold
Thoughtful Integrations,Addison,TX,75001,Collin County,+1 214-396-6290,11:00 AM,5.0,18,yes,1,http://www.thoughtfulintegrations.com/,,cold
Automation Integration,Celina,TX,75009,Collin County,+1 214-432-5981,11:00 AM,3.9,16,yes,1,http://www.automationintegration.net/,,cold
Futurian Systems - North Texas,Southlake,TX,76092,Denton County,+1 817-912-0111,11:00 AM,4.6,14,yes,1,http://www.futuriansystems.com/,,cold
Comware AV,Southlake,TX,76092,Denton County,+1 214-393-3129,11:00 AM,5.0,23,yes,1,https://www.comwareav.com/,,cold
"Custom Media, Inc",Southlake,TX,76092,Denton County,+1 817-993-1100,11:00 AM,5.0,24,yes,1,https://www.dfwcustommedia.com/,,cold
JM Integrators,Dallas,TX,75230,Dallas County,+1 214-460-0364,11:00 AM,,0,no,1,https://www.jmintegrators.com/,,cold
TechLife,Southlake,TX,76092,Denton County,+1 469-352-8999,11:00 AM,5.0,26,yes,1,http://www.techlifeav.com/,,cold
"CGI Systems Group, LLC",Denton,TX,76208,Denton County,+1 940-323-8178,11:00 AM,4.9,10,yes,1,http://www.cgi-systems.com/,,cold
Clover Automation & Design,Hurst,TX,76053,Denton County,+1 833-372-8346,11:00 AM,5.0,3,yes,1,https://clovermyhome.com/,,cold
"Wired 4 Sound & Video, LLC",Corinth,TX,76210,Denton County,+1 214-244-0149,11:00 AM,4.5,25,yes,1,http://www.321wire.com/,,cold
Genesis Home Theater & Hi-Fi,Lewisville,TX,75056,Denton County,+1 945-215-3910,11:00 AM,5.0,5,yes,1,https://genesishts.com/?utm_source=GMB&utm_medium=organic&utm_campaign=lewisville,,cold
Allied Home Technologies,Benbrook,TX,76126,Tarrant County,+1 817-585-1467,11:00 AM,5.0,9,yes,1,http://www.ahttexas.com/,,cold
Visionary Smarthomes,Fort Worth,TX,76137,Tarrant County,+1 817-997-4471,11:00 AM,5.0,17,yes,1,http://visionarysmarthomes.com/,,cold
Imagine Solutions,Hurst,TX,76054,Tarrant County,+1 817-778-8625,11:00 AM,4.6,9,yes,1,https://www.toimagine.com/,,cold
CED Group,Fort Worth,TX,76102,Tarrant County,+1 561-319-9005,11:00 AM,5.0,2,yes,1,https://cedgroupusa.com/,,cold
Stars Automation,Arlington,TX,76015,Tarrant County,+1 682-260-4947,11:00 AM,5.0,5,yes,1,https://www.starsautomation.com/,,cold
Texas Automation Systems,Grand Prairie,TX,75050,Tarrant County,+1 469-697-5708,11:00 AM,5.0,21,yes,1,http://txautosys.com/,,cold
Seaton Automation LLC,Fort Worth,TX,76119,Tarrant County,+1 817-350-4591,11:00 AM,3.0,2,yes,1,http://www.seatonas.com/,,cold
H Customs Audio Video,Fort Worth,TX,76119,Tarrant County,+1 817-300-1518,11:00 AM,4.1,17,yes,1,http://hcustoms.com/,,cold
Chisholm Security,Fort Worth,TX,76132,Tarrant County,+1 817-616-4190,11:00 AM,5.0,21,yes,1,https://chisholmsecurity.com/,,cold
Sound Ideas,Fort Worth,TX,76116,Tarrant County,+1 817-346-4500,11:00 AM,4.4,11,yes,1,http://www.sihometheater.com/,,cold
Taylor Home Theater,Brock,TX,76087,Tarrant County,+1 817-594-4787,11:00 AM,,0,no,1,http://taylorhometheater.net/,,cold
Trademark Install,Rockwall,TX,75032,Rockwall County,+1 469-288-9135,11:00 AM,5.0,15,yes,1,http://www.trademarkinstall.com/,,cold
Omni Audio Video LLC,Rockwall,TX,75032,Rockwall County,+1 214-346-9126,11:00 AM,5.0,16,yes,1,http://www.omniav.com/,,cold
Digital Habitats,Wylie,TX,75098,Rockwall County,+1 972-941-8600,11:00 AM,4.6,19,yes,1,http://www.mydigitalhabitat.com/,,cold
Hoarty's Home & Commercial Services,Heath,TX,75032,Rockwall County,+1 972-771-1050,11:00 AM,5.0,2,yes,1,https://timhoarty.com/,,cold
"Nelson Automation Systems, Inc.",Rowlett,TX,75088,Rockwall County,+1 972-485-8617,11:00 AM,4.3,6,yes,1,https://www.nelsonautomation.com/,,cold
"Master Video Systems, Inc.",Rockwall,TX,75087,Rockwall County,+1 214-388-3446,11:00 AM,5.0,3,yes,1,http://www.mastervideo.net/,,cold
NXG Services,Rockwall,TX,75032,Rockwall County,+1 214-432-7159,11:00 AM,3.7,3,yes,1,https://www.nxgservice.com/,,cold
FullHouse Smart Homes,Wylie,TX,75098,Rockwall County,+1 469-573-2375,11:00 AM,,0,no,1,http://fullhousesmarthomes.com/,,cold
Triumph AV,Heath,TX,75032,Rockwall County,+1 214-494-9369,11:00 AM,,0,no,1,https://triumphav.com/,,cold
"Hyatt Technical Services, Inc.",Rowlett,TX,75088,Rockwall County,+1 214-607-9678,11:00 AM,4.0,8,yes,1,http://www.hytechservices.com/,,cold
Smart Home Worx | Home Automation,New York,NY,10018,New York County,+1 212-537-6179,12:00 PM,4.8,18,yes,2,http://www.smarthomeworx.com/,,cold
Smart House Tech NYC,Astoria,NY,11106,Queens County,+1 718-810-0548,12:00 PM,5.0,7,yes,1,http://www.smarthouse-ny.com/,,cold
Opus One Home Automation,New York,NY,10018,New York County,+1 212-343-3030,12:00 PM,5.0,24,yes,1,http://opus.one/,,cold
KRAUS Hi-Tech,Long Island City,NY,11106,Queens County,+1 212-753-8000,12:00 PM,5.0,10,yes,1,http://kraushi-tech.com/,,cold
Distinctive Home Automation,New York,NY,10010,New York County,+1 212-620-5261,12:00 PM,5.0,2,yes,2,https://distinctivehomeautomationnewyork.com/?utm_source=GBP&utm_medium=GBP&utm_campaign=GBP,,cold
Electronic Environments,New York,NY,10018,New York County,+1 212-997-1110,12:00 PM,4.8,25,yes,1,http://www.eeny.net/,,cold
Hey Smart Home,Brooklyn,NY,11224,Kings County,+1 669-273-9580,12:00 PM,5.0,9,yes,1,https://heysmarthome.us/,,cold
PSE Audio Visual,Brooklyn,NY,11232,Kings County,+1 347-460-4590,12:00 PM,5.0,4,yes,1,http://www.pse-av.com/,,cold
NYC Intercom & Access Control Services,Brooklyn,NY,11201,Kings County,+1 332-264-9746,12:00 PM,5.0,19,yes,1,http://www.nycsecurityexperts.com/NYC-Intercom-Access-Control-Services.html,,cold
TechPro Home Automation,Plainview,NY,11803,Nassau County,+1 516-845-5678,12:00 PM,5.0,8,yes,1,http://techprohomeautomation.com/,,cold
SMARTTECH Security & Automation,Great Neck,NY,11021,Nassau County,+1 718-269-7156,12:00 PM,5.0,6,yes,1,http://smarttech.nyc/,,cold
HTE (Home Technology Experts) - NYC,New York,NY,10016,New York County,+1 917-397-0624,12:00 PM,5.0,8,yes,1,http://www.hteny.com/,,cold
"Access Home Automation, Inc.",Lindenhurst,NY,11757,Suffolk County,+1 516-880-5399,12:00 PM,5.0,1,yes,1,http://www.accesshomeautomation.com/,,cold
Digital Home LLC,Kearny,NJ,07032,Hudson County,+1 973-264-9960,12:00 PM,5.0,9,yes,1,https://digihm.com/,,cold
eHOME NYC LLC,Yonkers,NY,10704,Westchester County,+1 914-266-7268,12:00 PM,5.0,7,yes,1,https://ehome.nyc/,,cold
Digital Home Systems,Rye Brook,NY,10573,Westchester County,+1 914-939-7000,12:00 PM,4.8,22,yes,1,https://www.digitalhomesystems.com/?utm_source=gbp&utm_medium=organic&utm_campaign=gbp-listing,,cold
Tech Life Connection,New York,NY,10001,New York County,+1 929-649-4748,12:00 PM,5.0,4,yes,1,https://techlifeconnection.com/,,cold
Nex AV,New York,NY,10018,New York County,+1 646-859-0306,12:00 PM,5.0,2,yes,1,https://nexavt.com/,,cold
Smart Spaces Group,Canal Street,NY,10013,New York County,+1 646-992-9525,12:00 PM,5.0,8,yes,1,https://www.smartspacesgroup.com/?utm_source=gbp&utm_medium=organic&utm_campaign=gbp-listing,,cold
MetroCom Security,New York,NY,10013,New York County,+1 866-470-2244,12:00 PM,5.0,18,yes,1,https://metrocomsecurity.com/?utm_source=GMB2026&utm_medium=gmb&utm_campaign=gmb,,cold
Voytech Technologies Inc.,New York,NY,10024,New York County,+1 212-249-4104,12:00 PM,5.0,1,yes,1,http://voytech.com/,,cold
e-home,New York,NY,10018,New York County,+1 800-232-6651,12:00 PM,5.0,1,yes,1,http://www.e-home.com/,,cold
Big Apple Intercom & Camera,Long Island City,NY,11101,Queens County,+1 929-345-1008,12:00 PM,5.0,17,yes,1,http://www.rolling-doors-gates-manhattan-ny.com/Big-Apple-Intercom-Camera-New-York.html,,cold
ATTYWON Control4 NYC,New York,NY,10022,New York County,+1 212-390-1005,12:00 PM,3.7,3,yes,1,http://www.attywon.com/,,cold
Surround Sound Installation,New York,NY,10013,New York County,+1 212-401-9832,12:00 PM,,0,no,1,http://surroundsoundinstallationnyc.com/,,cold
ExpertTech USA,Brooklyn,NY,11231,Kings County,+1 212-201-0847,12:00 PM,5.0,28,yes,1,http://www.experttechusa.com/,,cold
Unique Spaces,New York,NY,10018,New York County,+1 866-815-0099,12:00 PM,5.0,8,yes,1,https://www.unique-spaces.com/,,cold
Advanced Home AV,Brooklyn,NY,11249,Kings County,+1 347-470-9638,12:00 PM,,0,no,1,http://ahav.com/,,cold
Standard Technology Integration Corp.,New York,NY,10001,New York County,+1 866-749-9526,12:00 PM,5.0,2,yes,1,http://standard-integration.com/,,cold
New York Empire Intercom & Security Systems,New York,NY,10003,New York County,+1 917-997-1917,12:00 PM,5.0,28,yes,1,https://nycintercomsecuritysystems.com/,,cold
Lutron NYC Residential Experience Center,New York,NY,10022,New York County,+1 212-752-1214,12:00 PM,3.5,14,yes,8,http://www.lutron.com/en-US/Experience-Light-Control/Pages/Inspiration/ExperienceCenter.aspx,,cold
Lutron Lighting,New York,NY,10018,New York County,+1 888-449-4233,12:00 PM,,0,no,1,https://lutronlightingandshades.com/contact-us/,,cold
Lutron Shades & Lights Installer,Brooklyn,NY,11211,Kings County,+1 347-434-9673,12:00 PM,4.4,14,yes,2,https://cravtsman.com/solutions/lighting-control,,cold
"Lutron Lights, Shades and Blinds Installer NYC",New York,NY,10010,New York County,+1 212-347-0077,12:00 PM,4.5,8,yes,1,http://shadesinspiration.com/,,cold
Bright Home Theater and Audio Video NYC,New York,NY,10018,New York County,+1 646-585-7000,12:00 PM,4.7,14,yes,1,http://www.brighthometheater.com/,,cold
Extreme AVS Home Theater Installers Control4 Long Island,Smithtown,NY,11787,Suffolk County,+1 631-519-9002,12:00 PM,5.0,27,yes,1,https://www.extremeavs.com/,,cold
Ultimate Sound & Installations,Woodside,NY,11377,Queens County,+1 718-729-2111,12:00 PM,5.0,19,yes,1,https://www.ultisound.com/,,cold
TV Installation by 5163co,New York,NY,10018,New York County,+1 646-572-8199,12:00 PM,5.0,11,yes,1,http://tvinstallationnewyork.com/,,cold
Home Theater of Long Island,Manhasset,NY,11030,Nassau County,+1 516-365-4434,12:00 PM,4.8,16,yes,1,http://htoli.com/,,cold
eInteractive,New York,NY,10002,New York County,+1 855-417-9783,12:00 PM,4.0,4,yes,1,https://einteractiveinc.com/,,cold
Audio Video Invasion,Plainview,NY,11803,Nassau County,+1 516-345-2636,12:00 PM,4.8,18,yes,1,http://www.audiovideoinvasion.com/,,cold
"NYC IT Tech Audio Video, CCTV And Surveillance Camera Installation",New York,NY,10017,New York County,+1 212-671-3330,12:00 PM,5.0,19,yes,1,http://nycittech.com/,,cold
Interactive Vision Solutions - rental for events,New York,NY,10018,New York County,+1 212-729-4305,12:00 PM,4.6,30,yes,1,https://avequipmentrental.nyc/,,cold
TechnoConscious,New York,NY,10014,New York County,+1 917-415-2670,12:00 PM,5.0,21,yes,1,https://technoconscious.com/,,cold
Premier Audio Video Designs,North White Plains,NY,10603,Westchester County,+1 914-509-5360,12:00 PM,4.3,11,yes,1,https://www.premieravdesigns.com/,,cold
HiFi Loft,New York,NY,10036,New York County,+1 518-920-8090,12:00 PM,5.0,19,yes,1,http://hifi-loft.com/,,cold
Luxe Audio Video Solutions,New York,NY,10018,New York County,+1 833-458-9328,12:00 PM,4.0,4,yes,1,http://luxe-av.com/,,cold
Vanish Home Theater,New York,NY,10014,New York County,+1 866-848-0505,12:00 PM,5.0,1,yes,1,https://www.vanishhometheater.com/?utm_source=googlegmbnyc&utm_medium=searchgmbnyc&utm_campaign=gmbnyc&utm_id=google-gmbnyc&utm_content=gmbnyc_button,,cold
Custom FX,New York,NY,10017,New York County,+1 212-398-4542,12:00 PM,5.0,5,yes,1,http://www.cfxusa.com/,,cold
My Smarty Home,Los Angeles,CA,90038,Los Angeles County,+1 818-794-0404,9:00 AM,5.0,23,yes,1,https://mysmartyhome.com/,,cold
Foremost Automation,Tarzana,CA,91335,Los Angeles County,+1 818-660-5580,9:00 AM,5.0,19,yes,1,http://www.foremostautomation.com/,,cold
PROJECT: automate,Manhattan Beach,CA,90266,Los Angeles County,+1 310-402-4818,9:00 AM,4.4,9,yes,1,https://projectautomate.com/,,cold
Future Home,Los Angeles,CA,90016,Los Angeles County,+1 310-559-6100,9:00 AM,5.0,13,yes,1,http://www.fhtla.com/,,cold
"Armtech Satellites, Inc",Los Angeles,CA,90027,Los Angeles County,+1 877-353-7707,9:00 AM,5.0,8,yes,1,https://www.armtechservices.com/,,cold
Audio Visual Architects - AV Installers,Beverly Hills,CA,90211,Los Angeles County,+1 213-866-9030,9:00 AM,5.0,12,yes,1,http://www.audiovisualarchitects.com/,,cold
Smart Homes Innovations,Van Nuys,CA,91406,Los Angeles County,+1 818-812-6598,9:00 AM,5.0,17,yes,1,http://www.shisystems.com/,,cold
Gizmo,Los Angeles,CA,90025,Los Angeles County,+1 310-474-9774,9:00 AM,5.0,28,yes,1,https://gizmo-la.com/,,cold
HOME TECH INC,Los Angeles,CA,90035,Los Angeles County,+1 310-855-4288,9:00 AM,5.0,3,yes,2,http://lahometech.com/,,cold
DSI Luxury Technology,Van Nuys,CA,91406,Los Angeles County,+1 310-432-2381,9:00 AM,4.7,19,yes,1,http://www.dsilt.com/,,cold
EZ Audio Video Data Solutions,Beverly Hills,CA,90211,Los Angeles County,+1 818-644-2255,9:00 AM,5.0,3,yes,1,https://www.ezavd.com/,,cold
LA Techs,Lomita,CA,90717,Los Angeles County,+1 213-354-8324,9:00 AM,5.0,3,yes,1,https://latechs.com/Showroom,,cold
BB One Technologies,Los Angeles,CA,90068,Los Angeles County,+1 310-995-2721,9:00 AM,5.0,4,yes,1,https://bbone.tech/,,cold
Smart Home LA,Encino,CA,91316,Los Angeles County,+1 310-400-9759,9:00 AM,,0,no,1,https://smarthomela.com/,,cold
Next Tech Systems Inc,Sherman Oaks,CA,91411,Los Angeles County,+1 818-860-2678,9:00 AM,4.5,23,yes,1,http://www.nexttechsystems.com/,,cold
Secure Zone,Los Angeles,CA,90035,Los Angeles County,+1 877-796-6344,9:00 AM,5.0,17,yes,1,http://securezonela.com/,,cold
"AC-DC AUTOMATION INC: HOME AUTOMATION, AUDIO, VIDEO, THEATER, LIGHTING, SECURITY, CAMERAS",North Hollywood,CA,91606,Los Angeles County,+1 800-844-6914,9:00 AM,5.0,3,yes,1,http://www.acdcautomation.com/,,cold
Powerfull Systems,Los Angeles,CA,90019,Los Angeles County,+1 310-836-9333,9:00 AM,5.0,26,yes,1,https://powerfullsystems.com/?utm_source=gbp&utm_medium=organic&utm_campaign=gbp-listing,,cold
Beverly Hills SMART Homes,Beverly Hills,CA,90212,Los Angeles County,+1 424-313-4200,9:00 AM,5.0,9,yes,1,https://www.bhsmarthomes.com/,,cold
Citrom Home Automation,West Hills,CA,91304,Los Angeles County,+1 818-888-8877,9:00 AM,5.0,5,yes,1,https://citrom.com/,,cold
Iron Lion A.V.,Sherman Oaks,CA,91423,Los Angeles County,+1 818-825-4842,9:00 AM,5.0,11,yes,1,https://www.ironlionav.com/?utm_source=google&utm_medium=gbp&utm_campaign=profile,,cold
Automation Solutions Inc,Baldwin Park,CA,91706,Los Angeles County,+1 626-812-4488,9:00 AM,5.0,6,yes,1,http://asi-technician.com/,,cold
The Hunter Group,Los Angeles,CA,90045,Los Angeles County,+1 310-645-7226,9:00 AM,5.0,6,yes,1,https://www.control4.com/dealer/thehuntergroup0-90045/losangeles-ca/,,cold
Ficrest Integration Inc Smart Home Automation,Burbank,CA,91501,Los Angeles County,+1 818-578-2929,9:00 AM,4.0,2,yes,1,https://www.ficrest.com/,,cold
Audio Command Systems,Los Angeles,CA,90025,Los Angeles County,+1 310-444-3882,9:00 AM,5.0,1,yes,1,http://www.audiocommand.com/,,cold
Lutron’s LA Design Studio,Los Angeles,CA,90071,Los Angeles County,+1 213-224-3660,9:00 AM,3.8,5,yes,1,https://experience.lutron.com/,,cold
BH Theater Audio & Video & Security / Home Theater Installation Service,Sherman Oaks,CA,91403,Los Angeles County,+1 818-272-1642,9:00 AM,4.9,24,yes,1,https://www.bhtheater.com/,,cold
Sound Decision,La Cañada Flintridge,CA,91011,Los Angeles County,+1 818-919-4400,9:00 AM,5.0,16,yes,2,https://www.sounddecisionav.com/,,cold
Style Home Theaters,Hermosa Beach,CA,90254,Los Angeles County,+1 888-988-9598,9:00 AM,4.9,7,yes,1,https://stylehometheaters.com/,,cold
Beyond Home Theater,Santa Monica,CA,90405,Los Angeles County,+1 877-717-6863,9:00 AM,4.9,12,yes,1,http://www.beyondhometheater.com/,,cold
Robert's Home Audio & Video,Los Angeles,CA,90035,Los Angeles County,+1 310-276-3955,9:00 AM,4.7,12,yes,1,https://robertshomeav.com/,,cold
BAVI Home Tech,Los Angeles,CA,90049,Los Angeles County,+1 310-481-0612,9:00 AM,3.9,7,yes,1,https://bavihometech.com/,,cold
ION AVT Inc.,North Hollywood,CA,91605,Los Angeles County,+1 818-804-8891,9:00 AM,5.0,4,yes,1,https://www.ionavt.com/,,cold
Ahead Stereo,Los Angeles,CA,90036,Los Angeles County,+1 323-931-8873,9:00 AM,4.2,20,yes,1,http://www.aheadstereo.com/,,cold
Wilshire Media Systems,Westlake Village,CA,91361,Ventura County,+1 805-497-1179,9:00 AM,4.8,8,yes,1,http://www.wilshirehe.com/,,cold
SuperVision Audio+Video,Los Angeles,CA,90034,Los Angeles County,+1 310-652-9510,9:00 AM,,0,no,1,https://www.supervisionav.com/,,cold
Nirvana Home Entertainment,Los Angeles,CA,90065,Los Angeles County,+1 323-741-1147,9:00 AM,,0,no,1,https://nirvanahomeentertainment.com/,,cold
"Evolve Sound & Vision, Inc.",Los Angeles,CA,90069,Los Angeles County,+1 310-248-2444,9:00 AM,,0,no,1,http://www.evolvesv.com/,,cold
Home Theater System & Gazebo: Los Angeles Getaway!,Los Angeles,CA,91340,Los Angeles County,,9:00 AM,,0,no,1,http://g.rentalsunited.com/gate.aspx?uid=554691&url=1&pid=4262848&lc=google,,cold
Piston Home Automation,Chicago,IL,60661,Cook County,+1 331-238-0279,11:00 AM,5.0,9,yes,1,https://pistonhome.com/,,cold
Voltra Home Sound System Installation,Oak Park,IL,60301,Cook County,+1 708-919-3659,11:00 AM,5.0,11,yes,1,https://voltrasoundsystem.com/,,cold
Denali Tech - Home Automation & Custom AV Solutions in Chicago,Mt Prospect,IL,60056,Cook County,+1 312-439-7500,11:00 AM,5.0,15,yes,1,https://denalitechs.com/,,cold
LV Home Theater Installation,Winnetka,IL,60093,Cook County,+1 847-429-3216,11:00 AM,5.0,30,yes,1,https://hometheaterwinnetka.com/,,cold
SMART Home Theater Installation,Chicago,IL,60657,Cook County,+1 312-680-2903,11:00 AM,5.0,18,yes,1,https://smarthometheaterchicago.com/,,cold
SilverGate Technology,Chicago,IL,60613,Cook County,+1 773-698-6148,11:00 AM,5.0,9,yes,1,https://www.silvergtech.com/,,cold
EMT Home Automation,Chicago,IL,60607,Cook County,+1 312-328-9840,11:00 AM,,0,no,1,http://www.emt-home.com/,,cold
Low Voltex Home Theater Installation & Home Automation,Niles,IL,60714,Cook County,+1 847-710-5858,11:00 AM,5.0,7,yes,1,https://lowvoltex.com/locations/home-theater-niles-il/?utm_source=GoogleMaps&utm_medium=GoogleMaps&utm_campaign=Niles,,cold
U-Smart Home System Theater Installation,Northbrook,IL,60062,Cook County,+1 224-242-8193,11:00 AM,5.0,27,yes,1,https://usmarthometheater.com/,,cold
GS Home Theater Installation,Lake Zurich,IL,60047,Lake County,+1 224-662-3529,11:00 AM,5.0,17,yes,1,http://hometheaterinstallationlakezurich.com/,,cold
AV Integration Group,Highland Park,IL,60035,Lake County,+1 847-780-3464,11:00 AM,5.0,27,yes,1,http://avintegrationgroup.com/,,cold
Sound & Vision Technology Solutions,Burr Ridge,IL,60527,DuPage County,+1 630-242-4600,11:00 AM,5.0,19,yes,1,https://www.soundandvision.net/,,cold
Barrett's Technology Solutions,Chicago,IL,60654,Cook County,+1 312-879-9990,11:00 AM,5.0,2,yes,1,http://www.barretts.tech/,,cold
Mills Technologies,Skokie,IL,60076,Cook County,+1 847-419-9990,11:00 AM,4.9,12,yes,1,http://www.mills-technologies.com/,,cold
Premiere Systems,Chicago,IL,60618,Cook County,+1 312-274-0220,11:00 AM,5.0,6,yes,1,http://www.premieresystems.com/,,cold
Automation Gallery,Chicago,IL,60611,Cook County,+1 312-654-8193,11:00 AM,5.0,1,yes,1,https://automationgallery.com/,,cold
Total Automation Concepts Inc,Alsip,IL,60803,Cook County,+1 708-597-3143,11:00 AM,5.0,5,yes,1,https://www.ta-concepts.com/?utm_source=google&utm_medium=organic&utm_campaign=alsip_gbp,,cold
Home Time Pro Inc.,Arlington Heights,IL,60005,Cook County,+1 847-305-4560,11:00 AM,5.0,5,yes,1,https://www.hometimepro.com/,,cold
"Hookup Solutions, Inc.",Chicago,IL,60618,Cook County,+1 773-278-8866,11:00 AM,5.0,1,yes,1,http://www.hookupsolutions.com/,,cold
SAGR Low Voltage Wiring,Chicago,IL,60610,Cook County,+1 773-788-3094,11:00 AM,5.0,8,yes,1,http://prewiringchicago.com/,,cold
Hunter Home Automation,Palatine,IL,60074,Lake County,+1 847-639-3446,11:00 AM,,0,no,1,http://hunterhomeautomation.com/,,cold
Enline Technologies,Elmhurst,IL,60126,DuPage County,+1 877-832-4312,11:00 AM,5.0,5,yes,1,http://enlinetech.com/,,cold
Digital Living,Oak Park,IL,60302,Cook County,+1 708-434-1197,11:00 AM,4.8,5,yes,1,http://www.digliving.com/,,cold
Mediatech Intelligent Home Systems,St. Charles,IL,60174,Kane County,+1 630-444-0011,11:00 AM,4.2,5,yes,1,http://www.mediatechliving.com/,,cold
WatchIT Security Camera Installation,Chicago,IL,60657,Cook County,+1 773-862-8143,11:00 AM,5.0,19,yes,1,https://securitycameraschicagoland.com/,,cold
Qorvantis,Rosemont,IL,60018,Cook County,+1 331-215-6090,11:00 AM,5.0,6,yes,1,https://qorvantis.com/,,cold
Artisan Electronics Group,Chicago,IL,60654,Cook County,+1 312-600-9615,11:00 AM,5.0,6,yes,1,http://artisantheaterseating.com/,,cold
Sapient Home,Chicago,IL,60612,Cook County,+1 312-243-1977,11:00 AM,,0,no,1,https://www.sapienthome.co/,,cold
LCD Plasma TV Installation Home Theaters Projectors,Chicago,IL,60622,Cook County,+1 312-420-4942,11:00 AM,3.7,3,yes,1,http://www.hdforever.com/,,cold
Chicago TV Mounting,Chicago,IL,60601,Cook County,+1 708-669-6471,11:00 AM,5.0,4,yes,1,https://chicagotvmounting.com/,,cold
Home Theatre Designs,Bloomington,IL,61704,McLean County,+1 309-825-5747,11:00 AM,5.0,6,yes,1,https://hometheatredesigns.net/,,cold
Chicago Sound Audio and Video,Willowbrook,IL,60527,DuPage County,+1 630-336-8777,11:00 AM,5.0,2,yes,1,https://www.chicagosoundaudioandvideo.com/,,cold
Chicagoland Home Theatre Inc,Hammond,IN,46324,Lake County,+1 708-516-6996,12:00 PM,4.6,9,yes,1,https://chicagolandht.com/,,cold
Precision Audio & Video,Chicago,IL,60640,Cook County,+1 773-720-1542,11:00 AM,4.4,21,yes,1,https://www.pavchicago.com/,,cold
"Quality Connections Audio & Video Design, LLC",Chicago,IL,60618,Cook County,+1 773-661-4000,11:00 AM,4.8,17,yes,1,http://quality-connect.com/,,cold
Sound Specialists Inc,Chicago,IL,60642,Cook County,+1 773-278-1650,11:00 AM,4.3,10,yes,1,http://www.soundspecialists.com/,,cold
"Audible Sound Productions, inc",Chicago,IL,60660,Cook County,+1 773-580-9414,11:00 AM,5.0,21,yes,1,http://www.audiblesound.com/,,cold
Concert Sound Systems,Chicago,IL,60639,Cook County,+1 855-642-2432,11:00 AM,5.0,14,yes,1,https://www.concertsound.com/,,cold
Midnight Audio,Chicago,IL,60647,Cook County,,11:00 AM,5.0,9,yes,1,https://midnightaudio.co/,,cold
FE Smart Home,Houston,TX,77057,Harris County,+1 713-980-2877,11:00 AM,5.0,10,yes,1,https://fesmarthome.com/contact-us,,cold
Adaptiv Automation,Deer Park,TX,77536,Harris County,+1 832-429-6549,11:00 AM,5.0,28,yes,1,http://www.adaptivautomation.com/,,cold
Media Systems Inc.,Houston,TX,77024,Harris County,+1 713-426-0900,11:00 AM,5.0,17,yes,1,https://www.mediasystems.com/,,cold
Titan Technology,Houston,TX,77082,Harris County,+1 713-300-0685,11:00 AM,4.5,16,yes,1,http://www.titantechnology.tv/,,cold
Relative Home Systems,Houston,TX,77069,Harris County,+1 281-537-7373,11:00 AM,4.4,7,yes,1,http://www.relativehomesystems.com/?utm_source=gbp&utm_medium=organic&utm_campaign=gbp-listing,,cold
Unique HD Audio Video Designs,Houston,TX,77055,Harris County,+1 832-331-2207,11:00 AM,4.9,19,yes,1,https://www.uniquehd.net/,,cold
Protech Communications Inc,Houston,TX,77033,Harris County,+1 713-906-1611,11:00 AM,5.0,13,yes,1,https://protech-home.com/,,cold
Refined Systems,Spring,TX,77373,Harris County,+1 281-907-9620,11:00 AM,5.0,21,yes,1,https://www.refinedsystems.com/contacts?utm_source=gbp&utm_medium=organic&utm_campaign=gbp-listing,,cold
J & K Electronics - Houston Home Automation,Spring,TX,77373,Harris County,+1 281-999-4443,11:00 AM,4.1,19,yes,2,https://www.jandkelectronics.com/,,cold
Electronic Dreams,Houston,TX,77081,Harris County,+1 281-890-5200,11:00 AM,5.0,7,yes,1,https://electronicdreams.biz/?y_source=1_MTE1NTk4MDMtNzE1LWxvY2F0aW9uLndlYnNpdGU%3D,,cold
HOME SECURITY SYSTEMS,Houston,TX,77043,Harris County,+1 713-722-3500,11:00 AM,4.9,7,yes,1,https://www.homesecuritysystemsinc.com/,,cold
Texas Smart Integration,Houston,TX,77046,Harris County,+1 281-698-0876,11:00 AM,5.0,1,yes,1,http://integratetx.com/,,cold
Unlimited Integration,Houston,TX,77074,Harris County,+1 832-857-0080,11:00 AM,4.4,11,yes,1,http://www.unlimitedintegration.com/,,cold
ONE10AV LLC,Houston,TX,77024,Harris County,+1 713-899-7221,11:00 AM,4.1,17,yes,1,https://one10av.com/,,cold
Smooth Waves Home Automation Services,Houston,TX,77057,Harris County,+1 713-291-8454,11:00 AM,4.2,5,yes,1,http://www.smoothwaveshouston.com/,,cold
SounDesign.io,Houston,TX,77092,Harris County,+1 713-999-8042,11:00 AM,5.0,4,yes,1,http://soundesign.io/,,cold
Home Gadgets,Houston,TX,77098,Harris County,+1 713-975-6100,11:00 AM,5.0,4,yes,1,http://www.homegadget.net/,,cold
Media Design,Houston,TX,77055,Harris County,+1 713-520-0025,11:00 AM,5.0,15,yes,1,http://www.mediadesigninc.com/,,cold
CTI - Houston,Houston,TX,77055,Harris County,+1 713-290-8300,11:00 AM,5.0,25,yes,2,https://www.cti.com/locations/houston/,,cold
TWIST Integration Solutions Technology (a TapeWorks Texas company),Houston,TX,77092,Harris County,+1 713-688-0696,11:00 AM,5.0,7,yes,1,http://www.twistist.com/,,cold
Xtreme Audio & Video,Houston,TX,77033,Harris County,+1 713-297-8350,11:00 AM,5.0,24,yes,1,https://xtreme-audio-video.com/,,cold
"MODMEDIA SYSTEMS, LLC",Houston,TX,77024,Harris County,+1 832-344-5284,11:00 AM,1.0,1,yes,1,http://www.modmediasystems.com/about-us/,,cold
Lighthouse Technologies,Montgomery,TX,77316,Montgomery County,+1 832-605-6924,11:00 AM,4.7,13,yes,1,https://www.onelighthouse.com/,,cold
SOL Automation LLC,Richmond,TX,77469,Fort Bend County,+1 832-799-1940,11:00 AM,5.0,10,yes,1,https://www.solautomationllc.com/,,cold
Light-Tech Inc.,Houston,TX,77035,Harris County,+1 713-722-9797,11:00 AM,5.0,2,yes,1,http://www.lighttechinc.com/,,cold
Home Theater Houston,Houston,TX,77056,Harris County,+1 281-786-4222,11:00 AM,4.0,24,yes,1,https://hometheaterhouston.com/,,cold
Houston PerfectView TV Mounting,Houston,TX,77098,Harris County,+1 832-793-7986,11:00 AM,5.0,22,yes,1,https://houstonperfectviewtvmounting.com/,,cold
iconic.systems,Houston,TX,77007,Harris County,+1 713-933-0606,11:00 AM,4.4,27,yes,1,http://www.iconicinc.com/,,cold
A-Z Smart Home LLC,Philadelphia,PA,19102,Philadelphia County,+1 215-515-6108,12:00 PM,4.9,20,yes,1,https://www.a-zsmarthome.com/a-z-smart-home-llc-philadelphia-pa,,cold
"E.L.I.T.E. Control & Design, LLC",Philadelphia,PA,19122,Philadelphia County,+1 267-297-4482,12:00 PM,5.0,10,yes,1,http://www.elitecontrolanddesign.com/,,cold
Springboard Automation,Philadelphia,PA,19103,Philadelphia County,+1 215-988-7771,12:00 PM,5.0,1,yes,1,http://www.springboardautomation.com/,,cold
Hybrid Home Security - ADT Authorized Dealer,Philadelphia,PA,19115,Philadelphia County,+1 267-970-7377,12:00 PM,5.0,29,yes,1,https://hybridhomesecurity.com/,,cold
Nestology.pro - smart home automation and security systems,Palmyra,PA,17078,Lebanon County,+1 717-298-7889,12:00 PM,4.9,19,yes,1,https://www.nestology.pro/,,cold
Elite Smart Home,West Berlin,NJ,08091,Camden County,+1 856-315-9147,12:00 PM,4.8,10,yes,1,https://elitesmarthome.com/?utm_source=google&utm_medium=organic&utm_campaign=seolocale,,cold
Smart Home and HiFi,Hatfield,PA,19440,Montgomery County,+1 215-412-3600,12:00 PM,5.0,2,yes,1,https://www.smarthomehifi.com/,,cold
Custom AV Integrators,Mullica Hill,NJ,08062,Gloucester County,+1 856-343-4700,12:00 PM,5.0,24,yes,1,https://customavnj.com/,,cold
VU World Smart Home,Philadelphia,PA,19134,Philadelphia County,+1 215-537-8800,12:00 PM,3.4,5,yes,1,https://vuworld.net/,,cold
Loxone US Inc.,Garnet Valley,PA,19060,Delaware County,+1 610-810-3344,12:00 PM,4.7,15,yes,1,http://www.loxone.com/enus,,cold
Creative Systems USA,Collegeville,PA,19426,Montgomery County,+1 610-450-6580,12:00 PM,4.5,8,yes,1,http://www.creativesystemsusa.com/,,cold
Vortechs Automation Inc,Huntingdon Valley,PA,19006,Bucks County,+1 215-322-6788,12:00 PM,4.9,19,yes,1,https://www.vtxauto.com/?utm_source=Google&utm_medium=Local-Pack&utm_campaign=GLP-LISTING,,cold
Automated Digital Homes,Glen Mills,PA,19342,Delaware County,+1 610-459-8448,12:00 PM,3.8,4,yes,1,https://automateddigitalhomes.com/,,cold
Boyermah Electronics Services LLC.,Philadelphia,PA,19131,Philadelphia County,+1 267-721-6010,12:00 PM,3.5,13,yes,1,http://www.boyermahelectronics.com/,,cold
Stark System Design,Moorestown,NJ,08057,Burlington County,+1 856-396-7436,12:00 PM,5.0,5,yes,1,http://www.starksystemdesign.com/,,cold
DeluxeTech LLC,Philadelphia,PA,19122,Philadelphia County,+1 215-454-0473,12:00 PM,5.0,7,yes,1,https://deluxetechllc.com/,,cold
Mondo Media Solutions,Essington,PA,19029,Delaware County,+1 267-713-9876,12:00 PM,5.0,19,yes,1,http://www.mmsproav.com/,,cold
Artistic Video & Sound,Coopersburg,PA,18036,Lehigh County,+1 610-282-0632,12:00 PM,5.0,13,yes,1,http://www.artisticvs.com/,,cold
TV TRAP,Philadelphia,PA,19118,Philadelphia County,+1 215-550-1291,12:00 PM,5.0,10,yes,1,http://www.tvtrap.com/,,cold
Conklin Home Theater,Lancaster,PA,17603,Lancaster County,+1 717-701-2275,12:00 PM,5.0,2,yes,1,http://www.conklinhometheater.com/,,cold
Panther Pro Audio,Philadelphia,PA,19120,Philadelphia County,+1 215-356-9125,12:00 PM,5.0,10,yes,1,http://www.pantherproaudio.com/,,cold
Audio General,Huntingdon Valley,PA,19006,Montgomery County,+1 267-288-0300,12:00 PM,4.3,15,yes,1,http://www.audiogeneral.com/,,cold
"Philadelphia Sound Productions, Inc.",Philadelphia,PA,19143,Philadelphia County,+1 215-382-2616,12:00 PM,3.7,3,yes,1,https://phillysound.com/,,cold
Soflo Systems - Miami AV Company & Conference Room Installations,Fort Lauderdale,FL,33311,Broward County,+1 954-787-2613,12:00 PM,5.0,17,yes,1,https://www.soflosystems.com/,,cold
Smart Home Studio,Miami,FL,33145,Miami-Dade County,+1 561-921-5877,12:00 PM,5.0,17,yes,1,https://smarthomestudio.co/?UTM_source=GMB_listing&UTM_medium=organic,,cold
A1A Automation,Miami,FL,33172,Miami-Dade County,+1 305-200-9726,12:00 PM,5.0,3,yes,1,https://www.a1a.tech/,,cold
Automation Pro,North Miami,FL,33181,Miami-Dade County,+1 786-663-6666,12:00 PM,5.0,9,yes,1,http://www.aprogrammers.com/,,cold
Signature Home Theaters,Miami,FL,33186,Miami-Dade County,+1 786-299-5455,12:00 PM,4.6,10,yes,1,http://www.signaturehometheaters.net/,,cold
Geeks of Technology,Miami,FL,33131,Miami-Dade County,+1 305-791-7001,12:00 PM,5.0,14,yes,1,https://www.geeksfl.com/,,cold
Ultimate Sound & Vision,Doral,FL,33178,Miami-Dade County,+1 305-501-1000,12:00 PM,5.0,22,yes,1,http://www.ultimatesv.com/,,cold
AVA Solutions,Miami,FL,33132,Miami-Dade County,+1 305-772-6198,12:00 PM,5.0,5,yes,1,http://www.avasolutions.net/,,cold
Smart Home & Solutions,Miami,FL,33122,Miami-Dade County,+1 786-451-3649,12:00 PM,5.0,4,yes,1,https://smarths.us/,,cold
Audio Advice,Miami,FL,33155,Miami-Dade County,+1 305-665-4299,12:00 PM,4.9,29,yes,1,http://www.soundcomponents.com/?utm_campaign=GoogleMyBusiness,,cold
In Control Smart Homes,North Bay Village,FL,33141,Miami-Dade County,+1 305-766-2533,12:00 PM,5.0,6,yes,1,https://icsmarthomes.com/,,cold
Living on Technology,Miami,FL,33138,Miami-Dade County,+1 786-828-7981,12:00 PM,5.0,26,yes,1,https://www.livingontechnology.com/?utm_source=google&utm_medium=wix_google_business_profile&utm_campaign=7516669722407645757,,cold
IQ Automation,Miami,FL,33131,Miami-Dade County,+1 305-910-2890,12:00 PM,5.0,2,yes,1,http://www.iqautomation.tech/,,cold
AVL Solutions,Doral,FL,33172,Miami-Dade County,+1 305-707-0621,12:00 PM,4.6,10,yes,1,https://avlsolutions.com/,,cold
Smart Tech Pro LLC,Doral,FL,33172,Miami-Dade County,+1 786-254-7915,12:00 PM,5.0,7,yes,1,http://www.smarttechpro.net/,,cold
Elite Home Theaters and Automation,Miami,FL,33155,Miami-Dade County,+1 305-830-9453,12:00 PM,4.5,8,yes,1,https://elitehta.com/,,cold
SMART-TEK AUTOMATION SOLUTIONS,Miami,FL,33131,Miami-Dade County,+1 786-677-9778,12:00 PM,,0,no,1,https://smart-tek.org/,,cold
Martec Technologies,Miami,FL,33162,Miami-Dade County,+1 786-504-1004,12:00 PM,5.0,5,yes,1,https://www.gomartec.com/,,cold
ONSMARTECH,Miami,FL,33185,Miami-Dade County,+1 305-389-1529,12:00 PM,5.0,6,yes,1,http://www.onsmartech.com/,,cold
Phoenix Automation Systems & Services LLC,Homestead,FL,33034,Miami-Dade County,+1 786-339-7393,12:00 PM,5.0,1,yes,1,https://phoenix-automation-systems-services-llc.odoo.com/,,cold
Smart Solutions Network LLC,Miami,FL,33122,Miami-Dade County,+1 305-205-1735,12:00 PM,5.0,5,yes,1,http://www.smartsolutionsnetwork.net/,,cold
"Intech : Lutron Shades, Lights and Automation",Miami,FL,33132,Miami-Dade County,+1 305-760-4955,12:00 PM,5.0,2,yes,1,https://www.intech.co/,,cold
LUC electric LLC,Miami,FL,33138,Miami-Dade County,+1 305-699-5963,12:00 PM,5.0,10,yes,1,https://lucelectric.com/,,cold
ATG - Custom AV and Automation,Miami,FL,33186,Miami-Dade County,+1 954-835-4495,12:00 PM,5.0,2,yes,1,https://www.atgamerica.com/,,cold
Digital Habitat,Miami,FL,33127,Miami-Dade County,+1 866-207-0015,12:00 PM,,0,no,1,http://digitalhabitatstore.com/,,cold
AV INTEGRATORS HOME AUTOMATION,Davie,FL,33328,Broward County,+1 954-504-5404,12:00 PM,5.0,1,yes,1,http://www.avintegrators.net/contact-us.html,,cold
Lutron Installation,Weston,FL,33332,Broward County,+1 954-801-6735,12:00 PM,,0,no,2,http://lutronpro.com/contact.html,,cold
Gexpro,Medley,FL,33166,Miami-Dade County,+1 305-805-2800,12:00 PM,5.0,1,yes,1,https://www.gexpro.com/locations/FL/Medley/7391?utm_source=local-listings&utm_medium=organic&utm_content=GMB,,cold
Lighting Reps,Miami,FL,33125,Miami-Dade County,+1 305-500-5580,12:00 PM,3.7,6,yes,1,http://www.lightingreps.net/index.php?option=com_contact&view=category&catid=12&Itemid=37,,cold
Home Theaters of South Florida,Miami Gardens,FL,33015,Miami-Dade County,+1 954-510-1010,12:00 PM,5.0,3,yes,1,http://www.hometheatersofsouthflorida.com/,,cold
Front Row Theater,Davie,FL,33324,Broward County,+1 954-351-8985,12:00 PM,5.0,16,yes,1,http://www.frontrowtheater.com/,,cold
CasaHiFi,Miami,FL,33133,Miami-Dade County,+1 786-618-5990,12:00 PM,4.8,19,yes,1,http://www.casahifi.com/,,cold
"Elite Audio Design, Inc.",Miami,FL,33125,Miami-Dade County,+1 786-251-6009,12:00 PM,5.0,1,yes,1,http://eliteaudiodesigninc.com/,,cold
Dreamedia Home Theater,Miami Beach,FL,33139,Miami-Dade County,+1 954-636-7975,12:00 PM,,0,no,1,https://dreamediaav.com/,,cold
Bardan International,Miami,FL,33131,Miami-Dade County,+1 305-374-9767,12:00 PM,5.0,5,yes,1,https://www.bardaninternational.com/,,cold
Electronic Designs,Miami Beach,FL,33139,Miami-Dade County,+1 786-390-3117,12:00 PM,,0,no,1,https://www.electronicdesigns.net/,,cold
"Atlanta Home Technologies, LLC",Doraville,GA,30360,DeKalb County,+1 404-490-0017,12:00 PM,5.0,17,yes,1,http://www.atlantahometechnologies.com/,,cold
Aaron's Home Tech,Greensboro,GA,30642,Greene County,+1 770-461-3477,12:00 PM,4.8,17,yes,3,https://aaronshometech.com/?utm_source=google&utm_medium=business+prof,,cold
Interactive Automation,Chamblee,GA,30341,DeKalb County,+1 770-455-4578,12:00 PM,5.0,4,yes,1,http://interactiveautomation.com/,,cold
Starlightatl,Suwanee,GA,30024,Gwinnett County,+1 678-558-1858,12:00 PM,5.0,5,yes,1,https://starlightatlanta.com/,,cold
MHS Systems,Atlanta,GA,30331,Fulton County,+1 404-349-1647,12:00 PM,5.0,4,yes,1,https://mhssinc.com/,,cold
Envision Media AV LLC,Atlanta,GA,30309,Fulton County,+1 470-309-2671,12:00 PM,5.0,18,yes,1,https://envisionmediaav.com/,,cold
"INEX Systems and Designs, inc.",Atlanta,GA,30313,Fulton County,+1 404-966-6979,12:00 PM,5.0,20,yes,1,https://inexsystemsdesigns.com/,,cold
Pro Tech Multimedia Solutions LLC,Atlanta,GA,30303,Fulton County,+1 678-761-7564,12:00 PM,5.0,16,yes,1,http://www.protechmultimedia.com/,,cold
TRuth Automations,Atlanta,GA,30326,Fulton County,+1 470-410-8227,12:00 PM,5.0,14,yes,1,http://www.truthautomations.com/,,cold
"Huber Automation, LLC",Tucker,GA,30084,DeKalb County,+1 470-238-8806,12:00 PM,5.0,1,yes,1,http://www.wedoautomation.com/,,cold
"Electronic Home, Inc.",Atlanta,GA,30305,Fulton County,+1 404-231-0504,12:00 PM,3.7,9,yes,1,http://hometheaterdesigns.com/,,cold
ALTHAR Automate LLC,Atlanta,GA,30308,Fulton County,+1 833-325-8427,12:00 PM,5.0,1,yes,1,http://altharautomate.io/,,cold
Factory Automation Systems,College Park,GA,30349,Clayton County,+1 770-996-6955,12:00 PM,5.0,3,yes,1,http://www.factoryautomation.com/,,cold
Smart Integrators 4 U,Atlanta,GA,30349,Clayton County,+1 888-519-5678,12:00 PM,5.0,4,yes,1,https://smarti4u.com/,,cold
Performance Audio & Video,Marietta,GA,30067,Cobb County,+1 678-792-6951,12:00 PM,4.8,20,yes,1,https://www.pavatlanta.com/,,cold
Evolution Home Theater,Atlanta,GA,30305,Fulton County,+1 404-869-1880,12:00 PM,4.6,18,yes,1,http://www.evolutionht.com/,,cold
ProAudio Georgia,Atlanta,GA,30305,Fulton County,+1 706-957-3618,12:00 PM,,0,no,1,http://www.proaudiogeorgia.com/,,cold
Home TheaterWorks,Alpharetta,GA,30022,Fulton County,+1 770-643-7777,12:00 PM,5.0,24,yes,1,https://www.htwatlanta.com/,,cold
Sound Image,Roswell,GA,30075,Fulton County,+1 770-612-0166,12:00 PM,5.0,25,yes,1,http://www.soundimageatl.com/,,cold
TSP Smart Spaces,Boston,MA,02118,Suffolk County,+1 617-267-3030,12:00 PM,5.0,8,yes,1,https://www.tsp.space/,,cold
Bluehome Custom Automation,Quincy,MA,02171,Norfolk County,+1 617-657-4848,12:00 PM,5.0,10,yes,1,https://getbluehome.com/,,cold
SimpleHome,Westwood,MA,02090,Norfolk County,+1 617-965-4600,12:00 PM,4.3,8,yes,3,https://www.simplehome.net/,,cold
System 7 Experience Center,Boston,MA,02210,Suffolk County,+1 617-409-5577,12:00 PM,5.0,6,yes,1,https://systemseven.com/,,cold
Able Control LLC,Needham,MA,02494,Norfolk County,+1 781-882-2253,12:00 PM,5.0,23,yes,1,http://www.ablecontrol.com/,,cold
Riordan Brothers Integration,Stoughton,MA,02072,Norfolk County,+1 781-326-0275,12:00 PM,5.0,8,yes,1,https://www.riordanbrothers.com/,,cold
EDGE Automation llc,North Reading,MA,01864,Middlesex County,+1 978-403-3343,12:00 PM,,0,no,1,http://edgeautomationsolutions.com/,,cold
Smart Home Solutions LLC,Beverly,MA,01915,Essex County,+1 978-969-0496,12:00 PM,5.0,7,yes,1,http://www.techswhoconnect.com/,,cold
New England Home Automation,Hyannis,MA,02601,Barnstable County,+1 508-280-5363,12:00 PM,4.8,10,yes,1,https://www.vineyardhome.com/,,cold
InstaSmart Homes,Belmont,MA,02478,Middlesex County,+1 978-996-7732,12:00 PM,5.0,6,yes,1,https://instasmarthomes.tiiny.site/,,cold
ITHomeDesign,Boston,MA,02127,Suffolk County,+1 617-379-6738,12:00 PM,5.0,2,yes,1,https://ithomedesign.com/,,cold
iHome Systems,Watertown,MA,02472,Middlesex County,+1 978-369-4937,12:00 PM,5.0,2,yes,1,http://www.ihomesys.com/,,cold
Elite Security & Access Control Solutions,Boston,MA,02116,Suffolk County,+1 617-765-1303,12:00 PM,5.0,3,yes,1,https://elitesecurityandaccess.com/,,cold
Boston Intercom Group,Medford,MA,02155,Middlesex County,+1 617-325-3131,12:00 PM,5.0,17,yes,1,http://www.bostonintercomgroup.com/,,cold
Automation Solutions Inc,Charlestown,MA,02129,Suffolk County,+1 617-681-6700,12:00 PM,5.0,1,yes,1,http://www.automationsolutionsinc.com/,,cold
"Boston Security Integration, LLC | Access Control Systems NH | Security Camera Installation NH",Methuen,MA,01844,Essex County,+1 617-933-1732,12:00 PM,5.0,1,yes,1,http://www.bostonsecurityintegration.com/,,cold
"Boston Security Integration, LLC | Access Control Systems | Security Camera Installation",Boston,MA,02116,Suffolk County,+1 617-933-1732,12:00 PM,4.0,8,yes,1,https://www.bsi-boston.com/contact,,cold
The Lifestyle Company,Raynham,MA,02767,Bristol County,+1 508-386-3927,12:00 PM,,0,no,1,https://thelifestylecompany.co/?utm_source=gbp&utm_medium=organic&utm_campaign=gbp-listing,,cold
"Building Automation Systems, Inc.",Weymouth,MA,02189,Norfolk County,+1 781-337-3040,12:00 PM,,0,no,1,http://building-automation.com/,,cold
"TCG Network Services - Boston IT Support, Managed IT Services & IT Consulting",Boston,MA,02110,Suffolk County,+1 617-932-7575,12:00 PM,5.0,19,yes,1,https://tcgns.com/,,cold
Masters of Automation,Boston,MA,02116,Suffolk County,,12:00 PM,,0,no,1,https://themasters.ai/,,cold
"Your Custom Smart Home AV Integration Service & Support Company - IntelliHome, LLC",Salem,NH,03079,Rockingham County,+1 603-689-5768,12:00 PM,5.0,1,yes,1,https://www.intellihomene.com/,,cold
Home Theaters by Sean,Bridgewater,MA,02324,Plymouth County,+1 508-243-3759,12:00 PM,4.8,16,yes,1,http://hometheatersbysean.com/,,cold
VIP Installations LLC,Quincy,MA,02169,Norfolk County,,12:00 PM,4.6,25,yes,1,http://www.facebook.com/thevipchoice,,cold
Prime Time Home Theater,Hanover,MA,02339,Plymouth County,+1 781-924-3018,12:00 PM,5.0,9,yes,1,http://primetimehometheater.com/,,cold
Boston TV Mounting PROs,Boston,MA,02134,Suffolk County,+1 617-586-3538,12:00 PM,4.4,7,yes,1,https://bostontvmounting.net/,,cold
Ideal Automation,Phoenix,AZ,85028,Maricopa County,+1 602-556-4164,10:00 AM,5.0,1,yes,1,https://www.myidealav.com/,,cold
Prestige Smart Homes,Gilbert,AZ,85234,Maricopa County,+1 480-568-3849,10:00 AM,4.6,10,yes,1,https://prestigesmarthomesaz.com/,,cold
Evolve Automation,Phoenix,AZ,85021,Maricopa County,+1 602-753-9555,10:00 AM,4.7,21,yes,1,http://azevolve.com/,,cold
The Valley Connect,Phoenix,AZ,85017,Maricopa County,+1 480-274-0995,10:00 AM,5.0,28,yes,1,https://thevalleyconnect.com/,,cold
Summit Automation,Mesa,AZ,85210,Maricopa County,+1 480-500-5468,10:00 AM,5.0,4,yes,1,https://summitautomation.com/,,cold
Artisan Systems,Scottsdale,AZ,85260,Maricopa County,+1 480-538-1071,10:00 AM,4.5,30,yes,1,https://artisanaz.com/,,cold
"Mythic Sound, Lighting, and Shade",Scottsdale,AZ,85260,Maricopa County,+1 602-329-4252,10:00 AM,5.0,17,yes,1,http://www.mythicsls.com/,,cold
Intelligent Casa,Peoria,AZ,85382,Maricopa County,+1 623-850-8001,10:00 AM,5.0,1,yes,1,http://www.intelligentcasa.com/,,cold
Peak Systems,Scottsdale,AZ,85251,Maricopa County,+1 602-730-2940,10:00 AM,5.0,14,yes,1,https://peaksystems.tech/,,cold
Custom Automated Solutions,Phoenix,AZ,85020,Maricopa County,+1 602-354-8869,10:00 AM,5.0,8,yes,1,https://customautomatedsolutions.net/,,cold
Cashwood Innovations,Scottsdale,AZ,85260,Maricopa County,+1 480-452-7266,10:00 AM,5.0,12,yes,1,https://cashwoodinnovations.com/,,cold
Casa Tech Systems,Phoenix,AZ,85027,Maricopa County,+1 623-537-0110,10:00 AM,4.5,25,yes,1,http://www.cts-us.com/,,cold
Imagine Audio Video,Phoenix,AZ,85050,Maricopa County,+1 480-497-6734,10:00 AM,4.4,28,yes,1,https://www.iavaz.com/?utm_source=gmb&utm_medium=organic&utm_campaign=gmb_listing,,cold
iDesign Home Solutions,Tempe,AZ,85288,Maricopa County,+1 480-771-4640,10:00 AM,3.3,4,yes,1,http://idesignhs.com/,,cold
Leverage Technology Group,Scottsdale,AZ,85260,Maricopa County,+1 602-748-4040,10:00 AM,5.0,10,yes,1,http://www.ltgaz.com/,,cold
Desert Sound & Security,Phoenix,AZ,85050,Maricopa County,+1 623-322-5458,10:00 AM,4.4,12,yes,1,http://desertsound.com/,,cold
Red Mountain Integration,Phoenix,AZ,85085,Maricopa County,+1 602-321-6512,10:00 AM,,0,no,1,https://rmintegration.com/,,cold
Elite Integration Inc,Phoenix,AZ,85027,Maricopa County,+1 623-587-1950,10:00 AM,4.6,21,yes,1,http://www.azeliteintegration.com/,,cold
Custom Systems Integration,Phoenix,AZ,85050,Maricopa County,+1 602-296-7955,10:00 AM,,0,no,1,http://customsystemsav.com/,,cold
Systems Integration Plus Inc,Scottsdale,AZ,85260,Maricopa County,+1 480-513-8979,10:00 AM,5.0,4,yes,1,https://www.vme.com/wp/,,cold
Creative Sound & Integration,Scottsdale,AZ,85257,Maricopa County,+1 480-998-9699,10:00 AM,4.8,21,yes,1,http://creativesound.info/,,cold
Cinematic Home A/V,Phoenix,AZ,85028,Maricopa County,+1 602-755-8665,10:00 AM,5.0,11,yes,1,https://cinematichomeav.com/,,cold
Audio Video by Design,Peoria,AZ,85383,Maricopa County,+1 480-242-6459,10:00 AM,4.8,25,yes,1,https://avbydesign.com/,,cold
Performance Audio Video,Phoenix,AZ,85027,Maricopa County,+1 602-866-0238,10:00 AM,4.1,27,yes,1,https://performanceaudioaz.com/,,cold
Audio Visual Experts,Phoenix,AZ,85018,Maricopa County,+1 480-649-5155,10:00 AM,5.0,2,yes,1,https://aveaz.com/,,cold
Rollout AI - San Francisco Managed IT Services Company,San Francisco,CA,94105,San Francisco County,+1 415-660-9391,9:00 AM,5.0,17,yes,1,https://rollout.ai/managed-it-services-san-francisco-ca/,,cold
Visual Comfort & Co.,San Francisco,CA,94103,San Francisco County,+1 415-216-1260,9:00 AM,4.2,25,yes,3,https://visualcomfort.com/us/showrooms/san-francisco?utm_source=google&utm_medium=organic&utm_campaign=gmb-listing&utm_content=sanfrancisco,,cold
Future Sound Audio/Video Design Group,South San Francisco,CA,94080,San Mateo County,+1 650-342-1476,9:00 AM,5.0,18,yes,1,http://www.futuresoundav.com/,,cold
Sound & Shades,San Francisco,CA,94103,San Francisco County,+1 415-877-6798,9:00 AM,,0,no,1,https://www.soundandshades.com/,,cold
Audio Symphony,Sausalito,CA,94965,Marin County,+1 415-292-3300,9:00 AM,4.4,21,yes,1,http://www.audiosymphony.com/,,cold
Everything Audio Visual,San Francisco,CA,94124,San Francisco County,+1 415-671-3880,9:00 AM,5.0,6,yes,1,https://everythingav.com/,,cold
Megahertz Audio Visual Productions & Rental,San Francisco,CA,94107,San Francisco County,+1 650-641-7135,9:00 AM,5.0,11,yes,1,https://www.mhzav.com/,,cold
"McCune Audio,Video,Lighting",South San Francisco,CA,94080,San Mateo County,+1 650-873-1111,9:00 AM,4.5,11,yes,1,http://mccune.com/,,cold
Woodland Home Theater,Campbell,CA,95008,Santa Clara County,+1 408-717-4388,9:00 AM,,0,no,1,http://www.woodlandhometheater.com/,,cold
Elite Automation,Redmond,WA,98052,King County,+1 800-347-0295,9:00 AM,5.0,12,yes,1,https://eliteautomation.us/?utm_source=gbp&utm_medium=organic&utm_campaign=gbp-listing,,cold
Beemer Smart Home,Kirkland,WA,98034,King County,+1 425-829-1096,9:00 AM,5.0,20,yes,1,http://www.beemerhome.com/,,cold
J&E Integration,Renton,WA,98059,King County,+1 206-579-1018,9:00 AM,4.8,17,yes,1,http://je-integration.com/,,cold
EZ Smart home Automations Seattle,Mercer Island,WA,98040,King County,+1 253-303-5391,9:00 AM,,0,no,1,https://www.ezsmarthomeautomations.com/,,cold
Integrated Living Solutions,Shoreline,WA,98155,King County,+1 206-453-5588,9:00 AM,5.0,2,yes,1,http://integrated-living-solutions.com/,,cold
"High-Tech Living, LLC",Lynnwood,WA,98037,Snohomish County,+1 425-892-3332,9:00 AM,4.2,5,yes,1,http://www.high-techliving.com/,,cold
Seattle Sight and Sound,Seattle,WA,98109,King County,+1 206-588-6450,9:00 AM,4.6,11,yes,1,http://www.seattlesightandsound.com/,,cold
Seattle AI Automations,Marysville,WA,98270,Snohomish County,+1 425-470-7323,9:00 AM,5.0,2,yes,1,https://seattleautomations.ai/,,cold
"CI Tech, LLC",Seattle,WA,98133,King County,+1 206-787-0071,9:00 AM,5.0,20,yes,1,http://wacitech.com/,,cold
Northwest Digital Media,Tukwila,WA,98188,King County,+1 425-766-7411,9:00 AM,5.0,14,yes,1,https://northwestdigitalmedia.com/,,cold
"Cutting Edge Design, Inc",Mukilteo,WA,98275,Snohomish County,+1 425-249-3004,9:00 AM,4.6,8,yes,1,http://www.cedi.tv/,,cold
AV Smart Solutions,Everett,WA,98204,Snohomish County,+1 425-655-5052,9:00 AM,4.9,23,yes,1,https://avsmartsolutions.com/,,cold
Home Technology,Port Orchard,WA,98366,Kitsap County,+1 360-581-9836,9:00 AM,5.0,1,yes,1,https://www.gethousesmart.com/,,cold
All Tech Security Systems & Home Theater Installers,Marysville,WA,98270,Snohomish County,+1 425-379-7733,9:00 AM,4.7,10,yes,1,http://www.alltechsystemsinc.net/,,cold
Seattle Access Control System,Seattle,WA,98108,King County,+1 206-279-6562,9:00 AM,5.0,3,yes,1,https://seattleaccesscontrolsystem.com/,,cold
Integrity Home Integration Inc,Issaquah,WA,98027,King County,+1 425-746-1262,9:00 AM,5.0,1,yes,1,https://www.ihi-nw.com/,,cold
AVI Solutions Inc,Seattle,WA,98104,King County,+1 844-284-9473,9:00 AM,3.7,3,yes,1,https://www.avisolutions.net/,,cold
FORTÉ,Lenexa,KS,66214,Johnson County,+1 913-379-2028,11:00 AM,4.6,15,yes,2,https://www.ourforte.com/locations/kansas-city-ks?utm_source=google&utm_medium=organic&utm_campaign=gpb,,cold
Cielo WiGle,Bellevue,WA,98007,King County,+1 425-529-5775,9:00 AM,5.0,7,yes,1,https://cielowigle.com/,,cold
WAVE Designs,Mountlake Terrace,WA,98043,Snohomish County,+1 206-596-8850,9:00 AM,4.8,12,yes,1,http://www.wavedesignsinc.com/,,cold
Carlisle Classic Homes LLC,Seattle,WA,98117,King County,+1 206-782-7070,9:00 AM,4.3,16,yes,1,http://www.cchbuilds.com/,,cold
Digital Cinema Design,Renton,WA,98056,King County,+1 425-882-1226,9:00 AM,,0,no,1,http://www.digitalcinemadesign.com/,,cold
Region 6 Systems Integration,Seattle,WA,98109,King County,+1 888-866-4251,9:00 AM,4.1,17,yes,2,http://www.region6.systems/,,cold
"Great Western Security, Inc.",Seattle,WA,98117,King County,+1 206-430-6090,9:00 AM,4.8,22,yes,1,https://www.greatwesternsecurity.com/,,cold
System Design & Integration,Tukwila,WA,98188,King County,+1 844-447-3428,9:00 AM,,0,no,1,https://www.sdiav.com/,,cold
WatchGuard Technologies Inc,Seattle,WA,98104,King County,+1 206-613-6600,9:00 AM,4.5,24,yes,1,https://www.watchguard.com/,,cold
Diatomic Product Development,Seattle,WA,98102,King County,+1 206-915-1058,9:00 AM,5.0,10,yes,1,http://www.diatomicpd.com/,,cold
Silo IT Group dba Helpdesk.Live,Seattle,WA,98107,King County,+1 206-274-8477,9:00 AM,5.0,17,yes,1,https://helpdesk.live/,,cold
Olis Robotics,Seattle,WA,98104,King County,+1 855-337-6268,9:00 AM,4.0,5,yes,1,http://www.olisrobotics.com/,,cold
"ExtraHop Networks, Inc.",Seattle,WA,98101,King County,+1 877-333-9872,9:00 AM,4.3,12,yes,1,https://www.extrahop.com/,,cold
iGMS,Seattle,WA,98101,King County,+1 425-222-2922,9:00 AM,5.0,28,yes,1,https://www.igms.com/,,cold
idieh studio,Seattle,WA,98116,King County,+1 206-251-9820,9:00 AM,5.0,19,yes,1,http://www.idiehstudio.com/,,cold
Rainier Custom Homes,Renton,WA,98057,King County,+1 360-802-0981,9:00 AM,5.0,5,yes,1,http://www.rainiercustomhomes.com/,,cold
TBH Sterling Inc.,Seattle,WA,98108,King County,+1 206-939-5535,9:00 AM,4.5,15,yes,1,https://www.tbhsterling.com/,,cold
One Workplace - Seattle Headquarters & Showroom,Seattle,WA,98108,King County,+1 669-800-2500,9:00 AM,4.2,22,yes,1,http://www.oneworkplace.com/,,cold
WEBCON Inc.,Seattle,WA,98101,King County,+1 206-513-2513,9:00 AM,5.0,3,yes,1,http://www.webcon.com/,,cold
Zen Techworks | Business IT Support Company in Seattle,Seattle,WA,98103,King County,+1 425-249-3978,9:00 AM,4.7,19,yes,1,https://zentechworks.com/?utm_source=gbp&utm_medium=gbp&utm_campaign=gbp_organic,,cold
Space Theory,Seattle,WA,98134,King County,+1 206-454-3160,9:00 AM,5.0,5,yes,1,http://spacetheory.com/,,cold
Sound Network Integration,Seattle,WA,98115,King County,+1 206-441-9009,9:00 AM,,0,no,1,http://www.snic.com/,,cold
Highspot,Seattle,WA,98121,King County,+1 888-916-7768,9:00 AM,3.7,30,yes,1,https://www.highspot.com/,,cold
Puzzle Construction Group,Renton,WA,98057,King County,+1 425-272-6063,9:00 AM,5.0,23,yes,1,https://puzzleconstructiongroup.com/,,cold
iTrellis,Seattle,WA,98104,King County,+1 425-305-7260,9:00 AM,5.0,2,yes,1,https://itrellis.com/,,cold
Yavar IT Solutions,Seattle,WA,98101,King County,+1 206-753-0109,9:00 AM,4.5,8,yes,1,http://www.yavar.it/,,cold
Elluminati,Seattle,WA,98104,King County,+1 646-585-0540,9:00 AM,5.0,1,yes,1,https://www.elluminatiinc.com/,,cold
"Theobald Software, Inc.",Seattle,WA,98121,King County,+1 206-681-9638,9:00 AM,,0,no,1,https://theobald-software.com/en,,cold
aaDigital Solutions,Seattle,WA,98103,King County,+1 425-780-7821,9:00 AM,,0,no,1,https://aadigi.com/,,cold
Pipe17,Seattle,WA,98121,King County,,9:00 AM,3.0,4,yes,1,http://pipe17.com/,,cold
PhishCloud,Seattle,WA,98134,King County,+1 866-598-0440,9:00 AM,5.0,1,yes,1,http://www.phishcloud.com/,,cold
ERW Lighting,Seattle,WA,98108,King County,+1 206-767-7722,9:00 AM,,0,no,1,http://www.erwlighting.com/,,cold
Wicked Home Theater,Silverdale,WA,98383,Kitsap County,+1 360-649-8127,9:00 AM,4.9,12,yes,1,http://www.wickedhometheater.com/,,cold
Audio Video Exclusives,Edmonds,WA,98026,Snohomish County,+1 425-245-8846,9:00 AM,5.0,27,yes,1,https://www.avexclusives.com/,,cold
Jason L Campbell System Design,Seattle,WA,98104,King County,+1 206-405-0824,9:00 AM,,0,no,1,http://www.jlcsd.com/,,cold
American Home Automation,San Diego,CA,92107,San Diego County,+1 619-892-7176,9:00 AM,5.0,1,yes,1,http://www.aha-av.com/,,cold
Digital Home Lifestyles,San Diego,CA,92117,San Diego County,+1 858-565-4229,9:00 AM,5.0,27,yes,1,http://www.digitalhomesd.com/,,cold
Shultz Audio Video,Escondido,CA,92029,San Diego County,+1 760-444-0407,9:00 AM,5.0,7,yes,1,https://shultzav.com/,,cold
"Evolution Home Theatre, Inc.",Lakeside,CA,92040,San Diego County,+1 619-446-6744,9:00 AM,4.9,18,yes,1,http://www.evoht.com/,,cold
Home Controls,San Diego,CA,92126,San Diego County,+1 858-693-8887,9:00 AM,4.4,18,yes,1,https://www.homecontrols.com/,,cold
LIGHTWORKS,San Diego,CA,92126,San Diego County,+1 858-457-9100,9:00 AM,4.8,20,yes,1,https://www.sdlightworks.com/contacts,,cold
SmarTek Home,San Diego,CA,92123,San Diego County,+1 858-874-8700,9:00 AM,5.0,11,yes,1,http://www.smartek-home.com/,,cold
House of Automation,El Cajon,CA,92020,San Diego County,+1 619-441-7400,9:00 AM,3.5,15,yes,1,http://www.houseofautomation.com/,,cold
Rhew Contracting,La Jolla,CA,92037,San Diego County,+1 858-349-2812,9:00 AM,5.0,4,yes,1,https://rhewcontracting.com/,,cold
Advanced Digital Homes,Escondido,CA,92029,San Diego County,+1 858-829-1450,9:00 AM,5.0,1,yes,1,http://www.advanceddigitalhomes.com/,,cold
Acoustic Evolution,San Diego,CA,92128,San Diego County,+1 858-673-1675,9:00 AM,4.5,15,yes,1,https://acousticevolution.com/,,cold
Winn Enterprises,La Mesa,CA,91942,San Diego County,+1 619-488-5111,9:00 AM,5.0,5,yes,1,https://winnenterprises.com/,,cold
Modern Home Systems,San Diego,CA,92121,San Diego County,+1 858-554-0404,9:00 AM,3.3,4,yes,1,https://modernhomesystems.com/,,cold
Golden State CCTV Inc.,San Diego,CA,92110,San Diego County,+1 619-257-2577,9:00 AM,5.0,5,yes,1,https://www.goldenstatecctv.com/,,cold
Custom Home Technology Inc..,Santee,CA,92071,San Diego County,+1 858-467-9996,9:00 AM,5.0,1,yes,1,http://www.cht.life/,,cold
Performance Automation Solutions,San Diego,CA,92121,San Diego County,+1 858-391-6400,9:00 AM,5.0,1,yes,1,http://www.pascontrols.com/,,cold
Sound Ideas AV,San Diego,CA,92126,San Diego County,+1 858-578-4380,9:00 AM,5.0,3,yes,1,https://soundideas-av.com/,,cold
MOONLIGHT AUDIO VISUAL PRO,San Diego,CA,92101,San Diego County,+1 619-679-7176,9:00 AM,5.0,11,yes,1,http://www.moonlightavpro.com/,,cold
Aire Theater Designs,San Diego,CA,92123,San Diego County,+1 844-698-8489,9:00 AM,5.0,29,yes,1,https://airetheaterdesigns.com/,,cold
Custom Home Audio Video Integration,Solana Beach,CA,92075,San Diego County,+1 858-436-7122,9:00 AM,5.0,2,yes,1,http://www.customhomeavintegration.com/,,cold
Automation Nth,La Vergne,TN,37086,Rutherford County,+1 615-793-7704,11:00 AM,5.0,7,yes,2,https://www.automationnth.com/,,cold
Audio Video San Diego - AVSD Inc.,Carlsbad,CA,92008,San Diego County,+1 760-575-4819,9:00 AM,4.7,25,yes,1,http://www.audiovideosandiego.com/,,cold
Sound Automation Inc,San Diego,CA,92120,San Diego County,+1 858-203-1250,9:00 AM,,0,no,1,http://www.soundautomation.net/,,cold
Fuse Integration,San Diego,CA,92111,San Diego County,+1 619-255-0668,9:00 AM,5.0,10,yes,1,http://www.fuseintegration.com/,,cold
One Touch Living,San Diego,CA,92127,San Diego County,+1 858-798-9130,9:00 AM,5.0,4,yes,1,https://www.1touchliving.com/,,cold
Technical Comfort,Laguna Niguel,CA,92677,Orange County,+1 949-212-8117,9:00 AM,5.0,4,yes,1,https://www.technicalcomfort.com/,,cold
Tazz Lighting Inc,San Diego,CA,92121,San Diego County,+1 858-444-8880,9:00 AM,4.7,28,yes,1,http://www.tazzlighting.com/,,cold
Environmental Lights,Poway,CA,92064,San Diego County,+1 888-782-8132,9:00 AM,4.5,16,yes,1,https://www.environmentallights.com/,,cold
Lightstyle Automated Systems,San Diego,CA,92123,San Diego County,+1 858-268-8400,9:00 AM,5.0,3,yes,1,http://lightstyle-inc.com/,,cold
Tv Mount Master SD,San Diego,CA,92108,San Diego County,+1 323-304-0378,9:00 AM,5.0,12,yes,2,https://tvmountsmaster.com/,,cold
Home AV TV & Design,San Marcos,CA,92078,San Diego County,+1 760-891-0571,9:00 AM,4.4,27,yes,2,http://www.homeavtv.com/,,cold
Home Theater,Coronado,CA,92178,San Diego County,+1 619-595-1757,9:00 AM,,0,no,1,http://www.coronadohometheater.com/,,cold
Masters Mount,San Diego,CA,92122,San Diego County,+1 571-645-0498,9:00 AM,5.0,1,yes,1,https://mastersmount.com/,,cold
Intelligent Audio Visual,San Diego,CA,92131,San Diego County,+1 858-566-0606,9:00 AM,5.0,4,yes,1,http://intelligentaudiovisual.com/,,cold
One Touch Home Theater Inc,El Cajon,CA,92020,San Diego County,+1 619-784-7733,9:00 AM,,0,no,1,http://www.onetouchhometheater.com/,,cold
The Installer Shop,National City,CA,91950,San Diego County,+1 619-259-2215,9:00 AM,,0,no,1,https://www.tishops.com/,,cold
Advanced Home,Eagan,MN,55121,Dakota County,+1 651-731-3900,11:00 AM,5.0,11,yes,1,http://advancedhome.biz/,,cold
Northstar Home Technologies,Stillwater,MN,55082,Washington County,+1 612-254-2626,11:00 AM,4.8,19,yes,2,http://www.northstarhometech.com/,,cold
Synergy Technology Solutions (formerly simple avs),Minnetonka,MN,55305,Hennepin County,+1 952-248-4725,11:00 AM,5.0,21,yes,1,http://www.synergy-ts.com/?utm_source=google-my-business&utm_medium=organic&utm_campaign=gbp-minnetonka,,cold
In-Focus Systems,St Louis Park,MN,55426,Hennepin County,+1 952-929-0000,11:00 AM,4.5,11,yes,1,https://www.infocussystems.com/?utm_source=gbp&utm_medium=organic&utm_campaign=gbp-listing,,cold
Halsten Systems Integration,Golden Valley,MN,55426,Hennepin County,+1 855-285-0324,11:00 AM,5.0,16,yes,1,https://www.hsintegration.com/,,cold
Lucid Integrated Systems,Robbinsdale,MN,55422,Hennepin County,+1 612-308-2486,11:00 AM,5.0,5,yes,1,http://www.lucidintegratedsystems.com/,,cold
"Westco Systems, Inc",St Louis Park,MN,55426,Hennepin County,+1 952-681-7652,11:00 AM,5.0,21,yes,1,http://www.yourwestco.com/?utm_source=gmb,,cold
Minnesota Security - Home & Business Security Systems,Edina,MN,55439,Hennepin County,+1 952-224-9191,11:00 AM,5.0,10,yes,1,http://www.minnesotasecurity.com/,,cold
Wizard Installations L.L.C.,Eden Prairie,MN,55344,Hennepin County,+1 612-389-9755,11:00 AM,4.2,5,yes,1,https://wizardinstallations.com/,,cold
Cool Home Technology,Minnetonka,MN,55345,Hennepin County,+1 952-405-8397,11:00 AM,5.0,5,yes,1,http://www.coolhomeav.com/,,cold
"Automation, Inc.",Minneapolis,MN,55429,Hennepin County,+1 763-571-3336,11:00 AM,5.0,5,yes,1,http://www.automationinc.com/,,cold
Great River Automation LLC,New Brighton,MN,55112,Ramsey County,+1 800-448-7585,11:00 AM,3.7,3,yes,1,https://www.greatriverautomation.com/,,cold
Twin Cities Tech Services LLC,Wayzata,MN,55391,Hennepin County,+1 612-387-3400,11:00 AM,5.0,2,yes,1,http://twincitiestechservices.com/,,cold
Tech Savvy,Minneapolis,MN,55407,Hennepin County,+1 612-845-0517,11:00 AM,5.0,27,yes,1,http://www.techsavvymn.com/,,cold
ECSI System Integrators,Eagan,MN,55121,Dakota County,+1 651-735-7470,11:00 AM,5.0,7,yes,1,http://www.ecsillc.com/,,cold
Custom Automation Inc.,Blaine,MN,55449,Anoka County,+1 763-792-9434,11:00 AM,5.0,2,yes,1,http://www.customautomationinc.net/,,cold
"Z Systems, Inc.",Minneapolis,MN,55426,Hennepin County,+1 952-974-3140,11:00 AM,5.0,25,yes,1,http://www.zsyst.com/,,cold
HI-TECH INSTALLATION/SECURITY LLC,Minnetonka,MN,55345,Hennepin County,+1 952-938-7500,11:00 AM,5.0,5,yes,1,http://www.hitechinstall.com/,,cold
"Revolution Systems, Inc",Mendota Heights,MN,55120,Dakota County,+1 651-253-8953,11:00 AM,5.0,8,yes,1,http://www.revolutionsystemsinc.com/,,cold
Legacy Security Technology Inc,Minneapolis,MN,55421,Anoka County,+1 763-781-5945,11:00 AM,,0,no,1,https://legacysecurity.technology/,,cold
"Business Automation Specialists of MN, Inc.",Minneapolis,MN,55433,Anoka County,+1 763-571-8580,11:00 AM,5.0,1,yes,1,http://www.bautomation.com/,,cold
Innovative Control Systems,Excelsior,MN,55331,Hennepin County,+1 763-432-6076,11:00 AM,4.8,4,yes,1,https://www.icsminn.com/,,cold
Spye,Minneapolis,MN,55406,Hennepin County,+1 612-318-6388,11:00 AM,5.0,6,yes,1,http://www.spye.co/,,cold
Wyatt Automated,Minneapolis,MN,55447,Hennepin County,+1 763-210-7500,11:00 AM,5.0,2,yes,1,http://wyattautomated.com/,,cold
Phase Electric & Media,Bloomington,MN,55431,Hennepin County,+1 952-881-4100,11:00 AM,4.5,21,yes,1,http://www.phase-electric.com/,,cold
"Security One: Minneapolis, Minnesota Home Alarm Systems",Minneapolis,MN,55402,Hennepin County,+1 888-584-5152,11:00 AM,2.7,7,yes,1,http://securityoneonline.com/minneapolis-home-security/,,cold
"Timesavers, LLC. - Minneapolis",Minneapolis,MN,55406,Hennepin County,+1 763-488-6600,11:00 AM,3.7,3,yes,1,https://timesaversinc.com/,,cold
Excel AV Group,Brooklyn Center,MN,55430,Hennepin County,,11:00 AM,5.0,11,yes,1,https://excelavgroup.com/,,cold
Aufderworld Corporation,Brooklyn Center,MN,55430,Hennepin County,+1 763-233-7700,11:00 AM,4.6,14,yes,1,https://www.aufderworld.com/,,cold
JB Media,Burnsville,MN,55337,Dakota County,+1 952-405-9699,11:00 AM,5.0,26,yes,1,https://www.j-bmedia.com/,,cold
Twin Cities HiFi,Roseville,MN,55113,Ramsey County,+1 651-253-1876,11:00 AM,5.0,10,yes,1,https://www.twincitieshifi.com/?utm_source=google&utm_medium=wix_google_business_profile&utm_campaign=9229211530783981412,,cold
Seven Audio Video,Ham Lake,MN,55304,Anoka County,+1 763-420-1070,11:00 AM,,0,no,1,https://www.sevenshometheater.com/,,cold
"Curbside Productions, LLC",Minneapolis,MN,55418,Hennepin County,+1 612-232-9119,11:00 AM,5.0,27,yes,1,http://www.curbsideproductions.com/,,cold
Henley Audio,Minneapolis,MN,55418,Hennepin County,+1 231-397-7404,11:00 AM,5.0,23,yes,1,http://www.henleyaudio.com/,,cold
IMAV: Production Services,Minneapolis,MN,55418,Hennepin County,+1 651-300-4154,11:00 AM,5.0,13,yes,1,http://www.imav.pro/,,cold
Audio Visions of Minnesota,Vadnais Heights,MN,55110,Ramsey County,+1 651-645-8782,11:00 AM,5.0,10,yes,1,http://www.audio-visions.com/,,cold
Minneapolis HiFi,Minneapolis,MN,55411,Hennepin County,+1 612-965-6635,11:00 AM,5.0,18,yes,1,http://www.minneapolishifi.com/,,cold
Outdoor Theater Systems,Eden Prairie,MN,55344,Hennepin County,+1 800-630-7503,11:00 AM,5.0,4,yes,1,https://www.outdoortheatersystem.com/?utm_source=gmb&utm_medium=organic&utm_campaign=eden_prairie&utm_content=listing,,cold
Networks Cinema and Sound,Minneapolis,MN,55404,Hennepin County,+1 763-400-8708,11:00 AM,4.0,10,yes,1,http://ncands.com/home,,cold
Audio By Design,Hopkins,MN,55343,Hennepin County,+1 952-915-1180,11:00 AM,,0,no,1,http://www.audiobydesign-mn.com/,,cold
Audio Enhancement Design,Eden Prairie,MN,55346,Hennepin County,+1 612-588-6722,11:00 AM,,0,no,1,http://aedtheaters.com/,,cold
Sound Masking Pros,Golden Valley,MN,55426,Hennepin County,+1 763-210-9989,11:00 AM,,0,no,1,https://www.soundmaskingpros.com/,,cold
"Entertainment Designs, Inc.",Minneapolis,MN,55405,Hennepin County,+1 612-339-8616,11:00 AM,,0,no,1,http://www.entertainmentdesigns.tv/,,cold
Magnolia Audio Video,Minneapolis,MN,55423,Hennepin County,+1 877-643-9682,11:00 AM,3.0,1,yes,1,https://www.magnoliaav.com/,,cold
Envision Automation,Denver,CO,80206,Denver County,+1 303-529-2279,10:00 AM,5.0,12,yes,1,https://www.envision10.com/,,cold
Aurum Home Technology,Denver,CO,80223,Denver County,+1 303-558-9050,10:00 AM,5.0,18,yes,1,https://www.aurumhometech.com/?utm_source=gbp&utm_medium=organic&utm_campaign=gbp-listing,,cold
"Harrison Home Systems, Inc.",Lakewood,CO,80214,Jefferson County,+1 303-526-0403,10:00 AM,5.0,9,yes,1,http://www.harrisonhomesystems.com/,,cold
Home Tech Experts LLC,Arvada,CO,80007,Jefferson County,+1 303-552-2990,10:00 AM,5.0,18,yes,1,https://hometechnologyexperts.com/,,cold
System Dynamics,Denver,CO,80203,Denver County,+1 303-962-2022,10:00 AM,4.2,5,yes,1,https://www.sysdy.com/?utm_source=google&utm_medium=wix_google_business_profile&utm_campaign=381236704373010590,,cold
Smart Systems – Home Automation | Lighting & AV,Sheridan,CO,80110,Arapahoe County,+1 303-588-1146,10:00 AM,4.8,17,yes,1,https://www.cosmartsystems.com/,,cold
Streamline Communications,Lakewood,CO,80226,Jefferson County,+1 720-353-2803,10:00 AM,4.8,23,yes,1,https://hdtvdenver.com/,,cold
Innovative Home Systems,Littleton,CO,80120,Arapahoe County,+1 720-733-4295,10:00 AM,4.8,4,yes,1,http://www.innovativehomesys.com/,,cold
Precision Media Solutions,Sheridan,CO,80110,Arapahoe County,+1 833-769-2824,10:00 AM,5.0,19,yes,1,http://pmav.co/,,cold
Digital Home Colorado,Longmont,CO,80503,Boulder County,+1 303-775-8973,10:00 AM,5.0,26,yes,1,http://www.digitalhomecolorado.com/,,cold
Paramount Audio Video Corp.,Denver,CO,80219,Denver County,+1 303-284-9661,10:00 AM,5.0,23,yes,1,http://www.paramountav.com/,,cold
IQ Home and Office,Denver,CO,80223,Denver County,+1 303-479-3229,10:00 AM,,0,no,1,http://www.iqhomeandoffice.com/,,cold
Conundrum Technologies,Denver,CO,80221,Adams County,+1 303-308-1400,10:00 AM,5.0,1,yes,1,http://www.conundrumtechnologies.com/,,cold
Ashcraft Tech,Denver,CO,80222,Denver County,+1 303-268-1946,10:00 AM,5.0,8,yes,1,https://www.ashcrafttech.com/,,cold
Electronic Services & Concierge,Lakewood,CO,80215,Jefferson County,+1 720-532-0199,10:00 AM,5.0,1,yes,1,http://www.escdenver.com/,,cold
AVL Solutions Group,Englewood,CO,80110,Arapahoe County,+1 303-531-1015,10:00 AM,5.0,2,yes,1,https://www.avlsg.com/,,cold
PHT,Denver,CO,80210,Denver County,+1 720-838-8863,10:00 AM,5.0,1,yes,1,http://www.phtav.com/,,cold
"King Systems LLC - Denver, CO",Arvada,CO,80002,Adams County,+1 303-410-0924,10:00 AM,4.5,24,yes,1,http://www.kingsystemsllc.com/,,cold
Integral Home Systems,Loveland,CO,80537,Larimer County,+1 970-775-2400,10:00 AM,4.9,10,yes,1,https://integralhomesystems.com/,,cold
NOVA Automation,Denver,CO,80219,Denver County,+1 303-495-5010,10:00 AM,4.8,16,yes,1,https://novaautomation.com/,,cold
Switch Automation,Denver,CO,80202,Denver County,+1 415-466-5200,10:00 AM,5.0,1,yes,1,https://www.switchautomation.com/,,cold
Luxury Denver Home,Denver,CO,80204,Denver County,,10:00 AM,,0,no,1,https://www.bluepillow.com/search/6582e30d6c560103cb4529f7?dest=bkng&cat=Villa&lat=39.73319&lng=-105.00304&language=en,,cold
Consolidated Electrical Distributors,Denver,CO,80216,Adams County,+1 720-531-5830,10:00 AM,5.0,6,yes,1,https://cednorthdenver.portalced.com/,,cold
Soundscape Stereo + Theater Design,Evergreen,CO,80439,Jefferson County,+1 720-964-9046,10:00 AM,5.0,16,yes,1,http://www.soundscapestereo.com/,,cold
"Terracom Systems, Inc.",Broomfield,CO,80020,Broomfield County,+1 303-666-9700,10:00 AM,4.8,13,yes,1,http://www.terracomtheatre.com/,,cold
Sound Investments,Greeley,CO,80634,Weld County,+1 970-302-1447,10:00 AM,5.0,30,yes,1,http://www.soundinvestmentsco.com/,,cold
Xssentials,Denver,CO,80204,Denver County,+1 303-410-7047,10:00 AM,3.7,10,yes,1,https://xssentials.com/?utm_source=gbp&utm_medium=organic&utm_campaign=gbp-listing,,cold
Denver Audio Designs,Centennial,CO,80111,Arapahoe County,+1 303-662-9402,10:00 AM,,0,no,1,http://denveraudiodesigns.com/,,cold
Amp Champ Pro AV,Denver,CO,80207,Denver County,+1 720-900-4386,10:00 AM,4.9,16,yes,1,http://ampchamp.com/,,cold
Hoppen Home Systems: Smart Home Automation & Integration,Tampa,FL,33619,Hillsborough County,+1 813-313-4531,12:00 PM,4.5,18,yes,1,https://hoppenhomesystems.com/,,cold
AVN Installations,Tampa,FL,33610,Hillsborough County,+1 813-279-1999,12:00 PM,5.0,23,yes,1,https://avninstallations.com/,,cold
TBES Systems,Tampa,FL,33624,Hillsborough County,+1 813-344-1944,12:00 PM,4.5,21,yes,1,https://www.tampasmarthome.com/,,cold
Halo Smart Home,Tampa,FL,33602,Hillsborough County,+1 800-651-4256,12:00 PM,4.6,21,yes,1,http://www.halosmarthome.com/,,cold
Integral Home Technology,Clearwater,FL,33765,Pinellas County,+1 727-559-1265,12:00 PM,5.0,21,yes,1,http://www.integralfl.com/,,cold
SYNCT,Tampa,FL,33647,Hillsborough County,+1 813-833-5396,12:00 PM,5.0,21,yes,1,https://www.synctfl.com/?utm_source=gbp,,cold
HavenSmart Greater Charlotte,Denver,NC,28037,Lincoln County,+1 704-257-6472,12:00 PM,4.4,18,yes,3,https://www.havensmart.com/,,cold
"Paradise Systems, LLC",Tampa,FL,33607,Hillsborough County,+1 813-331-1921,12:00 PM,4.6,27,yes,1,http://feelslikeparadise.com/,,cold
GULF COAST SYSTEMS,Tampa,FL,33602,Hillsborough County,+1 813-990-9313,12:00 PM,3.5,8,yes,1,https://www.gcsav.com/?utm_source=google&utm_medium=wix_google_business_profile&utm_campaign=761547063645616042,,cold
AV-Waves,Oldsmar,FL,34677,Pinellas County,+1 877-328-9283,12:00 PM,5.0,8,yes,1,http://av-waves.com/,,cold
Expert Technology Integration,Tampa,FL,33607,Hillsborough County,+1 813-344-3955,12:00 PM,5.0,14,yes,1,http://www.eti-fl.com/,,cold
The Smarter Handyman,Riverview,FL,33579,Hillsborough County,+1 813-699-9776,12:00 PM,5.0,29,yes,1,http://www.smarterhandyman.org/,,cold
"Flash Security Integrators Tampa, FL",Tampa,FL,33609,Hillsborough County,+1 866-997-7757,12:00 PM,5.0,9,yes,1,https://flashsecurity.com/,,cold
Hive Design Center,Tampa,FL,33607,Hillsborough County,+1 813-575-4483,12:00 PM,5.0,1,yes,1,https://hivestyle.com/,,cold
HomeFirst-A Home Automation Company,Orlando,FL,32835,Orange County,+1 407-228-3000,12:00 PM,5.0,4,yes,1,http://www.homefirst.io/,,cold
Prime Audio Video Security,University,FL,33613,Hillsborough County,+1 813-413-5450,12:00 PM,5.0,22,yes,1,http://www.primeavs.com/,,cold
AVC Technologies,Tampa,FL,33624,Hillsborough County,+1 813-962-5816,12:00 PM,3.9,7,yes,1,http://www.avc-technologies.com/,,cold
Music and Cinema,Palm Harbor,FL,34684,Pinellas County,+1 727-408-5111,12:00 PM,4.6,21,yes,1,http://www.musicandcinema.com/,,cold
"Sonos Speaker Tech, Inc.",Tampa,FL,33629,Hillsborough County,+1 813-382-8324,12:00 PM,4.6,10,yes,1,http://speakertechinc.com/?utm_source=gmb&utm_medium=referral,,cold
OTS Home Theater,Oldsmar,FL,34677,Pinellas County,+1 727-270-9302,12:00 PM,5.0,3,yes,1,https://www.otsmobileaudio.com/home-audio/,,cold
Home Theater Pros,Orlando,FL,32801,Orange County,+1 407-567-7864,12:00 PM,5.0,22,yes,2,https://hometheaterpros.com/orlando/?utm_source=gbp&utm_medium=organic&utm_campaign=orlando,,cold
DV Home Theater,Tampa,FL,33606,Hillsborough County,+1 813-445-7355,12:00 PM,,0,no,1,http://www.dvht.com/,,cold
Bright Audio Video,Pineville,NC,28134,Mecklenburg County,+1 704-825-8989,12:00 PM,4.7,13,yes,1,http://brightaudiovideo.com/,,cold
AbeGame Smart Home,Concord,NC,28027,Cabarrus County,,12:00 PM,5.0,15,yes,1,http://www.abegame.com/,,cold
Automated AV,Huntersville,NC,28078,Mecklenburg County,+1 980-699-0486,12:00 PM,,0,no,1,https://www.automatedavnc.com/,,cold
Security & Life Integrations,Charlotte,NC,28216,Mecklenburg County,+1 704-247-4141,12:00 PM,4.8,17,yes,1,https://securitylifeinc.com/service-areas/north-carolina/charlotte/,,cold
Interactive Interiors,Denver,NC,28037,Lincoln County,+1 704-308-4848,12:00 PM,3.5,8,yes,1,http://www.interactiveinteriors-av.com/,,cold
Home Theater Solutions,Charlotte,NC,28206,Mecklenburg County,+1 704-450-4401,12:00 PM,4.2,21,yes,1,http://www.htscarolinas.com/,,cold
Rovira Enterprise,Charlotte,NC,28262,Mecklenburg County,+1 704-737-9477,12:00 PM,5.0,1,yes,1,https://roviraenterprise.com/,,cold
AVgator Inc,Charlotte,NC,28210,Mecklenburg County,+1 980-501-9010,12:00 PM,5.0,3,yes,1,https://www.avgator.com/,,cold
AVD Pros,Fort Mill,SC,29708,York County,+1 803-879-5599,12:00 PM,5.0,7,yes,1,https://www.audiovideodata.com/,,cold
A Plus Network,Indian Trail,NC,28079,Union County,+1 980-239-4781,12:00 PM,5.0,8,yes,1,https://aplusnetwork.net/,,cold
Smarter Systems,Charlotte,NC,28273,Mecklenburg County,+1 704-765-5065,12:00 PM,4.6,20,yes,1,http://www.smartersys.com/,,cold
Automation Technology Inc.,Concord,NC,28025,Cabarrus County,+1 704-784-8101,12:00 PM,3.7,3,yes,1,https://automationtechnologyinc.com/,,cold
Sound Advice,Charlotte,NC,28203,Mecklenburg County,+1 704-301-1170,12:00 PM,4.9,27,yes,1,https://soundadvice.com/,,cold
Weave Automation,Charlotte,NC,28209,Mecklenburg County,+1 704-272-2221,12:00 PM,,0,no,1,https://weave.technology/,,cold
"Hoffman Building Technologies, Inc.",Charlotte,NC,28206,Mecklenburg County,+1 704-369-8642,12:00 PM,5.0,4,yes,1,http://www.hbtech.com/?utm_source=gmb&utm_medium=yext,,cold
Tronic Integration LLC,Apex,NC,27502,Wake County,+1 919-367-9074,12:00 PM,4.2,5,yes,1,http://www.tronicintegration.com/,,cold
Level Up Tailored Window Coverings,Charlotte,NC,28277,Mecklenburg County,+1 980-316-8045,12:00 PM,5.0,24,yes,1,https://www.levelupcharlotte.com/,,cold
Lee Lighting Distribution Center (Not Open to Public),Charlotte,NC,28269,Mecklenburg County,+1 704-599-0112,12:00 PM,3.0,3,yes,1,http://leelighting.com/,,cold
Sight and Sound by Design LLC,Fort Mill,SC,29707,Lancaster County,+1 704-634-1408,12:00 PM,4.7,15,yes,1,http://www.sightandsound-av.com/,,cold
integrated Audio Video,Charlotte,NC,28273,Mecklenburg County,+1 864-580-3636,12:00 PM,5.0,4,yes,1,https://www.integratedarchitech.com/?utm_source=google&utm_medium=wix_google_business_profile&utm_campaign=10476124847405673533,,cold
DKR AUDIO & VIDEO,Charlotte,NC,28211,Mecklenburg County,+1 704-615-3695,12:00 PM,4.3,6,yes,1,https://dkraudio7.wixsite.com/my-vxw-site-9ebbcl,,cold
Custom House Home Entertainment,Charlotte,NC,28217,Mecklenburg County,+1 704-529-2828,12:00 PM,3.7,3,yes,1,http://www.customhousetechnology.com/,,cold
Clarity Sight Sound Design,Charlotte,NC,28205,Mecklenburg County,+1 704-302-1041,12:00 PM,4.5,17,yes,1,http://www.clarityssd.com/,,cold
Breiding Electronics,Charlotte,NC,28211,Mecklenburg County,+1 704-362-5333,12:00 PM,5.0,2,yes,1,https://breidingelectronics.com/,,cold
ATX Automations LLC,Austin,TX,78702,Travis County,+1 512-655-9795,11:00 AM,5.0,28,yes,1,https://atxautomations.com/,,cold
Total Home Technologies,Austin,TX,78757,Travis County,+1 512-991-0567,11:00 AM,4.9,9,yes,1,https://www.totalhometx.com/,,cold
HAAS Home Technologies,Austin,TX,78702,Travis County,+1 512-831-3667,11:00 AM,5.0,2,yes,1,https://www.haasht.com/,,cold
PLURfect Smart Home Innovations,Round Rock,TX,78665,Williamson County,+1 512-522-7817,11:00 AM,5.0,5,yes,1,https://www.plurinnovate.com/,,cold
SmartHauz,Austin,TX,78701,Travis County,+1 512-714-6979,11:00 AM,5.0,9,yes,1,http://smarthauz.me/,,cold
Benny’s Home Tech Solutions LLC,Austin,TX,78731,Travis County,+1 281-783-8806,11:00 AM,5.0,3,yes,1,https://bennyshometechsolutions.com/,,cold
Epic Smart Homes,Cedar Park,TX,78613,Williamson County,+1 877-627-2215,11:00 AM,4.3,6,yes,1,http://www.epicsmarthomes.com/,,cold
Monarch Technologies,Austin,TX,78738,Travis County,+1 512-827-3497,11:00 AM,5.0,9,yes,1,https://www.monarchtechtx.com/,,cold
"Next Electronic Systems, Inc.",Lakeway,TX,78734,Travis County,+1 512-263-9700,11:00 AM,4.4,25,yes,1,https://nextav.com/,,cold
AV Automation,Lakeway,TX,78734,Travis County,+1 512-795-4242,11:00 AM,4.2,5,yes,1,http://www.avautomation.com/,,cold
mero CONCEPTS,Cedar Park,TX,78613,Williamson County,+1 512-375-3379,11:00 AM,5.0,27,yes,1,https://www.meroconcepts.com/,,cold
Capitol Technology Group,Austin,TX,78758,Travis County,+1 512-387-8221,11:00 AM,4.1,16,yes,1,https://capitoltechnologygroup.com/about-us/design-build-process?utm_source=gbp&utm_medium=organic&utm_campaign=gbp-listing,,cold
RELANT Automation - Texas,Austin,TX,78759,Travis County,+1 737-412-1717,11:00 AM,5.0,3,yes,1,https://www.relant-us.com/,,cold
Austin Home Automation,Austin,TX,78757,Travis County,+1 512-589-1747,11:00 AM,,0,no,1,https://homeautomationaustin.com/contact-us/,,cold
"Waterloo Integrations, LLC",Austin,TX,78759,Travis County,+1 512-656-4055,11:00 AM,5.0,10,yes,1,https://waterloointegrations.org/,,cold
AAA Control,Austin,TX,78704,Travis County,+1 512-790-2424,11:00 AM,5.0,15,yes,1,https://goaaacontrol.com/,,cold
"Maestro Integrations, LLC",Austin,TX,78758,Travis County,+1 512-969-5155,11:00 AM,4.5,4,yes,1,http://maestrointegrations.com/,,cold
Lutron Ketra,Austin,TX,78741,Travis County,+1 844-588-7661,11:00 AM,4.2,17,yes,2,https://www.ketra.com/,,cold
Sound Sanctuary Austin,Austin,TX,78738,Travis County,+1 512-534-8613,11:00 AM,5.0,15,yes,1,https://www.soundsanctuaryaustin.com/,,cold
TV Mounting Austin TX,Austin,TX,78703,Travis County,+1 737-297-5264,11:00 AM,,0,no,1,https://tvmountingaustintx.com/,,cold
Orlando Home Automation,Lady Lake,FL,32159,Sumter County,+1 407-610-3191,12:00 PM,,0,no,1,https://orlandohomeautomation.com/,,cold
Innovation Systems,Orlando,FL,32808,Orange County,+1 407-684-2606,12:00 PM,5.0,9,yes,1,http://www.innovationsystemsfl.com/,,cold
Future Home Integration,Oakland,FL,34787,Orange County,+1 407-738-4130,12:00 PM,4.6,9,yes,1,https://futurehomeintegration.com/?utm_source=googlebusinessprofile&utm_medium=organic,,cold
Evolution AV,Orlando,FL,32811,Orange County,+1 407-734-5001,12:00 PM,5.0,6,yes,1,http://www.evo-av.com/,,cold
Central Florida Automation,Winter Garden,FL,34787,Orange County,+1 321-999-2120,12:00 PM,5.0,1,yes,1,https://cflautomation.com/,,cold
Link Outdoor Lighting (Orlando),Altamonte Springs,FL,32701,Seminole County,+1 407-755-1009,12:00 PM,4.5,15,yes,1,http://www.linkoutdoorlighting.com/,,cold
Storch Entertainment Systems,Winter Park,FL,32789,Orange County,+1 321-277-7173,12:00 PM,2.0,1,yes,1,http://www.storchentertainment.com/,,cold
Incon Lighting,Sanford,FL,32773,Seminole County,+1 407-323-5630,12:00 PM,4.2,10,yes,1,http://www.inconlighting.com/,,cold
Altitude Fidelity,Orlando,FL,32829,Orange County,+1 972-951-6304,12:00 PM,5.0,2,yes,1,https://www.altitudefidelity.com/,,cold
EC Ultimate tech,Apopka,FL,32703,Orange County,+1 407-929-3121,12:00 PM,5.0,3,yes,1,http://www.ecultimatetech.com/,,cold
"Entertainment Arts, Inc",Orlando,FL,32808,Orange County,+1 407-299-9678,12:00 PM,5.0,5,yes,1,https://www.eartsinc.com/,,cold
HSS Custom AV,Orlando,FL,32811,Orange County,+1 407-438-9511,12:00 PM,4.6,9,yes,1,http://www.hsscustomav.com/,,cold
Orlando Home Theater Installation,Orlando,FL,32804,Orange County,+1 407-654-1427,12:00 PM,,0,no,1,http://ihtflorida.com/contact.html,,cold
Honest AV,Orlando,FL,32809,Orange County,+1 407-606-8008,12:00 PM,5.0,4,yes,1,https://www.honestavpros.com/,,cold
"GSE Audiovisual, Inc.",Orlando,FL,32819,Orange County,+1 407-972-1249,12:00 PM,5.0,16,yes,1,https://www.gseav.com/orlando/?utm_campaign=gmb&utm_medium=organic&utm_source=google,,cold
Jewell's Quality Home Systems,Campbell,CA,95008,Santa Clara County,+1 800-772-2292,9:00 AM,4.8,17,yes,1,https://www.jewellsqhs.com/?utm_source=gbp&utm_medium=organic&utm_campaign=gbp-listing,,cold
"Pavion (Formerly Short Circuit Electronics, Inc.)",Lee's Summit,MO,64064,Jackson County,+1 866-572-8466,11:00 AM,4.7,15,yes,3,http://www.pavion.com/,,cold
InterVision Systems Technologies Inc.,San Jose,CA,95131,Santa Clara County,+1 844-622-5710,9:00 AM,4.8,10,yes,1,https://intervision.com/,,cold
cg wiring and integrators inc,San Jose,CA,95110,Santa Clara County,+1 408-856-4424,9:00 AM,,0,no,1,http://cgwiring.com/about-us/why-hire-us/,,cold
Wallpaper Hanging Mayfair,San Jose,CA,95116,Santa Clara County,+1 669-690-8002,9:00 AM,5.0,4,yes,1,https://wall-vision-atelier-mayfair.online/,,cold
Wired Integrations Inc,San Jose,CA,95110,Santa Clara County,+1 408-441-8100,9:00 AM,5.0,1,yes,1,https://wiredint.com/,,cold
Hi-Tech AV,San Jose,CA,95125,Santa Clara County,+1 408-730-9900,9:00 AM,,0,no,1,http://www.hi-techav.com/,,cold
CCIntegration,San Jose,CA,95131,Santa Clara County,+1 877-729-7330,9:00 AM,4.4,5,yes,1,http://www.ccintegration.com/,,cold
Beyond Tech Solutions Inc.,San Jose,CA,95112,Santa Clara County,+1 408-495-8007,9:00 AM,,0,no,1,http://www.beyondtechsolutions.com/,,cold
"Roboteon, Inc.",San Jose,CA,95110,Santa Clara County,+1 408-888-7623,9:00 AM,5.0,1,yes,1,https://roboteon.com/,,cold
IT Construction,San Jose,CA,95123,Santa Clara County,+1 408-225-8777,9:00 AM,5.0,22,yes,1,http://itconstructionpros.com/,,cold
Insync,San Jose,CA,95113,Santa Clara County,+1 408-859-1614,9:00 AM,5.0,3,yes,1,https://www.insyncai.com/,,cold
offthegridit,San Jose,CA,95110,Santa Clara County,+1 408-475-3282,9:00 AM,4.8,22,yes,1,https://offthegridit.com/,,cold
Quality Low Voltage Systems,San Jose,CA,95134,Santa Clara County,+1 408-274-0400,9:00 AM,3.7,3,yes,1,https://www.qualitylowvoltage.com/,,cold
"CRATUS Technology, Inc.",San Jose,CA,95125,Santa Clara County,+1 669-877-4400,9:00 AM,5.0,12,yes,1,https://www.cratustech.com/,,cold
"Borges Security Systems, Inc.",San Jose,CA,95127,Santa Clara County,+1 408-286-2205,9:00 AM,4.2,10,yes,1,http://www.borgessecurity.com/,,cold
Precision Communications Systems,San Jose,CA,95131,Santa Clara County,+1 408-583-8140,9:00 AM,,0,no,1,http://www.precisioncommsystems.com/,,cold
"Platform9 Systems, Inc.",San Jose,CA,95113,Santa Clara County,+1 650-898-7369,9:00 AM,4.9,8,yes,1,https://platform9.com/,,cold
"AVS Technology, Inc.",San Jose,CA,95131,Santa Clara County,+1 800-701-1866,9:00 AM,,0,no,1,http://www.avstech.com/,,cold
INFINITI SOLUTIONS,San Jose,CA,95134,Santa Clara County,+1 408-923-7300,9:00 AM,5.0,2,yes,1,http://www.infinitisolutions.com/,,cold
Diffco,San Jose,CA,95110,Santa Clara County,+1 415-655-1002,9:00 AM,5.0,24,yes,1,http://diffco.us/,,cold
ZAG Technical Services,San Jose,CA,95134,Santa Clara County,+1 408-383-2000,9:00 AM,4.6,12,yes,1,https://www.zagtech.com/,,cold
Jade Global,San Jose,CA,95110,Santa Clara County,+1 408-899-7200,9:00 AM,4.3,11,yes,1,https://www.jadeglobal.com/,,cold
TransfHome,San Jose,CA,95113,Santa Clara County,+1 669-292-1211,9:00 AM,5.0,8,yes,1,http://www.transfhome.com/,,cold
Aviz Networks (HQ),San Jose,CA,95131,Santa Clara County,,9:00 AM,5.0,9,yes,1,https://aviznetworks.com/,,cold
"Alkira, Inc.",San Jose,CA,95110,Santa Clara County,+1 855-925-5472,9:00 AM,4.5,4,yes,1,https://www.alkira.com/,,cold
NextLevel Production Services,San Jose,CA,95112,Santa Clara County,+1 408-827-8521,9:00 AM,3.9,7,yes,1,https://www.nextlevelproductionservices.com/,,cold
Pro Electric Solution,San Jose,CA,95117,Santa Clara County,+1 408-637-0545,9:00 AM,4.8,17,yes,1,https://www.proelectricsolution.com/,,cold
Audio Video Evolution,Campbell,CA,95008,Santa Clara County,+1 408-628-0771,9:00 AM,5.0,6,yes,1,https://www.audiovideoevolution.net/,,cold
"Modern Wiring - Home Theatre Installation, Low-voltage contractor",Scotts Valley,CA,95066,Santa Cruz County,+1 831-345-0321,9:00 AM,5.0,5,yes,1,https://www.modernwiring.com/,,cold
Blue Lake Home Theater,Markleeville,CA,96120,Alpine County,+1 530-544-4663,9:00 AM,5.0,1,yes,1,http://bluelakehometheater.com/,,cold
True Sound,Campbell,CA,95008,Santa Clara County,+1 408-370-7578,9:00 AM,5.0,24,yes,1,https://www.tsound.com/,,cold
Zamar Media Solutions,San Jose,CA,95119,Santa Clara County,+1 408-226-4323,9:00 AM,5.0,2,yes,1,http://zamarmedia.com/,,cold
Audilux,Nashville,TN,37209,Davidson County,+1 615-955-1531,11:00 AM,5.0,22,yes,1,https://audilux.co/,,cold
Wolf Hill Technologies,Nashville,TN,37217,Davidson County,+1 615-626-1808,11:00 AM,5.0,5,yes,1,https://wolfhilltechnologies.com/,,cold
Prodigy,Smyrna,TN,37167,Rutherford County,+1 615-261-9930,11:00 AM,4.8,26,yes,2,https://prodigyav.com/?utm_source=gbp&utm_medium=organic&utm_campaign=gbp-listing,,cold
Nashville Security Camera Installation LLC,Brentwood,TN,37027,Davidson County,+1 615-967-7737,11:00 AM,5.0,21,yes,1,https://nashvillesecuritycamerainstallation.com/,,cold
Briggs A/V Solutions,Nashville,TN,37203,Davidson County,+1 615-800-7276,11:00 AM,5.0,6,yes,1,https://briggsavsolutions.com/,,cold
Audio Video Experience,Brentwood,TN,37027,Williamson County,+1 615-819-2137,11:00 AM,4.5,10,yes,1,https://av-experience.com/,,cold
INTELLIHOME,Nashville,TN,37211,Davidson County,+1 615-679-9491,11:00 AM,5.0,1,yes,1,http://intellihome-tn.com/,,cold
Soundscapes,Nashville,TN,37209,Davidson County,+1 615-260-7561,11:00 AM,4.8,6,yes,1,https://www.soundscapesusa.com/,,cold
"Integrated Control Systems, Inc.",La Vergne,TN,37086,Rutherford County,,11:00 AM,5.0,15,yes,1,https://www.integrated-controls.com/,,cold
PAVE LLC (Professional Audio Video Engineering),Nashville,TN,37204,Davidson County,+1 615-279-8284,11:00 AM,4.3,17,yes,1,https://www.proave.com/,,cold
Open Source Controls,Nashville,TN,37211,Davidson County,+1 615-800-5575,11:00 AM,5.0,1,yes,1,https://www.opensourcecontrols.com/contact/,,cold
Spring Automation,Nashville,TN,37204,Davidson County,+1 615-472-9454,11:00 AM,5.0,3,yes,1,https://springautomation.com/,,cold
Integrated Mulimedia Systems Inc,Nashville,TN,37222,Davidson County,+1 615-228-2736,11:00 AM,,0,no,1,http://www.imsi.us/,,cold
Defense Integration Solutions,Nashville,TN,37220,Davidson County,+1 800-482-6108,11:00 AM,5.0,1,yes,1,http://www.defense-is.com/,,cold
Lighting for Less,Nashville,TN,37204,Davidson County,+1 833-843-3300,11:00 AM,,0,no,1,https://lightingforless.com/,,cold
Contractors Choice Electric,Nashville,TN,37211,Davidson County,+1 615-589-0215,11:00 AM,,0,no,1,https://contractorschoiceelectric.com/,,cold
Fortis Audio,Dickson,TN,37055,Dickson County,+1 615-216-4970,11:00 AM,5.0,13,yes,1,http://www.fortisaudio.com/,,cold
Brian's Custom Theaters & Hi-Fi,Nashville,TN,37205,Davidson County,+1 615-356-0181,11:00 AM,5.0,5,yes,1,http://www.brianscustomtheaters.com/,,cold
Island Sight and Sound,Brentwood,TN,37027,Davidson County,+1 615-399-2200,11:00 AM,5.0,1,yes,1,http://islandsightandsound.com/,,cold
Gestalt Audio Design,Nashville,TN,37209,Davidson County,+1 615-838-7178,11:00 AM,5.0,5,yes,1,https://gestalt.audio/,,cold
Austin Audio Visual Design,Murfreesboro,TN,37129,Rutherford County,+1 615-890-2775,11:00 AM,4.6,10,yes,1,http://www.austinav.com/,,cold
Powers Custom Home Theater,Portland,TN,37148,Sumner County,+1 615-572-8001,11:00 AM,5.0,15,yes,1,http://powerscustomhometheater.com/,,cold
Spectrum Sound Inc.,Nashville,TN,37210,Davidson County,+1 615-391-3700,11:00 AM,4.8,28,yes,1,https://www.spectrumsound.net/,,cold
CMAV,Nashville,TN,37238,Davidson County,+1 866-745-6965,11:00 AM,5.0,26,yes,1,http://cm-audiovisual.com/,,cold
Turning Point Technologies,North Las Vegas,NV,89030,Clark County,+1 702-600-4491,9:00 AM,5.0,16,yes,1,https://www.turningpointtechnology.net/,,cold
"ETIGroup Audio Video, Home Automation",North Las Vegas,NV,89031,Clark County,+1 702-582-7631,9:00 AM,5.0,1,yes,1,https://www.etigroupav.com/,,cold
Progressive Smart Homes,Las Vegas,NV,89118,Clark County,+1 702-263-7357,9:00 AM,4.8,21,yes,1,https://progressivesmarthomes.com/,,cold
Pegasus Low Voltage,Las Vegas,NV,89108,Clark County,+1 702-734-2787,9:00 AM,5.0,4,yes,1,https://www.pegasuslv.com/,,cold
"Fuzion 3 - Home Theater Installation, Residential Automation System Services in Las Vegas NV",Las Vegas,NV,89118,Clark County,+1 702-220-3591,9:00 AM,4.2,10,yes,1,http://fuzion3lv.com/,,cold
EM System Integrators,Las Vegas,NV,89102,Clark County,+1 702-330-3030,9:00 AM,4.1,28,yes,3,https://emintegrators.com/,,cold
Fusion Home Systems,Las Vegas,NV,89118,Clark County,+1 702-240-6399,9:00 AM,,0,no,2,http://fusionsystemslv.com/contact,,cold
Jc Enterprise LLC,Las Vegas,NV,89131,Clark County,+1 702-793-0591,9:00 AM,5.0,4,yes,1,https://www.jcenterpriselv.com/,,cold
The Wolf AV,Las Vegas,NV,89118,Clark County,+1 702-321-6213,9:00 AM,,0,no,1,http://thewolfav.com/,,cold
Millennium Systems & Integrations,Las Vegas,NV,89149,Clark County,+1 702-396-0662,9:00 AM,5.0,2,yes,1,http://www.msilv.com/,,cold
Audio Integrations Inc,Las Vegas,NV,89113,Clark County,+1 702-657-6666,9:00 AM,5.0,1,yes,1,http://www.audiointegrations.com/,,cold
Access Control Technologies,Las Vegas,NV,89128,Clark County,+1 702-850-8350,9:00 AM,4.9,29,yes,1,http://www.accesscontrol.tech/,,cold
Premiertek Solutions LLC,Las Vegas,NV,89120,Clark County,+1 702-600-2385,9:00 AM,5.0,16,yes,1,https://premierteksolutions.com/,,cold
Luxury Electronics Inc.,Las Vegas,NV,89118,Clark County,+1 702-508-0708,9:00 AM,5.0,7,yes,1,http://www.luxuryelectronicsinc.com/,,cold
AV Technology Systems,Las Vegas,NV,89103,Clark County,+1 702-744-7779,9:00 AM,2.0,1,yes,1,http://avtechsys.com/,,cold
Immersive AV,Las Vegas,NV,89103,Clark County,+1 702-296-4981,9:00 AM,5.0,19,yes,1,https://www.immersive.vegas/,,cold
"Eighteen Group, LLC",Damascus,OR,97089,Clackamas County,+1 503-515-1192,9:00 AM,4.8,25,yes,1,https://www.eighteengroup.com/,,cold
Expert Smart Homes,Vancouver,WA,98662,Clark County,+1 971-303-8544,9:00 AM,5.0,11,yes,1,http://www.expertsmarthomes.com/,,cold
Velara,Clackamas,OR,97015,Clackamas County,+1 503-506-0586,9:00 AM,5.0,18,yes,1,http://www.experiencevelara.com/,,cold
Pro Tech Solutions,Beaverton,OR,97008,Washington County,+1 503-747-4872,9:00 AM,4.1,13,yes,1,http://protechpdx.com/,,cold
Evolved Home,Milwaukie,OR,97222,Clackamas County,+1 888-908-6649,9:00 AM,5.0,4,yes,1,http://www.evolved-home.com/,,cold
Wolf AV,Camas,WA,98607,Clark County,+1 877-965-3284,9:00 AM,4.7,22,yes,1,https://wolfav.com/,,cold
Ohm Systems: A Christenson Company,Portland,OR,97214,Multnomah County,+1 503-484-5700,9:00 AM,4.8,4,yes,1,http://www.ohmsystems.com/,,cold
"Current Home Technologies, llc",Vancouver,WA,98660,Clark County,+1 360-859-3487,9:00 AM,4.4,24,yes,1,http://www.currenthometechnologies.com/,,cold
"Prime Integration Systems, Inc",Portland,OR,97236,Multnomah County,+1 503-720-4167,9:00 AM,5.0,7,yes,1,https://www.primeintegrationsystems.com/,,cold
Myriad Home Entertainment Solutions,West Linn,OR,97068,Clackamas County,+1 503-722-8180,9:00 AM,5.0,22,yes,1,http://www.myriadhes.com/,,cold
"AK Systems, LLC",Portland,OR,97229,Washington County,+1 503-880-3995,9:00 AM,,0,no,1,https://ak.systems/,,cold
"Technology First, LLC",Portland,OR,97211,Multnomah County,+1 971-255-8463,9:00 AM,4.2,10,yes,1,https://www.technologyfirstllcportland.com/,,cold
IOTAS Home,Portland,OR,97209,Multnomah County,+1 503-822-3500,9:00 AM,3.0,10,yes,1,https://www.iotashome.com/,,cold
Homesafe Living Solutions,Damascus,OR,97089,Clackamas County,+1 503-212-6488,9:00 AM,5.0,4,yes,1,http://homesafelivingsolutions.com/,,cold
"Myers Kent Industries, Inc. (formerly Myers Electric and Automation Inc.)",Vancouver,WA,98661,Clark County,+1 503-395-7665,9:00 AM,5.0,5,yes,1,http://myerskent.com/,,cold
R&S Automation Inc.,Portland,OR,97266,Multnomah County,+1 877-388-4001,9:00 AM,4.8,4,yes,1,http://www.rsoperators.com/,,cold
Quality Install,Oregon City,OR,97045,Clackamas County,+1 971-484-3630,9:00 AM,5.0,3,yes,1,https://quality-install.com/,,cold
Cook Solutions Group,Portland,OR,97220,Multnomah County,+1 844-305-2665,9:00 AM,3.2,15,yes,1,https://www.cooksolutionsgroup.com/,,cold
Bastian Solutions Oregon,Portland,OR,97212,Multnomah County,+1 800-426-9806,9:00 AM,,0,no,1,https://toyota-automated-logistics.com/,,cold
Huser Integrated Technologies,Portland,OR,97209,Multnomah County,+1 503-227-6688,9:00 AM,5.0,4,yes,1,http://www.huserintegrated.com/,,cold
Central Electronic Alarm Inc,Portland,OR,97216,Multnomah County,+1 503-257-9696,9:00 AM,4.6,19,yes,1,http://www.centralelectronicalarm.com/,,cold
Omni Wire Security | Security System Installation Portland,Portland,OR,97233,Multnomah County,+1 503-906-6355,9:00 AM,5.0,16,yes,1,http://omniwireinc.com/,,cold
Sera Custom Integrators,Bend,OR,97702,Deschutes County,+1 541-382-9062,9:00 AM,5.0,25,yes,1,https://www.seracustomintegrators.com/,,cold
Key Code Media,Portland,OR,97201,Multnomah County,+1 866-539-2633,9:00 AM,,0,no,1,https://www.keycodemedia.com/,,cold
People's AV Company,Portland,OR,97214,Multnomah County,+1 503-933-5116,9:00 AM,5.0,6,yes,1,http://www.peoplesav.com/,,cold
Pro Connect Group,Portland,OR,97206,Clackamas County,+1 503-343-9700,9:00 AM,5.0,6,yes,1,https://www.pcg.live/,,cold
AV Awakenings,Lake Oswego,OR,97034,Clackamas County,+1 503-941-0150,9:00 AM,5.0,3,yes,1,https://avawakenings.com/,,cold
Seamless Event Solutions,Portland,OR,97214,Multnomah County,+1 503-230-0222,9:00 AM,5.0,2,yes,1,http://www.seamlessevents.com/,,cold
"ETech Integration, LLC",San Antonio,TX,78216,Bexar County,+1 210-342-8821,11:00 AM,5.0,2,yes,1,http://www.etechintegration.com/,,cold
System Works Inc,Helotes,TX,78023,Bexar County,+1 210-682-0905,11:00 AM,5.0,1,yes,1,http://systemworkshometheatre.com/,,cold
MR Home Automation,Kerrville,TX,78028,Kerr County,+1 830-955-2018,11:00 AM,5.0,12,yes,1,http://www.mrhomeav.com/,,cold
"RTH Automation, Inc.",San Antonio,TX,78219,Bexar County,+1 210-310-3660,11:00 AM,5.0,1,yes,1,http://www.rthautomation.com/,,cold
"Alarm Consult - Home Security in San Antonio, Texas",San Antonio,TX,78258,Bexar County,+1 210-317-1194,11:00 AM,4.9,21,yes,1,https://alarmconsult.com/,,cold
Home Technology Group,San Antonio,TX,78216,Bexar County,+1 210-341-7020,11:00 AM,5.0,3,yes,2,http://www.satheater.com/,,cold
"Automation Designs, Inc.",San Marcos,TX,78666,Guadalupe County,+1 512-396-1223,11:00 AM,5.0,3,yes,1,http://automationdesignsinc.com/,,cold
"Home on a Hill.LLC Lighting, Electric services & Home Automation",San Antonio,TX,78256,Bexar County,+1 210-998-0288,11:00 AM,5.0,4,yes,1,https://www.homeonahillsa.com/,,cold
TCL Tech Solutions,San Antonio,TX,78254,Bexar County,+1 210-995-8655,11:00 AM,5.0,1,yes,1,https://tcltechsolutions.com/,,cold
NOVA Integrated Systems,San Antonio,TX,78257,Bexar County,+1 855-485-6682,11:00 AM,5.0,1,yes,1,https://www.novaintegrated.co/,,cold
Rue Technologies,San Antonio,TX,78258,Bexar County,+1 833-753-6200,11:00 AM,5.0,1,yes,1,http://ruetechnologies.com/,,cold
H3 Automation & Controls LLC,San Antonio,TX,78233,Bexar County,+1 260-242-1961,11:00 AM,5.0,1,yes,1,http://h3automationcontrols.com/,,cold
Accurate Automation and Controls,San Antonio,TX,78217,Bexar County,+1 949-864-9322,11:00 AM,5.0,15,yes,1,https://www.aac-tx.com/,,cold
San Antonio Alarm Company Inc.,San Antonio,TX,78232,Bexar County,+1 210-701-4113,11:00 AM,5.0,13,yes,1,http://sanantonioalarmcompany.com/,,cold
JV Solutions TX LLC,San Antonio,TX,78203,Bexar County,+1 210-937-2461,11:00 AM,5.0,12,yes,1,http://www.jvsolutionstx.com/,,cold
CG Smart Home,San Antonio,TX,78216,Bexar County,+1 210-609-1261,11:00 AM,,0,no,1,https://www.cgsmarthome.com/,,cold
Integral AV Solutions,San Antonio,TX,78216,Bexar County,+1 210-375-3525,11:00 AM,4.9,19,yes,1,https://www.integral-av.com/,,cold
"Fortress Link Security & Integration, LLC",San Antonio,TX,78266,Comal County,+1 210-876-4857,11:00 AM,5.0,2,yes,1,https://www.fortresslinksecurity.com/,,cold
Tower Electric,San Antonio,TX,78219,Bexar County,+1 210-590-7333,11:00 AM,3.6,20,yes,1,http://towerelectric.net/,,cold
Mimis Audio & Video,San Antonio,TX,78216,Bexar County,+1 210-289-4432,11:00 AM,5.0,4,yes,1,http://sanantonioaudiovideo.com/,,cold
Home Theater Installation,San Antonio,TX,78212,Bexar County,+1 210-942-9799,11:00 AM,,0,no,1,https://www.sanantoniohometheaterinstallationpros.com/about-us,,cold
Alamo TV Mounting Service,San Antonio,TX,78202,Bexar County,+1 210-741-8121,11:00 AM,4.6,10,yes,1,https://alamotvmountingservice.com/,,cold
Audio Geeks,San Antonio,TX,78249,Bexar County,+1 800-464-1540,11:00 AM,5.0,29,yes,1,http://www.audiogeeks.com/,,cold
Direct Motion Technologies,San Antonio,TX,78205,Bexar County,+1 210-884-6403,11:00 AM,4.2,29,yes,1,http://www.directmotiontechnologies.com/,,cold
San Antonio Sound & Light,San Antonio,TX,78216,Bexar County,+1 210-524-3910,11:00 AM,4.6,21,yes,1,https://www.saslonline.com/,,cold
Texas AVL,San Antonio,TX,78205,Bexar County,+1 210-759-9454,11:00 AM,5.0,11,yes,1,http://www.texasavl.com/,,cold
SAT Audio Visual,San Antonio,TX,78216,Bexar County,+1 210-314-1004,11:00 AM,5.0,10,yes,1,https://www.sataudiovisualtx.com/,,cold
Miller AV & Automation,Fair Oaks,CA,95628,Sacramento County,+1 916-337-4993,9:00 AM,5.0,2,yes,1,http://millerava.com/,,cold
Phat Phlavas Ent LLC,Sacramento,CA,95842,Sacramento County,+1 916-538-9744,9:00 AM,5.0,23,yes,1,http://phatphlavasent.com/tv-installation,,cold
"Specialized Audio & Video, Inc.",Sacramento,CA,95814,Sacramento County,+1 916-797-6332,9:00 AM,5.0,1,yes,1,https://specializedav.com/,,cold
Hood Branco Innovations Inc,Rocklin,CA,95677,Placer County,+1 855-632-6272,9:00 AM,5.0,21,yes,1,https://www.hb-innovations.com/?utm_source=gbp&utm_medium=organic&utm_campaign=gbp-listing,,cold
Jetson Home - Sacramento,West Sacramento,CA,95691,Yolo County,+1 888-996-5876,9:00 AM,5.0,5,yes,1,https://jetsonhome.com/us/ca/sacramento-central-heat-pump?utm_source=google&utm_medium=organic&utm_campaign=google-business-profile&utm_content=sacramento,,cold
Paradyme for Home | Outdoor,Sacramento,CA,95825,Sacramento County,+1 916-481-3900,9:00 AM,4.5,19,yes,1,https://www.paradyme.com/contact-us/,,cold
MSM Home Solutions Inc,Sacramento,CA,95841,Sacramento County,+1 916-203-6386,9:00 AM,5.0,26,yes,1,https://www.msmhomesolutions.com/,,cold
Astro Security Monitoring,Sacramento,CA,95822,Sacramento County,+1 916-252-9121,9:00 AM,5.0,30,yes,1,http://astrosecuritymonitoring.com/home,,cold
RTV ELECTRONICS,Carmichael,CA,95608,Sacramento County,+1 916-488-7878,9:00 AM,5.0,3,yes,1,http://rtvelectronics.com/,,cold
Capture Technologies a Division of IdentiSys,Citrus Heights,CA,95610,Sacramento County,+1 916-443-5050,9:00 AM,4.8,25,yes,1,https://www.capturet.com/,,cold
Gates & Controls,Sacramento,CA,95842,Sacramento County,+1 916-473-0623,9:00 AM,5.0,13,yes,1,http://www.gatesandcontrols.com/,,cold
"HCI Systems, Inc",Sacramento,CA,95834,Sacramento County,+1 877-331-2084,9:00 AM,3.0,2,yes,1,http://www.hcisystems.net/,,cold
Technology Integration Group,Sacramento,CA,95814,Sacramento County,+1 916-449-3902,9:00 AM,,0,no,1,https://www.tig.com/,,cold
Right Choice Pro Audio & Lighting,Sacramento,CA,95821,Sacramento County,+1 916-473-0643,9:00 AM,4.8,25,yes,1,https://rcproaudio.com/,,cold
MetroMedia Productions,Sacramento,CA,95834,Sacramento County,+1 916-924-8431,9:00 AM,5.0,8,yes,1,http://www.metromedia-productions.com/,,cold
IntegrateIT LLC,Overland Park,KS,66223,Johnson County,+1 913-804-7575,11:00 AM,5.0,27,yes,1,https://www.integrateit.tech/?utm_source=google&utm_medium=listings&utm_campaign=organic,,cold
Custom Connections LLC,Lee's Summit,MO,64086,Jackson County,+1 816-210-7575,11:00 AM,5.0,24,yes,1,http://customconnectionsav.com/,,cold
Naturally Wired,Overland Park,KS,66085,Johnson County,+1 913-385-9926,11:00 AM,4.7,11,yes,1,http://www.naturallywiredkc.com/,,cold
Homedia Solutions,Shawnee,KS,66218,Johnson County,+1 913-708-2284,11:00 AM,4.6,29,yes,1,http://www.homediasolutions.com/,,cold
MAVi,Shawnee,KS,66227,Johnson County,+1 913-499-6953,11:00 AM,5.0,6,yes,1,http://mavi-systems.com/,,cold
Elevated Electronics,Overland Park,KS,66212,Johnson County,+1 913-948-6000,11:00 AM,4.5,23,yes,1,https://www.elevatedelectronics.com/,,cold
Automated Lifestyles,Kansas City,MO,64119,Clay County,+1 816-591-8936,11:00 AM,,0,no,1,http://www.technologykc.com/,,cold
Denizen,Olathe,KS,66062,Johnson County,+1 913-663-3366,11:00 AM,4.8,17,yes,1,http://www.denizenhome.com/,,cold
Fits Security and Technology Solutions,Lenexa,KS,66219,Johnson County,+1 844-314-3487,11:00 AM,4.6,14,yes,1,https://www.fitssecurity.com/,,cold
"KC Tech Systems, LLC",Kansas City,MO,64153,Platte County,+1 816-997-9544,11:00 AM,,0,no,1,http://kctechsystems.com/,,cold
Elite Automation,Overland Park,KS,66212,Johnson County,+1 913-766-2188,11:00 AM,5.0,1,yes,1,http://www.eliteautomate.com/,,cold
Modern Power & Control,Lenexa,KS,66215,Johnson County,+1 913-489-8484,11:00 AM,3.0,2,yes,1,https://www.modernpac.com/about-us/,,cold
Audio Innovations Inc.,Kansas City,MO,64155,Clay County,+1 816-420-0400,11:00 AM,4.4,27,yes,1,http://audioinnovationsinc.com/,,cold
TW Automation,Kansas City,KS,66106,Wyandotte County,+1 913-303-9700,11:00 AM,3.7,6,yes,1,https://www.tw-automation.com/,,cold
System Integration Group,Pleasant Valley,MO,64068,Clay County,+1 816-415-0203,11:00 AM,5.0,2,yes,1,http://www.systemig.com/,,cold
GENESYS Systems Integrator,Kansas City,MO,64132,Jackson County,+1 816-525-7701,11:00 AM,4.6,14,yes,1,http://www.genesyscorp.net/,,cold
Apex HomeTek,Kansas City,MO,64108,Jackson County,+1 913-285-5790,11:00 AM,5.0,12,yes,1,https://apexhometek.com/,,cold
CaTia Integrated Systems,Independence,MO,64055,Jackson County,+1 816-642-2593,11:00 AM,4.8,22,yes,1,https://www.catiais.com/,,cold
ICT Home Pros,Kansas City,MO,64102,Jackson County,+1 913-343-2703,11:00 AM,5.0,3,yes,1,https://icthomepros.com/,,cold
Vivint Smart Home KC,Kansas City,MO,64110,Jackson County,+1 816-403-8559,11:00 AM,1.0,9,yes,1,https://www.vivintsmarthomekc.com/,,cold
Network Solutions,Kansas City,KS,66103,Wyandotte County,+1 913-444-5457,11:00 AM,4.4,9,yes,1,http://www.networksolutionsks.com/,,cold
Central States Security,Kansas City,MO,64106,Jackson County,+1 913-208-5045,11:00 AM,5.0,13,yes,1,http://www.kcsecuritycams.com/,,cold
Xakia Technologies,Kansas City,MO,64112,Jackson County,+1 816-208-0621,11:00 AM,5.0,2,yes,1,https://www.xakiatech.com/?utm_source=google_mybusiness&utm_medium=organic&utm_campaign=main_us,,cold
Rensenhouse Industrial Solutions,Kansas City,MO,64132,Jackson County,+1 816-421-7350,11:00 AM,4.4,29,yes,1,https://www.industrialsolutionsnetwork.com/Rensenhousekansascity/,,cold
Healthcare Integrations,Kansas City,MO,64154,Platte County,+1 816-399-5225,11:00 AM,,0,no,1,https://www.healthcareintegrations.com/,,cold
AVI-SPL,Overland Park,KS,66210,Johnson County,+1 800-882-7779,11:00 AM,4.8,5,yes,1,https://avispl.com/,,cold
Level Up AV,Kansas City,MO,64109,Jackson County,+1 816-601-3865,11:00 AM,4.2,5,yes,1,http://www.levelupav.com/,,cold
Paradise Productions KC,North Kansas City,MO,64116,Clay County,+1 816-854-0072,11:00 AM,4.9,30,yes,1,https://paradiseproductionskc.com/?utm_source=Google+My+Business&utm_medium=Website+Link+Button&utm_campaign=Paradise+GMB+Web+Link&utm_id=Google+My+Business+Listing,,cold
Brickwall Solutions,Kansas City,MO,64112,Jackson County,+1 816-608-8500,11:00 AM,5.0,7,yes,1,http://brickwallkc.com/,,cold
NerdTech Ai,Independence,MO,64055,Jackson County,+1 816-368-8949,11:00 AM,5.0,28,yes,1,http://www.nerdtech.ai/,,cold
Tricension,Kansas City,MO,64116,Clay County,+1 888-485-1920,11:00 AM,4.8,19,yes,1,https://www.tricension.com/,,cold
Office Installation Company Inc.,North Kansas City,MO,64116,Clay County,+1 816-471-5400,11:00 AM,5.0,6,yes,1,http://www.officeinstallationcompany.com/,,cold
Kansas City Installers,Kansas City,MO,64109,Jackson County,+1 816-756-2613,11:00 AM,4.9,16,yes,1,http://www.kcofficeinstallers.com/,,cold
Ascend Audio Video,Olathe,KS,66062,Johnson County,+1 913-972-2317,11:00 AM,4.8,13,yes,1,https://ascendav.net/,,cold
The Sound Environment,Kansas City,MO,64108,Jackson County,+1 816-678-5740,11:00 AM,4.8,13,yes,1,http://www.soundenvironment.com/,,cold
Acvstica Audio,Kansas City,MO,64101,Jackson County,+1 913-243-5913,11:00 AM,5.0,1,yes,1,http://www.acvstica.com/,,cold
